,City,Date,Daily Mean PM2.5 Concentration,State,Local Site Name,0 filters,10 filters,100 filters,1000 filters
0,Chicago,01/01/2025,3.3,Illinois,VILLAGE GARAGE,3.3,3.27459,3.1112399999999996,2.53737
1,Chicago,01/07/2025,5.4,Illinois,VILLAGE GARAGE,5.4,5.35842,5.09112,4.1520600000000005
2,Chicago,01/13/2025,3.5,Illinois,VILLAGE GARAGE,3.5,3.4730499999999997,3.2998,2.69115
3,Chicago,01/19/2025,3.7,Illinois,VILLAGE GARAGE,3.7,3.67151,3.48836,2.84493
4,Chicago,01/25/2025,4.5,Illinois,VILLAGE GARAGE,4.5,4.46535,4.2425999999999995,3.4600500000000003
5,Chicago,01/31/2025,7.1,Illinois,VILLAGE GARAGE,7.1,7.045329999999999,6.693879999999999,5.4591899999999995
6,Chicago,01/01/2025,6.2,Illinois,VILLAGE GARAGE,6.2,6.15226,5.84536,4.767180000000001
7,Chicago,01/02/2025,4.0,Illinois,VILLAGE GARAGE,4.0,3.9692,3.7712,3.0756
8,Chicago,01/03/2025,3.5,Illinois,VILLAGE GARAGE,3.5,3.4730499999999997,3.2998,2.69115
9,Chicago,01/04/2025,2.2,Illinois,VILLAGE GARAGE,2.2,2.1830600000000002,2.07416,1.6915800000000003
10,Chicago,01/05/2025,3.2,Illinois,VILLAGE GARAGE,3.2,3.17536,3.01696,2.4604800000000004
11,Chicago,01/06/2025,5.7,Illinois,VILLAGE GARAGE,5.7,5.65611,5.37396,4.3827300000000005
12,Chicago,01/24/2025,7.1,Illinois,VILLAGE GARAGE,7.1,7.045329999999999,6.693879999999999,5.4591899999999995
13,Chicago,01/25/2025,5.5,Illinois,VILLAGE GARAGE,5.5,5.45765,5.1854,4.22895
14,Chicago,01/26/2025,4.4,Illinois,VILLAGE GARAGE,4.4,4.3661200000000004,4.14832,3.3831600000000006
15,Chicago,01/27/2025,4.6,Illinois,VILLAGE GARAGE,4.6,4.564579999999999,4.33688,3.53694
16,Chicago,01/28/2025,4.0,Illinois,VILLAGE GARAGE,4.0,3.9692,3.7712,3.0756
17,Chicago,01/29/2025,3.9,Illinois,VILLAGE GARAGE,3.9,3.86997,3.67692,2.99871
18,Chicago,01/30/2025,7.9,Illinois,VILLAGE GARAGE,7.9,7.83917,7.44812,6.0743100000000005
19,Chicago,01/31/2025,8.5,Illinois,VILLAGE GARAGE,8.5,8.43455,8.0138,6.53565
20,Chicago,02/01/2025,2.9,Illinois,VILLAGE GARAGE,2.9,2.8776699999999997,2.73412,2.22981
21,Chicago,02/02/2025,12.1,Illinois,VILLAGE GARAGE,12.1,12.006829999999999,11.407879999999999,9.30369
22,Chicago,02/03/2025,9.6,Illinois,VILLAGE GARAGE,9.6,9.526079999999999,9.05088,7.38144
23,Chicago,02/04/2025,3.1,Illinois,VILLAGE GARAGE,3.1,3.07613,2.92268,2.3835900000000003
24,Chicago,02/05/2025,6.6,Illinois,VILLAGE GARAGE,6.6,6.54918,6.222479999999999,5.07474
25,Chicago,02/06/2025,6.5,Illinois,VILLAGE GARAGE,6.5,6.449949999999999,6.1282,4.997850000000001
26,Chicago,02/07/2025,4.7,Illinois,VILLAGE GARAGE,4.7,4.66381,4.43116,3.61383
27,Chicago,02/08/2025,8.5,Illinois,VILLAGE GARAGE,8.5,8.43455,8.0138,6.53565
28,Chicago,02/09/2025,7.0,Illinois,VILLAGE GARAGE,7.0,6.9460999999999995,6.5996,5.3823
29,Chicago,02/10/2025,6.6,Illinois,VILLAGE GARAGE,6.6,6.54918,6.222479999999999,5.07474
30,Chicago,02/11/2025,6.9,Illinois,VILLAGE GARAGE,6.9,6.84687,6.50532,5.30541
31,Chicago,02/12/2025,10.7,Illinois,VILLAGE GARAGE,10.7,10.617609999999999,10.087959999999999,8.22723
32,Chicago,02/13/2025,7.3,Illinois,VILLAGE GARAGE,7.3,7.24379,6.88244,5.61297
33,Chicago,02/14/2025,9.7,Illinois,VILLAGE GARAGE,9.7,9.625309999999999,9.145159999999999,7.45833
34,Chicago,02/15/2025,13.7,Illinois,VILLAGE GARAGE,13.7,13.594509999999998,12.91636,10.53393
35,Chicago,02/16/2025,5.6,Illinois,VILLAGE GARAGE,5.6,5.55688,5.27968,4.30584
36,Chicago,02/17/2025,4.3,Illinois,VILLAGE GARAGE,4.3,4.26689,4.05404,3.30627
37,Chicago,02/18/2025,4.5,Illinois,VILLAGE GARAGE,4.5,4.46535,4.2425999999999995,3.4600500000000003
38,Chicago,02/19/2025,4.2,Illinois,VILLAGE GARAGE,4.2,4.16766,3.95976,3.2293800000000004
39,Chicago,02/20/2025,5.3,Illinois,VILLAGE GARAGE,5.3,5.259189999999999,4.99684,4.07517
40,Chicago,02/21/2025,7.9,Illinois,VILLAGE GARAGE,7.9,7.83917,7.44812,6.0743100000000005
41,Chicago,02/22/2025,7.3,Illinois,VILLAGE GARAGE,7.3,7.24379,6.88244,5.61297
42,Chicago,02/23/2025,12.0,Illinois,VILLAGE GARAGE,12.0,11.907599999999999,11.3136,9.2268
43,Chicago,02/24/2025,9.2,Illinois,VILLAGE GARAGE,9.2,9.129159999999999,8.67376,7.07388
44,Chicago,02/25/2025,10.6,Illinois,VILLAGE GARAGE,10.6,10.518379999999999,9.99368,8.15034
45,Chicago,02/26/2025,12.8,Illinois,VILLAGE GARAGE,12.8,12.70144,12.06784,9.841920000000002
46,Chicago,02/27/2025,10.4,Illinois,VILLAGE GARAGE,10.4,10.31992,9.80512,7.996560000000001
47,Chicago,02/28/2025,3.5,Illinois,VILLAGE GARAGE,3.5,3.4730499999999997,3.2998,2.69115
48,Chicago,03/01/2025,3.5,Illinois,VILLAGE GARAGE,3.5,3.4730499999999997,3.2998,2.69115
49,Chicago,03/02/2025,5.9,Illinois,VILLAGE GARAGE,5.9,5.85457,5.56252,4.536510000000001
50,Chicago,03/03/2025,7.9,Illinois,VILLAGE GARAGE,7.9,7.83917,7.44812,6.0743100000000005
51,Chicago,03/04/2025,7.5,Illinois,VILLAGE GARAGE,7.5,7.44225,7.071,5.76675
52,Chicago,03/05/2025,3.5,Illinois,VILLAGE GARAGE,3.5,3.4730499999999997,3.2998,2.69115
53,Chicago,03/06/2025,2.8,Illinois,VILLAGE GARAGE,2.8,2.77844,2.63984,2.15292
54,Chicago,03/07/2025,8.7,Illinois,VILLAGE GARAGE,8.7,8.633009999999999,8.202359999999999,6.68943
55,Chicago,03/08/2025,6.4,Illinois,VILLAGE GARAGE,6.4,6.35072,6.03392,4.920960000000001
56,Chicago,03/09/2025,4.5,Illinois,VILLAGE GARAGE,4.5,4.46535,4.2425999999999995,3.4600500000000003
57,Chicago,03/10/2025,4.8,Illinois,VILLAGE GARAGE,4.8,4.763039999999999,4.52544,3.69072
58,Chicago,03/11/2025,4.0,Illinois,VILLAGE GARAGE,4.0,3.9692,3.7712,3.0756
59,Chicago,03/12/2025,5.4,Illinois,VILLAGE GARAGE,5.4,5.35842,5.09112,4.1520600000000005
60,Chicago,03/13/2025,13.3,Illinois,VILLAGE GARAGE,13.3,13.19759,12.53924,10.226370000000001
61,Chicago,03/14/2025,11.8,Illinois,VILLAGE GARAGE,11.8,11.70914,11.12504,9.073020000000001
62,Chicago,03/15/2025,25.3,Illinois,VILLAGE GARAGE,25.3,25.10519,23.85284,19.45317
63,Chicago,03/16/2025,4.5,Illinois,VILLAGE GARAGE,4.5,4.46535,4.2425999999999995,3.4600500000000003
64,Chicago,03/17/2025,4.2,Illinois,VILLAGE GARAGE,4.2,4.16766,3.95976,3.2293800000000004
65,Chicago,03/18/2025,4.6,Illinois,VILLAGE GARAGE,4.6,4.564579999999999,4.33688,3.53694
66,Chicago,03/19/2025,5.7,Illinois,VILLAGE GARAGE,5.7,5.65611,5.37396,4.3827300000000005
67,Chicago,03/20/2025,4.2,Illinois,VILLAGE GARAGE,4.2,4.16766,3.95976,3.2293800000000004
68,Chicago,03/21/2025,5.1,Illinois,VILLAGE GARAGE,5.1,5.0607299999999995,4.80828,3.9213899999999997
69,Chicago,03/22/2025,4.4,Illinois,VILLAGE GARAGE,4.4,4.3661200000000004,4.14832,3.3831600000000006
70,Chicago,03/23/2025,5.2,Illinois,VILLAGE GARAGE,5.2,5.15996,4.90256,3.9982800000000003
71,Chicago,03/24/2025,4.3,Illinois,VILLAGE GARAGE,4.3,4.26689,4.05404,3.30627
72,Chicago,03/25/2025,6.6,Illinois,VILLAGE GARAGE,6.6,6.54918,6.222479999999999,5.07474
73,Chicago,03/26/2025,15.2,Illinois,VILLAGE GARAGE,15.2,15.082959999999998,14.330559999999998,11.68728
74,Chicago,03/27/2025,9.4,Illinois,VILLAGE GARAGE,9.4,9.32762,8.86232,7.22766
75,Chicago,03/28/2025,7.4,Illinois,VILLAGE GARAGE,7.4,7.34302,6.97672,5.68986
76,Chicago,03/29/2025,7.1,Illinois,VILLAGE GARAGE,7.1,7.045329999999999,6.693879999999999,5.4591899999999995
77,Chicago,03/30/2025,5.4,Illinois,VILLAGE GARAGE,5.4,5.35842,5.09112,4.1520600000000005
78,Chicago,03/31/2025,3.6,Illinois,VILLAGE GARAGE,3.6,3.57228,3.3940799999999998,2.76804
79,Chicago,04/01/2025,5.0,Illinois,VILLAGE GARAGE,5.0,4.9615,4.7139999999999995,3.8445
80,Chicago,04/02/2025,7.2,Illinois,VILLAGE GARAGE,7.2,7.14456,6.7881599999999995,5.53608
81,Chicago,04/03/2025,5.2,Illinois,VILLAGE GARAGE,5.2,5.15996,4.90256,3.9982800000000003
82,Chicago,04/04/2025,6.3,Illinois,VILLAGE GARAGE,6.3,6.2514899999999995,5.93964,4.84407
83,Chicago,04/05/2025,4.7,Illinois,VILLAGE GARAGE,4.7,4.66381,4.43116,3.61383
84,Chicago,04/06/2025,4.6,Illinois,VILLAGE GARAGE,4.6,4.564579999999999,4.33688,3.53694
85,Chicago,04/07/2025,4.2,Illinois,VILLAGE GARAGE,4.2,4.16766,3.95976,3.2293800000000004
86,Chicago,04/08/2025,4.9,Illinois,VILLAGE GARAGE,4.9,4.8622700000000005,4.61972,3.7676100000000003
87,Chicago,04/09/2025,7.2,Illinois,VILLAGE GARAGE,7.2,7.14456,6.7881599999999995,5.53608
88,Chicago,04/10/2025,12.4,Illinois,VILLAGE GARAGE,12.4,12.30452,11.69072,9.534360000000001
89,Chicago,04/11/2025,10.4,Illinois,VILLAGE GARAGE,10.4,10.31992,9.80512,7.996560000000001
90,Chicago,04/12/2025,14.3,Illinois,VILLAGE GARAGE,14.3,14.18989,13.48204,10.995270000000001
91,Chicago,04/13/2025,7.4,Illinois,VILLAGE GARAGE,7.4,7.34302,6.97672,5.68986
92,Chicago,04/14/2025,5.1,Illinois,VILLAGE GARAGE,5.1,5.0607299999999995,4.80828,3.9213899999999997
93,Chicago,04/15/2025,2.6,Illinois,VILLAGE GARAGE,2.6,2.57998,2.45128,1.9991400000000001
94,Chicago,04/16/2025,4.4,Illinois,VILLAGE GARAGE,4.4,4.3661200000000004,4.14832,3.3831600000000006
95,Chicago,04/17/2025,7.6,Illinois,VILLAGE GARAGE,7.6,7.541479999999999,7.165279999999999,5.84364
96,Chicago,04/18/2025,12.2,Illinois,VILLAGE GARAGE,12.2,12.10606,11.502159999999998,9.38058
97,Chicago,04/19/2025,7.9,Illinois,VILLAGE GARAGE,7.9,7.83917,7.44812,6.0743100000000005
98,Chicago,04/20/2025,7.6,Illinois,VILLAGE GARAGE,7.6,7.541479999999999,7.165279999999999,5.84364
99,Chicago,04/21/2025,2.8,Illinois,VILLAGE GARAGE,2.8,2.77844,2.63984,2.15292
100,Chicago,04/22/2025,5.7,Illinois,VILLAGE GARAGE,5.7,5.65611,5.37396,4.3827300000000005
101,Chicago,04/23/2025,5.2,Illinois,VILLAGE GARAGE,5.2,5.15996,4.90256,3.9982800000000003
102,Chicago,04/24/2025,8.8,Illinois,VILLAGE GARAGE,8.8,8.732240000000001,8.29664,6.766320000000001
103,Chicago,04/25/2025,5.8,Illinois,VILLAGE GARAGE,5.8,5.7553399999999995,5.46824,4.45962
104,Chicago,04/26/2025,2.7,Illinois,VILLAGE GARAGE,2.7,2.67921,2.54556,2.0760300000000003
105,Chicago,04/27/2025,6.4,Illinois,VILLAGE GARAGE,6.4,6.35072,6.03392,4.920960000000001
106,Chicago,04/28/2025,7.5,Illinois,VILLAGE GARAGE,7.5,7.44225,7.071,5.76675
107,Chicago,04/29/2025,5.2,Illinois,VILLAGE GARAGE,5.2,5.15996,4.90256,3.9982800000000003
108,Chicago,04/30/2025,4.8,Illinois,VILLAGE GARAGE,4.8,4.763039999999999,4.52544,3.69072
109,Chicago,05/01/2025,6.9,Illinois,VILLAGE GARAGE,6.9,6.84687,6.50532,5.30541
110,Chicago,05/02/2025,5.3,Illinois,VILLAGE GARAGE,5.3,5.259189999999999,4.99684,4.07517
111,Chicago,05/03/2025,3.2,Illinois,VILLAGE GARAGE,3.2,3.17536,3.01696,2.4604800000000004
112,Chicago,05/04/2025,2.8,Illinois,VILLAGE GARAGE,2.8,2.77844,2.63984,2.15292
113,Chicago,05/05/2025,5.5,Illinois,VILLAGE GARAGE,5.5,5.45765,5.1854,4.22895
114,Chicago,05/06/2025,8.6,Illinois,VILLAGE GARAGE,8.6,8.53378,8.10808,6.61254
115,Chicago,05/07/2025,9.4,Illinois,VILLAGE GARAGE,9.4,9.32762,8.86232,7.22766
116,Chicago,05/08/2025,3.4,Illinois,VILLAGE GARAGE,3.4,3.37382,3.20552,2.61426
117,Chicago,05/09/2025,4.7,Illinois,VILLAGE GARAGE,4.7,4.66381,4.43116,3.61383
118,Chicago,05/10/2025,5.7,Illinois,VILLAGE GARAGE,5.7,5.65611,5.37396,4.3827300000000005
119,Chicago,05/11/2025,5.3,Illinois,VILLAGE GARAGE,5.3,5.259189999999999,4.99684,4.07517
120,Chicago,05/12/2025,9.0,Illinois,VILLAGE GARAGE,9.0,8.9307,8.485199999999999,6.920100000000001
121,Chicago,05/13/2025,7.2,Illinois,VILLAGE GARAGE,7.2,7.14456,6.7881599999999995,5.53608
122,Chicago,05/14/2025,9.2,Illinois,VILLAGE GARAGE,9.2,9.129159999999999,8.67376,7.07388
123,Chicago,05/15/2025,13.8,Illinois,VILLAGE GARAGE,13.8,13.69374,13.01064,10.61082
124,Chicago,05/16/2025,9.1,Illinois,VILLAGE GARAGE,9.1,9.029929999999998,8.57948,6.99699
125,Chicago,05/17/2025,2.5,Illinois,VILLAGE GARAGE,2.5,2.48075,2.3569999999999998,1.92225
126,Chicago,05/18/2025,3.5,Illinois,VILLAGE GARAGE,3.5,3.4730499999999997,3.2998,2.69115
127,Chicago,05/19/2025,2.8,Illinois,VILLAGE GARAGE,2.8,2.77844,2.63984,2.15292
128,Chicago,05/20/2025,5.5,Illinois,VILLAGE GARAGE,5.5,5.45765,5.1854,4.22895
129,Chicago,05/21/2025,4.6,Illinois,VILLAGE GARAGE,4.6,4.564579999999999,4.33688,3.53694
130,Chicago,05/22/2025,3.2,Illinois,VILLAGE GARAGE,3.2,3.17536,3.01696,2.4604800000000004
131,Chicago,05/23/2025,5.1,Illinois,VILLAGE GARAGE,5.1,5.0607299999999995,4.80828,3.9213899999999997
132,Chicago,05/24/2025,3.8,Illinois,VILLAGE GARAGE,3.8,3.7707399999999995,3.5826399999999996,2.92182
133,Chicago,05/25/2025,3.5,Illinois,VILLAGE GARAGE,3.5,3.4730499999999997,3.2998,2.69115
134,Chicago,05/26/2025,4.3,Illinois,VILLAGE GARAGE,4.3,4.26689,4.05404,3.30627
135,Chicago,05/27/2025,5.2,Illinois,VILLAGE GARAGE,5.2,5.15996,4.90256,3.9982800000000003
136,Chicago,05/28/2025,7.0,Illinois,VILLAGE GARAGE,7.0,6.9460999999999995,6.5996,5.3823
137,Chicago,05/29/2025,10.2,Illinois,VILLAGE GARAGE,10.2,10.121459999999999,9.61656,7.842779999999999
138,Chicago,05/30/2025,12.5,Illinois,VILLAGE GARAGE,12.5,12.403749999999999,11.785,9.61125
139,Chicago,05/31/2025,9.7,Illinois,VILLAGE GARAGE,9.7,9.625309999999999,9.145159999999999,7.45833
140,Chicago,06/01/2025,9.0,Illinois,VILLAGE GARAGE,9.0,8.9307,8.485199999999999,6.920100000000001
141,Chicago,06/02/2025,9.6,Illinois,VILLAGE GARAGE,9.6,9.526079999999999,9.05088,7.38144
142,Chicago,06/03/2025,14.6,Illinois,VILLAGE GARAGE,14.6,14.48758,13.76488,11.22594
143,Chicago,06/04/2025,19.4,Illinois,VILLAGE GARAGE,19.4,19.250619999999998,18.290319999999998,14.91666
144,Chicago,06/05/2025,49.0,Illinois,VILLAGE GARAGE,49.0,48.622699999999995,46.197199999999995,37.6761
145,Chicago,06/06/2025,37.2,Illinois,VILLAGE GARAGE,37.2,36.913560000000004,35.072160000000004,28.603080000000002
146,Chicago,06/07/2025,26.0,Illinois,VILLAGE GARAGE,26.0,25.799799999999998,24.5128,19.991400000000002
147,Chicago,06/08/2025,23.7,Illinois,VILLAGE GARAGE,23.7,23.517509999999998,22.344359999999998,18.22293
148,Chicago,06/09/2025,17.3,Illinois,VILLAGE GARAGE,17.3,17.16679,16.31044,13.30197
149,Chicago,06/10/2025,17.2,Illinois,VILLAGE GARAGE,17.2,17.06756,16.21616,13.22508
150,Chicago,06/11/2025,21.5,Illinois,VILLAGE GARAGE,21.5,21.33445,20.2702,16.53135
151,Chicago,06/12/2025,27.4,Illinois,VILLAGE GARAGE,27.4,27.189019999999996,25.83272,21.06786
152,Chicago,06/13/2025,29.2,Illinois,VILLAGE GARAGE,29.2,28.97516,27.52976,22.45188
153,Chicago,06/14/2025,15.6,Illinois,VILLAGE GARAGE,15.6,15.47988,14.70768,11.99484
154,Chicago,06/15/2025,11.8,Illinois,VILLAGE GARAGE,11.8,11.70914,11.12504,9.073020000000001
155,Chicago,06/16/2025,15.9,Illinois,VILLAGE GARAGE,15.9,15.777569999999999,14.99052,12.22551
156,Chicago,06/17/2025,7.6,Illinois,VILLAGE GARAGE,7.6,7.541479999999999,7.165279999999999,5.84364
157,Chicago,06/18/2025,6.4,Illinois,VILLAGE GARAGE,6.4,6.35072,6.03392,4.920960000000001
158,Chicago,06/19/2025,6.8,Illinois,VILLAGE GARAGE,6.8,6.74764,6.41104,5.22852
159,Chicago,06/20/2025,7.1,Illinois,VILLAGE GARAGE,7.1,7.045329999999999,6.693879999999999,5.4591899999999995
160,Chicago,06/21/2025,9.7,Illinois,VILLAGE GARAGE,9.7,9.625309999999999,9.145159999999999,7.45833
161,Chicago,06/22/2025,11.9,Illinois,VILLAGE GARAGE,11.9,11.80837,11.21932,9.14991
162,Chicago,06/23/2025,11.9,Illinois,VILLAGE GARAGE,11.9,11.80837,11.21932,9.14991
163,Chicago,06/24/2025,8.4,Illinois,VILLAGE GARAGE,8.4,8.33532,7.91952,6.458760000000001
164,Chicago,06/25/2025,8.5,Illinois,VILLAGE GARAGE,8.5,8.43455,8.0138,6.53565
165,Chicago,06/26/2025,9.8,Illinois,VILLAGE GARAGE,9.8,9.724540000000001,9.23944,7.535220000000001
166,Chicago,06/27/2025,6.4,Illinois,VILLAGE GARAGE,6.4,6.35072,6.03392,4.920960000000001
167,Chicago,06/28/2025,5.9,Illinois,VILLAGE GARAGE,5.9,5.85457,5.56252,4.536510000000001
168,Chicago,06/29/2025,7.4,Illinois,VILLAGE GARAGE,7.4,7.34302,6.97672,5.68986
169,Chicago,06/30/2025,5.5,Illinois,VILLAGE GARAGE,5.5,5.45765,5.1854,4.22895
170,Chicago,07/01/2025,8.2,Illinois,VILLAGE GARAGE,8.2,8.136859999999999,7.730959999999999,6.30498
171,Chicago,07/02/2025,12.5,Illinois,VILLAGE GARAGE,12.5,12.403749999999999,11.785,9.61125
172,Chicago,07/03/2025,11.2,Illinois,VILLAGE GARAGE,11.2,11.11376,10.55936,8.61168
173,Chicago,07/04/2025,19.4,Illinois,VILLAGE GARAGE,19.4,19.250619999999998,18.290319999999998,14.91666
174,Chicago,07/05/2025,15.4,Illinois,VILLAGE GARAGE,15.4,15.281419999999999,14.51912,11.84106
175,Chicago,07/06/2025,8.2,Illinois,VILLAGE GARAGE,8.2,8.136859999999999,7.730959999999999,6.30498
176,Chicago,07/07/2025,18.8,Illinois,VILLAGE GARAGE,18.8,18.65524,17.72464,14.45532
177,Chicago,07/08/2025,19.5,Illinois,VILLAGE GARAGE,19.5,19.34985,18.3846,14.99355
178,Chicago,07/09/2025,10.4,Illinois,VILLAGE GARAGE,10.4,10.31992,9.80512,7.996560000000001
179,Chicago,07/10/2025,8.9,Illinois,VILLAGE GARAGE,8.9,8.83147,8.39092,6.843210000000001
180,Chicago,07/11/2025,7.3,Illinois,VILLAGE GARAGE,7.3,7.24379,6.88244,5.61297
181,Chicago,07/12/2025,4.9,Illinois,VILLAGE GARAGE,4.9,4.8622700000000005,4.61972,3.7676100000000003
182,Chicago,07/13/2025,21.4,Illinois,VILLAGE GARAGE,21.4,21.235219999999998,20.175919999999998,16.45446
183,Chicago,07/14/2025,30.9,Illinois,VILLAGE GARAGE,30.9,30.662069999999996,29.13252,23.75901
184,Chicago,07/15/2025,18.5,Illinois,VILLAGE GARAGE,18.5,18.35755,17.4418,14.22465
185,Chicago,07/16/2025,6.8,Illinois,VILLAGE GARAGE,6.8,6.74764,6.41104,5.22852
186,Chicago,07/17/2025,3.2,Illinois,VILLAGE GARAGE,3.2,3.17536,3.01696,2.4604800000000004
187,Chicago,07/18/2025,6.2,Illinois,VILLAGE GARAGE,6.2,6.15226,5.84536,4.767180000000001
188,Chicago,07/19/2025,5.3,Illinois,VILLAGE GARAGE,5.3,5.259189999999999,4.99684,4.07517
189,Chicago,07/20/2025,7.6,Illinois,VILLAGE GARAGE,7.6,7.541479999999999,7.165279999999999,5.84364
190,Chicago,07/21/2025,24.2,Illinois,VILLAGE GARAGE,24.2,24.013659999999998,22.815759999999997,18.60738
191,Chicago,07/22/2025,25.0,Illinois,VILLAGE GARAGE,25.0,24.807499999999997,23.57,19.2225
192,Chicago,07/23/2025,15.9,Illinois,VILLAGE GARAGE,15.9,15.777569999999999,14.99052,12.22551
193,Chicago,07/24/2025,9.0,Illinois,VILLAGE GARAGE,9.0,8.9307,8.485199999999999,6.920100000000001
194,Chicago,07/25/2025,5.3,Illinois,VILLAGE GARAGE,5.3,5.259189999999999,4.99684,4.07517
195,Chicago,07/26/2025,5.9,Illinois,VILLAGE GARAGE,5.9,5.85457,5.56252,4.536510000000001
196,Chicago,07/27/2025,8.2,Illinois,VILLAGE GARAGE,8.2,8.136859999999999,7.730959999999999,6.30498
197,Chicago,07/28/2025,7.6,Illinois,VILLAGE GARAGE,7.6,7.541479999999999,7.165279999999999,5.84364
198,Chicago,07/29/2025,9.9,Illinois,VILLAGE GARAGE,9.9,9.82377,9.33372,7.61211
199,Chicago,07/30/2025,11.8,Illinois,VILLAGE GARAGE,11.8,11.70914,11.12504,9.073020000000001
200,Chicago,07/31/2025,58.1,Illinois,VILLAGE GARAGE,58.1,57.65263,54.77668,44.67309
201,Chicago,08/01/2025,44.0,Illinois,VILLAGE GARAGE,44.0,43.6612,41.4832,33.8316
202,Chicago,08/02/2025,23.6,Illinois,VILLAGE GARAGE,23.6,23.41828,22.25008,18.146040000000003
203,Chicago,08/03/2025,27.7,Illinois,VILLAGE GARAGE,27.7,27.48671,26.11556,21.29853
204,Chicago,08/04/2025,17.0,Illinois,VILLAGE GARAGE,17.0,16.8691,16.0276,13.0713
205,Chicago,08/05/2025,26.0,Illinois,VILLAGE GARAGE,26.0,25.799799999999998,24.5128,19.991400000000002
206,Chicago,08/06/2025,28.4,Illinois,VILLAGE GARAGE,28.4,28.181319999999996,26.775519999999997,21.836759999999998
207,Chicago,08/07/2025,12.8,Illinois,VILLAGE GARAGE,12.8,12.70144,12.06784,9.841920000000002
208,Chicago,08/08/2025,13.7,Illinois,VILLAGE GARAGE,13.7,13.594509999999998,12.91636,10.53393
209,Chicago,08/09/2025,11.7,Illinois,VILLAGE GARAGE,11.7,11.60991,11.030759999999999,8.996129999999999
210,Chicago,08/10/2025,9.2,Illinois,VILLAGE GARAGE,9.2,9.129159999999999,8.67376,7.07388
211,Chicago,08/11/2025,8.1,Illinois,VILLAGE GARAGE,8.1,8.03763,7.636679999999999,6.22809
212,Chicago,08/12/2025,8.1,Illinois,VILLAGE GARAGE,8.1,8.03763,7.636679999999999,6.22809
213,Chicago,08/13/2025,12.4,Illinois,VILLAGE GARAGE,12.4,12.30452,11.69072,9.534360000000001
214,Chicago,08/14/2025,18.6,Illinois,VILLAGE GARAGE,18.6,18.456780000000002,17.536080000000002,14.301540000000001
215,Chicago,08/15/2025,17.6,Illinois,VILLAGE GARAGE,17.6,17.464480000000002,16.59328,13.532640000000002
216,Chicago,08/16/2025,10.9,Illinois,VILLAGE GARAGE,10.9,10.81607,10.27652,8.38101
217,Chicago,08/17/2025,5.4,Illinois,VILLAGE GARAGE,5.4,5.35842,5.09112,4.1520600000000005
218,Chicago,08/18/2025,6.4,Illinois,VILLAGE GARAGE,6.4,6.35072,6.03392,4.920960000000001
219,Chicago,08/19/2025,5.1,Illinois,VILLAGE GARAGE,5.1,5.0607299999999995,4.80828,3.9213899999999997
220,Chicago,08/20/2025,3.0,Illinois,VILLAGE GARAGE,3.0,2.9768999999999997,2.8284,2.3067
221,Chicago,08/21/2025,3.4,Illinois,VILLAGE GARAGE,3.4,3.37382,3.20552,2.61426
222,Chicago,08/22/2025,7.3,Illinois,VILLAGE GARAGE,7.3,7.24379,6.88244,5.61297
223,Chicago,08/23/2025,5.1,Illinois,VILLAGE GARAGE,5.1,5.0607299999999995,4.80828,3.9213899999999997
224,Chicago,08/24/2025,3.3,Illinois,VILLAGE GARAGE,3.3,3.27459,3.1112399999999996,2.53737
225,Chicago,08/25/2025,3.1,Illinois,VILLAGE GARAGE,3.1,3.07613,2.92268,2.3835900000000003
226,Chicago,08/26/2025,4.6,Illinois,VILLAGE GARAGE,4.6,4.564579999999999,4.33688,3.53694
227,Chicago,08/27/2025,5.2,Illinois,VILLAGE GARAGE,5.2,5.15996,4.90256,3.9982800000000003
228,Chicago,08/28/2025,5.2,Illinois,VILLAGE GARAGE,5.2,5.15996,4.90256,3.9982800000000003
229,Chicago,08/29/2025,2.7,Illinois,VILLAGE GARAGE,2.7,2.67921,2.54556,2.0760300000000003
230,Chicago,08/30/2025,7.4,Illinois,VILLAGE GARAGE,7.4,7.34302,6.97672,5.68986
231,Chicago,08/31/2025,9.5,Illinois,VILLAGE GARAGE,9.5,9.42685,8.9566,7.30455
232,Chicago,09/01/2025,8.6,Illinois,VILLAGE GARAGE,8.6,8.53378,8.10808,6.61254
233,Chicago,09/02/2025,8.5,Illinois,VILLAGE GARAGE,8.5,8.43455,8.0138,6.53565
234,Chicago,09/03/2025,9.7,Illinois,VILLAGE GARAGE,9.7,9.625309999999999,9.145159999999999,7.45833
235,Chicago,09/04/2025,9.2,Illinois,VILLAGE GARAGE,9.2,9.129159999999999,8.67376,7.07388
236,Chicago,09/05/2025,6.7,Illinois,VILLAGE GARAGE,6.7,6.64841,6.31676,5.15163
237,Chicago,09/06/2025,3.5,Illinois,VILLAGE GARAGE,3.5,3.4730499999999997,3.2998,2.69115
238,Chicago,09/07/2025,4.5,Illinois,VILLAGE GARAGE,4.5,4.46535,4.2425999999999995,3.4600500000000003
239,Chicago,09/08/2025,4.9,Illinois,VILLAGE GARAGE,4.9,4.8622700000000005,4.61972,3.7676100000000003
240,Chicago,09/09/2025,7.5,Illinois,VILLAGE GARAGE,7.5,7.44225,7.071,5.76675
241,Chicago,09/10/2025,8.8,Illinois,VILLAGE GARAGE,8.8,8.732240000000001,8.29664,6.766320000000001
242,Chicago,09/11/2025,8.2,Illinois,VILLAGE GARAGE,8.2,8.136859999999999,7.730959999999999,6.30498
243,Chicago,09/12/2025,12.1,Illinois,VILLAGE GARAGE,12.1,12.006829999999999,11.407879999999999,9.30369
244,Chicago,09/13/2025,12.7,Illinois,VILLAGE GARAGE,12.7,12.60221,11.973559999999999,9.76503
245,Chicago,09/14/2025,14.8,Illinois,VILLAGE GARAGE,14.8,14.68604,13.95344,11.37972
246,Chicago,09/15/2025,12.0,Illinois,VILLAGE GARAGE,12.0,11.907599999999999,11.3136,9.2268
247,Chicago,09/16/2025,11.0,Illinois,VILLAGE GARAGE,11.0,10.9153,10.3708,8.4579
248,Chicago,09/17/2025,12.3,Illinois,VILLAGE GARAGE,12.3,12.20529,11.596440000000001,9.45747
249,Chicago,09/18/2025,14.0,Illinois,VILLAGE GARAGE,14.0,13.892199999999999,13.1992,10.7646
250,Chicago,09/19/2025,15.3,Illinois,VILLAGE GARAGE,15.3,15.18219,14.42484,11.764170000000002
251,Chicago,09/20/2025,12.9,Illinois,VILLAGE GARAGE,12.9,12.80067,12.16212,9.91881
252,Chicago,09/21/2025,8.8,Illinois,VILLAGE GARAGE,8.8,8.732240000000001,8.29664,6.766320000000001
253,Chicago,09/22/2025,6.6,Illinois,VILLAGE GARAGE,6.6,6.54918,6.222479999999999,5.07474
254,Chicago,09/23/2025,7.0,Illinois,VILLAGE GARAGE,7.0,6.9460999999999995,6.5996,5.3823
255,Chicago,09/24/2025,3.3,Illinois,VILLAGE GARAGE,3.3,3.27459,3.1112399999999996,2.53737
256,Chicago,09/25/2025,5.5,Illinois,VILLAGE GARAGE,5.5,5.45765,5.1854,4.22895
257,Chicago,09/26/2025,7.6,Illinois,VILLAGE GARAGE,7.6,7.541479999999999,7.165279999999999,5.84364
258,Chicago,09/27/2025,9.2,Illinois,VILLAGE GARAGE,9.2,9.129159999999999,8.67376,7.07388
259,Chicago,09/28/2025,9.7,Illinois,VILLAGE GARAGE,9.7,9.625309999999999,9.145159999999999,7.45833
260,Chicago,09/29/2025,12.3,Illinois,VILLAGE GARAGE,12.3,12.20529,11.596440000000001,9.45747
261,Chicago,09/30/2025,11.1,Illinois,VILLAGE GARAGE,11.1,11.014529999999999,10.465079999999999,8.53479
262,Chicago,10/01/2025,8.5,Illinois,VILLAGE GARAGE,8.5,8.43455,8.0138,6.53565
263,Chicago,10/02/2025,9.2,Illinois,VILLAGE GARAGE,9.2,9.129159999999999,8.67376,7.07388
264,Chicago,10/03/2025,12.2,Illinois,VILLAGE GARAGE,12.2,12.10606,11.502159999999998,9.38058
265,Chicago,10/04/2025,11.4,Illinois,VILLAGE GARAGE,11.4,11.31222,10.74792,8.765460000000001
266,Chicago,10/05/2025,7.5,Illinois,VILLAGE GARAGE,7.5,7.44225,7.071,5.76675
267,Chicago,10/06/2025,6.5,Illinois,VILLAGE GARAGE,6.5,6.449949999999999,6.1282,4.997850000000001
268,Chicago,10/07/2025,3.2,Illinois,VILLAGE GARAGE,3.2,3.17536,3.01696,2.4604800000000004
269,Chicago,10/08/2025,3.7,Illinois,VILLAGE GARAGE,3.7,3.67151,3.48836,2.84493
270,Chicago,10/09/2025,4.9,Illinois,VILLAGE GARAGE,4.9,4.8622700000000005,4.61972,3.7676100000000003
271,Chicago,10/10/2025,6.1,Illinois,VILLAGE GARAGE,6.1,6.05303,5.751079999999999,4.69029
272,Chicago,10/11/2025,2.8,Illinois,VILLAGE GARAGE,2.8,2.77844,2.63984,2.15292
273,Chicago,10/12/2025,5.2,Illinois,VILLAGE GARAGE,5.2,5.15996,4.90256,3.9982800000000003
274,Chicago,10/13/2025,9.3,Illinois,VILLAGE GARAGE,9.3,9.228390000000001,8.768040000000001,7.1507700000000005
275,Chicago,10/14/2025,9.3,Illinois,VILLAGE GARAGE,9.3,9.228390000000001,8.768040000000001,7.1507700000000005
276,Chicago,10/15/2025,5.0,Illinois,VILLAGE GARAGE,5.0,4.9615,4.7139999999999995,3.8445
277,Chicago,10/16/2025,4.5,Illinois,VILLAGE GARAGE,4.5,4.46535,4.2425999999999995,3.4600500000000003
278,Chicago,10/17/2025,4.2,Illinois,VILLAGE GARAGE,4.2,4.16766,3.95976,3.2293800000000004
279,Chicago,10/18/2025,10.7,Illinois,VILLAGE GARAGE,10.7,10.617609999999999,10.087959999999999,8.22723
280,Chicago,10/19/2025,3.1,Illinois,VILLAGE GARAGE,3.1,3.07613,2.92268,2.3835900000000003
281,Chicago,10/20/2025,3.0,Illinois,VILLAGE GARAGE,3.0,2.9768999999999997,2.8284,2.3067
282,Chicago,10/21/2025,2.8,Illinois,VILLAGE GARAGE,2.8,2.77844,2.63984,2.15292
283,Chicago,10/22/2025,1.7,Illinois,VILLAGE GARAGE,1.7,1.68691,1.60276,1.30713
284,Chicago,10/23/2025,2.8,Illinois,VILLAGE GARAGE,2.8,2.77844,2.63984,2.15292
285,Chicago,10/24/2025,5.9,Illinois,VILLAGE GARAGE,5.9,5.85457,5.56252,4.536510000000001
286,Chicago,10/25/2025,8.7,Illinois,VILLAGE GARAGE,8.7,8.633009999999999,8.202359999999999,6.68943
287,Chicago,10/26/2025,7.7,Illinois,VILLAGE GARAGE,7.7,7.6407099999999994,7.25956,5.92053
288,Chicago,10/27/2025,5.5,Illinois,VILLAGE GARAGE,5.5,5.45765,5.1854,4.22895
289,Chicago,10/28/2025,6.3,Illinois,VILLAGE GARAGE,6.3,6.2514899999999995,5.93964,4.84407
290,Chicago,10/29/2025,3.9,Illinois,VILLAGE GARAGE,3.9,3.86997,3.67692,2.99871
291,Chicago,10/30/2025,4.8,Illinois,VILLAGE GARAGE,4.8,4.763039999999999,4.52544,3.69072
292,Chicago,10/31/2025,8.0,Illinois,VILLAGE GARAGE,8.0,7.9384,7.5424,6.1512
293,Chicago,11/01/2025,6.4,Illinois,VILLAGE GARAGE,6.4,6.35072,6.03392,4.920960000000001
294,Chicago,11/02/2025,5.6,Illinois,VILLAGE GARAGE,5.6,5.55688,5.27968,4.30584
295,Chicago,11/03/2025,3.9,Illinois,VILLAGE GARAGE,3.9,3.86997,3.67692,2.99871
296,Chicago,11/04/2025,4.7,Illinois,VILLAGE GARAGE,4.7,4.66381,4.43116,3.61383
297,Chicago,11/05/2025,6.6,Illinois,VILLAGE GARAGE,6.6,6.54918,6.222479999999999,5.07474
298,Chicago,11/06/2025,5.8,Illinois,VILLAGE GARAGE,5.8,5.7553399999999995,5.46824,4.45962
299,Chicago,11/07/2025,5.5,Illinois,VILLAGE GARAGE,5.5,5.45765,5.1854,4.22895
300,Chicago,11/08/2025,3.1,Illinois,VILLAGE GARAGE,3.1,3.07613,2.92268,2.3835900000000003
301,Chicago,11/09/2025,2.3,Illinois,VILLAGE GARAGE,2.3,2.2822899999999997,2.16844,1.76847
302,Chicago,11/10/2025,1.9,Illinois,VILLAGE GARAGE,1.9,1.8853699999999998,1.7913199999999998,1.46091
303,Chicago,11/11/2025,4.7,Illinois,VILLAGE GARAGE,4.7,4.66381,4.43116,3.61383
304,Chicago,11/12/2025,3.9,Illinois,VILLAGE GARAGE,3.9,3.86997,3.67692,2.99871
305,Chicago,11/13/2025,5.5,Illinois,VILLAGE GARAGE,5.5,5.45765,5.1854,4.22895
306,Chicago,11/14/2025,10.3,Illinois,VILLAGE GARAGE,10.3,10.220690000000001,9.710840000000001,7.919670000000001
307,Chicago,11/15/2025,6.4,Illinois,VILLAGE GARAGE,6.4,6.35072,6.03392,4.920960000000001
308,Chicago,11/16/2025,2.6,Illinois,VILLAGE GARAGE,2.6,2.57998,2.45128,1.9991400000000001
309,Chicago,11/17/2025,6.3,Illinois,VILLAGE GARAGE,6.3,6.2514899999999995,5.93964,4.84407
310,Chicago,11/18/2025,10.4,Illinois,VILLAGE GARAGE,10.4,10.31992,9.80512,7.996560000000001
311,Chicago,11/19/2025,15.5,Illinois,VILLAGE GARAGE,15.5,15.38065,14.6134,11.917950000000001
312,Chicago,11/20/2025,16.2,Illinois,VILLAGE GARAGE,16.2,16.07526,15.273359999999998,12.45618
313,Chicago,11/21/2025,12.7,Illinois,VILLAGE GARAGE,12.7,12.60221,11.973559999999999,9.76503
314,Chicago,11/22/2025,9.1,Illinois,VILLAGE GARAGE,9.1,9.029929999999998,8.57948,6.99699
315,Chicago,11/23/2025,12.1,Illinois,VILLAGE GARAGE,12.1,12.006829999999999,11.407879999999999,9.30369
316,Chicago,11/24/2025,12.9,Illinois,VILLAGE GARAGE,12.9,12.80067,12.16212,9.91881
317,Chicago,11/25/2025,9.7,Illinois,VILLAGE GARAGE,9.7,9.625309999999999,9.145159999999999,7.45833
318,Chicago,11/26/2025,2.2,Illinois,VILLAGE GARAGE,2.2,2.1830600000000002,2.07416,1.6915800000000003
319,Chicago,11/27/2025,2.4,Illinois,VILLAGE GARAGE,2.4,2.3815199999999996,2.26272,1.84536
320,Chicago,11/28/2025,5.8,Illinois,VILLAGE GARAGE,5.8,5.7553399999999995,5.46824,4.45962
321,Chicago,11/29/2025,5.8,Illinois,VILLAGE GARAGE,5.8,5.7553399999999995,5.46824,4.45962
322,Chicago,11/30/2025,4.4,Illinois,VILLAGE GARAGE,4.4,4.3661200000000004,4.14832,3.3831600000000006
323,Chicago,12/01/2025,11.1,Illinois,VILLAGE GARAGE,11.1,11.014529999999999,10.465079999999999,8.53479
324,Chicago,12/02/2025,14.8,Illinois,VILLAGE GARAGE,14.8,14.68604,13.95344,11.37972
325,Chicago,12/03/2025,11.4,Illinois,VILLAGE GARAGE,11.4,11.31222,10.74792,8.765460000000001
326,Chicago,12/04/2025,7.0,Illinois,VILLAGE GARAGE,7.0,6.9460999999999995,6.5996,5.3823
327,Chicago,12/05/2025,11.2,Illinois,VILLAGE GARAGE,11.2,11.11376,10.55936,8.61168
328,Chicago,12/06/2025,14.6,Illinois,VILLAGE GARAGE,14.6,14.48758,13.76488,11.22594
329,Chicago,12/07/2025,8.1,Illinois,VILLAGE GARAGE,8.1,8.03763,7.636679999999999,6.22809
330,Chicago,12/08/2025,5.6,Illinois,VILLAGE GARAGE,5.6,5.55688,5.27968,4.30584
331,Chicago,12/09/2025,10.3,Illinois,VILLAGE GARAGE,10.3,10.220690000000001,9.710840000000001,7.919670000000001
332,Chicago,12/10/2025,4.9,Illinois,VILLAGE GARAGE,4.9,4.8622700000000005,4.61972,3.7676100000000003
333,Chicago,12/11/2025,7.2,Illinois,VILLAGE GARAGE,7.2,7.14456,6.7881599999999995,5.53608
334,Chicago,12/12/2025,15.4,Illinois,VILLAGE GARAGE,15.4,15.281419999999999,14.51912,11.84106
335,Chicago,12/13/2025,4.4,Illinois,VILLAGE GARAGE,4.4,4.3661200000000004,4.14832,3.3831600000000006
336,Chicago,12/14/2025,3.4,Illinois,VILLAGE GARAGE,3.4,3.37382,3.20552,2.61426
337,Chicago,12/15/2025,5.4,Illinois,VILLAGE GARAGE,5.4,5.35842,5.09112,4.1520600000000005
338,Chicago,12/16/2025,9.8,Illinois,VILLAGE GARAGE,9.8,9.724540000000001,9.23944,7.535220000000001
339,Chicago,12/17/2025,12.0,Illinois,VILLAGE GARAGE,12.0,11.907599999999999,11.3136,9.2268
340,Chicago,12/18/2025,7.3,Illinois,VILLAGE GARAGE,7.3,7.24379,6.88244,5.61297
341,Chicago,12/19/2025,3.8,Illinois,VILLAGE GARAGE,3.8,3.7707399999999995,3.5826399999999996,2.92182
342,Chicago,12/20/2025,3.6,Illinois,VILLAGE GARAGE,3.6,3.57228,3.3940799999999998,2.76804
343,Chicago,12/21/2025,4.0,Illinois,VILLAGE GARAGE,4.0,3.9692,3.7712,3.0756
344,Chicago,12/22/2025,4.0,Illinois,VILLAGE GARAGE,4.0,3.9692,3.7712,3.0756
345,Chicago,12/23/2025,11.9,Illinois,VILLAGE GARAGE,11.9,11.80837,11.21932,9.14991
346,Chicago,12/24/2025,15.3,Illinois,VILLAGE GARAGE,15.3,15.18219,14.42484,11.764170000000002
347,Chicago,12/25/2025,17.9,Illinois,VILLAGE GARAGE,17.9,17.762169999999998,16.876119999999997,13.763309999999999
348,Chicago,12/26/2025,10.3,Illinois,VILLAGE GARAGE,10.3,10.220690000000001,9.710840000000001,7.919670000000001
349,Chicago,12/27/2025,12.1,Illinois,VILLAGE GARAGE,12.1,12.006829999999999,11.407879999999999,9.30369
350,Chicago,12/28/2025,6.2,Illinois,VILLAGE GARAGE,6.2,6.15226,5.84536,4.767180000000001
351,Chicago,12/29/2025,3.0,Illinois,VILLAGE GARAGE,3.0,2.9768999999999997,2.8284,2.3067
352,Chicago,12/30/2025,3.6,Illinois,VILLAGE GARAGE,3.6,3.57228,3.3940799999999998,2.76804
353,Chicago,12/31/2025,5.3,Illinois,VILLAGE GARAGE,5.3,5.259189999999999,4.99684,4.07517
354,Chicago,01/01/2025,5.8,Illinois,WASHINGTON HS,5.8,5.7553399999999995,5.46824,4.45962
355,Chicago,01/02/2025,5.5,Illinois,WASHINGTON HS,5.5,5.45765,5.1854,4.22895
356,Chicago,01/03/2025,6.2,Illinois,WASHINGTON HS,6.2,6.15226,5.84536,4.767180000000001
357,Chicago,01/04/2025,4.6,Illinois,WASHINGTON HS,4.6,4.564579999999999,4.33688,3.53694
358,Chicago,01/05/2025,4.4,Illinois,WASHINGTON HS,4.4,4.3661200000000004,4.14832,3.3831600000000006
359,Chicago,01/06/2025,2.4,Illinois,WASHINGTON HS,2.4,2.3815199999999996,2.26272,1.84536
360,Chicago,01/07/2025,6.0,Illinois,WASHINGTON HS,6.0,5.953799999999999,5.6568,4.6134
361,Chicago,01/08/2025,6.5,Illinois,WASHINGTON HS,6.5,6.449949999999999,6.1282,4.997850000000001
362,Chicago,01/09/2025,12.6,Illinois,WASHINGTON HS,12.6,12.502979999999999,11.87928,9.68814
363,Chicago,01/10/2025,24.3,Illinois,WASHINGTON HS,24.3,24.11289,22.91004,18.68427
364,Chicago,01/11/2025,11.8,Illinois,WASHINGTON HS,11.8,11.70914,11.12504,9.073020000000001
365,Chicago,01/12/2025,11.3,Illinois,WASHINGTON HS,11.3,11.21299,10.653640000000001,8.68857
366,Chicago,01/13/2025,5.7,Illinois,WASHINGTON HS,5.7,5.65611,5.37396,4.3827300000000005
367,Chicago,01/14/2025,8.0,Illinois,WASHINGTON HS,8.0,7.9384,7.5424,6.1512
368,Chicago,01/15/2025,12.1,Illinois,WASHINGTON HS,12.1,12.006829999999999,11.407879999999999,9.30369
369,Chicago,01/16/2025,11.4,Illinois,WASHINGTON HS,11.4,11.31222,10.74792,8.765460000000001
370,Chicago,01/17/2025,9.4,Illinois,WASHINGTON HS,9.4,9.32762,8.86232,7.22766
371,Chicago,01/18/2025,4.1,Illinois,WASHINGTON HS,4.1,4.068429999999999,3.8654799999999994,3.15249
372,Chicago,01/19/2025,3.7,Illinois,WASHINGTON HS,3.7,3.67151,3.48836,2.84493
373,Chicago,01/20/2025,4.5,Illinois,WASHINGTON HS,4.5,4.46535,4.2425999999999995,3.4600500000000003
374,Chicago,01/21/2025,5.4,Illinois,WASHINGTON HS,5.4,5.35842,5.09112,4.1520600000000005
375,Chicago,01/22/2025,7.1,Illinois,WASHINGTON HS,7.1,7.045329999999999,6.693879999999999,5.4591899999999995
376,Chicago,01/23/2025,8.4,Illinois,WASHINGTON HS,8.4,8.33532,7.91952,6.458760000000001
377,Chicago,01/24/2025,10.3,Illinois,WASHINGTON HS,10.3,10.220690000000001,9.710840000000001,7.919670000000001
378,Chicago,01/25/2025,8.4,Illinois,WASHINGTON HS,8.4,8.33532,7.91952,6.458760000000001
379,Chicago,01/26/2025,5.2,Illinois,WASHINGTON HS,5.2,5.15996,4.90256,3.9982800000000003
380,Chicago,01/27/2025,7.9,Illinois,WASHINGTON HS,7.9,7.83917,7.44812,6.0743100000000005
381,Chicago,01/28/2025,6.7,Illinois,WASHINGTON HS,6.7,6.64841,6.31676,5.15163
382,Chicago,01/29/2025,7.2,Illinois,WASHINGTON HS,7.2,7.14456,6.7881599999999995,5.53608
383,Chicago,01/30/2025,11.0,Illinois,WASHINGTON HS,11.0,10.9153,10.3708,8.4579
384,Chicago,01/31/2025,11.0,Illinois,WASHINGTON HS,11.0,10.9153,10.3708,8.4579
385,Chicago,02/01/2025,3.3,Illinois,WASHINGTON HS,3.3,3.27459,3.1112399999999996,2.53737
386,Chicago,02/02/2025,14.1,Illinois,WASHINGTON HS,14.1,13.99143,13.293479999999999,10.84149
387,Chicago,02/03/2025,13.5,Illinois,WASHINGTON HS,13.5,13.396049999999999,12.7278,10.38015
388,Chicago,02/04/2025,3.4,Illinois,WASHINGTON HS,3.4,3.37382,3.20552,2.61426
389,Chicago,02/05/2025,7.5,Illinois,WASHINGTON HS,7.5,7.44225,7.071,5.76675
390,Chicago,02/06/2025,8.7,Illinois,WASHINGTON HS,8.7,8.633009999999999,8.202359999999999,6.68943
391,Chicago,02/07/2025,5.8,Illinois,WASHINGTON HS,5.8,5.7553399999999995,5.46824,4.45962
392,Chicago,02/08/2025,9.9,Illinois,WASHINGTON HS,9.9,9.82377,9.33372,7.61211
393,Chicago,02/09/2025,9.1,Illinois,WASHINGTON HS,9.1,9.029929999999998,8.57948,6.99699
394,Chicago,02/10/2025,7.8,Illinois,WASHINGTON HS,7.8,7.73994,7.35384,5.99742
395,Chicago,02/11/2025,6.9,Illinois,WASHINGTON HS,6.9,6.84687,6.50532,5.30541
396,Chicago,02/12/2025,12.3,Illinois,WASHINGTON HS,12.3,12.20529,11.596440000000001,9.45747
397,Chicago,02/13/2025,9.1,Illinois,WASHINGTON HS,9.1,9.029929999999998,8.57948,6.99699
398,Chicago,02/14/2025,11.6,Illinois,WASHINGTON HS,11.6,11.510679999999999,10.93648,8.91924
399,Chicago,02/15/2025,14.1,Illinois,WASHINGTON HS,14.1,13.99143,13.293479999999999,10.84149
400,Chicago,02/16/2025,6.9,Illinois,WASHINGTON HS,6.9,6.84687,6.50532,5.30541
401,Chicago,02/17/2025,5.7,Illinois,WASHINGTON HS,5.7,5.65611,5.37396,4.3827300000000005
402,Chicago,02/18/2025,5.9,Illinois,WASHINGTON HS,5.9,5.85457,5.56252,4.536510000000001
403,Chicago,02/19/2025,5.6,Illinois,WASHINGTON HS,5.6,5.55688,5.27968,4.30584
404,Chicago,02/20/2025,7.0,Illinois,WASHINGTON HS,7.0,6.9460999999999995,6.5996,5.3823
405,Chicago,02/21/2025,10.6,Illinois,WASHINGTON HS,10.6,10.518379999999999,9.99368,8.15034
406,Chicago,02/22/2025,9.2,Illinois,WASHINGTON HS,9.2,9.129159999999999,8.67376,7.07388
407,Chicago,02/23/2025,15.0,Illinois,WASHINGTON HS,15.0,14.8845,14.142,11.5335
408,Chicago,02/24/2025,14.8,Illinois,WASHINGTON HS,14.8,14.68604,13.95344,11.37972
409,Chicago,02/25/2025,13.6,Illinois,WASHINGTON HS,13.6,13.49528,12.82208,10.45704
410,Chicago,02/26/2025,14.0,Illinois,WASHINGTON HS,14.0,13.892199999999999,13.1992,10.7646
411,Chicago,02/27/2025,14.0,Illinois,WASHINGTON HS,14.0,13.892199999999999,13.1992,10.7646
412,Chicago,02/28/2025,5.9,Illinois,WASHINGTON HS,5.9,5.85457,5.56252,4.536510000000001
413,Chicago,03/01/2025,3.6,Illinois,WASHINGTON HS,3.6,3.57228,3.3940799999999998,2.76804
414,Chicago,03/02/2025,8.5,Illinois,WASHINGTON HS,8.5,8.43455,8.0138,6.53565
415,Chicago,03/03/2025,10.5,Illinois,WASHINGTON HS,10.5,10.41915,9.8994,8.073450000000001
416,Chicago,03/04/2025,8.2,Illinois,WASHINGTON HS,8.2,8.136859999999999,7.730959999999999,6.30498
417,Chicago,03/05/2025,4.9,Illinois,WASHINGTON HS,4.9,4.8622700000000005,4.61972,3.7676100000000003
418,Chicago,03/06/2025,3.7,Illinois,WASHINGTON HS,3.7,3.67151,3.48836,2.84493
419,Chicago,03/07/2025,10.2,Illinois,WASHINGTON HS,10.2,10.121459999999999,9.61656,7.842779999999999
420,Chicago,03/08/2025,6.8,Illinois,WASHINGTON HS,6.8,6.74764,6.41104,5.22852
421,Chicago,03/09/2025,5.9,Illinois,WASHINGTON HS,5.9,5.85457,5.56252,4.536510000000001
422,Chicago,03/10/2025,8.4,Illinois,WASHINGTON HS,8.4,8.33532,7.91952,6.458760000000001
423,Chicago,03/11/2025,5.5,Illinois,WASHINGTON HS,5.5,5.45765,5.1854,4.22895
424,Chicago,03/12/2025,4.3,Illinois,WASHINGTON HS,4.3,4.26689,4.05404,3.30627
425,Chicago,03/13/2025,11.0,Illinois,WASHINGTON HS,11.0,10.9153,10.3708,8.4579
426,Chicago,03/14/2025,13.3,Illinois,WASHINGTON HS,13.3,13.19759,12.53924,10.226370000000001
427,Chicago,03/15/2025,32.8,Illinois,WASHINGTON HS,32.8,32.547439999999995,30.923839999999995,25.21992
428,Chicago,03/16/2025,5.9,Illinois,WASHINGTON HS,5.9,5.85457,5.56252,4.536510000000001
429,Chicago,03/17/2025,5.5,Illinois,WASHINGTON HS,5.5,5.45765,5.1854,4.22895
430,Chicago,03/18/2025,7.1,Illinois,WASHINGTON HS,7.1,7.045329999999999,6.693879999999999,5.4591899999999995
431,Chicago,03/19/2025,5.6,Illinois,WASHINGTON HS,5.6,5.55688,5.27968,4.30584
432,Chicago,03/20/2025,4.4,Illinois,WASHINGTON HS,4.4,4.3661200000000004,4.14832,3.3831600000000006
433,Chicago,03/21/2025,6.6,Illinois,WASHINGTON HS,6.6,6.54918,6.222479999999999,5.07474
434,Chicago,03/22/2025,4.5,Illinois,WASHINGTON HS,4.5,4.46535,4.2425999999999995,3.4600500000000003
435,Chicago,03/23/2025,5.9,Illinois,WASHINGTON HS,5.9,5.85457,5.56252,4.536510000000001
436,Chicago,03/24/2025,6.0,Illinois,WASHINGTON HS,6.0,5.953799999999999,5.6568,4.6134
437,Chicago,03/25/2025,8.6,Illinois,WASHINGTON HS,8.6,8.53378,8.10808,6.61254
438,Chicago,03/26/2025,14.9,Illinois,WASHINGTON HS,14.9,14.78527,14.04772,11.456610000000001
439,Chicago,03/27/2025,13.6,Illinois,WASHINGTON HS,13.6,13.49528,12.82208,10.45704
440,Chicago,03/28/2025,9.2,Illinois,WASHINGTON HS,9.2,9.129159999999999,8.67376,7.07388
441,Chicago,03/29/2025,8.2,Illinois,WASHINGTON HS,8.2,8.136859999999999,7.730959999999999,6.30498
442,Chicago,03/30/2025,6.6,Illinois,WASHINGTON HS,6.6,6.54918,6.222479999999999,5.07474
443,Chicago,03/31/2025,3.5,Illinois,WASHINGTON HS,3.5,3.4730499999999997,3.2998,2.69115
444,Chicago,04/01/2025,5.0,Illinois,WASHINGTON HS,5.0,4.9615,4.7139999999999995,3.8445
445,Chicago,04/02/2025,8.3,Illinois,WASHINGTON HS,8.3,8.23609,7.825240000000001,6.381870000000001
446,Chicago,04/03/2025,6.7,Illinois,WASHINGTON HS,6.7,6.64841,6.31676,5.15163
447,Chicago,04/04/2025,6.7,Illinois,WASHINGTON HS,6.7,6.64841,6.31676,5.15163
448,Chicago,04/05/2025,4.2,Illinois,WASHINGTON HS,4.2,4.16766,3.95976,3.2293800000000004
449,Chicago,04/06/2025,5.1,Illinois,WASHINGTON HS,5.1,5.0607299999999995,4.80828,3.9213899999999997
450,Chicago,04/07/2025,4.6,Illinois,WASHINGTON HS,4.6,4.564579999999999,4.33688,3.53694
451,Chicago,04/08/2025,6.0,Illinois,WASHINGTON HS,6.0,5.953799999999999,5.6568,4.6134
452,Chicago,04/09/2025,8.4,Illinois,WASHINGTON HS,8.4,8.33532,7.91952,6.458760000000001
453,Chicago,04/10/2025,12.6,Illinois,WASHINGTON HS,12.6,12.502979999999999,11.87928,9.68814
454,Chicago,04/11/2025,10.5,Illinois,WASHINGTON HS,10.5,10.41915,9.8994,8.073450000000001
455,Chicago,04/12/2025,17.0,Illinois,WASHINGTON HS,17.0,16.8691,16.0276,13.0713
456,Chicago,04/13/2025,8.5,Illinois,WASHINGTON HS,8.5,8.43455,8.0138,6.53565
457,Chicago,04/14/2025,7.6,Illinois,WASHINGTON HS,7.6,7.541479999999999,7.165279999999999,5.84364
458,Chicago,04/15/2025,3.2,Illinois,WASHINGTON HS,3.2,3.17536,3.01696,2.4604800000000004
459,Chicago,04/16/2025,3.5,Illinois,WASHINGTON HS,3.5,3.4730499999999997,3.2998,2.69115
460,Chicago,04/17/2025,10.5,Illinois,WASHINGTON HS,10.5,10.41915,9.8994,8.073450000000001
461,Chicago,04/18/2025,14.7,Illinois,WASHINGTON HS,14.7,14.586809999999998,13.85916,11.30283
462,Chicago,04/19/2025,10.2,Illinois,WASHINGTON HS,10.2,10.121459999999999,9.61656,7.842779999999999
463,Chicago,04/20/2025,8.7,Illinois,WASHINGTON HS,8.7,8.633009999999999,8.202359999999999,6.68943
464,Chicago,04/21/2025,3.9,Illinois,WASHINGTON HS,3.9,3.86997,3.67692,2.99871
465,Chicago,04/22/2025,7.6,Illinois,WASHINGTON HS,7.6,7.541479999999999,7.165279999999999,5.84364
466,Chicago,04/23/2025,7.8,Illinois,WASHINGTON HS,7.8,7.73994,7.35384,5.99742
467,Chicago,04/24/2025,12.2,Illinois,WASHINGTON HS,12.2,12.10606,11.502159999999998,9.38058
468,Chicago,04/25/2025,4.2,Illinois,WASHINGTON HS,4.2,4.16766,3.95976,3.2293800000000004
469,Chicago,04/26/2025,2.4,Illinois,WASHINGTON HS,2.4,2.3815199999999996,2.26272,1.84536
470,Chicago,04/27/2025,6.5,Illinois,WASHINGTON HS,6.5,6.449949999999999,6.1282,4.997850000000001
471,Chicago,04/28/2025,9.0,Illinois,WASHINGTON HS,9.0,8.9307,8.485199999999999,6.920100000000001
472,Chicago,04/29/2025,10.0,Illinois,WASHINGTON HS,10.0,9.923,9.427999999999999,7.689
473,Chicago,04/30/2025,4.5,Illinois,WASHINGTON HS,4.5,4.46535,4.2425999999999995,3.4600500000000003
474,Chicago,05/01/2025,8.2,Illinois,WASHINGTON HS,8.2,8.136859999999999,7.730959999999999,6.30498
475,Chicago,05/02/2025,4.9,Illinois,WASHINGTON HS,4.9,4.8622700000000005,4.61972,3.7676100000000003
476,Chicago,05/03/2025,2.9,Illinois,WASHINGTON HS,2.9,2.8776699999999997,2.73412,2.22981
477,Chicago,05/04/2025,3.1,Illinois,WASHINGTON HS,3.1,3.07613,2.92268,2.3835900000000003
478,Chicago,05/05/2025,4.7,Illinois,WASHINGTON HS,4.7,4.66381,4.43116,3.61383
479,Chicago,05/06/2025,11.2,Illinois,WASHINGTON HS,11.2,11.11376,10.55936,8.61168
480,Chicago,05/07/2025,10.2,Illinois,WASHINGTON HS,10.2,10.121459999999999,9.61656,7.842779999999999
481,Chicago,05/08/2025,3.4,Illinois,WASHINGTON HS,3.4,3.37382,3.20552,2.61426
482,Chicago,05/09/2025,5.4,Illinois,WASHINGTON HS,5.4,5.35842,5.09112,4.1520600000000005
483,Chicago,05/10/2025,7.1,Illinois,WASHINGTON HS,7.1,7.045329999999999,6.693879999999999,5.4591899999999995
484,Chicago,05/11/2025,4.8,Illinois,WASHINGTON HS,4.8,4.763039999999999,4.52544,3.69072
485,Chicago,05/12/2025,8.1,Illinois,WASHINGTON HS,8.1,8.03763,7.636679999999999,6.22809
486,Chicago,05/13/2025,7.3,Illinois,WASHINGTON HS,7.3,7.24379,6.88244,5.61297
487,Chicago,05/14/2025,5.1,Illinois,WASHINGTON HS,5.1,5.0607299999999995,4.80828,3.9213899999999997
488,Chicago,05/15/2025,13.3,Illinois,WASHINGTON HS,13.3,13.19759,12.53924,10.226370000000001
489,Chicago,05/16/2025,12.0,Illinois,WASHINGTON HS,12.0,11.907599999999999,11.3136,9.2268
490,Chicago,05/17/2025,3.6,Illinois,WASHINGTON HS,3.6,3.57228,3.3940799999999998,2.76804
491,Chicago,05/18/2025,3.0,Illinois,WASHINGTON HS,3.0,2.9768999999999997,2.8284,2.3067
492,Chicago,05/19/2025,2.8,Illinois,WASHINGTON HS,2.8,2.77844,2.63984,2.15292
493,Chicago,05/20/2025,6.3,Illinois,WASHINGTON HS,6.3,6.2514899999999995,5.93964,4.84407
494,Chicago,05/21/2025,5.7,Illinois,WASHINGTON HS,5.7,5.65611,5.37396,4.3827300000000005
495,Chicago,05/22/2025,2.8,Illinois,WASHINGTON HS,2.8,2.77844,2.63984,2.15292
496,Chicago,05/23/2025,4.5,Illinois,WASHINGTON HS,4.5,4.46535,4.2425999999999995,3.4600500000000003
497,Chicago,05/24/2025,2.3,Illinois,WASHINGTON HS,2.3,2.2822899999999997,2.16844,1.76847
498,Chicago,05/25/2025,2.5,Illinois,WASHINGTON HS,2.5,2.48075,2.3569999999999998,1.92225
499,Chicago,05/26/2025,3.6,Illinois,WASHINGTON HS,3.6,3.57228,3.3940799999999998,2.76804
500,Chicago,05/27/2025,5.8,Illinois,WASHINGTON HS,5.8,5.7553399999999995,5.46824,4.45962
501,Chicago,05/28/2025,7.4,Illinois,WASHINGTON HS,7.4,7.34302,6.97672,5.68986
502,Chicago,05/29/2025,14.8,Illinois,WASHINGTON HS,14.8,14.68604,13.95344,11.37972
503,Chicago,05/30/2025,17.3,Illinois,WASHINGTON HS,17.3,17.16679,16.31044,13.30197
504,Chicago,05/31/2025,8.3,Illinois,WASHINGTON HS,8.3,8.23609,7.825240000000001,6.381870000000001
505,Chicago,06/01/2025,8.3,Illinois,WASHINGTON HS,8.3,8.23609,7.825240000000001,6.381870000000001
506,Chicago,06/02/2025,11.8,Illinois,WASHINGTON HS,11.8,11.70914,11.12504,9.073020000000001
507,Chicago,06/03/2025,18.2,Illinois,WASHINGTON HS,18.2,18.059859999999997,17.15896,13.99398
508,Chicago,06/04/2025,43.5,Illinois,WASHINGTON HS,43.5,43.16505,41.0118,33.44715
509,Chicago,06/05/2025,59.3,Illinois,WASHINGTON HS,59.3,58.84338999999999,55.90803999999999,45.59577
510,Chicago,06/06/2025,36.7,Illinois,WASHINGTON HS,36.7,36.417410000000004,34.60076,28.218630000000005
511,Chicago,06/07/2025,24.1,Illinois,WASHINGTON HS,24.1,23.91443,22.72148,18.53049
512,Chicago,06/08/2025,26.1,Illinois,WASHINGTON HS,26.1,25.89903,24.60708,20.06829
513,Chicago,06/09/2025,21.9,Illinois,WASHINGTON HS,21.9,21.73137,20.647319999999997,16.83891
514,Chicago,06/10/2025,21.5,Illinois,WASHINGTON HS,21.5,21.33445,20.2702,16.53135
515,Chicago,06/11/2025,26.4,Illinois,WASHINGTON HS,26.4,26.19672,24.889919999999996,20.29896
516,Chicago,06/12/2025,28.9,Illinois,WASHINGTON HS,28.9,28.677469999999996,27.24692,22.22121
517,Chicago,06/13/2025,28.9,Illinois,WASHINGTON HS,28.9,28.677469999999996,27.24692,22.22121
518,Chicago,06/14/2025,14.5,Illinois,WASHINGTON HS,14.5,14.388349999999999,13.6706,11.14905
519,Chicago,06/15/2025,10.4,Illinois,WASHINGTON HS,10.4,10.31992,9.80512,7.996560000000001
520,Chicago,06/16/2025,16.3,Illinois,WASHINGTON HS,16.3,16.17449,15.36764,12.53307
521,Chicago,06/17/2025,9.8,Illinois,WASHINGTON HS,9.8,9.724540000000001,9.23944,7.535220000000001
522,Chicago,06/18/2025,7.8,Illinois,WASHINGTON HS,7.8,7.73994,7.35384,5.99742
523,Chicago,06/19/2025,9.2,Illinois,WASHINGTON HS,9.2,9.129159999999999,8.67376,7.07388
524,Chicago,06/20/2025,9.4,Illinois,WASHINGTON HS,9.4,9.32762,8.86232,7.22766
525,Chicago,06/21/2025,11.3,Illinois,WASHINGTON HS,11.3,11.21299,10.653640000000001,8.68857
526,Chicago,06/22/2025,13.7,Illinois,WASHINGTON HS,13.7,13.594509999999998,12.91636,10.53393
527,Chicago,06/23/2025,15.3,Illinois,WASHINGTON HS,15.3,15.18219,14.42484,11.764170000000002
528,Chicago,06/24/2025,9.1,Illinois,WASHINGTON HS,9.1,9.029929999999998,8.57948,6.99699
529,Chicago,06/25/2025,6.0,Illinois,WASHINGTON HS,6.0,5.953799999999999,5.6568,4.6134
530,Chicago,06/26/2025,12.6,Illinois,WASHINGTON HS,12.6,12.502979999999999,11.87928,9.68814
531,Chicago,06/27/2025,9.0,Illinois,WASHINGTON HS,9.0,8.9307,8.485199999999999,6.920100000000001
532,Chicago,06/28/2025,4.5,Illinois,WASHINGTON HS,4.5,4.46535,4.2425999999999995,3.4600500000000003
533,Chicago,06/29/2025,8.9,Illinois,WASHINGTON HS,8.9,8.83147,8.39092,6.843210000000001
534,Chicago,06/30/2025,7.7,Illinois,WASHINGTON HS,7.7,7.6407099999999994,7.25956,5.92053
535,Chicago,07/01/2025,9.7,Illinois,WASHINGTON HS,9.7,9.625309999999999,9.145159999999999,7.45833
536,Chicago,07/02/2025,16.3,Illinois,WASHINGTON HS,16.3,16.17449,15.36764,12.53307
537,Chicago,07/03/2025,13.3,Illinois,WASHINGTON HS,13.3,13.19759,12.53924,10.226370000000001
538,Chicago,07/04/2025,19.8,Illinois,WASHINGTON HS,19.8,19.64754,18.66744,15.22422
539,Chicago,07/05/2025,17.3,Illinois,WASHINGTON HS,17.3,17.16679,16.31044,13.30197
540,Chicago,07/06/2025,10.0,Illinois,WASHINGTON HS,10.0,9.923,9.427999999999999,7.689
541,Chicago,07/07/2025,15.9,Illinois,WASHINGTON HS,15.9,15.777569999999999,14.99052,12.22551
542,Chicago,07/08/2025,24.1,Illinois,WASHINGTON HS,24.1,23.91443,22.72148,18.53049
543,Chicago,07/09/2025,12.3,Illinois,WASHINGTON HS,12.3,12.20529,11.596440000000001,9.45747
544,Chicago,07/10/2025,8.0,Illinois,WASHINGTON HS,8.0,7.9384,7.5424,6.1512
545,Chicago,07/11/2025,8.6,Illinois,WASHINGTON HS,8.6,8.53378,8.10808,6.61254
546,Chicago,07/12/2025,6.4,Illinois,WASHINGTON HS,6.4,6.35072,6.03392,4.920960000000001
547,Chicago,07/13/2025,21.5,Illinois,WASHINGTON HS,21.5,21.33445,20.2702,16.53135
548,Chicago,07/14/2025,44.4,Illinois,WASHINGTON HS,44.4,44.058119999999995,41.860319999999994,34.13916
549,Chicago,07/15/2025,22.8,Illinois,WASHINGTON HS,22.8,22.62444,21.49584,17.530920000000002
550,Chicago,07/16/2025,9.2,Illinois,WASHINGTON HS,9.2,9.129159999999999,8.67376,7.07388
551,Chicago,07/17/2025,2.8,Illinois,WASHINGTON HS,2.8,2.77844,2.63984,2.15292
552,Chicago,07/18/2025,8.2,Illinois,WASHINGTON HS,8.2,8.136859999999999,7.730959999999999,6.30498
553,Chicago,07/19/2025,6.8,Illinois,WASHINGTON HS,6.8,6.74764,6.41104,5.22852
554,Chicago,07/20/2025,7.7,Illinois,WASHINGTON HS,7.7,7.6407099999999994,7.25956,5.92053
555,Chicago,07/21/2025,22.3,Illinois,WASHINGTON HS,22.3,22.12829,21.02444,17.14647
556,Chicago,07/22/2025,25.9,Illinois,WASHINGTON HS,25.9,25.70057,24.418519999999997,19.91451
557,Chicago,07/23/2025,17.5,Illinois,WASHINGTON HS,17.5,17.36525,16.499,13.45575
558,Chicago,07/24/2025,11.8,Illinois,WASHINGTON HS,11.8,11.70914,11.12504,9.073020000000001
559,Chicago,07/25/2025,5.9,Illinois,WASHINGTON HS,5.9,5.85457,5.56252,4.536510000000001
560,Chicago,07/26/2025,7.1,Illinois,WASHINGTON HS,7.1,7.045329999999999,6.693879999999999,5.4591899999999995
561,Chicago,07/27/2025,7.7,Illinois,WASHINGTON HS,7.7,7.6407099999999994,7.25956,5.92053
562,Chicago,07/28/2025,9.6,Illinois,WASHINGTON HS,9.6,9.526079999999999,9.05088,7.38144
563,Chicago,07/29/2025,10.9,Illinois,WASHINGTON HS,10.9,10.81607,10.27652,8.38101
564,Chicago,07/30/2025,14.0,Illinois,WASHINGTON HS,14.0,13.892199999999999,13.1992,10.7646
565,Chicago,07/31/2025,66.1,Illinois,WASHINGTON HS,66.1,65.59102999999999,62.31907999999999,50.82429
566,Chicago,08/01/2025,47.1,Illinois,WASHINGTON HS,47.1,46.73733,44.40588,36.21519
567,Chicago,08/02/2025,24.9,Illinois,WASHINGTON HS,24.9,24.70827,23.47572,19.14561
568,Chicago,08/03/2025,29.4,Illinois,WASHINGTON HS,29.4,29.173619999999996,27.71832,22.60566
569,Chicago,08/04/2025,17.2,Illinois,WASHINGTON HS,17.2,17.06756,16.21616,13.22508
570,Chicago,08/05/2025,33.9,Illinois,WASHINGTON HS,33.9,33.63897,31.960919999999998,26.06571
571,Chicago,08/06/2025,31.5,Illinois,WASHINGTON HS,31.5,31.25745,29.6982,24.22035
572,Chicago,08/07/2025,15.3,Illinois,WASHINGTON HS,15.3,15.18219,14.42484,11.764170000000002
573,Chicago,08/08/2025,15.0,Illinois,WASHINGTON HS,15.0,14.8845,14.142,11.5335
574,Chicago,08/09/2025,12.9,Illinois,WASHINGTON HS,12.9,12.80067,12.16212,9.91881
575,Chicago,08/10/2025,10.4,Illinois,WASHINGTON HS,10.4,10.31992,9.80512,7.996560000000001
576,Chicago,08/11/2025,10.0,Illinois,WASHINGTON HS,10.0,9.923,9.427999999999999,7.689
577,Chicago,08/12/2025,9.4,Illinois,WASHINGTON HS,9.4,9.32762,8.86232,7.22766
578,Chicago,08/13/2025,11.8,Illinois,WASHINGTON HS,11.8,11.70914,11.12504,9.073020000000001
579,Chicago,08/14/2025,22.4,Illinois,WASHINGTON HS,22.4,22.22752,21.11872,17.22336
580,Chicago,08/15/2025,19.7,Illinois,WASHINGTON HS,19.7,19.548309999999997,18.573159999999998,15.14733
581,Chicago,08/16/2025,12.8,Illinois,WASHINGTON HS,12.8,12.70144,12.06784,9.841920000000002
582,Chicago,08/17/2025,4.9,Illinois,WASHINGTON HS,4.9,4.8622700000000005,4.61972,3.7676100000000003
583,Chicago,08/18/2025,6.7,Illinois,WASHINGTON HS,6.7,6.64841,6.31676,5.15163
584,Chicago,08/19/2025,4.9,Illinois,WASHINGTON HS,4.9,4.8622700000000005,4.61972,3.7676100000000003
585,Chicago,08/20/2025,2.6,Illinois,WASHINGTON HS,2.6,2.57998,2.45128,1.9991400000000001
586,Chicago,08/21/2025,3.1,Illinois,WASHINGTON HS,3.1,3.07613,2.92268,2.3835900000000003
587,Chicago,08/22/2025,7.7,Illinois,WASHINGTON HS,7.7,7.6407099999999994,7.25956,5.92053
588,Chicago,08/23/2025,6.1,Illinois,WASHINGTON HS,6.1,6.05303,5.751079999999999,4.69029
589,Chicago,08/24/2025,3.8,Illinois,WASHINGTON HS,3.8,3.7707399999999995,3.5826399999999996,2.92182
590,Chicago,08/25/2025,3.6,Illinois,WASHINGTON HS,3.6,3.57228,3.3940799999999998,2.76804
591,Chicago,08/26/2025,5.9,Illinois,WASHINGTON HS,5.9,5.85457,5.56252,4.536510000000001
592,Chicago,08/27/2025,8.5,Illinois,WASHINGTON HS,8.5,8.43455,8.0138,6.53565
593,Chicago,08/28/2025,5.9,Illinois,WASHINGTON HS,5.9,5.85457,5.56252,4.536510000000001
594,Chicago,08/29/2025,2.3,Illinois,WASHINGTON HS,2.3,2.2822899999999997,2.16844,1.76847
595,Chicago,08/30/2025,5.2,Illinois,WASHINGTON HS,5.2,5.15996,4.90256,3.9982800000000003
596,Chicago,08/31/2025,6.4,Illinois,WASHINGTON HS,6.4,6.35072,6.03392,4.920960000000001
597,Chicago,09/01/2025,5.9,Illinois,WASHINGTON HS,5.9,5.85457,5.56252,4.536510000000001
598,Chicago,09/02/2025,8.8,Illinois,WASHINGTON HS,8.8,8.732240000000001,8.29664,6.766320000000001
599,Chicago,09/03/2025,13.2,Illinois,WASHINGTON HS,13.2,13.09836,12.444959999999998,10.14948
600,Chicago,09/04/2025,10.7,Illinois,WASHINGTON HS,10.7,10.617609999999999,10.087959999999999,8.22723
601,Chicago,09/05/2025,9.0,Illinois,WASHINGTON HS,9.0,8.9307,8.485199999999999,6.920100000000001
602,Chicago,09/06/2025,4.7,Illinois,WASHINGTON HS,4.7,4.66381,4.43116,3.61383
603,Chicago,09/07/2025,5.0,Illinois,WASHINGTON HS,5.0,4.9615,4.7139999999999995,3.8445
604,Chicago,09/08/2025,5.3,Illinois,WASHINGTON HS,5.3,5.259189999999999,4.99684,4.07517
605,Chicago,09/09/2025,6.6,Illinois,WASHINGTON HS,6.6,6.54918,6.222479999999999,5.07474
606,Chicago,09/10/2025,9.2,Illinois,WASHINGTON HS,9.2,9.129159999999999,8.67376,7.07388
607,Chicago,09/11/2025,7.7,Illinois,WASHINGTON HS,7.7,7.6407099999999994,7.25956,5.92053
608,Chicago,09/12/2025,11.0,Illinois,WASHINGTON HS,11.0,10.9153,10.3708,8.4579
609,Chicago,09/13/2025,13.0,Illinois,WASHINGTON HS,13.0,12.899899999999999,12.2564,9.995700000000001
610,Chicago,09/14/2025,13.6,Illinois,WASHINGTON HS,13.6,13.49528,12.82208,10.45704
611,Chicago,09/15/2025,11.1,Illinois,WASHINGTON HS,11.1,11.014529999999999,10.465079999999999,8.53479
612,Chicago,09/16/2025,9.1,Illinois,WASHINGTON HS,9.1,9.029929999999998,8.57948,6.99699
613,Chicago,09/17/2025,10.8,Illinois,WASHINGTON HS,10.8,10.71684,10.18224,8.304120000000001
614,Chicago,09/18/2025,13.3,Illinois,WASHINGTON HS,13.3,13.19759,12.53924,10.226370000000001
615,Chicago,09/19/2025,18.8,Illinois,WASHINGTON HS,18.8,18.65524,17.72464,14.45532
616,Chicago,09/20/2025,13.4,Illinois,WASHINGTON HS,13.4,13.29682,12.63352,10.30326
617,Chicago,09/21/2025,9.4,Illinois,WASHINGTON HS,9.4,9.32762,8.86232,7.22766
618,Chicago,09/22/2025,8.3,Illinois,WASHINGTON HS,8.3,8.23609,7.825240000000001,6.381870000000001
619,Chicago,09/23/2025,9.3,Illinois,WASHINGTON HS,9.3,9.228390000000001,8.768040000000001,7.1507700000000005
620,Chicago,09/24/2025,3.2,Illinois,WASHINGTON HS,3.2,3.17536,3.01696,2.4604800000000004
621,Chicago,09/25/2025,4.9,Illinois,WASHINGTON HS,4.9,4.8622700000000005,4.61972,3.7676100000000003
622,Chicago,09/26/2025,9.9,Illinois,WASHINGTON HS,9.9,9.82377,9.33372,7.61211
623,Chicago,09/27/2025,11.4,Illinois,WASHINGTON HS,11.4,11.31222,10.74792,8.765460000000001
624,Chicago,09/28/2025,9.5,Illinois,WASHINGTON HS,9.5,9.42685,8.9566,7.30455
625,Chicago,09/29/2025,15.1,Illinois,WASHINGTON HS,15.1,14.98373,14.236279999999999,11.61039
626,Chicago,09/30/2025,9.4,Illinois,WASHINGTON HS,9.4,9.32762,8.86232,7.22766
627,Chicago,10/01/2025,8.6,Illinois,WASHINGTON HS,8.6,8.53378,8.10808,6.61254
628,Chicago,10/02/2025,8.5,Illinois,WASHINGTON HS,8.5,8.43455,8.0138,6.53565
629,Chicago,10/03/2025,13.2,Illinois,WASHINGTON HS,13.2,13.09836,12.444959999999998,10.14948
630,Chicago,10/04/2025,13.5,Illinois,WASHINGTON HS,13.5,13.396049999999999,12.7278,10.38015
631,Chicago,10/05/2025,8.4,Illinois,WASHINGTON HS,8.4,8.33532,7.91952,6.458760000000001
632,Chicago,10/06/2025,7.2,Illinois,WASHINGTON HS,7.2,7.14456,6.7881599999999995,5.53608
633,Chicago,10/07/2025,2.9,Illinois,WASHINGTON HS,2.9,2.8776699999999997,2.73412,2.22981
634,Chicago,10/08/2025,3.0,Illinois,WASHINGTON HS,3.0,2.9768999999999997,2.8284,2.3067
635,Chicago,10/09/2025,4.4,Illinois,WASHINGTON HS,4.4,4.3661200000000004,4.14832,3.3831600000000006
636,Chicago,10/10/2025,7.7,Illinois,WASHINGTON HS,7.7,7.6407099999999994,7.25956,5.92053
637,Chicago,10/11/2025,2.7,Illinois,WASHINGTON HS,2.7,2.67921,2.54556,2.0760300000000003
638,Chicago,10/12/2025,5.0,Illinois,WASHINGTON HS,5.0,4.9615,4.7139999999999995,3.8445
639,Chicago,10/13/2025,9.1,Illinois,WASHINGTON HS,9.1,9.029929999999998,8.57948,6.99699
640,Chicago,10/14/2025,8.5,Illinois,WASHINGTON HS,8.5,8.43455,8.0138,6.53565
641,Chicago,10/15/2025,5.1,Illinois,WASHINGTON HS,5.1,5.0607299999999995,4.80828,3.9213899999999997
642,Chicago,10/16/2025,4.3,Illinois,WASHINGTON HS,4.3,4.26689,4.05404,3.30627
643,Chicago,10/17/2025,4.8,Illinois,WASHINGTON HS,4.8,4.763039999999999,4.52544,3.69072
644,Chicago,10/18/2025,11.9,Illinois,WASHINGTON HS,11.9,11.80837,11.21932,9.14991
645,Chicago,10/19/2025,4.2,Illinois,WASHINGTON HS,4.2,4.16766,3.95976,3.2293800000000004
646,Chicago,10/20/2025,4.1,Illinois,WASHINGTON HS,4.1,4.068429999999999,3.8654799999999994,3.15249
647,Chicago,10/21/2025,4.7,Illinois,WASHINGTON HS,4.7,4.66381,4.43116,3.61383
648,Chicago,10/22/2025,2.6,Illinois,WASHINGTON HS,2.6,2.57998,2.45128,1.9991400000000001
649,Chicago,10/23/2025,3.8,Illinois,WASHINGTON HS,3.8,3.7707399999999995,3.5826399999999996,2.92182
650,Chicago,10/24/2025,5.6,Illinois,WASHINGTON HS,5.6,5.55688,5.27968,4.30584
651,Chicago,10/25/2025,8.8,Illinois,WASHINGTON HS,8.8,8.732240000000001,8.29664,6.766320000000001
652,Chicago,10/26/2025,8.7,Illinois,WASHINGTON HS,8.7,8.633009999999999,8.202359999999999,6.68943
653,Chicago,10/27/2025,5.6,Illinois,WASHINGTON HS,5.6,5.55688,5.27968,4.30584
654,Chicago,10/28/2025,7.0,Illinois,WASHINGTON HS,7.0,6.9460999999999995,6.5996,5.3823
655,Chicago,10/29/2025,4.4,Illinois,WASHINGTON HS,4.4,4.3661200000000004,4.14832,3.3831600000000006
656,Chicago,10/30/2025,3.8,Illinois,WASHINGTON HS,3.8,3.7707399999999995,3.5826399999999996,2.92182
657,Chicago,10/31/2025,10.4,Illinois,WASHINGTON HS,10.4,10.31992,9.80512,7.996560000000001
658,Chicago,11/01/2025,7.7,Illinois,WASHINGTON HS,7.7,7.6407099999999994,7.25956,5.92053
659,Chicago,11/02/2025,7.9,Illinois,WASHINGTON HS,7.9,7.83917,7.44812,6.0743100000000005
660,Chicago,11/03/2025,6.7,Illinois,WASHINGTON HS,6.7,6.64841,6.31676,5.15163
661,Chicago,11/04/2025,8.9,Illinois,WASHINGTON HS,8.9,8.83147,8.39092,6.843210000000001
662,Chicago,11/05/2025,9.4,Illinois,WASHINGTON HS,9.4,9.32762,8.86232,7.22766
663,Chicago,11/06/2025,11.5,Illinois,WASHINGTON HS,11.5,11.41145,10.8422,8.84235
664,Chicago,11/07/2025,7.1,Illinois,WASHINGTON HS,7.1,7.045329999999999,6.693879999999999,5.4591899999999995
665,Chicago,11/08/2025,3.5,Illinois,WASHINGTON HS,3.5,3.4730499999999997,3.2998,2.69115
666,Chicago,11/09/2025,2.6,Illinois,WASHINGTON HS,2.6,2.57998,2.45128,1.9991400000000001
667,Chicago,11/10/2025,2.1,Illinois,WASHINGTON HS,2.1,2.08383,1.97988,1.6146900000000002
668,Chicago,11/11/2025,6.9,Illinois,WASHINGTON HS,6.9,6.84687,6.50532,5.30541
669,Chicago,11/12/2025,5.1,Illinois,WASHINGTON HS,5.1,5.0607299999999995,4.80828,3.9213899999999997
670,Chicago,11/13/2025,7.3,Illinois,WASHINGTON HS,7.3,7.24379,6.88244,5.61297
671,Chicago,11/14/2025,14.2,Illinois,WASHINGTON HS,14.2,14.090659999999998,13.387759999999998,10.918379999999999
672,Chicago,11/15/2025,9.0,Illinois,WASHINGTON HS,9.0,8.9307,8.485199999999999,6.920100000000001
673,Chicago,11/16/2025,3.1,Illinois,WASHINGTON HS,3.1,3.07613,2.92268,2.3835900000000003
674,Chicago,11/17/2025,6.9,Illinois,WASHINGTON HS,6.9,6.84687,6.50532,5.30541
675,Chicago,11/18/2025,12.2,Illinois,WASHINGTON HS,12.2,12.10606,11.502159999999998,9.38058
676,Chicago,11/19/2025,17.2,Illinois,WASHINGTON HS,17.2,17.06756,16.21616,13.22508
677,Chicago,11/20/2025,20.3,Illinois,WASHINGTON HS,20.3,20.14369,19.138840000000002,15.608670000000002
678,Chicago,11/21/2025,14.4,Illinois,WASHINGTON HS,14.4,14.28912,13.576319999999999,11.07216
679,Chicago,11/22/2025,10.2,Illinois,WASHINGTON HS,10.2,10.121459999999999,9.61656,7.842779999999999
680,Chicago,11/23/2025,11.2,Illinois,WASHINGTON HS,11.2,11.11376,10.55936,8.61168
681,Chicago,11/24/2025,16.6,Illinois,WASHINGTON HS,16.6,16.47218,15.650480000000002,12.763740000000002
682,Chicago,11/25/2025,13.5,Illinois,WASHINGTON HS,13.5,13.396049999999999,12.7278,10.38015
683,Chicago,11/26/2025,3.4,Illinois,WASHINGTON HS,3.4,3.37382,3.20552,2.61426
684,Chicago,11/27/2025,2.9,Illinois,WASHINGTON HS,2.9,2.8776699999999997,2.73412,2.22981
685,Chicago,11/28/2025,6.1,Illinois,WASHINGTON HS,6.1,6.05303,5.751079999999999,4.69029
686,Chicago,11/29/2025,6.4,Illinois,WASHINGTON HS,6.4,6.35072,6.03392,4.920960000000001
687,Chicago,11/30/2025,5.2,Illinois,WASHINGTON HS,5.2,5.15996,4.90256,3.9982800000000003
688,Chicago,12/01/2025,11.4,Illinois,WASHINGTON HS,11.4,11.31222,10.74792,8.765460000000001
689,Chicago,12/02/2025,18.5,Illinois,WASHINGTON HS,18.5,18.35755,17.4418,14.22465
690,Chicago,12/03/2025,14.0,Illinois,WASHINGTON HS,14.0,13.892199999999999,13.1992,10.7646
691,Chicago,12/04/2025,8.0,Illinois,WASHINGTON HS,8.0,7.9384,7.5424,6.1512
692,Chicago,12/05/2025,17.3,Illinois,WASHINGTON HS,17.3,17.16679,16.31044,13.30197
693,Chicago,12/06/2025,18.3,Illinois,WASHINGTON HS,18.3,18.15909,17.25324,14.070870000000001
694,Chicago,12/07/2025,7.8,Illinois,WASHINGTON HS,7.8,7.73994,7.35384,5.99742
695,Chicago,12/08/2025,5.1,Illinois,WASHINGTON HS,5.1,5.0607299999999995,4.80828,3.9213899999999997
696,Chicago,12/09/2025,14.2,Illinois,WASHINGTON HS,14.2,14.090659999999998,13.387759999999998,10.918379999999999
697,Chicago,12/10/2025,6.2,Illinois,WASHINGTON HS,6.2,6.15226,5.84536,4.767180000000001
698,Chicago,12/11/2025,9.2,Illinois,WASHINGTON HS,9.2,9.129159999999999,8.67376,7.07388
699,Chicago,12/12/2025,18.5,Illinois,WASHINGTON HS,18.5,18.35755,17.4418,14.22465
700,Chicago,12/13/2025,5.9,Illinois,WASHINGTON HS,5.9,5.85457,5.56252,4.536510000000001
701,Chicago,12/14/2025,4.5,Illinois,WASHINGTON HS,4.5,4.46535,4.2425999999999995,3.4600500000000003
702,Chicago,12/15/2025,8.4,Illinois,WASHINGTON HS,8.4,8.33532,7.91952,6.458760000000001
703,Chicago,12/16/2025,12.8,Illinois,WASHINGTON HS,12.8,12.70144,12.06784,9.841920000000002
704,Chicago,12/17/2025,15.8,Illinois,WASHINGTON HS,15.8,15.67834,14.89624,12.148620000000001
705,Chicago,12/18/2025,9.1,Illinois,WASHINGTON HS,9.1,9.029929999999998,8.57948,6.99699
706,Chicago,12/19/2025,5.1,Illinois,WASHINGTON HS,5.1,5.0607299999999995,4.80828,3.9213899999999997
707,Chicago,12/20/2025,4.7,Illinois,WASHINGTON HS,4.7,4.66381,4.43116,3.61383
708,Chicago,12/21/2025,5.2,Illinois,WASHINGTON HS,5.2,5.15996,4.90256,3.9982800000000003
709,Chicago,12/22/2025,5.5,Illinois,WASHINGTON HS,5.5,5.45765,5.1854,4.22895
710,Chicago,12/23/2025,17.6,Illinois,WASHINGTON HS,17.6,17.464480000000002,16.59328,13.532640000000002
711,Chicago,12/24/2025,17.8,Illinois,WASHINGTON HS,17.8,17.66294,16.78184,13.686420000000002
712,Chicago,12/25/2025,19.5,Illinois,WASHINGTON HS,19.5,19.34985,18.3846,14.99355
713,Chicago,12/26/2025,12.2,Illinois,WASHINGTON HS,12.2,12.10606,11.502159999999998,9.38058
714,Chicago,12/27/2025,12.4,Illinois,WASHINGTON HS,12.4,12.30452,11.69072,9.534360000000001
715,Chicago,12/28/2025,8.6,Illinois,WASHINGTON HS,8.6,8.53378,8.10808,6.61254
716,Chicago,12/29/2025,6.1,Illinois,WASHINGTON HS,6.1,6.05303,5.751079999999999,4.69029
717,Chicago,12/30/2025,5.0,Illinois,WASHINGTON HS,5.0,4.9615,4.7139999999999995,3.8445
718,Chicago,12/31/2025,6.5,Illinois,WASHINGTON HS,6.5,6.449949999999999,6.1282,4.997850000000001
719,Chicago,01/01/2025,3.3,Illinois,WASHINGTON HS,3.3,3.27459,3.1112399999999996,2.53737
720,Chicago,01/07/2025,5.8,Illinois,WASHINGTON HS,5.8,5.7553399999999995,5.46824,4.45962
721,Chicago,01/13/2025,6.1,Illinois,WASHINGTON HS,6.1,6.05303,5.751079999999999,4.69029
722,Chicago,01/19/2025,3.2,Illinois,WASHINGTON HS,3.2,3.17536,3.01696,2.4604800000000004
723,Chicago,01/25/2025,7.2,Illinois,WASHINGTON HS,7.2,7.14456,6.7881599999999995,5.53608
724,Chicago,01/31/2025,7.5,Illinois,WASHINGTON HS,7.5,7.44225,7.071,5.76675
725,Chicago,02/06/2025,6.5,Illinois,WASHINGTON HS,6.5,6.449949999999999,6.1282,4.997850000000001
726,Chicago,02/12/2025,8.8,Illinois,WASHINGTON HS,8.8,8.732240000000001,8.29664,6.766320000000001
727,Chicago,02/25/2025,12.5,Illinois,WASHINGTON HS,12.5,12.403749999999999,11.785,9.61125
728,Chicago,03/02/2025,9.8,Illinois,WASHINGTON HS,9.8,9.724540000000001,9.23944,7.535220000000001
729,Chicago,03/08/2025,4.9,Illinois,WASHINGTON HS,4.9,4.8622700000000005,4.61972,3.7676100000000003
730,Chicago,03/14/2025,9.7,Illinois,WASHINGTON HS,9.7,9.625309999999999,9.145159999999999,7.45833
731,Chicago,03/20/2025,2.4,Illinois,WASHINGTON HS,2.4,2.3815199999999996,2.26272,1.84536
732,Chicago,03/26/2025,14.9,Illinois,WASHINGTON HS,14.9,14.78527,14.04772,11.456610000000001
733,Chicago,04/01/2025,3.7,Illinois,WASHINGTON HS,3.7,3.67151,3.48836,2.84493
734,Chicago,04/09/2025,7.3,Illinois,WASHINGTON HS,7.3,7.24379,6.88244,5.61297
735,Chicago,04/13/2025,7.2,Illinois,WASHINGTON HS,7.2,7.14456,6.7881599999999995,5.53608
736,Chicago,04/19/2025,9.5,Illinois,WASHINGTON HS,9.5,9.42685,8.9566,7.30455
737,Chicago,04/25/2025,3.7,Illinois,WASHINGTON HS,3.7,3.67151,3.48836,2.84493
738,Chicago,05/01/2025,8.8,Illinois,WASHINGTON HS,8.8,8.732240000000001,8.29664,6.766320000000001
739,Chicago,05/07/2025,7.7,Illinois,WASHINGTON HS,7.7,7.6407099999999994,7.25956,5.92053
740,Chicago,05/13/2025,7.0,Illinois,WASHINGTON HS,7.0,6.9460999999999995,6.5996,5.3823
741,Chicago,05/19/2025,2.4,Illinois,WASHINGTON HS,2.4,2.3815199999999996,2.26272,1.84536
742,Chicago,05/25/2025,3.1,Illinois,WASHINGTON HS,3.1,3.07613,2.92268,2.3835900000000003
743,Chicago,05/31/2025,7.7,Illinois,WASHINGTON HS,7.7,7.6407099999999994,7.25956,5.92053
744,Chicago,06/06/2025,24.5,Illinois,WASHINGTON HS,24.5,24.311349999999997,23.098599999999998,18.83805
745,Chicago,06/12/2025,21.0,Illinois,WASHINGTON HS,21.0,20.8383,19.7988,16.146900000000002
746,Chicago,06/18/2025,8.5,Illinois,WASHINGTON HS,8.5,8.43455,8.0138,6.53565
747,Chicago,06/24/2025,10.4,Illinois,WASHINGTON HS,10.4,10.31992,9.80512,7.996560000000001
748,Chicago,06/30/2025,7.5,Illinois,WASHINGTON HS,7.5,7.44225,7.071,5.76675
749,Chicago,07/06/2025,8.2,Illinois,WASHINGTON HS,8.2,8.136859999999999,7.730959999999999,6.30498
750,Chicago,07/12/2025,6.3,Illinois,WASHINGTON HS,6.3,6.2514899999999995,5.93964,4.84407
751,Chicago,07/18/2025,8.1,Illinois,WASHINGTON HS,8.1,8.03763,7.636679999999999,6.22809
752,Chicago,07/24/2025,11.7,Illinois,WASHINGTON HS,11.7,11.60991,11.030759999999999,8.996129999999999
753,Chicago,07/30/2025,12.8,Illinois,WASHINGTON HS,12.8,12.70144,12.06784,9.841920000000002
754,Chicago,08/05/2025,28.9,Illinois,WASHINGTON HS,28.9,28.677469999999996,27.24692,22.22121
755,Chicago,08/11/2025,9.0,Illinois,WASHINGTON HS,9.0,8.9307,8.485199999999999,6.920100000000001
756,Chicago,08/17/2025,4.4,Illinois,WASHINGTON HS,4.4,4.3661200000000004,4.14832,3.3831600000000006
757,Chicago,08/23/2025,6.5,Illinois,WASHINGTON HS,6.5,6.449949999999999,6.1282,4.997850000000001
758,Chicago,08/29/2025,2.6,Illinois,WASHINGTON HS,2.6,2.57998,2.45128,1.9991400000000001
759,Chicago,09/04/2025,9.1,Illinois,WASHINGTON HS,9.1,9.029929999999998,8.57948,6.99699
760,Chicago,09/10/2025,9.7,Illinois,WASHINGTON HS,9.7,9.625309999999999,9.145159999999999,7.45833
761,Chicago,09/16/2025,8.5,Illinois,WASHINGTON HS,8.5,8.43455,8.0138,6.53565
762,Chicago,09/22/2025,8.1,Illinois,WASHINGTON HS,8.1,8.03763,7.636679999999999,6.22809
763,Chicago,09/28/2025,8.6,Illinois,WASHINGTON HS,8.6,8.53378,8.10808,6.61254
764,Chicago,10/04/2025,11.8,Illinois,WASHINGTON HS,11.8,11.70914,11.12504,9.073020000000001
765,Chicago,10/10/2025,7.6,Illinois,WASHINGTON HS,7.6,7.541479999999999,7.165279999999999,5.84364
766,Chicago,10/16/2025,5.0,Illinois,WASHINGTON HS,5.0,4.9615,4.7139999999999995,3.8445
767,Chicago,10/22/2025,2.4,Illinois,WASHINGTON HS,2.4,2.3815199999999996,2.26272,1.84536
768,Chicago,10/31/2025,9.1,Illinois,WASHINGTON HS,9.1,9.029929999999998,8.57948,6.99699
769,Chicago,11/03/2025,5.7,Illinois,WASHINGTON HS,5.7,5.65611,5.37396,4.3827300000000005
770,Chicago,11/09/2025,2.2,Illinois,WASHINGTON HS,2.2,2.1830600000000002,2.07416,1.6915800000000003
771,Chicago,11/15/2025,11.4,Illinois,WASHINGTON HS,11.4,11.31222,10.74792,8.765460000000001
772,Chicago,11/21/2025,13.0,Illinois,WASHINGTON HS,13.0,12.899899999999999,12.2564,9.995700000000001
773,Chicago,11/27/2025,2.7,Illinois,WASHINGTON HS,2.7,2.67921,2.54556,2.0760300000000003
774,Chicago,12/03/2025,12.4,Illinois,WASHINGTON HS,12.4,12.30452,11.69072,9.534360000000001
775,Chicago,12/09/2025,12.0,Illinois,WASHINGTON HS,12.0,11.907599999999999,11.3136,9.2268
776,Chicago,12/18/2025,7.8,Illinois,WASHINGTON HS,7.8,7.73994,7.35384,5.99742
777,Chicago,12/23/2025,15.8,Illinois,WASHINGTON HS,15.8,15.67834,14.89624,12.148620000000001
778,Chicago,12/27/2025,11.4,Illinois,WASHINGTON HS,11.4,11.31222,10.74792,8.765460000000001
779,Chicago,01/01/2025,7.1,Illinois,MAYFAIR PUMP STATION,7.1,7.045329999999999,6.693879999999999,5.4591899999999995
780,Chicago,01/02/2025,6.7,Illinois,MAYFAIR PUMP STATION,6.7,6.64841,6.31676,5.15163
781,Chicago,01/03/2025,8.5,Illinois,MAYFAIR PUMP STATION,8.5,8.43455,8.0138,6.53565
782,Chicago,01/04/2025,4.8,Illinois,MAYFAIR PUMP STATION,4.8,4.763039999999999,4.52544,3.69072
783,Chicago,01/05/2025,4.7,Illinois,MAYFAIR PUMP STATION,4.7,4.66381,4.43116,3.61383
784,Chicago,01/06/2025,2.9,Illinois,MAYFAIR PUMP STATION,2.9,2.8776699999999997,2.73412,2.22981
785,Chicago,01/09/2025,12.9,Illinois,MAYFAIR PUMP STATION,12.9,12.80067,12.16212,9.91881
786,Chicago,01/10/2025,22.3,Illinois,MAYFAIR PUMP STATION,22.3,22.12829,21.02444,17.14647
787,Chicago,01/11/2025,11.4,Illinois,MAYFAIR PUMP STATION,11.4,11.31222,10.74792,8.765460000000001
788,Chicago,01/12/2025,10.9,Illinois,MAYFAIR PUMP STATION,10.9,10.81607,10.27652,8.38101
789,Chicago,01/13/2025,4.4,Illinois,MAYFAIR PUMP STATION,4.4,4.3661200000000004,4.14832,3.3831600000000006
790,Chicago,01/14/2025,7.2,Illinois,MAYFAIR PUMP STATION,7.2,7.14456,6.7881599999999995,5.53608
791,Chicago,01/15/2025,9.7,Illinois,MAYFAIR PUMP STATION,9.7,9.625309999999999,9.145159999999999,7.45833
792,Chicago,01/16/2025,9.1,Illinois,MAYFAIR PUMP STATION,9.1,9.029929999999998,8.57948,6.99699
793,Chicago,01/17/2025,8.2,Illinois,MAYFAIR PUMP STATION,8.2,8.136859999999999,7.730959999999999,6.30498
794,Chicago,01/18/2025,3.7,Illinois,MAYFAIR PUMP STATION,3.7,3.67151,3.48836,2.84493
795,Chicago,01/19/2025,3.5,Illinois,MAYFAIR PUMP STATION,3.5,3.4730499999999997,3.2998,2.69115
796,Chicago,01/20/2025,3.8,Illinois,MAYFAIR PUMP STATION,3.8,3.7707399999999995,3.5826399999999996,2.92182
797,Chicago,01/21/2025,4.2,Illinois,MAYFAIR PUMP STATION,4.2,4.16766,3.95976,3.2293800000000004
798,Chicago,01/22/2025,6.5,Illinois,MAYFAIR PUMP STATION,6.5,6.449949999999999,6.1282,4.997850000000001
799,Chicago,01/23/2025,7.5,Illinois,MAYFAIR PUMP STATION,7.5,7.44225,7.071,5.76675
800,Chicago,01/24/2025,9.0,Illinois,MAYFAIR PUMP STATION,9.0,8.9307,8.485199999999999,6.920100000000001
801,Chicago,01/25/2025,6.4,Illinois,MAYFAIR PUMP STATION,6.4,6.35072,6.03392,4.920960000000001
802,Chicago,01/26/2025,4.4,Illinois,MAYFAIR PUMP STATION,4.4,4.3661200000000004,4.14832,3.3831600000000006
803,Chicago,01/27/2025,5.1,Illinois,MAYFAIR PUMP STATION,5.1,5.0607299999999995,4.80828,3.9213899999999997
804,Chicago,01/28/2025,4.9,Illinois,MAYFAIR PUMP STATION,4.9,4.8622700000000005,4.61972,3.7676100000000003
805,Chicago,01/29/2025,4.7,Illinois,MAYFAIR PUMP STATION,4.7,4.66381,4.43116,3.61383
806,Chicago,01/30/2025,10.2,Illinois,MAYFAIR PUMP STATION,10.2,10.121459999999999,9.61656,7.842779999999999
807,Chicago,01/31/2025,8.0,Illinois,MAYFAIR PUMP STATION,8.0,7.9384,7.5424,6.1512
808,Chicago,02/01/2025,3.6,Illinois,MAYFAIR PUMP STATION,3.6,3.57228,3.3940799999999998,2.76804
809,Chicago,02/02/2025,14.1,Illinois,MAYFAIR PUMP STATION,14.1,13.99143,13.293479999999999,10.84149
810,Chicago,02/03/2025,12.1,Illinois,MAYFAIR PUMP STATION,12.1,12.006829999999999,11.407879999999999,9.30369
811,Chicago,02/04/2025,3.3,Illinois,MAYFAIR PUMP STATION,3.3,3.27459,3.1112399999999996,2.53737
812,Chicago,02/05/2025,6.4,Illinois,MAYFAIR PUMP STATION,6.4,6.35072,6.03392,4.920960000000001
813,Chicago,02/06/2025,7.5,Illinois,MAYFAIR PUMP STATION,7.5,7.44225,7.071,5.76675
814,Chicago,02/07/2025,5.6,Illinois,MAYFAIR PUMP STATION,5.6,5.55688,5.27968,4.30584
815,Chicago,02/08/2025,7.6,Illinois,MAYFAIR PUMP STATION,7.6,7.541479999999999,7.165279999999999,5.84364
816,Chicago,02/09/2025,7.7,Illinois,MAYFAIR PUMP STATION,7.7,7.6407099999999994,7.25956,5.92053
817,Chicago,02/10/2025,7.1,Illinois,MAYFAIR PUMP STATION,7.1,7.045329999999999,6.693879999999999,5.4591899999999995
818,Chicago,02/11/2025,6.7,Illinois,MAYFAIR PUMP STATION,6.7,6.64841,6.31676,5.15163
819,Chicago,02/12/2025,10.8,Illinois,MAYFAIR PUMP STATION,10.8,10.71684,10.18224,8.304120000000001
820,Chicago,02/13/2025,7.6,Illinois,MAYFAIR PUMP STATION,7.6,7.541479999999999,7.165279999999999,5.84364
821,Chicago,02/14/2025,14.2,Illinois,MAYFAIR PUMP STATION,14.2,14.090659999999998,13.387759999999998,10.918379999999999
822,Chicago,02/15/2025,15.6,Illinois,MAYFAIR PUMP STATION,15.6,15.47988,14.70768,11.99484
823,Chicago,02/16/2025,5.7,Illinois,MAYFAIR PUMP STATION,5.7,5.65611,5.37396,4.3827300000000005
824,Chicago,02/17/2025,5.3,Illinois,MAYFAIR PUMP STATION,5.3,5.259189999999999,4.99684,4.07517
825,Chicago,02/18/2025,4.7,Illinois,MAYFAIR PUMP STATION,4.7,4.66381,4.43116,3.61383
826,Chicago,02/19/2025,5.0,Illinois,MAYFAIR PUMP STATION,5.0,4.9615,4.7139999999999995,3.8445
827,Chicago,02/20/2025,6.2,Illinois,MAYFAIR PUMP STATION,6.2,6.15226,5.84536,4.767180000000001
828,Chicago,02/21/2025,9.9,Illinois,MAYFAIR PUMP STATION,9.9,9.82377,9.33372,7.61211
829,Chicago,02/22/2025,9.4,Illinois,MAYFAIR PUMP STATION,9.4,9.32762,8.86232,7.22766
830,Chicago,02/23/2025,17.1,Illinois,MAYFAIR PUMP STATION,17.1,16.96833,16.12188,13.148190000000001
831,Chicago,02/24/2025,11.5,Illinois,MAYFAIR PUMP STATION,11.5,11.41145,10.8422,8.84235
832,Chicago,02/25/2025,10.9,Illinois,MAYFAIR PUMP STATION,10.9,10.81607,10.27652,8.38101
833,Chicago,02/26/2025,13.3,Illinois,MAYFAIR PUMP STATION,13.3,13.19759,12.53924,10.226370000000001
834,Chicago,02/27/2025,11.4,Illinois,MAYFAIR PUMP STATION,11.4,11.31222,10.74792,8.765460000000001
835,Chicago,02/28/2025,4.3,Illinois,MAYFAIR PUMP STATION,4.3,4.26689,4.05404,3.30627
836,Chicago,03/01/2025,3.5,Illinois,MAYFAIR PUMP STATION,3.5,3.4730499999999997,3.2998,2.69115
837,Chicago,03/02/2025,7.1,Illinois,MAYFAIR PUMP STATION,7.1,7.045329999999999,6.693879999999999,5.4591899999999995
838,Chicago,03/03/2025,9.9,Illinois,MAYFAIR PUMP STATION,9.9,9.82377,9.33372,7.61211
839,Chicago,03/04/2025,9.4,Illinois,MAYFAIR PUMP STATION,9.4,9.32762,8.86232,7.22766
840,Chicago,03/05/2025,4.8,Illinois,MAYFAIR PUMP STATION,4.8,4.763039999999999,4.52544,3.69072
841,Chicago,03/06/2025,3.2,Illinois,MAYFAIR PUMP STATION,3.2,3.17536,3.01696,2.4604800000000004
842,Chicago,03/07/2025,9.8,Illinois,MAYFAIR PUMP STATION,9.8,9.724540000000001,9.23944,7.535220000000001
843,Chicago,03/08/2025,5.4,Illinois,MAYFAIR PUMP STATION,5.4,5.35842,5.09112,4.1520600000000005
844,Chicago,03/09/2025,4.7,Illinois,MAYFAIR PUMP STATION,4.7,4.66381,4.43116,3.61383
845,Chicago,03/10/2025,6.0,Illinois,MAYFAIR PUMP STATION,6.0,5.953799999999999,5.6568,4.6134
846,Chicago,03/11/2025,4.6,Illinois,MAYFAIR PUMP STATION,4.6,4.564579999999999,4.33688,3.53694
847,Chicago,03/12/2025,4.6,Illinois,MAYFAIR PUMP STATION,4.6,4.564579999999999,4.33688,3.53694
848,Chicago,03/13/2025,11.2,Illinois,MAYFAIR PUMP STATION,11.2,11.11376,10.55936,8.61168
849,Chicago,03/14/2025,16.0,Illinois,MAYFAIR PUMP STATION,16.0,15.8768,15.0848,12.3024
850,Chicago,03/15/2025,26.4,Illinois,MAYFAIR PUMP STATION,26.4,26.19672,24.889919999999996,20.29896
851,Chicago,03/16/2025,4.9,Illinois,MAYFAIR PUMP STATION,4.9,4.8622700000000005,4.61972,3.7676100000000003
852,Chicago,03/17/2025,5.4,Illinois,MAYFAIR PUMP STATION,5.4,5.35842,5.09112,4.1520600000000005
853,Chicago,03/18/2025,7.4,Illinois,MAYFAIR PUMP STATION,7.4,7.34302,6.97672,5.68986
854,Chicago,03/19/2025,5.3,Illinois,MAYFAIR PUMP STATION,5.3,5.259189999999999,4.99684,4.07517
855,Chicago,03/20/2025,4.0,Illinois,MAYFAIR PUMP STATION,4.0,3.9692,3.7712,3.0756
856,Chicago,03/21/2025,7.7,Illinois,MAYFAIR PUMP STATION,7.7,7.6407099999999994,7.25956,5.92053
857,Chicago,03/22/2025,3.7,Illinois,MAYFAIR PUMP STATION,3.7,3.67151,3.48836,2.84493
858,Chicago,03/23/2025,6.1,Illinois,MAYFAIR PUMP STATION,6.1,6.05303,5.751079999999999,4.69029
859,Chicago,03/24/2025,5.6,Illinois,MAYFAIR PUMP STATION,5.6,5.55688,5.27968,4.30584
860,Chicago,03/25/2025,8.3,Illinois,MAYFAIR PUMP STATION,8.3,8.23609,7.825240000000001,6.381870000000001
861,Chicago,03/26/2025,10.3,Illinois,MAYFAIR PUMP STATION,10.3,10.220690000000001,9.710840000000001,7.919670000000001
862,Chicago,03/27/2025,13.0,Illinois,MAYFAIR PUMP STATION,13.0,12.899899999999999,12.2564,9.995700000000001
863,Chicago,03/28/2025,10.1,Illinois,MAYFAIR PUMP STATION,10.1,10.022229999999999,9.522279999999999,7.76589
864,Chicago,03/29/2025,6.7,Illinois,MAYFAIR PUMP STATION,6.7,6.64841,6.31676,5.15163
865,Chicago,03/30/2025,5.7,Illinois,MAYFAIR PUMP STATION,5.7,5.65611,5.37396,4.3827300000000005
866,Chicago,03/31/2025,3.3,Illinois,MAYFAIR PUMP STATION,3.3,3.27459,3.1112399999999996,2.53737
867,Chicago,04/01/2025,4.4,Illinois,MAYFAIR PUMP STATION,4.4,4.3661200000000004,4.14832,3.3831600000000006
868,Chicago,04/02/2025,9.0,Illinois,MAYFAIR PUMP STATION,9.0,8.9307,8.485199999999999,6.920100000000001
869,Chicago,04/03/2025,5.4,Illinois,MAYFAIR PUMP STATION,5.4,5.35842,5.09112,4.1520600000000005
870,Chicago,04/04/2025,5.4,Illinois,MAYFAIR PUMP STATION,5.4,5.35842,5.09112,4.1520600000000005
871,Chicago,04/05/2025,5.0,Illinois,MAYFAIR PUMP STATION,5.0,4.9615,4.7139999999999995,3.8445
872,Chicago,04/06/2025,4.9,Illinois,MAYFAIR PUMP STATION,4.9,4.8622700000000005,4.61972,3.7676100000000003
873,Chicago,04/07/2025,4.5,Illinois,MAYFAIR PUMP STATION,4.5,4.46535,4.2425999999999995,3.4600500000000003
874,Chicago,04/08/2025,4.6,Illinois,MAYFAIR PUMP STATION,4.6,4.564579999999999,4.33688,3.53694
875,Chicago,04/09/2025,9.7,Illinois,MAYFAIR PUMP STATION,9.7,9.625309999999999,9.145159999999999,7.45833
876,Chicago,04/10/2025,12.4,Illinois,MAYFAIR PUMP STATION,12.4,12.30452,11.69072,9.534360000000001
877,Chicago,04/11/2025,12.1,Illinois,MAYFAIR PUMP STATION,12.1,12.006829999999999,11.407879999999999,9.30369
878,Chicago,04/12/2025,15.7,Illinois,MAYFAIR PUMP STATION,15.7,15.579109999999998,14.80196,12.07173
879,Chicago,04/13/2025,9.9,Illinois,MAYFAIR PUMP STATION,9.9,9.82377,9.33372,7.61211
880,Chicago,04/14/2025,5.6,Illinois,MAYFAIR PUMP STATION,5.6,5.55688,5.27968,4.30584
881,Chicago,04/15/2025,2.5,Illinois,MAYFAIR PUMP STATION,2.5,2.48075,2.3569999999999998,1.92225
882,Chicago,04/16/2025,3.6,Illinois,MAYFAIR PUMP STATION,3.6,3.57228,3.3940799999999998,2.76804
883,Chicago,04/17/2025,8.9,Illinois,MAYFAIR PUMP STATION,8.9,8.83147,8.39092,6.843210000000001
884,Chicago,04/18/2025,13.6,Illinois,MAYFAIR PUMP STATION,13.6,13.49528,12.82208,10.45704
885,Chicago,04/19/2025,8.6,Illinois,MAYFAIR PUMP STATION,8.6,8.53378,8.10808,6.61254
886,Chicago,04/20/2025,7.4,Illinois,MAYFAIR PUMP STATION,7.4,7.34302,6.97672,5.68986
887,Chicago,04/21/2025,3.3,Illinois,MAYFAIR PUMP STATION,3.3,3.27459,3.1112399999999996,2.53737
888,Chicago,04/22/2025,7.1,Illinois,MAYFAIR PUMP STATION,7.1,7.045329999999999,6.693879999999999,5.4591899999999995
889,Chicago,04/23/2025,7.3,Illinois,MAYFAIR PUMP STATION,7.3,7.24379,6.88244,5.61297
890,Chicago,04/24/2025,10.7,Illinois,MAYFAIR PUMP STATION,10.7,10.617609999999999,10.087959999999999,8.22723
891,Chicago,04/25/2025,4.4,Illinois,MAYFAIR PUMP STATION,4.4,4.3661200000000004,4.14832,3.3831600000000006
892,Chicago,04/26/2025,3.0,Illinois,MAYFAIR PUMP STATION,3.0,2.9768999999999997,2.8284,2.3067
893,Chicago,04/27/2025,6.8,Illinois,MAYFAIR PUMP STATION,6.8,6.74764,6.41104,5.22852
894,Chicago,04/28/2025,9.5,Illinois,MAYFAIR PUMP STATION,9.5,9.42685,8.9566,7.30455
895,Chicago,04/29/2025,5.3,Illinois,MAYFAIR PUMP STATION,5.3,5.259189999999999,4.99684,4.07517
896,Chicago,04/30/2025,3.6,Illinois,MAYFAIR PUMP STATION,3.6,3.57228,3.3940799999999998,2.76804
897,Chicago,05/01/2025,7.0,Illinois,MAYFAIR PUMP STATION,7.0,6.9460999999999995,6.5996,5.3823
898,Chicago,05/02/2025,4.6,Illinois,MAYFAIR PUMP STATION,4.6,4.564579999999999,4.33688,3.53694
899,Chicago,05/03/2025,2.6,Illinois,MAYFAIR PUMP STATION,2.6,2.57998,2.45128,1.9991400000000001
900,Chicago,05/04/2025,3.0,Illinois,MAYFAIR PUMP STATION,3.0,2.9768999999999997,2.8284,2.3067
901,Chicago,05/05/2025,4.7,Illinois,MAYFAIR PUMP STATION,4.7,4.66381,4.43116,3.61383
902,Chicago,05/06/2025,10.0,Illinois,MAYFAIR PUMP STATION,10.0,9.923,9.427999999999999,7.689
903,Chicago,05/07/2025,9.0,Illinois,MAYFAIR PUMP STATION,9.0,8.9307,8.485199999999999,6.920100000000001
904,Chicago,05/08/2025,3.5,Illinois,MAYFAIR PUMP STATION,3.5,3.4730499999999997,3.2998,2.69115
905,Chicago,05/09/2025,5.2,Illinois,MAYFAIR PUMP STATION,5.2,5.15996,4.90256,3.9982800000000003
906,Chicago,05/10/2025,5.2,Illinois,MAYFAIR PUMP STATION,5.2,5.15996,4.90256,3.9982800000000003
907,Chicago,05/11/2025,4.7,Illinois,MAYFAIR PUMP STATION,4.7,4.66381,4.43116,3.61383
908,Chicago,05/12/2025,8.1,Illinois,MAYFAIR PUMP STATION,8.1,8.03763,7.636679999999999,6.22809
909,Chicago,05/13/2025,6.7,Illinois,MAYFAIR PUMP STATION,6.7,6.64841,6.31676,5.15163
910,Chicago,05/14/2025,6.3,Illinois,MAYFAIR PUMP STATION,6.3,6.2514899999999995,5.93964,4.84407
911,Chicago,05/15/2025,13.3,Illinois,MAYFAIR PUMP STATION,13.3,13.19759,12.53924,10.226370000000001
912,Chicago,05/16/2025,10.3,Illinois,MAYFAIR PUMP STATION,10.3,10.220690000000001,9.710840000000001,7.919670000000001
913,Chicago,05/17/2025,2.9,Illinois,MAYFAIR PUMP STATION,2.9,2.8776699999999997,2.73412,2.22981
914,Chicago,05/18/2025,3.2,Illinois,MAYFAIR PUMP STATION,3.2,3.17536,3.01696,2.4604800000000004
915,Chicago,05/19/2025,3.3,Illinois,MAYFAIR PUMP STATION,3.3,3.27459,3.1112399999999996,2.53737
916,Chicago,05/20/2025,5.2,Illinois,MAYFAIR PUMP STATION,5.2,5.15996,4.90256,3.9982800000000003
917,Chicago,05/21/2025,2.5,Illinois,MAYFAIR PUMP STATION,2.5,2.48075,2.3569999999999998,1.92225
918,Chicago,05/22/2025,3.0,Illinois,MAYFAIR PUMP STATION,3.0,2.9768999999999997,2.8284,2.3067
919,Chicago,05/23/2025,3.0,Illinois,MAYFAIR PUMP STATION,3.0,2.9768999999999997,2.8284,2.3067
920,Chicago,05/24/2025,3.2,Illinois,MAYFAIR PUMP STATION,3.2,3.17536,3.01696,2.4604800000000004
921,Chicago,05/25/2025,2.7,Illinois,MAYFAIR PUMP STATION,2.7,2.67921,2.54556,2.0760300000000003
922,Chicago,05/26/2025,3.8,Illinois,MAYFAIR PUMP STATION,3.8,3.7707399999999995,3.5826399999999996,2.92182
923,Chicago,05/27/2025,5.6,Illinois,MAYFAIR PUMP STATION,5.6,5.55688,5.27968,4.30584
924,Chicago,05/28/2025,6.2,Illinois,MAYFAIR PUMP STATION,6.2,6.15226,5.84536,4.767180000000001
925,Chicago,05/29/2025,14.5,Illinois,MAYFAIR PUMP STATION,14.5,14.388349999999999,13.6706,11.14905
926,Chicago,05/30/2025,15.5,Illinois,MAYFAIR PUMP STATION,15.5,15.38065,14.6134,11.917950000000001
927,Chicago,05/31/2025,8.6,Illinois,MAYFAIR PUMP STATION,8.6,8.53378,8.10808,6.61254
928,Chicago,06/01/2025,6.7,Illinois,MAYFAIR PUMP STATION,6.7,6.64841,6.31676,5.15163
929,Chicago,06/02/2025,11.4,Illinois,MAYFAIR PUMP STATION,11.4,11.31222,10.74792,8.765460000000001
930,Chicago,06/03/2025,15.9,Illinois,MAYFAIR PUMP STATION,15.9,15.777569999999999,14.99052,12.22551
931,Chicago,06/04/2025,27.1,Illinois,MAYFAIR PUMP STATION,27.1,26.89133,25.54988,20.837190000000003
932,Chicago,06/05/2025,59.4,Illinois,MAYFAIR PUMP STATION,59.4,58.94262,56.00232,45.67266
933,Chicago,06/06/2025,35.0,Illinois,MAYFAIR PUMP STATION,35.0,34.7305,32.998,26.9115
934,Chicago,06/07/2025,27.1,Illinois,MAYFAIR PUMP STATION,27.1,26.89133,25.54988,20.837190000000003
935,Chicago,06/08/2025,26.7,Illinois,MAYFAIR PUMP STATION,26.7,26.49441,25.17276,20.52963
936,Chicago,06/09/2025,18.9,Illinois,MAYFAIR PUMP STATION,18.9,18.754469999999998,17.81892,14.53221
937,Chicago,06/10/2025,20.4,Illinois,MAYFAIR PUMP STATION,20.4,20.242919999999998,19.23312,15.685559999999999
938,Chicago,06/11/2025,24.5,Illinois,MAYFAIR PUMP STATION,24.5,24.311349999999997,23.098599999999998,18.83805
939,Chicago,06/12/2025,26.5,Illinois,MAYFAIR PUMP STATION,26.5,26.295949999999998,24.984199999999998,20.37585
940,Chicago,06/13/2025,23.0,Illinois,MAYFAIR PUMP STATION,23.0,22.8229,21.6844,17.6847
941,Chicago,06/14/2025,13.3,Illinois,MAYFAIR PUMP STATION,13.3,13.19759,12.53924,10.226370000000001
942,Chicago,06/15/2025,10.3,Illinois,MAYFAIR PUMP STATION,10.3,10.220690000000001,9.710840000000001,7.919670000000001
943,Chicago,06/16/2025,14.6,Illinois,MAYFAIR PUMP STATION,14.6,14.48758,13.76488,11.22594
944,Chicago,06/17/2025,10.5,Illinois,MAYFAIR PUMP STATION,10.5,10.41915,9.8994,8.073450000000001
945,Chicago,06/18/2025,7.1,Illinois,MAYFAIR PUMP STATION,7.1,7.045329999999999,6.693879999999999,5.4591899999999995
946,Chicago,06/19/2025,9.2,Illinois,MAYFAIR PUMP STATION,9.2,9.129159999999999,8.67376,7.07388
947,Chicago,06/20/2025,8.3,Illinois,MAYFAIR PUMP STATION,8.3,8.23609,7.825240000000001,6.381870000000001
948,Chicago,06/21/2025,10.9,Illinois,MAYFAIR PUMP STATION,10.9,10.81607,10.27652,8.38101
949,Chicago,06/22/2025,12.6,Illinois,MAYFAIR PUMP STATION,12.6,12.502979999999999,11.87928,9.68814
950,Chicago,06/23/2025,12.6,Illinois,MAYFAIR PUMP STATION,12.6,12.502979999999999,11.87928,9.68814
951,Chicago,06/24/2025,6.7,Illinois,MAYFAIR PUMP STATION,6.7,6.64841,6.31676,5.15163
952,Chicago,06/25/2025,6.0,Illinois,MAYFAIR PUMP STATION,6.0,5.953799999999999,5.6568,4.6134
953,Chicago,06/26/2025,11.2,Illinois,MAYFAIR PUMP STATION,11.2,11.11376,10.55936,8.61168
954,Chicago,06/27/2025,5.8,Illinois,MAYFAIR PUMP STATION,5.8,5.7553399999999995,5.46824,4.45962
955,Chicago,06/28/2025,4.4,Illinois,MAYFAIR PUMP STATION,4.4,4.3661200000000004,4.14832,3.3831600000000006
956,Chicago,06/29/2025,8.4,Illinois,MAYFAIR PUMP STATION,8.4,8.33532,7.91952,6.458760000000001
957,Chicago,06/30/2025,5.9,Illinois,MAYFAIR PUMP STATION,5.9,5.85457,5.56252,4.536510000000001
958,Chicago,07/01/2025,8.0,Illinois,MAYFAIR PUMP STATION,8.0,7.9384,7.5424,6.1512
959,Chicago,07/02/2025,14.0,Illinois,MAYFAIR PUMP STATION,14.0,13.892199999999999,13.1992,10.7646
960,Chicago,07/03/2025,11.9,Illinois,MAYFAIR PUMP STATION,11.9,11.80837,11.21932,9.14991
961,Chicago,07/04/2025,79.8,Illinois,MAYFAIR PUMP STATION,79.8,79.18553999999999,75.23544,61.35822
962,Chicago,07/05/2025,17.3,Illinois,MAYFAIR PUMP STATION,17.3,17.16679,16.31044,13.30197
963,Chicago,07/06/2025,8.4,Illinois,MAYFAIR PUMP STATION,8.4,8.33532,7.91952,6.458760000000001
964,Chicago,07/07/2025,17.3,Illinois,MAYFAIR PUMP STATION,17.3,17.16679,16.31044,13.30197
965,Chicago,07/08/2025,19.9,Illinois,MAYFAIR PUMP STATION,19.9,19.746769999999998,18.761719999999997,15.30111
966,Chicago,07/09/2025,10.6,Illinois,MAYFAIR PUMP STATION,10.6,10.518379999999999,9.99368,8.15034
967,Chicago,07/10/2025,8.5,Illinois,MAYFAIR PUMP STATION,8.5,8.43455,8.0138,6.53565
968,Chicago,07/11/2025,7.9,Illinois,MAYFAIR PUMP STATION,7.9,7.83917,7.44812,6.0743100000000005
969,Chicago,07/12/2025,6.1,Illinois,MAYFAIR PUMP STATION,6.1,6.05303,5.751079999999999,4.69029
970,Chicago,07/13/2025,24.6,Illinois,MAYFAIR PUMP STATION,24.6,24.41058,23.192880000000002,18.91494
971,Chicago,07/14/2025,39.7,Illinois,MAYFAIR PUMP STATION,39.7,39.394310000000004,37.42916,30.525330000000004
972,Chicago,07/15/2025,25.1,Illinois,MAYFAIR PUMP STATION,25.1,24.90673,23.66428,19.299390000000002
973,Chicago,07/16/2025,7.4,Illinois,MAYFAIR PUMP STATION,7.4,7.34302,6.97672,5.68986
974,Chicago,07/17/2025,3.2,Illinois,MAYFAIR PUMP STATION,3.2,3.17536,3.01696,2.4604800000000004
975,Chicago,07/18/2025,6.3,Illinois,MAYFAIR PUMP STATION,6.3,6.2514899999999995,5.93964,4.84407
976,Chicago,07/19/2025,7.0,Illinois,MAYFAIR PUMP STATION,7.0,6.9460999999999995,6.5996,5.3823
977,Chicago,07/20/2025,10.1,Illinois,MAYFAIR PUMP STATION,10.1,10.022229999999999,9.522279999999999,7.76589
978,Chicago,07/21/2025,34.5,Illinois,MAYFAIR PUMP STATION,34.5,34.23435,32.5266,26.527050000000003
979,Chicago,07/22/2025,26.1,Illinois,MAYFAIR PUMP STATION,26.1,25.89903,24.60708,20.06829
980,Chicago,07/23/2025,18.7,Illinois,MAYFAIR PUMP STATION,18.7,18.556009999999997,17.63036,14.37843
981,Chicago,07/24/2025,10.4,Illinois,MAYFAIR PUMP STATION,10.4,10.31992,9.80512,7.996560000000001
982,Chicago,07/25/2025,6.5,Illinois,MAYFAIR PUMP STATION,6.5,6.449949999999999,6.1282,4.997850000000001
983,Chicago,07/26/2025,6.4,Illinois,MAYFAIR PUMP STATION,6.4,6.35072,6.03392,4.920960000000001
984,Chicago,07/27/2025,7.5,Illinois,MAYFAIR PUMP STATION,7.5,7.44225,7.071,5.76675
985,Chicago,07/28/2025,9.0,Illinois,MAYFAIR PUMP STATION,9.0,8.9307,8.485199999999999,6.920100000000001
986,Chicago,07/29/2025,11.2,Illinois,MAYFAIR PUMP STATION,11.2,11.11376,10.55936,8.61168
987,Chicago,07/30/2025,11.8,Illinois,MAYFAIR PUMP STATION,11.8,11.70914,11.12504,9.073020000000001
988,Chicago,07/31/2025,73.9,Illinois,MAYFAIR PUMP STATION,73.9,73.33097000000001,69.67292,56.82171
989,Chicago,08/01/2025,47.6,Illinois,MAYFAIR PUMP STATION,47.6,47.23348,44.87728,36.59964
990,Chicago,08/02/2025,28.2,Illinois,MAYFAIR PUMP STATION,28.2,27.98286,26.586959999999998,21.68298
991,Chicago,08/03/2025,35.2,Illinois,MAYFAIR PUMP STATION,35.2,34.928960000000004,33.18656,27.065280000000005
992,Chicago,08/04/2025,26.1,Illinois,MAYFAIR PUMP STATION,26.1,25.89903,24.60708,20.06829
993,Chicago,08/05/2025,34.1,Illinois,MAYFAIR PUMP STATION,34.1,33.83743,32.14948,26.21949
994,Chicago,08/06/2025,32.2,Illinois,MAYFAIR PUMP STATION,32.2,31.952060000000003,30.35816,24.758580000000002
995,Chicago,08/07/2025,18.4,Illinois,MAYFAIR PUMP STATION,18.4,18.258319999999998,17.34752,14.14776
996,Chicago,08/08/2025,15.3,Illinois,MAYFAIR PUMP STATION,15.3,15.18219,14.42484,11.764170000000002
997,Chicago,08/09/2025,14.2,Illinois,MAYFAIR PUMP STATION,14.2,14.090659999999998,13.387759999999998,10.918379999999999
998,Chicago,08/10/2025,10.6,Illinois,MAYFAIR PUMP STATION,10.6,10.518379999999999,9.99368,8.15034
999,Chicago,08/11/2025,8.9,Illinois,MAYFAIR PUMP STATION,8.9,8.83147,8.39092,6.843210000000001
1000,Chicago,08/12/2025,7.8,Illinois,MAYFAIR PUMP STATION,7.8,7.73994,7.35384,5.99742
1001,Chicago,08/13/2025,12.6,Illinois,MAYFAIR PUMP STATION,12.6,12.502979999999999,11.87928,9.68814
1002,Chicago,08/14/2025,19.3,Illinois,MAYFAIR PUMP STATION,19.3,19.15139,18.19604,14.839770000000001
1003,Chicago,08/15/2025,21.3,Illinois,MAYFAIR PUMP STATION,21.3,21.13599,20.08164,16.377570000000002
1004,Chicago,08/16/2025,11.8,Illinois,MAYFAIR PUMP STATION,11.8,11.70914,11.12504,9.073020000000001
1005,Chicago,08/17/2025,5.2,Illinois,MAYFAIR PUMP STATION,5.2,5.15996,4.90256,3.9982800000000003
1006,Chicago,08/18/2025,8.4,Illinois,MAYFAIR PUMP STATION,8.4,8.33532,7.91952,6.458760000000001
1007,Chicago,08/19/2025,4.6,Illinois,MAYFAIR PUMP STATION,4.6,4.564579999999999,4.33688,3.53694
1008,Chicago,08/20/2025,3.0,Illinois,MAYFAIR PUMP STATION,3.0,2.9768999999999997,2.8284,2.3067
1009,Chicago,08/21/2025,3.3,Illinois,MAYFAIR PUMP STATION,3.3,3.27459,3.1112399999999996,2.53737
1010,Chicago,08/22/2025,7.4,Illinois,MAYFAIR PUMP STATION,7.4,7.34302,6.97672,5.68986
1011,Chicago,08/23/2025,6.0,Illinois,MAYFAIR PUMP STATION,6.0,5.953799999999999,5.6568,4.6134
1012,Chicago,08/24/2025,3.5,Illinois,MAYFAIR PUMP STATION,3.5,3.4730499999999997,3.2998,2.69115
1013,Chicago,08/25/2025,3.5,Illinois,MAYFAIR PUMP STATION,3.5,3.4730499999999997,3.2998,2.69115
1014,Chicago,08/26/2025,5.5,Illinois,MAYFAIR PUMP STATION,5.5,5.45765,5.1854,4.22895
1015,Chicago,08/27/2025,6.9,Illinois,MAYFAIR PUMP STATION,6.9,6.84687,6.50532,5.30541
1016,Chicago,08/28/2025,5.5,Illinois,MAYFAIR PUMP STATION,5.5,5.45765,5.1854,4.22895
1017,Chicago,08/29/2025,2.7,Illinois,MAYFAIR PUMP STATION,2.7,2.67921,2.54556,2.0760300000000003
1018,Chicago,08/30/2025,4.1,Illinois,MAYFAIR PUMP STATION,4.1,4.068429999999999,3.8654799999999994,3.15249
1019,Chicago,08/31/2025,6.3,Illinois,MAYFAIR PUMP STATION,6.3,6.2514899999999995,5.93964,4.84407
1020,Chicago,09/01/2025,7.5,Illinois,MAYFAIR PUMP STATION,7.5,7.44225,7.071,5.76675
1021,Chicago,09/02/2025,8.8,Illinois,MAYFAIR PUMP STATION,8.8,8.732240000000001,8.29664,6.766320000000001
1022,Chicago,09/03/2025,12.4,Illinois,MAYFAIR PUMP STATION,12.4,12.30452,11.69072,9.534360000000001
1023,Chicago,09/04/2025,9.9,Illinois,MAYFAIR PUMP STATION,9.9,9.82377,9.33372,7.61211
1024,Chicago,09/05/2025,7.5,Illinois,MAYFAIR PUMP STATION,7.5,7.44225,7.071,5.76675
1025,Chicago,09/06/2025,4.0,Illinois,MAYFAIR PUMP STATION,4.0,3.9692,3.7712,3.0756
1026,Chicago,09/07/2025,4.7,Illinois,MAYFAIR PUMP STATION,4.7,4.66381,4.43116,3.61383
1027,Chicago,09/08/2025,7.1,Illinois,MAYFAIR PUMP STATION,7.1,7.045329999999999,6.693879999999999,5.4591899999999995
1028,Chicago,09/09/2025,7.2,Illinois,MAYFAIR PUMP STATION,7.2,7.14456,6.7881599999999995,5.53608
1029,Chicago,09/10/2025,12.1,Illinois,MAYFAIR PUMP STATION,12.1,12.006829999999999,11.407879999999999,9.30369
1030,Chicago,09/11/2025,9.1,Illinois,MAYFAIR PUMP STATION,9.1,9.029929999999998,8.57948,6.99699
1031,Chicago,09/12/2025,11.7,Illinois,MAYFAIR PUMP STATION,11.7,11.60991,11.030759999999999,8.996129999999999
1032,Chicago,09/13/2025,14.4,Illinois,MAYFAIR PUMP STATION,14.4,14.28912,13.576319999999999,11.07216
1033,Chicago,09/14/2025,12.8,Illinois,MAYFAIR PUMP STATION,12.8,12.70144,12.06784,9.841920000000002
1034,Chicago,09/15/2025,13.0,Illinois,MAYFAIR PUMP STATION,13.0,12.899899999999999,12.2564,9.995700000000001
1035,Chicago,09/16/2025,11.5,Illinois,MAYFAIR PUMP STATION,11.5,11.41145,10.8422,8.84235
1036,Chicago,09/17/2025,12.2,Illinois,MAYFAIR PUMP STATION,12.2,12.10606,11.502159999999998,9.38058
1037,Chicago,09/18/2025,14.1,Illinois,MAYFAIR PUMP STATION,14.1,13.99143,13.293479999999999,10.84149
1038,Chicago,09/19/2025,15.4,Illinois,MAYFAIR PUMP STATION,15.4,15.281419999999999,14.51912,11.84106
1039,Chicago,09/20/2025,13.7,Illinois,MAYFAIR PUMP STATION,13.7,13.594509999999998,12.91636,10.53393
1040,Chicago,09/21/2025,10.9,Illinois,MAYFAIR PUMP STATION,10.9,10.81607,10.27652,8.38101
1041,Chicago,09/22/2025,7.9,Illinois,MAYFAIR PUMP STATION,7.9,7.83917,7.44812,6.0743100000000005
1042,Chicago,09/23/2025,7.8,Illinois,MAYFAIR PUMP STATION,7.8,7.73994,7.35384,5.99742
1043,Chicago,09/24/2025,3.8,Illinois,MAYFAIR PUMP STATION,3.8,3.7707399999999995,3.5826399999999996,2.92182
1044,Chicago,09/25/2025,6.1,Illinois,MAYFAIR PUMP STATION,6.1,6.05303,5.751079999999999,4.69029
1045,Chicago,09/26/2025,9.9,Illinois,MAYFAIR PUMP STATION,9.9,9.82377,9.33372,7.61211
1046,Chicago,09/27/2025,13.5,Illinois,MAYFAIR PUMP STATION,13.5,13.396049999999999,12.7278,10.38015
1047,Chicago,09/28/2025,10.1,Illinois,MAYFAIR PUMP STATION,10.1,10.022229999999999,9.522279999999999,7.76589
1048,Chicago,09/29/2025,13.8,Illinois,MAYFAIR PUMP STATION,13.8,13.69374,13.01064,10.61082
1049,Chicago,09/30/2025,10.3,Illinois,MAYFAIR PUMP STATION,10.3,10.220690000000001,9.710840000000001,7.919670000000001
1050,Chicago,10/01/2025,6.9,Illinois,MAYFAIR PUMP STATION,6.9,6.84687,6.50532,5.30541
1051,Chicago,10/02/2025,10.2,Illinois,MAYFAIR PUMP STATION,10.2,10.121459999999999,9.61656,7.842779999999999
1052,Chicago,10/03/2025,16.2,Illinois,MAYFAIR PUMP STATION,16.2,16.07526,15.273359999999998,12.45618
1053,Chicago,10/04/2025,15.6,Illinois,MAYFAIR PUMP STATION,15.6,15.47988,14.70768,11.99484
1054,Chicago,10/05/2025,11.0,Illinois,MAYFAIR PUMP STATION,11.0,10.9153,10.3708,8.4579
1055,Chicago,10/06/2025,8.7,Illinois,MAYFAIR PUMP STATION,8.7,8.633009999999999,8.202359999999999,6.68943
1056,Chicago,10/07/2025,4.4,Illinois,MAYFAIR PUMP STATION,4.4,4.3661200000000004,4.14832,3.3831600000000006
1057,Chicago,10/08/2025,4.3,Illinois,MAYFAIR PUMP STATION,4.3,4.26689,4.05404,3.30627
1058,Chicago,10/09/2025,6.0,Illinois,MAYFAIR PUMP STATION,6.0,5.953799999999999,5.6568,4.6134
1059,Chicago,10/10/2025,7.5,Illinois,MAYFAIR PUMP STATION,7.5,7.44225,7.071,5.76675
1060,Chicago,10/11/2025,2.5,Illinois,MAYFAIR PUMP STATION,2.5,2.48075,2.3569999999999998,1.92225
1061,Chicago,10/12/2025,5.2,Illinois,MAYFAIR PUMP STATION,5.2,5.15996,4.90256,3.9982800000000003
1062,Chicago,10/13/2025,10.4,Illinois,MAYFAIR PUMP STATION,10.4,10.31992,9.80512,7.996560000000001
1063,Chicago,10/14/2025,8.4,Illinois,MAYFAIR PUMP STATION,8.4,8.33532,7.91952,6.458760000000001
1064,Chicago,10/15/2025,2.9,Illinois,MAYFAIR PUMP STATION,2.9,2.8776699999999997,2.73412,2.22981
1065,Chicago,10/16/2025,4.5,Illinois,MAYFAIR PUMP STATION,4.5,4.46535,4.2425999999999995,3.4600500000000003
1066,Chicago,10/17/2025,5.7,Illinois,MAYFAIR PUMP STATION,5.7,5.65611,5.37396,4.3827300000000005
1067,Chicago,10/18/2025,13.1,Illinois,MAYFAIR PUMP STATION,13.1,12.99913,12.350679999999999,10.07259
1068,Chicago,10/19/2025,3.5,Illinois,MAYFAIR PUMP STATION,3.5,3.4730499999999997,3.2998,2.69115
1069,Chicago,10/20/2025,4.3,Illinois,MAYFAIR PUMP STATION,4.3,4.26689,4.05404,3.30627
1070,Chicago,10/21/2025,3.2,Illinois,MAYFAIR PUMP STATION,3.2,3.17536,3.01696,2.4604800000000004
1071,Chicago,10/22/2025,2.2,Illinois,MAYFAIR PUMP STATION,2.2,2.1830600000000002,2.07416,1.6915800000000003
1072,Chicago,10/23/2025,3.1,Illinois,MAYFAIR PUMP STATION,3.1,3.07613,2.92268,2.3835900000000003
1073,Chicago,10/24/2025,5.9,Illinois,MAYFAIR PUMP STATION,5.9,5.85457,5.56252,4.536510000000001
1074,Chicago,10/25/2025,9.9,Illinois,MAYFAIR PUMP STATION,9.9,9.82377,9.33372,7.61211
1075,Chicago,10/26/2025,7.3,Illinois,MAYFAIR PUMP STATION,7.3,7.24379,6.88244,5.61297
1076,Chicago,10/27/2025,3.9,Illinois,MAYFAIR PUMP STATION,3.9,3.86997,3.67692,2.99871
1077,Chicago,10/28/2025,5.0,Illinois,MAYFAIR PUMP STATION,5.0,4.9615,4.7139999999999995,3.8445
1078,Chicago,10/29/2025,4.4,Illinois,MAYFAIR PUMP STATION,4.4,4.3661200000000004,4.14832,3.3831600000000006
1079,Chicago,10/30/2025,4.4,Illinois,MAYFAIR PUMP STATION,4.4,4.3661200000000004,4.14832,3.3831600000000006
1080,Chicago,10/31/2025,10.1,Illinois,MAYFAIR PUMP STATION,10.1,10.022229999999999,9.522279999999999,7.76589
1081,Chicago,11/01/2025,7.1,Illinois,MAYFAIR PUMP STATION,7.1,7.045329999999999,6.693879999999999,5.4591899999999995
1082,Chicago,11/02/2025,5.9,Illinois,MAYFAIR PUMP STATION,5.9,5.85457,5.56252,4.536510000000001
1083,Chicago,11/03/2025,4.5,Illinois,MAYFAIR PUMP STATION,4.5,4.46535,4.2425999999999995,3.4600500000000003
1084,Chicago,11/04/2025,6.1,Illinois,MAYFAIR PUMP STATION,6.1,6.05303,5.751079999999999,4.69029
1085,Chicago,11/05/2025,7.1,Illinois,MAYFAIR PUMP STATION,7.1,7.045329999999999,6.693879999999999,5.4591899999999995
1086,Chicago,11/06/2025,7.7,Illinois,MAYFAIR PUMP STATION,7.7,7.6407099999999994,7.25956,5.92053
1087,Chicago,11/07/2025,6.7,Illinois,MAYFAIR PUMP STATION,6.7,6.64841,6.31676,5.15163
1088,Chicago,11/08/2025,2.3,Illinois,MAYFAIR PUMP STATION,2.3,2.2822899999999997,2.16844,1.76847
1089,Chicago,11/09/2025,2.3,Illinois,MAYFAIR PUMP STATION,2.3,2.2822899999999997,2.16844,1.76847
1090,Chicago,11/10/2025,2.3,Illinois,MAYFAIR PUMP STATION,2.3,2.2822899999999997,2.16844,1.76847
1091,Chicago,11/11/2025,5.9,Illinois,MAYFAIR PUMP STATION,5.9,5.85457,5.56252,4.536510000000001
1092,Chicago,11/12/2025,4.6,Illinois,MAYFAIR PUMP STATION,4.6,4.564579999999999,4.33688,3.53694
1093,Chicago,11/13/2025,7.5,Illinois,MAYFAIR PUMP STATION,7.5,7.44225,7.071,5.76675
1094,Chicago,11/14/2025,15.0,Illinois,MAYFAIR PUMP STATION,15.0,14.8845,14.142,11.5335
1095,Chicago,11/15/2025,7.8,Illinois,MAYFAIR PUMP STATION,7.8,7.73994,7.35384,5.99742
1096,Chicago,11/16/2025,3.1,Illinois,MAYFAIR PUMP STATION,3.1,3.07613,2.92268,2.3835900000000003
1097,Chicago,11/17/2025,5.1,Illinois,MAYFAIR PUMP STATION,5.1,5.0607299999999995,4.80828,3.9213899999999997
1098,Chicago,11/18/2025,8.1,Illinois,MAYFAIR PUMP STATION,8.1,8.03763,7.636679999999999,6.22809
1099,Chicago,11/19/2025,15.6,Illinois,MAYFAIR PUMP STATION,15.6,15.47988,14.70768,11.99484
1100,Chicago,11/20/2025,21.1,Illinois,MAYFAIR PUMP STATION,21.1,20.93753,19.89308,16.22379
1101,Chicago,11/21/2025,13.4,Illinois,MAYFAIR PUMP STATION,13.4,13.29682,12.63352,10.30326
1102,Chicago,11/22/2025,12.1,Illinois,MAYFAIR PUMP STATION,12.1,12.006829999999999,11.407879999999999,9.30369
1103,Chicago,11/23/2025,12.9,Illinois,MAYFAIR PUMP STATION,12.9,12.80067,12.16212,9.91881
1104,Chicago,11/24/2025,16.9,Illinois,MAYFAIR PUMP STATION,16.9,16.769869999999997,15.933319999999998,12.99441
1105,Chicago,11/25/2025,12.7,Illinois,MAYFAIR PUMP STATION,12.7,12.60221,11.973559999999999,9.76503
1106,Chicago,11/26/2025,2.6,Illinois,MAYFAIR PUMP STATION,2.6,2.57998,2.45128,1.9991400000000001
1107,Chicago,11/27/2025,2.5,Illinois,MAYFAIR PUMP STATION,2.5,2.48075,2.3569999999999998,1.92225
1108,Chicago,11/28/2025,5.2,Illinois,MAYFAIR PUMP STATION,5.2,5.15996,4.90256,3.9982800000000003
1109,Chicago,11/29/2025,7.8,Illinois,MAYFAIR PUMP STATION,7.8,7.73994,7.35384,5.99742
1110,Chicago,11/30/2025,5.5,Illinois,MAYFAIR PUMP STATION,5.5,5.45765,5.1854,4.22895
1111,Chicago,12/01/2025,10.5,Illinois,MAYFAIR PUMP STATION,10.5,10.41915,9.8994,8.073450000000001
1112,Chicago,12/02/2025,19.4,Illinois,MAYFAIR PUMP STATION,19.4,19.250619999999998,18.290319999999998,14.91666
1113,Chicago,12/03/2025,15.0,Illinois,MAYFAIR PUMP STATION,15.0,14.8845,14.142,11.5335
1114,Chicago,12/04/2025,7.9,Illinois,MAYFAIR PUMP STATION,7.9,7.83917,7.44812,6.0743100000000005
1115,Chicago,12/05/2025,13.4,Illinois,MAYFAIR PUMP STATION,13.4,13.29682,12.63352,10.30326
1116,Chicago,12/06/2025,18.3,Illinois,MAYFAIR PUMP STATION,18.3,18.15909,17.25324,14.070870000000001
1117,Chicago,12/07/2025,8.8,Illinois,MAYFAIR PUMP STATION,8.8,8.732240000000001,8.29664,6.766320000000001
1118,Chicago,12/08/2025,7.6,Illinois,MAYFAIR PUMP STATION,7.6,7.541479999999999,7.165279999999999,5.84364
1119,Chicago,12/09/2025,14.4,Illinois,MAYFAIR PUMP STATION,14.4,14.28912,13.576319999999999,11.07216
1120,Chicago,12/10/2025,5.5,Illinois,MAYFAIR PUMP STATION,5.5,5.45765,5.1854,4.22895
1121,Chicago,12/11/2025,8.8,Illinois,MAYFAIR PUMP STATION,8.8,8.732240000000001,8.29664,6.766320000000001
1122,Chicago,12/16/2025,15.4,Illinois,MAYFAIR PUMP STATION,15.4,15.281419999999999,14.51912,11.84106
1123,Chicago,12/17/2025,16.6,Illinois,MAYFAIR PUMP STATION,16.6,16.47218,15.650480000000002,12.763740000000002
1124,Chicago,12/18/2025,9.4,Illinois,MAYFAIR PUMP STATION,9.4,9.32762,8.86232,7.22766
1125,Chicago,12/19/2025,5.0,Illinois,MAYFAIR PUMP STATION,5.0,4.9615,4.7139999999999995,3.8445
1126,Chicago,12/20/2025,4.5,Illinois,MAYFAIR PUMP STATION,4.5,4.46535,4.2425999999999995,3.4600500000000003
1127,Chicago,12/21/2025,5.6,Illinois,MAYFAIR PUMP STATION,5.6,5.55688,5.27968,4.30584
1128,Chicago,12/22/2025,6.0,Illinois,MAYFAIR PUMP STATION,6.0,5.953799999999999,5.6568,4.6134
1129,Chicago,12/23/2025,12.7,Illinois,MAYFAIR PUMP STATION,12.7,12.60221,11.973559999999999,9.76503
1130,Chicago,12/24/2025,17.4,Illinois,MAYFAIR PUMP STATION,17.4,17.266019999999997,16.404719999999998,13.37886
1131,Chicago,12/25/2025,19.1,Illinois,MAYFAIR PUMP STATION,19.1,18.952930000000002,18.00748,14.685990000000002
1132,Chicago,12/26/2025,13.0,Illinois,MAYFAIR PUMP STATION,13.0,12.899899999999999,12.2564,9.995700000000001
1133,Chicago,12/27/2025,16.1,Illinois,MAYFAIR PUMP STATION,16.1,15.976030000000002,15.17908,12.379290000000001
1134,Chicago,12/28/2025,7.8,Illinois,MAYFAIR PUMP STATION,7.8,7.73994,7.35384,5.99742
1135,Chicago,12/29/2025,3.4,Illinois,MAYFAIR PUMP STATION,3.4,3.37382,3.20552,2.61426
1136,Chicago,12/30/2025,4.7,Illinois,MAYFAIR PUMP STATION,4.7,4.66381,4.43116,3.61383
1137,Chicago,12/31/2025,6.5,Illinois,MAYFAIR PUMP STATION,6.5,6.449949999999999,6.1282,4.997850000000001
1138,Chicago,01/01/2025,3.2,Illinois,MAYFAIR PUMP STATION,3.2,3.17536,3.01696,2.4604800000000004
1139,Chicago,01/07/2025,3.9,Illinois,MAYFAIR PUMP STATION,3.9,3.86997,3.67692,2.99871
1140,Chicago,01/13/2025,4.5,Illinois,MAYFAIR PUMP STATION,4.5,4.46535,4.2425999999999995,3.4600500000000003
1141,Chicago,01/19/2025,3.4,Illinois,MAYFAIR PUMP STATION,3.4,3.37382,3.20552,2.61426
1142,Chicago,01/25/2025,5.5,Illinois,MAYFAIR PUMP STATION,5.5,5.45765,5.1854,4.22895
1143,Chicago,01/31/2025,7.4,Illinois,MAYFAIR PUMP STATION,7.4,7.34302,6.97672,5.68986
1144,Chicago,02/12/2025,8.2,Illinois,MAYFAIR PUMP STATION,8.2,8.136859999999999,7.730959999999999,6.30498
1145,Chicago,02/18/2025,5.4,Illinois,MAYFAIR PUMP STATION,5.4,5.35842,5.09112,4.1520600000000005
1146,Chicago,02/24/2025,10.8,Illinois,MAYFAIR PUMP STATION,10.8,10.71684,10.18224,8.304120000000001
1147,Chicago,03/02/2025,9.5,Illinois,MAYFAIR PUMP STATION,9.5,9.42685,8.9566,7.30455
1148,Chicago,03/08/2025,4.4,Illinois,MAYFAIR PUMP STATION,4.4,4.3661200000000004,4.14832,3.3831600000000006
1149,Chicago,03/14/2025,13.0,Illinois,MAYFAIR PUMP STATION,13.0,12.899899999999999,12.2564,9.995700000000001
1150,Chicago,03/20/2025,3.2,Illinois,MAYFAIR PUMP STATION,3.2,3.17536,3.01696,2.4604800000000004
1151,Chicago,03/27/2025,11.7,Illinois,MAYFAIR PUMP STATION,11.7,11.60991,11.030759999999999,8.996129999999999
1152,Chicago,04/01/2025,3.0,Illinois,MAYFAIR PUMP STATION,3.0,2.9768999999999997,2.8284,2.3067
1153,Chicago,04/07/2025,3.8,Illinois,MAYFAIR PUMP STATION,3.8,3.7707399999999995,3.5826399999999996,2.92182
1154,Chicago,04/13/2025,8.5,Illinois,MAYFAIR PUMP STATION,8.5,8.43455,8.0138,6.53565
1155,Chicago,04/19/2025,9.8,Illinois,MAYFAIR PUMP STATION,9.8,9.724540000000001,9.23944,7.535220000000001
1156,Chicago,04/25/2025,4.1,Illinois,MAYFAIR PUMP STATION,4.1,4.068429999999999,3.8654799999999994,3.15249
1157,Chicago,05/01/2025,8.3,Illinois,MAYFAIR PUMP STATION,8.3,8.23609,7.825240000000001,6.381870000000001
1158,Chicago,05/07/2025,7.8,Illinois,MAYFAIR PUMP STATION,7.8,7.73994,7.35384,5.99742
1159,Chicago,05/13/2025,6.8,Illinois,MAYFAIR PUMP STATION,6.8,6.74764,6.41104,5.22852
1160,Chicago,05/19/2025,2.8,Illinois,MAYFAIR PUMP STATION,2.8,2.77844,2.63984,2.15292
1161,Chicago,05/25/2025,3.4,Illinois,MAYFAIR PUMP STATION,3.4,3.37382,3.20552,2.61426
1162,Chicago,05/31/2025,8.1,Illinois,MAYFAIR PUMP STATION,8.1,8.03763,7.636679999999999,6.22809
1163,Chicago,06/06/2025,24.9,Illinois,MAYFAIR PUMP STATION,24.9,24.70827,23.47572,19.14561
1164,Chicago,06/12/2025,20.5,Illinois,MAYFAIR PUMP STATION,20.5,20.34215,19.3274,15.762450000000001
1165,Chicago,06/18/2025,7.2,Illinois,MAYFAIR PUMP STATION,7.2,7.14456,6.7881599999999995,5.53608
1166,Chicago,06/24/2025,7.2,Illinois,MAYFAIR PUMP STATION,7.2,7.14456,6.7881599999999995,5.53608
1167,Chicago,06/30/2025,6.6,Illinois,MAYFAIR PUMP STATION,6.6,6.54918,6.222479999999999,5.07474
1168,Chicago,07/06/2025,8.3,Illinois,MAYFAIR PUMP STATION,8.3,8.23609,7.825240000000001,6.381870000000001
1169,Chicago,07/12/2025,6.2,Illinois,MAYFAIR PUMP STATION,6.2,6.15226,5.84536,4.767180000000001
1170,Chicago,07/18/2025,6.5,Illinois,MAYFAIR PUMP STATION,6.5,6.449949999999999,6.1282,4.997850000000001
1171,Chicago,07/24/2025,11.0,Illinois,MAYFAIR PUMP STATION,11.0,10.9153,10.3708,8.4579
1172,Chicago,08/08/2025,13.6,Illinois,MAYFAIR PUMP STATION,13.6,13.49528,12.82208,10.45704
1173,Chicago,08/11/2025,8.6,Illinois,MAYFAIR PUMP STATION,8.6,8.53378,8.10808,6.61254
1174,Chicago,08/23/2025,6.0,Illinois,MAYFAIR PUMP STATION,6.0,5.953799999999999,5.6568,4.6134
1175,Chicago,08/29/2025,2.5,Illinois,MAYFAIR PUMP STATION,2.5,2.48075,2.3569999999999998,1.92225
1176,Chicago,09/06/2025,4.1,Illinois,MAYFAIR PUMP STATION,4.1,4.068429999999999,3.8654799999999994,3.15249
1177,Chicago,09/10/2025,10.5,Illinois,MAYFAIR PUMP STATION,10.5,10.41915,9.8994,8.073450000000001
1178,Chicago,09/16/2025,11.1,Illinois,MAYFAIR PUMP STATION,11.1,11.014529999999999,10.465079999999999,8.53479
1179,Chicago,09/22/2025,7.7,Illinois,MAYFAIR PUMP STATION,7.7,7.6407099999999994,7.25956,5.92053
1180,Chicago,09/28/2025,8.1,Illinois,MAYFAIR PUMP STATION,8.1,8.03763,7.636679999999999,6.22809
1181,Chicago,10/04/2025,11.8,Illinois,MAYFAIR PUMP STATION,11.8,11.70914,11.12504,9.073020000000001
1182,Chicago,10/10/2025,7.9,Illinois,MAYFAIR PUMP STATION,7.9,7.83917,7.44812,6.0743100000000005
1183,Chicago,10/16/2025,5.3,Illinois,MAYFAIR PUMP STATION,5.3,5.259189999999999,4.99684,4.07517
1184,Chicago,10/22/2025,2.8,Illinois,MAYFAIR PUMP STATION,2.8,2.77844,2.63984,2.15292
1185,Chicago,10/28/2025,4.2,Illinois,MAYFAIR PUMP STATION,4.2,4.16766,3.95976,3.2293800000000004
1186,Chicago,11/03/2025,4.3,Illinois,MAYFAIR PUMP STATION,4.3,4.26689,4.05404,3.30627
1187,Chicago,11/09/2025,1.8,Illinois,MAYFAIR PUMP STATION,1.8,1.78614,1.6970399999999999,1.38402
1188,Chicago,11/15/2025,7.5,Illinois,MAYFAIR PUMP STATION,7.5,7.44225,7.071,5.76675
1189,Chicago,11/21/2025,11.7,Illinois,MAYFAIR PUMP STATION,11.7,11.60991,11.030759999999999,8.996129999999999
1190,Chicago,11/27/2025,1.7,Illinois,MAYFAIR PUMP STATION,1.7,1.68691,1.60276,1.30713
1191,Chicago,12/03/2025,13.0,Illinois,MAYFAIR PUMP STATION,13.0,12.899899999999999,12.2564,9.995700000000001
1192,Chicago,12/09/2025,14.1,Illinois,MAYFAIR PUMP STATION,14.1,13.99143,13.293479999999999,10.84149
1193,Chicago,12/15/2025,11.4,Illinois,MAYFAIR PUMP STATION,11.4,11.31222,10.74792,8.765460000000001
1194,Chicago,12/21/2025,6.3,Illinois,MAYFAIR PUMP STATION,6.3,6.2514899999999995,5.93964,4.84407
1195,Chicago,12/27/2025,14.8,Illinois,MAYFAIR PUMP STATION,14.8,14.68604,13.95344,11.37972
1196,Chicago,01/01/2025,4.9,Illinois,SPRINGFIELD PUMP STATION,4.9,4.8622700000000005,4.61972,3.7676100000000003
1197,Chicago,01/02/2025,4.6,Illinois,SPRINGFIELD PUMP STATION,4.6,4.564579999999999,4.33688,3.53694
1198,Chicago,01/03/2025,5.7,Illinois,SPRINGFIELD PUMP STATION,5.7,5.65611,5.37396,4.3827300000000005
1199,Chicago,01/04/2025,3.6,Illinois,SPRINGFIELD PUMP STATION,3.6,3.57228,3.3940799999999998,2.76804
1200,Chicago,01/05/2025,3.4,Illinois,SPRINGFIELD PUMP STATION,3.4,3.37382,3.20552,2.61426
1201,Chicago,01/06/2025,2.3,Illinois,SPRINGFIELD PUMP STATION,2.3,2.2822899999999997,2.16844,1.76847
1202,Chicago,01/07/2025,4.3,Illinois,SPRINGFIELD PUMP STATION,4.3,4.26689,4.05404,3.30627
1203,Chicago,01/08/2025,5.3,Illinois,SPRINGFIELD PUMP STATION,5.3,5.259189999999999,4.99684,4.07517
1204,Chicago,01/09/2025,12.3,Illinois,SPRINGFIELD PUMP STATION,12.3,12.20529,11.596440000000001,9.45747
1205,Chicago,01/10/2025,21.4,Illinois,SPRINGFIELD PUMP STATION,21.4,21.235219999999998,20.175919999999998,16.45446
1206,Chicago,01/11/2025,10.6,Illinois,SPRINGFIELD PUMP STATION,10.6,10.518379999999999,9.99368,8.15034
1207,Chicago,01/12/2025,10.3,Illinois,SPRINGFIELD PUMP STATION,10.3,10.220690000000001,9.710840000000001,7.919670000000001
1208,Chicago,01/13/2025,4.0,Illinois,SPRINGFIELD PUMP STATION,4.0,3.9692,3.7712,3.0756
1209,Chicago,01/14/2025,5.8,Illinois,SPRINGFIELD PUMP STATION,5.8,5.7553399999999995,5.46824,4.45962
1210,Chicago,01/15/2025,8.5,Illinois,SPRINGFIELD PUMP STATION,8.5,8.43455,8.0138,6.53565
1211,Chicago,01/16/2025,8.7,Illinois,SPRINGFIELD PUMP STATION,8.7,8.633009999999999,8.202359999999999,6.68943
1212,Chicago,01/17/2025,7.8,Illinois,SPRINGFIELD PUMP STATION,7.8,7.73994,7.35384,5.99742
1213,Chicago,01/18/2025,3.6,Illinois,SPRINGFIELD PUMP STATION,3.6,3.57228,3.3940799999999998,2.76804
1214,Chicago,01/19/2025,3.3,Illinois,SPRINGFIELD PUMP STATION,3.3,3.27459,3.1112399999999996,2.53737
1215,Chicago,01/20/2025,3.5,Illinois,SPRINGFIELD PUMP STATION,3.5,3.4730499999999997,3.2998,2.69115
1216,Chicago,01/21/2025,3.8,Illinois,SPRINGFIELD PUMP STATION,3.8,3.7707399999999995,3.5826399999999996,2.92182
1217,Chicago,01/22/2025,5.7,Illinois,SPRINGFIELD PUMP STATION,5.7,5.65611,5.37396,4.3827300000000005
1218,Chicago,01/23/2025,6.7,Illinois,SPRINGFIELD PUMP STATION,6.7,6.64841,6.31676,5.15163
1219,Chicago,01/24/2025,7.8,Illinois,SPRINGFIELD PUMP STATION,7.8,7.73994,7.35384,5.99742
1220,Chicago,01/25/2025,6.0,Illinois,SPRINGFIELD PUMP STATION,6.0,5.953799999999999,5.6568,4.6134
1221,Chicago,01/26/2025,4.0,Illinois,SPRINGFIELD PUMP STATION,4.0,3.9692,3.7712,3.0756
1222,Chicago,01/27/2025,4.7,Illinois,SPRINGFIELD PUMP STATION,4.7,4.66381,4.43116,3.61383
1223,Chicago,01/28/2025,4.7,Illinois,SPRINGFIELD PUMP STATION,4.7,4.66381,4.43116,3.61383
1224,Chicago,01/29/2025,4.5,Illinois,SPRINGFIELD PUMP STATION,4.5,4.46535,4.2425999999999995,3.4600500000000003
1225,Chicago,01/30/2025,10.5,Illinois,SPRINGFIELD PUMP STATION,10.5,10.41915,9.8994,8.073450000000001
1226,Chicago,01/31/2025,7.9,Illinois,SPRINGFIELD PUMP STATION,7.9,7.83917,7.44812,6.0743100000000005
1227,Chicago,02/01/2025,3.2,Illinois,SPRINGFIELD PUMP STATION,3.2,3.17536,3.01696,2.4604800000000004
1228,Chicago,02/02/2025,13.4,Illinois,SPRINGFIELD PUMP STATION,13.4,13.29682,12.63352,10.30326
1229,Chicago,02/03/2025,11.9,Illinois,SPRINGFIELD PUMP STATION,11.9,11.80837,11.21932,9.14991
1230,Chicago,02/04/2025,3.2,Illinois,SPRINGFIELD PUMP STATION,3.2,3.17536,3.01696,2.4604800000000004
1231,Chicago,02/05/2025,5.8,Illinois,SPRINGFIELD PUMP STATION,5.8,5.7553399999999995,5.46824,4.45962
1232,Chicago,02/06/2025,7.0,Illinois,SPRINGFIELD PUMP STATION,7.0,6.9460999999999995,6.5996,5.3823
1233,Chicago,02/07/2025,4.8,Illinois,SPRINGFIELD PUMP STATION,4.8,4.763039999999999,4.52544,3.69072
1234,Chicago,02/08/2025,7.6,Illinois,SPRINGFIELD PUMP STATION,7.6,7.541479999999999,7.165279999999999,5.84364
1235,Chicago,02/09/2025,6.9,Illinois,SPRINGFIELD PUMP STATION,6.9,6.84687,6.50532,5.30541
1236,Chicago,02/10/2025,6.2,Illinois,SPRINGFIELD PUMP STATION,6.2,6.15226,5.84536,4.767180000000001
1237,Chicago,02/11/2025,6.5,Illinois,SPRINGFIELD PUMP STATION,6.5,6.449949999999999,6.1282,4.997850000000001
1238,Chicago,02/12/2025,10.3,Illinois,SPRINGFIELD PUMP STATION,10.3,10.220690000000001,9.710840000000001,7.919670000000001
1239,Chicago,02/13/2025,6.9,Illinois,SPRINGFIELD PUMP STATION,6.9,6.84687,6.50532,5.30541
1240,Chicago,02/14/2025,11.3,Illinois,SPRINGFIELD PUMP STATION,11.3,11.21299,10.653640000000001,8.68857
1241,Chicago,02/15/2025,14.3,Illinois,SPRINGFIELD PUMP STATION,14.3,14.18989,13.48204,10.995270000000001
1242,Chicago,02/16/2025,5.4,Illinois,SPRINGFIELD PUMP STATION,5.4,5.35842,5.09112,4.1520600000000005
1243,Chicago,02/17/2025,4.6,Illinois,SPRINGFIELD PUMP STATION,4.6,4.564579999999999,4.33688,3.53694
1244,Chicago,02/18/2025,4.4,Illinois,SPRINGFIELD PUMP STATION,4.4,4.3661200000000004,4.14832,3.3831600000000006
1245,Chicago,02/19/2025,5.0,Illinois,SPRINGFIELD PUMP STATION,5.0,4.9615,4.7139999999999995,3.8445
1246,Chicago,02/20/2025,5.6,Illinois,SPRINGFIELD PUMP STATION,5.6,5.55688,5.27968,4.30584
1247,Chicago,02/21/2025,8.4,Illinois,SPRINGFIELD PUMP STATION,8.4,8.33532,7.91952,6.458760000000001
1248,Chicago,02/22/2025,8.2,Illinois,SPRINGFIELD PUMP STATION,8.2,8.136859999999999,7.730959999999999,6.30498
1249,Chicago,02/23/2025,16.0,Illinois,SPRINGFIELD PUMP STATION,16.0,15.8768,15.0848,12.3024
1250,Chicago,02/24/2025,10.8,Illinois,SPRINGFIELD PUMP STATION,10.8,10.71684,10.18224,8.304120000000001
1251,Chicago,02/25/2025,9.7,Illinois,SPRINGFIELD PUMP STATION,9.7,9.625309999999999,9.145159999999999,7.45833
1252,Chicago,02/26/2025,12.0,Illinois,SPRINGFIELD PUMP STATION,12.0,11.907599999999999,11.3136,9.2268
1253,Chicago,02/27/2025,10.6,Illinois,SPRINGFIELD PUMP STATION,10.6,10.518379999999999,9.99368,8.15034
1254,Chicago,02/28/2025,4.1,Illinois,SPRINGFIELD PUMP STATION,4.1,4.068429999999999,3.8654799999999994,3.15249
1255,Chicago,03/01/2025,3.4,Illinois,SPRINGFIELD PUMP STATION,3.4,3.37382,3.20552,2.61426
1256,Chicago,03/02/2025,6.5,Illinois,SPRINGFIELD PUMP STATION,6.5,6.449949999999999,6.1282,4.997850000000001
1257,Chicago,03/03/2025,9.3,Illinois,SPRINGFIELD PUMP STATION,9.3,9.228390000000001,8.768040000000001,7.1507700000000005
1258,Chicago,03/04/2025,8.5,Illinois,SPRINGFIELD PUMP STATION,8.5,8.43455,8.0138,6.53565
1259,Chicago,03/05/2025,4.6,Illinois,SPRINGFIELD PUMP STATION,4.6,4.564579999999999,4.33688,3.53694
1260,Chicago,03/06/2025,3.1,Illinois,SPRINGFIELD PUMP STATION,3.1,3.07613,2.92268,2.3835900000000003
1261,Chicago,03/07/2025,8.8,Illinois,SPRINGFIELD PUMP STATION,8.8,8.732240000000001,8.29664,6.766320000000001
1262,Chicago,03/08/2025,5.3,Illinois,SPRINGFIELD PUMP STATION,5.3,5.259189999999999,4.99684,4.07517
1263,Chicago,03/09/2025,4.5,Illinois,SPRINGFIELD PUMP STATION,4.5,4.46535,4.2425999999999995,3.4600500000000003
1264,Chicago,03/10/2025,5.5,Illinois,SPRINGFIELD PUMP STATION,5.5,5.45765,5.1854,4.22895
1265,Chicago,03/11/2025,3.9,Illinois,SPRINGFIELD PUMP STATION,3.9,3.86997,3.67692,2.99871
1266,Chicago,03/12/2025,4.2,Illinois,SPRINGFIELD PUMP STATION,4.2,4.16766,3.95976,3.2293800000000004
1267,Chicago,03/13/2025,10.6,Illinois,SPRINGFIELD PUMP STATION,10.6,10.518379999999999,9.99368,8.15034
1268,Chicago,03/14/2025,12.9,Illinois,SPRINGFIELD PUMP STATION,12.9,12.80067,12.16212,9.91881
1269,Chicago,03/15/2025,27.1,Illinois,SPRINGFIELD PUMP STATION,27.1,26.89133,25.54988,20.837190000000003
1270,Chicago,03/16/2025,4.8,Illinois,SPRINGFIELD PUMP STATION,4.8,4.763039999999999,4.52544,3.69072
1271,Chicago,03/17/2025,4.9,Illinois,SPRINGFIELD PUMP STATION,4.9,4.8622700000000005,4.61972,3.7676100000000003
1272,Chicago,03/18/2025,6.6,Illinois,SPRINGFIELD PUMP STATION,6.6,6.54918,6.222479999999999,5.07474
1273,Chicago,03/19/2025,5.3,Illinois,SPRINGFIELD PUMP STATION,5.3,5.259189999999999,4.99684,4.07517
1274,Chicago,03/20/2025,4.1,Illinois,SPRINGFIELD PUMP STATION,4.1,4.068429999999999,3.8654799999999994,3.15249
1275,Chicago,03/21/2025,7.0,Illinois,SPRINGFIELD PUMP STATION,7.0,6.9460999999999995,6.5996,5.3823
1276,Chicago,03/22/2025,3.8,Illinois,SPRINGFIELD PUMP STATION,3.8,3.7707399999999995,3.5826399999999996,2.92182
1277,Chicago,03/23/2025,5.4,Illinois,SPRINGFIELD PUMP STATION,5.4,5.35842,5.09112,4.1520600000000005
1278,Chicago,03/24/2025,5.2,Illinois,SPRINGFIELD PUMP STATION,5.2,5.15996,4.90256,3.9982800000000003
1279,Chicago,03/25/2025,7.5,Illinois,SPRINGFIELD PUMP STATION,7.5,7.44225,7.071,5.76675
1280,Chicago,03/26/2025,10.1,Illinois,SPRINGFIELD PUMP STATION,10.1,10.022229999999999,9.522279999999999,7.76589
1281,Chicago,03/27/2025,11.3,Illinois,SPRINGFIELD PUMP STATION,11.3,11.21299,10.653640000000001,8.68857
1282,Chicago,03/28/2025,9.4,Illinois,SPRINGFIELD PUMP STATION,9.4,9.32762,8.86232,7.22766
1283,Chicago,03/29/2025,7.0,Illinois,SPRINGFIELD PUMP STATION,7.0,6.9460999999999995,6.5996,5.3823
1284,Chicago,03/30/2025,5.7,Illinois,SPRINGFIELD PUMP STATION,5.7,5.65611,5.37396,4.3827300000000005
1285,Chicago,03/31/2025,3.3,Illinois,SPRINGFIELD PUMP STATION,3.3,3.27459,3.1112399999999996,2.53737
1286,Chicago,04/01/2025,4.3,Illinois,SPRINGFIELD PUMP STATION,4.3,4.26689,4.05404,3.30627
1287,Chicago,04/02/2025,8.8,Illinois,SPRINGFIELD PUMP STATION,8.8,8.732240000000001,8.29664,6.766320000000001
1288,Chicago,04/03/2025,4.9,Illinois,SPRINGFIELD PUMP STATION,4.9,4.8622700000000005,4.61972,3.7676100000000003
1289,Chicago,04/04/2025,5.0,Illinois,SPRINGFIELD PUMP STATION,5.0,4.9615,4.7139999999999995,3.8445
1290,Chicago,04/05/2025,4.6,Illinois,SPRINGFIELD PUMP STATION,4.6,4.564579999999999,4.33688,3.53694
1291,Chicago,04/06/2025,4.5,Illinois,SPRINGFIELD PUMP STATION,4.5,4.46535,4.2425999999999995,3.4600500000000003
1292,Chicago,04/07/2025,4.2,Illinois,SPRINGFIELD PUMP STATION,4.2,4.16766,3.95976,3.2293800000000004
1293,Chicago,04/08/2025,4.3,Illinois,SPRINGFIELD PUMP STATION,4.3,4.26689,4.05404,3.30627
1294,Chicago,04/09/2025,8.2,Illinois,SPRINGFIELD PUMP STATION,8.2,8.136859999999999,7.730959999999999,6.30498
1295,Chicago,04/10/2025,12.3,Illinois,SPRINGFIELD PUMP STATION,12.3,12.20529,11.596440000000001,9.45747
1296,Chicago,04/11/2025,10.7,Illinois,SPRINGFIELD PUMP STATION,10.7,10.617609999999999,10.087959999999999,8.22723
1297,Chicago,04/12/2025,14.2,Illinois,SPRINGFIELD PUMP STATION,14.2,14.090659999999998,13.387759999999998,10.918379999999999
1298,Chicago,04/13/2025,8.3,Illinois,SPRINGFIELD PUMP STATION,8.3,8.23609,7.825240000000001,6.381870000000001
1299,Chicago,04/14/2025,5.6,Illinois,SPRINGFIELD PUMP STATION,5.6,5.55688,5.27968,4.30584
1300,Chicago,04/15/2025,2.7,Illinois,SPRINGFIELD PUMP STATION,2.7,2.67921,2.54556,2.0760300000000003
1301,Chicago,04/16/2025,3.4,Illinois,SPRINGFIELD PUMP STATION,3.4,3.37382,3.20552,2.61426
1302,Chicago,04/17/2025,7.7,Illinois,SPRINGFIELD PUMP STATION,7.7,7.6407099999999994,7.25956,5.92053
1303,Chicago,04/18/2025,13.4,Illinois,SPRINGFIELD PUMP STATION,13.4,13.29682,12.63352,10.30326
1304,Chicago,04/19/2025,8.1,Illinois,SPRINGFIELD PUMP STATION,8.1,8.03763,7.636679999999999,6.22809
1305,Chicago,04/20/2025,7.1,Illinois,SPRINGFIELD PUMP STATION,7.1,7.045329999999999,6.693879999999999,5.4591899999999995
1306,Chicago,04/21/2025,3.2,Illinois,SPRINGFIELD PUMP STATION,3.2,3.17536,3.01696,2.4604800000000004
1307,Chicago,04/22/2025,6.3,Illinois,SPRINGFIELD PUMP STATION,6.3,6.2514899999999995,5.93964,4.84407
1308,Chicago,04/23/2025,7.3,Illinois,SPRINGFIELD PUMP STATION,7.3,7.24379,6.88244,5.61297
1309,Chicago,04/24/2025,11.7,Illinois,SPRINGFIELD PUMP STATION,11.7,11.60991,11.030759999999999,8.996129999999999
1310,Chicago,04/25/2025,4.3,Illinois,SPRINGFIELD PUMP STATION,4.3,4.26689,4.05404,3.30627
1311,Chicago,04/26/2025,2.7,Illinois,SPRINGFIELD PUMP STATION,2.7,2.67921,2.54556,2.0760300000000003
1312,Chicago,04/27/2025,6.6,Illinois,SPRINGFIELD PUMP STATION,6.6,6.54918,6.222479999999999,5.07474
1313,Chicago,04/28/2025,8.2,Illinois,SPRINGFIELD PUMP STATION,8.2,8.136859999999999,7.730959999999999,6.30498
1314,Chicago,04/29/2025,5.4,Illinois,SPRINGFIELD PUMP STATION,5.4,5.35842,5.09112,4.1520600000000005
1315,Chicago,04/30/2025,3.4,Illinois,SPRINGFIELD PUMP STATION,3.4,3.37382,3.20552,2.61426
1316,Chicago,05/01/2025,7.4,Illinois,SPRINGFIELD PUMP STATION,7.4,7.34302,6.97672,5.68986
1317,Chicago,05/02/2025,4.5,Illinois,SPRINGFIELD PUMP STATION,4.5,4.46535,4.2425999999999995,3.4600500000000003
1318,Chicago,05/03/2025,2.7,Illinois,SPRINGFIELD PUMP STATION,2.7,2.67921,2.54556,2.0760300000000003
1319,Chicago,05/04/2025,2.8,Illinois,SPRINGFIELD PUMP STATION,2.8,2.77844,2.63984,2.15292
1320,Chicago,05/05/2025,4.8,Illinois,SPRINGFIELD PUMP STATION,4.8,4.763039999999999,4.52544,3.69072
1321,Chicago,05/06/2025,9.2,Illinois,SPRINGFIELD PUMP STATION,9.2,9.129159999999999,8.67376,7.07388
1322,Chicago,05/07/2025,8.3,Illinois,SPRINGFIELD PUMP STATION,8.3,8.23609,7.825240000000001,6.381870000000001
1323,Chicago,05/08/2025,3.3,Illinois,SPRINGFIELD PUMP STATION,3.3,3.27459,3.1112399999999996,2.53737
1324,Chicago,05/09/2025,5.0,Illinois,SPRINGFIELD PUMP STATION,5.0,4.9615,4.7139999999999995,3.8445
1325,Chicago,05/10/2025,4.9,Illinois,SPRINGFIELD PUMP STATION,4.9,4.8622700000000005,4.61972,3.7676100000000003
1326,Chicago,05/11/2025,4.7,Illinois,SPRINGFIELD PUMP STATION,4.7,4.66381,4.43116,3.61383
1327,Chicago,05/12/2025,8.4,Illinois,SPRINGFIELD PUMP STATION,8.4,8.33532,7.91952,6.458760000000001
1328,Chicago,05/13/2025,7.2,Illinois,SPRINGFIELD PUMP STATION,7.2,7.14456,6.7881599999999995,5.53608
1329,Chicago,05/14/2025,7.2,Illinois,SPRINGFIELD PUMP STATION,7.2,7.14456,6.7881599999999995,5.53608
1330,Chicago,05/15/2025,12.7,Illinois,SPRINGFIELD PUMP STATION,12.7,12.60221,11.973559999999999,9.76503
1331,Chicago,05/16/2025,10.5,Illinois,SPRINGFIELD PUMP STATION,10.5,10.41915,9.8994,8.073450000000001
1332,Chicago,05/17/2025,2.7,Illinois,SPRINGFIELD PUMP STATION,2.7,2.67921,2.54556,2.0760300000000003
1333,Chicago,05/18/2025,3.2,Illinois,SPRINGFIELD PUMP STATION,3.2,3.17536,3.01696,2.4604800000000004
1334,Chicago,05/19/2025,3.2,Illinois,SPRINGFIELD PUMP STATION,3.2,3.17536,3.01696,2.4604800000000004
1335,Chicago,05/20/2025,5.2,Illinois,SPRINGFIELD PUMP STATION,5.2,5.15996,4.90256,3.9982800000000003
1336,Chicago,05/21/2025,2.9,Illinois,SPRINGFIELD PUMP STATION,2.9,2.8776699999999997,2.73412,2.22981
1337,Chicago,05/22/2025,3.0,Illinois,SPRINGFIELD PUMP STATION,3.0,2.9768999999999997,2.8284,2.3067
1338,Chicago,05/23/2025,3.0,Illinois,SPRINGFIELD PUMP STATION,3.0,2.9768999999999997,2.8284,2.3067
1339,Chicago,05/24/2025,2.5,Illinois,SPRINGFIELD PUMP STATION,2.5,2.48075,2.3569999999999998,1.92225
1340,Chicago,05/25/2025,2.5,Illinois,SPRINGFIELD PUMP STATION,2.5,2.48075,2.3569999999999998,1.92225
1341,Chicago,05/26/2025,3.7,Illinois,SPRINGFIELD PUMP STATION,3.7,3.67151,3.48836,2.84493
1342,Chicago,05/27/2025,5.6,Illinois,SPRINGFIELD PUMP STATION,5.6,5.55688,5.27968,4.30584
1343,Chicago,05/28/2025,6.9,Illinois,SPRINGFIELD PUMP STATION,6.9,6.84687,6.50532,5.30541
1344,Chicago,05/29/2025,14.3,Illinois,SPRINGFIELD PUMP STATION,14.3,14.18989,13.48204,10.995270000000001
1345,Chicago,05/30/2025,15.5,Illinois,SPRINGFIELD PUMP STATION,15.5,15.38065,14.6134,11.917950000000001
1346,Chicago,05/31/2025,7.7,Illinois,SPRINGFIELD PUMP STATION,7.7,7.6407099999999994,7.25956,5.92053
1347,Chicago,06/01/2025,6.7,Illinois,SPRINGFIELD PUMP STATION,6.7,6.64841,6.31676,5.15163
1348,Chicago,06/02/2025,10.8,Illinois,SPRINGFIELD PUMP STATION,10.8,10.71684,10.18224,8.304120000000001
1349,Chicago,06/03/2025,15.9,Illinois,SPRINGFIELD PUMP STATION,15.9,15.777569999999999,14.99052,12.22551
1350,Chicago,06/04/2025,24.4,Illinois,SPRINGFIELD PUMP STATION,24.4,24.21212,23.004319999999996,18.76116
1351,Chicago,06/05/2025,58.9,Illinois,SPRINGFIELD PUMP STATION,58.9,58.44647,55.530919999999995,45.28821
1352,Chicago,06/06/2025,34.7,Illinois,SPRINGFIELD PUMP STATION,34.7,34.43281,32.715160000000004,26.680830000000004
1353,Chicago,06/07/2025,26.1,Illinois,SPRINGFIELD PUMP STATION,26.1,25.89903,24.60708,20.06829
1354,Chicago,06/08/2025,27.1,Illinois,SPRINGFIELD PUMP STATION,27.1,26.89133,25.54988,20.837190000000003
1355,Chicago,06/09/2025,18.3,Illinois,SPRINGFIELD PUMP STATION,18.3,18.15909,17.25324,14.070870000000001
1356,Chicago,06/10/2025,19.2,Illinois,SPRINGFIELD PUMP STATION,19.2,19.052159999999997,18.10176,14.76288
1357,Chicago,06/11/2025,24.0,Illinois,SPRINGFIELD PUMP STATION,24.0,23.815199999999997,22.6272,18.4536
1358,Chicago,06/12/2025,27.6,Illinois,SPRINGFIELD PUMP STATION,27.6,27.38748,26.02128,21.22164
1359,Chicago,06/13/2025,27.0,Illinois,SPRINGFIELD PUMP STATION,27.0,26.792099999999998,25.4556,20.7603
1360,Chicago,06/14/2025,15.0,Illinois,SPRINGFIELD PUMP STATION,15.0,14.8845,14.142,11.5335
1361,Chicago,06/15/2025,10.9,Illinois,SPRINGFIELD PUMP STATION,10.9,10.81607,10.27652,8.38101
1362,Chicago,06/16/2025,14.6,Illinois,SPRINGFIELD PUMP STATION,14.6,14.48758,13.76488,11.22594
1363,Chicago,06/17/2025,10.3,Illinois,SPRINGFIELD PUMP STATION,10.3,10.220690000000001,9.710840000000001,7.919670000000001
1364,Chicago,06/18/2025,8.3,Illinois,SPRINGFIELD PUMP STATION,8.3,8.23609,7.825240000000001,6.381870000000001
1365,Chicago,06/19/2025,10.7,Illinois,SPRINGFIELD PUMP STATION,10.7,10.617609999999999,10.087959999999999,8.22723
1366,Chicago,06/20/2025,8.1,Illinois,SPRINGFIELD PUMP STATION,8.1,8.03763,7.636679999999999,6.22809
1367,Chicago,06/21/2025,11.0,Illinois,SPRINGFIELD PUMP STATION,11.0,10.9153,10.3708,8.4579
1368,Chicago,06/22/2025,13.2,Illinois,SPRINGFIELD PUMP STATION,13.2,13.09836,12.444959999999998,10.14948
1369,Chicago,06/23/2025,13.2,Illinois,SPRINGFIELD PUMP STATION,13.2,13.09836,12.444959999999998,10.14948
1370,Chicago,06/24/2025,6.9,Illinois,SPRINGFIELD PUMP STATION,6.9,6.84687,6.50532,5.30541
1371,Chicago,06/25/2025,6.8,Illinois,SPRINGFIELD PUMP STATION,6.8,6.74764,6.41104,5.22852
1372,Chicago,06/26/2025,11.6,Illinois,SPRINGFIELD PUMP STATION,11.6,11.510679999999999,10.93648,8.91924
1373,Chicago,06/27/2025,6.0,Illinois,SPRINGFIELD PUMP STATION,6.0,5.953799999999999,5.6568,4.6134
1374,Chicago,06/28/2025,5.0,Illinois,SPRINGFIELD PUMP STATION,5.0,4.9615,4.7139999999999995,3.8445
1375,Chicago,06/29/2025,8.4,Illinois,SPRINGFIELD PUMP STATION,8.4,8.33532,7.91952,6.458760000000001
1376,Chicago,06/30/2025,6.1,Illinois,SPRINGFIELD PUMP STATION,6.1,6.05303,5.751079999999999,4.69029
1377,Chicago,07/01/2025,7.9,Illinois,SPRINGFIELD PUMP STATION,7.9,7.83917,7.44812,6.0743100000000005
1378,Chicago,07/02/2025,14.1,Illinois,SPRINGFIELD PUMP STATION,14.1,13.99143,13.293479999999999,10.84149
1379,Chicago,07/03/2025,12.1,Illinois,SPRINGFIELD PUMP STATION,12.1,12.006829999999999,11.407879999999999,9.30369
1380,Chicago,07/04/2025,54.7,Illinois,SPRINGFIELD PUMP STATION,54.7,54.27881,51.57116,42.05883
1381,Chicago,07/05/2025,17.8,Illinois,SPRINGFIELD PUMP STATION,17.8,17.66294,16.78184,13.686420000000002
1382,Chicago,07/06/2025,9.2,Illinois,SPRINGFIELD PUMP STATION,9.2,9.129159999999999,8.67376,7.07388
1383,Chicago,07/07/2025,17.8,Illinois,SPRINGFIELD PUMP STATION,17.8,17.66294,16.78184,13.686420000000002
1384,Chicago,07/08/2025,20.4,Illinois,SPRINGFIELD PUMP STATION,20.4,20.242919999999998,19.23312,15.685559999999999
1385,Chicago,07/09/2025,11.5,Illinois,SPRINGFIELD PUMP STATION,11.5,11.41145,10.8422,8.84235
1386,Chicago,07/10/2025,8.8,Illinois,SPRINGFIELD PUMP STATION,8.8,8.732240000000001,8.29664,6.766320000000001
1387,Chicago,07/11/2025,8.3,Illinois,SPRINGFIELD PUMP STATION,8.3,8.23609,7.825240000000001,6.381870000000001
1388,Chicago,07/12/2025,6.3,Illinois,SPRINGFIELD PUMP STATION,6.3,6.2514899999999995,5.93964,4.84407
1389,Chicago,07/13/2025,24.0,Illinois,SPRINGFIELD PUMP STATION,24.0,23.815199999999997,22.6272,18.4536
1390,Chicago,07/14/2025,39.0,Illinois,SPRINGFIELD PUMP STATION,39.0,38.6997,36.7692,29.9871
1391,Chicago,07/15/2025,23.5,Illinois,SPRINGFIELD PUMP STATION,23.5,23.31905,22.1558,18.06915
1392,Chicago,07/16/2025,7.8,Illinois,SPRINGFIELD PUMP STATION,7.8,7.73994,7.35384,5.99742
1393,Chicago,07/17/2025,3.5,Illinois,SPRINGFIELD PUMP STATION,3.5,3.4730499999999997,3.2998,2.69115
1394,Chicago,07/18/2025,6.8,Illinois,SPRINGFIELD PUMP STATION,6.8,6.74764,6.41104,5.22852
1395,Chicago,07/19/2025,7.1,Illinois,SPRINGFIELD PUMP STATION,7.1,7.045329999999999,6.693879999999999,5.4591899999999995
1396,Chicago,07/20/2025,10.5,Illinois,SPRINGFIELD PUMP STATION,10.5,10.41915,9.8994,8.073450000000001
1397,Chicago,07/21/2025,31.5,Illinois,SPRINGFIELD PUMP STATION,31.5,31.25745,29.6982,24.22035
1398,Chicago,07/22/2025,26.6,Illinois,SPRINGFIELD PUMP STATION,26.6,26.39518,25.07848,20.452740000000002
1399,Chicago,07/23/2025,18.1,Illinois,SPRINGFIELD PUMP STATION,18.1,17.960630000000002,17.06468,13.917090000000002
1400,Chicago,07/24/2025,10.5,Illinois,SPRINGFIELD PUMP STATION,10.5,10.41915,9.8994,8.073450000000001
1401,Chicago,07/25/2025,7.0,Illinois,SPRINGFIELD PUMP STATION,7.0,6.9460999999999995,6.5996,5.3823
1402,Chicago,07/26/2025,7.0,Illinois,SPRINGFIELD PUMP STATION,7.0,6.9460999999999995,6.5996,5.3823
1403,Chicago,07/27/2025,8.0,Illinois,SPRINGFIELD PUMP STATION,8.0,7.9384,7.5424,6.1512
1404,Chicago,07/28/2025,9.3,Illinois,SPRINGFIELD PUMP STATION,9.3,9.228390000000001,8.768040000000001,7.1507700000000005
1405,Chicago,07/29/2025,10.9,Illinois,SPRINGFIELD PUMP STATION,10.9,10.81607,10.27652,8.38101
1406,Chicago,07/30/2025,12.5,Illinois,SPRINGFIELD PUMP STATION,12.5,12.403749999999999,11.785,9.61125
1407,Chicago,07/31/2025,72.7,Illinois,SPRINGFIELD PUMP STATION,72.7,72.14021,68.54156,55.89903
1408,Chicago,08/01/2025,46.1,Illinois,SPRINGFIELD PUMP STATION,46.1,45.74503,43.46308,35.446290000000005
1409,Chicago,08/02/2025,26.2,Illinois,SPRINGFIELD PUMP STATION,26.2,25.99826,24.701359999999998,20.14518
1410,Chicago,08/03/2025,35.2,Illinois,SPRINGFIELD PUMP STATION,35.2,34.928960000000004,33.18656,27.065280000000005
1411,Chicago,08/04/2025,21.1,Illinois,SPRINGFIELD PUMP STATION,21.1,20.93753,19.89308,16.22379
1412,Chicago,08/05/2025,34.3,Illinois,SPRINGFIELD PUMP STATION,34.3,34.035889999999995,32.33804,26.373269999999998
1413,Chicago,08/06/2025,32.6,Illinois,SPRINGFIELD PUMP STATION,32.6,32.34898,30.73528,25.06614
1414,Chicago,08/07/2025,17.4,Illinois,SPRINGFIELD PUMP STATION,17.4,17.266019999999997,16.404719999999998,13.37886
1415,Chicago,08/08/2025,15.2,Illinois,SPRINGFIELD PUMP STATION,15.2,15.082959999999998,14.330559999999998,11.68728
1416,Chicago,08/09/2025,13.7,Illinois,SPRINGFIELD PUMP STATION,13.7,13.594509999999998,12.91636,10.53393
1417,Chicago,08/10/2025,10.9,Illinois,SPRINGFIELD PUMP STATION,10.9,10.81607,10.27652,8.38101
1418,Chicago,08/11/2025,8.8,Illinois,SPRINGFIELD PUMP STATION,8.8,8.732240000000001,8.29664,6.766320000000001
1419,Chicago,08/12/2025,8.6,Illinois,SPRINGFIELD PUMP STATION,8.6,8.53378,8.10808,6.61254
1420,Chicago,08/13/2025,13.6,Illinois,SPRINGFIELD PUMP STATION,13.6,13.49528,12.82208,10.45704
1421,Chicago,08/14/2025,20.7,Illinois,SPRINGFIELD PUMP STATION,20.7,20.540609999999997,19.51596,15.91623
1422,Chicago,08/15/2025,21.2,Illinois,SPRINGFIELD PUMP STATION,21.2,21.036759999999997,19.98736,16.30068
1423,Chicago,08/16/2025,12.2,Illinois,SPRINGFIELD PUMP STATION,12.2,12.10606,11.502159999999998,9.38058
1424,Chicago,08/17/2025,5.7,Illinois,SPRINGFIELD PUMP STATION,5.7,5.65611,5.37396,4.3827300000000005
1425,Chicago,08/18/2025,8.2,Illinois,SPRINGFIELD PUMP STATION,8.2,8.136859999999999,7.730959999999999,6.30498
1426,Chicago,08/19/2025,5.8,Illinois,SPRINGFIELD PUMP STATION,5.8,5.7553399999999995,5.46824,4.45962
1427,Chicago,08/20/2025,3.2,Illinois,SPRINGFIELD PUMP STATION,3.2,3.17536,3.01696,2.4604800000000004
1428,Chicago,08/21/2025,3.4,Illinois,SPRINGFIELD PUMP STATION,3.4,3.37382,3.20552,2.61426
1429,Chicago,08/22/2025,8.4,Illinois,SPRINGFIELD PUMP STATION,8.4,8.33532,7.91952,6.458760000000001
1430,Chicago,08/23/2025,6.1,Illinois,SPRINGFIELD PUMP STATION,6.1,6.05303,5.751079999999999,4.69029
1431,Chicago,08/24/2025,3.5,Illinois,SPRINGFIELD PUMP STATION,3.5,3.4730499999999997,3.2998,2.69115
1432,Chicago,08/25/2025,3.4,Illinois,SPRINGFIELD PUMP STATION,3.4,3.37382,3.20552,2.61426
1433,Chicago,08/26/2025,5.3,Illinois,SPRINGFIELD PUMP STATION,5.3,5.259189999999999,4.99684,4.07517
1434,Chicago,08/27/2025,7.1,Illinois,SPRINGFIELD PUMP STATION,7.1,7.045329999999999,6.693879999999999,5.4591899999999995
1435,Chicago,08/28/2025,5.6,Illinois,SPRINGFIELD PUMP STATION,5.6,5.55688,5.27968,4.30584
1436,Chicago,08/29/2025,2.7,Illinois,SPRINGFIELD PUMP STATION,2.7,2.67921,2.54556,2.0760300000000003
1437,Chicago,08/30/2025,4.4,Illinois,SPRINGFIELD PUMP STATION,4.4,4.3661200000000004,4.14832,3.3831600000000006
1438,Chicago,08/31/2025,7.0,Illinois,SPRINGFIELD PUMP STATION,7.0,6.9460999999999995,6.5996,5.3823
1439,Chicago,09/01/2025,6.5,Illinois,SPRINGFIELD PUMP STATION,6.5,6.449949999999999,6.1282,4.997850000000001
1440,Chicago,09/02/2025,9.3,Illinois,SPRINGFIELD PUMP STATION,9.3,9.228390000000001,8.768040000000001,7.1507700000000005
1441,Chicago,09/03/2025,11.6,Illinois,SPRINGFIELD PUMP STATION,11.6,11.510679999999999,10.93648,8.91924
1442,Chicago,09/04/2025,9.9,Illinois,SPRINGFIELD PUMP STATION,9.9,9.82377,9.33372,7.61211
1443,Chicago,09/05/2025,7.3,Illinois,SPRINGFIELD PUMP STATION,7.3,7.24379,6.88244,5.61297
1444,Chicago,09/06/2025,3.9,Illinois,SPRINGFIELD PUMP STATION,3.9,3.86997,3.67692,2.99871
1445,Chicago,09/07/2025,5.3,Illinois,SPRINGFIELD PUMP STATION,5.3,5.259189999999999,4.99684,4.07517
1446,Chicago,09/08/2025,6.4,Illinois,SPRINGFIELD PUMP STATION,6.4,6.35072,6.03392,4.920960000000001
1447,Chicago,09/09/2025,8.0,Illinois,SPRINGFIELD PUMP STATION,8.0,7.9384,7.5424,6.1512
1448,Chicago,09/10/2025,12.1,Illinois,SPRINGFIELD PUMP STATION,12.1,12.006829999999999,11.407879999999999,9.30369
1449,Chicago,09/11/2025,10.1,Illinois,SPRINGFIELD PUMP STATION,10.1,10.022229999999999,9.522279999999999,7.76589
1450,Chicago,09/12/2025,13.2,Illinois,SPRINGFIELD PUMP STATION,13.2,13.09836,12.444959999999998,10.14948
1451,Chicago,09/13/2025,16.8,Illinois,SPRINGFIELD PUMP STATION,16.8,16.67064,15.83904,12.917520000000001
1452,Chicago,09/14/2025,15.6,Illinois,SPRINGFIELD PUMP STATION,15.6,15.47988,14.70768,11.99484
1453,Chicago,09/15/2025,14.3,Illinois,SPRINGFIELD PUMP STATION,14.3,14.18989,13.48204,10.995270000000001
1454,Chicago,09/16/2025,12.8,Illinois,SPRINGFIELD PUMP STATION,12.8,12.70144,12.06784,9.841920000000002
1455,Chicago,09/17/2025,13.6,Illinois,SPRINGFIELD PUMP STATION,13.6,13.49528,12.82208,10.45704
1456,Chicago,09/18/2025,16.1,Illinois,SPRINGFIELD PUMP STATION,16.1,15.976030000000002,15.17908,12.379290000000001
1457,Chicago,09/19/2025,18.4,Illinois,SPRINGFIELD PUMP STATION,18.4,18.258319999999998,17.34752,14.14776
1458,Chicago,09/20/2025,17.5,Illinois,SPRINGFIELD PUMP STATION,17.5,17.36525,16.499,13.45575
1459,Chicago,09/21/2025,12.9,Illinois,SPRINGFIELD PUMP STATION,12.9,12.80067,12.16212,9.91881
1460,Chicago,09/22/2025,9.5,Illinois,SPRINGFIELD PUMP STATION,9.5,9.42685,8.9566,7.30455
1461,Chicago,09/23/2025,10.2,Illinois,SPRINGFIELD PUMP STATION,10.2,10.121459999999999,9.61656,7.842779999999999
1462,Chicago,09/24/2025,4.0,Illinois,SPRINGFIELD PUMP STATION,4.0,3.9692,3.7712,3.0756
1463,Chicago,09/25/2025,6.6,Illinois,SPRINGFIELD PUMP STATION,6.6,6.54918,6.222479999999999,5.07474
1464,Chicago,09/26/2025,10.7,Illinois,SPRINGFIELD PUMP STATION,10.7,10.617609999999999,10.087959999999999,8.22723
1465,Chicago,09/27/2025,13.6,Illinois,SPRINGFIELD PUMP STATION,13.6,13.49528,12.82208,10.45704
1466,Chicago,09/28/2025,11.0,Illinois,SPRINGFIELD PUMP STATION,11.0,10.9153,10.3708,8.4579
1467,Chicago,09/29/2025,14.2,Illinois,SPRINGFIELD PUMP STATION,14.2,14.090659999999998,13.387759999999998,10.918379999999999
1468,Chicago,09/30/2025,11.7,Illinois,SPRINGFIELD PUMP STATION,11.7,11.60991,11.030759999999999,8.996129999999999
1469,Chicago,10/01/2025,7.5,Illinois,SPRINGFIELD PUMP STATION,7.5,7.44225,7.071,5.76675
1470,Chicago,10/02/2025,10.8,Illinois,SPRINGFIELD PUMP STATION,10.8,10.71684,10.18224,8.304120000000001
1471,Chicago,10/03/2025,18.3,Illinois,SPRINGFIELD PUMP STATION,18.3,18.15909,17.25324,14.070870000000001
1472,Chicago,10/04/2025,17.0,Illinois,SPRINGFIELD PUMP STATION,17.0,16.8691,16.0276,13.0713
1473,Chicago,10/05/2025,10.6,Illinois,SPRINGFIELD PUMP STATION,10.6,10.518379999999999,9.99368,8.15034
1474,Chicago,10/06/2025,8.8,Illinois,SPRINGFIELD PUMP STATION,8.8,8.732240000000001,8.29664,6.766320000000001
1475,Chicago,10/07/2025,6.1,Illinois,SPRINGFIELD PUMP STATION,6.1,6.05303,5.751079999999999,4.69029
1476,Chicago,10/08/2025,4.4,Illinois,SPRINGFIELD PUMP STATION,4.4,4.3661200000000004,4.14832,3.3831600000000006
1477,Chicago,10/09/2025,7.2,Illinois,SPRINGFIELD PUMP STATION,7.2,7.14456,6.7881599999999995,5.53608
1478,Chicago,10/10/2025,12.1,Illinois,SPRINGFIELD PUMP STATION,12.1,12.006829999999999,11.407879999999999,9.30369
1479,Chicago,10/11/2025,3.5,Illinois,SPRINGFIELD PUMP STATION,3.5,3.4730499999999997,3.2998,2.69115
1480,Chicago,10/12/2025,7.6,Illinois,SPRINGFIELD PUMP STATION,7.6,7.541479999999999,7.165279999999999,5.84364
1481,Chicago,10/13/2025,17.3,Illinois,SPRINGFIELD PUMP STATION,17.3,17.16679,16.31044,13.30197
1482,Chicago,10/14/2025,13.3,Illinois,SPRINGFIELD PUMP STATION,13.3,13.19759,12.53924,10.226370000000001
1483,Chicago,10/15/2025,4.0,Illinois,SPRINGFIELD PUMP STATION,4.0,3.9692,3.7712,3.0756
1484,Chicago,10/16/2025,5.7,Illinois,SPRINGFIELD PUMP STATION,5.7,5.65611,5.37396,4.3827300000000005
1485,Chicago,10/17/2025,8.1,Illinois,SPRINGFIELD PUMP STATION,8.1,8.03763,7.636679999999999,6.22809
1486,Chicago,10/18/2025,21.0,Illinois,SPRINGFIELD PUMP STATION,21.0,20.8383,19.7988,16.146900000000002
1487,Chicago,10/19/2025,4.9,Illinois,SPRINGFIELD PUMP STATION,4.9,4.8622700000000005,4.61972,3.7676100000000003
1488,Chicago,10/20/2025,7.1,Illinois,SPRINGFIELD PUMP STATION,7.1,7.045329999999999,6.693879999999999,5.4591899999999995
1489,Chicago,10/21/2025,4.3,Illinois,SPRINGFIELD PUMP STATION,4.3,4.26689,4.05404,3.30627
1490,Chicago,10/22/2025,3.1,Illinois,SPRINGFIELD PUMP STATION,3.1,3.07613,2.92268,2.3835900000000003
1491,Chicago,10/23/2025,4.5,Illinois,SPRINGFIELD PUMP STATION,4.5,4.46535,4.2425999999999995,3.4600500000000003
1492,Chicago,10/24/2025,8.9,Illinois,SPRINGFIELD PUMP STATION,8.9,8.83147,8.39092,6.843210000000001
1493,Chicago,10/25/2025,15.0,Illinois,SPRINGFIELD PUMP STATION,15.0,14.8845,14.142,11.5335
1494,Chicago,10/26/2025,11.3,Illinois,SPRINGFIELD PUMP STATION,11.3,11.21299,10.653640000000001,8.68857
1495,Chicago,10/27/2025,5.6,Illinois,SPRINGFIELD PUMP STATION,5.6,5.55688,5.27968,4.30584
1496,Chicago,10/28/2025,7.1,Illinois,SPRINGFIELD PUMP STATION,7.1,7.045329999999999,6.693879999999999,5.4591899999999995
1497,Chicago,10/29/2025,5.9,Illinois,SPRINGFIELD PUMP STATION,5.9,5.85457,5.56252,4.536510000000001
1498,Chicago,10/30/2025,6.3,Illinois,SPRINGFIELD PUMP STATION,6.3,6.2514899999999995,5.93964,4.84407
1499,Chicago,10/31/2025,15.5,Illinois,SPRINGFIELD PUMP STATION,15.5,15.38065,14.6134,11.917950000000001
1500,Chicago,11/01/2025,10.4,Illinois,SPRINGFIELD PUMP STATION,10.4,10.31992,9.80512,7.996560000000001
1501,Chicago,11/02/2025,8.7,Illinois,SPRINGFIELD PUMP STATION,8.7,8.633009999999999,8.202359999999999,6.68943
1502,Chicago,11/03/2025,6.1,Illinois,SPRINGFIELD PUMP STATION,6.1,6.05303,5.751079999999999,4.69029
1503,Chicago,11/04/2025,9.1,Illinois,SPRINGFIELD PUMP STATION,9.1,9.029929999999998,8.57948,6.99699
1504,Chicago,11/05/2025,11.4,Illinois,SPRINGFIELD PUMP STATION,11.4,11.31222,10.74792,8.765460000000001
1505,Chicago,11/06/2025,10.9,Illinois,SPRINGFIELD PUMP STATION,10.9,10.81607,10.27652,8.38101
1506,Chicago,11/07/2025,11.0,Illinois,SPRINGFIELD PUMP STATION,11.0,10.9153,10.3708,8.4579
1507,Chicago,11/08/2025,3.2,Illinois,SPRINGFIELD PUMP STATION,3.2,3.17536,3.01696,2.4604800000000004
1508,Chicago,11/09/2025,3.4,Illinois,SPRINGFIELD PUMP STATION,3.4,3.37382,3.20552,2.61426
1509,Chicago,11/10/2025,2.9,Illinois,SPRINGFIELD PUMP STATION,2.9,2.8776699999999997,2.73412,2.22981
1510,Chicago,11/11/2025,8.2,Illinois,SPRINGFIELD PUMP STATION,8.2,8.136859999999999,7.730959999999999,6.30498
1511,Chicago,11/12/2025,6.2,Illinois,SPRINGFIELD PUMP STATION,6.2,6.15226,5.84536,4.767180000000001
1512,Chicago,11/13/2025,10.7,Illinois,SPRINGFIELD PUMP STATION,10.7,10.617609999999999,10.087959999999999,8.22723
1513,Chicago,11/14/2025,24.8,Illinois,SPRINGFIELD PUMP STATION,24.8,24.60904,23.38144,19.068720000000003
1514,Chicago,11/15/2025,11.5,Illinois,SPRINGFIELD PUMP STATION,11.5,11.41145,10.8422,8.84235
1515,Chicago,11/16/2025,4.2,Illinois,SPRINGFIELD PUMP STATION,4.2,4.16766,3.95976,3.2293800000000004
1516,Chicago,11/17/2025,7.2,Illinois,SPRINGFIELD PUMP STATION,7.2,7.14456,6.7881599999999995,5.53608
1517,Chicago,11/18/2025,12.4,Illinois,SPRINGFIELD PUMP STATION,12.4,12.30452,11.69072,9.534360000000001
1518,Chicago,11/19/2025,21.8,Illinois,SPRINGFIELD PUMP STATION,21.8,21.63214,20.55304,16.76202
1519,Chicago,11/20/2025,25.4,Illinois,SPRINGFIELD PUMP STATION,25.4,25.20442,23.947119999999998,19.53006
1520,Chicago,11/21/2025,17.7,Illinois,SPRINGFIELD PUMP STATION,17.7,17.563709999999997,16.687559999999998,13.60953
1521,Chicago,11/22/2025,16.6,Illinois,SPRINGFIELD PUMP STATION,16.6,16.47218,15.650480000000002,12.763740000000002
1522,Chicago,11/23/2025,17.9,Illinois,SPRINGFIELD PUMP STATION,17.9,17.762169999999998,16.876119999999997,13.763309999999999
1523,Chicago,11/24/2025,23.3,Illinois,SPRINGFIELD PUMP STATION,23.3,23.12059,21.96724,17.915370000000003
1524,Chicago,11/25/2025,15.8,Illinois,SPRINGFIELD PUMP STATION,15.8,15.67834,14.89624,12.148620000000001
1525,Chicago,11/26/2025,2.4,Illinois,SPRINGFIELD PUMP STATION,2.4,2.3815199999999996,2.26272,1.84536
1526,Chicago,11/27/2025,2.3,Illinois,SPRINGFIELD PUMP STATION,2.3,2.2822899999999997,2.16844,1.76847
1527,Chicago,11/28/2025,4.6,Illinois,SPRINGFIELD PUMP STATION,4.6,4.564579999999999,4.33688,3.53694
1528,Chicago,11/29/2025,6.1,Illinois,SPRINGFIELD PUMP STATION,6.1,6.05303,5.751079999999999,4.69029
1529,Chicago,11/30/2025,4.7,Illinois,SPRINGFIELD PUMP STATION,4.7,4.66381,4.43116,3.61383
1530,Chicago,12/01/2025,9.1,Illinois,SPRINGFIELD PUMP STATION,9.1,9.029929999999998,8.57948,6.99699
1531,Chicago,12/02/2025,16.9,Illinois,SPRINGFIELD PUMP STATION,16.9,16.769869999999997,15.933319999999998,12.99441
1532,Chicago,12/03/2025,13.7,Illinois,SPRINGFIELD PUMP STATION,13.7,13.594509999999998,12.91636,10.53393
1533,Chicago,12/04/2025,7.1,Illinois,SPRINGFIELD PUMP STATION,7.1,7.045329999999999,6.693879999999999,5.4591899999999995
1534,Chicago,12/05/2025,12.6,Illinois,SPRINGFIELD PUMP STATION,12.6,12.502979999999999,11.87928,9.68814
1535,Chicago,12/06/2025,17.1,Illinois,SPRINGFIELD PUMP STATION,17.1,16.96833,16.12188,13.148190000000001
1536,Chicago,12/07/2025,7.7,Illinois,SPRINGFIELD PUMP STATION,7.7,7.6407099999999994,7.25956,5.92053
1537,Chicago,12/08/2025,5.7,Illinois,SPRINGFIELD PUMP STATION,5.7,5.65611,5.37396,4.3827300000000005
1538,Chicago,12/09/2025,12.8,Illinois,SPRINGFIELD PUMP STATION,12.8,12.70144,12.06784,9.841920000000002
1539,Chicago,12/10/2025,6.9,Illinois,SPRINGFIELD PUMP STATION,6.9,6.84687,6.50532,5.30541
1540,Chicago,12/11/2025,8.0,Illinois,SPRINGFIELD PUMP STATION,8.0,7.9384,7.5424,6.1512
1541,Chicago,12/12/2025,17.1,Illinois,SPRINGFIELD PUMP STATION,17.1,16.96833,16.12188,13.148190000000001
1542,Chicago,12/13/2025,4.9,Illinois,SPRINGFIELD PUMP STATION,4.9,4.8622700000000005,4.61972,3.7676100000000003
1543,Chicago,12/14/2025,3.9,Illinois,SPRINGFIELD PUMP STATION,3.9,3.86997,3.67692,2.99871
1544,Chicago,12/15/2025,7.1,Illinois,SPRINGFIELD PUMP STATION,7.1,7.045329999999999,6.693879999999999,5.4591899999999995
1545,Chicago,12/16/2025,14.0,Illinois,SPRINGFIELD PUMP STATION,14.0,13.892199999999999,13.1992,10.7646
1546,Chicago,12/17/2025,15.5,Illinois,SPRINGFIELD PUMP STATION,15.5,15.38065,14.6134,11.917950000000001
1547,Chicago,12/18/2025,9.1,Illinois,SPRINGFIELD PUMP STATION,9.1,9.029929999999998,8.57948,6.99699
1548,Chicago,12/19/2025,4.5,Illinois,SPRINGFIELD PUMP STATION,4.5,4.46535,4.2425999999999995,3.4600500000000003
1549,Chicago,12/20/2025,4.3,Illinois,SPRINGFIELD PUMP STATION,4.3,4.26689,4.05404,3.30627
1550,Chicago,12/21/2025,4.7,Illinois,SPRINGFIELD PUMP STATION,4.7,4.66381,4.43116,3.61383
1551,Chicago,12/22/2025,5.6,Illinois,SPRINGFIELD PUMP STATION,5.6,5.55688,5.27968,4.30584
1552,Chicago,12/23/2025,12.7,Illinois,SPRINGFIELD PUMP STATION,12.7,12.60221,11.973559999999999,9.76503
1553,Chicago,12/24/2025,16.2,Illinois,SPRINGFIELD PUMP STATION,16.2,16.07526,15.273359999999998,12.45618
1554,Chicago,12/25/2025,18.8,Illinois,SPRINGFIELD PUMP STATION,18.8,18.65524,17.72464,14.45532
1555,Chicago,12/26/2025,12.4,Illinois,SPRINGFIELD PUMP STATION,12.4,12.30452,11.69072,9.534360000000001
1556,Chicago,12/27/2025,14.9,Illinois,SPRINGFIELD PUMP STATION,14.9,14.78527,14.04772,11.456610000000001
1557,Chicago,12/28/2025,6.9,Illinois,SPRINGFIELD PUMP STATION,6.9,6.84687,6.50532,5.30541
1558,Chicago,12/29/2025,3.2,Illinois,SPRINGFIELD PUMP STATION,3.2,3.17536,3.01696,2.4604800000000004
1559,Chicago,12/30/2025,4.1,Illinois,SPRINGFIELD PUMP STATION,4.1,4.068429999999999,3.8654799999999994,3.15249
1560,Chicago,12/31/2025,6.1,Illinois,SPRINGFIELD PUMP STATION,6.1,6.05303,5.751079999999999,4.69029
1561,Chicago,01/01/2025,4.5,Illinois,COM ED MAINTENANCE BLDG,4.5,4.46535,4.2425999999999995,3.4600500000000003
1562,Chicago,01/02/2025,4.3,Illinois,COM ED MAINTENANCE BLDG,4.3,4.26689,4.05404,3.30627
1563,Chicago,01/03/2025,5.9,Illinois,COM ED MAINTENANCE BLDG,5.9,5.85457,5.56252,4.536510000000001
1564,Chicago,01/04/2025,4.1,Illinois,COM ED MAINTENANCE BLDG,4.1,4.068429999999999,3.8654799999999994,3.15249
1565,Chicago,01/05/2025,4.2,Illinois,COM ED MAINTENANCE BLDG,4.2,4.16766,3.95976,3.2293800000000004
1566,Chicago,01/06/2025,2.6,Illinois,COM ED MAINTENANCE BLDG,2.6,2.57998,2.45128,1.9991400000000001
1567,Chicago,01/07/2025,5.5,Illinois,COM ED MAINTENANCE BLDG,5.5,5.45765,5.1854,4.22895
1568,Chicago,01/08/2025,6.2,Illinois,COM ED MAINTENANCE BLDG,6.2,6.15226,5.84536,4.767180000000001
1569,Chicago,01/09/2025,10.7,Illinois,COM ED MAINTENANCE BLDG,10.7,10.617609999999999,10.087959999999999,8.22723
1570,Chicago,01/10/2025,20.0,Illinois,COM ED MAINTENANCE BLDG,20.0,19.846,18.855999999999998,15.378
1571,Chicago,01/11/2025,9.6,Illinois,COM ED MAINTENANCE BLDG,9.6,9.526079999999999,9.05088,7.38144
1572,Chicago,01/12/2025,9.2,Illinois,COM ED MAINTENANCE BLDG,9.2,9.129159999999999,8.67376,7.07388
1573,Chicago,01/13/2025,4.0,Illinois,COM ED MAINTENANCE BLDG,4.0,3.9692,3.7712,3.0756
1574,Chicago,01/14/2025,7.0,Illinois,COM ED MAINTENANCE BLDG,7.0,6.9460999999999995,6.5996,5.3823
1575,Chicago,01/15/2025,9.7,Illinois,COM ED MAINTENANCE BLDG,9.7,9.625309999999999,9.145159999999999,7.45833
1576,Chicago,01/16/2025,8.3,Illinois,COM ED MAINTENANCE BLDG,8.3,8.23609,7.825240000000001,6.381870000000001
1577,Chicago,01/17/2025,6.6,Illinois,COM ED MAINTENANCE BLDG,6.6,6.54918,6.222479999999999,5.07474
1578,Chicago,01/18/2025,3.5,Illinois,COM ED MAINTENANCE BLDG,3.5,3.4730499999999997,3.2998,2.69115
1579,Chicago,01/19/2025,3.4,Illinois,COM ED MAINTENANCE BLDG,3.4,3.37382,3.20552,2.61426
1580,Chicago,01/20/2025,3.8,Illinois,COM ED MAINTENANCE BLDG,3.8,3.7707399999999995,3.5826399999999996,2.92182
1581,Chicago,01/21/2025,4.2,Illinois,COM ED MAINTENANCE BLDG,4.2,4.16766,3.95976,3.2293800000000004
1582,Chicago,01/22/2025,5.4,Illinois,COM ED MAINTENANCE BLDG,5.4,5.35842,5.09112,4.1520600000000005
1583,Chicago,01/23/2025,7.1,Illinois,COM ED MAINTENANCE BLDG,7.1,7.045329999999999,6.693879999999999,5.4591899999999995
1584,Chicago,01/24/2025,8.4,Illinois,COM ED MAINTENANCE BLDG,8.4,8.33532,7.91952,6.458760000000001
1585,Chicago,01/25/2025,5.9,Illinois,COM ED MAINTENANCE BLDG,5.9,5.85457,5.56252,4.536510000000001
1586,Chicago,01/26/2025,4.7,Illinois,COM ED MAINTENANCE BLDG,4.7,4.66381,4.43116,3.61383
1587,Chicago,01/27/2025,4.8,Illinois,COM ED MAINTENANCE BLDG,4.8,4.763039999999999,4.52544,3.69072
1588,Chicago,01/28/2025,4.4,Illinois,COM ED MAINTENANCE BLDG,4.4,4.3661200000000004,4.14832,3.3831600000000006
1589,Chicago,01/29/2025,5.3,Illinois,COM ED MAINTENANCE BLDG,5.3,5.259189999999999,4.99684,4.07517
1590,Chicago,01/30/2025,8.5,Illinois,COM ED MAINTENANCE BLDG,8.5,8.43455,8.0138,6.53565
1591,Chicago,01/31/2025,8.4,Illinois,COM ED MAINTENANCE BLDG,8.4,8.33532,7.91952,6.458760000000001
1592,Chicago,02/01/2025,3.0,Illinois,COM ED MAINTENANCE BLDG,3.0,2.9768999999999997,2.8284,2.3067
1593,Chicago,02/02/2025,12.1,Illinois,COM ED MAINTENANCE BLDG,12.1,12.006829999999999,11.407879999999999,9.30369
1594,Chicago,02/03/2025,10.5,Illinois,COM ED MAINTENANCE BLDG,10.5,10.41915,9.8994,8.073450000000001
1595,Chicago,02/04/2025,3.3,Illinois,COM ED MAINTENANCE BLDG,3.3,3.27459,3.1112399999999996,2.53737
1596,Chicago,02/05/2025,6.5,Illinois,COM ED MAINTENANCE BLDG,6.5,6.449949999999999,6.1282,4.997850000000001
1597,Chicago,02/06/2025,6.5,Illinois,COM ED MAINTENANCE BLDG,6.5,6.449949999999999,6.1282,4.997850000000001
1598,Chicago,02/07/2025,5.0,Illinois,COM ED MAINTENANCE BLDG,5.0,4.9615,4.7139999999999995,3.8445
1599,Chicago,02/08/2025,8.9,Illinois,COM ED MAINTENANCE BLDG,8.9,8.83147,8.39092,6.843210000000001
1600,Chicago,02/09/2025,7.4,Illinois,COM ED MAINTENANCE BLDG,7.4,7.34302,6.97672,5.68986
1601,Chicago,02/10/2025,6.7,Illinois,COM ED MAINTENANCE BLDG,6.7,6.64841,6.31676,5.15163
1602,Chicago,02/11/2025,6.9,Illinois,COM ED MAINTENANCE BLDG,6.9,6.84687,6.50532,5.30541
1603,Chicago,02/12/2025,10.7,Illinois,COM ED MAINTENANCE BLDG,10.7,10.617609999999999,10.087959999999999,8.22723
1604,Chicago,02/13/2025,8.0,Illinois,COM ED MAINTENANCE BLDG,8.0,7.9384,7.5424,6.1512
1605,Chicago,02/14/2025,11.4,Illinois,COM ED MAINTENANCE BLDG,11.4,11.31222,10.74792,8.765460000000001
1606,Chicago,02/15/2025,12.9,Illinois,COM ED MAINTENANCE BLDG,12.9,12.80067,12.16212,9.91881
1607,Chicago,02/16/2025,6.3,Illinois,COM ED MAINTENANCE BLDG,6.3,6.2514899999999995,5.93964,4.84407
1608,Chicago,02/17/2025,5.0,Illinois,COM ED MAINTENANCE BLDG,5.0,4.9615,4.7139999999999995,3.8445
1609,Chicago,02/18/2025,5.7,Illinois,COM ED MAINTENANCE BLDG,5.7,5.65611,5.37396,4.3827300000000005
1610,Chicago,02/19/2025,4.9,Illinois,COM ED MAINTENANCE BLDG,4.9,4.8622700000000005,4.61972,3.7676100000000003
1611,Chicago,02/20/2025,6.2,Illinois,COM ED MAINTENANCE BLDG,6.2,6.15226,5.84536,4.767180000000001
1612,Chicago,02/21/2025,9.5,Illinois,COM ED MAINTENANCE BLDG,9.5,9.42685,8.9566,7.30455
1613,Chicago,02/22/2025,8.2,Illinois,COM ED MAINTENANCE BLDG,8.2,8.136859999999999,7.730959999999999,6.30498
1614,Chicago,02/23/2025,12.4,Illinois,COM ED MAINTENANCE BLDG,12.4,12.30452,11.69072,9.534360000000001
1615,Chicago,02/24/2025,10.7,Illinois,COM ED MAINTENANCE BLDG,10.7,10.617609999999999,10.087959999999999,8.22723
1616,Chicago,02/25/2025,10.6,Illinois,COM ED MAINTENANCE BLDG,10.6,10.518379999999999,9.99368,8.15034
1617,Chicago,02/26/2025,12.3,Illinois,COM ED MAINTENANCE BLDG,12.3,12.20529,11.596440000000001,9.45747
1618,Chicago,02/27/2025,10.6,Illinois,COM ED MAINTENANCE BLDG,10.6,10.518379999999999,9.99368,8.15034
1619,Chicago,02/28/2025,3.5,Illinois,COM ED MAINTENANCE BLDG,3.5,3.4730499999999997,3.2998,2.69115
1620,Chicago,03/01/2025,3.5,Illinois,COM ED MAINTENANCE BLDG,3.5,3.4730499999999997,3.2998,2.69115
1621,Chicago,03/02/2025,6.7,Illinois,COM ED MAINTENANCE BLDG,6.7,6.64841,6.31676,5.15163
1622,Chicago,03/03/2025,8.0,Illinois,COM ED MAINTENANCE BLDG,8.0,7.9384,7.5424,6.1512
1623,Chicago,03/04/2025,8.1,Illinois,COM ED MAINTENANCE BLDG,8.1,8.03763,7.636679999999999,6.22809
1624,Chicago,03/05/2025,3.8,Illinois,COM ED MAINTENANCE BLDG,3.8,3.7707399999999995,3.5826399999999996,2.92182
1625,Chicago,03/06/2025,3.1,Illinois,COM ED MAINTENANCE BLDG,3.1,3.07613,2.92268,2.3835900000000003
1626,Chicago,03/07/2025,8.1,Illinois,COM ED MAINTENANCE BLDG,8.1,8.03763,7.636679999999999,6.22809
1627,Chicago,03/08/2025,5.7,Illinois,COM ED MAINTENANCE BLDG,5.7,5.65611,5.37396,4.3827300000000005
1628,Chicago,03/09/2025,4.5,Illinois,COM ED MAINTENANCE BLDG,4.5,4.46535,4.2425999999999995,3.4600500000000003
1629,Chicago,03/10/2025,6.3,Illinois,COM ED MAINTENANCE BLDG,6.3,6.2514899999999995,5.93964,4.84407
1630,Chicago,03/11/2025,4.2,Illinois,COM ED MAINTENANCE BLDG,4.2,4.16766,3.95976,3.2293800000000004
1631,Chicago,03/12/2025,5.4,Illinois,COM ED MAINTENANCE BLDG,5.4,5.35842,5.09112,4.1520600000000005
1632,Chicago,03/13/2025,11.4,Illinois,COM ED MAINTENANCE BLDG,11.4,11.31222,10.74792,8.765460000000001
1633,Chicago,03/14/2025,11.6,Illinois,COM ED MAINTENANCE BLDG,11.6,11.510679999999999,10.93648,8.91924
1634,Chicago,03/15/2025,26.0,Illinois,COM ED MAINTENANCE BLDG,26.0,25.799799999999998,24.5128,19.991400000000002
1635,Chicago,03/16/2025,5.1,Illinois,COM ED MAINTENANCE BLDG,5.1,5.0607299999999995,4.80828,3.9213899999999997
1636,Chicago,03/17/2025,4.3,Illinois,COM ED MAINTENANCE BLDG,4.3,4.26689,4.05404,3.30627
1637,Chicago,03/18/2025,5.3,Illinois,COM ED MAINTENANCE BLDG,5.3,5.259189999999999,4.99684,4.07517
1638,Chicago,03/19/2025,6.2,Illinois,COM ED MAINTENANCE BLDG,6.2,6.15226,5.84536,4.767180000000001
1639,Chicago,03/20/2025,4.4,Illinois,COM ED MAINTENANCE BLDG,4.4,4.3661200000000004,4.14832,3.3831600000000006
1640,Chicago,03/21/2025,5.5,Illinois,COM ED MAINTENANCE BLDG,5.5,5.45765,5.1854,4.22895
1641,Chicago,03/22/2025,3.8,Illinois,COM ED MAINTENANCE BLDG,3.8,3.7707399999999995,3.5826399999999996,2.92182
1642,Chicago,03/23/2025,5.2,Illinois,COM ED MAINTENANCE BLDG,5.2,5.15996,4.90256,3.9982800000000003
1643,Chicago,03/24/2025,4.5,Illinois,COM ED MAINTENANCE BLDG,4.5,4.46535,4.2425999999999995,3.4600500000000003
1644,Chicago,03/25/2025,7.0,Illinois,COM ED MAINTENANCE BLDG,7.0,6.9460999999999995,6.5996,5.3823
1645,Chicago,03/26/2025,11.1,Illinois,COM ED MAINTENANCE BLDG,11.1,11.014529999999999,10.465079999999999,8.53479
1646,Chicago,03/27/2025,8.4,Illinois,COM ED MAINTENANCE BLDG,8.4,8.33532,7.91952,6.458760000000001
1647,Chicago,03/28/2025,6.6,Illinois,COM ED MAINTENANCE BLDG,6.6,6.54918,6.222479999999999,5.07474
1648,Chicago,03/29/2025,6.2,Illinois,COM ED MAINTENANCE BLDG,6.2,6.15226,5.84536,4.767180000000001
1649,Chicago,03/30/2025,4.6,Illinois,COM ED MAINTENANCE BLDG,4.6,4.564579999999999,4.33688,3.53694
1650,Chicago,03/31/2025,3.1,Illinois,COM ED MAINTENANCE BLDG,3.1,3.07613,2.92268,2.3835900000000003
1651,Chicago,04/01/2025,4.1,Illinois,COM ED MAINTENANCE BLDG,4.1,4.068429999999999,3.8654799999999994,3.15249
1652,Chicago,04/02/2025,6.8,Illinois,COM ED MAINTENANCE BLDG,6.8,6.74764,6.41104,5.22852
1653,Chicago,04/03/2025,4.4,Illinois,COM ED MAINTENANCE BLDG,4.4,4.3661200000000004,4.14832,3.3831600000000006
1654,Chicago,04/04/2025,5.0,Illinois,COM ED MAINTENANCE BLDG,5.0,4.9615,4.7139999999999995,3.8445
1655,Chicago,04/05/2025,4.2,Illinois,COM ED MAINTENANCE BLDG,4.2,4.16766,3.95976,3.2293800000000004
1656,Chicago,04/06/2025,4.1,Illinois,COM ED MAINTENANCE BLDG,4.1,4.068429999999999,3.8654799999999994,3.15249
1657,Chicago,04/07/2025,3.6,Illinois,COM ED MAINTENANCE BLDG,3.6,3.57228,3.3940799999999998,2.76804
1658,Chicago,04/08/2025,4.2,Illinois,COM ED MAINTENANCE BLDG,4.2,4.16766,3.95976,3.2293800000000004
1659,Chicago,04/09/2025,6.3,Illinois,COM ED MAINTENANCE BLDG,6.3,6.2514899999999995,5.93964,4.84407
1660,Chicago,04/10/2025,10.6,Illinois,COM ED MAINTENANCE BLDG,10.6,10.518379999999999,9.99368,8.15034
1661,Chicago,04/11/2025,8.6,Illinois,COM ED MAINTENANCE BLDG,8.6,8.53378,8.10808,6.61254
1662,Chicago,04/12/2025,11.5,Illinois,COM ED MAINTENANCE BLDG,11.5,11.41145,10.8422,8.84235
1663,Chicago,04/13/2025,6.5,Illinois,COM ED MAINTENANCE BLDG,6.5,6.449949999999999,6.1282,4.997850000000001
1664,Chicago,04/14/2025,4.7,Illinois,COM ED MAINTENANCE BLDG,4.7,4.66381,4.43116,3.61383
1665,Chicago,04/15/2025,2.3,Illinois,COM ED MAINTENANCE BLDG,2.3,2.2822899999999997,2.16844,1.76847
1666,Chicago,04/16/2025,4.2,Illinois,COM ED MAINTENANCE BLDG,4.2,4.16766,3.95976,3.2293800000000004
1667,Chicago,04/17/2025,6.1,Illinois,COM ED MAINTENANCE BLDG,6.1,6.05303,5.751079999999999,4.69029
1668,Chicago,04/18/2025,10.7,Illinois,COM ED MAINTENANCE BLDG,10.7,10.617609999999999,10.087959999999999,8.22723
1669,Chicago,04/19/2025,7.7,Illinois,COM ED MAINTENANCE BLDG,7.7,7.6407099999999994,7.25956,5.92053
1670,Chicago,04/20/2025,7.1,Illinois,COM ED MAINTENANCE BLDG,7.1,7.045329999999999,6.693879999999999,5.4591899999999995
1671,Chicago,04/21/2025,3.1,Illinois,COM ED MAINTENANCE BLDG,3.1,3.07613,2.92268,2.3835900000000003
1672,Chicago,04/22/2025,5.3,Illinois,COM ED MAINTENANCE BLDG,5.3,5.259189999999999,4.99684,4.07517
1673,Chicago,04/23/2025,5.7,Illinois,COM ED MAINTENANCE BLDG,5.7,5.65611,5.37396,4.3827300000000005
1674,Chicago,04/24/2025,8.3,Illinois,COM ED MAINTENANCE BLDG,8.3,8.23609,7.825240000000001,6.381870000000001
1675,Chicago,04/25/2025,5.1,Illinois,COM ED MAINTENANCE BLDG,5.1,5.0607299999999995,4.80828,3.9213899999999997
1676,Chicago,04/26/2025,2.4,Illinois,COM ED MAINTENANCE BLDG,2.4,2.3815199999999996,2.26272,1.84536
1677,Chicago,04/27/2025,5.6,Illinois,COM ED MAINTENANCE BLDG,5.6,5.55688,5.27968,4.30584
1678,Chicago,04/28/2025,6.6,Illinois,COM ED MAINTENANCE BLDG,6.6,6.54918,6.222479999999999,5.07474
1679,Chicago,04/29/2025,4.8,Illinois,COM ED MAINTENANCE BLDG,4.8,4.763039999999999,4.52544,3.69072
1680,Chicago,04/30/2025,3.8,Illinois,COM ED MAINTENANCE BLDG,3.8,3.7707399999999995,3.5826399999999996,2.92182
1681,Chicago,05/01/2025,6.2,Illinois,COM ED MAINTENANCE BLDG,6.2,6.15226,5.84536,4.767180000000001
1682,Chicago,05/02/2025,4.4,Illinois,COM ED MAINTENANCE BLDG,4.4,4.3661200000000004,4.14832,3.3831600000000006
1683,Chicago,05/03/2025,2.9,Illinois,COM ED MAINTENANCE BLDG,2.9,2.8776699999999997,2.73412,2.22981
1684,Chicago,05/04/2025,2.6,Illinois,COM ED MAINTENANCE BLDG,2.6,2.57998,2.45128,1.9991400000000001
1685,Chicago,05/05/2025,5.1,Illinois,COM ED MAINTENANCE BLDG,5.1,5.0607299999999995,4.80828,3.9213899999999997
1686,Chicago,05/06/2025,7.9,Illinois,COM ED MAINTENANCE BLDG,7.9,7.83917,7.44812,6.0743100000000005
1687,Chicago,05/07/2025,7.5,Illinois,COM ED MAINTENANCE BLDG,7.5,7.44225,7.071,5.76675
1688,Chicago,05/08/2025,3.6,Illinois,COM ED MAINTENANCE BLDG,3.6,3.57228,3.3940799999999998,2.76804
1689,Chicago,05/09/2025,5.0,Illinois,COM ED MAINTENANCE BLDG,5.0,4.9615,4.7139999999999995,3.8445
1690,Chicago,05/10/2025,5.2,Illinois,COM ED MAINTENANCE BLDG,5.2,5.15996,4.90256,3.9982800000000003
1691,Chicago,05/11/2025,4.7,Illinois,COM ED MAINTENANCE BLDG,4.7,4.66381,4.43116,3.61383
1692,Chicago,05/12/2025,8.0,Illinois,COM ED MAINTENANCE BLDG,8.0,7.9384,7.5424,6.1512
1693,Chicago,05/13/2025,5.6,Illinois,COM ED MAINTENANCE BLDG,5.6,5.55688,5.27968,4.30584
1694,Chicago,05/14/2025,6.0,Illinois,COM ED MAINTENANCE BLDG,6.0,5.953799999999999,5.6568,4.6134
1695,Chicago,05/15/2025,9.2,Illinois,COM ED MAINTENANCE BLDG,9.2,9.129159999999999,8.67376,7.07388
1696,Chicago,05/16/2025,8.7,Illinois,COM ED MAINTENANCE BLDG,8.7,8.633009999999999,8.202359999999999,6.68943
1697,Chicago,05/17/2025,2.6,Illinois,COM ED MAINTENANCE BLDG,2.6,2.57998,2.45128,1.9991400000000001
1698,Chicago,05/18/2025,3.2,Illinois,COM ED MAINTENANCE BLDG,3.2,3.17536,3.01696,2.4604800000000004
1699,Chicago,05/19/2025,3.4,Illinois,COM ED MAINTENANCE BLDG,3.4,3.37382,3.20552,2.61426
1700,Chicago,05/20/2025,4.2,Illinois,COM ED MAINTENANCE BLDG,4.2,4.16766,3.95976,3.2293800000000004
1701,Chicago,05/21/2025,3.3,Illinois,COM ED MAINTENANCE BLDG,3.3,3.27459,3.1112399999999996,2.53737
1702,Chicago,05/22/2025,3.2,Illinois,COM ED MAINTENANCE BLDG,3.2,3.17536,3.01696,2.4604800000000004
1703,Chicago,05/23/2025,4.1,Illinois,COM ED MAINTENANCE BLDG,4.1,4.068429999999999,3.8654799999999994,3.15249
1704,Chicago,05/24/2025,3.1,Illinois,COM ED MAINTENANCE BLDG,3.1,3.07613,2.92268,2.3835900000000003
1705,Chicago,05/25/2025,3.1,Illinois,COM ED MAINTENANCE BLDG,3.1,3.07613,2.92268,2.3835900000000003
1706,Chicago,05/26/2025,3.5,Illinois,COM ED MAINTENANCE BLDG,3.5,3.4730499999999997,3.2998,2.69115
1707,Chicago,05/27/2025,5.3,Illinois,COM ED MAINTENANCE BLDG,5.3,5.259189999999999,4.99684,4.07517
1708,Chicago,05/28/2025,7.5,Illinois,COM ED MAINTENANCE BLDG,7.5,7.44225,7.071,5.76675
1709,Chicago,05/29/2025,10.4,Illinois,COM ED MAINTENANCE BLDG,10.4,10.31992,9.80512,7.996560000000001
1710,Chicago,05/30/2025,12.6,Illinois,COM ED MAINTENANCE BLDG,12.6,12.502979999999999,11.87928,9.68814
1711,Chicago,05/31/2025,7.5,Illinois,COM ED MAINTENANCE BLDG,7.5,7.44225,7.071,5.76675
1712,Chicago,06/01/2025,7.8,Illinois,COM ED MAINTENANCE BLDG,7.8,7.73994,7.35384,5.99742
1713,Chicago,06/02/2025,8.2,Illinois,COM ED MAINTENANCE BLDG,8.2,8.136859999999999,7.730959999999999,6.30498
1714,Chicago,06/03/2025,11.7,Illinois,COM ED MAINTENANCE BLDG,11.7,11.60991,11.030759999999999,8.996129999999999
1715,Chicago,06/04/2025,16.5,Illinois,COM ED MAINTENANCE BLDG,16.5,16.37295,15.556199999999999,12.68685
1716,Chicago,06/05/2025,43.7,Illinois,COM ED MAINTENANCE BLDG,43.7,43.36351,41.20036,33.600930000000005
1717,Chicago,06/06/2025,32.9,Illinois,COM ED MAINTENANCE BLDG,32.9,32.64667,31.018119999999996,25.29681
1718,Chicago,06/07/2025,20.8,Illinois,COM ED MAINTENANCE BLDG,20.8,20.63984,19.61024,15.993120000000001
1719,Chicago,06/08/2025,19.9,Illinois,COM ED MAINTENANCE BLDG,19.9,19.746769999999998,18.761719999999997,15.30111
1720,Chicago,06/09/2025,15.6,Illinois,COM ED MAINTENANCE BLDG,15.6,15.47988,14.70768,11.99484
1721,Chicago,06/10/2025,14.8,Illinois,COM ED MAINTENANCE BLDG,14.8,14.68604,13.95344,11.37972
1722,Chicago,06/11/2025,18.6,Illinois,COM ED MAINTENANCE BLDG,18.6,18.456780000000002,17.536080000000002,14.301540000000001
1723,Chicago,06/12/2025,22.5,Illinois,COM ED MAINTENANCE BLDG,22.5,22.32675,21.213,17.300250000000002
1724,Chicago,06/13/2025,22.7,Illinois,COM ED MAINTENANCE BLDG,22.7,22.525209999999998,21.40156,17.45403
1725,Chicago,06/14/2025,13.3,Illinois,COM ED MAINTENANCE BLDG,13.3,13.19759,12.53924,10.226370000000001
1726,Chicago,06/15/2025,9.4,Illinois,COM ED MAINTENANCE BLDG,9.4,9.32762,8.86232,7.22766
1727,Chicago,06/16/2025,11.8,Illinois,COM ED MAINTENANCE BLDG,11.8,11.70914,11.12504,9.073020000000001
1728,Chicago,06/17/2025,5.5,Illinois,COM ED MAINTENANCE BLDG,5.5,5.45765,5.1854,4.22895
1729,Chicago,06/18/2025,4.9,Illinois,COM ED MAINTENANCE BLDG,4.9,4.8622700000000005,4.61972,3.7676100000000003
1730,Chicago,06/19/2025,6.0,Illinois,COM ED MAINTENANCE BLDG,6.0,5.953799999999999,5.6568,4.6134
1731,Chicago,06/20/2025,5.6,Illinois,COM ED MAINTENANCE BLDG,5.6,5.55688,5.27968,4.30584
1732,Chicago,06/21/2025,7.0,Illinois,COM ED MAINTENANCE BLDG,7.0,6.9460999999999995,6.5996,5.3823
1733,Chicago,06/22/2025,9.1,Illinois,COM ED MAINTENANCE BLDG,9.1,9.029929999999998,8.57948,6.99699
1734,Chicago,06/23/2025,9.3,Illinois,COM ED MAINTENANCE BLDG,9.3,9.228390000000001,8.768040000000001,7.1507700000000005
1735,Chicago,06/24/2025,5.7,Illinois,COM ED MAINTENANCE BLDG,5.7,5.65611,5.37396,4.3827300000000005
1736,Chicago,06/25/2025,4.4,Illinois,COM ED MAINTENANCE BLDG,4.4,4.3661200000000004,4.14832,3.3831600000000006
1737,Chicago,06/26/2025,6.2,Illinois,COM ED MAINTENANCE BLDG,6.2,6.15226,5.84536,4.767180000000001
1738,Chicago,06/27/2025,4.4,Illinois,COM ED MAINTENANCE BLDG,4.4,4.3661200000000004,4.14832,3.3831600000000006
1739,Chicago,06/28/2025,3.6,Illinois,COM ED MAINTENANCE BLDG,3.6,3.57228,3.3940799999999998,2.76804
1740,Chicago,06/29/2025,4.7,Illinois,COM ED MAINTENANCE BLDG,4.7,4.66381,4.43116,3.61383
1741,Chicago,06/30/2025,3.9,Illinois,COM ED MAINTENANCE BLDG,3.9,3.86997,3.67692,2.99871
1742,Chicago,07/01/2025,6.7,Illinois,COM ED MAINTENANCE BLDG,6.7,6.64841,6.31676,5.15163
1743,Chicago,07/02/2025,10.6,Illinois,COM ED MAINTENANCE BLDG,10.6,10.518379999999999,9.99368,8.15034
1744,Chicago,07/03/2025,10.6,Illinois,COM ED MAINTENANCE BLDG,10.6,10.518379999999999,9.99368,8.15034
1745,Chicago,07/04/2025,20.3,Illinois,COM ED MAINTENANCE BLDG,20.3,20.14369,19.138840000000002,15.608670000000002
1746,Chicago,07/05/2025,12.0,Illinois,COM ED MAINTENANCE BLDG,12.0,11.907599999999999,11.3136,9.2268
1747,Chicago,07/06/2025,6.1,Illinois,COM ED MAINTENANCE BLDG,6.1,6.05303,5.751079999999999,4.69029
1748,Chicago,07/07/2025,14.7,Illinois,COM ED MAINTENANCE BLDG,14.7,14.586809999999998,13.85916,11.30283
1749,Chicago,07/08/2025,15.8,Illinois,COM ED MAINTENANCE BLDG,15.8,15.67834,14.89624,12.148620000000001
1750,Chicago,07/09/2025,7.6,Illinois,COM ED MAINTENANCE BLDG,7.6,7.541479999999999,7.165279999999999,5.84364
1751,Chicago,07/10/2025,6.6,Illinois,COM ED MAINTENANCE BLDG,6.6,6.54918,6.222479999999999,5.07474
1752,Chicago,07/11/2025,4.9,Illinois,COM ED MAINTENANCE BLDG,4.9,4.8622700000000005,4.61972,3.7676100000000003
1753,Chicago,07/12/2025,4.2,Illinois,COM ED MAINTENANCE BLDG,4.2,4.16766,3.95976,3.2293800000000004
1754,Chicago,07/13/2025,18.2,Illinois,COM ED MAINTENANCE BLDG,18.2,18.059859999999997,17.15896,13.99398
1755,Chicago,07/14/2025,28.3,Illinois,COM ED MAINTENANCE BLDG,28.3,28.08209,26.68124,21.759870000000003
1756,Chicago,07/15/2025,15.5,Illinois,COM ED MAINTENANCE BLDG,15.5,15.38065,14.6134,11.917950000000001
1757,Chicago,07/16/2025,4.9,Illinois,COM ED MAINTENANCE BLDG,4.9,4.8622700000000005,4.61972,3.7676100000000003
1758,Chicago,07/17/2025,3.0,Illinois,COM ED MAINTENANCE BLDG,3.0,2.9768999999999997,2.8284,2.3067
1759,Chicago,07/18/2025,6.1,Illinois,COM ED MAINTENANCE BLDG,6.1,6.05303,5.751079999999999,4.69029
1760,Chicago,07/19/2025,4.5,Illinois,COM ED MAINTENANCE BLDG,4.5,4.46535,4.2425999999999995,3.4600500000000003
1761,Chicago,07/20/2025,6.8,Illinois,COM ED MAINTENANCE BLDG,6.8,6.74764,6.41104,5.22852
1762,Chicago,07/21/2025,21.7,Illinois,COM ED MAINTENANCE BLDG,21.7,21.532909999999998,20.458759999999998,16.68513
1763,Chicago,07/22/2025,21.1,Illinois,COM ED MAINTENANCE BLDG,21.1,20.93753,19.89308,16.22379
1764,Chicago,07/23/2025,12.1,Illinois,COM ED MAINTENANCE BLDG,12.1,12.006829999999999,11.407879999999999,9.30369
1765,Chicago,07/24/2025,6.8,Illinois,COM ED MAINTENANCE BLDG,6.8,6.74764,6.41104,5.22852
1766,Chicago,07/25/2025,4.2,Illinois,COM ED MAINTENANCE BLDG,4.2,4.16766,3.95976,3.2293800000000004
1767,Chicago,07/26/2025,4.2,Illinois,COM ED MAINTENANCE BLDG,4.2,4.16766,3.95976,3.2293800000000004
1768,Chicago,07/27/2025,5.5,Illinois,COM ED MAINTENANCE BLDG,5.5,5.45765,5.1854,4.22895
1769,Chicago,07/28/2025,5.5,Illinois,COM ED MAINTENANCE BLDG,5.5,5.45765,5.1854,4.22895
1770,Chicago,07/29/2025,7.8,Illinois,COM ED MAINTENANCE BLDG,7.8,7.73994,7.35384,5.99742
1771,Chicago,07/30/2025,9.6,Illinois,COM ED MAINTENANCE BLDG,9.6,9.526079999999999,9.05088,7.38144
1772,Chicago,07/31/2025,53.8,Illinois,COM ED MAINTENANCE BLDG,53.8,53.38574,50.72264,41.36682
1773,Chicago,08/01/2025,38.1,Illinois,COM ED MAINTENANCE BLDG,38.1,37.80663,35.92068,29.295090000000002
1774,Chicago,08/02/2025,21.0,Illinois,COM ED MAINTENANCE BLDG,21.0,20.8383,19.7988,16.146900000000002
1775,Chicago,08/03/2025,25.2,Illinois,COM ED MAINTENANCE BLDG,25.2,25.005959999999998,23.75856,19.37628
1776,Chicago,08/04/2025,15.4,Illinois,COM ED MAINTENANCE BLDG,15.4,15.281419999999999,14.51912,11.84106
1777,Chicago,08/05/2025,25.2,Illinois,COM ED MAINTENANCE BLDG,25.2,25.005959999999998,23.75856,19.37628
1778,Chicago,08/06/2025,26.3,Illinois,COM ED MAINTENANCE BLDG,26.3,26.09749,24.79564,20.222070000000002
1779,Chicago,08/07/2025,5.2,Illinois,COM ED MAINTENANCE BLDG,5.2,5.15996,4.90256,3.9982800000000003
1780,Chicago,08/08/2025,3.8,Illinois,COM ED MAINTENANCE BLDG,3.8,3.7707399999999995,3.5826399999999996,2.92182
1781,Chicago,08/09/2025,3.4,Illinois,COM ED MAINTENANCE BLDG,3.4,3.37382,3.20552,2.61426
1782,Chicago,08/10/2025,2.8,Illinois,COM ED MAINTENANCE BLDG,2.8,2.77844,2.63984,2.15292
1783,Chicago,08/11/2025,3.0,Illinois,COM ED MAINTENANCE BLDG,3.0,2.9768999999999997,2.8284,2.3067
1784,Chicago,08/12/2025,1.3,Illinois,COM ED MAINTENANCE BLDG,1.3,1.28999,1.22564,0.9995700000000001
1785,Chicago,08/13/2025,8.2,Illinois,COM ED MAINTENANCE BLDG,8.2,8.136859999999999,7.730959999999999,6.30498
1786,Chicago,08/14/2025,21.7,Illinois,COM ED MAINTENANCE BLDG,21.7,21.532909999999998,20.458759999999998,16.68513
1787,Chicago,08/15/2025,18.5,Illinois,COM ED MAINTENANCE BLDG,18.5,18.35755,17.4418,14.22465
1788,Chicago,08/16/2025,11.3,Illinois,COM ED MAINTENANCE BLDG,11.3,11.21299,10.653640000000001,8.68857
1789,Chicago,08/17/2025,5.6,Illinois,COM ED MAINTENANCE BLDG,5.6,5.55688,5.27968,4.30584
1790,Chicago,08/18/2025,6.6,Illinois,COM ED MAINTENANCE BLDG,6.6,6.54918,6.222479999999999,5.07474
1791,Chicago,08/19/2025,5.5,Illinois,COM ED MAINTENANCE BLDG,5.5,5.45765,5.1854,4.22895
1792,Chicago,08/20/2025,3.5,Illinois,COM ED MAINTENANCE BLDG,3.5,3.4730499999999997,3.2998,2.69115
1793,Chicago,08/21/2025,4.2,Illinois,COM ED MAINTENANCE BLDG,4.2,4.16766,3.95976,3.2293800000000004
1794,Chicago,08/22/2025,8.2,Illinois,COM ED MAINTENANCE BLDG,8.2,8.136859999999999,7.730959999999999,6.30498
1795,Chicago,08/23/2025,5.5,Illinois,COM ED MAINTENANCE BLDG,5.5,5.45765,5.1854,4.22895
1796,Chicago,08/24/2025,3.9,Illinois,COM ED MAINTENANCE BLDG,3.9,3.86997,3.67692,2.99871
1797,Chicago,08/25/2025,4.0,Illinois,COM ED MAINTENANCE BLDG,4.0,3.9692,3.7712,3.0756
1798,Chicago,08/26/2025,6.2,Illinois,COM ED MAINTENANCE BLDG,6.2,6.15226,5.84536,4.767180000000001
1799,Chicago,08/27/2025,6.4,Illinois,COM ED MAINTENANCE BLDG,6.4,6.35072,6.03392,4.920960000000001
1800,Chicago,08/28/2025,5.9,Illinois,COM ED MAINTENANCE BLDG,5.9,5.85457,5.56252,4.536510000000001
1801,Chicago,08/29/2025,2.9,Illinois,COM ED MAINTENANCE BLDG,2.9,2.8776699999999997,2.73412,2.22981
1802,Chicago,08/30/2025,5.8,Illinois,COM ED MAINTENANCE BLDG,5.8,5.7553399999999995,5.46824,4.45962
1803,Chicago,08/31/2025,9.2,Illinois,COM ED MAINTENANCE BLDG,9.2,9.129159999999999,8.67376,7.07388
1804,Chicago,09/01/2025,7.4,Illinois,COM ED MAINTENANCE BLDG,7.4,7.34302,6.97672,5.68986
1805,Chicago,09/02/2025,10.6,Illinois,COM ED MAINTENANCE BLDG,10.6,10.518379999999999,9.99368,8.15034
1806,Chicago,09/03/2025,11.6,Illinois,COM ED MAINTENANCE BLDG,11.6,11.510679999999999,10.93648,8.91924
1807,Chicago,09/04/2025,10.6,Illinois,COM ED MAINTENANCE BLDG,10.6,10.518379999999999,9.99368,8.15034
1808,Chicago,09/05/2025,7.7,Illinois,COM ED MAINTENANCE BLDG,7.7,7.6407099999999994,7.25956,5.92053
1809,Chicago,09/06/2025,4.2,Illinois,COM ED MAINTENANCE BLDG,4.2,4.16766,3.95976,3.2293800000000004
1810,Chicago,09/07/2025,5.5,Illinois,COM ED MAINTENANCE BLDG,5.5,5.45765,5.1854,4.22895
1811,Chicago,09/08/2025,5.2,Illinois,COM ED MAINTENANCE BLDG,5.2,5.15996,4.90256,3.9982800000000003
1812,Chicago,09/09/2025,6.5,Illinois,COM ED MAINTENANCE BLDG,6.5,6.449949999999999,6.1282,4.997850000000001
1813,Chicago,09/10/2025,9.8,Illinois,COM ED MAINTENANCE BLDG,9.8,9.724540000000001,9.23944,7.535220000000001
1814,Chicago,09/11/2025,9.6,Illinois,COM ED MAINTENANCE BLDG,9.6,9.526079999999999,9.05088,7.38144
1815,Chicago,09/12/2025,11.4,Illinois,COM ED MAINTENANCE BLDG,11.4,11.31222,10.74792,8.765460000000001
1816,Chicago,09/13/2025,14.1,Illinois,COM ED MAINTENANCE BLDG,14.1,13.99143,13.293479999999999,10.84149
1817,Chicago,09/14/2025,13.7,Illinois,COM ED MAINTENANCE BLDG,13.7,13.594509999999998,12.91636,10.53393
1818,Chicago,09/15/2025,12.6,Illinois,COM ED MAINTENANCE BLDG,12.6,12.502979999999999,11.87928,9.68814
1819,Chicago,09/16/2025,12.0,Illinois,COM ED MAINTENANCE BLDG,12.0,11.907599999999999,11.3136,9.2268
1820,Chicago,09/17/2025,13.7,Illinois,COM ED MAINTENANCE BLDG,13.7,13.594509999999998,12.91636,10.53393
1821,Chicago,09/18/2025,13.7,Illinois,COM ED MAINTENANCE BLDG,13.7,13.594509999999998,12.91636,10.53393
1822,Chicago,09/19/2025,16.9,Illinois,COM ED MAINTENANCE BLDG,16.9,16.769869999999997,15.933319999999998,12.99441
1823,Chicago,09/20/2025,13.8,Illinois,COM ED MAINTENANCE BLDG,13.8,13.69374,13.01064,10.61082
1824,Chicago,09/21/2025,9.8,Illinois,COM ED MAINTENANCE BLDG,9.8,9.724540000000001,9.23944,7.535220000000001
1825,Chicago,09/22/2025,7.1,Illinois,COM ED MAINTENANCE BLDG,7.1,7.045329999999999,6.693879999999999,5.4591899999999995
1826,Chicago,09/23/2025,8.3,Illinois,COM ED MAINTENANCE BLDG,8.3,8.23609,7.825240000000001,6.381870000000001
1827,Chicago,09/24/2025,3.6,Illinois,COM ED MAINTENANCE BLDG,3.6,3.57228,3.3940799999999998,2.76804
1828,Chicago,09/25/2025,6.2,Illinois,COM ED MAINTENANCE BLDG,6.2,6.15226,5.84536,4.767180000000001
1829,Chicago,09/26/2025,8.3,Illinois,COM ED MAINTENANCE BLDG,8.3,8.23609,7.825240000000001,6.381870000000001
1830,Chicago,09/27/2025,11.2,Illinois,COM ED MAINTENANCE BLDG,11.2,11.11376,10.55936,8.61168
1831,Chicago,09/28/2025,11.0,Illinois,COM ED MAINTENANCE BLDG,11.0,10.9153,10.3708,8.4579
1832,Chicago,09/29/2025,12.0,Illinois,COM ED MAINTENANCE BLDG,12.0,11.907599999999999,11.3136,9.2268
1833,Chicago,09/30/2025,12.0,Illinois,COM ED MAINTENANCE BLDG,12.0,11.907599999999999,11.3136,9.2268
1834,Chicago,10/01/2025,8.4,Illinois,COM ED MAINTENANCE BLDG,8.4,8.33532,7.91952,6.458760000000001
1835,Chicago,10/02/2025,8.3,Illinois,COM ED MAINTENANCE BLDG,8.3,8.23609,7.825240000000001,6.381870000000001
1836,Chicago,10/03/2025,13.3,Illinois,COM ED MAINTENANCE BLDG,13.3,13.19759,12.53924,10.226370000000001
1837,Chicago,10/04/2025,12.5,Illinois,COM ED MAINTENANCE BLDG,12.5,12.403749999999999,11.785,9.61125
1838,Chicago,10/05/2025,8.5,Illinois,COM ED MAINTENANCE BLDG,8.5,8.43455,8.0138,6.53565
1839,Chicago,10/06/2025,7.0,Illinois,COM ED MAINTENANCE BLDG,7.0,6.9460999999999995,6.5996,5.3823
1840,Chicago,10/07/2025,3.9,Illinois,COM ED MAINTENANCE BLDG,3.9,3.86997,3.67692,2.99871
1841,Chicago,10/08/2025,3.8,Illinois,COM ED MAINTENANCE BLDG,3.8,3.7707399999999995,3.5826399999999996,2.92182
1842,Chicago,10/09/2025,4.6,Illinois,COM ED MAINTENANCE BLDG,4.6,4.564579999999999,4.33688,3.53694
1843,Chicago,10/10/2025,8.2,Illinois,COM ED MAINTENANCE BLDG,8.2,8.136859999999999,7.730959999999999,6.30498
1844,Chicago,10/11/2025,2.8,Illinois,COM ED MAINTENANCE BLDG,2.8,2.77844,2.63984,2.15292
1845,Chicago,10/12/2025,5.4,Illinois,COM ED MAINTENANCE BLDG,5.4,5.35842,5.09112,4.1520600000000005
1846,Chicago,10/13/2025,11.3,Illinois,COM ED MAINTENANCE BLDG,11.3,11.21299,10.653640000000001,8.68857
1847,Chicago,10/14/2025,11.1,Illinois,COM ED MAINTENANCE BLDG,11.1,11.014529999999999,10.465079999999999,8.53479
1848,Chicago,10/15/2025,4.5,Illinois,COM ED MAINTENANCE BLDG,4.5,4.46535,4.2425999999999995,3.4600500000000003
1849,Chicago,10/16/2025,4.2,Illinois,COM ED MAINTENANCE BLDG,4.2,4.16766,3.95976,3.2293800000000004
1850,Chicago,10/17/2025,5.1,Illinois,COM ED MAINTENANCE BLDG,5.1,5.0607299999999995,4.80828,3.9213899999999997
1851,Chicago,10/18/2025,12.2,Illinois,COM ED MAINTENANCE BLDG,12.2,12.10606,11.502159999999998,9.38058
1852,Chicago,10/19/2025,3.7,Illinois,COM ED MAINTENANCE BLDG,3.7,3.67151,3.48836,2.84493
1853,Chicago,10/20/2025,3.5,Illinois,COM ED MAINTENANCE BLDG,3.5,3.4730499999999997,3.2998,2.69115
1854,Chicago,10/21/2025,3.3,Illinois,COM ED MAINTENANCE BLDG,3.3,3.27459,3.1112399999999996,2.53737
1855,Chicago,10/22/2025,2.1,Illinois,COM ED MAINTENANCE BLDG,2.1,2.08383,1.97988,1.6146900000000002
1856,Chicago,10/23/2025,3.6,Illinois,COM ED MAINTENANCE BLDG,3.6,3.57228,3.3940799999999998,2.76804
1857,Chicago,10/24/2025,6.7,Illinois,COM ED MAINTENANCE BLDG,6.7,6.64841,6.31676,5.15163
1858,Chicago,10/25/2025,8.7,Illinois,COM ED MAINTENANCE BLDG,8.7,8.633009999999999,8.202359999999999,6.68943
1859,Chicago,10/26/2025,8.3,Illinois,COM ED MAINTENANCE BLDG,8.3,8.23609,7.825240000000001,6.381870000000001
1860,Chicago,10/27/2025,5.4,Illinois,COM ED MAINTENANCE BLDG,5.4,5.35842,5.09112,4.1520600000000005
1861,Chicago,10/28/2025,5.7,Illinois,COM ED MAINTENANCE BLDG,5.7,5.65611,5.37396,4.3827300000000005
1862,Chicago,10/29/2025,4.9,Illinois,COM ED MAINTENANCE BLDG,4.9,4.8622700000000005,4.61972,3.7676100000000003
1863,Chicago,10/30/2025,5.5,Illinois,COM ED MAINTENANCE BLDG,5.5,5.45765,5.1854,4.22895
1864,Chicago,10/31/2025,10.0,Illinois,COM ED MAINTENANCE BLDG,10.0,9.923,9.427999999999999,7.689
1865,Chicago,11/01/2025,7.0,Illinois,COM ED MAINTENANCE BLDG,7.0,6.9460999999999995,6.5996,5.3823
1866,Chicago,11/02/2025,5.7,Illinois,COM ED MAINTENANCE BLDG,5.7,5.65611,5.37396,4.3827300000000005
1867,Chicago,11/03/2025,4.5,Illinois,COM ED MAINTENANCE BLDG,4.5,4.46535,4.2425999999999995,3.4600500000000003
1868,Chicago,11/04/2025,5.9,Illinois,COM ED MAINTENANCE BLDG,5.9,5.85457,5.56252,4.536510000000001
1869,Chicago,11/05/2025,8.9,Illinois,COM ED MAINTENANCE BLDG,8.9,8.83147,8.39092,6.843210000000001
1870,Chicago,11/06/2025,7.6,Illinois,COM ED MAINTENANCE BLDG,7.6,7.541479999999999,7.165279999999999,5.84364
1871,Chicago,11/07/2025,6.6,Illinois,COM ED MAINTENANCE BLDG,6.6,6.54918,6.222479999999999,5.07474
1872,Chicago,11/08/2025,2.8,Illinois,COM ED MAINTENANCE BLDG,2.8,2.77844,2.63984,2.15292
1873,Chicago,11/09/2025,2.5,Illinois,COM ED MAINTENANCE BLDG,2.5,2.48075,2.3569999999999998,1.92225
1874,Chicago,11/10/2025,2.4,Illinois,COM ED MAINTENANCE BLDG,2.4,2.3815199999999996,2.26272,1.84536
1875,Chicago,11/11/2025,5.3,Illinois,COM ED MAINTENANCE BLDG,5.3,5.259189999999999,4.99684,4.07517
1876,Chicago,11/12/2025,4.4,Illinois,COM ED MAINTENANCE BLDG,4.4,4.3661200000000004,4.14832,3.3831600000000006
1877,Chicago,11/13/2025,6.6,Illinois,COM ED MAINTENANCE BLDG,6.6,6.54918,6.222479999999999,5.07474
1878,Chicago,11/14/2025,13.9,Illinois,COM ED MAINTENANCE BLDG,13.9,13.79297,13.10492,10.687710000000001
1879,Chicago,11/15/2025,7.9,Illinois,COM ED MAINTENANCE BLDG,7.9,7.83917,7.44812,6.0743100000000005
1880,Chicago,11/16/2025,3.4,Illinois,COM ED MAINTENANCE BLDG,3.4,3.37382,3.20552,2.61426
1881,Chicago,11/17/2025,6.9,Illinois,COM ED MAINTENANCE BLDG,6.9,6.84687,6.50532,5.30541
1882,Chicago,11/18/2025,11.4,Illinois,COM ED MAINTENANCE BLDG,11.4,11.31222,10.74792,8.765460000000001
1883,Chicago,11/19/2025,18.5,Illinois,COM ED MAINTENANCE BLDG,18.5,18.35755,17.4418,14.22465
1884,Chicago,11/20/2025,19.1,Illinois,COM ED MAINTENANCE BLDG,19.1,18.952930000000002,18.00748,14.685990000000002
1885,Chicago,11/21/2025,15.4,Illinois,COM ED MAINTENANCE BLDG,15.4,15.281419999999999,14.51912,11.84106
1886,Chicago,11/22/2025,10.8,Illinois,COM ED MAINTENANCE BLDG,10.8,10.71684,10.18224,8.304120000000001
1887,Chicago,11/23/2025,14.1,Illinois,COM ED MAINTENANCE BLDG,14.1,13.99143,13.293479999999999,10.84149
1888,Chicago,11/24/2025,15.9,Illinois,COM ED MAINTENANCE BLDG,15.9,15.777569999999999,14.99052,12.22551
1889,Chicago,11/25/2025,13.6,Illinois,COM ED MAINTENANCE BLDG,13.6,13.49528,12.82208,10.45704
1890,Chicago,11/26/2025,2.4,Illinois,COM ED MAINTENANCE BLDG,2.4,2.3815199999999996,2.26272,1.84536
1891,Chicago,11/27/2025,2.8,Illinois,COM ED MAINTENANCE BLDG,2.8,2.77844,2.63984,2.15292
1892,Chicago,11/28/2025,7.4,Illinois,COM ED MAINTENANCE BLDG,7.4,7.34302,6.97672,5.68986
1893,Chicago,11/29/2025,7.3,Illinois,COM ED MAINTENANCE BLDG,7.3,7.24379,6.88244,5.61297
1894,Chicago,11/30/2025,5.1,Illinois,COM ED MAINTENANCE BLDG,5.1,5.0607299999999995,4.80828,3.9213899999999997
1895,Chicago,12/01/2025,12.2,Illinois,COM ED MAINTENANCE BLDG,12.2,12.10606,11.502159999999998,9.38058
1896,Chicago,12/02/2025,21.1,Illinois,COM ED MAINTENANCE BLDG,21.1,20.93753,19.89308,16.22379
1897,Chicago,12/03/2025,16.6,Illinois,COM ED MAINTENANCE BLDG,16.6,16.47218,15.650480000000002,12.763740000000002
1898,Chicago,12/04/2025,10.6,Illinois,COM ED MAINTENANCE BLDG,10.6,10.518379999999999,9.99368,8.15034
1899,Chicago,12/05/2025,19.6,Illinois,COM ED MAINTENANCE BLDG,19.6,19.449080000000002,18.47888,15.070440000000001
1900,Chicago,12/06/2025,18.5,Illinois,COM ED MAINTENANCE BLDG,18.5,18.35755,17.4418,14.22465
1901,Chicago,12/07/2025,11.3,Illinois,COM ED MAINTENANCE BLDG,11.3,11.21299,10.653640000000001,8.68857
1902,Chicago,12/08/2025,9.8,Illinois,COM ED MAINTENANCE BLDG,9.8,9.724540000000001,9.23944,7.535220000000001
1903,Chicago,12/09/2025,14.9,Illinois,COM ED MAINTENANCE BLDG,14.9,14.78527,14.04772,11.456610000000001
1904,Chicago,12/10/2025,6.7,Illinois,COM ED MAINTENANCE BLDG,6.7,6.64841,6.31676,5.15163
1905,Chicago,12/11/2025,9.9,Illinois,COM ED MAINTENANCE BLDG,9.9,9.82377,9.33372,7.61211
1906,Chicago,12/12/2025,19.6,Illinois,COM ED MAINTENANCE BLDG,19.6,19.449080000000002,18.47888,15.070440000000001
1907,Chicago,12/13/2025,6.9,Illinois,COM ED MAINTENANCE BLDG,6.9,6.84687,6.50532,5.30541
1908,Chicago,12/14/2025,6.4,Illinois,COM ED MAINTENANCE BLDG,6.4,6.35072,6.03392,4.920960000000001
1909,Chicago,12/15/2025,8.4,Illinois,COM ED MAINTENANCE BLDG,8.4,8.33532,7.91952,6.458760000000001
1910,Chicago,12/16/2025,12.7,Illinois,COM ED MAINTENANCE BLDG,12.7,12.60221,11.973559999999999,9.76503
1911,Chicago,12/17/2025,14.8,Illinois,COM ED MAINTENANCE BLDG,14.8,14.68604,13.95344,11.37972
1912,Chicago,12/18/2025,9.2,Illinois,COM ED MAINTENANCE BLDG,9.2,9.129159999999999,8.67376,7.07388
1913,Chicago,12/19/2025,5.3,Illinois,COM ED MAINTENANCE BLDG,5.3,5.259189999999999,4.99684,4.07517
1914,Chicago,12/20/2025,4.7,Illinois,COM ED MAINTENANCE BLDG,4.7,4.66381,4.43116,3.61383
1915,Chicago,12/21/2025,5.3,Illinois,COM ED MAINTENANCE BLDG,5.3,5.259189999999999,4.99684,4.07517
1916,Chicago,12/22/2025,5.3,Illinois,COM ED MAINTENANCE BLDG,5.3,5.259189999999999,4.99684,4.07517
1917,Chicago,12/23/2025,14.8,Illinois,COM ED MAINTENANCE BLDG,14.8,14.68604,13.95344,11.37972
1918,Chicago,12/24/2025,16.2,Illinois,COM ED MAINTENANCE BLDG,16.2,16.07526,15.273359999999998,12.45618
1919,Chicago,12/25/2025,20.3,Illinois,COM ED MAINTENANCE BLDG,20.3,20.14369,19.138840000000002,15.608670000000002
1920,Chicago,12/26/2025,13.3,Illinois,COM ED MAINTENANCE BLDG,13.3,13.19759,12.53924,10.226370000000001
1921,Chicago,12/27/2025,13.9,Illinois,COM ED MAINTENANCE BLDG,13.9,13.79297,13.10492,10.687710000000001
1922,Chicago,12/28/2025,8.5,Illinois,COM ED MAINTENANCE BLDG,8.5,8.43455,8.0138,6.53565
1923,Chicago,12/29/2025,3.5,Illinois,COM ED MAINTENANCE BLDG,3.5,3.4730499999999997,3.2998,2.69115
1924,Chicago,12/30/2025,4.6,Illinois,COM ED MAINTENANCE BLDG,4.6,4.564579999999999,4.33688,3.53694
1925,Chicago,12/31/2025,6.6,Illinois,COM ED MAINTENANCE BLDG,6.6,6.54918,6.222479999999999,5.07474
1926,Chicago,01/01/2025,4.6,Illinois,Kingery Near Road #1,4.6,4.564579999999999,4.33688,3.53694
1927,Chicago,01/02/2025,4.6,Illinois,Kingery Near Road #1,4.6,4.564579999999999,4.33688,3.53694
1928,Chicago,01/03/2025,6.5,Illinois,Kingery Near Road #1,6.5,6.449949999999999,6.1282,4.997850000000001
1929,Chicago,01/04/2025,5.1,Illinois,Kingery Near Road #1,5.1,5.0607299999999995,4.80828,3.9213899999999997
1930,Chicago,01/05/2025,4.2,Illinois,Kingery Near Road #1,4.2,4.16766,3.95976,3.2293800000000004
1931,Chicago,01/06/2025,2.9,Illinois,Kingery Near Road #1,2.9,2.8776699999999997,2.73412,2.22981
1932,Chicago,01/07/2025,6.2,Illinois,Kingery Near Road #1,6.2,6.15226,5.84536,4.767180000000001
1933,Chicago,01/08/2025,6.8,Illinois,Kingery Near Road #1,6.8,6.74764,6.41104,5.22852
1934,Chicago,01/09/2025,11.8,Illinois,Kingery Near Road #1,11.8,11.70914,11.12504,9.073020000000001
1935,Chicago,01/10/2025,23.5,Illinois,Kingery Near Road #1,23.5,23.31905,22.1558,18.06915
1936,Chicago,01/11/2025,10.8,Illinois,Kingery Near Road #1,10.8,10.71684,10.18224,8.304120000000001
1937,Chicago,01/12/2025,10.7,Illinois,Kingery Near Road #1,10.7,10.617609999999999,10.087959999999999,8.22723
1938,Chicago,01/13/2025,4.5,Illinois,Kingery Near Road #1,4.5,4.46535,4.2425999999999995,3.4600500000000003
1939,Chicago,01/14/2025,9.0,Illinois,Kingery Near Road #1,9.0,8.9307,8.485199999999999,6.920100000000001
1940,Chicago,01/15/2025,12.8,Illinois,Kingery Near Road #1,12.8,12.70144,12.06784,9.841920000000002
1941,Chicago,01/16/2025,9.7,Illinois,Kingery Near Road #1,9.7,9.625309999999999,9.145159999999999,7.45833
1942,Chicago,01/17/2025,7.8,Illinois,Kingery Near Road #1,7.8,7.73994,7.35384,5.99742
1943,Chicago,01/18/2025,3.8,Illinois,Kingery Near Road #1,3.8,3.7707399999999995,3.5826399999999996,2.92182
1944,Chicago,01/19/2025,3.7,Illinois,Kingery Near Road #1,3.7,3.67151,3.48836,2.84493
1945,Chicago,01/20/2025,5.3,Illinois,Kingery Near Road #1,5.3,5.259189999999999,4.99684,4.07517
1946,Chicago,01/21/2025,7.9,Illinois,Kingery Near Road #1,7.9,7.83917,7.44812,6.0743100000000005
1947,Chicago,01/22/2025,9.2,Illinois,Kingery Near Road #1,9.2,9.129159999999999,8.67376,7.07388
1948,Chicago,01/23/2025,8.4,Illinois,Kingery Near Road #1,8.4,8.33532,7.91952,6.458760000000001
1949,Chicago,01/24/2025,10.9,Illinois,Kingery Near Road #1,10.9,10.81607,10.27652,8.38101
1950,Chicago,01/25/2025,6.6,Illinois,Kingery Near Road #1,6.6,6.54918,6.222479999999999,5.07474
1951,Chicago,01/26/2025,4.5,Illinois,Kingery Near Road #1,4.5,4.46535,4.2425999999999995,3.4600500000000003
1952,Chicago,01/27/2025,5.5,Illinois,Kingery Near Road #1,5.5,5.45765,5.1854,4.22895
1953,Chicago,01/28/2025,5.1,Illinois,Kingery Near Road #1,5.1,5.0607299999999995,4.80828,3.9213899999999997
1954,Chicago,01/29/2025,4.1,Illinois,Kingery Near Road #1,4.1,4.068429999999999,3.8654799999999994,3.15249
1955,Chicago,01/30/2025,9.9,Illinois,Kingery Near Road #1,9.9,9.82377,9.33372,7.61211
1956,Chicago,01/31/2025,9.3,Illinois,Kingery Near Road #1,9.3,9.228390000000001,8.768040000000001,7.1507700000000005
1957,Chicago,02/01/2025,3.0,Illinois,Kingery Near Road #1,3.0,2.9768999999999997,2.8284,2.3067
1958,Chicago,02/02/2025,11.2,Illinois,Kingery Near Road #1,11.2,11.11376,10.55936,8.61168
1959,Chicago,02/03/2025,10.7,Illinois,Kingery Near Road #1,10.7,10.617609999999999,10.087959999999999,8.22723
1960,Chicago,02/04/2025,3.3,Illinois,Kingery Near Road #1,3.3,3.27459,3.1112399999999996,2.53737
1961,Chicago,02/05/2025,6.8,Illinois,Kingery Near Road #1,6.8,6.74764,6.41104,5.22852
1962,Chicago,02/06/2025,7.8,Illinois,Kingery Near Road #1,7.8,7.73994,7.35384,5.99742
1963,Chicago,02/07/2025,5.5,Illinois,Kingery Near Road #1,5.5,5.45765,5.1854,4.22895
1964,Chicago,02/08/2025,8.8,Illinois,Kingery Near Road #1,8.8,8.732240000000001,8.29664,6.766320000000001
1965,Chicago,02/09/2025,8.4,Illinois,Kingery Near Road #1,8.4,8.33532,7.91952,6.458760000000001
1966,Chicago,02/10/2025,7.4,Illinois,Kingery Near Road #1,7.4,7.34302,6.97672,5.68986
1967,Chicago,02/11/2025,6.9,Illinois,Kingery Near Road #1,6.9,6.84687,6.50532,5.30541
1968,Chicago,02/12/2025,12.8,Illinois,Kingery Near Road #1,12.8,12.70144,12.06784,9.841920000000002
1969,Chicago,02/13/2025,10.7,Illinois,Kingery Near Road #1,10.7,10.617609999999999,10.087959999999999,8.22723
1970,Chicago,02/14/2025,12.5,Illinois,Kingery Near Road #1,12.5,12.403749999999999,11.785,9.61125
1971,Chicago,02/15/2025,12.2,Illinois,Kingery Near Road #1,12.2,12.10606,11.502159999999998,9.38058
1972,Chicago,02/16/2025,6.7,Illinois,Kingery Near Road #1,6.7,6.64841,6.31676,5.15163
1973,Chicago,02/17/2025,5.6,Illinois,Kingery Near Road #1,5.6,5.55688,5.27968,4.30584
1974,Chicago,02/18/2025,6.0,Illinois,Kingery Near Road #1,6.0,5.953799999999999,5.6568,4.6134
1975,Chicago,02/19/2025,5.3,Illinois,Kingery Near Road #1,5.3,5.259189999999999,4.99684,4.07517
1976,Chicago,02/20/2025,6.8,Illinois,Kingery Near Road #1,6.8,6.74764,6.41104,5.22852
1977,Chicago,02/21/2025,9.8,Illinois,Kingery Near Road #1,9.8,9.724540000000001,9.23944,7.535220000000001
1978,Chicago,02/22/2025,9.2,Illinois,Kingery Near Road #1,9.2,9.129159999999999,8.67376,7.07388
1979,Chicago,02/23/2025,13.8,Illinois,Kingery Near Road #1,13.8,13.69374,13.01064,10.61082
1980,Chicago,02/24/2025,11.0,Illinois,Kingery Near Road #1,11.0,10.9153,10.3708,8.4579
1981,Chicago,02/25/2025,11.8,Illinois,Kingery Near Road #1,11.8,11.70914,11.12504,9.073020000000001
1982,Chicago,02/26/2025,11.2,Illinois,Kingery Near Road #1,11.2,11.11376,10.55936,8.61168
1983,Chicago,02/27/2025,12.2,Illinois,Kingery Near Road #1,12.2,12.10606,11.502159999999998,9.38058
1984,Chicago,02/28/2025,5.1,Illinois,Kingery Near Road #1,5.1,5.0607299999999995,4.80828,3.9213899999999997
1985,Chicago,03/01/2025,3.7,Illinois,Kingery Near Road #1,3.7,3.67151,3.48836,2.84493
1986,Chicago,03/02/2025,6.0,Illinois,Kingery Near Road #1,6.0,5.953799999999999,5.6568,4.6134
1987,Chicago,03/03/2025,8.2,Illinois,Kingery Near Road #1,8.2,8.136859999999999,7.730959999999999,6.30498
1988,Chicago,03/04/2025,8.9,Illinois,Kingery Near Road #1,8.9,8.83147,8.39092,6.843210000000001
1989,Chicago,03/05/2025,4.4,Illinois,Kingery Near Road #1,4.4,4.3661200000000004,4.14832,3.3831600000000006
1990,Chicago,03/06/2025,4.8,Illinois,Kingery Near Road #1,4.8,4.763039999999999,4.52544,3.69072
1991,Chicago,03/07/2025,8.4,Illinois,Kingery Near Road #1,8.4,8.33532,7.91952,6.458760000000001
1992,Chicago,03/08/2025,6.2,Illinois,Kingery Near Road #1,6.2,6.15226,5.84536,4.767180000000001
1993,Chicago,03/09/2025,4.5,Illinois,Kingery Near Road #1,4.5,4.46535,4.2425999999999995,3.4600500000000003
1994,Chicago,03/10/2025,5.3,Illinois,Kingery Near Road #1,5.3,5.259189999999999,4.99684,4.07517
1995,Chicago,03/11/2025,4.4,Illinois,Kingery Near Road #1,4.4,4.3661200000000004,4.14832,3.3831600000000006
1996,Chicago,03/12/2025,4.7,Illinois,Kingery Near Road #1,4.7,4.66381,4.43116,3.61383
1997,Chicago,03/13/2025,15.2,Illinois,Kingery Near Road #1,15.2,15.082959999999998,14.330559999999998,11.68728
1998,Chicago,03/14/2025,11.4,Illinois,Kingery Near Road #1,11.4,11.31222,10.74792,8.765460000000001
1999,Chicago,03/15/2025,27.2,Illinois,Kingery Near Road #1,27.2,26.99056,25.64416,20.91408
2000,Chicago,03/16/2025,4.9,Illinois,Kingery Near Road #1,4.9,4.8622700000000005,4.61972,3.7676100000000003
2001,Chicago,03/17/2025,4.7,Illinois,Kingery Near Road #1,4.7,4.66381,4.43116,3.61383
2002,Chicago,03/18/2025,6.2,Illinois,Kingery Near Road #1,6.2,6.15226,5.84536,4.767180000000001
2003,Chicago,03/19/2025,7.3,Illinois,Kingery Near Road #1,7.3,7.24379,6.88244,5.61297
2004,Chicago,03/20/2025,4.4,Illinois,Kingery Near Road #1,4.4,4.3661200000000004,4.14832,3.3831600000000006
2005,Chicago,03/21/2025,5.6,Illinois,Kingery Near Road #1,5.6,5.55688,5.27968,4.30584
2006,Chicago,03/22/2025,4.3,Illinois,Kingery Near Road #1,4.3,4.26689,4.05404,3.30627
2007,Chicago,03/23/2025,5.2,Illinois,Kingery Near Road #1,5.2,5.15996,4.90256,3.9982800000000003
2008,Chicago,03/24/2025,4.3,Illinois,Kingery Near Road #1,4.3,4.26689,4.05404,3.30627
2009,Chicago,03/25/2025,7.2,Illinois,Kingery Near Road #1,7.2,7.14456,6.7881599999999995,5.53608
2010,Chicago,03/26/2025,12.7,Illinois,Kingery Near Road #1,12.7,12.60221,11.973559999999999,9.76503
2011,Chicago,03/27/2025,10.1,Illinois,Kingery Near Road #1,10.1,10.022229999999999,9.522279999999999,7.76589
2012,Chicago,03/28/2025,8.0,Illinois,Kingery Near Road #1,8.0,7.9384,7.5424,6.1512
2013,Chicago,03/29/2025,8.8,Illinois,Kingery Near Road #1,8.8,8.732240000000001,8.29664,6.766320000000001
2014,Chicago,03/30/2025,6.3,Illinois,Kingery Near Road #1,6.3,6.2514899999999995,5.93964,4.84407
2015,Chicago,03/31/2025,4.0,Illinois,Kingery Near Road #1,4.0,3.9692,3.7712,3.0756
2016,Chicago,04/01/2025,4.5,Illinois,Kingery Near Road #1,4.5,4.46535,4.2425999999999995,3.4600500000000003
2017,Chicago,04/02/2025,7.8,Illinois,Kingery Near Road #1,7.8,7.73994,7.35384,5.99742
2018,Chicago,04/03/2025,6.0,Illinois,Kingery Near Road #1,6.0,5.953799999999999,5.6568,4.6134
2019,Chicago,04/04/2025,10.1,Illinois,Kingery Near Road #1,10.1,10.022229999999999,9.522279999999999,7.76589
2020,Chicago,04/05/2025,4.3,Illinois,Kingery Near Road #1,4.3,4.26689,4.05404,3.30627
2021,Chicago,04/06/2025,4.5,Illinois,Kingery Near Road #1,4.5,4.46535,4.2425999999999995,3.4600500000000003
2022,Chicago,04/07/2025,3.9,Illinois,Kingery Near Road #1,3.9,3.86997,3.67692,2.99871
2023,Chicago,04/08/2025,4.6,Illinois,Kingery Near Road #1,4.6,4.564579999999999,4.33688,3.53694
2024,Chicago,04/09/2025,6.5,Illinois,Kingery Near Road #1,6.5,6.449949999999999,6.1282,4.997850000000001
2025,Chicago,04/10/2025,12.4,Illinois,Kingery Near Road #1,12.4,12.30452,11.69072,9.534360000000001
2026,Chicago,04/11/2025,9.3,Illinois,Kingery Near Road #1,9.3,9.228390000000001,8.768040000000001,7.1507700000000005
2027,Chicago,04/12/2025,12.2,Illinois,Kingery Near Road #1,12.2,12.10606,11.502159999999998,9.38058
2028,Chicago,04/13/2025,7.4,Illinois,Kingery Near Road #1,7.4,7.34302,6.97672,5.68986
2029,Chicago,04/14/2025,6.4,Illinois,Kingery Near Road #1,6.4,6.35072,6.03392,4.920960000000001
2030,Chicago,04/15/2025,3.2,Illinois,Kingery Near Road #1,3.2,3.17536,3.01696,2.4604800000000004
2031,Chicago,04/16/2025,5.4,Illinois,Kingery Near Road #1,5.4,5.35842,5.09112,4.1520600000000005
2032,Chicago,04/17/2025,9.6,Illinois,Kingery Near Road #1,9.6,9.526079999999999,9.05088,7.38144
2033,Chicago,04/18/2025,13.4,Illinois,Kingery Near Road #1,13.4,13.29682,12.63352,10.30326
2034,Chicago,04/19/2025,11.8,Illinois,Kingery Near Road #1,11.8,11.70914,11.12504,9.073020000000001
2035,Chicago,04/20/2025,7.2,Illinois,Kingery Near Road #1,7.2,7.14456,6.7881599999999995,5.53608
2036,Chicago,04/21/2025,3.9,Illinois,Kingery Near Road #1,3.9,3.86997,3.67692,2.99871
2037,Chicago,04/22/2025,6.0,Illinois,Kingery Near Road #1,6.0,5.953799999999999,5.6568,4.6134
2038,Chicago,04/23/2025,6.3,Illinois,Kingery Near Road #1,6.3,6.2514899999999995,5.93964,4.84407
2039,Chicago,04/24/2025,9.6,Illinois,Kingery Near Road #1,9.6,9.526079999999999,9.05088,7.38144
2040,Chicago,04/25/2025,4.7,Illinois,Kingery Near Road #1,4.7,4.66381,4.43116,3.61383
2041,Chicago,04/26/2025,2.3,Illinois,Kingery Near Road #1,2.3,2.2822899999999997,2.16844,1.76847
2042,Chicago,04/27/2025,5.1,Illinois,Kingery Near Road #1,5.1,5.0607299999999995,4.80828,3.9213899999999997
2043,Chicago,04/28/2025,7.6,Illinois,Kingery Near Road #1,7.6,7.541479999999999,7.165279999999999,5.84364
2044,Chicago,04/29/2025,5.9,Illinois,Kingery Near Road #1,5.9,5.85457,5.56252,4.536510000000001
2045,Chicago,04/30/2025,5.9,Illinois,Kingery Near Road #1,5.9,5.85457,5.56252,4.536510000000001
2046,Chicago,05/01/2025,7.5,Illinois,Kingery Near Road #1,7.5,7.44225,7.071,5.76675
2047,Chicago,05/02/2025,6.9,Illinois,Kingery Near Road #1,6.9,6.84687,6.50532,5.30541
2048,Chicago,05/03/2025,3.1,Illinois,Kingery Near Road #1,3.1,3.07613,2.92268,2.3835900000000003
2049,Chicago,05/04/2025,3.1,Illinois,Kingery Near Road #1,3.1,3.07613,2.92268,2.3835900000000003
2050,Chicago,05/05/2025,7.5,Illinois,Kingery Near Road #1,7.5,7.44225,7.071,5.76675
2051,Chicago,05/06/2025,10.1,Illinois,Kingery Near Road #1,10.1,10.022229999999999,9.522279999999999,7.76589
2052,Chicago,05/07/2025,9.1,Illinois,Kingery Near Road #1,9.1,9.029929999999998,8.57948,6.99699
2053,Chicago,05/08/2025,3.7,Illinois,Kingery Near Road #1,3.7,3.67151,3.48836,2.84493
2054,Chicago,05/09/2025,5.7,Illinois,Kingery Near Road #1,5.7,5.65611,5.37396,4.3827300000000005
2055,Chicago,05/10/2025,5.2,Illinois,Kingery Near Road #1,5.2,5.15996,4.90256,3.9982800000000003
2056,Chicago,05/11/2025,6.2,Illinois,Kingery Near Road #1,6.2,6.15226,5.84536,4.767180000000001
2057,Chicago,05/12/2025,11.0,Illinois,Kingery Near Road #1,11.0,10.9153,10.3708,8.4579
2058,Chicago,05/13/2025,7.7,Illinois,Kingery Near Road #1,7.7,7.6407099999999994,7.25956,5.92053
2059,Chicago,05/14/2025,10.4,Illinois,Kingery Near Road #1,10.4,10.31992,9.80512,7.996560000000001
2060,Chicago,05/15/2025,12.8,Illinois,Kingery Near Road #1,12.8,12.70144,12.06784,9.841920000000002
2061,Chicago,05/16/2025,9.5,Illinois,Kingery Near Road #1,9.5,9.42685,8.9566,7.30455
2062,Chicago,05/17/2025,3.0,Illinois,Kingery Near Road #1,3.0,2.9768999999999997,2.8284,2.3067
2063,Chicago,05/18/2025,4.1,Illinois,Kingery Near Road #1,4.1,4.068429999999999,3.8654799999999994,3.15249
2064,Chicago,05/19/2025,4.4,Illinois,Kingery Near Road #1,4.4,4.3661200000000004,4.14832,3.3831600000000006
2065,Chicago,05/20/2025,6.3,Illinois,Kingery Near Road #1,6.3,6.2514899999999995,5.93964,4.84407
2066,Chicago,05/21/2025,6.5,Illinois,Kingery Near Road #1,6.5,6.449949999999999,6.1282,4.997850000000001
2067,Chicago,05/22/2025,3.2,Illinois,Kingery Near Road #1,3.2,3.17536,3.01696,2.4604800000000004
2068,Chicago,05/23/2025,5.7,Illinois,Kingery Near Road #1,5.7,5.65611,5.37396,4.3827300000000005
2069,Chicago,05/24/2025,3.9,Illinois,Kingery Near Road #1,3.9,3.86997,3.67692,2.99871
2070,Chicago,05/25/2025,4.4,Illinois,Kingery Near Road #1,4.4,4.3661200000000004,4.14832,3.3831600000000006
2071,Chicago,05/26/2025,4.8,Illinois,Kingery Near Road #1,4.8,4.763039999999999,4.52544,3.69072
2072,Chicago,05/27/2025,6.5,Illinois,Kingery Near Road #1,6.5,6.449949999999999,6.1282,4.997850000000001
2073,Chicago,05/28/2025,8.1,Illinois,Kingery Near Road #1,8.1,8.03763,7.636679999999999,6.22809
2074,Chicago,05/29/2025,13.3,Illinois,Kingery Near Road #1,13.3,13.19759,12.53924,10.226370000000001
2075,Chicago,05/30/2025,15.1,Illinois,Kingery Near Road #1,15.1,14.98373,14.236279999999999,11.61039
2076,Chicago,05/31/2025,9.2,Illinois,Kingery Near Road #1,9.2,9.129159999999999,8.67376,7.07388
2077,Chicago,06/01/2025,8.8,Illinois,Kingery Near Road #1,8.8,8.732240000000001,8.29664,6.766320000000001
2078,Chicago,06/02/2025,10.4,Illinois,Kingery Near Road #1,10.4,10.31992,9.80512,7.996560000000001
2079,Chicago,06/03/2025,15.6,Illinois,Kingery Near Road #1,15.6,15.47988,14.70768,11.99484
2080,Chicago,06/04/2025,29.2,Illinois,Kingery Near Road #1,29.2,28.97516,27.52976,22.45188
2081,Chicago,06/05/2025,53.9,Illinois,Kingery Near Road #1,53.9,53.48497,50.816919999999996,41.44371
2082,Chicago,06/06/2025,35.3,Illinois,Kingery Near Road #1,35.3,35.028189999999995,33.28084,27.14217
2083,Chicago,06/07/2025,24.7,Illinois,Kingery Near Road #1,24.7,24.509809999999998,23.28716,18.99183
2084,Chicago,06/08/2025,24.0,Illinois,Kingery Near Road #1,24.0,23.815199999999997,22.6272,18.4536
2085,Chicago,06/09/2025,18.7,Illinois,Kingery Near Road #1,18.7,18.556009999999997,17.63036,14.37843
2086,Chicago,06/10/2025,16.9,Illinois,Kingery Near Road #1,16.9,16.769869999999997,15.933319999999998,12.99441
2087,Chicago,06/11/2025,21.3,Illinois,Kingery Near Road #1,21.3,21.13599,20.08164,16.377570000000002
2088,Chicago,06/12/2025,26.6,Illinois,Kingery Near Road #1,26.6,26.39518,25.07848,20.452740000000002
2089,Chicago,06/13/2025,26.6,Illinois,Kingery Near Road #1,26.6,26.39518,25.07848,20.452740000000002
2090,Chicago,06/14/2025,16.4,Illinois,Kingery Near Road #1,16.4,16.273719999999997,15.461919999999997,12.60996
2091,Chicago,06/15/2025,11.1,Illinois,Kingery Near Road #1,11.1,11.014529999999999,10.465079999999999,8.53479
2092,Chicago,06/16/2025,14.9,Illinois,Kingery Near Road #1,14.9,14.78527,14.04772,11.456610000000001
2093,Chicago,06/17/2025,7.1,Illinois,Kingery Near Road #1,7.1,7.045329999999999,6.693879999999999,5.4591899999999995
2094,Chicago,06/18/2025,6.4,Illinois,Kingery Near Road #1,6.4,6.35072,6.03392,4.920960000000001
2095,Chicago,06/19/2025,6.8,Illinois,Kingery Near Road #1,6.8,6.74764,6.41104,5.22852
2096,Chicago,06/20/2025,7.0,Illinois,Kingery Near Road #1,7.0,6.9460999999999995,6.5996,5.3823
2097,Chicago,06/21/2025,9.0,Illinois,Kingery Near Road #1,9.0,8.9307,8.485199999999999,6.920100000000001
2098,Chicago,06/22/2025,11.5,Illinois,Kingery Near Road #1,11.5,11.41145,10.8422,8.84235
2099,Chicago,06/23/2025,11.8,Illinois,Kingery Near Road #1,11.8,11.70914,11.12504,9.073020000000001
2100,Chicago,06/24/2025,8.2,Illinois,Kingery Near Road #1,8.2,8.136859999999999,7.730959999999999,6.30498
2101,Chicago,06/25/2025,6.1,Illinois,Kingery Near Road #1,6.1,6.05303,5.751079999999999,4.69029
2102,Chicago,06/26/2025,7.8,Illinois,Kingery Near Road #1,7.8,7.73994,7.35384,5.99742
2103,Chicago,06/27/2025,5.5,Illinois,Kingery Near Road #1,5.5,5.45765,5.1854,4.22895
2104,Chicago,06/28/2025,5.8,Illinois,Kingery Near Road #1,5.8,5.7553399999999995,5.46824,4.45962
2105,Chicago,06/29/2025,6.3,Illinois,Kingery Near Road #1,6.3,6.2514899999999995,5.93964,4.84407
2106,Chicago,06/30/2025,4.8,Illinois,Kingery Near Road #1,4.8,4.763039999999999,4.52544,3.69072
2107,Chicago,07/01/2025,7.5,Illinois,Kingery Near Road #1,7.5,7.44225,7.071,5.76675
2108,Chicago,07/02/2025,12.4,Illinois,Kingery Near Road #1,12.4,12.30452,11.69072,9.534360000000001
2109,Chicago,07/03/2025,11.1,Illinois,Kingery Near Road #1,11.1,11.014529999999999,10.465079999999999,8.53479
2110,Chicago,07/04/2025,14.1,Illinois,Kingery Near Road #1,14.1,13.99143,13.293479999999999,10.84149
2111,Chicago,07/05/2025,13.3,Illinois,Kingery Near Road #1,13.3,13.19759,12.53924,10.226370000000001
2112,Chicago,07/06/2025,7.3,Illinois,Kingery Near Road #1,7.3,7.24379,6.88244,5.61297
2113,Chicago,07/07/2025,15.3,Illinois,Kingery Near Road #1,15.3,15.18219,14.42484,11.764170000000002
2114,Chicago,07/08/2025,18.7,Illinois,Kingery Near Road #1,18.7,18.556009999999997,17.63036,14.37843
2115,Chicago,07/09/2025,8.6,Illinois,Kingery Near Road #1,8.6,8.53378,8.10808,6.61254
2116,Chicago,07/10/2025,8.6,Illinois,Kingery Near Road #1,8.6,8.53378,8.10808,6.61254
2117,Chicago,07/11/2025,6.5,Illinois,Kingery Near Road #1,6.5,6.449949999999999,6.1282,4.997850000000001
2118,Chicago,07/12/2025,4.2,Illinois,Kingery Near Road #1,4.2,4.16766,3.95976,3.2293800000000004
2119,Chicago,07/13/2025,19.5,Illinois,Kingery Near Road #1,19.5,19.34985,18.3846,14.99355
2120,Chicago,07/14/2025,33.7,Illinois,Kingery Near Road #1,33.7,33.44051,31.772360000000003,25.91193
2121,Chicago,07/15/2025,15.3,Illinois,Kingery Near Road #1,15.3,15.18219,14.42484,11.764170000000002
2122,Chicago,07/16/2025,6.4,Illinois,Kingery Near Road #1,6.4,6.35072,6.03392,4.920960000000001
2123,Chicago,07/17/2025,3.2,Illinois,Kingery Near Road #1,3.2,3.17536,3.01696,2.4604800000000004
2124,Chicago,07/18/2025,6.8,Illinois,Kingery Near Road #1,6.8,6.74764,6.41104,5.22852
2125,Chicago,07/19/2025,5.5,Illinois,Kingery Near Road #1,5.5,5.45765,5.1854,4.22895
2126,Chicago,07/20/2025,5.8,Illinois,Kingery Near Road #1,5.8,5.7553399999999995,5.46824,4.45962
2127,Chicago,07/21/2025,18.5,Illinois,Kingery Near Road #1,18.5,18.35755,17.4418,14.22465
2128,Chicago,07/22/2025,22.0,Illinois,Kingery Near Road #1,22.0,21.8306,20.7416,16.9158
2129,Chicago,07/23/2025,13.7,Illinois,Kingery Near Road #1,13.7,13.594509999999998,12.91636,10.53393
2130,Chicago,07/24/2025,8.8,Illinois,Kingery Near Road #1,8.8,8.732240000000001,8.29664,6.766320000000001
2131,Chicago,07/25/2025,5.3,Illinois,Kingery Near Road #1,5.3,5.259189999999999,4.99684,4.07517
2132,Chicago,07/26/2025,6.1,Illinois,Kingery Near Road #1,6.1,6.05303,5.751079999999999,4.69029
2133,Chicago,07/27/2025,6.7,Illinois,Kingery Near Road #1,6.7,6.64841,6.31676,5.15163
2134,Chicago,07/28/2025,8.3,Illinois,Kingery Near Road #1,8.3,8.23609,7.825240000000001,6.381870000000001
2135,Chicago,07/29/2025,9.2,Illinois,Kingery Near Road #1,9.2,9.129159999999999,8.67376,7.07388
2136,Chicago,07/30/2025,13.6,Illinois,Kingery Near Road #1,13.6,13.49528,12.82208,10.45704
2137,Chicago,07/31/2025,57.0,Illinois,Kingery Near Road #1,57.0,56.561099999999996,53.739599999999996,43.8273
2138,Chicago,08/01/2025,45.0,Illinois,Kingery Near Road #1,45.0,44.6535,42.426,34.600500000000004
2139,Chicago,08/02/2025,24.5,Illinois,Kingery Near Road #1,24.5,24.311349999999997,23.098599999999998,18.83805
2140,Chicago,08/03/2025,27.1,Illinois,Kingery Near Road #1,27.1,26.89133,25.54988,20.837190000000003
2141,Chicago,08/04/2025,15.1,Illinois,Kingery Near Road #1,15.1,14.98373,14.236279999999999,11.61039
2142,Chicago,08/05/2025,28.3,Illinois,Kingery Near Road #1,28.3,28.08209,26.68124,21.759870000000003
2143,Chicago,08/06/2025,24.4,Illinois,Kingery Near Road #1,24.4,24.21212,23.004319999999996,18.76116
2144,Chicago,08/07/2025,11.6,Illinois,Kingery Near Road #1,11.6,11.510679999999999,10.93648,8.91924
2145,Chicago,08/08/2025,11.8,Illinois,Kingery Near Road #1,11.8,11.70914,11.12504,9.073020000000001
2146,Chicago,08/09/2025,10.1,Illinois,Kingery Near Road #1,10.1,10.022229999999999,9.522279999999999,7.76589
2147,Chicago,08/10/2025,8.4,Illinois,Kingery Near Road #1,8.4,8.33532,7.91952,6.458760000000001
2148,Chicago,08/11/2025,8.0,Illinois,Kingery Near Road #1,8.0,7.9384,7.5424,6.1512
2149,Chicago,08/12/2025,8.7,Illinois,Kingery Near Road #1,8.7,8.633009999999999,8.202359999999999,6.68943
2150,Chicago,08/13/2025,12.5,Illinois,Kingery Near Road #1,12.5,12.403749999999999,11.785,9.61125
2151,Chicago,08/14/2025,19.8,Illinois,Kingery Near Road #1,19.8,19.64754,18.66744,15.22422
2152,Chicago,08/15/2025,16.8,Illinois,Kingery Near Road #1,16.8,16.67064,15.83904,12.917520000000001
2153,Chicago,08/16/2025,10.2,Illinois,Kingery Near Road #1,10.2,10.121459999999999,9.61656,7.842779999999999
2154,Chicago,08/17/2025,5.0,Illinois,Kingery Near Road #1,5.0,4.9615,4.7139999999999995,3.8445
2155,Chicago,08/18/2025,5.9,Illinois,Kingery Near Road #1,5.9,5.85457,5.56252,4.536510000000001
2156,Chicago,08/19/2025,4.9,Illinois,Kingery Near Road #1,4.9,4.8622700000000005,4.61972,3.7676100000000003
2157,Chicago,08/20/2025,3.2,Illinois,Kingery Near Road #1,3.2,3.17536,3.01696,2.4604800000000004
2158,Chicago,08/21/2025,4.5,Illinois,Kingery Near Road #1,4.5,4.46535,4.2425999999999995,3.4600500000000003
2159,Chicago,08/22/2025,6.5,Illinois,Kingery Near Road #1,6.5,6.449949999999999,6.1282,4.997850000000001
2160,Chicago,08/23/2025,5.3,Illinois,Kingery Near Road #1,5.3,5.259189999999999,4.99684,4.07517
2161,Chicago,08/24/2025,3.7,Illinois,Kingery Near Road #1,3.7,3.67151,3.48836,2.84493
2162,Chicago,08/25/2025,3.6,Illinois,Kingery Near Road #1,3.6,3.57228,3.3940799999999998,2.76804
2163,Chicago,08/26/2025,5.6,Illinois,Kingery Near Road #1,5.6,5.55688,5.27968,4.30584
2164,Chicago,08/27/2025,6.9,Illinois,Kingery Near Road #1,6.9,6.84687,6.50532,5.30541
2165,Chicago,08/28/2025,6.2,Illinois,Kingery Near Road #1,6.2,6.15226,5.84536,4.767180000000001
2166,Chicago,08/29/2025,3.6,Illinois,Kingery Near Road #1,3.6,3.57228,3.3940799999999998,2.76804
2167,Chicago,08/30/2025,5.0,Illinois,Kingery Near Road #1,5.0,4.9615,4.7139999999999995,3.8445
2168,Chicago,08/31/2025,7.9,Illinois,Kingery Near Road #1,7.9,7.83917,7.44812,6.0743100000000005
2169,Chicago,09/01/2025,8.2,Illinois,Kingery Near Road #1,8.2,8.136859999999999,7.730959999999999,6.30498
2170,Chicago,09/02/2025,8.8,Illinois,Kingery Near Road #1,8.8,8.732240000000001,8.29664,6.766320000000001
2171,Chicago,09/03/2025,10.7,Illinois,Kingery Near Road #1,10.7,10.617609999999999,10.087959999999999,8.22723
2172,Chicago,09/04/2025,11.0,Illinois,Kingery Near Road #1,11.0,10.9153,10.3708,8.4579
2173,Chicago,09/05/2025,8.1,Illinois,Kingery Near Road #1,8.1,8.03763,7.636679999999999,6.22809
2174,Chicago,09/06/2025,3.7,Illinois,Kingery Near Road #1,3.7,3.67151,3.48836,2.84493
2175,Chicago,09/07/2025,5.2,Illinois,Kingery Near Road #1,5.2,5.15996,4.90256,3.9982800000000003
2176,Chicago,09/08/2025,5.9,Illinois,Kingery Near Road #1,5.9,5.85457,5.56252,4.536510000000001
2177,Chicago,09/09/2025,5.6,Illinois,Kingery Near Road #1,5.6,5.55688,5.27968,4.30584
2178,Chicago,09/10/2025,9.3,Illinois,Kingery Near Road #1,9.3,9.228390000000001,8.768040000000001,7.1507700000000005
2179,Chicago,09/11/2025,10.6,Illinois,Kingery Near Road #1,10.6,10.518379999999999,9.99368,8.15034
2180,Chicago,09/12/2025,11.0,Illinois,Kingery Near Road #1,11.0,10.9153,10.3708,8.4579
2181,Chicago,09/13/2025,12.2,Illinois,Kingery Near Road #1,12.2,12.10606,11.502159999999998,9.38058
2182,Chicago,09/14/2025,12.5,Illinois,Kingery Near Road #1,12.5,12.403749999999999,11.785,9.61125
2183,Chicago,09/15/2025,12.1,Illinois,Kingery Near Road #1,12.1,12.006829999999999,11.407879999999999,9.30369
2184,Chicago,09/16/2025,10.6,Illinois,Kingery Near Road #1,10.6,10.518379999999999,9.99368,8.15034
2185,Chicago,09/17/2025,12.5,Illinois,Kingery Near Road #1,12.5,12.403749999999999,11.785,9.61125
2186,Chicago,09/18/2025,13.1,Illinois,Kingery Near Road #1,13.1,12.99913,12.350679999999999,10.07259
2187,Chicago,09/19/2025,14.9,Illinois,Kingery Near Road #1,14.9,14.78527,14.04772,11.456610000000001
2188,Chicago,09/20/2025,13.6,Illinois,Kingery Near Road #1,13.6,13.49528,12.82208,10.45704
2189,Chicago,09/21/2025,10.1,Illinois,Kingery Near Road #1,10.1,10.022229999999999,9.522279999999999,7.76589
2190,Chicago,09/22/2025,7.6,Illinois,Kingery Near Road #1,7.6,7.541479999999999,7.165279999999999,5.84364
2191,Chicago,09/23/2025,8.2,Illinois,Kingery Near Road #1,8.2,8.136859999999999,7.730959999999999,6.30498
2192,Chicago,09/24/2025,3.4,Illinois,Kingery Near Road #1,3.4,3.37382,3.20552,2.61426
2193,Chicago,09/25/2025,5.6,Illinois,Kingery Near Road #1,5.6,5.55688,5.27968,4.30584
2194,Chicago,09/26/2025,8.4,Illinois,Kingery Near Road #1,8.4,8.33532,7.91952,6.458760000000001
2195,Chicago,09/27/2025,9.5,Illinois,Kingery Near Road #1,9.5,9.42685,8.9566,7.30455
2196,Chicago,09/28/2025,11.0,Illinois,Kingery Near Road #1,11.0,10.9153,10.3708,8.4579
2197,Chicago,09/29/2025,14.0,Illinois,Kingery Near Road #1,14.0,13.892199999999999,13.1992,10.7646
2198,Chicago,09/30/2025,12.7,Illinois,Kingery Near Road #1,12.7,12.60221,11.973559999999999,9.76503
2199,Chicago,10/01/2025,7.2,Illinois,Kingery Near Road #1,7.2,7.14456,6.7881599999999995,5.53608
2200,Chicago,10/02/2025,8.2,Illinois,Kingery Near Road #1,8.2,8.136859999999999,7.730959999999999,6.30498
2201,Chicago,10/03/2025,11.1,Illinois,Kingery Near Road #1,11.1,11.014529999999999,10.465079999999999,8.53479
2202,Chicago,10/04/2025,11.6,Illinois,Kingery Near Road #1,11.6,11.510679999999999,10.93648,8.91924
2203,Chicago,10/05/2025,8.0,Illinois,Kingery Near Road #1,8.0,7.9384,7.5424,6.1512
2204,Chicago,10/06/2025,6.8,Illinois,Kingery Near Road #1,6.8,6.74764,6.41104,5.22852
2205,Chicago,10/07/2025,3.7,Illinois,Kingery Near Road #1,3.7,3.67151,3.48836,2.84493
2206,Chicago,10/08/2025,3.9,Illinois,Kingery Near Road #1,3.9,3.86997,3.67692,2.99871
2207,Chicago,10/09/2025,3.6,Illinois,Kingery Near Road #1,3.6,3.57228,3.3940799999999998,2.76804
2208,Chicago,10/10/2025,6.9,Illinois,Kingery Near Road #1,6.9,6.84687,6.50532,5.30541
2209,Chicago,10/11/2025,3.3,Illinois,Kingery Near Road #1,3.3,3.27459,3.1112399999999996,2.53737
2210,Chicago,10/12/2025,5.6,Illinois,Kingery Near Road #1,5.6,5.55688,5.27968,4.30584
2211,Chicago,10/13/2025,9.7,Illinois,Kingery Near Road #1,9.7,9.625309999999999,9.145159999999999,7.45833
2212,Chicago,10/14/2025,9.8,Illinois,Kingery Near Road #1,9.8,9.724540000000001,9.23944,7.535220000000001
2213,Chicago,10/15/2025,7.1,Illinois,Kingery Near Road #1,7.1,7.045329999999999,6.693879999999999,5.4591899999999995
2214,Chicago,10/16/2025,4.1,Illinois,Kingery Near Road #1,4.1,4.068429999999999,3.8654799999999994,3.15249
2215,Chicago,10/17/2025,4.7,Illinois,Kingery Near Road #1,4.7,4.66381,4.43116,3.61383
2216,Chicago,10/18/2025,11.2,Illinois,Kingery Near Road #1,11.2,11.11376,10.55936,8.61168
2217,Chicago,10/19/2025,3.4,Illinois,Kingery Near Road #1,3.4,3.37382,3.20552,2.61426
2218,Chicago,10/20/2025,3.6,Illinois,Kingery Near Road #1,3.6,3.57228,3.3940799999999998,2.76804
2219,Chicago,10/21/2025,3.5,Illinois,Kingery Near Road #1,3.5,3.4730499999999997,3.2998,2.69115
2220,Chicago,10/22/2025,2.1,Illinois,Kingery Near Road #1,2.1,2.08383,1.97988,1.6146900000000002
2221,Chicago,10/23/2025,3.4,Illinois,Kingery Near Road #1,3.4,3.37382,3.20552,2.61426
2222,Chicago,10/24/2025,5.5,Illinois,Kingery Near Road #1,5.5,5.45765,5.1854,4.22895
2223,Chicago,10/25/2025,8.1,Illinois,Kingery Near Road #1,8.1,8.03763,7.636679999999999,6.22809
2224,Chicago,10/26/2025,8.1,Illinois,Kingery Near Road #1,8.1,8.03763,7.636679999999999,6.22809
2225,Chicago,10/27/2025,4.6,Illinois,Kingery Near Road #1,4.6,4.564579999999999,4.33688,3.53694
2226,Chicago,10/28/2025,5.1,Illinois,Kingery Near Road #1,5.1,5.0607299999999995,4.80828,3.9213899999999997
2227,Chicago,10/29/2025,4.8,Illinois,Kingery Near Road #1,4.8,4.763039999999999,4.52544,3.69072
2228,Chicago,10/30/2025,4.4,Illinois,Kingery Near Road #1,4.4,4.3661200000000004,4.14832,3.3831600000000006
2229,Chicago,10/31/2025,8.8,Illinois,Kingery Near Road #1,8.8,8.732240000000001,8.29664,6.766320000000001
2230,Chicago,11/01/2025,7.5,Illinois,Kingery Near Road #1,7.5,7.44225,7.071,5.76675
2231,Chicago,11/02/2025,7.0,Illinois,Kingery Near Road #1,7.0,6.9460999999999995,6.5996,5.3823
2232,Chicago,11/03/2025,4.5,Illinois,Kingery Near Road #1,4.5,4.46535,4.2425999999999995,3.4600500000000003
2233,Chicago,11/04/2025,6.1,Illinois,Kingery Near Road #1,6.1,6.05303,5.751079999999999,4.69029
2234,Chicago,11/05/2025,8.5,Illinois,Kingery Near Road #1,8.5,8.43455,8.0138,6.53565
2235,Chicago,11/06/2025,7.4,Illinois,Kingery Near Road #1,7.4,7.34302,6.97672,5.68986
2236,Chicago,11/07/2025,6.7,Illinois,Kingery Near Road #1,6.7,6.64841,6.31676,5.15163
2237,Chicago,11/08/2025,4.5,Illinois,Kingery Near Road #1,4.5,4.46535,4.2425999999999995,3.4600500000000003
2238,Chicago,11/09/2025,2.5,Illinois,Kingery Near Road #1,2.5,2.48075,2.3569999999999998,1.92225
2239,Chicago,11/10/2025,2.3,Illinois,Kingery Near Road #1,2.3,2.2822899999999997,2.16844,1.76847
2240,Chicago,11/11/2025,5.8,Illinois,Kingery Near Road #1,5.8,5.7553399999999995,5.46824,4.45962
2241,Chicago,11/12/2025,4.6,Illinois,Kingery Near Road #1,4.6,4.564579999999999,4.33688,3.53694
2242,Chicago,11/13/2025,5.9,Illinois,Kingery Near Road #1,5.9,5.85457,5.56252,4.536510000000001
2243,Chicago,11/14/2025,12.6,Illinois,Kingery Near Road #1,12.6,12.502979999999999,11.87928,9.68814
2244,Chicago,11/15/2025,8.3,Illinois,Kingery Near Road #1,8.3,8.23609,7.825240000000001,6.381870000000001
2245,Chicago,11/16/2025,3.1,Illinois,Kingery Near Road #1,3.1,3.07613,2.92268,2.3835900000000003
2246,Chicago,11/17/2025,7.4,Illinois,Kingery Near Road #1,7.4,7.34302,6.97672,5.68986
2247,Chicago,11/18/2025,12.6,Illinois,Kingery Near Road #1,12.6,12.502979999999999,11.87928,9.68814
2248,Chicago,11/19/2025,17.7,Illinois,Kingery Near Road #1,17.7,17.563709999999997,16.687559999999998,13.60953
2249,Chicago,11/20/2025,20.1,Illinois,Kingery Near Road #1,20.1,19.945230000000002,18.95028,15.454890000000002
2250,Chicago,11/21/2025,14.7,Illinois,Kingery Near Road #1,14.7,14.586809999999998,13.85916,11.30283
2251,Chicago,11/22/2025,10.2,Illinois,Kingery Near Road #1,10.2,10.121459999999999,9.61656,7.842779999999999
2252,Chicago,11/23/2025,15.3,Illinois,Kingery Near Road #1,15.3,15.18219,14.42484,11.764170000000002
2253,Chicago,11/24/2025,17.0,Illinois,Kingery Near Road #1,17.0,16.8691,16.0276,13.0713
2254,Chicago,11/25/2025,12.9,Illinois,Kingery Near Road #1,12.9,12.80067,12.16212,9.91881
2255,Chicago,11/26/2025,2.6,Illinois,Kingery Near Road #1,2.6,2.57998,2.45128,1.9991400000000001
2256,Chicago,11/27/2025,2.7,Illinois,Kingery Near Road #1,2.7,2.67921,2.54556,2.0760300000000003
2257,Chicago,11/28/2025,13.3,Illinois,Kingery Near Road #1,13.3,13.19759,12.53924,10.226370000000001
2258,Chicago,11/29/2025,6.8,Illinois,Kingery Near Road #1,6.8,6.74764,6.41104,5.22852
2259,Chicago,11/30/2025,4.9,Illinois,Kingery Near Road #1,4.9,4.8622700000000005,4.61972,3.7676100000000003
2260,Chicago,12/01/2025,14.6,Illinois,Kingery Near Road #1,14.6,14.48758,13.76488,11.22594
2261,Chicago,12/02/2025,18.1,Illinois,Kingery Near Road #1,18.1,17.960630000000002,17.06468,13.917090000000002
2262,Chicago,12/03/2025,14.7,Illinois,Kingery Near Road #1,14.7,14.586809999999998,13.85916,11.30283
2263,Chicago,12/04/2025,9.1,Illinois,Kingery Near Road #1,9.1,9.029929999999998,8.57948,6.99699
2264,Chicago,12/05/2025,16.3,Illinois,Kingery Near Road #1,16.3,16.17449,15.36764,12.53307
2265,Chicago,12/06/2025,16.5,Illinois,Kingery Near Road #1,16.5,16.37295,15.556199999999999,12.68685
2266,Chicago,12/07/2025,9.7,Illinois,Kingery Near Road #1,9.7,9.625309999999999,9.145159999999999,7.45833
2267,Chicago,12/08/2025,6.5,Illinois,Kingery Near Road #1,6.5,6.449949999999999,6.1282,4.997850000000001
2268,Chicago,12/09/2025,12.8,Illinois,Kingery Near Road #1,12.8,12.70144,12.06784,9.841920000000002
2269,Chicago,12/10/2025,5.9,Illinois,Kingery Near Road #1,5.9,5.85457,5.56252,4.536510000000001
2270,Chicago,12/11/2025,7.9,Illinois,Kingery Near Road #1,7.9,7.83917,7.44812,6.0743100000000005
2271,Chicago,12/12/2025,16.6,Illinois,Kingery Near Road #1,16.6,16.47218,15.650480000000002,12.763740000000002
2272,Chicago,12/13/2025,6.8,Illinois,Kingery Near Road #1,6.8,6.74764,6.41104,5.22852
2273,Chicago,12/14/2025,6.2,Illinois,Kingery Near Road #1,6.2,6.15226,5.84536,4.767180000000001
2274,Chicago,12/15/2025,9.0,Illinois,Kingery Near Road #1,9.0,8.9307,8.485199999999999,6.920100000000001
2275,Chicago,12/16/2025,11.8,Illinois,Kingery Near Road #1,11.8,11.70914,11.12504,9.073020000000001
2276,Chicago,12/17/2025,12.6,Illinois,Kingery Near Road #1,12.6,12.502979999999999,11.87928,9.68814
2277,Chicago,12/18/2025,10.0,Illinois,Kingery Near Road #1,10.0,9.923,9.427999999999999,7.689
2278,Chicago,12/19/2025,5.7,Illinois,Kingery Near Road #1,5.7,5.65611,5.37396,4.3827300000000005
2279,Chicago,12/20/2025,4.4,Illinois,Kingery Near Road #1,4.4,4.3661200000000004,4.14832,3.3831600000000006
2280,Chicago,12/21/2025,4.7,Illinois,Kingery Near Road #1,4.7,4.66381,4.43116,3.61383
2281,Chicago,12/22/2025,5.0,Illinois,Kingery Near Road #1,5.0,4.9615,4.7139999999999995,3.8445
2282,Chicago,12/23/2025,13.4,Illinois,Kingery Near Road #1,13.4,13.29682,12.63352,10.30326
2283,Chicago,12/24/2025,14.4,Illinois,Kingery Near Road #1,14.4,14.28912,13.576319999999999,11.07216
2284,Chicago,12/25/2025,18.4,Illinois,Kingery Near Road #1,18.4,18.258319999999998,17.34752,14.14776
2285,Chicago,12/26/2025,11.4,Illinois,Kingery Near Road #1,11.4,11.31222,10.74792,8.765460000000001
2286,Chicago,12/27/2025,12.1,Illinois,Kingery Near Road #1,12.1,12.006829999999999,11.407879999999999,9.30369
2287,Chicago,12/28/2025,9.0,Illinois,Kingery Near Road #1,9.0,8.9307,8.485199999999999,6.920100000000001
2288,Chicago,12/29/2025,3.6,Illinois,Kingery Near Road #1,3.6,3.57228,3.3940799999999998,2.76804
2289,Chicago,12/30/2025,5.8,Illinois,Kingery Near Road #1,5.8,5.7553399999999995,5.46824,4.45962
2290,Chicago,12/31/2025,7.5,Illinois,Kingery Near Road #1,7.5,7.44225,7.071,5.76675
2291,Chicago,01/01/2025,4.5,Illinois,VILLAGE HALL,4.5,4.46535,4.2425999999999995,3.4600500000000003
2292,Chicago,01/02/2025,4.6,Illinois,VILLAGE HALL,4.6,4.564579999999999,4.33688,3.53694
2293,Chicago,01/03/2025,5.9,Illinois,VILLAGE HALL,5.9,5.85457,5.56252,4.536510000000001
2294,Chicago,01/04/2025,4.0,Illinois,VILLAGE HALL,4.0,3.9692,3.7712,3.0756
2295,Chicago,01/05/2025,3.7,Illinois,VILLAGE HALL,3.7,3.67151,3.48836,2.84493
2296,Chicago,01/06/2025,2.8,Illinois,VILLAGE HALL,2.8,2.77844,2.63984,2.15292
2297,Chicago,01/07/2025,6.1,Illinois,VILLAGE HALL,6.1,6.05303,5.751079999999999,4.69029
2298,Chicago,01/08/2025,6.1,Illinois,VILLAGE HALL,6.1,6.05303,5.751079999999999,4.69029
2299,Chicago,01/09/2025,11.7,Illinois,VILLAGE HALL,11.7,11.60991,11.030759999999999,8.996129999999999
2300,Chicago,01/10/2025,20.7,Illinois,VILLAGE HALL,20.7,20.540609999999997,19.51596,15.91623
2301,Chicago,01/11/2025,9.6,Illinois,VILLAGE HALL,9.6,9.526079999999999,9.05088,7.38144
2302,Chicago,01/12/2025,9.3,Illinois,VILLAGE HALL,9.3,9.228390000000001,8.768040000000001,7.1507700000000005
2303,Chicago,01/13/2025,4.5,Illinois,VILLAGE HALL,4.5,4.46535,4.2425999999999995,3.4600500000000003
2304,Chicago,01/14/2025,7.1,Illinois,VILLAGE HALL,7.1,7.045329999999999,6.693879999999999,5.4591899999999995
2305,Chicago,01/15/2025,9.9,Illinois,VILLAGE HALL,9.9,9.82377,9.33372,7.61211
2306,Chicago,01/16/2025,8.3,Illinois,VILLAGE HALL,8.3,8.23609,7.825240000000001,6.381870000000001
2307,Chicago,01/17/2025,8.7,Illinois,VILLAGE HALL,8.7,8.633009999999999,8.202359999999999,6.68943
2308,Chicago,01/18/2025,4.3,Illinois,VILLAGE HALL,4.3,4.26689,4.05404,3.30627
2309,Chicago,01/19/2025,3.6,Illinois,VILLAGE HALL,3.6,3.57228,3.3940799999999998,2.76804
2310,Chicago,01/20/2025,3.9,Illinois,VILLAGE HALL,3.9,3.86997,3.67692,2.99871
2311,Chicago,01/21/2025,4.4,Illinois,VILLAGE HALL,4.4,4.3661200000000004,4.14832,3.3831600000000006
2312,Chicago,01/22/2025,6.7,Illinois,VILLAGE HALL,6.7,6.64841,6.31676,5.15163
2313,Chicago,01/23/2025,7.2,Illinois,VILLAGE HALL,7.2,7.14456,6.7881599999999995,5.53608
2314,Chicago,01/24/2025,8.9,Illinois,VILLAGE HALL,8.9,8.83147,8.39092,6.843210000000001
2315,Chicago,01/25/2025,5.8,Illinois,VILLAGE HALL,5.8,5.7553399999999995,5.46824,4.45962
2316,Chicago,01/26/2025,3.8,Illinois,VILLAGE HALL,3.8,3.7707399999999995,3.5826399999999996,2.92182
2317,Chicago,01/27/2025,5.0,Illinois,VILLAGE HALL,5.0,4.9615,4.7139999999999995,3.8445
2318,Chicago,01/28/2025,4.6,Illinois,VILLAGE HALL,4.6,4.564579999999999,4.33688,3.53694
2319,Chicago,01/29/2025,3.8,Illinois,VILLAGE HALL,3.8,3.7707399999999995,3.5826399999999996,2.92182
2320,Chicago,01/30/2025,9.4,Illinois,VILLAGE HALL,9.4,9.32762,8.86232,7.22766
2321,Chicago,01/31/2025,7.3,Illinois,VILLAGE HALL,7.3,7.24379,6.88244,5.61297
2322,Chicago,02/01/2025,3.1,Illinois,VILLAGE HALL,3.1,3.07613,2.92268,2.3835900000000003
2323,Chicago,02/02/2025,12.2,Illinois,VILLAGE HALL,12.2,12.10606,11.502159999999998,9.38058
2324,Chicago,02/03/2025,10.3,Illinois,VILLAGE HALL,10.3,10.220690000000001,9.710840000000001,7.919670000000001
2325,Chicago,02/04/2025,3.2,Illinois,VILLAGE HALL,3.2,3.17536,3.01696,2.4604800000000004
2326,Chicago,02/05/2025,6.0,Illinois,VILLAGE HALL,6.0,5.953799999999999,5.6568,4.6134
2327,Chicago,02/06/2025,6.4,Illinois,VILLAGE HALL,6.4,6.35072,6.03392,4.920960000000001
2328,Chicago,02/07/2025,4.7,Illinois,VILLAGE HALL,4.7,4.66381,4.43116,3.61383
2329,Chicago,02/08/2025,7.4,Illinois,VILLAGE HALL,7.4,7.34302,6.97672,5.68986
2330,Chicago,02/09/2025,6.8,Illinois,VILLAGE HALL,6.8,6.74764,6.41104,5.22852
2331,Chicago,02/10/2025,6.6,Illinois,VILLAGE HALL,6.6,6.54918,6.222479999999999,5.07474
2332,Chicago,02/11/2025,6.3,Illinois,VILLAGE HALL,6.3,6.2514899999999995,5.93964,4.84407
2333,Chicago,02/12/2025,9.7,Illinois,VILLAGE HALL,9.7,9.625309999999999,9.145159999999999,7.45833
2334,Chicago,02/13/2025,6.6,Illinois,VILLAGE HALL,6.6,6.54918,6.222479999999999,5.07474
2335,Chicago,02/14/2025,9.9,Illinois,VILLAGE HALL,9.9,9.82377,9.33372,7.61211
2336,Chicago,02/15/2025,12.9,Illinois,VILLAGE HALL,12.9,12.80067,12.16212,9.91881
2337,Chicago,02/16/2025,5.2,Illinois,VILLAGE HALL,5.2,5.15996,4.90256,3.9982800000000003
2338,Chicago,02/17/2025,4.6,Illinois,VILLAGE HALL,4.6,4.564579999999999,4.33688,3.53694
2339,Chicago,02/18/2025,4.6,Illinois,VILLAGE HALL,4.6,4.564579999999999,4.33688,3.53694
2340,Chicago,02/19/2025,4.4,Illinois,VILLAGE HALL,4.4,4.3661200000000004,4.14832,3.3831600000000006
2341,Chicago,02/20/2025,5.5,Illinois,VILLAGE HALL,5.5,5.45765,5.1854,4.22895
2342,Chicago,02/21/2025,8.3,Illinois,VILLAGE HALL,8.3,8.23609,7.825240000000001,6.381870000000001
2343,Chicago,02/22/2025,7.7,Illinois,VILLAGE HALL,7.7,7.6407099999999994,7.25956,5.92053
2344,Chicago,02/23/2025,14.1,Illinois,VILLAGE HALL,14.1,13.99143,13.293479999999999,10.84149
2345,Chicago,02/24/2025,10.3,Illinois,VILLAGE HALL,10.3,10.220690000000001,9.710840000000001,7.919670000000001
2346,Chicago,02/25/2025,10.6,Illinois,VILLAGE HALL,10.6,10.518379999999999,9.99368,8.15034
2347,Chicago,02/26/2025,13.7,Illinois,VILLAGE HALL,13.7,13.594509999999998,12.91636,10.53393
2348,Chicago,02/27/2025,10.5,Illinois,VILLAGE HALL,10.5,10.41915,9.8994,8.073450000000001
2349,Chicago,02/28/2025,4.1,Illinois,VILLAGE HALL,4.1,4.068429999999999,3.8654799999999994,3.15249
2350,Chicago,03/01/2025,3.3,Illinois,VILLAGE HALL,3.3,3.27459,3.1112399999999996,2.53737
2351,Chicago,03/02/2025,6.2,Illinois,VILLAGE HALL,6.2,6.15226,5.84536,4.767180000000001
2352,Chicago,03/03/2025,8.6,Illinois,VILLAGE HALL,8.6,8.53378,8.10808,6.61254
2353,Chicago,03/06/2025,3.2,Illinois,VILLAGE HALL,3.2,3.17536,3.01696,2.4604800000000004
2354,Chicago,03/07/2025,9.2,Illinois,VILLAGE HALL,9.2,9.129159999999999,8.67376,7.07388
2355,Chicago,03/08/2025,5.8,Illinois,VILLAGE HALL,5.8,5.7553399999999995,5.46824,4.45962
2356,Chicago,03/09/2025,4.4,Illinois,VILLAGE HALL,4.4,4.3661200000000004,4.14832,3.3831600000000006
2357,Chicago,03/10/2025,6.4,Illinois,VILLAGE HALL,6.4,6.35072,6.03392,4.920960000000001
2358,Chicago,03/11/2025,3.9,Illinois,VILLAGE HALL,3.9,3.86997,3.67692,2.99871
2359,Chicago,03/12/2025,6.0,Illinois,VILLAGE HALL,6.0,5.953799999999999,5.6568,4.6134
2360,Chicago,03/13/2025,14.6,Illinois,VILLAGE HALL,14.6,14.48758,13.76488,11.22594
2361,Chicago,03/14/2025,14.4,Illinois,VILLAGE HALL,14.4,14.28912,13.576319999999999,11.07216
2362,Chicago,03/15/2025,29.6,Illinois,VILLAGE HALL,29.6,29.37208,27.90688,22.75944
2363,Chicago,03/16/2025,4.4,Illinois,VILLAGE HALL,4.4,4.3661200000000004,4.14832,3.3831600000000006
2364,Chicago,03/17/2025,5.2,Illinois,VILLAGE HALL,5.2,5.15996,4.90256,3.9982800000000003
2365,Chicago,03/18/2025,7.1,Illinois,VILLAGE HALL,7.1,7.045329999999999,6.693879999999999,5.4591899999999995
2366,Chicago,03/19/2025,6.3,Illinois,VILLAGE HALL,6.3,6.2514899999999995,5.93964,4.84407
2367,Chicago,03/20/2025,4.0,Illinois,VILLAGE HALL,4.0,3.9692,3.7712,3.0756
2368,Chicago,03/21/2025,6.7,Illinois,VILLAGE HALL,6.7,6.64841,6.31676,5.15163
2369,Chicago,03/22/2025,3.9,Illinois,VILLAGE HALL,3.9,3.86997,3.67692,2.99871
2370,Chicago,03/23/2025,5.2,Illinois,VILLAGE HALL,5.2,5.15996,4.90256,3.9982800000000003
2371,Chicago,03/24/2025,4.5,Illinois,VILLAGE HALL,4.5,4.46535,4.2425999999999995,3.4600500000000003
2372,Chicago,03/25/2025,7.1,Illinois,VILLAGE HALL,7.1,7.045329999999999,6.693879999999999,5.4591899999999995
2373,Chicago,03/26/2025,13.9,Illinois,VILLAGE HALL,13.9,13.79297,13.10492,10.687710000000001
2374,Chicago,03/27/2025,13.3,Illinois,VILLAGE HALL,13.3,13.19759,12.53924,10.226370000000001
2375,Chicago,03/28/2025,8.9,Illinois,VILLAGE HALL,8.9,8.83147,8.39092,6.843210000000001
2376,Chicago,03/29/2025,8.6,Illinois,VILLAGE HALL,8.6,8.53378,8.10808,6.61254
2377,Chicago,03/30/2025,6.1,Illinois,VILLAGE HALL,6.1,6.05303,5.751079999999999,4.69029
2378,Chicago,03/31/2025,3.5,Illinois,VILLAGE HALL,3.5,3.4730499999999997,3.2998,2.69115
2379,Chicago,04/01/2025,4.9,Illinois,VILLAGE HALL,4.9,4.8622700000000005,4.61972,3.7676100000000003
2380,Chicago,04/02/2025,9.3,Illinois,VILLAGE HALL,9.3,9.228390000000001,8.768040000000001,7.1507700000000005
2381,Chicago,04/03/2025,5.2,Illinois,VILLAGE HALL,5.2,5.15996,4.90256,3.9982800000000003
2382,Chicago,04/04/2025,5.9,Illinois,VILLAGE HALL,5.9,5.85457,5.56252,4.536510000000001
2383,Chicago,04/05/2025,5.0,Illinois,VILLAGE HALL,5.0,4.9615,4.7139999999999995,3.8445
2384,Chicago,04/06/2025,5.1,Illinois,VILLAGE HALL,5.1,5.0607299999999995,4.80828,3.9213899999999997
2385,Chicago,04/07/2025,4.3,Illinois,VILLAGE HALL,4.3,4.26689,4.05404,3.30627
2386,Chicago,04/08/2025,4.7,Illinois,VILLAGE HALL,4.7,4.66381,4.43116,3.61383
2387,Chicago,04/09/2025,8.4,Illinois,VILLAGE HALL,8.4,8.33532,7.91952,6.458760000000001
2388,Chicago,04/10/2025,14.0,Illinois,VILLAGE HALL,14.0,13.892199999999999,13.1992,10.7646
2389,Chicago,04/11/2025,9.2,Illinois,VILLAGE HALL,9.2,9.129159999999999,8.67376,7.07388
2390,Chicago,04/12/2025,7.6,Illinois,VILLAGE HALL,7.6,7.541479999999999,7.165279999999999,5.84364
2391,Chicago,04/13/2025,5.2,Illinois,VILLAGE HALL,5.2,5.15996,4.90256,3.9982800000000003
2392,Chicago,04/14/2025,4.2,Illinois,VILLAGE HALL,4.2,4.16766,3.95976,3.2293800000000004
2393,Chicago,04/15/2025,1.8,Illinois,VILLAGE HALL,1.8,1.78614,1.6970399999999999,1.38402
2394,Chicago,04/16/2025,3.4,Illinois,VILLAGE HALL,3.4,3.37382,3.20552,2.61426
2395,Chicago,04/17/2025,5.9,Illinois,VILLAGE HALL,5.9,5.85457,5.56252,4.536510000000001
2396,Chicago,04/18/2025,9.4,Illinois,VILLAGE HALL,9.4,9.32762,8.86232,7.22766
2397,Chicago,04/19/2025,5.5,Illinois,VILLAGE HALL,5.5,5.45765,5.1854,4.22895
2398,Chicago,04/20/2025,5.4,Illinois,VILLAGE HALL,5.4,5.35842,5.09112,4.1520600000000005
2399,Chicago,04/21/2025,2.1,Illinois,VILLAGE HALL,2.1,2.08383,1.97988,1.6146900000000002
2400,Chicago,04/22/2025,5.0,Illinois,VILLAGE HALL,5.0,4.9615,4.7139999999999995,3.8445
2401,Chicago,04/23/2025,5.4,Illinois,VILLAGE HALL,5.4,5.35842,5.09112,4.1520600000000005
2402,Chicago,04/24/2025,7.8,Illinois,VILLAGE HALL,7.8,7.73994,7.35384,5.99742
2403,Chicago,04/25/2025,3.3,Illinois,VILLAGE HALL,3.3,3.27459,3.1112399999999996,2.53737
2404,Chicago,04/26/2025,1.7,Illinois,VILLAGE HALL,1.7,1.68691,1.60276,1.30713
2405,Chicago,04/27/2025,4.5,Illinois,VILLAGE HALL,4.5,4.46535,4.2425999999999995,3.4600500000000003
2406,Chicago,04/28/2025,6.6,Illinois,VILLAGE HALL,6.6,6.54918,6.222479999999999,5.07474
2407,Chicago,04/29/2025,3.7,Illinois,VILLAGE HALL,3.7,3.67151,3.48836,2.84493
2408,Chicago,04/30/2025,3.6,Illinois,VILLAGE HALL,3.6,3.57228,3.3940799999999998,2.76804
2409,Chicago,05/01/2025,5.9,Illinois,VILLAGE HALL,5.9,5.85457,5.56252,4.536510000000001
2410,Chicago,05/02/2025,4.0,Illinois,VILLAGE HALL,4.0,3.9692,3.7712,3.0756
2411,Chicago,05/03/2025,1.8,Illinois,VILLAGE HALL,1.8,1.78614,1.6970399999999999,1.38402
2412,Chicago,05/04/2025,1.7,Illinois,VILLAGE HALL,1.7,1.68691,1.60276,1.30713
2413,Chicago,05/05/2025,4.0,Illinois,VILLAGE HALL,4.0,3.9692,3.7712,3.0756
2414,Chicago,05/06/2025,5.9,Illinois,VILLAGE HALL,5.9,5.85457,5.56252,4.536510000000001
2415,Chicago,05/07/2025,8.8,Illinois,VILLAGE HALL,8.8,8.732240000000001,8.29664,6.766320000000001
2416,Chicago,05/08/2025,2.4,Illinois,VILLAGE HALL,2.4,2.3815199999999996,2.26272,1.84536
2417,Chicago,05/09/2025,3.7,Illinois,VILLAGE HALL,3.7,3.67151,3.48836,2.84493
2418,Chicago,05/10/2025,4.0,Illinois,VILLAGE HALL,4.0,3.9692,3.7712,3.0756
2419,Chicago,05/11/2025,3.8,Illinois,VILLAGE HALL,3.8,3.7707399999999995,3.5826399999999996,2.92182
2420,Chicago,05/12/2025,7.8,Illinois,VILLAGE HALL,7.8,7.73994,7.35384,5.99742
2421,Chicago,05/13/2025,5.3,Illinois,VILLAGE HALL,5.3,5.259189999999999,4.99684,4.07517
2422,Chicago,05/14/2025,5.3,Illinois,VILLAGE HALL,5.3,5.259189999999999,4.99684,4.07517
2423,Chicago,05/15/2025,9.9,Illinois,VILLAGE HALL,9.9,9.82377,9.33372,7.61211
2424,Chicago,05/16/2025,11.4,Illinois,VILLAGE HALL,11.4,11.31222,10.74792,8.765460000000001
2425,Chicago,05/17/2025,2.9,Illinois,VILLAGE HALL,2.9,2.8776699999999997,2.73412,2.22981
2426,Chicago,05/18/2025,2.6,Illinois,VILLAGE HALL,2.6,2.57998,2.45128,1.9991400000000001
2427,Chicago,05/19/2025,2.4,Illinois,VILLAGE HALL,2.4,2.3815199999999996,2.26272,1.84536
2428,Chicago,05/20/2025,4.2,Illinois,VILLAGE HALL,4.2,4.16766,3.95976,3.2293800000000004
2429,Chicago,05/21/2025,2.6,Illinois,VILLAGE HALL,2.6,2.57998,2.45128,1.9991400000000001
2430,Chicago,05/22/2025,2.5,Illinois,VILLAGE HALL,2.5,2.48075,2.3569999999999998,1.92225
2431,Chicago,05/23/2025,4.0,Illinois,VILLAGE HALL,4.0,3.9692,3.7712,3.0756
2432,Chicago,05/24/2025,2.5,Illinois,VILLAGE HALL,2.5,2.48075,2.3569999999999998,1.92225
2433,Chicago,05/25/2025,2.1,Illinois,VILLAGE HALL,2.1,2.08383,1.97988,1.6146900000000002
2434,Chicago,05/26/2025,2.8,Illinois,VILLAGE HALL,2.8,2.77844,2.63984,2.15292
2435,Chicago,05/27/2025,3.9,Illinois,VILLAGE HALL,3.9,3.86997,3.67692,2.99871
2436,Chicago,05/28/2025,4.6,Illinois,VILLAGE HALL,4.6,4.564579999999999,4.33688,3.53694
2437,Chicago,05/29/2025,8.4,Illinois,VILLAGE HALL,8.4,8.33532,7.91952,6.458760000000001
2438,Chicago,05/30/2025,9.2,Illinois,VILLAGE HALL,9.2,9.129159999999999,8.67376,7.07388
2439,Chicago,05/31/2025,5.5,Illinois,VILLAGE HALL,5.5,5.45765,5.1854,4.22895
2440,Chicago,06/01/2025,5.5,Illinois,VILLAGE HALL,5.5,5.45765,5.1854,4.22895
2441,Chicago,06/02/2025,10.2,Illinois,VILLAGE HALL,10.2,10.121459999999999,9.61656,7.842779999999999
2442,Chicago,06/03/2025,12.0,Illinois,VILLAGE HALL,12.0,11.907599999999999,11.3136,9.2268
2443,Chicago,06/04/2025,12.4,Illinois,VILLAGE HALL,12.4,12.30452,11.69072,9.534360000000001
2444,Chicago,06/05/2025,34.1,Illinois,VILLAGE HALL,34.1,33.83743,32.14948,26.21949
2445,Chicago,06/06/2025,24.3,Illinois,VILLAGE HALL,24.3,24.11289,22.91004,18.68427
2446,Chicago,06/07/2025,18.0,Illinois,VILLAGE HALL,18.0,17.8614,16.970399999999998,13.840200000000001
2447,Chicago,06/08/2025,16.3,Illinois,VILLAGE HALL,16.3,16.17449,15.36764,12.53307
2448,Chicago,06/09/2025,13.0,Illinois,VILLAGE HALL,13.0,12.899899999999999,12.2564,9.995700000000001
2449,Chicago,06/10/2025,12.5,Illinois,VILLAGE HALL,12.5,12.403749999999999,11.785,9.61125
2450,Chicago,06/11/2025,16.2,Illinois,VILLAGE HALL,16.2,16.07526,15.273359999999998,12.45618
2451,Chicago,06/12/2025,24.5,Illinois,VILLAGE HALL,24.5,24.311349999999997,23.098599999999998,18.83805
2452,Chicago,06/13/2025,27.3,Illinois,VILLAGE HALL,27.3,27.08979,25.73844,20.99097
2453,Chicago,06/14/2025,16.7,Illinois,VILLAGE HALL,16.7,16.57141,15.74476,12.840629999999999
2454,Chicago,06/15/2025,11.9,Illinois,VILLAGE HALL,11.9,11.80837,11.21932,9.14991
2455,Chicago,06/16/2025,17.4,Illinois,VILLAGE HALL,17.4,17.266019999999997,16.404719999999998,13.37886
2456,Chicago,06/17/2025,9.5,Illinois,VILLAGE HALL,9.5,9.42685,8.9566,7.30455
2457,Chicago,06/18/2025,6.4,Illinois,VILLAGE HALL,6.4,6.35072,6.03392,4.920960000000001
2458,Chicago,06/19/2025,6.7,Illinois,VILLAGE HALL,6.7,6.64841,6.31676,5.15163
2459,Chicago,06/20/2025,8.4,Illinois,VILLAGE HALL,8.4,8.33532,7.91952,6.458760000000001
2460,Chicago,06/21/2025,9.3,Illinois,VILLAGE HALL,9.3,9.228390000000001,8.768040000000001,7.1507700000000005
2461,Chicago,06/22/2025,11.5,Illinois,VILLAGE HALL,11.5,11.41145,10.8422,8.84235
2462,Chicago,06/23/2025,13.8,Illinois,VILLAGE HALL,13.8,13.69374,13.01064,10.61082
2463,Chicago,06/24/2025,8.0,Illinois,VILLAGE HALL,8.0,7.9384,7.5424,6.1512
2464,Chicago,06/25/2025,6.8,Illinois,VILLAGE HALL,6.8,6.74764,6.41104,5.22852
2465,Chicago,06/26/2025,9.3,Illinois,VILLAGE HALL,9.3,9.228390000000001,8.768040000000001,7.1507700000000005
2466,Chicago,06/27/2025,5.5,Illinois,VILLAGE HALL,5.5,5.45765,5.1854,4.22895
2467,Chicago,06/28/2025,4.8,Illinois,VILLAGE HALL,4.8,4.763039999999999,4.52544,3.69072
2468,Chicago,06/29/2025,7.0,Illinois,VILLAGE HALL,7.0,6.9460999999999995,6.5996,5.3823
2469,Chicago,06/30/2025,5.2,Illinois,VILLAGE HALL,5.2,5.15996,4.90256,3.9982800000000003
2470,Chicago,07/01/2025,7.4,Illinois,VILLAGE HALL,7.4,7.34302,6.97672,5.68986
2471,Chicago,07/02/2025,13.2,Illinois,VILLAGE HALL,13.2,13.09836,12.444959999999998,10.14948
2472,Chicago,07/03/2025,11.5,Illinois,VILLAGE HALL,11.5,11.41145,10.8422,8.84235
2473,Chicago,07/04/2025,16.6,Illinois,VILLAGE HALL,16.6,16.47218,15.650480000000002,12.763740000000002
2474,Chicago,07/05/2025,14.4,Illinois,VILLAGE HALL,14.4,14.28912,13.576319999999999,11.07216
2475,Chicago,07/06/2025,7.2,Illinois,VILLAGE HALL,7.2,7.14456,6.7881599999999995,5.53608
2476,Chicago,07/07/2025,20.0,Illinois,VILLAGE HALL,20.0,19.846,18.855999999999998,15.378
2477,Chicago,07/08/2025,20.9,Illinois,VILLAGE HALL,20.9,20.739069999999998,19.70452,16.07001
2478,Chicago,07/09/2025,9.8,Illinois,VILLAGE HALL,9.8,9.724540000000001,9.23944,7.535220000000001
2479,Chicago,07/10/2025,9.0,Illinois,VILLAGE HALL,9.0,8.9307,8.485199999999999,6.920100000000001
2480,Chicago,07/11/2025,7.0,Illinois,VILLAGE HALL,7.0,6.9460999999999995,6.5996,5.3823
2481,Chicago,07/12/2025,5.3,Illinois,VILLAGE HALL,5.3,5.259189999999999,4.99684,4.07517
2482,Chicago,07/13/2025,25.4,Illinois,VILLAGE HALL,25.4,25.20442,23.947119999999998,19.53006
2483,Chicago,07/14/2025,34.4,Illinois,VILLAGE HALL,34.4,34.13512,32.43232,26.45016
2484,Chicago,07/15/2025,20.5,Illinois,VILLAGE HALL,20.5,20.34215,19.3274,15.762450000000001
2485,Chicago,07/16/2025,7.4,Illinois,VILLAGE HALL,7.4,7.34302,6.97672,5.68986
2486,Chicago,07/17/2025,3.5,Illinois,VILLAGE HALL,3.5,3.4730499999999997,3.2998,2.69115
2487,Chicago,07/18/2025,7.1,Illinois,VILLAGE HALL,7.1,7.045329999999999,6.693879999999999,5.4591899999999995
2488,Chicago,07/19/2025,5.1,Illinois,VILLAGE HALL,5.1,5.0607299999999995,4.80828,3.9213899999999997
2489,Chicago,07/20/2025,8.0,Illinois,VILLAGE HALL,8.0,7.9384,7.5424,6.1512
2490,Chicago,07/21/2025,28.2,Illinois,VILLAGE HALL,28.2,27.98286,26.586959999999998,21.68298
2491,Chicago,07/22/2025,27.4,Illinois,VILLAGE HALL,27.4,27.189019999999996,25.83272,21.06786
2492,Chicago,07/23/2025,16.5,Illinois,VILLAGE HALL,16.5,16.37295,15.556199999999999,12.68685
2493,Chicago,07/24/2025,10.5,Illinois,VILLAGE HALL,10.5,10.41915,9.8994,8.073450000000001
2494,Chicago,07/25/2025,6.5,Illinois,VILLAGE HALL,6.5,6.449949999999999,6.1282,4.997850000000001
2495,Chicago,07/26/2025,4.9,Illinois,VILLAGE HALL,4.9,4.8622700000000005,4.61972,3.7676100000000003
2496,Chicago,07/27/2025,6.4,Illinois,VILLAGE HALL,6.4,6.35072,6.03392,4.920960000000001
2497,Chicago,07/28/2025,6.8,Illinois,VILLAGE HALL,6.8,6.74764,6.41104,5.22852
2498,Chicago,07/29/2025,11.0,Illinois,VILLAGE HALL,11.0,10.9153,10.3708,8.4579
2499,Chicago,07/30/2025,11.0,Illinois,VILLAGE HALL,11.0,10.9153,10.3708,8.4579
2500,Chicago,07/31/2025,68.5,Illinois,VILLAGE HALL,68.5,67.97255,64.5818,52.669650000000004
2501,Chicago,08/01/2025,49.7,Illinois,VILLAGE HALL,49.7,49.31731,46.85716,38.214330000000004
2502,Chicago,08/02/2025,27.8,Illinois,VILLAGE HALL,27.8,27.58594,26.20984,21.375420000000002
2503,Chicago,08/03/2025,34.4,Illinois,VILLAGE HALL,34.4,34.13512,32.43232,26.45016
2504,Chicago,08/04/2025,23.6,Illinois,VILLAGE HALL,23.6,23.41828,22.25008,18.146040000000003
2505,Chicago,08/05/2025,29.2,Illinois,VILLAGE HALL,29.2,28.97516,27.52976,22.45188
2506,Chicago,08/06/2025,31.9,Illinois,VILLAGE HALL,31.9,31.654369999999997,30.075319999999998,24.52791
2507,Chicago,08/07/2025,13.1,Illinois,VILLAGE HALL,13.1,12.99913,12.350679999999999,10.07259
2508,Chicago,08/08/2025,13.6,Illinois,VILLAGE HALL,13.6,13.49528,12.82208,10.45704
2509,Chicago,08/09/2025,10.2,Illinois,VILLAGE HALL,10.2,10.121459999999999,9.61656,7.842779999999999
2510,Chicago,08/10/2025,7.5,Illinois,VILLAGE HALL,7.5,7.44225,7.071,5.76675
2511,Chicago,08/11/2025,7.7,Illinois,VILLAGE HALL,7.7,7.6407099999999994,7.25956,5.92053
2512,Chicago,08/12/2025,7.7,Illinois,VILLAGE HALL,7.7,7.6407099999999994,7.25956,5.92053
2513,Chicago,08/13/2025,12.4,Illinois,VILLAGE HALL,12.4,12.30452,11.69072,9.534360000000001
2514,Chicago,08/14/2025,20.0,Illinois,VILLAGE HALL,20.0,19.846,18.855999999999998,15.378
2515,Chicago,08/15/2025,19.1,Illinois,VILLAGE HALL,19.1,18.952930000000002,18.00748,14.685990000000002
2516,Chicago,08/16/2025,9.8,Illinois,VILLAGE HALL,9.8,9.724540000000001,9.23944,7.535220000000001
2517,Chicago,08/17/2025,4.5,Illinois,VILLAGE HALL,4.5,4.46535,4.2425999999999995,3.4600500000000003
2518,Chicago,08/18/2025,6.0,Illinois,VILLAGE HALL,6.0,5.953799999999999,5.6568,4.6134
2519,Chicago,08/19/2025,4.7,Illinois,VILLAGE HALL,4.7,4.66381,4.43116,3.61383
2520,Chicago,08/20/2025,3.0,Illinois,VILLAGE HALL,3.0,2.9768999999999997,2.8284,2.3067
2521,Chicago,08/21/2025,3.5,Illinois,VILLAGE HALL,3.5,3.4730499999999997,3.2998,2.69115
2522,Chicago,08/22/2025,8.1,Illinois,VILLAGE HALL,8.1,8.03763,7.636679999999999,6.22809
2523,Chicago,08/23/2025,8.2,Illinois,VILLAGE HALL,8.2,8.136859999999999,7.730959999999999,6.30498
2524,Chicago,08/24/2025,4.3,Illinois,VILLAGE HALL,4.3,4.26689,4.05404,3.30627
2525,Chicago,08/25/2025,5.5,Illinois,VILLAGE HALL,5.5,5.45765,5.1854,4.22895
2526,Chicago,08/26/2025,6.7,Illinois,VILLAGE HALL,6.7,6.64841,6.31676,5.15163
2527,Chicago,08/27/2025,7.2,Illinois,VILLAGE HALL,7.2,7.14456,6.7881599999999995,5.53608
2528,Chicago,08/28/2025,5.8,Illinois,VILLAGE HALL,5.8,5.7553399999999995,5.46824,4.45962
2529,Chicago,08/29/2025,3.5,Illinois,VILLAGE HALL,3.5,3.4730499999999997,3.2998,2.69115
2530,Chicago,08/30/2025,5.8,Illinois,VILLAGE HALL,5.8,5.7553399999999995,5.46824,4.45962
2531,Chicago,08/31/2025,9.3,Illinois,VILLAGE HALL,9.3,9.228390000000001,8.768040000000001,7.1507700000000005
2532,Chicago,09/01/2025,11.5,Illinois,VILLAGE HALL,11.5,11.41145,10.8422,8.84235
2533,Chicago,09/02/2025,10.1,Illinois,VILLAGE HALL,10.1,10.022229999999999,9.522279999999999,7.76589
2534,Chicago,09/03/2025,11.9,Illinois,VILLAGE HALL,11.9,11.80837,11.21932,9.14991
2535,Chicago,09/04/2025,11.5,Illinois,VILLAGE HALL,11.5,11.41145,10.8422,8.84235
2536,Chicago,09/05/2025,7.7,Illinois,VILLAGE HALL,7.7,7.6407099999999994,7.25956,5.92053
2537,Chicago,09/06/2025,3.9,Illinois,VILLAGE HALL,3.9,3.86997,3.67692,2.99871
2538,Chicago,09/07/2025,4.7,Illinois,VILLAGE HALL,4.7,4.66381,4.43116,3.61383
2539,Chicago,09/08/2025,6.7,Illinois,VILLAGE HALL,6.7,6.64841,6.31676,5.15163
2540,Chicago,09/09/2025,11.7,Illinois,VILLAGE HALL,11.7,11.60991,11.030759999999999,8.996129999999999
2541,Chicago,09/10/2025,12.2,Illinois,VILLAGE HALL,12.2,12.10606,11.502159999999998,9.38058
2542,Chicago,09/11/2025,10.4,Illinois,VILLAGE HALL,10.4,10.31992,9.80512,7.996560000000001
2543,Chicago,09/12/2025,13.6,Illinois,VILLAGE HALL,13.6,13.49528,12.82208,10.45704
2544,Chicago,09/13/2025,13.8,Illinois,VILLAGE HALL,13.8,13.69374,13.01064,10.61082
2545,Chicago,09/14/2025,13.7,Illinois,VILLAGE HALL,13.7,13.594509999999998,12.91636,10.53393
2546,Chicago,09/15/2025,13.8,Illinois,VILLAGE HALL,13.8,13.69374,13.01064,10.61082
2547,Chicago,09/16/2025,15.3,Illinois,VILLAGE HALL,15.3,15.18219,14.42484,11.764170000000002
2548,Chicago,09/17/2025,15.7,Illinois,VILLAGE HALL,15.7,15.579109999999998,14.80196,12.07173
2549,Chicago,09/18/2025,17.3,Illinois,VILLAGE HALL,17.3,17.16679,16.31044,13.30197
2550,Chicago,09/19/2025,18.2,Illinois,VILLAGE HALL,18.2,18.059859999999997,17.15896,13.99398
2551,Chicago,09/20/2025,13.6,Illinois,VILLAGE HALL,13.6,13.49528,12.82208,10.45704
2552,Chicago,09/21/2025,8.7,Illinois,VILLAGE HALL,8.7,8.633009999999999,8.202359999999999,6.68943
2553,Chicago,09/22/2025,9.8,Illinois,VILLAGE HALL,9.8,9.724540000000001,9.23944,7.535220000000001
2554,Chicago,09/23/2025,8.8,Illinois,VILLAGE HALL,8.8,8.732240000000001,8.29664,6.766320000000001
2555,Chicago,09/24/2025,3.6,Illinois,VILLAGE HALL,3.6,3.57228,3.3940799999999998,2.76804
2556,Chicago,09/25/2025,6.4,Illinois,VILLAGE HALL,6.4,6.35072,6.03392,4.920960000000001
2557,Chicago,09/26/2025,10.9,Illinois,VILLAGE HALL,10.9,10.81607,10.27652,8.38101
2558,Chicago,09/27/2025,11.5,Illinois,VILLAGE HALL,11.5,11.41145,10.8422,8.84235
2559,Chicago,09/28/2025,10.8,Illinois,VILLAGE HALL,10.8,10.71684,10.18224,8.304120000000001
2560,Chicago,09/29/2025,16.1,Illinois,VILLAGE HALL,16.1,15.976030000000002,15.17908,12.379290000000001
2561,Chicago,09/30/2025,12.6,Illinois,VILLAGE HALL,12.6,12.502979999999999,11.87928,9.68814
2562,Chicago,10/01/2025,8.8,Illinois,VILLAGE HALL,8.8,8.732240000000001,8.29664,6.766320000000001
2563,Chicago,10/02/2025,10.3,Illinois,VILLAGE HALL,10.3,10.220690000000001,9.710840000000001,7.919670000000001
2564,Chicago,10/03/2025,18.7,Illinois,VILLAGE HALL,18.7,18.556009999999997,17.63036,14.37843
2565,Chicago,10/04/2025,15.2,Illinois,VILLAGE HALL,15.2,15.082959999999998,14.330559999999998,11.68728
2566,Chicago,10/05/2025,10.1,Illinois,VILLAGE HALL,10.1,10.022229999999999,9.522279999999999,7.76589
2567,Chicago,10/06/2025,9.5,Illinois,VILLAGE HALL,9.5,9.42685,8.9566,7.30455
2568,Chicago,10/07/2025,4.7,Illinois,VILLAGE HALL,4.7,4.66381,4.43116,3.61383
2569,Chicago,10/08/2025,4.3,Illinois,VILLAGE HALL,4.3,4.26689,4.05404,3.30627
2570,Chicago,10/09/2025,6.9,Illinois,VILLAGE HALL,6.9,6.84687,6.50532,5.30541
2571,Chicago,10/10/2025,10.0,Illinois,VILLAGE HALL,10.0,9.923,9.427999999999999,7.689
2572,Chicago,10/11/2025,3.4,Illinois,VILLAGE HALL,3.4,3.37382,3.20552,2.61426
2573,Chicago,10/12/2025,5.7,Illinois,VILLAGE HALL,5.7,5.65611,5.37396,4.3827300000000005
2574,Chicago,10/13/2025,14.3,Illinois,VILLAGE HALL,14.3,14.18989,13.48204,10.995270000000001
2575,Chicago,10/14/2025,8.8,Illinois,VILLAGE HALL,8.8,8.732240000000001,8.29664,6.766320000000001
2576,Chicago,10/15/2025,3.7,Illinois,VILLAGE HALL,3.7,3.67151,3.48836,2.84493
2577,Chicago,10/16/2025,5.2,Illinois,VILLAGE HALL,5.2,5.15996,4.90256,3.9982800000000003
2578,Chicago,10/17/2025,6.4,Illinois,VILLAGE HALL,6.4,6.35072,6.03392,4.920960000000001
2579,Chicago,10/18/2025,12.6,Illinois,VILLAGE HALL,12.6,12.502979999999999,11.87928,9.68814
2580,Chicago,10/19/2025,3.4,Illinois,VILLAGE HALL,3.4,3.37382,3.20552,2.61426
2581,Chicago,10/20/2025,6.9,Illinois,VILLAGE HALL,6.9,6.84687,6.50532,5.30541
2582,Chicago,10/21/2025,4.2,Illinois,VILLAGE HALL,4.2,4.16766,3.95976,3.2293800000000004
2583,Chicago,10/22/2025,2.2,Illinois,VILLAGE HALL,2.2,2.1830600000000002,2.07416,1.6915800000000003
2584,Chicago,10/23/2025,3.3,Illinois,VILLAGE HALL,3.3,3.27459,3.1112399999999996,2.53737
2585,Chicago,10/24/2025,7.1,Illinois,VILLAGE HALL,7.1,7.045329999999999,6.693879999999999,5.4591899999999995
2586,Chicago,10/25/2025,12.0,Illinois,VILLAGE HALL,12.0,11.907599999999999,11.3136,9.2268
2587,Chicago,10/26/2025,9.1,Illinois,VILLAGE HALL,9.1,9.029929999999998,8.57948,6.99699
2588,Chicago,10/27/2025,5.8,Illinois,VILLAGE HALL,5.8,5.7553399999999995,5.46824,4.45962
2589,Chicago,10/28/2025,6.8,Illinois,VILLAGE HALL,6.8,6.74764,6.41104,5.22852
2590,Chicago,10/29/2025,4.6,Illinois,VILLAGE HALL,4.6,4.564579999999999,4.33688,3.53694
2591,Chicago,10/30/2025,5.9,Illinois,VILLAGE HALL,5.9,5.85457,5.56252,4.536510000000001
2592,Chicago,10/31/2025,9.4,Illinois,VILLAGE HALL,9.4,9.32762,8.86232,7.22766
2593,Chicago,11/01/2025,6.9,Illinois,VILLAGE HALL,6.9,6.84687,6.50532,5.30541
2594,Chicago,11/02/2025,5.5,Illinois,VILLAGE HALL,5.5,5.45765,5.1854,4.22895
2595,Chicago,11/03/2025,4.6,Illinois,VILLAGE HALL,4.6,4.564579999999999,4.33688,3.53694
2596,Chicago,11/04/2025,10.7,Illinois,VILLAGE HALL,10.7,10.617609999999999,10.087959999999999,8.22723
2597,Chicago,11/05/2025,7.8,Illinois,VILLAGE HALL,7.8,7.73994,7.35384,5.99742
2598,Chicago,11/06/2025,10.4,Illinois,VILLAGE HALL,10.4,10.31992,9.80512,7.996560000000001
2599,Chicago,11/07/2025,7.0,Illinois,VILLAGE HALL,7.0,6.9460999999999995,6.5996,5.3823
2600,Chicago,11/08/2025,2.8,Illinois,VILLAGE HALL,2.8,2.77844,2.63984,2.15292
2601,Chicago,11/09/2025,2.6,Illinois,VILLAGE HALL,2.6,2.57998,2.45128,1.9991400000000001
2602,Chicago,11/10/2025,2.9,Illinois,VILLAGE HALL,2.9,2.8776699999999997,2.73412,2.22981
2603,Chicago,11/11/2025,8.0,Illinois,VILLAGE HALL,8.0,7.9384,7.5424,6.1512
2604,Chicago,11/12/2025,4.7,Illinois,VILLAGE HALL,4.7,4.66381,4.43116,3.61383
2605,Chicago,11/13/2025,10.0,Illinois,VILLAGE HALL,10.0,9.923,9.427999999999999,7.689
2606,Chicago,11/14/2025,21.4,Illinois,VILLAGE HALL,21.4,21.235219999999998,20.175919999999998,16.45446
2607,Chicago,11/15/2025,8.8,Illinois,VILLAGE HALL,8.8,8.732240000000001,8.29664,6.766320000000001
2608,Chicago,11/16/2025,3.0,Illinois,VILLAGE HALL,3.0,2.9768999999999997,2.8284,2.3067
2609,Chicago,11/17/2025,7.7,Illinois,VILLAGE HALL,7.7,7.6407099999999994,7.25956,5.92053
2610,Chicago,11/18/2025,12.4,Illinois,VILLAGE HALL,12.4,12.30452,11.69072,9.534360000000001
2611,Chicago,11/19/2025,20.6,Illinois,VILLAGE HALL,20.6,20.441380000000002,19.421680000000002,15.839340000000002
2612,Chicago,11/20/2025,23.1,Illinois,VILLAGE HALL,23.1,22.92213,21.77868,17.76159
2613,Chicago,11/21/2025,15.0,Illinois,VILLAGE HALL,15.0,14.8845,14.142,11.5335
2614,Chicago,11/22/2025,12.6,Illinois,VILLAGE HALL,12.6,12.502979999999999,11.87928,9.68814
2615,Chicago,11/23/2025,13.6,Illinois,VILLAGE HALL,13.6,13.49528,12.82208,10.45704
2616,Chicago,11/24/2025,18.3,Illinois,VILLAGE HALL,18.3,18.15909,17.25324,14.070870000000001
2617,Chicago,11/25/2025,13.2,Illinois,VILLAGE HALL,13.2,13.09836,12.444959999999998,10.14948
2618,Chicago,11/26/2025,2.6,Illinois,VILLAGE HALL,2.6,2.57998,2.45128,1.9991400000000001
2619,Chicago,11/27/2025,2.8,Illinois,VILLAGE HALL,2.8,2.77844,2.63984,2.15292
2620,Chicago,11/28/2025,5.8,Illinois,VILLAGE HALL,5.8,5.7553399999999995,5.46824,4.45962
2621,Chicago,11/29/2025,7.9,Illinois,VILLAGE HALL,7.9,7.83917,7.44812,6.0743100000000005
2622,Chicago,11/30/2025,5.0,Illinois,VILLAGE HALL,5.0,4.9615,4.7139999999999995,3.8445
2623,Chicago,12/01/2025,13.3,Illinois,VILLAGE HALL,13.3,13.19759,12.53924,10.226370000000001
2624,Chicago,12/02/2025,20.0,Illinois,VILLAGE HALL,20.0,19.846,18.855999999999998,15.378
2625,Chicago,12/03/2025,15.7,Illinois,VILLAGE HALL,15.7,15.579109999999998,14.80196,12.07173
2626,Chicago,12/04/2025,11.7,Illinois,VILLAGE HALL,11.7,11.60991,11.030759999999999,8.996129999999999
2627,Chicago,12/05/2025,16.0,Illinois,VILLAGE HALL,16.0,15.8768,15.0848,12.3024
2628,Chicago,12/06/2025,17.5,Illinois,VILLAGE HALL,17.5,17.36525,16.499,13.45575
2629,Chicago,12/07/2025,10.0,Illinois,VILLAGE HALL,10.0,9.923,9.427999999999999,7.689
2630,Chicago,12/08/2025,6.9,Illinois,VILLAGE HALL,6.9,6.84687,6.50532,5.30541
2631,Chicago,12/09/2025,14.5,Illinois,VILLAGE HALL,14.5,14.388349999999999,13.6706,11.14905
2632,Chicago,12/10/2025,5.7,Illinois,VILLAGE HALL,5.7,5.65611,5.37396,4.3827300000000005
2633,Chicago,12/11/2025,9.1,Illinois,VILLAGE HALL,9.1,9.029929999999998,8.57948,6.99699
2634,Chicago,12/12/2025,19.4,Illinois,VILLAGE HALL,19.4,19.250619999999998,18.290319999999998,14.91666
2635,Chicago,12/13/2025,6.2,Illinois,VILLAGE HALL,6.2,6.15226,5.84536,4.767180000000001
2636,Chicago,12/14/2025,4.6,Illinois,VILLAGE HALL,4.6,4.564579999999999,4.33688,3.53694
2637,Chicago,12/15/2025,8.4,Illinois,VILLAGE HALL,8.4,8.33532,7.91952,6.458760000000001
2638,Chicago,12/16/2025,14.9,Illinois,VILLAGE HALL,14.9,14.78527,14.04772,11.456610000000001
2639,Chicago,12/17/2025,15.4,Illinois,VILLAGE HALL,15.4,15.281419999999999,14.51912,11.84106
2640,Chicago,12/18/2025,9.4,Illinois,VILLAGE HALL,9.4,9.32762,8.86232,7.22766
2641,Chicago,12/19/2025,5.1,Illinois,VILLAGE HALL,5.1,5.0607299999999995,4.80828,3.9213899999999997
2642,Chicago,12/20/2025,4.5,Illinois,VILLAGE HALL,4.5,4.46535,4.2425999999999995,3.4600500000000003
2643,Chicago,12/21/2025,5.5,Illinois,VILLAGE HALL,5.5,5.45765,5.1854,4.22895
2644,Chicago,12/22/2025,5.6,Illinois,VILLAGE HALL,5.6,5.55688,5.27968,4.30584
2645,Chicago,12/23/2025,14.3,Illinois,VILLAGE HALL,14.3,14.18989,13.48204,10.995270000000001
2646,Chicago,12/24/2025,17.8,Illinois,VILLAGE HALL,17.8,17.66294,16.78184,13.686420000000002
2647,Chicago,12/25/2025,20.9,Illinois,VILLAGE HALL,20.9,20.739069999999998,19.70452,16.07001
2648,Chicago,12/26/2025,13.4,Illinois,VILLAGE HALL,13.4,13.29682,12.63352,10.30326
2649,Chicago,12/27/2025,15.0,Illinois,VILLAGE HALL,15.0,14.8845,14.142,11.5335
2650,Chicago,12/28/2025,8.3,Illinois,VILLAGE HALL,8.3,8.23609,7.825240000000001,6.381870000000001
2651,Chicago,12/29/2025,3.6,Illinois,VILLAGE HALL,3.6,3.57228,3.3940799999999998,2.76804
2652,Chicago,12/30/2025,5.0,Illinois,VILLAGE HALL,5.0,4.9615,4.7139999999999995,3.8445
2653,Chicago,12/31/2025,6.9,Illinois,VILLAGE HALL,6.9,6.84687,6.50532,5.30541
2654,Chicago,01/01/2025,4.7,Illinois,IEPA TRAILER,4.7,4.66381,4.43116,3.61383
2655,Chicago,01/02/2025,4.5,Illinois,IEPA TRAILER,4.5,4.46535,4.2425999999999995,3.4600500000000003
2656,Chicago,01/03/2025,6.4,Illinois,IEPA TRAILER,6.4,6.35072,6.03392,4.920960000000001
2657,Chicago,01/04/2025,3.8,Illinois,IEPA TRAILER,3.8,3.7707399999999995,3.5826399999999996,2.92182
2658,Chicago,01/05/2025,4.2,Illinois,IEPA TRAILER,4.2,4.16766,3.95976,3.2293800000000004
2659,Chicago,01/06/2025,3.8,Illinois,IEPA TRAILER,3.8,3.7707399999999995,3.5826399999999996,2.92182
2660,Chicago,01/07/2025,6.2,Illinois,IEPA TRAILER,6.2,6.15226,5.84536,4.767180000000001
2661,Chicago,01/08/2025,6.7,Illinois,IEPA TRAILER,6.7,6.64841,6.31676,5.15163
2662,Chicago,01/09/2025,13.0,Illinois,IEPA TRAILER,13.0,12.899899999999999,12.2564,9.995700000000001
2663,Chicago,01/10/2025,22.8,Illinois,IEPA TRAILER,22.8,22.62444,21.49584,17.530920000000002
2664,Chicago,01/11/2025,10.7,Illinois,IEPA TRAILER,10.7,10.617609999999999,10.087959999999999,8.22723
2665,Chicago,01/12/2025,10.5,Illinois,IEPA TRAILER,10.5,10.41915,9.8994,8.073450000000001
2666,Chicago,01/13/2025,4.9,Illinois,IEPA TRAILER,4.9,4.8622700000000005,4.61972,3.7676100000000003
2667,Chicago,01/14/2025,10.0,Illinois,IEPA TRAILER,10.0,9.923,9.427999999999999,7.689
2668,Chicago,01/15/2025,11.7,Illinois,IEPA TRAILER,11.7,11.60991,11.030759999999999,8.996129999999999
2669,Chicago,01/16/2025,8.9,Illinois,IEPA TRAILER,8.9,8.83147,8.39092,6.843210000000001
2670,Chicago,01/17/2025,8.3,Illinois,IEPA TRAILER,8.3,8.23609,7.825240000000001,6.381870000000001
2671,Chicago,01/18/2025,4.1,Illinois,IEPA TRAILER,4.1,4.068429999999999,3.8654799999999994,3.15249
2672,Chicago,01/19/2025,3.9,Illinois,IEPA TRAILER,3.9,3.86997,3.67692,2.99871
2673,Chicago,01/20/2025,4.5,Illinois,IEPA TRAILER,4.5,4.46535,4.2425999999999995,3.4600500000000003
2674,Chicago,01/21/2025,4.9,Illinois,IEPA TRAILER,4.9,4.8622700000000005,4.61972,3.7676100000000003
2675,Chicago,01/22/2025,8.6,Illinois,IEPA TRAILER,8.6,8.53378,8.10808,6.61254
2676,Chicago,01/23/2025,8.8,Illinois,IEPA TRAILER,8.8,8.732240000000001,8.29664,6.766320000000001
2677,Chicago,01/24/2025,10.2,Illinois,IEPA TRAILER,10.2,10.121459999999999,9.61656,7.842779999999999
2678,Chicago,01/25/2025,7.1,Illinois,IEPA TRAILER,7.1,7.045329999999999,6.693879999999999,5.4591899999999995
2679,Chicago,01/26/2025,4.4,Illinois,IEPA TRAILER,4.4,4.3661200000000004,4.14832,3.3831600000000006
2680,Chicago,01/27/2025,5.6,Illinois,IEPA TRAILER,5.6,5.55688,5.27968,4.30584
2681,Chicago,01/28/2025,4.9,Illinois,IEPA TRAILER,4.9,4.8622700000000005,4.61972,3.7676100000000003
2682,Chicago,01/29/2025,4.4,Illinois,IEPA TRAILER,4.4,4.3661200000000004,4.14832,3.3831600000000006
2683,Chicago,01/30/2025,10.7,Illinois,IEPA TRAILER,10.7,10.617609999999999,10.087959999999999,8.22723
2684,Chicago,01/31/2025,7.1,Illinois,IEPA TRAILER,7.1,7.045329999999999,6.693879999999999,5.4591899999999995
2685,Chicago,02/01/2025,3.2,Illinois,IEPA TRAILER,3.2,3.17536,3.01696,2.4604800000000004
2686,Chicago,02/02/2025,13.4,Illinois,IEPA TRAILER,13.4,13.29682,12.63352,10.30326
2687,Chicago,02/03/2025,11.7,Illinois,IEPA TRAILER,11.7,11.60991,11.030759999999999,8.996129999999999
2688,Chicago,02/04/2025,4.0,Illinois,IEPA TRAILER,4.0,3.9692,3.7712,3.0756
2689,Chicago,02/05/2025,6.6,Illinois,IEPA TRAILER,6.6,6.54918,6.222479999999999,5.07474
2690,Chicago,02/06/2025,7.4,Illinois,IEPA TRAILER,7.4,7.34302,6.97672,5.68986
2691,Chicago,02/07/2025,5.8,Illinois,IEPA TRAILER,5.8,5.7553399999999995,5.46824,4.45962
2692,Chicago,02/08/2025,8.2,Illinois,IEPA TRAILER,8.2,8.136859999999999,7.730959999999999,6.30498
2693,Chicago,02/09/2025,8.1,Illinois,IEPA TRAILER,8.1,8.03763,7.636679999999999,6.22809
2694,Chicago,02/10/2025,7.5,Illinois,IEPA TRAILER,7.5,7.44225,7.071,5.76675
2695,Chicago,02/11/2025,7.5,Illinois,IEPA TRAILER,7.5,7.44225,7.071,5.76675
2696,Chicago,02/12/2025,12.2,Illinois,IEPA TRAILER,12.2,12.10606,11.502159999999998,9.38058
2697,Chicago,02/13/2025,7.4,Illinois,IEPA TRAILER,7.4,7.34302,6.97672,5.68986
2698,Chicago,02/14/2025,13.9,Illinois,IEPA TRAILER,13.9,13.79297,13.10492,10.687710000000001
2699,Chicago,02/15/2025,16.1,Illinois,IEPA TRAILER,16.1,15.976030000000002,15.17908,12.379290000000001
2700,Chicago,02/16/2025,5.5,Illinois,IEPA TRAILER,5.5,5.45765,5.1854,4.22895
2701,Chicago,02/17/2025,5.1,Illinois,IEPA TRAILER,5.1,5.0607299999999995,4.80828,3.9213899999999997
2702,Chicago,02/18/2025,5.3,Illinois,IEPA TRAILER,5.3,5.259189999999999,4.99684,4.07517
2703,Chicago,02/19/2025,5.5,Illinois,IEPA TRAILER,5.5,5.45765,5.1854,4.22895
2704,Chicago,02/20/2025,6.3,Illinois,IEPA TRAILER,6.3,6.2514899999999995,5.93964,4.84407
2705,Chicago,02/21/2025,9.1,Illinois,IEPA TRAILER,9.1,9.029929999999998,8.57948,6.99699
2706,Chicago,02/22/2025,9.1,Illinois,IEPA TRAILER,9.1,9.029929999999998,8.57948,6.99699
2707,Chicago,02/23/2025,15.8,Illinois,IEPA TRAILER,15.8,15.67834,14.89624,12.148620000000001
2708,Chicago,02/24/2025,11.2,Illinois,IEPA TRAILER,11.2,11.11376,10.55936,8.61168
2709,Chicago,02/25/2025,10.2,Illinois,IEPA TRAILER,10.2,10.121459999999999,9.61656,7.842779999999999
2710,Chicago,02/26/2025,14.0,Illinois,IEPA TRAILER,14.0,13.892199999999999,13.1992,10.7646
2711,Chicago,02/27/2025,10.8,Illinois,IEPA TRAILER,10.8,10.71684,10.18224,8.304120000000001
2712,Chicago,02/28/2025,4.2,Illinois,IEPA TRAILER,4.2,4.16766,3.95976,3.2293800000000004
2713,Chicago,03/01/2025,3.6,Illinois,IEPA TRAILER,3.6,3.57228,3.3940799999999998,2.76804
2714,Chicago,03/02/2025,6.5,Illinois,IEPA TRAILER,6.5,6.449949999999999,6.1282,4.997850000000001
2715,Chicago,03/03/2025,9.0,Illinois,IEPA TRAILER,9.0,8.9307,8.485199999999999,6.920100000000001
2716,Chicago,03/04/2025,9.8,Illinois,IEPA TRAILER,9.8,9.724540000000001,9.23944,7.535220000000001
2717,Chicago,03/05/2025,6.7,Illinois,IEPA TRAILER,6.7,6.64841,6.31676,5.15163
2718,Chicago,03/06/2025,3.4,Illinois,IEPA TRAILER,3.4,3.37382,3.20552,2.61426
2719,Chicago,03/07/2025,10.2,Illinois,IEPA TRAILER,10.2,10.121459999999999,9.61656,7.842779999999999
2720,Chicago,03/08/2025,5.5,Illinois,IEPA TRAILER,5.5,5.45765,5.1854,4.22895
2721,Chicago,03/09/2025,4.7,Illinois,IEPA TRAILER,4.7,4.66381,4.43116,3.61383
2722,Chicago,03/10/2025,5.9,Illinois,IEPA TRAILER,5.9,5.85457,5.56252,4.536510000000001
2723,Chicago,03/11/2025,3.7,Illinois,IEPA TRAILER,3.7,3.67151,3.48836,2.84493
2724,Chicago,03/12/2025,4.1,Illinois,IEPA TRAILER,4.1,4.068429999999999,3.8654799999999994,3.15249
2725,Chicago,03/13/2025,11.4,Illinois,IEPA TRAILER,11.4,11.31222,10.74792,8.765460000000001
2726,Chicago,03/14/2025,12.1,Illinois,IEPA TRAILER,12.1,12.006829999999999,11.407879999999999,9.30369
2727,Chicago,03/15/2025,23.6,Illinois,IEPA TRAILER,23.6,23.41828,22.25008,18.146040000000003
2728,Chicago,03/16/2025,4.8,Illinois,IEPA TRAILER,4.8,4.763039999999999,4.52544,3.69072
2729,Chicago,03/17/2025,4.8,Illinois,IEPA TRAILER,4.8,4.763039999999999,4.52544,3.69072
2730,Chicago,03/18/2025,7.2,Illinois,IEPA TRAILER,7.2,7.14456,6.7881599999999995,5.53608
2731,Chicago,03/19/2025,5.2,Illinois,IEPA TRAILER,5.2,5.15996,4.90256,3.9982800000000003
2732,Chicago,03/20/2025,4.3,Illinois,IEPA TRAILER,4.3,4.26689,4.05404,3.30627
2733,Chicago,03/21/2025,6.8,Illinois,IEPA TRAILER,6.8,6.74764,6.41104,5.22852
2734,Chicago,03/22/2025,4.0,Illinois,IEPA TRAILER,4.0,3.9692,3.7712,3.0756
2735,Chicago,03/23/2025,5.5,Illinois,IEPA TRAILER,5.5,5.45765,5.1854,4.22895
2736,Chicago,03/24/2025,5.2,Illinois,IEPA TRAILER,5.2,5.15996,4.90256,3.9982800000000003
2737,Chicago,03/25/2025,7.7,Illinois,IEPA TRAILER,7.7,7.6407099999999994,7.25956,5.92053
2738,Chicago,03/26/2025,11.8,Illinois,IEPA TRAILER,11.8,11.70914,11.12504,9.073020000000001
2739,Chicago,03/27/2025,11.0,Illinois,IEPA TRAILER,11.0,10.9153,10.3708,8.4579
2740,Chicago,03/28/2025,8.7,Illinois,IEPA TRAILER,8.7,8.633009999999999,8.202359999999999,6.68943
2741,Chicago,03/29/2025,6.7,Illinois,IEPA TRAILER,6.7,6.64841,6.31676,5.15163
2742,Chicago,03/30/2025,5.8,Illinois,IEPA TRAILER,5.8,5.7553399999999995,5.46824,4.45962
2743,Chicago,03/31/2025,3.4,Illinois,IEPA TRAILER,3.4,3.37382,3.20552,2.61426
2744,Chicago,04/01/2025,4.8,Illinois,IEPA TRAILER,4.8,4.763039999999999,4.52544,3.69072
2745,Chicago,04/02/2025,8.9,Illinois,IEPA TRAILER,8.9,8.83147,8.39092,6.843210000000001
2746,Chicago,04/03/2025,4.8,Illinois,IEPA TRAILER,4.8,4.763039999999999,4.52544,3.69072
2747,Chicago,04/04/2025,4.9,Illinois,IEPA TRAILER,4.9,4.8622700000000005,4.61972,3.7676100000000003
2748,Chicago,04/05/2025,4.7,Illinois,IEPA TRAILER,4.7,4.66381,4.43116,3.61383
2749,Chicago,04/06/2025,5.2,Illinois,IEPA TRAILER,5.2,5.15996,4.90256,3.9982800000000003
2750,Chicago,04/07/2025,4.3,Illinois,IEPA TRAILER,4.3,4.26689,4.05404,3.30627
2751,Chicago,04/08/2025,5.0,Illinois,IEPA TRAILER,5.0,4.9615,4.7139999999999995,3.8445
2752,Chicago,04/09/2025,9.1,Illinois,IEPA TRAILER,9.1,9.029929999999998,8.57948,6.99699
2753,Chicago,04/10/2025,12.2,Illinois,IEPA TRAILER,12.2,12.10606,11.502159999999998,9.38058
2754,Chicago,04/11/2025,13.1,Illinois,IEPA TRAILER,13.1,12.99913,12.350679999999999,10.07259
2755,Chicago,04/12/2025,15.0,Illinois,IEPA TRAILER,15.0,14.8845,14.142,11.5335
2756,Chicago,04/13/2025,7.8,Illinois,IEPA TRAILER,7.8,7.73994,7.35384,5.99742
2757,Chicago,04/14/2025,5.3,Illinois,IEPA TRAILER,5.3,5.259189999999999,4.99684,4.07517
2758,Chicago,04/15/2025,3.2,Illinois,IEPA TRAILER,3.2,3.17536,3.01696,2.4604800000000004
2759,Chicago,04/16/2025,4.3,Illinois,IEPA TRAILER,4.3,4.26689,4.05404,3.30627
2760,Chicago,04/17/2025,7.2,Illinois,IEPA TRAILER,7.2,7.14456,6.7881599999999995,5.53608
2761,Chicago,04/18/2025,12.8,Illinois,IEPA TRAILER,12.8,12.70144,12.06784,9.841920000000002
2762,Chicago,04/19/2025,8.1,Illinois,IEPA TRAILER,8.1,8.03763,7.636679999999999,6.22809
2763,Chicago,04/20/2025,7.5,Illinois,IEPA TRAILER,7.5,7.44225,7.071,5.76675
2764,Chicago,04/21/2025,2.9,Illinois,IEPA TRAILER,2.9,2.8776699999999997,2.73412,2.22981
2765,Chicago,04/22/2025,6.6,Illinois,IEPA TRAILER,6.6,6.54918,6.222479999999999,5.07474
2766,Chicago,05/22/2025,3.5,Illinois,IEPA TRAILER,3.5,3.4730499999999997,3.2998,2.69115
2767,Chicago,05/23/2025,4.7,Illinois,IEPA TRAILER,4.7,4.66381,4.43116,3.61383
2768,Chicago,05/24/2025,3.2,Illinois,IEPA TRAILER,3.2,3.17536,3.01696,2.4604800000000004
2769,Chicago,05/25/2025,3.5,Illinois,IEPA TRAILER,3.5,3.4730499999999997,3.2998,2.69115
2770,Chicago,05/26/2025,3.9,Illinois,IEPA TRAILER,3.9,3.86997,3.67692,2.99871
2771,Chicago,05/27/2025,5.4,Illinois,IEPA TRAILER,5.4,5.35842,5.09112,4.1520600000000005
2772,Chicago,05/28/2025,7.0,Illinois,IEPA TRAILER,7.0,6.9460999999999995,6.5996,5.3823
2773,Chicago,05/29/2025,13.5,Illinois,IEPA TRAILER,13.5,13.396049999999999,12.7278,10.38015
2774,Chicago,05/30/2025,15.7,Illinois,IEPA TRAILER,15.7,15.579109999999998,14.80196,12.07173
2775,Chicago,05/31/2025,9.0,Illinois,IEPA TRAILER,9.0,8.9307,8.485199999999999,6.920100000000001
2776,Chicago,06/01/2025,8.2,Illinois,IEPA TRAILER,8.2,8.136859999999999,7.730959999999999,6.30498
2777,Chicago,06/02/2025,10.7,Illinois,IEPA TRAILER,10.7,10.617609999999999,10.087959999999999,8.22723
2778,Chicago,06/03/2025,15.8,Illinois,IEPA TRAILER,15.8,15.67834,14.89624,12.148620000000001
2779,Chicago,06/04/2025,25.4,Illinois,IEPA TRAILER,25.4,25.20442,23.947119999999998,19.53006
2780,Chicago,06/05/2025,59.1,Illinois,IEPA TRAILER,59.1,58.64493,55.71948,45.441990000000004
2781,Chicago,06/06/2025,34.9,Illinois,IEPA TRAILER,34.9,34.63127,32.90372,26.83461
2782,Chicago,06/07/2025,32.2,Illinois,IEPA TRAILER,32.2,31.952060000000003,30.35816,24.758580000000002
2783,Chicago,06/08/2025,27.5,Illinois,IEPA TRAILER,27.5,27.288249999999998,25.927,21.144750000000002
2784,Chicago,06/09/2025,19.8,Illinois,IEPA TRAILER,19.8,19.64754,18.66744,15.22422
2785,Chicago,06/10/2025,21.8,Illinois,IEPA TRAILER,21.8,21.63214,20.55304,16.76202
2786,Chicago,06/11/2025,26.1,Illinois,IEPA TRAILER,26.1,25.89903,24.60708,20.06829
2787,Chicago,06/12/2025,29.8,Illinois,IEPA TRAILER,29.8,29.57054,28.09544,22.913220000000003
2788,Chicago,06/13/2025,27.2,Illinois,IEPA TRAILER,27.2,26.99056,25.64416,20.91408
2789,Chicago,06/14/2025,15.8,Illinois,IEPA TRAILER,15.8,15.67834,14.89624,12.148620000000001
2790,Chicago,06/15/2025,11.8,Illinois,IEPA TRAILER,11.8,11.70914,11.12504,9.073020000000001
2791,Chicago,06/16/2025,16.3,Illinois,IEPA TRAILER,16.3,16.17449,15.36764,12.53307
2792,Chicago,06/17/2025,11.4,Illinois,IEPA TRAILER,11.4,11.31222,10.74792,8.765460000000001
2793,Chicago,06/18/2025,9.2,Illinois,IEPA TRAILER,9.2,9.129159999999999,8.67376,7.07388
2794,Chicago,06/19/2025,9.0,Illinois,IEPA TRAILER,9.0,8.9307,8.485199999999999,6.920100000000001
2795,Chicago,06/20/2025,8.5,Illinois,IEPA TRAILER,8.5,8.43455,8.0138,6.53565
2796,Chicago,06/21/2025,11.8,Illinois,IEPA TRAILER,11.8,11.70914,11.12504,9.073020000000001
2797,Chicago,06/22/2025,13.8,Illinois,IEPA TRAILER,13.8,13.69374,13.01064,10.61082
2798,Chicago,06/23/2025,13.6,Illinois,IEPA TRAILER,13.6,13.49528,12.82208,10.45704
2799,Chicago,06/24/2025,7.8,Illinois,IEPA TRAILER,7.8,7.73994,7.35384,5.99742
2800,Chicago,06/25/2025,8.6,Illinois,IEPA TRAILER,8.6,8.53378,8.10808,6.61254
2801,Chicago,06/26/2025,12.1,Illinois,IEPA TRAILER,12.1,12.006829999999999,11.407879999999999,9.30369
2802,Chicago,06/27/2025,6.4,Illinois,IEPA TRAILER,6.4,6.35072,6.03392,4.920960000000001
2803,Chicago,06/28/2025,5.9,Illinois,IEPA TRAILER,5.9,5.85457,5.56252,4.536510000000001
2804,Chicago,06/29/2025,9.7,Illinois,IEPA TRAILER,9.7,9.625309999999999,9.145159999999999,7.45833
2805,Chicago,06/30/2025,6.7,Illinois,IEPA TRAILER,6.7,6.64841,6.31676,5.15163
2806,Chicago,07/01/2025,10.2,Illinois,IEPA TRAILER,10.2,10.121459999999999,9.61656,7.842779999999999
2807,Chicago,07/02/2025,14.4,Illinois,IEPA TRAILER,14.4,14.28912,13.576319999999999,11.07216
2808,Chicago,07/03/2025,14.1,Illinois,IEPA TRAILER,14.1,13.99143,13.293479999999999,10.84149
2809,Chicago,07/04/2025,25.7,Illinois,IEPA TRAILER,25.7,25.50211,24.22996,19.76073
2810,Chicago,07/05/2025,17.9,Illinois,IEPA TRAILER,17.9,17.762169999999998,16.876119999999997,13.763309999999999
2811,Chicago,07/06/2025,9.0,Illinois,IEPA TRAILER,9.0,8.9307,8.485199999999999,6.920100000000001
2812,Chicago,07/07/2025,21.8,Illinois,IEPA TRAILER,21.8,21.63214,20.55304,16.76202
2813,Chicago,07/08/2025,20.6,Illinois,IEPA TRAILER,20.6,20.441380000000002,19.421680000000002,15.839340000000002
2814,Chicago,07/09/2025,12.5,Illinois,IEPA TRAILER,12.5,12.403749999999999,11.785,9.61125
2815,Chicago,07/10/2025,10.1,Illinois,IEPA TRAILER,10.1,10.022229999999999,9.522279999999999,7.76589
2816,Chicago,07/11/2025,8.3,Illinois,IEPA TRAILER,8.3,8.23609,7.825240000000001,6.381870000000001
2817,Chicago,07/12/2025,6.7,Illinois,IEPA TRAILER,6.7,6.64841,6.31676,5.15163
2818,Chicago,07/13/2025,28.5,Illinois,IEPA TRAILER,28.5,28.280549999999998,26.869799999999998,21.91365
2819,Chicago,07/14/2025,38.6,Illinois,IEPA TRAILER,38.6,38.30278,36.39208,29.679540000000003
2820,Chicago,07/15/2025,22.8,Illinois,IEPA TRAILER,22.8,22.62444,21.49584,17.530920000000002
2821,Chicago,07/16/2025,8.3,Illinois,IEPA TRAILER,8.3,8.23609,7.825240000000001,6.381870000000001
2822,Chicago,07/17/2025,4.9,Illinois,IEPA TRAILER,4.9,4.8622700000000005,4.61972,3.7676100000000003
2823,Chicago,07/18/2025,8.0,Illinois,IEPA TRAILER,8.0,7.9384,7.5424,6.1512
2824,Chicago,07/19/2025,7.1,Illinois,IEPA TRAILER,7.1,7.045329999999999,6.693879999999999,5.4591899999999995
2825,Chicago,07/20/2025,10.8,Illinois,IEPA TRAILER,10.8,10.71684,10.18224,8.304120000000001
2826,Chicago,07/21/2025,37.7,Illinois,IEPA TRAILER,37.7,37.409710000000004,35.54356,28.987530000000003
2827,Chicago,07/22/2025,28.3,Illinois,IEPA TRAILER,28.3,28.08209,26.68124,21.759870000000003
2828,Chicago,07/23/2025,19.9,Illinois,IEPA TRAILER,19.9,19.746769999999998,18.761719999999997,15.30111
2829,Chicago,07/24/2025,12.2,Illinois,IEPA TRAILER,12.2,12.10606,11.502159999999998,9.38058
2830,Chicago,07/25/2025,7.3,Illinois,IEPA TRAILER,7.3,7.24379,6.88244,5.61297
2831,Chicago,07/26/2025,6.2,Illinois,IEPA TRAILER,6.2,6.15226,5.84536,4.767180000000001
2832,Chicago,07/27/2025,9.4,Illinois,IEPA TRAILER,9.4,9.32762,8.86232,7.22766
2833,Chicago,07/28/2025,10.4,Illinois,IEPA TRAILER,10.4,10.31992,9.80512,7.996560000000001
2834,Chicago,07/29/2025,11.7,Illinois,IEPA TRAILER,11.7,11.60991,11.030759999999999,8.996129999999999
2835,Chicago,07/30/2025,13.1,Illinois,IEPA TRAILER,13.1,12.99913,12.350679999999999,10.07259
2836,Chicago,07/31/2025,79.1,Illinois,IEPA TRAILER,79.1,78.49092999999999,74.57548,60.81999
2837,Chicago,08/01/2025,50.6,Illinois,IEPA TRAILER,50.6,50.21038,47.70568,38.90634
2838,Chicago,08/02/2025,31.1,Illinois,IEPA TRAILER,31.1,30.86053,29.321080000000002,23.91279
2839,Chicago,08/03/2025,39.6,Illinois,IEPA TRAILER,39.6,39.29508,37.33488,30.44844
2840,Chicago,08/04/2025,29.3,Illinois,IEPA TRAILER,29.3,29.07439,27.62404,22.52877
2841,Chicago,08/05/2025,33.8,Illinois,IEPA TRAILER,33.8,33.539739999999995,31.866639999999997,25.98882
2842,Chicago,08/06/2025,35.8,Illinois,IEPA TRAILER,35.8,35.524339999999995,33.75223999999999,27.526619999999998
2843,Chicago,08/07/2025,17.6,Illinois,IEPA TRAILER,17.6,17.464480000000002,16.59328,13.532640000000002
2844,Chicago,08/08/2025,15.4,Illinois,IEPA TRAILER,15.4,15.281419999999999,14.51912,11.84106
2845,Chicago,08/09/2025,13.8,Illinois,IEPA TRAILER,13.8,13.69374,13.01064,10.61082
2846,Chicago,08/10/2025,10.9,Illinois,IEPA TRAILER,10.9,10.81607,10.27652,8.38101
2847,Chicago,08/11/2025,10.4,Illinois,IEPA TRAILER,10.4,10.31992,9.80512,7.996560000000001
2848,Chicago,08/12/2025,9.4,Illinois,IEPA TRAILER,9.4,9.32762,8.86232,7.22766
2849,Chicago,08/13/2025,14.8,Illinois,IEPA TRAILER,14.8,14.68604,13.95344,11.37972
2850,Chicago,08/14/2025,20.6,Illinois,IEPA TRAILER,20.6,20.441380000000002,19.421680000000002,15.839340000000002
2851,Chicago,08/15/2025,21.0,Illinois,IEPA TRAILER,21.0,20.8383,19.7988,16.146900000000002
2852,Chicago,08/16/2025,13.3,Illinois,IEPA TRAILER,13.3,13.19759,12.53924,10.226370000000001
2853,Chicago,08/17/2025,5.6,Illinois,IEPA TRAILER,5.6,5.55688,5.27968,4.30584
2854,Chicago,08/18/2025,8.2,Illinois,IEPA TRAILER,8.2,8.136859999999999,7.730959999999999,6.30498
2855,Chicago,08/19/2025,5.7,Illinois,IEPA TRAILER,5.7,5.65611,5.37396,4.3827300000000005
2856,Chicago,08/20/2025,3.3,Illinois,IEPA TRAILER,3.3,3.27459,3.1112399999999996,2.53737
2857,Chicago,08/21/2025,3.6,Illinois,IEPA TRAILER,3.6,3.57228,3.3940799999999998,2.76804
2858,Chicago,08/22/2025,9.2,Illinois,IEPA TRAILER,9.2,9.129159999999999,8.67376,7.07388
2859,Chicago,08/23/2025,6.0,Illinois,IEPA TRAILER,6.0,5.953799999999999,5.6568,4.6134
2860,Chicago,08/24/2025,3.5,Illinois,IEPA TRAILER,3.5,3.4730499999999997,3.2998,2.69115
2861,Chicago,08/25/2025,4.3,Illinois,IEPA TRAILER,4.3,4.26689,4.05404,3.30627
2862,Chicago,08/26/2025,6.6,Illinois,IEPA TRAILER,6.6,6.54918,6.222479999999999,5.07474
2863,Chicago,08/27/2025,8.4,Illinois,IEPA TRAILER,8.4,8.33532,7.91952,6.458760000000001
2864,Chicago,08/28/2025,6.5,Illinois,IEPA TRAILER,6.5,6.449949999999999,6.1282,4.997850000000001
2865,Chicago,08/29/2025,3.0,Illinois,IEPA TRAILER,3.0,2.9768999999999997,2.8284,2.3067
2866,Chicago,08/30/2025,4.1,Illinois,IEPA TRAILER,4.1,4.068429999999999,3.8654799999999994,3.15249
2867,Chicago,08/31/2025,6.1,Illinois,IEPA TRAILER,6.1,6.05303,5.751079999999999,4.69029
2868,Chicago,09/01/2025,7.2,Illinois,IEPA TRAILER,7.2,7.14456,6.7881599999999995,5.53608
2869,Chicago,09/02/2025,10.4,Illinois,IEPA TRAILER,10.4,10.31992,9.80512,7.996560000000001
2870,Chicago,09/03/2025,13.6,Illinois,IEPA TRAILER,13.6,13.49528,12.82208,10.45704
2871,Chicago,09/04/2025,10.6,Illinois,IEPA TRAILER,10.6,10.518379999999999,9.99368,8.15034
2872,Chicago,09/05/2025,8.2,Illinois,IEPA TRAILER,8.2,8.136859999999999,7.730959999999999,6.30498
2873,Chicago,09/06/2025,4.2,Illinois,IEPA TRAILER,4.2,4.16766,3.95976,3.2293800000000004
2874,Chicago,09/07/2025,4.4,Illinois,IEPA TRAILER,4.4,4.3661200000000004,4.14832,3.3831600000000006
2875,Chicago,09/08/2025,6.1,Illinois,IEPA TRAILER,6.1,6.05303,5.751079999999999,4.69029
2876,Chicago,09/09/2025,6.8,Illinois,IEPA TRAILER,6.8,6.74764,6.41104,5.22852
2877,Chicago,09/10/2025,11.0,Illinois,IEPA TRAILER,11.0,10.9153,10.3708,8.4579
2878,Chicago,09/11/2025,8.9,Illinois,IEPA TRAILER,8.9,8.83147,8.39092,6.843210000000001
2879,Chicago,09/12/2025,11.2,Illinois,IEPA TRAILER,11.2,11.11376,10.55936,8.61168
2880,Chicago,09/13/2025,15.8,Illinois,IEPA TRAILER,15.8,15.67834,14.89624,12.148620000000001
2881,Chicago,09/14/2025,14.2,Illinois,IEPA TRAILER,14.2,14.090659999999998,13.387759999999998,10.918379999999999
2882,Chicago,09/15/2025,13.1,Illinois,IEPA TRAILER,13.1,12.99913,12.350679999999999,10.07259
2883,Chicago,09/16/2025,13.0,Illinois,IEPA TRAILER,13.0,12.899899999999999,12.2564,9.995700000000001
2884,Chicago,09/17/2025,13.0,Illinois,IEPA TRAILER,13.0,12.899899999999999,12.2564,9.995700000000001
2885,Chicago,09/18/2025,16.0,Illinois,IEPA TRAILER,16.0,15.8768,15.0848,12.3024
2886,Chicago,09/19/2025,16.3,Illinois,IEPA TRAILER,16.3,16.17449,15.36764,12.53307
2887,Chicago,09/20/2025,14.1,Illinois,IEPA TRAILER,14.1,13.99143,13.293479999999999,10.84149
2888,Chicago,09/21/2025,10.7,Illinois,IEPA TRAILER,10.7,10.617609999999999,10.087959999999999,8.22723
2889,Chicago,09/22/2025,8.3,Illinois,IEPA TRAILER,8.3,8.23609,7.825240000000001,6.381870000000001
2890,Chicago,09/23/2025,9.2,Illinois,IEPA TRAILER,9.2,9.129159999999999,8.67376,7.07388
2891,Chicago,09/24/2025,4.2,Illinois,IEPA TRAILER,4.2,4.16766,3.95976,3.2293800000000004
2892,Chicago,09/25/2025,7.5,Illinois,IEPA TRAILER,7.5,7.44225,7.071,5.76675
2893,Chicago,09/26/2025,9.6,Illinois,IEPA TRAILER,9.6,9.526079999999999,9.05088,7.38144
2894,Chicago,09/27/2025,12.4,Illinois,IEPA TRAILER,12.4,12.30452,11.69072,9.534360000000001
2895,Chicago,09/28/2025,9.8,Illinois,IEPA TRAILER,9.8,9.724540000000001,9.23944,7.535220000000001
2896,Chicago,09/29/2025,14.3,Illinois,IEPA TRAILER,14.3,14.18989,13.48204,10.995270000000001
2897,Chicago,09/30/2025,11.0,Illinois,IEPA TRAILER,11.0,10.9153,10.3708,8.4579
2898,Chicago,10/01/2025,7.4,Illinois,IEPA TRAILER,7.4,7.34302,6.97672,5.68986
2899,Chicago,10/02/2025,9.6,Illinois,IEPA TRAILER,9.6,9.526079999999999,9.05088,7.38144
2900,Chicago,10/03/2025,16.1,Illinois,IEPA TRAILER,16.1,15.976030000000002,15.17908,12.379290000000001
2901,Chicago,10/04/2025,14.7,Illinois,IEPA TRAILER,14.7,14.586809999999998,13.85916,11.30283
2902,Chicago,10/05/2025,10.4,Illinois,IEPA TRAILER,10.4,10.31992,9.80512,7.996560000000001
2903,Chicago,10/06/2025,8.0,Illinois,IEPA TRAILER,8.0,7.9384,7.5424,6.1512
2904,Chicago,10/07/2025,4.0,Illinois,IEPA TRAILER,4.0,3.9692,3.7712,3.0756
2905,Chicago,10/08/2025,3.7,Illinois,IEPA TRAILER,3.7,3.67151,3.48836,2.84493
2906,Chicago,10/09/2025,5.9,Illinois,IEPA TRAILER,5.9,5.85457,5.56252,4.536510000000001
2907,Chicago,10/10/2025,7.4,Illinois,IEPA TRAILER,7.4,7.34302,6.97672,5.68986
2908,Chicago,10/11/2025,3.0,Illinois,IEPA TRAILER,3.0,2.9768999999999997,2.8284,2.3067
2909,Chicago,10/12/2025,6.4,Illinois,IEPA TRAILER,6.4,6.35072,6.03392,4.920960000000001
2910,Chicago,10/13/2025,11.6,Illinois,IEPA TRAILER,11.6,11.510679999999999,10.93648,8.91924
2911,Chicago,10/14/2025,8.0,Illinois,IEPA TRAILER,8.0,7.9384,7.5424,6.1512
2912,Chicago,10/15/2025,3.5,Illinois,IEPA TRAILER,3.5,3.4730499999999997,3.2998,2.69115
2913,Chicago,10/16/2025,4.6,Illinois,IEPA TRAILER,4.6,4.564579999999999,4.33688,3.53694
2914,Chicago,10/17/2025,5.7,Illinois,IEPA TRAILER,5.7,5.65611,5.37396,4.3827300000000005
2915,Chicago,10/18/2025,14.4,Illinois,IEPA TRAILER,14.4,14.28912,13.576319999999999,11.07216
2916,Chicago,10/19/2025,3.5,Illinois,IEPA TRAILER,3.5,3.4730499999999997,3.2998,2.69115
2917,Chicago,10/20/2025,4.6,Illinois,IEPA TRAILER,4.6,4.564579999999999,4.33688,3.53694
2918,Chicago,10/21/2025,3.4,Illinois,IEPA TRAILER,3.4,3.37382,3.20552,2.61426
2919,Chicago,10/22/2025,2.3,Illinois,IEPA TRAILER,2.3,2.2822899999999997,2.16844,1.76847
2920,Chicago,10/23/2025,3.5,Illinois,IEPA TRAILER,3.5,3.4730499999999997,3.2998,2.69115
2921,Chicago,10/24/2025,6.6,Illinois,IEPA TRAILER,6.6,6.54918,6.222479999999999,5.07474
2922,Chicago,10/25/2025,10.3,Illinois,IEPA TRAILER,10.3,10.220690000000001,9.710840000000001,7.919670000000001
2923,Chicago,10/26/2025,8.2,Illinois,IEPA TRAILER,8.2,8.136859999999999,7.730959999999999,6.30498
2924,Chicago,10/27/2025,4.5,Illinois,IEPA TRAILER,4.5,4.46535,4.2425999999999995,3.4600500000000003
2925,Chicago,10/28/2025,5.3,Illinois,IEPA TRAILER,5.3,5.259189999999999,4.99684,4.07517
2926,Chicago,10/29/2025,4.3,Illinois,IEPA TRAILER,4.3,4.26689,4.05404,3.30627
2927,Chicago,10/30/2025,5.2,Illinois,IEPA TRAILER,5.2,5.15996,4.90256,3.9982800000000003
2928,Chicago,10/31/2025,9.6,Illinois,IEPA TRAILER,9.6,9.526079999999999,9.05088,7.38144
2929,Chicago,11/01/2025,6.8,Illinois,IEPA TRAILER,6.8,6.74764,6.41104,5.22852
2930,Chicago,11/02/2025,5.8,Illinois,IEPA TRAILER,5.8,5.7553399999999995,5.46824,4.45962
2931,Chicago,11/03/2025,4.6,Illinois,IEPA TRAILER,4.6,4.564579999999999,4.33688,3.53694
2932,Chicago,11/04/2025,6.9,Illinois,IEPA TRAILER,6.9,6.84687,6.50532,5.30541
2933,Chicago,11/05/2025,8.1,Illinois,IEPA TRAILER,8.1,8.03763,7.636679999999999,6.22809
2934,Chicago,11/06/2025,8.1,Illinois,IEPA TRAILER,8.1,8.03763,7.636679999999999,6.22809
2935,Chicago,11/07/2025,6.6,Illinois,IEPA TRAILER,6.6,6.54918,6.222479999999999,5.07474
2936,Chicago,11/08/2025,2.8,Illinois,IEPA TRAILER,2.8,2.77844,2.63984,2.15292
2937,Chicago,11/09/2025,2.7,Illinois,IEPA TRAILER,2.7,2.67921,2.54556,2.0760300000000003
2938,Chicago,11/10/2025,3.3,Illinois,IEPA TRAILER,3.3,3.27459,3.1112399999999996,2.53737
2939,Chicago,11/11/2025,6.7,Illinois,IEPA TRAILER,6.7,6.64841,6.31676,5.15163
2940,Chicago,11/12/2025,4.9,Illinois,IEPA TRAILER,4.9,4.8622700000000005,4.61972,3.7676100000000003
2941,Chicago,11/13/2025,8.2,Illinois,IEPA TRAILER,8.2,8.136859999999999,7.730959999999999,6.30498
2942,Chicago,11/14/2025,16.3,Illinois,IEPA TRAILER,16.3,16.17449,15.36764,12.53307
2943,Chicago,11/15/2025,7.8,Illinois,IEPA TRAILER,7.8,7.73994,7.35384,5.99742
2944,Chicago,11/16/2025,3.2,Illinois,IEPA TRAILER,3.2,3.17536,3.01696,2.4604800000000004
2945,Chicago,11/17/2025,7.5,Illinois,IEPA TRAILER,7.5,7.44225,7.071,5.76675
2946,Chicago,11/18/2025,9.4,Illinois,IEPA TRAILER,9.4,9.32762,8.86232,7.22766
2947,Chicago,11/19/2025,16.0,Illinois,IEPA TRAILER,16.0,15.8768,15.0848,12.3024
2948,Chicago,11/20/2025,21.2,Illinois,IEPA TRAILER,21.2,21.036759999999997,19.98736,16.30068
2949,Chicago,11/21/2025,14.1,Illinois,IEPA TRAILER,14.1,13.99143,13.293479999999999,10.84149
2950,Chicago,11/22/2025,12.9,Illinois,IEPA TRAILER,12.9,12.80067,12.16212,9.91881
2951,Chicago,11/23/2025,14.7,Illinois,IEPA TRAILER,14.7,14.586809999999998,13.85916,11.30283
2952,Chicago,11/24/2025,17.8,Illinois,IEPA TRAILER,17.8,17.66294,16.78184,13.686420000000002
2953,Chicago,11/25/2025,12.0,Illinois,IEPA TRAILER,12.0,11.907599999999999,11.3136,9.2268
2954,Chicago,11/26/2025,2.7,Illinois,IEPA TRAILER,2.7,2.67921,2.54556,2.0760300000000003
2955,Chicago,11/27/2025,2.6,Illinois,IEPA TRAILER,2.6,2.57998,2.45128,1.9991400000000001
2956,Chicago,11/28/2025,5.9,Illinois,IEPA TRAILER,5.9,5.85457,5.56252,4.536510000000001
2957,Chicago,11/29/2025,8.2,Illinois,IEPA TRAILER,8.2,8.136859999999999,7.730959999999999,6.30498
2958,Chicago,11/30/2025,5.5,Illinois,IEPA TRAILER,5.5,5.45765,5.1854,4.22895
2959,Chicago,12/01/2025,12.5,Illinois,IEPA TRAILER,12.5,12.403749999999999,11.785,9.61125
2960,Chicago,12/02/2025,18.0,Illinois,IEPA TRAILER,18.0,17.8614,16.970399999999998,13.840200000000001
2961,Chicago,12/03/2025,15.7,Illinois,IEPA TRAILER,15.7,15.579109999999998,14.80196,12.07173
2962,Chicago,12/04/2025,14.9,Illinois,IEPA TRAILER,14.9,14.78527,14.04772,11.456610000000001
2963,Chicago,12/05/2025,15.5,Illinois,IEPA TRAILER,15.5,15.38065,14.6134,11.917950000000001
2964,Chicago,12/06/2025,18.7,Illinois,IEPA TRAILER,18.7,18.556009999999997,17.63036,14.37843
2965,Chicago,12/07/2025,13.0,Illinois,IEPA TRAILER,13.0,12.899899999999999,12.2564,9.995700000000001
2966,Chicago,12/08/2025,9.5,Illinois,IEPA TRAILER,9.5,9.42685,8.9566,7.30455
2967,Chicago,12/09/2025,15.0,Illinois,IEPA TRAILER,15.0,14.8845,14.142,11.5335
2968,Chicago,12/10/2025,6.0,Illinois,IEPA TRAILER,6.0,5.953799999999999,5.6568,4.6134
2969,Chicago,12/11/2025,9.4,Illinois,IEPA TRAILER,9.4,9.32762,8.86232,7.22766
2970,Chicago,12/12/2025,20.3,Illinois,IEPA TRAILER,20.3,20.14369,19.138840000000002,15.608670000000002
2971,Chicago,12/13/2025,6.1,Illinois,IEPA TRAILER,6.1,6.05303,5.751079999999999,4.69029
2972,Chicago,12/14/2025,5.0,Illinois,IEPA TRAILER,5.0,4.9615,4.7139999999999995,3.8445
2973,Chicago,12/15/2025,8.7,Illinois,IEPA TRAILER,8.7,8.633009999999999,8.202359999999999,6.68943
2974,Chicago,12/16/2025,15.7,Illinois,IEPA TRAILER,15.7,15.579109999999998,14.80196,12.07173
2975,Chicago,12/17/2025,16.7,Illinois,IEPA TRAILER,16.7,16.57141,15.74476,12.840629999999999
2976,Chicago,12/18/2025,9.1,Illinois,IEPA TRAILER,9.1,9.029929999999998,8.57948,6.99699
2977,Chicago,12/19/2025,5.1,Illinois,IEPA TRAILER,5.1,5.0607299999999995,4.80828,3.9213899999999997
2978,Chicago,12/20/2025,4.3,Illinois,IEPA TRAILER,4.3,4.26689,4.05404,3.30627
2979,Chicago,12/21/2025,5.2,Illinois,IEPA TRAILER,5.2,5.15996,4.90256,3.9982800000000003
2980,Chicago,12/22/2025,5.3,Illinois,IEPA TRAILER,5.3,5.259189999999999,4.99684,4.07517
2981,Chicago,12/23/2025,13.0,Illinois,IEPA TRAILER,13.0,12.899899999999999,12.2564,9.995700000000001
2982,Chicago,12/24/2025,17.0,Illinois,IEPA TRAILER,17.0,16.8691,16.0276,13.0713
2983,Chicago,12/25/2025,19.9,Illinois,IEPA TRAILER,19.9,19.746769999999998,18.761719999999997,15.30111
2984,Chicago,12/26/2025,13.2,Illinois,IEPA TRAILER,13.2,13.09836,12.444959999999998,10.14948
2985,Chicago,12/27/2025,15.6,Illinois,IEPA TRAILER,15.6,15.47988,14.70768,11.99484
2986,Chicago,12/28/2025,7.5,Illinois,IEPA TRAILER,7.5,7.44225,7.071,5.76675
2987,Chicago,12/29/2025,4.0,Illinois,IEPA TRAILER,4.0,3.9692,3.7712,3.0756
2988,Chicago,12/30/2025,5.4,Illinois,IEPA TRAILER,5.4,5.35842,5.09112,4.1520600000000005
2989,Chicago,12/31/2025,7.3,Illinois,IEPA TRAILER,7.3,7.24379,6.88244,5.61297
2990,Chicago,01/01/2025,3.9,Illinois,IEPA TRAILER,3.9,3.86997,3.67692,2.99871
2991,Chicago,01/07/2025,7.3,Illinois,IEPA TRAILER,7.3,7.24379,6.88244,5.61297
2992,Chicago,01/13/2025,4.7,Illinois,IEPA TRAILER,4.7,4.66381,4.43116,3.61383
2993,Chicago,01/25/2025,6.1,Illinois,IEPA TRAILER,6.1,6.05303,5.751079999999999,4.69029
2994,Chicago,02/06/2025,5.7,Illinois,IEPA TRAILER,5.7,5.65611,5.37396,4.3827300000000005
2995,Chicago,02/12/2025,11.9,Illinois,IEPA TRAILER,11.9,11.80837,11.21932,9.14991
2996,Chicago,02/18/2025,8.1,Illinois,IEPA TRAILER,8.1,8.03763,7.636679999999999,6.22809
2997,Chicago,02/24/2025,11.8,Illinois,IEPA TRAILER,11.8,11.70914,11.12504,9.073020000000001
2998,Chicago,03/02/2025,8.5,Illinois,IEPA TRAILER,8.5,8.43455,8.0138,6.53565
2999,Chicago,03/08/2025,4.6,Illinois,IEPA TRAILER,4.6,4.564579999999999,4.33688,3.53694
3000,Chicago,03/14/2025,10.5,Illinois,IEPA TRAILER,10.5,10.41915,9.8994,8.073450000000001
3001,Chicago,03/20/2025,4.2,Illinois,IEPA TRAILER,4.2,4.16766,3.95976,3.2293800000000004
3002,Chicago,03/26/2025,13.0,Illinois,IEPA TRAILER,13.0,12.899899999999999,12.2564,9.995700000000001
3003,Chicago,04/01/2025,4.5,Illinois,IEPA TRAILER,4.5,4.46535,4.2425999999999995,3.4600500000000003
3004,Chicago,04/07/2025,4.2,Illinois,IEPA TRAILER,4.2,4.16766,3.95976,3.2293800000000004
3005,Chicago,04/13/2025,7.1,Illinois,IEPA TRAILER,7.1,7.045329999999999,6.693879999999999,5.4591899999999995
3006,Chicago,04/19/2025,8.5,Illinois,IEPA TRAILER,8.5,8.43455,8.0138,6.53565
3007,Chicago,05/22/2025,3.6,Illinois,IEPA TRAILER,3.6,3.57228,3.3940799999999998,2.76804
3008,Chicago,05/25/2025,4.0,Illinois,IEPA TRAILER,4.0,3.9692,3.7712,3.0756
3009,Chicago,05/31/2025,7.0,Illinois,IEPA TRAILER,7.0,6.9460999999999995,6.5996,5.3823
3010,Chicago,06/18/2025,9.2,Illinois,IEPA TRAILER,9.2,9.129159999999999,8.67376,7.07388
3011,Chicago,06/19/2025,8.1,Illinois,IEPA TRAILER,8.1,8.03763,7.636679999999999,6.22809
3012,Chicago,06/24/2025,8.0,Illinois,IEPA TRAILER,8.0,7.9384,7.5424,6.1512
3013,Chicago,07/06/2025,7.5,Illinois,IEPA TRAILER,7.5,7.44225,7.071,5.76675
3014,Chicago,07/19/2025,7.5,Illinois,IEPA TRAILER,7.5,7.44225,7.071,5.76675
3015,Chicago,07/24/2025,12.2,Illinois,IEPA TRAILER,12.2,12.10606,11.502159999999998,9.38058
3016,Chicago,07/30/2025,11.0,Illinois,IEPA TRAILER,11.0,10.9153,10.3708,8.4579
3017,Chicago,08/05/2025,25.3,Illinois,IEPA TRAILER,25.3,25.10519,23.85284,19.45317
3018,Chicago,08/11/2025,8.9,Illinois,IEPA TRAILER,8.9,8.83147,8.39092,6.843210000000001
3019,Chicago,08/17/2025,5.0,Illinois,IEPA TRAILER,5.0,4.9615,4.7139999999999995,3.8445
3020,Chicago,08/23/2025,6.1,Illinois,IEPA TRAILER,6.1,6.05303,5.751079999999999,4.69029
3021,Chicago,08/29/2025,2.8,Illinois,IEPA TRAILER,2.8,2.77844,2.63984,2.15292
3022,Chicago,09/04/2025,8.5,Illinois,IEPA TRAILER,8.5,8.43455,8.0138,6.53565
3023,Chicago,09/10/2025,10.7,Illinois,IEPA TRAILER,10.7,10.617609999999999,10.087959999999999,8.22723
3024,Chicago,09/16/2025,11.8,Illinois,IEPA TRAILER,11.8,11.70914,11.12504,9.073020000000001
3025,Chicago,09/22/2025,7.7,Illinois,IEPA TRAILER,7.7,7.6407099999999994,7.25956,5.92053
3026,Chicago,09/28/2025,8.3,Illinois,IEPA TRAILER,8.3,8.23609,7.825240000000001,6.381870000000001
3027,Chicago,10/04/2025,13.0,Illinois,IEPA TRAILER,13.0,12.899899999999999,12.2564,9.995700000000001
3028,Chicago,10/10/2025,8.4,Illinois,IEPA TRAILER,8.4,8.33532,7.91952,6.458760000000001
3029,Chicago,10/19/2025,4.0,Illinois,IEPA TRAILER,4.0,3.9692,3.7712,3.0756
3030,Chicago,10/22/2025,2.5,Illinois,IEPA TRAILER,2.5,2.48075,2.3569999999999998,1.92225
3031,Chicago,10/28/2025,4.7,Illinois,IEPA TRAILER,4.7,4.66381,4.43116,3.61383
3032,Chicago,11/03/2025,4.8,Illinois,IEPA TRAILER,4.8,4.763039999999999,4.52544,3.69072
3033,Chicago,11/09/2025,2.5,Illinois,IEPA TRAILER,2.5,2.48075,2.3569999999999998,1.92225
3034,Chicago,11/15/2025,7.5,Illinois,IEPA TRAILER,7.5,7.44225,7.071,5.76675
3035,Chicago,11/21/2025,13.0,Illinois,IEPA TRAILER,13.0,12.899899999999999,12.2564,9.995700000000001
3036,Chicago,11/27/2025,2.3,Illinois,IEPA TRAILER,2.3,2.2822899999999997,2.16844,1.76847
3037,Chicago,12/03/2025,14.3,Illinois,IEPA TRAILER,14.3,14.18989,13.48204,10.995270000000001
3038,Chicago,12/09/2025,14.0,Illinois,IEPA TRAILER,14.0,13.892199999999999,13.1992,10.7646
3039,Chicago,12/15/2025,10.9,Illinois,IEPA TRAILER,10.9,10.81607,10.27652,8.38101
3040,Chicago,12/21/2025,5.3,Illinois,IEPA TRAILER,5.3,5.259189999999999,4.99684,4.07517
3041,Chicago,01/01/2025,3.8,Illinois,GRAVES ES,3.8,3.7707399999999995,3.5826399999999996,2.92182
3042,Chicago,01/04/2025,3.7,Illinois,GRAVES ES,3.7,3.67151,3.48836,2.84493
3043,Chicago,01/07/2025,4.9,Illinois,GRAVES ES,4.9,4.8622700000000005,4.61972,3.7676100000000003
3044,Chicago,01/10/2025,20.4,Illinois,GRAVES ES,20.4,20.242919999999998,19.23312,15.685559999999999
3045,Chicago,01/13/2025,3.8,Illinois,GRAVES ES,3.8,3.7707399999999995,3.5826399999999996,2.92182
3046,Chicago,01/16/2025,9.8,Illinois,GRAVES ES,9.8,9.724540000000001,9.23944,7.535220000000001
3047,Chicago,01/19/2025,3.8,Illinois,GRAVES ES,3.8,3.7707399999999995,3.5826399999999996,2.92182
3048,Chicago,01/22/2025,5.8,Illinois,GRAVES ES,5.8,5.7553399999999995,5.46824,4.45962
3049,Chicago,01/25/2025,5.5,Illinois,GRAVES ES,5.5,5.45765,5.1854,4.22895
3050,Chicago,01/28/2025,4.0,Illinois,GRAVES ES,4.0,3.9692,3.7712,3.0756
3051,Chicago,01/31/2025,7.4,Illinois,GRAVES ES,7.4,7.34302,6.97672,5.68986
3052,Chicago,02/03/2025,9.7,Illinois,GRAVES ES,9.7,9.625309999999999,9.145159999999999,7.45833
3053,Chicago,02/06/2025,5.4,Illinois,GRAVES ES,5.4,5.35842,5.09112,4.1520600000000005
3054,Chicago,02/09/2025,4.3,Illinois,GRAVES ES,4.3,4.26689,4.05404,3.30627
3055,Chicago,02/12/2025,11.0,Illinois,GRAVES ES,11.0,10.9153,10.3708,8.4579
3056,Chicago,02/15/2025,14.0,Illinois,GRAVES ES,14.0,13.892199999999999,13.1992,10.7646
3057,Chicago,02/18/2025,5.8,Illinois,GRAVES ES,5.8,5.7553399999999995,5.46824,4.45962
3058,Chicago,02/21/2025,13.7,Illinois,GRAVES ES,13.7,13.594509999999998,12.91636,10.53393
3059,Chicago,02/24/2025,11.7,Illinois,GRAVES ES,11.7,11.60991,11.030759999999999,8.996129999999999
3060,Chicago,02/27/2025,10.3,Illinois,GRAVES ES,10.3,10.220690000000001,9.710840000000001,7.919670000000001
3061,Chicago,03/02/2025,8.9,Illinois,GRAVES ES,8.9,8.83147,8.39092,6.843210000000001
3062,Chicago,03/05/2025,3.1,Illinois,GRAVES ES,3.1,3.07613,2.92268,2.3835900000000003
3063,Chicago,03/08/2025,5.0,Illinois,GRAVES ES,5.0,4.9615,4.7139999999999995,3.8445
3064,Chicago,03/11/2025,4.5,Illinois,GRAVES ES,4.5,4.46535,4.2425999999999995,3.4600500000000003
3065,Chicago,03/14/2025,10.1,Illinois,GRAVES ES,10.1,10.022229999999999,9.522279999999999,7.76589
3066,Chicago,03/26/2025,16.0,Illinois,GRAVES ES,16.0,15.8768,15.0848,12.3024
3067,Chicago,03/27/2025,9.9,Illinois,GRAVES ES,9.9,9.82377,9.33372,7.61211
3068,Chicago,03/29/2025,8.2,Illinois,GRAVES ES,8.2,8.136859999999999,7.730959999999999,6.30498
3069,Chicago,03/30/2025,6.1,Illinois,GRAVES ES,6.1,6.05303,5.751079999999999,4.69029
3070,Chicago,04/01/2025,7.0,Illinois,GRAVES ES,7.0,6.9460999999999995,6.5996,5.3823
3071,Chicago,04/04/2025,8.4,Illinois,GRAVES ES,8.4,8.33532,7.91952,6.458760000000001
3072,Chicago,04/05/2025,5.0,Illinois,GRAVES ES,5.0,4.9615,4.7139999999999995,3.8445
3073,Chicago,04/06/2025,5.0,Illinois,GRAVES ES,5.0,4.9615,4.7139999999999995,3.8445
3074,Chicago,04/07/2025,4.4,Illinois,GRAVES ES,4.4,4.3661200000000004,4.14832,3.3831600000000006
3075,Chicago,04/08/2025,4.9,Illinois,GRAVES ES,4.9,4.8622700000000005,4.61972,3.7676100000000003
3076,Chicago,04/09/2025,8.7,Illinois,GRAVES ES,8.7,8.633009999999999,8.202359999999999,6.68943
3077,Chicago,04/10/2025,15.4,Illinois,GRAVES ES,15.4,15.281419999999999,14.51912,11.84106
3078,Chicago,04/11/2025,12.1,Illinois,GRAVES ES,12.1,12.006829999999999,11.407879999999999,9.30369
3079,Chicago,04/12/2025,13.7,Illinois,GRAVES ES,13.7,13.594509999999998,12.91636,10.53393
3080,Chicago,04/13/2025,7.7,Illinois,GRAVES ES,7.7,7.6407099999999994,7.25956,5.92053
3081,Chicago,04/14/2025,6.2,Illinois,GRAVES ES,6.2,6.15226,5.84536,4.767180000000001
3082,Chicago,04/15/2025,2.8,Illinois,GRAVES ES,2.8,2.77844,2.63984,2.15292
3083,Chicago,04/16/2025,5.7,Illinois,GRAVES ES,5.7,5.65611,5.37396,4.3827300000000005
3084,Chicago,04/17/2025,7.2,Illinois,GRAVES ES,7.2,7.14456,6.7881599999999995,5.53608
3085,Chicago,04/18/2025,13.0,Illinois,GRAVES ES,13.0,12.899899999999999,12.2564,9.995700000000001
3086,Chicago,04/19/2025,9.4,Illinois,GRAVES ES,9.4,9.32762,8.86232,7.22766
3087,Chicago,04/20/2025,8.4,Illinois,GRAVES ES,8.4,8.33532,7.91952,6.458760000000001
3088,Chicago,04/21/2025,3.2,Illinois,GRAVES ES,3.2,3.17536,3.01696,2.4604800000000004
3089,Chicago,04/22/2025,6.3,Illinois,GRAVES ES,6.3,6.2514899999999995,5.93964,4.84407
3090,Chicago,04/23/2025,6.5,Illinois,GRAVES ES,6.5,6.449949999999999,6.1282,4.997850000000001
3091,Chicago,04/24/2025,12.9,Illinois,GRAVES ES,12.9,12.80067,12.16212,9.91881
3092,Chicago,04/25/2025,5.7,Illinois,GRAVES ES,5.7,5.65611,5.37396,4.3827300000000005
3093,Chicago,04/26/2025,2.8,Illinois,GRAVES ES,2.8,2.77844,2.63984,2.15292
3094,Chicago,04/27/2025,6.7,Illinois,GRAVES ES,6.7,6.64841,6.31676,5.15163
3095,Chicago,04/28/2025,8.6,Illinois,GRAVES ES,8.6,8.53378,8.10808,6.61254
3096,Chicago,04/29/2025,5.9,Illinois,GRAVES ES,5.9,5.85457,5.56252,4.536510000000001
3097,Chicago,04/30/2025,6.2,Illinois,GRAVES ES,6.2,6.15226,5.84536,4.767180000000001
3098,Chicago,05/01/2025,8.2,Illinois,GRAVES ES,8.2,8.136859999999999,7.730959999999999,6.30498
3099,Chicago,05/02/2025,7.4,Illinois,GRAVES ES,7.4,7.34302,6.97672,5.68986
3100,Chicago,05/03/2025,3.1,Illinois,GRAVES ES,3.1,3.07613,2.92268,2.3835900000000003
3101,Chicago,05/04/2025,2.9,Illinois,GRAVES ES,2.9,2.8776699999999997,2.73412,2.22981
3102,Chicago,05/05/2025,7.0,Illinois,GRAVES ES,7.0,6.9460999999999995,6.5996,5.3823
3103,Chicago,05/06/2025,9.9,Illinois,GRAVES ES,9.9,9.82377,9.33372,7.61211
3104,Chicago,05/07/2025,10.2,Illinois,GRAVES ES,10.2,10.121459999999999,9.61656,7.842779999999999
3105,Chicago,05/08/2025,4.0,Illinois,GRAVES ES,4.0,3.9692,3.7712,3.0756
3106,Chicago,05/09/2025,6.4,Illinois,GRAVES ES,6.4,6.35072,6.03392,4.920960000000001
3107,Chicago,05/10/2025,6.4,Illinois,GRAVES ES,6.4,6.35072,6.03392,4.920960000000001
3108,Chicago,05/11/2025,5.7,Illinois,GRAVES ES,5.7,5.65611,5.37396,4.3827300000000005
3109,Chicago,05/12/2025,13.1,Illinois,GRAVES ES,13.1,12.99913,12.350679999999999,10.07259
3110,Chicago,05/13/2025,9.5,Illinois,GRAVES ES,9.5,9.42685,8.9566,7.30455
3111,Chicago,05/14/2025,10.9,Illinois,GRAVES ES,10.9,10.81607,10.27652,8.38101
3112,Chicago,05/15/2025,14.2,Illinois,GRAVES ES,14.2,14.090659999999998,13.387759999999998,10.918379999999999
3113,Chicago,05/16/2025,10.0,Illinois,GRAVES ES,10.0,9.923,9.427999999999999,7.689
3114,Chicago,05/17/2025,2.8,Illinois,GRAVES ES,2.8,2.77844,2.63984,2.15292
3115,Chicago,05/18/2025,3.9,Illinois,GRAVES ES,3.9,3.86997,3.67692,2.99871
3116,Chicago,05/19/2025,4.2,Illinois,GRAVES ES,4.2,4.16766,3.95976,3.2293800000000004
3117,Chicago,05/20/2025,5.8,Illinois,GRAVES ES,5.8,5.7553399999999995,5.46824,4.45962
3118,Chicago,05/21/2025,4.0,Illinois,GRAVES ES,4.0,3.9692,3.7712,3.0756
3119,Chicago,05/22/2025,4.1,Illinois,GRAVES ES,4.1,4.068429999999999,3.8654799999999994,3.15249
3120,Chicago,05/23/2025,6.8,Illinois,GRAVES ES,6.8,6.74764,6.41104,5.22852
3121,Chicago,05/24/2025,4.0,Illinois,GRAVES ES,4.0,3.9692,3.7712,3.0756
3122,Chicago,05/25/2025,3.4,Illinois,GRAVES ES,3.4,3.37382,3.20552,2.61426
3123,Chicago,05/26/2025,4.4,Illinois,GRAVES ES,4.4,4.3661200000000004,4.14832,3.3831600000000006
3124,Chicago,05/27/2025,7.3,Illinois,GRAVES ES,7.3,7.24379,6.88244,5.61297
3125,Chicago,05/28/2025,9.4,Illinois,GRAVES ES,9.4,9.32762,8.86232,7.22766
3126,Chicago,05/29/2025,13.8,Illinois,GRAVES ES,13.8,13.69374,13.01064,10.61082
3127,Chicago,05/30/2025,14.7,Illinois,GRAVES ES,14.7,14.586809999999998,13.85916,11.30283
3128,Chicago,05/31/2025,8.7,Illinois,GRAVES ES,8.7,8.633009999999999,8.202359999999999,6.68943
3129,Chicago,06/01/2025,9.2,Illinois,GRAVES ES,9.2,9.129159999999999,8.67376,7.07388
3130,Chicago,06/02/2025,9.8,Illinois,GRAVES ES,9.8,9.724540000000001,9.23944,7.535220000000001
3131,Chicago,06/03/2025,15.4,Illinois,GRAVES ES,15.4,15.281419999999999,14.51912,11.84106
3132,Chicago,06/04/2025,20.1,Illinois,GRAVES ES,20.1,19.945230000000002,18.95028,15.454890000000002
3133,Chicago,06/05/2025,53.3,Illinois,GRAVES ES,53.3,52.88959,50.251239999999996,40.982369999999996
3134,Chicago,06/06/2025,39.9,Illinois,GRAVES ES,39.9,39.592769999999994,37.61772,30.67911
3135,Chicago,06/07/2025,28.1,Illinois,GRAVES ES,28.1,27.88363,26.49268,21.606090000000002
3136,Chicago,06/08/2025,25.8,Illinois,GRAVES ES,25.8,25.60134,24.32424,19.83762
3137,Chicago,06/09/2025,19.0,Illinois,GRAVES ES,19.0,18.8537,17.9132,14.6091
3138,Chicago,06/10/2025,20.0,Illinois,GRAVES ES,20.0,19.846,18.855999999999998,15.378
3139,Chicago,06/11/2025,24.5,Illinois,GRAVES ES,24.5,24.311349999999997,23.098599999999998,18.83805
3140,Chicago,06/12/2025,30.7,Illinois,GRAVES ES,30.7,30.46361,28.943959999999997,23.60523
3141,Chicago,06/13/2025,32.6,Illinois,GRAVES ES,32.6,32.34898,30.73528,25.06614
3142,Chicago,06/14/2025,18.2,Illinois,GRAVES ES,18.2,18.059859999999997,17.15896,13.99398
3143,Chicago,06/15/2025,12.8,Illinois,GRAVES ES,12.8,12.70144,12.06784,9.841920000000002
3144,Chicago,06/16/2025,16.9,Illinois,GRAVES ES,16.9,16.769869999999997,15.933319999999998,12.99441
3145,Chicago,06/17/2025,8.8,Illinois,GRAVES ES,8.8,8.732240000000001,8.29664,6.766320000000001
3146,Chicago,06/18/2025,8.3,Illinois,GRAVES ES,8.3,8.23609,7.825240000000001,6.381870000000001
3147,Chicago,06/19/2025,8.1,Illinois,GRAVES ES,8.1,8.03763,7.636679999999999,6.22809
3148,Chicago,06/20/2025,9.0,Illinois,GRAVES ES,9.0,8.9307,8.485199999999999,6.920100000000001
3149,Chicago,06/21/2025,10.8,Illinois,GRAVES ES,10.8,10.71684,10.18224,8.304120000000001
3150,Chicago,06/22/2025,13.1,Illinois,GRAVES ES,13.1,12.99913,12.350679999999999,10.07259
3151,Chicago,06/23/2025,13.2,Illinois,GRAVES ES,13.2,13.09836,12.444959999999998,10.14948
3152,Chicago,06/24/2025,9.7,Illinois,GRAVES ES,9.7,9.625309999999999,9.145159999999999,7.45833
3153,Chicago,06/25/2025,10.0,Illinois,GRAVES ES,10.0,9.923,9.427999999999999,7.689
3154,Chicago,06/26/2025,11.8,Illinois,GRAVES ES,11.8,11.70914,11.12504,9.073020000000001
3155,Chicago,06/27/2025,6.5,Illinois,GRAVES ES,6.5,6.449949999999999,6.1282,4.997850000000001
3156,Chicago,06/28/2025,5.8,Illinois,GRAVES ES,5.8,5.7553399999999995,5.46824,4.45962
3157,Chicago,06/29/2025,8.4,Illinois,GRAVES ES,8.4,8.33532,7.91952,6.458760000000001
3158,Chicago,06/30/2025,6.4,Illinois,GRAVES ES,6.4,6.35072,6.03392,4.920960000000001
3159,Chicago,07/01/2025,8.5,Illinois,GRAVES ES,8.5,8.43455,8.0138,6.53565
3160,Chicago,07/02/2025,15.5,Illinois,GRAVES ES,15.5,15.38065,14.6134,11.917950000000001
3161,Chicago,07/03/2025,13.5,Illinois,GRAVES ES,13.5,13.396049999999999,12.7278,10.38015
3162,Chicago,07/04/2025,28.1,Illinois,GRAVES ES,28.1,27.88363,26.49268,21.606090000000002
3163,Chicago,07/05/2025,16.6,Illinois,GRAVES ES,16.6,16.47218,15.650480000000002,12.763740000000002
3164,Chicago,07/06/2025,9.1,Illinois,GRAVES ES,9.1,9.029929999999998,8.57948,6.99699
3165,Chicago,07/07/2025,21.3,Illinois,GRAVES ES,21.3,21.13599,20.08164,16.377570000000002
3166,Chicago,07/08/2025,21.2,Illinois,GRAVES ES,21.2,21.036759999999997,19.98736,16.30068
3167,Chicago,07/09/2025,13.4,Illinois,GRAVES ES,13.4,13.29682,12.63352,10.30326
3168,Chicago,07/10/2025,11.3,Illinois,GRAVES ES,11.3,11.21299,10.653640000000001,8.68857
3169,Chicago,07/11/2025,8.1,Illinois,GRAVES ES,8.1,8.03763,7.636679999999999,6.22809
3170,Chicago,07/12/2025,6.3,Illinois,GRAVES ES,6.3,6.2514899999999995,5.93964,4.84407
3171,Chicago,07/13/2025,25.9,Illinois,GRAVES ES,25.9,25.70057,24.418519999999997,19.91451
3172,Chicago,07/14/2025,33.9,Illinois,GRAVES ES,33.9,33.63897,31.960919999999998,26.06571
3173,Chicago,07/15/2025,19.5,Illinois,GRAVES ES,19.5,19.34985,18.3846,14.99355
3174,Chicago,07/16/2025,7.4,Illinois,GRAVES ES,7.4,7.34302,6.97672,5.68986
3175,Chicago,07/17/2025,4.2,Illinois,GRAVES ES,4.2,4.16766,3.95976,3.2293800000000004
3176,Chicago,07/18/2025,9.1,Illinois,GRAVES ES,9.1,9.029929999999998,8.57948,6.99699
3177,Chicago,07/19/2025,5.9,Illinois,GRAVES ES,5.9,5.85457,5.56252,4.536510000000001
3178,Chicago,07/20/2025,9.7,Illinois,GRAVES ES,9.7,9.625309999999999,9.145159999999999,7.45833
3179,Chicago,07/21/2025,29.5,Illinois,GRAVES ES,29.5,29.27285,27.8126,22.68255
3180,Chicago,07/22/2025,27.4,Illinois,GRAVES ES,27.4,27.189019999999996,25.83272,21.06786
3181,Chicago,07/23/2025,17.8,Illinois,GRAVES ES,17.8,17.66294,16.78184,13.686420000000002
3182,Chicago,07/24/2025,10.7,Illinois,GRAVES ES,10.7,10.617609999999999,10.087959999999999,8.22723
3183,Chicago,07/25/2025,8.5,Illinois,GRAVES ES,8.5,8.43455,8.0138,6.53565
3184,Chicago,07/26/2025,5.4,Illinois,GRAVES ES,5.4,5.35842,5.09112,4.1520600000000005
3185,Chicago,07/27/2025,8.7,Illinois,GRAVES ES,8.7,8.633009999999999,8.202359999999999,6.68943
3186,Chicago,07/28/2025,9.1,Illinois,GRAVES ES,9.1,9.029929999999998,8.57948,6.99699
3187,Chicago,07/29/2025,11.8,Illinois,GRAVES ES,11.8,11.70914,11.12504,9.073020000000001
3188,Chicago,07/30/2025,13.9,Illinois,GRAVES ES,13.9,13.79297,13.10492,10.687710000000001
3189,Chicago,07/31/2025,70.0,Illinois,GRAVES ES,70.0,69.461,65.996,53.823
3190,Chicago,08/01/2025,50.9,Illinois,GRAVES ES,50.9,50.50807,47.988519999999994,39.137010000000004
3191,Chicago,08/02/2025,26.7,Illinois,GRAVES ES,26.7,26.49441,25.17276,20.52963
3192,Chicago,08/03/2025,33.0,Illinois,GRAVES ES,33.0,32.7459,31.112399999999997,25.3737
3193,Chicago,08/04/2025,21.2,Illinois,GRAVES ES,21.2,21.036759999999997,19.98736,16.30068
3194,Chicago,08/05/2025,32.0,Illinois,GRAVES ES,32.0,31.7536,30.1696,24.6048
3195,Chicago,08/06/2025,32.6,Illinois,GRAVES ES,32.6,32.34898,30.73528,25.06614
3196,Chicago,08/07/2025,14.1,Illinois,GRAVES ES,14.1,13.99143,13.293479999999999,10.84149
3197,Chicago,08/08/2025,13.8,Illinois,GRAVES ES,13.8,13.69374,13.01064,10.61082
3198,Chicago,08/09/2025,12.5,Illinois,GRAVES ES,12.5,12.403749999999999,11.785,9.61125
3199,Chicago,08/10/2025,9.9,Illinois,GRAVES ES,9.9,9.82377,9.33372,7.61211
3200,Chicago,08/11/2025,8.5,Illinois,GRAVES ES,8.5,8.43455,8.0138,6.53565
3201,Chicago,08/12/2025,8.5,Illinois,GRAVES ES,8.5,8.43455,8.0138,6.53565
3202,Chicago,08/13/2025,14.4,Illinois,GRAVES ES,14.4,14.28912,13.576319999999999,11.07216
3203,Chicago,08/14/2025,21.0,Illinois,GRAVES ES,21.0,20.8383,19.7988,16.146900000000002
3204,Chicago,08/15/2025,18.5,Illinois,GRAVES ES,18.5,18.35755,17.4418,14.22465
3205,Chicago,08/16/2025,11.3,Illinois,GRAVES ES,11.3,11.21299,10.653640000000001,8.68857
3206,Chicago,08/19/2025,5.4,Illinois,GRAVES ES,5.4,5.35842,5.09112,4.1520600000000005
3207,Chicago,08/20/2025,3.4,Illinois,GRAVES ES,3.4,3.37382,3.20552,2.61426
3208,Chicago,08/21/2025,4.2,Illinois,GRAVES ES,4.2,4.16766,3.95976,3.2293800000000004
3209,Chicago,08/22/2025,10.2,Illinois,GRAVES ES,10.2,10.121459999999999,9.61656,7.842779999999999
3210,Chicago,08/23/2025,5.9,Illinois,GRAVES ES,5.9,5.85457,5.56252,4.536510000000001
3211,Chicago,08/24/2025,3.6,Illinois,GRAVES ES,3.6,3.57228,3.3940799999999998,2.76804
3212,Chicago,08/25/2025,4.0,Illinois,GRAVES ES,4.0,3.9692,3.7712,3.0756
3213,Chicago,08/26/2025,5.4,Illinois,GRAVES ES,5.4,5.35842,5.09112,4.1520600000000005
3214,Chicago,08/27/2025,7.1,Illinois,GRAVES ES,7.1,7.045329999999999,6.693879999999999,5.4591899999999995
3215,Chicago,08/28/2025,6.5,Illinois,GRAVES ES,6.5,6.449949999999999,6.1282,4.997850000000001
3216,Chicago,08/29/2025,4.5,Illinois,GRAVES ES,4.5,4.46535,4.2425999999999995,3.4600500000000003
3217,Chicago,08/30/2025,5.4,Illinois,GRAVES ES,5.4,5.35842,5.09112,4.1520600000000005
3218,Chicago,08/31/2025,8.8,Illinois,GRAVES ES,8.8,8.732240000000001,8.29664,6.766320000000001
3219,Chicago,09/01/2025,10.4,Illinois,GRAVES ES,10.4,10.31992,9.80512,7.996560000000001
3220,Chicago,09/02/2025,11.7,Illinois,GRAVES ES,11.7,11.60991,11.030759999999999,8.996129999999999
3221,Chicago,09/03/2025,12.2,Illinois,GRAVES ES,12.2,12.10606,11.502159999999998,9.38058
3222,Chicago,09/04/2025,9.8,Illinois,GRAVES ES,9.8,9.724540000000001,9.23944,7.535220000000001
3223,Chicago,09/05/2025,7.8,Illinois,GRAVES ES,7.8,7.73994,7.35384,5.99742
3224,Chicago,09/06/2025,4.2,Illinois,GRAVES ES,4.2,4.16766,3.95976,3.2293800000000004
3225,Chicago,09/07/2025,4.8,Illinois,GRAVES ES,4.8,4.763039999999999,4.52544,3.69072
3226,Chicago,09/08/2025,5.0,Illinois,GRAVES ES,5.0,4.9615,4.7139999999999995,3.8445
3227,Chicago,09/09/2025,6.3,Illinois,GRAVES ES,6.3,6.2514899999999995,5.93964,4.84407
3228,Chicago,09/10/2025,10.0,Illinois,GRAVES ES,10.0,9.923,9.427999999999999,7.689
3229,Chicago,09/11/2025,11.4,Illinois,GRAVES ES,11.4,11.31222,10.74792,8.765460000000001
3230,Chicago,09/12/2025,11.8,Illinois,GRAVES ES,11.8,11.70914,11.12504,9.073020000000001
3231,Chicago,09/13/2025,14.3,Illinois,GRAVES ES,14.3,14.18989,13.48204,10.995270000000001
3232,Chicago,09/14/2025,15.0,Illinois,GRAVES ES,15.0,14.8845,14.142,11.5335
3233,Chicago,09/15/2025,15.8,Illinois,GRAVES ES,15.8,15.67834,14.89624,12.148620000000001
3234,Chicago,09/16/2025,13.5,Illinois,GRAVES ES,13.5,13.396049999999999,12.7278,10.38015
3235,Chicago,09/17/2025,15.2,Illinois,GRAVES ES,15.2,15.082959999999998,14.330559999999998,11.68728
3236,Chicago,09/18/2025,16.6,Illinois,GRAVES ES,16.6,16.47218,15.650480000000002,12.763740000000002
3237,Chicago,09/19/2025,16.7,Illinois,GRAVES ES,16.7,16.57141,15.74476,12.840629999999999
3238,Chicago,09/20/2025,13.9,Illinois,GRAVES ES,13.9,13.79297,13.10492,10.687710000000001
3239,Chicago,09/21/2025,9.8,Illinois,GRAVES ES,9.8,9.724540000000001,9.23944,7.535220000000001
3240,Chicago,09/22/2025,7.4,Illinois,GRAVES ES,7.4,7.34302,6.97672,5.68986
3241,Chicago,09/23/2025,9.4,Illinois,GRAVES ES,9.4,9.32762,8.86232,7.22766
3242,Chicago,09/24/2025,4.1,Illinois,GRAVES ES,4.1,4.068429999999999,3.8654799999999994,3.15249
3243,Chicago,09/25/2025,6.3,Illinois,GRAVES ES,6.3,6.2514899999999995,5.93964,4.84407
3244,Chicago,09/26/2025,8.9,Illinois,GRAVES ES,8.9,8.83147,8.39092,6.843210000000001
3245,Chicago,09/27/2025,11.4,Illinois,GRAVES ES,11.4,11.31222,10.74792,8.765460000000001
3246,Chicago,09/28/2025,10.2,Illinois,GRAVES ES,10.2,10.121459999999999,9.61656,7.842779999999999
3247,Chicago,09/29/2025,15.0,Illinois,GRAVES ES,15.0,14.8845,14.142,11.5335
3248,Chicago,09/30/2025,15.0,Illinois,GRAVES ES,15.0,14.8845,14.142,11.5335
3249,Chicago,10/01/2025,9.7,Illinois,GRAVES ES,9.7,9.625309999999999,9.145159999999999,7.45833
3250,Chicago,10/02/2025,8.6,Illinois,GRAVES ES,8.6,8.53378,8.10808,6.61254
3251,Chicago,10/03/2025,14.4,Illinois,GRAVES ES,14.4,14.28912,13.576319999999999,11.07216
3252,Chicago,10/04/2025,13.5,Illinois,GRAVES ES,13.5,13.396049999999999,12.7278,10.38015
3253,Chicago,10/05/2025,8.9,Illinois,GRAVES ES,8.9,8.83147,8.39092,6.843210000000001
3254,Chicago,10/06/2025,7.8,Illinois,GRAVES ES,7.8,7.73994,7.35384,5.99742
3255,Chicago,10/07/2025,3.6,Illinois,GRAVES ES,3.6,3.57228,3.3940799999999998,2.76804
3256,Chicago,10/08/2025,5.4,Illinois,GRAVES ES,5.4,5.35842,5.09112,4.1520600000000005
3257,Chicago,10/09/2025,5.5,Illinois,GRAVES ES,5.5,5.45765,5.1854,4.22895
3258,Chicago,10/10/2025,7.1,Illinois,GRAVES ES,7.1,7.045329999999999,6.693879999999999,5.4591899999999995
3259,Chicago,10/11/2025,3.4,Illinois,GRAVES ES,3.4,3.37382,3.20552,2.61426
3260,Chicago,10/12/2025,5.1,Illinois,GRAVES ES,5.1,5.0607299999999995,4.80828,3.9213899999999997
3261,Chicago,10/13/2025,10.0,Illinois,GRAVES ES,10.0,9.923,9.427999999999999,7.689
3262,Chicago,10/14/2025,9.8,Illinois,GRAVES ES,9.8,9.724540000000001,9.23944,7.535220000000001
3263,Chicago,10/15/2025,6.8,Illinois,GRAVES ES,6.8,6.74764,6.41104,5.22852
3264,Chicago,10/16/2025,4.1,Illinois,GRAVES ES,4.1,4.068429999999999,3.8654799999999994,3.15249
3265,Chicago,10/17/2025,4.7,Illinois,GRAVES ES,4.7,4.66381,4.43116,3.61383
3266,Chicago,10/18/2025,12.2,Illinois,GRAVES ES,12.2,12.10606,11.502159999999998,9.38058
3267,Chicago,10/19/2025,3.4,Illinois,GRAVES ES,3.4,3.37382,3.20552,2.61426
3268,Chicago,10/20/2025,3.7,Illinois,GRAVES ES,3.7,3.67151,3.48836,2.84493
3269,Chicago,10/21/2025,3.4,Illinois,GRAVES ES,3.4,3.37382,3.20552,2.61426
3270,Chicago,10/22/2025,2.3,Illinois,GRAVES ES,2.3,2.2822899999999997,2.16844,1.76847
3271,Chicago,10/23/2025,3.5,Illinois,GRAVES ES,3.5,3.4730499999999997,3.2998,2.69115
3272,Chicago,10/24/2025,6.2,Illinois,GRAVES ES,6.2,6.15226,5.84536,4.767180000000001
3273,Chicago,10/25/2025,9.3,Illinois,GRAVES ES,9.3,9.228390000000001,8.768040000000001,7.1507700000000005
3274,Chicago,10/26/2025,8.4,Illinois,GRAVES ES,8.4,8.33532,7.91952,6.458760000000001
3275,Chicago,10/27/2025,8.2,Illinois,GRAVES ES,8.2,8.136859999999999,7.730959999999999,6.30498
3276,Chicago,10/28/2025,6.8,Illinois,GRAVES ES,6.8,6.74764,6.41104,5.22852
3277,Chicago,10/29/2025,5.8,Illinois,GRAVES ES,5.8,5.7553399999999995,5.46824,4.45962
3278,Chicago,10/30/2025,6.1,Illinois,GRAVES ES,6.1,6.05303,5.751079999999999,4.69029
3279,Chicago,10/31/2025,9.6,Illinois,GRAVES ES,9.6,9.526079999999999,9.05088,7.38144
3280,Chicago,11/01/2025,6.7,Illinois,GRAVES ES,6.7,6.64841,6.31676,5.15163
3281,Chicago,11/02/2025,5.3,Illinois,GRAVES ES,5.3,5.259189999999999,4.99684,4.07517
3282,Chicago,11/03/2025,4.9,Illinois,GRAVES ES,4.9,4.8622700000000005,4.61972,3.7676100000000003
3283,Chicago,11/04/2025,5.6,Illinois,GRAVES ES,5.6,5.55688,5.27968,4.30584
3284,Chicago,11/05/2025,8.4,Illinois,GRAVES ES,8.4,8.33532,7.91952,6.458760000000001
3285,Chicago,11/06/2025,7.2,Illinois,GRAVES ES,7.2,7.14456,6.7881599999999995,5.53608
3286,Chicago,11/07/2025,6.1,Illinois,GRAVES ES,6.1,6.05303,5.751079999999999,4.69029
3287,Chicago,11/08/2025,2.7,Illinois,GRAVES ES,2.7,2.67921,2.54556,2.0760300000000003
3288,Chicago,11/09/2025,2.3,Illinois,GRAVES ES,2.3,2.2822899999999997,2.16844,1.76847
3289,Chicago,11/10/2025,2.3,Illinois,GRAVES ES,2.3,2.2822899999999997,2.16844,1.76847
3290,Chicago,11/11/2025,5.4,Illinois,GRAVES ES,5.4,5.35842,5.09112,4.1520600000000005
3291,Chicago,11/12/2025,4.8,Illinois,GRAVES ES,4.8,4.763039999999999,4.52544,3.69072
3292,Chicago,11/13/2025,7.1,Illinois,GRAVES ES,7.1,7.045329999999999,6.693879999999999,5.4591899999999995
3293,Chicago,11/14/2025,13.4,Illinois,GRAVES ES,13.4,13.29682,12.63352,10.30326
3294,Chicago,11/15/2025,7.6,Illinois,GRAVES ES,7.6,7.541479999999999,7.165279999999999,5.84364
3295,Chicago,11/16/2025,3.2,Illinois,GRAVES ES,3.2,3.17536,3.01696,2.4604800000000004
3296,Chicago,11/17/2025,7.1,Illinois,GRAVES ES,7.1,7.045329999999999,6.693879999999999,5.4591899999999995
3297,Chicago,11/18/2025,13.4,Illinois,GRAVES ES,13.4,13.29682,12.63352,10.30326
3298,Chicago,11/19/2025,19.1,Illinois,GRAVES ES,19.1,18.952930000000002,18.00748,14.685990000000002
3299,Chicago,11/20/2025,17.8,Illinois,GRAVES ES,17.8,17.66294,16.78184,13.686420000000002
3300,Chicago,11/21/2025,14.7,Illinois,GRAVES ES,14.7,14.586809999999998,13.85916,11.30283
3301,Chicago,11/22/2025,10.9,Illinois,GRAVES ES,10.9,10.81607,10.27652,8.38101
3302,Chicago,11/23/2025,12.6,Illinois,GRAVES ES,12.6,12.502979999999999,11.87928,9.68814
3303,Chicago,11/24/2025,14.9,Illinois,GRAVES ES,14.9,14.78527,14.04772,11.456610000000001
3304,Chicago,11/25/2025,11.8,Illinois,GRAVES ES,11.8,11.70914,11.12504,9.073020000000001
3305,Chicago,11/26/2025,2.7,Illinois,GRAVES ES,2.7,2.67921,2.54556,2.0760300000000003
3306,Chicago,11/27/2025,2.6,Illinois,GRAVES ES,2.6,2.57998,2.45128,1.9991400000000001
3307,Chicago,11/28/2025,6.0,Illinois,GRAVES ES,6.0,5.953799999999999,5.6568,4.6134
3308,Chicago,11/29/2025,7.1,Illinois,GRAVES ES,7.1,7.045329999999999,6.693879999999999,5.4591899999999995
3309,Chicago,11/30/2025,4.9,Illinois,GRAVES ES,4.9,4.8622700000000005,4.61972,3.7676100000000003
3310,Chicago,12/01/2025,11.4,Illinois,GRAVES ES,11.4,11.31222,10.74792,8.765460000000001
3311,Chicago,12/02/2025,17.3,Illinois,GRAVES ES,17.3,17.16679,16.31044,13.30197
3312,Chicago,12/03/2025,13.2,Illinois,GRAVES ES,13.2,13.09836,12.444959999999998,10.14948
3313,Chicago,12/04/2025,7.4,Illinois,GRAVES ES,7.4,7.34302,6.97672,5.68986
3314,Chicago,12/05/2025,11.8,Illinois,GRAVES ES,11.8,11.70914,11.12504,9.073020000000001
3315,Chicago,12/06/2025,16.4,Illinois,GRAVES ES,16.4,16.273719999999997,15.461919999999997,12.60996
3316,Chicago,12/07/2025,8.7,Illinois,GRAVES ES,8.7,8.633009999999999,8.202359999999999,6.68943
3317,Chicago,12/08/2025,6.2,Illinois,GRAVES ES,6.2,6.15226,5.84536,4.767180000000001
3318,Chicago,12/09/2025,12.2,Illinois,GRAVES ES,12.2,12.10606,11.502159999999998,9.38058
3319,Chicago,12/10/2025,5.3,Illinois,GRAVES ES,5.3,5.259189999999999,4.99684,4.07517
3320,Chicago,12/11/2025,8.3,Illinois,GRAVES ES,8.3,8.23609,7.825240000000001,6.381870000000001
3321,Chicago,12/12/2025,17.3,Illinois,GRAVES ES,17.3,17.16679,16.31044,13.30197
3322,Chicago,12/13/2025,4.7,Illinois,GRAVES ES,4.7,4.66381,4.43116,3.61383
3323,Chicago,12/14/2025,3.9,Illinois,GRAVES ES,3.9,3.86997,3.67692,2.99871
3324,Chicago,12/15/2025,6.8,Illinois,GRAVES ES,6.8,6.74764,6.41104,5.22852
3325,Chicago,12/16/2025,12.2,Illinois,GRAVES ES,12.2,12.10606,11.502159999999998,9.38058
3326,Chicago,12/17/2025,14.9,Illinois,GRAVES ES,14.9,14.78527,14.04772,11.456610000000001
3327,Chicago,12/18/2025,8.6,Illinois,GRAVES ES,8.6,8.53378,8.10808,6.61254
3328,Chicago,12/19/2025,4.6,Illinois,GRAVES ES,4.6,4.564579999999999,4.33688,3.53694
3329,Chicago,12/20/2025,4.3,Illinois,GRAVES ES,4.3,4.26689,4.05404,3.30627
3330,Chicago,12/21/2025,4.9,Illinois,GRAVES ES,4.9,4.8622700000000005,4.61972,3.7676100000000003
3331,Chicago,12/22/2025,4.6,Illinois,GRAVES ES,4.6,4.564579999999999,4.33688,3.53694
3332,Chicago,12/23/2025,13.8,Illinois,GRAVES ES,13.8,13.69374,13.01064,10.61082
3333,Chicago,12/24/2025,17.3,Illinois,GRAVES ES,17.3,17.16679,16.31044,13.30197
3334,Chicago,12/25/2025,20.0,Illinois,GRAVES ES,20.0,19.846,18.855999999999998,15.378
3335,Chicago,12/26/2025,12.5,Illinois,GRAVES ES,12.5,12.403749999999999,11.785,9.61125
3336,Chicago,12/27/2025,13.4,Illinois,GRAVES ES,13.4,13.29682,12.63352,10.30326
3337,Chicago,12/28/2025,7.1,Illinois,GRAVES ES,7.1,7.045329999999999,6.693879999999999,5.4591899999999995
3338,Chicago,12/29/2025,3.3,Illinois,GRAVES ES,3.3,3.27459,3.1112399999999996,2.53737
3339,Chicago,12/30/2025,4.1,Illinois,GRAVES ES,4.1,4.068429999999999,3.8654799999999994,3.15249
3340,Chicago,12/31/2025,6.1,Illinois,GRAVES ES,6.1,6.05303,5.751079999999999,4.69029
3341,Chicago,01/01/2025,2.9,Illinois,GRAVES ES,2.9,2.8776699999999997,2.73412,2.22981
3342,Chicago,01/07/2025,5.0,Illinois,GRAVES ES,5.0,4.9615,4.7139999999999995,3.8445
3343,Chicago,01/13/2025,4.1,Illinois,GRAVES ES,4.1,4.068429999999999,3.8654799999999994,3.15249
3344,Chicago,01/19/2025,3.1,Illinois,GRAVES ES,3.1,3.07613,2.92268,2.3835900000000003
3345,Chicago,01/25/2025,4.6,Illinois,GRAVES ES,4.6,4.564579999999999,4.33688,3.53694
3346,Chicago,01/31/2025,7.2,Illinois,GRAVES ES,7.2,7.14456,6.7881599999999995,5.53608
3347,Chicago,02/06/2025,4.2,Illinois,GRAVES ES,4.2,4.16766,3.95976,3.2293800000000004
3348,Chicago,02/12/2025,11.4,Illinois,GRAVES ES,11.4,11.31222,10.74792,8.765460000000001
3349,Chicago,02/18/2025,6.0,Illinois,GRAVES ES,6.0,5.953799999999999,5.6568,4.6134
3350,Chicago,02/24/2025,11.8,Illinois,GRAVES ES,11.8,11.70914,11.12504,9.073020000000001
3351,Chicago,03/02/2025,8.9,Illinois,GRAVES ES,8.9,8.83147,8.39092,6.843210000000001
3352,Chicago,03/08/2025,5.0,Illinois,GRAVES ES,5.0,4.9615,4.7139999999999995,3.8445
3353,Chicago,03/14/2025,10.3,Illinois,GRAVES ES,10.3,10.220690000000001,9.710840000000001,7.919670000000001
3354,Chicago,03/20/2025,3.1,Illinois,GRAVES ES,3.1,3.07613,2.92268,2.3835900000000003
3355,Chicago,01/01/2025,4.5,Illinois,REGIONAL OFFICE BUILDING,4.5,4.46535,4.2425999999999995,3.4600500000000003
3356,Chicago,01/02/2025,4.1,Illinois,REGIONAL OFFICE BUILDING,4.1,4.068429999999999,3.8654799999999994,3.15249
3357,Chicago,01/03/2025,5.3,Illinois,REGIONAL OFFICE BUILDING,5.3,5.259189999999999,4.99684,4.07517
3358,Chicago,01/04/2025,3.2,Illinois,REGIONAL OFFICE BUILDING,3.2,3.17536,3.01696,2.4604800000000004
3359,Chicago,01/05/2025,3.6,Illinois,REGIONAL OFFICE BUILDING,3.6,3.57228,3.3940799999999998,2.76804
3360,Chicago,01/06/2025,2.6,Illinois,REGIONAL OFFICE BUILDING,2.6,2.57998,2.45128,1.9991400000000001
3361,Chicago,01/07/2025,4.2,Illinois,REGIONAL OFFICE BUILDING,4.2,4.16766,3.95976,3.2293800000000004
3362,Chicago,01/08/2025,4.9,Illinois,REGIONAL OFFICE BUILDING,4.9,4.8622700000000005,4.61972,3.7676100000000003
3363,Chicago,01/09/2025,11.6,Illinois,REGIONAL OFFICE BUILDING,11.6,11.510679999999999,10.93648,8.91924
3364,Chicago,01/10/2025,20.9,Illinois,REGIONAL OFFICE BUILDING,20.9,20.739069999999998,19.70452,16.07001
3365,Chicago,01/11/2025,9.5,Illinois,REGIONAL OFFICE BUILDING,9.5,9.42685,8.9566,7.30455
3366,Chicago,01/12/2025,9.9,Illinois,REGIONAL OFFICE BUILDING,9.9,9.82377,9.33372,7.61211
3367,Chicago,01/13/2025,3.7,Illinois,REGIONAL OFFICE BUILDING,3.7,3.67151,3.48836,2.84493
3368,Chicago,01/14/2025,5.5,Illinois,REGIONAL OFFICE BUILDING,5.5,5.45765,5.1854,4.22895
3369,Chicago,01/15/2025,7.7,Illinois,REGIONAL OFFICE BUILDING,7.7,7.6407099999999994,7.25956,5.92053
3370,Chicago,01/16/2025,7.4,Illinois,REGIONAL OFFICE BUILDING,7.4,7.34302,6.97672,5.68986
3371,Chicago,01/17/2025,7.2,Illinois,REGIONAL OFFICE BUILDING,7.2,7.14456,6.7881599999999995,5.53608
3372,Chicago,01/18/2025,3.1,Illinois,REGIONAL OFFICE BUILDING,3.1,3.07613,2.92268,2.3835900000000003
3373,Chicago,01/19/2025,3.2,Illinois,REGIONAL OFFICE BUILDING,3.2,3.17536,3.01696,2.4604800000000004
3374,Chicago,01/20/2025,3.3,Illinois,REGIONAL OFFICE BUILDING,3.3,3.27459,3.1112399999999996,2.53737
3375,Chicago,01/21/2025,3.6,Illinois,REGIONAL OFFICE BUILDING,3.6,3.57228,3.3940799999999998,2.76804
3376,Chicago,01/22/2025,5.4,Illinois,REGIONAL OFFICE BUILDING,5.4,5.35842,5.09112,4.1520600000000005
3377,Chicago,01/23/2025,6.3,Illinois,REGIONAL OFFICE BUILDING,6.3,6.2514899999999995,5.93964,4.84407
3378,Chicago,01/24/2025,7.4,Illinois,REGIONAL OFFICE BUILDING,7.4,7.34302,6.97672,5.68986
3379,Chicago,01/25/2025,5.7,Illinois,REGIONAL OFFICE BUILDING,5.7,5.65611,5.37396,4.3827300000000005
3380,Chicago,01/26/2025,3.7,Illinois,REGIONAL OFFICE BUILDING,3.7,3.67151,3.48836,2.84493
3381,Chicago,01/27/2025,4.3,Illinois,REGIONAL OFFICE BUILDING,4.3,4.26689,4.05404,3.30627
3382,Chicago,01/28/2025,4.0,Illinois,REGIONAL OFFICE BUILDING,4.0,3.9692,3.7712,3.0756
3383,Chicago,01/29/2025,3.4,Illinois,REGIONAL OFFICE BUILDING,3.4,3.37382,3.20552,2.61426
3384,Chicago,01/30/2025,8.8,Illinois,REGIONAL OFFICE BUILDING,8.8,8.732240000000001,8.29664,6.766320000000001
3385,Chicago,01/31/2025,5.6,Illinois,REGIONAL OFFICE BUILDING,5.6,5.55688,5.27968,4.30584
3386,Chicago,02/01/2025,2.9,Illinois,REGIONAL OFFICE BUILDING,2.9,2.8776699999999997,2.73412,2.22981
3387,Chicago,02/02/2025,13.4,Illinois,REGIONAL OFFICE BUILDING,13.4,13.29682,12.63352,10.30326
3388,Chicago,02/03/2025,11.0,Illinois,REGIONAL OFFICE BUILDING,11.0,10.9153,10.3708,8.4579
3389,Chicago,02/04/2025,3.1,Illinois,REGIONAL OFFICE BUILDING,3.1,3.07613,2.92268,2.3835900000000003
3390,Chicago,02/05/2025,5.6,Illinois,REGIONAL OFFICE BUILDING,5.6,5.55688,5.27968,4.30584
3391,Chicago,02/06/2025,6.6,Illinois,REGIONAL OFFICE BUILDING,6.6,6.54918,6.222479999999999,5.07474
3392,Chicago,02/07/2025,4.9,Illinois,REGIONAL OFFICE BUILDING,4.9,4.8622700000000005,4.61972,3.7676100000000003
3393,Chicago,02/08/2025,7.0,Illinois,REGIONAL OFFICE BUILDING,7.0,6.9460999999999995,6.5996,5.3823
3394,Chicago,02/09/2025,6.0,Illinois,REGIONAL OFFICE BUILDING,6.0,5.953799999999999,5.6568,4.6134
3395,Chicago,02/10/2025,5.7,Illinois,REGIONAL OFFICE BUILDING,5.7,5.65611,5.37396,4.3827300000000005
3396,Chicago,02/11/2025,6.2,Illinois,REGIONAL OFFICE BUILDING,6.2,6.15226,5.84536,4.767180000000001
3397,Chicago,02/12/2025,9.5,Illinois,REGIONAL OFFICE BUILDING,9.5,9.42685,8.9566,7.30455
3398,Chicago,02/13/2025,6.1,Illinois,REGIONAL OFFICE BUILDING,6.1,6.05303,5.751079999999999,4.69029
3399,Chicago,02/14/2025,10.7,Illinois,REGIONAL OFFICE BUILDING,10.7,10.617609999999999,10.087959999999999,8.22723
3400,Chicago,02/15/2025,14.2,Illinois,REGIONAL OFFICE BUILDING,14.2,14.090659999999998,13.387759999999998,10.918379999999999
3401,Chicago,02/16/2025,4.7,Illinois,REGIONAL OFFICE BUILDING,4.7,4.66381,4.43116,3.61383
3402,Chicago,02/17/2025,4.6,Illinois,REGIONAL OFFICE BUILDING,4.6,4.564579999999999,4.33688,3.53694
3403,Chicago,02/18/2025,4.1,Illinois,REGIONAL OFFICE BUILDING,4.1,4.068429999999999,3.8654799999999994,3.15249
3404,Chicago,02/19/2025,4.2,Illinois,REGIONAL OFFICE BUILDING,4.2,4.16766,3.95976,3.2293800000000004
3405,Chicago,02/20/2025,5.5,Illinois,REGIONAL OFFICE BUILDING,5.5,5.45765,5.1854,4.22895
3406,Chicago,02/21/2025,7.5,Illinois,REGIONAL OFFICE BUILDING,7.5,7.44225,7.071,5.76675
3407,Chicago,02/22/2025,8.3,Illinois,REGIONAL OFFICE BUILDING,8.3,8.23609,7.825240000000001,6.381870000000001
3408,Chicago,02/23/2025,16.1,Illinois,REGIONAL OFFICE BUILDING,16.1,15.976030000000002,15.17908,12.379290000000001
3409,Chicago,02/24/2025,9.8,Illinois,REGIONAL OFFICE BUILDING,9.8,9.724540000000001,9.23944,7.535220000000001
3410,Chicago,02/25/2025,8.0,Illinois,REGIONAL OFFICE BUILDING,8.0,7.9384,7.5424,6.1512
3411,Chicago,02/26/2025,11.7,Illinois,REGIONAL OFFICE BUILDING,11.7,11.60991,11.030759999999999,8.996129999999999
3412,Chicago,02/27/2025,9.6,Illinois,REGIONAL OFFICE BUILDING,9.6,9.526079999999999,9.05088,7.38144
3413,Chicago,02/28/2025,3.8,Illinois,REGIONAL OFFICE BUILDING,3.8,3.7707399999999995,3.5826399999999996,2.92182
3414,Chicago,03/01/2025,3.4,Illinois,REGIONAL OFFICE BUILDING,3.4,3.37382,3.20552,2.61426
3415,Chicago,03/02/2025,6.2,Illinois,REGIONAL OFFICE BUILDING,6.2,6.15226,5.84536,4.767180000000001
3416,Chicago,03/03/2025,8.8,Illinois,REGIONAL OFFICE BUILDING,8.8,8.732240000000001,8.29664,6.766320000000001
3417,Chicago,03/04/2025,8.5,Illinois,REGIONAL OFFICE BUILDING,8.5,8.43455,8.0138,6.53565
3418,Chicago,03/05/2025,5.7,Illinois,REGIONAL OFFICE BUILDING,5.7,5.65611,5.37396,4.3827300000000005
3419,Chicago,03/06/2025,2.6,Illinois,REGIONAL OFFICE BUILDING,2.6,2.57998,2.45128,1.9991400000000001
3420,Chicago,03/07/2025,8.0,Illinois,REGIONAL OFFICE BUILDING,8.0,7.9384,7.5424,6.1512
3421,Chicago,03/08/2025,4.6,Illinois,REGIONAL OFFICE BUILDING,4.6,4.564579999999999,4.33688,3.53694
3422,Chicago,03/09/2025,4.0,Illinois,REGIONAL OFFICE BUILDING,4.0,3.9692,3.7712,3.0756
3423,Chicago,03/10/2025,5.1,Illinois,REGIONAL OFFICE BUILDING,5.1,5.0607299999999995,4.80828,3.9213899999999997
3424,Chicago,03/11/2025,3.1,Illinois,REGIONAL OFFICE BUILDING,3.1,3.07613,2.92268,2.3835900000000003
3425,Chicago,03/12/2025,3.4,Illinois,REGIONAL OFFICE BUILDING,3.4,3.37382,3.20552,2.61426
3426,Chicago,03/13/2025,9.7,Illinois,REGIONAL OFFICE BUILDING,9.7,9.625309999999999,9.145159999999999,7.45833
3427,Chicago,03/14/2025,11.8,Illinois,REGIONAL OFFICE BUILDING,11.8,11.70914,11.12504,9.073020000000001
3428,Chicago,03/15/2025,23.6,Illinois,REGIONAL OFFICE BUILDING,23.6,23.41828,22.25008,18.146040000000003
3429,Chicago,03/16/2025,4.3,Illinois,REGIONAL OFFICE BUILDING,4.3,4.26689,4.05404,3.30627
3430,Chicago,03/17/2025,4.2,Illinois,REGIONAL OFFICE BUILDING,4.2,4.16766,3.95976,3.2293800000000004
3431,Chicago,03/18/2025,6.8,Illinois,REGIONAL OFFICE BUILDING,6.8,6.74764,6.41104,5.22852
3432,Chicago,03/19/2025,4.7,Illinois,REGIONAL OFFICE BUILDING,4.7,4.66381,4.43116,3.61383
3433,Chicago,03/20/2025,3.5,Illinois,REGIONAL OFFICE BUILDING,3.5,3.4730499999999997,3.2998,2.69115
3434,Chicago,03/21/2025,5.8,Illinois,REGIONAL OFFICE BUILDING,5.8,5.7553399999999995,5.46824,4.45962
3435,Chicago,03/22/2025,3.3,Illinois,REGIONAL OFFICE BUILDING,3.3,3.27459,3.1112399999999996,2.53737
3436,Chicago,03/23/2025,5.3,Illinois,REGIONAL OFFICE BUILDING,5.3,5.259189999999999,4.99684,4.07517
3437,Chicago,03/24/2025,5.2,Illinois,REGIONAL OFFICE BUILDING,5.2,5.15996,4.90256,3.9982800000000003
3438,Chicago,03/25/2025,6.6,Illinois,REGIONAL OFFICE BUILDING,6.6,6.54918,6.222479999999999,5.07474
3439,Chicago,03/26/2025,8.8,Illinois,REGIONAL OFFICE BUILDING,8.8,8.732240000000001,8.29664,6.766320000000001
3440,Chicago,03/27/2025,10.9,Illinois,REGIONAL OFFICE BUILDING,10.9,10.81607,10.27652,8.38101
3441,Chicago,03/28/2025,8.4,Illinois,REGIONAL OFFICE BUILDING,8.4,8.33532,7.91952,6.458760000000001
3442,Chicago,03/29/2025,5.6,Illinois,REGIONAL OFFICE BUILDING,5.6,5.55688,5.27968,4.30584
3443,Chicago,03/30/2025,5.3,Illinois,REGIONAL OFFICE BUILDING,5.3,5.259189999999999,4.99684,4.07517
3444,Chicago,03/31/2025,2.8,Illinois,REGIONAL OFFICE BUILDING,2.8,2.77844,2.63984,2.15292
3445,Chicago,04/01/2025,3.8,Illinois,REGIONAL OFFICE BUILDING,3.8,3.7707399999999995,3.5826399999999996,2.92182
3446,Chicago,04/02/2025,7.6,Illinois,REGIONAL OFFICE BUILDING,7.6,7.541479999999999,7.165279999999999,5.84364
3447,Chicago,04/03/2025,4.6,Illinois,REGIONAL OFFICE BUILDING,4.6,4.564579999999999,4.33688,3.53694
3448,Chicago,04/04/2025,4.3,Illinois,REGIONAL OFFICE BUILDING,4.3,4.26689,4.05404,3.30627
3449,Chicago,04/05/2025,4.3,Illinois,REGIONAL OFFICE BUILDING,4.3,4.26689,4.05404,3.30627
3450,Chicago,04/06/2025,4.8,Illinois,REGIONAL OFFICE BUILDING,4.8,4.763039999999999,4.52544,3.69072
3451,Chicago,04/07/2025,4.0,Illinois,REGIONAL OFFICE BUILDING,4.0,3.9692,3.7712,3.0756
3452,Chicago,04/08/2025,4.0,Illinois,REGIONAL OFFICE BUILDING,4.0,3.9692,3.7712,3.0756
3453,Chicago,04/09/2025,8.1,Illinois,REGIONAL OFFICE BUILDING,8.1,8.03763,7.636679999999999,6.22809
3454,Chicago,04/10/2025,10.8,Illinois,REGIONAL OFFICE BUILDING,10.8,10.71684,10.18224,8.304120000000001
3455,Chicago,04/11/2025,11.8,Illinois,REGIONAL OFFICE BUILDING,11.8,11.70914,11.12504,9.073020000000001
3456,Chicago,04/12/2025,13.8,Illinois,REGIONAL OFFICE BUILDING,13.8,13.69374,13.01064,10.61082
3457,Chicago,04/13/2025,8.1,Illinois,REGIONAL OFFICE BUILDING,8.1,8.03763,7.636679999999999,6.22809
3458,Chicago,04/14/2025,4.9,Illinois,REGIONAL OFFICE BUILDING,4.9,4.8622700000000005,4.61972,3.7676100000000003
3459,Chicago,04/15/2025,2.2,Illinois,REGIONAL OFFICE BUILDING,2.2,2.1830600000000002,2.07416,1.6915800000000003
3460,Chicago,04/16/2025,3.2,Illinois,REGIONAL OFFICE BUILDING,3.2,3.17536,3.01696,2.4604800000000004
3461,Chicago,04/17/2025,6.7,Illinois,REGIONAL OFFICE BUILDING,6.7,6.64841,6.31676,5.15163
3462,Chicago,04/18/2025,12.5,Illinois,REGIONAL OFFICE BUILDING,12.5,12.403749999999999,11.785,9.61125
3463,Chicago,04/19/2025,7.1,Illinois,REGIONAL OFFICE BUILDING,7.1,7.045329999999999,6.693879999999999,5.4591899999999995
3464,Chicago,04/20/2025,6.3,Illinois,REGIONAL OFFICE BUILDING,6.3,6.2514899999999995,5.93964,4.84407
3465,Chicago,04/21/2025,2.5,Illinois,REGIONAL OFFICE BUILDING,2.5,2.48075,2.3569999999999998,1.92225
3466,Chicago,04/22/2025,5.5,Illinois,REGIONAL OFFICE BUILDING,5.5,5.45765,5.1854,4.22895
3467,Chicago,04/23/2025,5.5,Illinois,REGIONAL OFFICE BUILDING,5.5,5.45765,5.1854,4.22895
3468,Chicago,04/24/2025,8.9,Illinois,REGIONAL OFFICE BUILDING,8.9,8.83147,8.39092,6.843210000000001
3469,Chicago,04/25/2025,4.7,Illinois,REGIONAL OFFICE BUILDING,4.7,4.66381,4.43116,3.61383
3470,Chicago,04/26/2025,3.1,Illinois,REGIONAL OFFICE BUILDING,3.1,3.07613,2.92268,2.3835900000000003
3471,Chicago,04/27/2025,7.5,Illinois,REGIONAL OFFICE BUILDING,7.5,7.44225,7.071,5.76675
3472,Chicago,04/28/2025,9.2,Illinois,REGIONAL OFFICE BUILDING,9.2,9.129159999999999,8.67376,7.07388
3473,Chicago,04/29/2025,5.5,Illinois,REGIONAL OFFICE BUILDING,5.5,5.45765,5.1854,4.22895
3474,Chicago,04/30/2025,3.3,Illinois,REGIONAL OFFICE BUILDING,3.3,3.27459,3.1112399999999996,2.53737
3475,Chicago,05/01/2025,6.7,Illinois,REGIONAL OFFICE BUILDING,6.7,6.64841,6.31676,5.15163
3476,Chicago,05/02/2025,4.6,Illinois,REGIONAL OFFICE BUILDING,4.6,4.564579999999999,4.33688,3.53694
3477,Chicago,05/03/2025,2.6,Illinois,REGIONAL OFFICE BUILDING,2.6,2.57998,2.45128,1.9991400000000001
3478,Chicago,05/04/2025,3.1,Illinois,REGIONAL OFFICE BUILDING,3.1,3.07613,2.92268,2.3835900000000003
3479,Chicago,05/05/2025,4.6,Illinois,REGIONAL OFFICE BUILDING,4.6,4.564579999999999,4.33688,3.53694
3480,Chicago,05/06/2025,9.3,Illinois,REGIONAL OFFICE BUILDING,9.3,9.228390000000001,8.768040000000001,7.1507700000000005
3481,Chicago,05/07/2025,8.2,Illinois,REGIONAL OFFICE BUILDING,8.2,8.136859999999999,7.730959999999999,6.30498
3482,Chicago,05/08/2025,3.4,Illinois,REGIONAL OFFICE BUILDING,3.4,3.37382,3.20552,2.61426
3483,Chicago,05/09/2025,5.3,Illinois,REGIONAL OFFICE BUILDING,5.3,5.259189999999999,4.99684,4.07517
3484,Chicago,05/10/2025,5.4,Illinois,REGIONAL OFFICE BUILDING,5.4,5.35842,5.09112,4.1520600000000005
3485,Chicago,05/11/2025,5.0,Illinois,REGIONAL OFFICE BUILDING,5.0,4.9615,4.7139999999999995,3.8445
3486,Chicago,05/12/2025,8.3,Illinois,REGIONAL OFFICE BUILDING,8.3,8.23609,7.825240000000001,6.381870000000001
3487,Chicago,05/13/2025,7.5,Illinois,REGIONAL OFFICE BUILDING,7.5,7.44225,7.071,5.76675
3488,Chicago,05/14/2025,6.2,Illinois,REGIONAL OFFICE BUILDING,6.2,6.15226,5.84536,4.767180000000001
3489,Chicago,05/15/2025,12.0,Illinois,REGIONAL OFFICE BUILDING,12.0,11.907599999999999,11.3136,9.2268
3490,Chicago,05/16/2025,8.8,Illinois,REGIONAL OFFICE BUILDING,8.8,8.732240000000001,8.29664,6.766320000000001
3491,Chicago,05/17/2025,3.0,Illinois,REGIONAL OFFICE BUILDING,3.0,2.9768999999999997,2.8284,2.3067
3492,Chicago,05/18/2025,3.6,Illinois,REGIONAL OFFICE BUILDING,3.6,3.57228,3.3940799999999998,2.76804
3493,Chicago,05/19/2025,3.0,Illinois,REGIONAL OFFICE BUILDING,3.0,2.9768999999999997,2.8284,2.3067
3494,Chicago,05/20/2025,5.1,Illinois,REGIONAL OFFICE BUILDING,5.1,5.0607299999999995,4.80828,3.9213899999999997
3495,Chicago,05/21/2025,2.2,Illinois,REGIONAL OFFICE BUILDING,2.2,2.1830600000000002,2.07416,1.6915800000000003
3496,Chicago,05/22/2025,2.8,Illinois,REGIONAL OFFICE BUILDING,2.8,2.77844,2.63984,2.15292
3497,Chicago,05/23/2025,2.9,Illinois,REGIONAL OFFICE BUILDING,2.9,2.8776699999999997,2.73412,2.22981
3498,Chicago,05/24/2025,2.4,Illinois,REGIONAL OFFICE BUILDING,2.4,2.3815199999999996,2.26272,1.84536
3499,Chicago,05/25/2025,2.8,Illinois,REGIONAL OFFICE BUILDING,2.8,2.77844,2.63984,2.15292
3500,Chicago,05/26/2025,4.5,Illinois,REGIONAL OFFICE BUILDING,4.5,4.46535,4.2425999999999995,3.4600500000000003
3501,Chicago,05/27/2025,5.6,Illinois,REGIONAL OFFICE BUILDING,5.6,5.55688,5.27968,4.30584
3502,Chicago,05/28/2025,6.1,Illinois,REGIONAL OFFICE BUILDING,6.1,6.05303,5.751079999999999,4.69029
3503,Chicago,05/29/2025,11.2,Illinois,REGIONAL OFFICE BUILDING,11.2,11.11376,10.55936,8.61168
3504,Chicago,05/30/2025,14.1,Illinois,REGIONAL OFFICE BUILDING,14.1,13.99143,13.293479999999999,10.84149
3505,Chicago,05/31/2025,9.3,Illinois,REGIONAL OFFICE BUILDING,9.3,9.228390000000001,8.768040000000001,7.1507700000000005
3506,Chicago,06/01/2025,6.9,Illinois,REGIONAL OFFICE BUILDING,6.9,6.84687,6.50532,5.30541
3507,Chicago,06/02/2025,10.4,Illinois,REGIONAL OFFICE BUILDING,10.4,10.31992,9.80512,7.996560000000001
3508,Chicago,06/03/2025,15.0,Illinois,REGIONAL OFFICE BUILDING,15.0,14.8845,14.142,11.5335
3509,Chicago,06/04/2025,27.4,Illinois,REGIONAL OFFICE BUILDING,27.4,27.189019999999996,25.83272,21.06786
3510,Chicago,06/05/2025,55.2,Illinois,REGIONAL OFFICE BUILDING,55.2,54.77496,52.04256,42.44328
3511,Chicago,06/06/2025,33.2,Illinois,REGIONAL OFFICE BUILDING,33.2,32.94436,31.300960000000003,25.527480000000004
3512,Chicago,06/07/2025,29.0,Illinois,REGIONAL OFFICE BUILDING,29.0,28.776699999999998,27.3412,22.2981
3513,Chicago,06/08/2025,25.8,Illinois,REGIONAL OFFICE BUILDING,25.8,25.60134,24.32424,19.83762
3514,Chicago,06/09/2025,18.7,Illinois,REGIONAL OFFICE BUILDING,18.7,18.556009999999997,17.63036,14.37843
3515,Chicago,06/10/2025,20.3,Illinois,REGIONAL OFFICE BUILDING,20.3,20.14369,19.138840000000002,15.608670000000002
3516,Chicago,06/11/2025,24.5,Illinois,REGIONAL OFFICE BUILDING,24.5,24.311349999999997,23.098599999999998,18.83805
3517,Chicago,06/12/2025,27.5,Illinois,REGIONAL OFFICE BUILDING,27.5,27.288249999999998,25.927,21.144750000000002
3518,Chicago,06/13/2025,22.6,Illinois,REGIONAL OFFICE BUILDING,22.6,22.42598,21.307280000000002,17.37714
3519,Chicago,06/14/2025,12.9,Illinois,REGIONAL OFFICE BUILDING,12.9,12.80067,12.16212,9.91881
3520,Chicago,06/15/2025,11.1,Illinois,REGIONAL OFFICE BUILDING,11.1,11.014529999999999,10.465079999999999,8.53479
3521,Chicago,06/16/2025,14.4,Illinois,REGIONAL OFFICE BUILDING,14.4,14.28912,13.576319999999999,11.07216
3522,Chicago,06/17/2025,10.6,Illinois,REGIONAL OFFICE BUILDING,10.6,10.518379999999999,9.99368,8.15034
3523,Chicago,06/18/2025,7.1,Illinois,REGIONAL OFFICE BUILDING,7.1,7.045329999999999,6.693879999999999,5.4591899999999995
3524,Chicago,06/19/2025,8.4,Illinois,REGIONAL OFFICE BUILDING,8.4,8.33532,7.91952,6.458760000000001
3525,Chicago,06/20/2025,8.2,Illinois,REGIONAL OFFICE BUILDING,8.2,8.136859999999999,7.730959999999999,6.30498
3526,Chicago,06/21/2025,11.2,Illinois,REGIONAL OFFICE BUILDING,11.2,11.11376,10.55936,8.61168
3527,Chicago,06/22/2025,13.1,Illinois,REGIONAL OFFICE BUILDING,13.1,12.99913,12.350679999999999,10.07259
3528,Chicago,06/23/2025,12.7,Illinois,REGIONAL OFFICE BUILDING,12.7,12.60221,11.973559999999999,9.76503
3529,Chicago,06/24/2025,6.0,Illinois,REGIONAL OFFICE BUILDING,6.0,5.953799999999999,5.6568,4.6134
3530,Chicago,06/25/2025,6.3,Illinois,REGIONAL OFFICE BUILDING,6.3,6.2514899999999995,5.93964,4.84407
3531,Chicago,06/26/2025,10.9,Illinois,REGIONAL OFFICE BUILDING,10.9,10.81607,10.27652,8.38101
3532,Chicago,06/27/2025,5.5,Illinois,REGIONAL OFFICE BUILDING,5.5,5.45765,5.1854,4.22895
3533,Chicago,06/28/2025,5.2,Illinois,REGIONAL OFFICE BUILDING,5.2,5.15996,4.90256,3.9982800000000003
3534,Chicago,06/29/2025,8.8,Illinois,REGIONAL OFFICE BUILDING,8.8,8.732240000000001,8.29664,6.766320000000001
3535,Chicago,06/30/2025,6.1,Illinois,REGIONAL OFFICE BUILDING,6.1,6.05303,5.751079999999999,4.69029
3536,Chicago,07/01/2025,8.1,Illinois,REGIONAL OFFICE BUILDING,8.1,8.03763,7.636679999999999,6.22809
3537,Chicago,07/02/2025,13.2,Illinois,REGIONAL OFFICE BUILDING,13.2,13.09836,12.444959999999998,10.14948
3538,Chicago,07/03/2025,12.9,Illinois,REGIONAL OFFICE BUILDING,12.9,12.80067,12.16212,9.91881
3539,Chicago,07/04/2025,17.7,Illinois,REGIONAL OFFICE BUILDING,17.7,17.563709999999997,16.687559999999998,13.60953
3540,Chicago,07/05/2025,18.5,Illinois,REGIONAL OFFICE BUILDING,18.5,18.35755,17.4418,14.22465
3541,Chicago,07/06/2025,8.7,Illinois,REGIONAL OFFICE BUILDING,8.7,8.633009999999999,8.202359999999999,6.68943
3542,Chicago,07/07/2025,18.3,Illinois,REGIONAL OFFICE BUILDING,18.3,18.15909,17.25324,14.070870000000001
3543,Chicago,07/08/2025,17.3,Illinois,REGIONAL OFFICE BUILDING,17.3,17.16679,16.31044,13.30197
3544,Chicago,07/09/2025,10.6,Illinois,REGIONAL OFFICE BUILDING,10.6,10.518379999999999,9.99368,8.15034
3545,Chicago,07/10/2025,9.0,Illinois,REGIONAL OFFICE BUILDING,9.0,8.9307,8.485199999999999,6.920100000000001
3546,Chicago,07/11/2025,7.1,Illinois,REGIONAL OFFICE BUILDING,7.1,7.045329999999999,6.693879999999999,5.4591899999999995
3547,Chicago,07/12/2025,6.5,Illinois,REGIONAL OFFICE BUILDING,6.5,6.449949999999999,6.1282,4.997850000000001
3548,Chicago,07/13/2025,28.3,Illinois,REGIONAL OFFICE BUILDING,28.3,28.08209,26.68124,21.759870000000003
3549,Chicago,07/14/2025,36.4,Illinois,REGIONAL OFFICE BUILDING,36.4,36.119719999999994,34.31792,27.98796
3550,Chicago,07/15/2025,25.8,Illinois,REGIONAL OFFICE BUILDING,25.8,25.60134,24.32424,19.83762
3551,Chicago,07/16/2025,7.7,Illinois,REGIONAL OFFICE BUILDING,7.7,7.6407099999999994,7.25956,5.92053
3552,Chicago,07/17/2025,3.4,Illinois,REGIONAL OFFICE BUILDING,3.4,3.37382,3.20552,2.61426
3553,Chicago,07/18/2025,6.2,Illinois,REGIONAL OFFICE BUILDING,6.2,6.15226,5.84536,4.767180000000001
3554,Chicago,07/19/2025,7.8,Illinois,REGIONAL OFFICE BUILDING,7.8,7.73994,7.35384,5.99742
3555,Chicago,07/20/2025,11.2,Illinois,REGIONAL OFFICE BUILDING,11.2,11.11376,10.55936,8.61168
3556,Chicago,07/21/2025,38.4,Illinois,REGIONAL OFFICE BUILDING,38.4,38.104319999999994,36.20352,29.52576
3557,Chicago,07/22/2025,24.6,Illinois,REGIONAL OFFICE BUILDING,24.6,24.41058,23.192880000000002,18.91494
3558,Chicago,07/23/2025,18.8,Illinois,REGIONAL OFFICE BUILDING,18.8,18.65524,17.72464,14.45532
3559,Chicago,07/24/2025,11.2,Illinois,REGIONAL OFFICE BUILDING,11.2,11.11376,10.55936,8.61168
3560,Chicago,07/25/2025,8.6,Illinois,REGIONAL OFFICE BUILDING,8.6,8.53378,8.10808,6.61254
3561,Chicago,07/26/2025,7.9,Illinois,REGIONAL OFFICE BUILDING,7.9,7.83917,7.44812,6.0743100000000005
3562,Chicago,07/27/2025,8.4,Illinois,REGIONAL OFFICE BUILDING,8.4,8.33532,7.91952,6.458760000000001
3563,Chicago,07/28/2025,9.6,Illinois,REGIONAL OFFICE BUILDING,9.6,9.526079999999999,9.05088,7.38144
3564,Chicago,07/29/2025,10.6,Illinois,REGIONAL OFFICE BUILDING,10.6,10.518379999999999,9.99368,8.15034
3565,Chicago,07/30/2025,12.9,Illinois,REGIONAL OFFICE BUILDING,12.9,12.80067,12.16212,9.91881
3566,Chicago,07/31/2025,77.6,Illinois,REGIONAL OFFICE BUILDING,77.6,77.00247999999999,73.16127999999999,59.66664
3567,Chicago,08/01/2025,46.3,Illinois,REGIONAL OFFICE BUILDING,46.3,45.94349,43.65163999999999,35.60007
3568,Chicago,08/02/2025,31.1,Illinois,REGIONAL OFFICE BUILDING,31.1,30.86053,29.321080000000002,23.91279
3569,Chicago,08/03/2025,39.1,Illinois,REGIONAL OFFICE BUILDING,39.1,38.79893,36.86348,30.06399
3570,Chicago,08/04/2025,28.0,Illinois,REGIONAL OFFICE BUILDING,28.0,27.784399999999998,26.3984,21.5292
3571,Chicago,08/05/2025,33.4,Illinois,REGIONAL OFFICE BUILDING,33.4,33.14282,31.48952,25.681259999999998
3572,Chicago,08/06/2025,31.9,Illinois,REGIONAL OFFICE BUILDING,31.9,31.654369999999997,30.075319999999998,24.52791
3573,Chicago,08/07/2025,17.7,Illinois,REGIONAL OFFICE BUILDING,17.7,17.563709999999997,16.687559999999998,13.60953
3574,Chicago,08/08/2025,15.1,Illinois,REGIONAL OFFICE BUILDING,15.1,14.98373,14.236279999999999,11.61039
3575,Chicago,08/09/2025,13.8,Illinois,REGIONAL OFFICE BUILDING,13.8,13.69374,13.01064,10.61082
3576,Chicago,08/10/2025,10.1,Illinois,REGIONAL OFFICE BUILDING,10.1,10.022229999999999,9.522279999999999,7.76589
3577,Chicago,08/11/2025,9.0,Illinois,REGIONAL OFFICE BUILDING,9.0,8.9307,8.485199999999999,6.920100000000001
3578,Chicago,08/12/2025,8.1,Illinois,REGIONAL OFFICE BUILDING,8.1,8.03763,7.636679999999999,6.22809
3579,Chicago,08/13/2025,13.0,Illinois,REGIONAL OFFICE BUILDING,13.0,12.899899999999999,12.2564,9.995700000000001
3580,Chicago,08/14/2025,18.3,Illinois,REGIONAL OFFICE BUILDING,18.3,18.15909,17.25324,14.070870000000001
3581,Chicago,08/15/2025,18.0,Illinois,REGIONAL OFFICE BUILDING,18.0,17.8614,16.970399999999998,13.840200000000001
3582,Chicago,08/16/2025,10.0,Illinois,REGIONAL OFFICE BUILDING,10.0,9.923,9.427999999999999,7.689
3583,Chicago,08/17/2025,5.2,Illinois,REGIONAL OFFICE BUILDING,5.2,5.15996,4.90256,3.9982800000000003
3584,Chicago,08/18/2025,6.9,Illinois,REGIONAL OFFICE BUILDING,6.9,6.84687,6.50532,5.30541
3585,Chicago,08/19/2025,4.6,Illinois,REGIONAL OFFICE BUILDING,4.6,4.564579999999999,4.33688,3.53694
3586,Chicago,08/20/2025,3.3,Illinois,REGIONAL OFFICE BUILDING,3.3,3.27459,3.1112399999999996,2.53737
3587,Chicago,08/21/2025,3.5,Illinois,REGIONAL OFFICE BUILDING,3.5,3.4730499999999997,3.2998,2.69115
3588,Chicago,08/22/2025,7.3,Illinois,REGIONAL OFFICE BUILDING,7.3,7.24379,6.88244,5.61297
3589,Chicago,08/23/2025,6.2,Illinois,REGIONAL OFFICE BUILDING,6.2,6.15226,5.84536,4.767180000000001
3590,Chicago,08/24/2025,3.9,Illinois,REGIONAL OFFICE BUILDING,3.9,3.86997,3.67692,2.99871
3591,Chicago,08/25/2025,3.8,Illinois,REGIONAL OFFICE BUILDING,3.8,3.7707399999999995,3.5826399999999996,2.92182
3592,Chicago,08/26/2025,5.8,Illinois,REGIONAL OFFICE BUILDING,5.8,5.7553399999999995,5.46824,4.45962
3593,Chicago,08/27/2025,7.0,Illinois,REGIONAL OFFICE BUILDING,7.0,6.9460999999999995,6.5996,5.3823
3594,Chicago,08/28/2025,5.7,Illinois,REGIONAL OFFICE BUILDING,5.7,5.65611,5.37396,4.3827300000000005
3595,Chicago,08/29/2025,2.9,Illinois,REGIONAL OFFICE BUILDING,2.9,2.8776699999999997,2.73412,2.22981
3596,Chicago,08/30/2025,4.3,Illinois,REGIONAL OFFICE BUILDING,4.3,4.26689,4.05404,3.30627
3597,Chicago,08/31/2025,7.0,Illinois,REGIONAL OFFICE BUILDING,7.0,6.9460999999999995,6.5996,5.3823
3598,Chicago,09/01/2025,7.9,Illinois,REGIONAL OFFICE BUILDING,7.9,7.83917,7.44812,6.0743100000000005
3599,Chicago,09/02/2025,8.9,Illinois,REGIONAL OFFICE BUILDING,8.9,8.83147,8.39092,6.843210000000001
3600,Chicago,09/03/2025,13.0,Illinois,REGIONAL OFFICE BUILDING,13.0,12.899899999999999,12.2564,9.995700000000001
3601,Chicago,09/04/2025,10.7,Illinois,REGIONAL OFFICE BUILDING,10.7,10.617609999999999,10.087959999999999,8.22723
3602,Chicago,09/05/2025,8.0,Illinois,REGIONAL OFFICE BUILDING,8.0,7.9384,7.5424,6.1512
3603,Chicago,09/06/2025,4.1,Illinois,REGIONAL OFFICE BUILDING,4.1,4.068429999999999,3.8654799999999994,3.15249
3604,Chicago,09/07/2025,4.9,Illinois,REGIONAL OFFICE BUILDING,4.9,4.8622700000000005,4.61972,3.7676100000000003
3605,Chicago,09/08/2025,6.6,Illinois,REGIONAL OFFICE BUILDING,6.6,6.54918,6.222479999999999,5.07474
3606,Chicago,09/09/2025,6.6,Illinois,REGIONAL OFFICE BUILDING,6.6,6.54918,6.222479999999999,5.07474
3607,Chicago,09/10/2025,9.9,Illinois,REGIONAL OFFICE BUILDING,9.9,9.82377,9.33372,7.61211
3608,Chicago,09/11/2025,8.1,Illinois,REGIONAL OFFICE BUILDING,8.1,8.03763,7.636679999999999,6.22809
3609,Chicago,09/12/2025,10.3,Illinois,REGIONAL OFFICE BUILDING,10.3,10.220690000000001,9.710840000000001,7.919670000000001
3610,Chicago,09/13/2025,13.7,Illinois,REGIONAL OFFICE BUILDING,13.7,13.594509999999998,12.91636,10.53393
3611,Chicago,09/14/2025,12.3,Illinois,REGIONAL OFFICE BUILDING,12.3,12.20529,11.596440000000001,9.45747
3612,Chicago,09/15/2025,11.8,Illinois,REGIONAL OFFICE BUILDING,11.8,11.70914,11.12504,9.073020000000001
3613,Chicago,09/16/2025,11.2,Illinois,REGIONAL OFFICE BUILDING,11.2,11.11376,10.55936,8.61168
3614,Chicago,09/17/2025,11.3,Illinois,REGIONAL OFFICE BUILDING,11.3,11.21299,10.653640000000001,8.68857
3615,Chicago,09/18/2025,12.5,Illinois,REGIONAL OFFICE BUILDING,12.5,12.403749999999999,11.785,9.61125
3616,Chicago,09/19/2025,13.4,Illinois,REGIONAL OFFICE BUILDING,13.4,13.29682,12.63352,10.30326
3617,Chicago,09/20/2025,12.6,Illinois,REGIONAL OFFICE BUILDING,12.6,12.502979999999999,11.87928,9.68814
3618,Chicago,09/21/2025,9.7,Illinois,REGIONAL OFFICE BUILDING,9.7,9.625309999999999,9.145159999999999,7.45833
3619,Chicago,09/22/2025,7.7,Illinois,REGIONAL OFFICE BUILDING,7.7,7.6407099999999994,7.25956,5.92053
3620,Chicago,09/23/2025,6.6,Illinois,REGIONAL OFFICE BUILDING,6.6,6.54918,6.222479999999999,5.07474
3621,Chicago,09/24/2025,4.5,Illinois,REGIONAL OFFICE BUILDING,4.5,4.46535,4.2425999999999995,3.4600500000000003
3622,Chicago,09/25/2025,6.4,Illinois,REGIONAL OFFICE BUILDING,6.4,6.35072,6.03392,4.920960000000001
3623,Chicago,09/26/2025,9.3,Illinois,REGIONAL OFFICE BUILDING,9.3,9.228390000000001,8.768040000000001,7.1507700000000005
3624,Chicago,09/27/2025,11.3,Illinois,REGIONAL OFFICE BUILDING,11.3,11.21299,10.653640000000001,8.68857
3625,Chicago,09/28/2025,9.7,Illinois,REGIONAL OFFICE BUILDING,9.7,9.625309999999999,9.145159999999999,7.45833
3626,Chicago,09/29/2025,11.3,Illinois,REGIONAL OFFICE BUILDING,11.3,11.21299,10.653640000000001,8.68857
3627,Chicago,09/30/2025,10.0,Illinois,REGIONAL OFFICE BUILDING,10.0,9.923,9.427999999999999,7.689
3628,Chicago,10/01/2025,6.5,Illinois,REGIONAL OFFICE BUILDING,6.5,6.449949999999999,6.1282,4.997850000000001
3629,Chicago,10/02/2025,8.7,Illinois,REGIONAL OFFICE BUILDING,8.7,8.633009999999999,8.202359999999999,6.68943
3630,Chicago,10/03/2025,14.5,Illinois,REGIONAL OFFICE BUILDING,14.5,14.388349999999999,13.6706,11.14905
3631,Chicago,10/04/2025,13.7,Illinois,REGIONAL OFFICE BUILDING,13.7,13.594509999999998,12.91636,10.53393
3632,Chicago,10/05/2025,10.3,Illinois,REGIONAL OFFICE BUILDING,10.3,10.220690000000001,9.710840000000001,7.919670000000001
3633,Chicago,10/06/2025,7.0,Illinois,REGIONAL OFFICE BUILDING,7.0,6.9460999999999995,6.5996,5.3823
3634,Chicago,10/07/2025,4.7,Illinois,REGIONAL OFFICE BUILDING,4.7,4.66381,4.43116,3.61383
3635,Chicago,10/08/2025,3.5,Illinois,REGIONAL OFFICE BUILDING,3.5,3.4730499999999997,3.2998,2.69115
3636,Chicago,10/09/2025,5.3,Illinois,REGIONAL OFFICE BUILDING,5.3,5.259189999999999,4.99684,4.07517
3637,Chicago,10/10/2025,7.7,Illinois,REGIONAL OFFICE BUILDING,7.7,7.6407099999999994,7.25956,5.92053
3638,Chicago,10/11/2025,3.3,Illinois,REGIONAL OFFICE BUILDING,3.3,3.27459,3.1112399999999996,2.53737
3639,Chicago,10/12/2025,5.5,Illinois,REGIONAL OFFICE BUILDING,5.5,5.45765,5.1854,4.22895
3640,Chicago,10/13/2025,10.9,Illinois,REGIONAL OFFICE BUILDING,10.9,10.81607,10.27652,8.38101
3641,Chicago,10/14/2025,7.5,Illinois,REGIONAL OFFICE BUILDING,7.5,7.44225,7.071,5.76675
3642,Chicago,10/15/2025,2.6,Illinois,REGIONAL OFFICE BUILDING,2.6,2.57998,2.45128,1.9991400000000001
3643,Chicago,10/16/2025,4.5,Illinois,REGIONAL OFFICE BUILDING,4.5,4.46535,4.2425999999999995,3.4600500000000003
3644,Chicago,10/17/2025,6.2,Illinois,REGIONAL OFFICE BUILDING,6.2,6.15226,5.84536,4.767180000000001
3645,Chicago,10/18/2025,13.6,Illinois,REGIONAL OFFICE BUILDING,13.6,13.49528,12.82208,10.45704
3646,Chicago,10/19/2025,4.0,Illinois,REGIONAL OFFICE BUILDING,4.0,3.9692,3.7712,3.0756
3647,Chicago,10/20/2025,4.2,Illinois,REGIONAL OFFICE BUILDING,4.2,4.16766,3.95976,3.2293800000000004
3648,Chicago,10/21/2025,3.6,Illinois,REGIONAL OFFICE BUILDING,3.6,3.57228,3.3940799999999998,2.76804
3649,Chicago,10/22/2025,2.0,Illinois,REGIONAL OFFICE BUILDING,2.0,1.9846,1.8856,1.5378
3650,Chicago,10/23/2025,3.7,Illinois,REGIONAL OFFICE BUILDING,3.7,3.67151,3.48836,2.84493
3651,Chicago,10/24/2025,12.0,Illinois,REGIONAL OFFICE BUILDING,12.0,11.907599999999999,11.3136,9.2268
3652,Chicago,10/25/2025,9.3,Illinois,REGIONAL OFFICE BUILDING,9.3,9.228390000000001,8.768040000000001,7.1507700000000005
3653,Chicago,10/26/2025,7.9,Illinois,REGIONAL OFFICE BUILDING,7.9,7.83917,7.44812,6.0743100000000005
3654,Chicago,10/27/2025,4.3,Illinois,REGIONAL OFFICE BUILDING,4.3,4.26689,4.05404,3.30627
3655,Chicago,10/28/2025,5.2,Illinois,REGIONAL OFFICE BUILDING,5.2,5.15996,4.90256,3.9982800000000003
3656,Chicago,10/29/2025,4.7,Illinois,REGIONAL OFFICE BUILDING,4.7,4.66381,4.43116,3.61383
3657,Chicago,10/30/2025,6.2,Illinois,REGIONAL OFFICE BUILDING,6.2,6.15226,5.84536,4.767180000000001
3658,Chicago,10/31/2025,10.3,Illinois,REGIONAL OFFICE BUILDING,10.3,10.220690000000001,9.710840000000001,7.919670000000001
3659,Chicago,11/01/2025,7.5,Illinois,REGIONAL OFFICE BUILDING,7.5,7.44225,7.071,5.76675
3660,Chicago,11/02/2025,6.9,Illinois,REGIONAL OFFICE BUILDING,6.9,6.84687,6.50532,5.30541
3661,Chicago,11/03/2025,4.3,Illinois,REGIONAL OFFICE BUILDING,4.3,4.26689,4.05404,3.30627
3662,Chicago,11/04/2025,6.4,Illinois,REGIONAL OFFICE BUILDING,6.4,6.35072,6.03392,4.920960000000001
3663,Chicago,11/05/2025,8.0,Illinois,REGIONAL OFFICE BUILDING,8.0,7.9384,7.5424,6.1512
3664,Chicago,11/06/2025,7.3,Illinois,REGIONAL OFFICE BUILDING,7.3,7.24379,6.88244,5.61297
3665,Chicago,11/07/2025,7.3,Illinois,REGIONAL OFFICE BUILDING,7.3,7.24379,6.88244,5.61297
3666,Chicago,11/08/2025,2.2,Illinois,REGIONAL OFFICE BUILDING,2.2,2.1830600000000002,2.07416,1.6915800000000003
3667,Chicago,11/09/2025,2.6,Illinois,REGIONAL OFFICE BUILDING,2.6,2.57998,2.45128,1.9991400000000001
3668,Chicago,11/10/2025,2.6,Illinois,REGIONAL OFFICE BUILDING,2.6,2.57998,2.45128,1.9991400000000001
3669,Chicago,11/11/2025,6.4,Illinois,REGIONAL OFFICE BUILDING,6.4,6.35072,6.03392,4.920960000000001
3670,Chicago,11/12/2025,4.8,Illinois,REGIONAL OFFICE BUILDING,4.8,4.763039999999999,4.52544,3.69072
3671,Chicago,11/13/2025,7.0,Illinois,REGIONAL OFFICE BUILDING,7.0,6.9460999999999995,6.5996,5.3823
3672,Chicago,11/14/2025,15.1,Illinois,REGIONAL OFFICE BUILDING,15.1,14.98373,14.236279999999999,11.61039
3673,Chicago,11/15/2025,8.4,Illinois,REGIONAL OFFICE BUILDING,8.4,8.33532,7.91952,6.458760000000001
3674,Chicago,11/16/2025,3.4,Illinois,REGIONAL OFFICE BUILDING,3.4,3.37382,3.20552,2.61426
3675,Chicago,11/17/2025,5.7,Illinois,REGIONAL OFFICE BUILDING,5.7,5.65611,5.37396,4.3827300000000005
3676,Chicago,11/18/2025,7.9,Illinois,REGIONAL OFFICE BUILDING,7.9,7.83917,7.44812,6.0743100000000005
3677,Chicago,11/19/2025,15.1,Illinois,REGIONAL OFFICE BUILDING,15.1,14.98373,14.236279999999999,11.61039
3678,Chicago,11/20/2025,22.5,Illinois,REGIONAL OFFICE BUILDING,22.5,22.32675,21.213,17.300250000000002
3679,Chicago,11/21/2025,14.0,Illinois,REGIONAL OFFICE BUILDING,14.0,13.892199999999999,13.1992,10.7646
3680,Chicago,11/22/2025,13.1,Illinois,REGIONAL OFFICE BUILDING,13.1,12.99913,12.350679999999999,10.07259
3681,Chicago,11/23/2025,11.8,Illinois,REGIONAL OFFICE BUILDING,11.8,11.70914,11.12504,9.073020000000001
3682,Chicago,11/24/2025,17.5,Illinois,REGIONAL OFFICE BUILDING,17.5,17.36525,16.499,13.45575
3683,Chicago,11/25/2025,13.1,Illinois,REGIONAL OFFICE BUILDING,13.1,12.99913,12.350679999999999,10.07259
3684,Chicago,11/26/2025,2.4,Illinois,REGIONAL OFFICE BUILDING,2.4,2.3815199999999996,2.26272,1.84536
3685,Chicago,11/27/2025,2.7,Illinois,REGIONAL OFFICE BUILDING,2.7,2.67921,2.54556,2.0760300000000003
3686,Chicago,11/28/2025,6.4,Illinois,REGIONAL OFFICE BUILDING,6.4,6.35072,6.03392,4.920960000000001
3687,Chicago,11/29/2025,8.7,Illinois,REGIONAL OFFICE BUILDING,8.7,8.633009999999999,8.202359999999999,6.68943
3688,Chicago,11/30/2025,6.2,Illinois,REGIONAL OFFICE BUILDING,6.2,6.15226,5.84536,4.767180000000001
3689,Chicago,12/01/2025,10.5,Illinois,REGIONAL OFFICE BUILDING,10.5,10.41915,9.8994,8.073450000000001
3690,Chicago,12/02/2025,18.1,Illinois,REGIONAL OFFICE BUILDING,18.1,17.960630000000002,17.06468,13.917090000000002
3691,Chicago,12/03/2025,16.0,Illinois,REGIONAL OFFICE BUILDING,16.0,15.8768,15.0848,12.3024
3692,Chicago,12/04/2025,9.8,Illinois,REGIONAL OFFICE BUILDING,9.8,9.724540000000001,9.23944,7.535220000000001
3693,Chicago,12/05/2025,14.8,Illinois,REGIONAL OFFICE BUILDING,14.8,14.68604,13.95344,11.37972
3694,Chicago,12/06/2025,17.1,Illinois,REGIONAL OFFICE BUILDING,17.1,16.96833,16.12188,13.148190000000001
3695,Chicago,12/07/2025,10.6,Illinois,REGIONAL OFFICE BUILDING,10.6,10.518379999999999,9.99368,8.15034
3696,Chicago,12/08/2025,7.9,Illinois,REGIONAL OFFICE BUILDING,7.9,7.83917,7.44812,6.0743100000000005
3697,Chicago,12/09/2025,14.5,Illinois,REGIONAL OFFICE BUILDING,14.5,14.388349999999999,13.6706,11.14905
3698,Chicago,12/10/2025,6.2,Illinois,REGIONAL OFFICE BUILDING,6.2,6.15226,5.84536,4.767180000000001
3699,Chicago,12/11/2025,9.2,Illinois,REGIONAL OFFICE BUILDING,9.2,9.129159999999999,8.67376,7.07388
3700,Chicago,12/12/2025,19.4,Illinois,REGIONAL OFFICE BUILDING,19.4,19.250619999999998,18.290319999999998,14.91666
3701,Chicago,12/13/2025,6.0,Illinois,REGIONAL OFFICE BUILDING,6.0,5.953799999999999,5.6568,4.6134
3702,Chicago,12/14/2025,5.1,Illinois,REGIONAL OFFICE BUILDING,5.1,5.0607299999999995,4.80828,3.9213899999999997
3703,Chicago,12/15/2025,9.0,Illinois,REGIONAL OFFICE BUILDING,9.0,8.9307,8.485199999999999,6.920100000000001
3704,Chicago,12/16/2025,15.1,Illinois,REGIONAL OFFICE BUILDING,15.1,14.98373,14.236279999999999,11.61039
3705,Chicago,12/17/2025,15.1,Illinois,REGIONAL OFFICE BUILDING,15.1,14.98373,14.236279999999999,11.61039
3706,Chicago,12/18/2025,10.0,Illinois,REGIONAL OFFICE BUILDING,10.0,9.923,9.427999999999999,7.689
3707,Chicago,12/19/2025,5.1,Illinois,REGIONAL OFFICE BUILDING,5.1,5.0607299999999995,4.80828,3.9213899999999997
3708,Chicago,12/20/2025,4.6,Illinois,REGIONAL OFFICE BUILDING,4.6,4.564579999999999,4.33688,3.53694
3709,Chicago,12/21/2025,5.6,Illinois,REGIONAL OFFICE BUILDING,5.6,5.55688,5.27968,4.30584
3710,Chicago,12/22/2025,5.9,Illinois,REGIONAL OFFICE BUILDING,5.9,5.85457,5.56252,4.536510000000001
3711,Chicago,12/23/2025,11.7,Illinois,REGIONAL OFFICE BUILDING,11.7,11.60991,11.030759999999999,8.996129999999999
3712,Chicago,12/24/2025,16.4,Illinois,REGIONAL OFFICE BUILDING,16.4,16.273719999999997,15.461919999999997,12.60996
3713,Chicago,12/25/2025,18.4,Illinois,REGIONAL OFFICE BUILDING,18.4,18.258319999999998,17.34752,14.14776
3714,Chicago,12/26/2025,13.7,Illinois,REGIONAL OFFICE BUILDING,13.7,13.594509999999998,12.91636,10.53393
3715,Chicago,12/27/2025,16.6,Illinois,REGIONAL OFFICE BUILDING,16.6,16.47218,15.650480000000002,12.763740000000002
3716,Chicago,12/28/2025,7.6,Illinois,REGIONAL OFFICE BUILDING,7.6,7.541479999999999,7.165279999999999,5.84364
3717,Chicago,12/29/2025,3.6,Illinois,REGIONAL OFFICE BUILDING,3.6,3.57228,3.3940799999999998,2.76804
3718,Chicago,12/30/2025,5.8,Illinois,REGIONAL OFFICE BUILDING,5.8,5.7553399999999995,5.46824,4.45962
3719,Chicago,12/31/2025,8.4,Illinois,REGIONAL OFFICE BUILDING,8.4,8.33532,7.91952,6.458760000000001
3720,Chicago,01/01/2025,2.8,Illinois,NORTHBROOK WATER PLANT,2.8,2.77844,2.63984,2.15292
3721,Chicago,01/04/2025,2.4,Illinois,NORTHBROOK WATER PLANT,2.4,2.3815199999999996,2.26272,1.84536
3722,Chicago,01/07/2025,4.8,Illinois,NORTHBROOK WATER PLANT,4.8,4.763039999999999,4.52544,3.69072
3723,Chicago,01/10/2025,21.2,Illinois,NORTHBROOK WATER PLANT,21.2,21.036759999999997,19.98736,16.30068
3724,Chicago,01/13/2025,3.4,Illinois,NORTHBROOK WATER PLANT,3.4,3.37382,3.20552,2.61426
3725,Chicago,01/16/2025,7.2,Illinois,NORTHBROOK WATER PLANT,7.2,7.14456,6.7881599999999995,5.53608
3726,Chicago,01/19/2025,2.7,Illinois,NORTHBROOK WATER PLANT,2.7,2.67921,2.54556,2.0760300000000003
3727,Chicago,01/22/2025,5.5,Illinois,NORTHBROOK WATER PLANT,5.5,5.45765,5.1854,4.22895
3728,Chicago,01/25/2025,4.2,Illinois,NORTHBROOK WATER PLANT,4.2,4.16766,3.95976,3.2293800000000004
3729,Chicago,01/28/2025,2.8,Illinois,NORTHBROOK WATER PLANT,2.8,2.77844,2.63984,2.15292
3730,Chicago,01/31/2025,3.9,Illinois,NORTHBROOK WATER PLANT,3.9,3.86997,3.67692,2.99871
3731,Chicago,02/03/2025,8.0,Illinois,NORTHBROOK WATER PLANT,8.0,7.9384,7.5424,6.1512
3732,Chicago,02/06/2025,4.2,Illinois,NORTHBROOK WATER PLANT,4.2,4.16766,3.95976,3.2293800000000004
3733,Chicago,02/09/2025,6.0,Illinois,NORTHBROOK WATER PLANT,6.0,5.953799999999999,5.6568,4.6134
3734,Chicago,02/12/2025,8.4,Illinois,NORTHBROOK WATER PLANT,8.4,8.33532,7.91952,6.458760000000001
3735,Chicago,02/15/2025,12.6,Illinois,NORTHBROOK WATER PLANT,12.6,12.502979999999999,11.87928,9.68814
3736,Chicago,02/18/2025,4.3,Illinois,NORTHBROOK WATER PLANT,4.3,4.26689,4.05404,3.30627
3737,Chicago,02/21/2025,10.5,Illinois,NORTHBROOK WATER PLANT,10.5,10.41915,9.8994,8.073450000000001
3738,Chicago,02/24/2025,9.5,Illinois,NORTHBROOK WATER PLANT,9.5,9.42685,8.9566,7.30455
3739,Chicago,02/27/2025,7.9,Illinois,NORTHBROOK WATER PLANT,7.9,7.83917,7.44812,6.0743100000000005
3740,Chicago,03/02/2025,11.9,Illinois,NORTHBROOK WATER PLANT,11.9,11.80837,11.21932,9.14991
3741,Chicago,03/05/2025,4.5,Illinois,NORTHBROOK WATER PLANT,4.5,4.46535,4.2425999999999995,3.4600500000000003
3742,Chicago,03/08/2025,2.5,Illinois,NORTHBROOK WATER PLANT,2.5,2.48075,2.3569999999999998,1.92225
3743,Chicago,03/11/2025,2.6,Illinois,NORTHBROOK WATER PLANT,2.6,2.57998,2.45128,1.9991400000000001
3744,Chicago,03/14/2025,9.7,Illinois,NORTHBROOK WATER PLANT,9.7,9.625309999999999,9.145159999999999,7.45833
3745,Chicago,03/17/2025,3.4,Illinois,NORTHBROOK WATER PLANT,3.4,3.37382,3.20552,2.61426
3746,Chicago,03/20/2025,2.5,Illinois,NORTHBROOK WATER PLANT,2.5,2.48075,2.3569999999999998,1.92225
3747,Chicago,03/23/2025,5.3,Illinois,NORTHBROOK WATER PLANT,5.3,5.259189999999999,4.99684,4.07517
3748,Chicago,03/26/2025,6.3,Illinois,NORTHBROOK WATER PLANT,6.3,6.2514899999999995,5.93964,4.84407
3749,Chicago,03/29/2025,3.7,Illinois,NORTHBROOK WATER PLANT,3.7,3.67151,3.48836,2.84493
3750,Chicago,04/01/2025,2.5,Illinois,NORTHBROOK WATER PLANT,2.5,2.48075,2.3569999999999998,1.92225
3751,Chicago,04/04/2025,3.3,Illinois,NORTHBROOK WATER PLANT,3.3,3.27459,3.1112399999999996,2.53737
3752,Chicago,04/07/2025,3.6,Illinois,NORTHBROOK WATER PLANT,3.6,3.57228,3.3940799999999998,2.76804
3753,Chicago,04/10/2025,9.0,Illinois,NORTHBROOK WATER PLANT,9.0,8.9307,8.485199999999999,6.920100000000001
3754,Chicago,04/13/2025,7.2,Illinois,NORTHBROOK WATER PLANT,7.2,7.14456,6.7881599999999995,5.53608
3755,Chicago,04/16/2025,2.7,Illinois,NORTHBROOK WATER PLANT,2.7,2.67921,2.54556,2.0760300000000003
3756,Chicago,04/19/2025,5.8,Illinois,NORTHBROOK WATER PLANT,5.8,5.7553399999999995,5.46824,4.45962
3757,Chicago,04/22/2025,4.8,Illinois,NORTHBROOK WATER PLANT,4.8,4.763039999999999,4.52544,3.69072
3758,Chicago,04/25/2025,3.0,Illinois,NORTHBROOK WATER PLANT,3.0,2.9768999999999997,2.8284,2.3067
3759,Chicago,04/28/2025,7.7,Illinois,NORTHBROOK WATER PLANT,7.7,7.6407099999999994,7.25956,5.92053
3760,Chicago,05/01/2025,6.2,Illinois,NORTHBROOK WATER PLANT,6.2,6.15226,5.84536,4.767180000000001
3761,Chicago,05/04/2025,2.5,Illinois,NORTHBROOK WATER PLANT,2.5,2.48075,2.3569999999999998,1.92225
3762,Chicago,05/07/2025,4.8,Illinois,NORTHBROOK WATER PLANT,4.8,4.763039999999999,4.52544,3.69072
3763,Chicago,05/10/2025,4.6,Illinois,NORTHBROOK WATER PLANT,4.6,4.564579999999999,4.33688,3.53694
3764,Chicago,05/13/2025,5.7,Illinois,NORTHBROOK WATER PLANT,5.7,5.65611,5.37396,4.3827300000000005
3765,Chicago,05/16/2025,8.6,Illinois,NORTHBROOK WATER PLANT,8.6,8.53378,8.10808,6.61254
3766,Chicago,05/19/2025,2.3,Illinois,NORTHBROOK WATER PLANT,2.3,2.2822899999999997,2.16844,1.76847
3767,Chicago,05/22/2025,2.0,Illinois,NORTHBROOK WATER PLANT,2.0,1.9846,1.8856,1.5378
3768,Chicago,05/25/2025,2.0,Illinois,NORTHBROOK WATER PLANT,2.0,1.9846,1.8856,1.5378
3769,Chicago,05/28/2025,6.3,Illinois,NORTHBROOK WATER PLANT,6.3,6.2514899999999995,5.93964,4.84407
3770,Chicago,05/31/2025,5.2,Illinois,NORTHBROOK WATER PLANT,5.2,5.15996,4.90256,3.9982800000000003
3771,Chicago,06/03/2025,12.2,Illinois,NORTHBROOK WATER PLANT,12.2,12.10606,11.502159999999998,9.38058
3772,Chicago,06/06/2025,22.3,Illinois,NORTHBROOK WATER PLANT,22.3,22.12829,21.02444,17.14647
3773,Chicago,06/09/2025,12.1,Illinois,NORTHBROOK WATER PLANT,12.1,12.006829999999999,11.407879999999999,9.30369
3774,Chicago,06/12/2025,19.2,Illinois,NORTHBROOK WATER PLANT,19.2,19.052159999999997,18.10176,14.76288
3775,Chicago,06/15/2025,8.7,Illinois,NORTHBROOK WATER PLANT,8.7,8.633009999999999,8.202359999999999,6.68943
3776,Chicago,06/18/2025,6.6,Illinois,NORTHBROOK WATER PLANT,6.6,6.54918,6.222479999999999,5.07474
3777,Chicago,06/21/2025,10.1,Illinois,NORTHBROOK WATER PLANT,10.1,10.022229999999999,9.522279999999999,7.76589
3778,Chicago,06/24/2025,4.3,Illinois,NORTHBROOK WATER PLANT,4.3,4.26689,4.05404,3.30627
3779,Chicago,06/27/2025,4.4,Illinois,NORTHBROOK WATER PLANT,4.4,4.3661200000000004,4.14832,3.3831600000000006
3780,Chicago,06/30/2025,5.3,Illinois,NORTHBROOK WATER PLANT,5.3,5.259189999999999,4.99684,4.07517
3781,Chicago,07/03/2025,8.5,Illinois,NORTHBROOK WATER PLANT,8.5,8.43455,8.0138,6.53565
3782,Chicago,07/06/2025,7.4,Illinois,NORTHBROOK WATER PLANT,7.4,7.34302,6.97672,5.68986
3783,Chicago,07/09/2025,7.7,Illinois,NORTHBROOK WATER PLANT,7.7,7.6407099999999994,7.25956,5.92053
3784,Chicago,07/12/2025,5.0,Illinois,NORTHBROOK WATER PLANT,5.0,4.9615,4.7139999999999995,3.8445
3785,Chicago,07/15/2025,22.6,Illinois,NORTHBROOK WATER PLANT,22.6,22.42598,21.307280000000002,17.37714
3786,Chicago,07/18/2025,4.5,Illinois,NORTHBROOK WATER PLANT,4.5,4.46535,4.2425999999999995,3.4600500000000003
3787,Chicago,07/21/2025,29.1,Illinois,NORTHBROOK WATER PLANT,29.1,28.87593,27.435480000000002,22.37499
3788,Chicago,07/24/2025,10.3,Illinois,NORTHBROOK WATER PLANT,10.3,10.220690000000001,9.710840000000001,7.919670000000001
3789,Chicago,07/27/2025,6.0,Illinois,NORTHBROOK WATER PLANT,6.0,5.953799999999999,5.6568,4.6134
3790,Chicago,07/30/2025,11.5,Illinois,NORTHBROOK WATER PLANT,11.5,11.41145,10.8422,8.84235
3791,Chicago,08/02/2025,22.1,Illinois,NORTHBROOK WATER PLANT,22.1,21.92983,20.83588,16.992690000000003
3792,Chicago,08/05/2025,29.3,Illinois,NORTHBROOK WATER PLANT,29.3,29.07439,27.62404,22.52877
3793,Chicago,08/08/2025,11.6,Illinois,NORTHBROOK WATER PLANT,11.6,11.510679999999999,10.93648,8.91924
3794,Chicago,08/11/2025,7.0,Illinois,NORTHBROOK WATER PLANT,7.0,6.9460999999999995,6.5996,5.3823
3795,Chicago,08/14/2025,13.8,Illinois,NORTHBROOK WATER PLANT,13.8,13.69374,13.01064,10.61082
3796,Chicago,08/17/2025,4.6,Illinois,NORTHBROOK WATER PLANT,4.6,4.564579999999999,4.33688,3.53694
3797,Chicago,08/20/2025,2.8,Illinois,NORTHBROOK WATER PLANT,2.8,2.77844,2.63984,2.15292
3798,Chicago,08/23/2025,5.5,Illinois,NORTHBROOK WATER PLANT,5.5,5.45765,5.1854,4.22895
3799,Chicago,08/26/2025,3.8,Illinois,NORTHBROOK WATER PLANT,3.8,3.7707399999999995,3.5826399999999996,2.92182
3800,Chicago,09/04/2025,7.2,Illinois,NORTHBROOK WATER PLANT,7.2,7.14456,6.7881599999999995,5.53608
3801,Chicago,09/05/2025,5.8,Illinois,NORTHBROOK WATER PLANT,5.8,5.7553399999999995,5.46824,4.45962
3802,Chicago,09/07/2025,3.3,Illinois,NORTHBROOK WATER PLANT,3.3,3.27459,3.1112399999999996,2.53737
3803,Chicago,09/10/2025,9.2,Illinois,NORTHBROOK WATER PLANT,9.2,9.129159999999999,8.67376,7.07388
3804,Chicago,09/13/2025,11.9,Illinois,NORTHBROOK WATER PLANT,11.9,11.80837,11.21932,9.14991
3805,Chicago,09/16/2025,9.3,Illinois,NORTHBROOK WATER PLANT,9.3,9.228390000000001,8.768040000000001,7.1507700000000005
3806,Chicago,09/19/2025,11.7,Illinois,NORTHBROOK WATER PLANT,11.7,11.60991,11.030759999999999,8.996129999999999
3807,Chicago,09/22/2025,7.0,Illinois,NORTHBROOK WATER PLANT,7.0,6.9460999999999995,6.5996,5.3823
3808,Chicago,09/25/2025,4.1,Illinois,NORTHBROOK WATER PLANT,4.1,4.068429999999999,3.8654799999999994,3.15249
3809,Chicago,09/28/2025,7.2,Illinois,NORTHBROOK WATER PLANT,7.2,7.14456,6.7881599999999995,5.53608
3810,Chicago,10/04/2025,11.7,Illinois,NORTHBROOK WATER PLANT,11.7,11.60991,11.030759999999999,8.996129999999999
3811,Chicago,10/07/2025,3.1,Illinois,NORTHBROOK WATER PLANT,3.1,3.07613,2.92268,2.3835900000000003
3812,Chicago,10/08/2025,2.7,Illinois,NORTHBROOK WATER PLANT,2.7,2.67921,2.54556,2.0760300000000003
3813,Chicago,10/10/2025,6.2,Illinois,NORTHBROOK WATER PLANT,6.2,6.15226,5.84536,4.767180000000001
3814,Chicago,10/13/2025,9.5,Illinois,NORTHBROOK WATER PLANT,9.5,9.42685,8.9566,7.30455
3815,Chicago,10/16/2025,3.6,Illinois,NORTHBROOK WATER PLANT,3.6,3.57228,3.3940799999999998,2.76804
3816,Chicago,10/19/2025,2.7,Illinois,NORTHBROOK WATER PLANT,2.7,2.67921,2.54556,2.0760300000000003
3817,Chicago,10/22/2025,1.3,Illinois,NORTHBROOK WATER PLANT,1.3,1.28999,1.22564,0.9995700000000001
3818,Chicago,10/25/2025,5.5,Illinois,NORTHBROOK WATER PLANT,5.5,5.45765,5.1854,4.22895
3819,Chicago,10/28/2025,3.5,Illinois,NORTHBROOK WATER PLANT,3.5,3.4730499999999997,3.2998,2.69115
3820,Chicago,10/31/2025,6.2,Illinois,NORTHBROOK WATER PLANT,6.2,6.15226,5.84536,4.767180000000001
3821,Chicago,11/03/2025,3.2,Illinois,NORTHBROOK WATER PLANT,3.2,3.17536,3.01696,2.4604800000000004
3822,Chicago,11/06/2025,4.2,Illinois,NORTHBROOK WATER PLANT,4.2,4.16766,3.95976,3.2293800000000004
3823,Chicago,11/09/2025,1.5,Illinois,NORTHBROOK WATER PLANT,1.5,1.4884499999999998,1.4142,1.15335
3824,Chicago,11/12/2025,2.9,Illinois,NORTHBROOK WATER PLANT,2.9,2.8776699999999997,2.73412,2.22981
3825,Chicago,11/15/2025,6.3,Illinois,NORTHBROOK WATER PLANT,6.3,6.2514899999999995,5.93964,4.84407
3826,Chicago,11/18/2025,4.1,Illinois,NORTHBROOK WATER PLANT,4.1,4.068429999999999,3.8654799999999994,3.15249
3827,Chicago,11/21/2025,9.7,Illinois,NORTHBROOK WATER PLANT,9.7,9.625309999999999,9.145159999999999,7.45833
3828,Chicago,11/24/2025,14.4,Illinois,NORTHBROOK WATER PLANT,14.4,14.28912,13.576319999999999,11.07216
3829,Chicago,11/27/2025,1.2,Illinois,NORTHBROOK WATER PLANT,1.2,1.1907599999999998,1.13136,0.92268
3830,Chicago,11/30/2025,3.4,Illinois,NORTHBROOK WATER PLANT,3.4,3.37382,3.20552,2.61426
3831,Chicago,12/03/2025,11.8,Illinois,NORTHBROOK WATER PLANT,11.8,11.70914,11.12504,9.073020000000001
3832,Chicago,12/06/2025,14.1,Illinois,NORTHBROOK WATER PLANT,14.1,13.99143,13.293479999999999,10.84149
3833,Chicago,12/09/2025,12.8,Illinois,NORTHBROOK WATER PLANT,12.8,12.70144,12.06784,9.841920000000002
3834,Chicago,12/12/2025,16.0,Illinois,NORTHBROOK WATER PLANT,16.0,15.8768,15.0848,12.3024
3835,Chicago,12/15/2025,9.6,Illinois,NORTHBROOK WATER PLANT,9.6,9.526079999999999,9.05088,7.38144
3836,Chicago,12/18/2025,6.8,Illinois,NORTHBROOK WATER PLANT,6.8,6.74764,6.41104,5.22852
3837,Chicago,12/21/2025,3.8,Illinois,NORTHBROOK WATER PLANT,3.8,3.7707399999999995,3.5826399999999996,2.92182
3838,Chicago,12/27/2025,11.5,Illinois,NORTHBROOK WATER PLANT,11.5,11.41145,10.8422,8.84235
3839,Chicago,12/30/2025,3.4,Illinois,NORTHBROOK WATER PLANT,3.4,3.37382,3.20552,2.61426
3840,Chicago,01/01/2025,4.3,Illinois,NORTHBROOK WATER PLANT,4.3,4.26689,4.05404,3.30627
3841,Chicago,01/02/2025,3.9,Illinois,NORTHBROOK WATER PLANT,3.9,3.86997,3.67692,2.99871
3842,Chicago,01/03/2025,5.0,Illinois,NORTHBROOK WATER PLANT,5.0,4.9615,4.7139999999999995,3.8445
3843,Chicago,01/04/2025,2.9,Illinois,NORTHBROOK WATER PLANT,2.9,2.8776699999999997,2.73412,2.22981
3844,Chicago,01/05/2025,3.1,Illinois,NORTHBROOK WATER PLANT,3.1,3.07613,2.92268,2.3835900000000003
3845,Chicago,01/06/2025,2.0,Illinois,NORTHBROOK WATER PLANT,2.0,1.9846,1.8856,1.5378
3846,Chicago,01/07/2025,4.5,Illinois,NORTHBROOK WATER PLANT,4.5,4.46535,4.2425999999999995,3.4600500000000003
3847,Chicago,01/08/2025,4.5,Illinois,NORTHBROOK WATER PLANT,4.5,4.46535,4.2425999999999995,3.4600500000000003
3848,Chicago,01/09/2025,10.7,Illinois,NORTHBROOK WATER PLANT,10.7,10.617609999999999,10.087959999999999,8.22723
3849,Chicago,01/10/2025,20.3,Illinois,NORTHBROOK WATER PLANT,20.3,20.14369,19.138840000000002,15.608670000000002
3850,Chicago,01/11/2025,9.1,Illinois,NORTHBROOK WATER PLANT,9.1,9.029929999999998,8.57948,6.99699
3851,Chicago,01/12/2025,9.3,Illinois,NORTHBROOK WATER PLANT,9.3,9.228390000000001,8.768040000000001,7.1507700000000005
3852,Chicago,01/13/2025,3.7,Illinois,NORTHBROOK WATER PLANT,3.7,3.67151,3.48836,2.84493
3853,Chicago,01/14/2025,5.3,Illinois,NORTHBROOK WATER PLANT,5.3,5.259189999999999,4.99684,4.07517
3854,Chicago,01/15/2025,7.4,Illinois,NORTHBROOK WATER PLANT,7.4,7.34302,6.97672,5.68986
3855,Chicago,01/16/2025,6.7,Illinois,NORTHBROOK WATER PLANT,6.7,6.64841,6.31676,5.15163
3856,Chicago,01/17/2025,6.4,Illinois,NORTHBROOK WATER PLANT,6.4,6.35072,6.03392,4.920960000000001
3857,Chicago,01/18/2025,2.7,Illinois,NORTHBROOK WATER PLANT,2.7,2.67921,2.54556,2.0760300000000003
3858,Chicago,01/19/2025,3.0,Illinois,NORTHBROOK WATER PLANT,3.0,2.9768999999999997,2.8284,2.3067
3859,Chicago,01/20/2025,3.1,Illinois,NORTHBROOK WATER PLANT,3.1,3.07613,2.92268,2.3835900000000003
3860,Chicago,01/21/2025,3.5,Illinois,NORTHBROOK WATER PLANT,3.5,3.4730499999999997,3.2998,2.69115
3861,Chicago,01/22/2025,5.1,Illinois,NORTHBROOK WATER PLANT,5.1,5.0607299999999995,4.80828,3.9213899999999997
3862,Chicago,01/23/2025,5.9,Illinois,NORTHBROOK WATER PLANT,5.9,5.85457,5.56252,4.536510000000001
3863,Chicago,01/24/2025,6.9,Illinois,NORTHBROOK WATER PLANT,6.9,6.84687,6.50532,5.30541
3864,Chicago,01/25/2025,5.2,Illinois,NORTHBROOK WATER PLANT,5.2,5.15996,4.90256,3.9982800000000003
3865,Chicago,01/26/2025,3.6,Illinois,NORTHBROOK WATER PLANT,3.6,3.57228,3.3940799999999998,2.76804
3866,Chicago,01/27/2025,4.3,Illinois,NORTHBROOK WATER PLANT,4.3,4.26689,4.05404,3.30627
3867,Chicago,01/28/2025,3.7,Illinois,NORTHBROOK WATER PLANT,3.7,3.67151,3.48836,2.84493
3868,Chicago,01/29/2025,3.0,Illinois,NORTHBROOK WATER PLANT,3.0,2.9768999999999997,2.8284,2.3067
3869,Chicago,01/30/2025,7.6,Illinois,NORTHBROOK WATER PLANT,7.6,7.541479999999999,7.165279999999999,5.84364
3870,Chicago,01/31/2025,5.4,Illinois,NORTHBROOK WATER PLANT,5.4,5.35842,5.09112,4.1520600000000005
3871,Chicago,02/01/2025,2.3,Illinois,NORTHBROOK WATER PLANT,2.3,2.2822899999999997,2.16844,1.76847
3872,Chicago,02/02/2025,12.1,Illinois,NORTHBROOK WATER PLANT,12.1,12.006829999999999,11.407879999999999,9.30369
3873,Chicago,02/03/2025,10.5,Illinois,NORTHBROOK WATER PLANT,10.5,10.41915,9.8994,8.073450000000001
3874,Chicago,02/04/2025,2.7,Illinois,NORTHBROOK WATER PLANT,2.7,2.67921,2.54556,2.0760300000000003
3875,Chicago,02/05/2025,4.9,Illinois,NORTHBROOK WATER PLANT,4.9,4.8622700000000005,4.61972,3.7676100000000003
3876,Chicago,02/06/2025,6.0,Illinois,NORTHBROOK WATER PLANT,6.0,5.953799999999999,5.6568,4.6134
3877,Chicago,02/07/2025,4.5,Illinois,NORTHBROOK WATER PLANT,4.5,4.46535,4.2425999999999995,3.4600500000000003
3878,Chicago,02/08/2025,6.2,Illinois,NORTHBROOK WATER PLANT,6.2,6.15226,5.84536,4.767180000000001
3879,Chicago,02/09/2025,6.0,Illinois,NORTHBROOK WATER PLANT,6.0,5.953799999999999,5.6568,4.6134
3880,Chicago,02/10/2025,5.1,Illinois,NORTHBROOK WATER PLANT,5.1,5.0607299999999995,4.80828,3.9213899999999997
3881,Chicago,02/11/2025,5.6,Illinois,NORTHBROOK WATER PLANT,5.6,5.55688,5.27968,4.30584
3882,Chicago,02/12/2025,8.5,Illinois,NORTHBROOK WATER PLANT,8.5,8.43455,8.0138,6.53565
3883,Chicago,02/13/2025,5.6,Illinois,NORTHBROOK WATER PLANT,5.6,5.55688,5.27968,4.30584
3884,Chicago,02/14/2025,9.8,Illinois,NORTHBROOK WATER PLANT,9.8,9.724540000000001,9.23944,7.535220000000001
3885,Chicago,02/15/2025,12.3,Illinois,NORTHBROOK WATER PLANT,12.3,12.20529,11.596440000000001,9.45747
3886,Chicago,02/16/2025,4.3,Illinois,NORTHBROOK WATER PLANT,4.3,4.26689,4.05404,3.30627
3887,Chicago,02/17/2025,4.3,Illinois,NORTHBROOK WATER PLANT,4.3,4.26689,4.05404,3.30627
3888,Chicago,02/18/2025,4.0,Illinois,NORTHBROOK WATER PLANT,4.0,3.9692,3.7712,3.0756
3889,Chicago,02/19/2025,4.1,Illinois,NORTHBROOK WATER PLANT,4.1,4.068429999999999,3.8654799999999994,3.15249
3890,Chicago,02/20/2025,5.1,Illinois,NORTHBROOK WATER PLANT,5.1,5.0607299999999995,4.80828,3.9213899999999997
3891,Chicago,02/21/2025,6.6,Illinois,NORTHBROOK WATER PLANT,6.6,6.54918,6.222479999999999,5.07474
3892,Chicago,02/22/2025,7.7,Illinois,NORTHBROOK WATER PLANT,7.7,7.6407099999999994,7.25956,5.92053
3893,Chicago,02/23/2025,15.2,Illinois,NORTHBROOK WATER PLANT,15.2,15.082959999999998,14.330559999999998,11.68728
3894,Chicago,02/24/2025,8.5,Illinois,NORTHBROOK WATER PLANT,8.5,8.43455,8.0138,6.53565
3895,Chicago,02/25/2025,6.5,Illinois,NORTHBROOK WATER PLANT,6.5,6.449949999999999,6.1282,4.997850000000001
3896,Chicago,02/26/2025,10.2,Illinois,NORTHBROOK WATER PLANT,10.2,10.121459999999999,9.61656,7.842779999999999
3897,Chicago,02/27/2025,9.3,Illinois,NORTHBROOK WATER PLANT,9.3,9.228390000000001,8.768040000000001,7.1507700000000005
3898,Chicago,02/28/2025,3.3,Illinois,NORTHBROOK WATER PLANT,3.3,3.27459,3.1112399999999996,2.53737
3899,Chicago,03/01/2025,3.6,Illinois,NORTHBROOK WATER PLANT,3.6,3.57228,3.3940799999999998,2.76804
3900,Chicago,03/02/2025,6.1,Illinois,NORTHBROOK WATER PLANT,6.1,6.05303,5.751079999999999,4.69029
3901,Chicago,03/03/2025,9.1,Illinois,NORTHBROOK WATER PLANT,9.1,9.029929999999998,8.57948,6.99699
3902,Chicago,03/04/2025,8.3,Illinois,NORTHBROOK WATER PLANT,8.3,8.23609,7.825240000000001,6.381870000000001
3903,Chicago,03/05/2025,5.5,Illinois,NORTHBROOK WATER PLANT,5.5,5.45765,5.1854,4.22895
3904,Chicago,03/06/2025,2.3,Illinois,NORTHBROOK WATER PLANT,2.3,2.2822899999999997,2.16844,1.76847
3905,Chicago,03/07/2025,6.7,Illinois,NORTHBROOK WATER PLANT,6.7,6.64841,6.31676,5.15163
3906,Chicago,03/08/2025,3.9,Illinois,NORTHBROOK WATER PLANT,3.9,3.86997,3.67692,2.99871
3907,Chicago,03/09/2025,3.5,Illinois,NORTHBROOK WATER PLANT,3.5,3.4730499999999997,3.2998,2.69115
3908,Chicago,03/10/2025,4.9,Illinois,NORTHBROOK WATER PLANT,4.9,4.8622700000000005,4.61972,3.7676100000000003
3909,Chicago,03/11/2025,2.6,Illinois,NORTHBROOK WATER PLANT,2.6,2.57998,2.45128,1.9991400000000001
3910,Chicago,03/12/2025,2.6,Illinois,NORTHBROOK WATER PLANT,2.6,2.57998,2.45128,1.9991400000000001
3911,Chicago,03/13/2025,7.1,Illinois,NORTHBROOK WATER PLANT,7.1,7.045329999999999,6.693879999999999,5.4591899999999995
3912,Chicago,03/14/2025,11.1,Illinois,NORTHBROOK WATER PLANT,11.1,11.014529999999999,10.465079999999999,8.53479
3913,Chicago,03/15/2025,25.6,Illinois,NORTHBROOK WATER PLANT,25.6,25.40288,24.13568,19.683840000000004
3914,Chicago,03/16/2025,3.9,Illinois,NORTHBROOK WATER PLANT,3.9,3.86997,3.67692,2.99871
3915,Chicago,03/17/2025,3.9,Illinois,NORTHBROOK WATER PLANT,3.9,3.86997,3.67692,2.99871
3916,Chicago,03/18/2025,8.2,Illinois,NORTHBROOK WATER PLANT,8.2,8.136859999999999,7.730959999999999,6.30498
3917,Chicago,03/19/2025,4.1,Illinois,NORTHBROOK WATER PLANT,4.1,4.068429999999999,3.8654799999999994,3.15249
3918,Chicago,03/20/2025,3.1,Illinois,NORTHBROOK WATER PLANT,3.1,3.07613,2.92268,2.3835900000000003
3919,Chicago,03/21/2025,5.7,Illinois,NORTHBROOK WATER PLANT,5.7,5.65611,5.37396,4.3827300000000005
3920,Chicago,03/22/2025,2.8,Illinois,NORTHBROOK WATER PLANT,2.8,2.77844,2.63984,2.15292
3921,Chicago,03/23/2025,5.3,Illinois,NORTHBROOK WATER PLANT,5.3,5.259189999999999,4.99684,4.07517
3922,Chicago,03/24/2025,4.4,Illinois,NORTHBROOK WATER PLANT,4.4,4.3661200000000004,4.14832,3.3831600000000006
3923,Chicago,03/25/2025,5.5,Illinois,NORTHBROOK WATER PLANT,5.5,5.45765,5.1854,4.22895
3924,Chicago,03/26/2025,5.7,Illinois,NORTHBROOK WATER PLANT,5.7,5.65611,5.37396,4.3827300000000005
3925,Chicago,03/27/2025,9.8,Illinois,NORTHBROOK WATER PLANT,9.8,9.724540000000001,9.23944,7.535220000000001
3926,Chicago,03/28/2025,8.2,Illinois,NORTHBROOK WATER PLANT,8.2,8.136859999999999,7.730959999999999,6.30498
3927,Chicago,03/29/2025,4.3,Illinois,NORTHBROOK WATER PLANT,4.3,4.26689,4.05404,3.30627
3928,Chicago,03/30/2025,4.3,Illinois,NORTHBROOK WATER PLANT,4.3,4.26689,4.05404,3.30627
3929,Chicago,03/31/2025,2.3,Illinois,NORTHBROOK WATER PLANT,2.3,2.2822899999999997,2.16844,1.76847
3930,Chicago,04/01/2025,3.3,Illinois,NORTHBROOK WATER PLANT,3.3,3.27459,3.1112399999999996,2.53737
3931,Chicago,04/02/2025,7.3,Illinois,NORTHBROOK WATER PLANT,7.3,7.24379,6.88244,5.61297
3932,Chicago,04/03/2025,3.7,Illinois,NORTHBROOK WATER PLANT,3.7,3.67151,3.48836,2.84493
3933,Chicago,04/04/2025,3.9,Illinois,NORTHBROOK WATER PLANT,3.9,3.86997,3.67692,2.99871
3934,Chicago,04/05/2025,4.1,Illinois,NORTHBROOK WATER PLANT,4.1,4.068429999999999,3.8654799999999994,3.15249
3935,Chicago,04/06/2025,4.3,Illinois,NORTHBROOK WATER PLANT,4.3,4.26689,4.05404,3.30627
3936,Chicago,04/07/2025,3.5,Illinois,NORTHBROOK WATER PLANT,3.5,3.4730499999999997,3.2998,2.69115
3937,Chicago,04/08/2025,3.5,Illinois,NORTHBROOK WATER PLANT,3.5,3.4730499999999997,3.2998,2.69115
3938,Chicago,04/09/2025,7.1,Illinois,NORTHBROOK WATER PLANT,7.1,7.045329999999999,6.693879999999999,5.4591899999999995
3939,Chicago,04/10/2025,9.9,Illinois,NORTHBROOK WATER PLANT,9.9,9.82377,9.33372,7.61211
3940,Chicago,04/11/2025,9.4,Illinois,NORTHBROOK WATER PLANT,9.4,9.32762,8.86232,7.22766
3941,Chicago,04/12/2025,11.3,Illinois,NORTHBROOK WATER PLANT,11.3,11.21299,10.653640000000001,8.68857
3942,Chicago,04/13/2025,7.3,Illinois,NORTHBROOK WATER PLANT,7.3,7.24379,6.88244,5.61297
3943,Chicago,04/14/2025,4.6,Illinois,NORTHBROOK WATER PLANT,4.6,4.564579999999999,4.33688,3.53694
3944,Chicago,04/15/2025,2.0,Illinois,NORTHBROOK WATER PLANT,2.0,1.9846,1.8856,1.5378
3945,Chicago,04/16/2025,2.4,Illinois,NORTHBROOK WATER PLANT,2.4,2.3815199999999996,2.26272,1.84536
3946,Chicago,04/17/2025,6.3,Illinois,NORTHBROOK WATER PLANT,6.3,6.2514899999999995,5.93964,4.84407
3947,Chicago,04/18/2025,12.7,Illinois,NORTHBROOK WATER PLANT,12.7,12.60221,11.973559999999999,9.76503
3948,Chicago,04/19/2025,6.8,Illinois,NORTHBROOK WATER PLANT,6.8,6.74764,6.41104,5.22852
3949,Chicago,04/20/2025,5.7,Illinois,NORTHBROOK WATER PLANT,5.7,5.65611,5.37396,4.3827300000000005
3950,Chicago,04/21/2025,2.7,Illinois,NORTHBROOK WATER PLANT,2.7,2.67921,2.54556,2.0760300000000003
3951,Chicago,04/22/2025,4.7,Illinois,NORTHBROOK WATER PLANT,4.7,4.66381,4.43116,3.61383
3952,Chicago,04/23/2025,6.1,Illinois,NORTHBROOK WATER PLANT,6.1,6.05303,5.751079999999999,4.69029
3953,Chicago,04/24/2025,7.3,Illinois,NORTHBROOK WATER PLANT,7.3,7.24379,6.88244,5.61297
3954,Chicago,04/25/2025,3.5,Illinois,NORTHBROOK WATER PLANT,3.5,3.4730499999999997,3.2998,2.69115
3955,Chicago,04/26/2025,2.0,Illinois,NORTHBROOK WATER PLANT,2.0,1.9846,1.8856,1.5378
3956,Chicago,04/27/2025,4.2,Illinois,NORTHBROOK WATER PLANT,4.2,4.16766,3.95976,3.2293800000000004
3957,Chicago,04/28/2025,7.1,Illinois,NORTHBROOK WATER PLANT,7.1,7.045329999999999,6.693879999999999,5.4591899999999995
3958,Chicago,04/29/2025,4.5,Illinois,NORTHBROOK WATER PLANT,4.5,4.46535,4.2425999999999995,3.4600500000000003
3959,Chicago,04/30/2025,2.3,Illinois,NORTHBROOK WATER PLANT,2.3,2.2822899999999997,2.16844,1.76847
3960,Chicago,05/01/2025,7.1,Illinois,NORTHBROOK WATER PLANT,7.1,7.045329999999999,6.693879999999999,5.4591899999999995
3961,Chicago,05/02/2025,3.8,Illinois,NORTHBROOK WATER PLANT,3.8,3.7707399999999995,3.5826399999999996,2.92182
3962,Chicago,05/03/2025,1.7,Illinois,NORTHBROOK WATER PLANT,1.7,1.68691,1.60276,1.30713
3963,Chicago,05/04/2025,2.3,Illinois,NORTHBROOK WATER PLANT,2.3,2.2822899999999997,2.16844,1.76847
3964,Chicago,05/05/2025,4.3,Illinois,NORTHBROOK WATER PLANT,4.3,4.26689,4.05404,3.30627
3965,Chicago,05/06/2025,7.5,Illinois,NORTHBROOK WATER PLANT,7.5,7.44225,7.071,5.76675
3966,Chicago,05/07/2025,6.0,Illinois,NORTHBROOK WATER PLANT,6.0,5.953799999999999,5.6568,4.6134
3967,Chicago,05/08/2025,2.4,Illinois,NORTHBROOK WATER PLANT,2.4,2.3815199999999996,2.26272,1.84536
3968,Chicago,05/09/2025,4.1,Illinois,NORTHBROOK WATER PLANT,4.1,4.068429999999999,3.8654799999999994,3.15249
3969,Chicago,05/10/2025,3.8,Illinois,NORTHBROOK WATER PLANT,3.8,3.7707399999999995,3.5826399999999996,2.92182
3970,Chicago,05/11/2025,3.3,Illinois,NORTHBROOK WATER PLANT,3.3,3.27459,3.1112399999999996,2.53737
3971,Chicago,05/12/2025,5.8,Illinois,NORTHBROOK WATER PLANT,5.8,5.7553399999999995,5.46824,4.45962
3972,Chicago,05/13/2025,6.1,Illinois,NORTHBROOK WATER PLANT,6.1,6.05303,5.751079999999999,4.69029
3973,Chicago,05/14/2025,4.3,Illinois,NORTHBROOK WATER PLANT,4.3,4.26689,4.05404,3.30627
3974,Chicago,05/15/2025,10.2,Illinois,NORTHBROOK WATER PLANT,10.2,10.121459999999999,9.61656,7.842779999999999
3975,Chicago,05/16/2025,8.4,Illinois,NORTHBROOK WATER PLANT,8.4,8.33532,7.91952,6.458760000000001
3976,Chicago,05/17/2025,2.3,Illinois,NORTHBROOK WATER PLANT,2.3,2.2822899999999997,2.16844,1.76847
3977,Chicago,05/18/2025,2.3,Illinois,NORTHBROOK WATER PLANT,2.3,2.2822899999999997,2.16844,1.76847
3978,Chicago,05/19/2025,2.4,Illinois,NORTHBROOK WATER PLANT,2.4,2.3815199999999996,2.26272,1.84536
3979,Chicago,05/20/2025,5.5,Illinois,NORTHBROOK WATER PLANT,5.5,5.45765,5.1854,4.22895
3980,Chicago,05/21/2025,2.2,Illinois,NORTHBROOK WATER PLANT,2.2,2.1830600000000002,2.07416,1.6915800000000003
3981,Chicago,05/22/2025,2.0,Illinois,NORTHBROOK WATER PLANT,2.0,1.9846,1.8856,1.5378
3982,Chicago,05/23/2025,1.8,Illinois,NORTHBROOK WATER PLANT,1.8,1.78614,1.6970399999999999,1.38402
3983,Chicago,05/24/2025,1.5,Illinois,NORTHBROOK WATER PLANT,1.5,1.4884499999999998,1.4142,1.15335
3984,Chicago,05/25/2025,1.5,Illinois,NORTHBROOK WATER PLANT,1.5,1.4884499999999998,1.4142,1.15335
3985,Chicago,05/26/2025,3.3,Illinois,NORTHBROOK WATER PLANT,3.3,3.27459,3.1112399999999996,2.53737
3986,Chicago,05/27/2025,4.5,Illinois,NORTHBROOK WATER PLANT,4.5,4.46535,4.2425999999999995,3.4600500000000003
3987,Chicago,05/28/2025,5.6,Illinois,NORTHBROOK WATER PLANT,5.6,5.55688,5.27968,4.30584
3988,Chicago,05/29/2025,12.5,Illinois,NORTHBROOK WATER PLANT,12.5,12.403749999999999,11.785,9.61125
3989,Chicago,05/30/2025,13.3,Illinois,NORTHBROOK WATER PLANT,13.3,13.19759,12.53924,10.226370000000001
3990,Chicago,05/31/2025,6.2,Illinois,NORTHBROOK WATER PLANT,6.2,6.15226,5.84536,4.767180000000001
3991,Chicago,06/01/2025,4.2,Illinois,NORTHBROOK WATER PLANT,4.2,4.16766,3.95976,3.2293800000000004
3992,Chicago,06/02/2025,8.6,Illinois,NORTHBROOK WATER PLANT,8.6,8.53378,8.10808,6.61254
3993,Chicago,06/03/2025,13.4,Illinois,NORTHBROOK WATER PLANT,13.4,13.29682,12.63352,10.30326
3994,Chicago,06/04/2025,34.2,Illinois,NORTHBROOK WATER PLANT,34.2,33.93666,32.24376,26.296380000000003
3995,Chicago,06/05/2025,46.0,Illinois,NORTHBROOK WATER PLANT,46.0,45.6458,43.3688,35.3694
3996,Chicago,06/06/2025,27.5,Illinois,NORTHBROOK WATER PLANT,27.5,27.288249999999998,25.927,21.144750000000002
3997,Chicago,06/07/2025,21.9,Illinois,NORTHBROOK WATER PLANT,21.9,21.73137,20.647319999999997,16.83891
3998,Chicago,06/08/2025,22.5,Illinois,NORTHBROOK WATER PLANT,22.5,22.32675,21.213,17.300250000000002
3999,Chicago,06/09/2025,16.7,Illinois,NORTHBROOK WATER PLANT,16.7,16.57141,15.74476,12.840629999999999
4000,Chicago,06/10/2025,18.2,Illinois,NORTHBROOK WATER PLANT,18.2,18.059859999999997,17.15896,13.99398
4001,Chicago,06/11/2025,22.7,Illinois,NORTHBROOK WATER PLANT,22.7,22.525209999999998,21.40156,17.45403
4002,Chicago,06/12/2025,24.4,Illinois,NORTHBROOK WATER PLANT,24.4,24.21212,23.004319999999996,18.76116
4003,Chicago,06/13/2025,19.8,Illinois,NORTHBROOK WATER PLANT,19.8,19.64754,18.66744,15.22422
4004,Chicago,06/14/2025,8.3,Illinois,NORTHBROOK WATER PLANT,8.3,8.23609,7.825240000000001,6.381870000000001
4005,Chicago,06/15/2025,8.3,Illinois,NORTHBROOK WATER PLANT,8.3,8.23609,7.825240000000001,6.381870000000001
4006,Chicago,06/16/2025,11.7,Illinois,NORTHBROOK WATER PLANT,11.7,11.60991,11.030759999999999,8.996129999999999
4007,Chicago,06/17/2025,10.0,Illinois,NORTHBROOK WATER PLANT,10.0,9.923,9.427999999999999,7.689
4008,Chicago,06/18/2025,6.8,Illinois,NORTHBROOK WATER PLANT,6.8,6.74764,6.41104,5.22852
4009,Chicago,06/19/2025,7.5,Illinois,NORTHBROOK WATER PLANT,7.5,7.44225,7.071,5.76675
4010,Chicago,06/20/2025,7.3,Illinois,NORTHBROOK WATER PLANT,7.3,7.24379,6.88244,5.61297
4011,Chicago,06/21/2025,10.9,Illinois,NORTHBROOK WATER PLANT,10.9,10.81607,10.27652,8.38101
4012,Chicago,06/22/2025,13.1,Illinois,NORTHBROOK WATER PLANT,13.1,12.99913,12.350679999999999,10.07259
4013,Chicago,06/23/2025,11.5,Illinois,NORTHBROOK WATER PLANT,11.5,11.41145,10.8422,8.84235
4014,Chicago,06/24/2025,3.3,Illinois,NORTHBROOK WATER PLANT,3.3,3.27459,3.1112399999999996,2.53737
4015,Chicago,06/25/2025,6.1,Illinois,NORTHBROOK WATER PLANT,6.1,6.05303,5.751079999999999,4.69029
4016,Chicago,06/26/2025,7.9,Illinois,NORTHBROOK WATER PLANT,7.9,7.83917,7.44812,6.0743100000000005
4017,Chicago,06/27/2025,3.1,Illinois,NORTHBROOK WATER PLANT,3.1,3.07613,2.92268,2.3835900000000003
4018,Chicago,06/28/2025,3.0,Illinois,NORTHBROOK WATER PLANT,3.0,2.9768999999999997,2.8284,2.3067
4019,Chicago,06/29/2025,5.3,Illinois,NORTHBROOK WATER PLANT,5.3,5.259189999999999,4.99684,4.07517
4020,Chicago,06/30/2025,4.2,Illinois,NORTHBROOK WATER PLANT,4.2,4.16766,3.95976,3.2293800000000004
4021,Chicago,07/01/2025,5.2,Illinois,NORTHBROOK WATER PLANT,5.2,5.15996,4.90256,3.9982800000000003
4022,Chicago,07/02/2025,9.1,Illinois,NORTHBROOK WATER PLANT,9.1,9.029929999999998,8.57948,6.99699
4023,Chicago,07/03/2025,6.5,Illinois,NORTHBROOK WATER PLANT,6.5,6.449949999999999,6.1282,4.997850000000001
4024,Chicago,07/04/2025,10.1,Illinois,NORTHBROOK WATER PLANT,10.1,10.022229999999999,9.522279999999999,7.76589
4025,Chicago,07/05/2025,16.2,Illinois,NORTHBROOK WATER PLANT,16.2,16.07526,15.273359999999998,12.45618
4026,Chicago,07/06/2025,5.6,Illinois,NORTHBROOK WATER PLANT,5.6,5.55688,5.27968,4.30584
4027,Chicago,07/07/2025,10.3,Illinois,NORTHBROOK WATER PLANT,10.3,10.220690000000001,9.710840000000001,7.919670000000001
4028,Chicago,07/08/2025,11.8,Illinois,NORTHBROOK WATER PLANT,11.8,11.70914,11.12504,9.073020000000001
4029,Chicago,07/09/2025,6.5,Illinois,NORTHBROOK WATER PLANT,6.5,6.449949999999999,6.1282,4.997850000000001
4030,Chicago,07/10/2025,5.6,Illinois,NORTHBROOK WATER PLANT,5.6,5.55688,5.27968,4.30584
4031,Chicago,07/11/2025,3.7,Illinois,NORTHBROOK WATER PLANT,3.7,3.67151,3.48836,2.84493
4032,Chicago,07/12/2025,3.9,Illinois,NORTHBROOK WATER PLANT,3.9,3.86997,3.67692,2.99871
4033,Chicago,07/13/2025,20.0,Illinois,NORTHBROOK WATER PLANT,20.0,19.846,18.855999999999998,15.378
4034,Chicago,07/14/2025,29.8,Illinois,NORTHBROOK WATER PLANT,29.8,29.57054,28.09544,22.913220000000003
4035,Chicago,07/15/2025,20.6,Illinois,NORTHBROOK WATER PLANT,20.6,20.441380000000002,19.421680000000002,15.839340000000002
4036,Chicago,07/16/2025,4.6,Illinois,NORTHBROOK WATER PLANT,4.6,4.564579999999999,4.33688,3.53694
4037,Chicago,07/17/2025,1.9,Illinois,NORTHBROOK WATER PLANT,1.9,1.8853699999999998,1.7913199999999998,1.46091
4038,Chicago,07/18/2025,3.2,Illinois,NORTHBROOK WATER PLANT,3.2,3.17536,3.01696,2.4604800000000004
4039,Chicago,07/19/2025,5.0,Illinois,NORTHBROOK WATER PLANT,5.0,4.9615,4.7139999999999995,3.8445
4040,Chicago,07/20/2025,9.1,Illinois,NORTHBROOK WATER PLANT,9.1,9.029929999999998,8.57948,6.99699
4041,Chicago,07/21/2025,31.1,Illinois,NORTHBROOK WATER PLANT,31.1,30.86053,29.321080000000002,23.91279
4042,Chicago,07/22/2025,18.2,Illinois,NORTHBROOK WATER PLANT,18.2,18.059859999999997,17.15896,13.99398
4043,Chicago,07/23/2025,11.6,Illinois,NORTHBROOK WATER PLANT,11.6,11.510679999999999,10.93648,8.91924
4044,Chicago,07/24/2025,5.2,Illinois,NORTHBROOK WATER PLANT,5.2,5.15996,4.90256,3.9982800000000003
4045,Chicago,07/25/2025,7.8,Illinois,NORTHBROOK WATER PLANT,7.8,7.73994,7.35384,5.99742
4046,Chicago,07/26/2025,7.2,Illinois,NORTHBROOK WATER PLANT,7.2,7.14456,6.7881599999999995,5.53608
4047,Chicago,07/27/2025,5.2,Illinois,NORTHBROOK WATER PLANT,5.2,5.15996,4.90256,3.9982800000000003
4048,Chicago,07/28/2025,7.7,Illinois,NORTHBROOK WATER PLANT,7.7,7.6407099999999994,7.25956,5.92053
4049,Chicago,07/29/2025,8.4,Illinois,NORTHBROOK WATER PLANT,8.4,8.33532,7.91952,6.458760000000001
4050,Chicago,07/30/2025,13.1,Illinois,NORTHBROOK WATER PLANT,13.1,12.99913,12.350679999999999,10.07259
4051,Chicago,07/31/2025,61.3,Illinois,NORTHBROOK WATER PLANT,61.3,60.82798999999999,57.793639999999996,47.13357
4052,Chicago,08/01/2025,37.1,Illinois,NORTHBROOK WATER PLANT,37.1,36.81433,34.97788,28.526190000000003
4053,Chicago,08/06/2025,25.4,Illinois,NORTHBROOK WATER PLANT,25.4,25.20442,23.947119999999998,19.53006
4054,Chicago,08/07/2025,15.1,Illinois,NORTHBROOK WATER PLANT,15.1,14.98373,14.236279999999999,11.61039
4055,Chicago,08/08/2025,13.1,Illinois,NORTHBROOK WATER PLANT,13.1,12.99913,12.350679999999999,10.07259
4056,Chicago,08/09/2025,12.1,Illinois,NORTHBROOK WATER PLANT,12.1,12.006829999999999,11.407879999999999,9.30369
4057,Chicago,08/10/2025,7.4,Illinois,NORTHBROOK WATER PLANT,7.4,7.34302,6.97672,5.68986
4058,Chicago,08/11/2025,7.6,Illinois,NORTHBROOK WATER PLANT,7.6,7.541479999999999,7.165279999999999,5.84364
4059,Chicago,08/12/2025,6.8,Illinois,NORTHBROOK WATER PLANT,6.8,6.74764,6.41104,5.22852
4060,Chicago,08/13/2025,10.6,Illinois,NORTHBROOK WATER PLANT,10.6,10.518379999999999,9.99368,8.15034
4061,Chicago,08/14/2025,17.3,Illinois,NORTHBROOK WATER PLANT,17.3,17.16679,16.31044,13.30197
4062,Chicago,08/15/2025,18.9,Illinois,NORTHBROOK WATER PLANT,18.9,18.754469999999998,17.81892,14.53221
4063,Chicago,08/16/2025,10.2,Illinois,NORTHBROOK WATER PLANT,10.2,10.121459999999999,9.61656,7.842779999999999
4064,Chicago,08/17/2025,5.0,Illinois,NORTHBROOK WATER PLANT,5.0,4.9615,4.7139999999999995,3.8445
4065,Chicago,08/18/2025,6.8,Illinois,NORTHBROOK WATER PLANT,6.8,6.74764,6.41104,5.22852
4066,Chicago,08/19/2025,4.3,Illinois,NORTHBROOK WATER PLANT,4.3,4.26689,4.05404,3.30627
4067,Chicago,08/20/2025,2.8,Illinois,NORTHBROOK WATER PLANT,2.8,2.77844,2.63984,2.15292
4068,Chicago,08/21/2025,2.8,Illinois,NORTHBROOK WATER PLANT,2.8,2.77844,2.63984,2.15292
4069,Chicago,08/22/2025,5.8,Illinois,NORTHBROOK WATER PLANT,5.8,5.7553399999999995,5.46824,4.45962
4070,Chicago,08/23/2025,5.2,Illinois,NORTHBROOK WATER PLANT,5.2,5.15996,4.90256,3.9982800000000003
4071,Chicago,08/24/2025,2.7,Illinois,NORTHBROOK WATER PLANT,2.7,2.67921,2.54556,2.0760300000000003
4072,Chicago,08/25/2025,2.6,Illinois,NORTHBROOK WATER PLANT,2.6,2.57998,2.45128,1.9991400000000001
4073,Chicago,08/26/2025,3.7,Illinois,NORTHBROOK WATER PLANT,3.7,3.67151,3.48836,2.84493
4074,Chicago,08/27/2025,4.8,Illinois,NORTHBROOK WATER PLANT,4.8,4.763039999999999,4.52544,3.69072
4075,Chicago,08/28/2025,4.3,Illinois,NORTHBROOK WATER PLANT,4.3,4.26689,4.05404,3.30627
4076,Chicago,08/29/2025,1.9,Illinois,NORTHBROOK WATER PLANT,1.9,1.8853699999999998,1.7913199999999998,1.46091
4077,Chicago,08/30/2025,2.8,Illinois,NORTHBROOK WATER PLANT,2.8,2.77844,2.63984,2.15292
4078,Chicago,08/31/2025,3.7,Illinois,NORTHBROOK WATER PLANT,3.7,3.67151,3.48836,2.84493
4079,Chicago,09/01/2025,4.5,Illinois,NORTHBROOK WATER PLANT,4.5,4.46535,4.2425999999999995,3.4600500000000003
4080,Chicago,09/02/2025,5.3,Illinois,NORTHBROOK WATER PLANT,5.3,5.259189999999999,4.99684,4.07517
4081,Chicago,09/03/2025,10.7,Illinois,NORTHBROOK WATER PLANT,10.7,10.617609999999999,10.087959999999999,8.22723
4082,Chicago,09/04/2025,7.6,Illinois,NORTHBROOK WATER PLANT,7.6,7.541479999999999,7.165279999999999,5.84364
4083,Chicago,09/05/2025,5.9,Illinois,NORTHBROOK WATER PLANT,5.9,5.85457,5.56252,4.536510000000001
4084,Chicago,09/06/2025,2.7,Illinois,NORTHBROOK WATER PLANT,2.7,2.67921,2.54556,2.0760300000000003
4085,Chicago,09/07/2025,3.1,Illinois,NORTHBROOK WATER PLANT,3.1,3.07613,2.92268,2.3835900000000003
4086,Chicago,09/08/2025,4.3,Illinois,NORTHBROOK WATER PLANT,4.3,4.26689,4.05404,3.30627
4087,Chicago,09/09/2025,4.6,Illinois,NORTHBROOK WATER PLANT,4.6,4.564579999999999,4.33688,3.53694
4088,Chicago,09/10/2025,7.6,Illinois,NORTHBROOK WATER PLANT,7.6,7.541479999999999,7.165279999999999,5.84364
4089,Chicago,09/11/2025,6.3,Illinois,NORTHBROOK WATER PLANT,6.3,6.2514899999999995,5.93964,4.84407
4090,Chicago,09/12/2025,7.9,Illinois,NORTHBROOK WATER PLANT,7.9,7.83917,7.44812,6.0743100000000005
4091,Chicago,09/13/2025,11.9,Illinois,NORTHBROOK WATER PLANT,11.9,11.80837,11.21932,9.14991
4092,Chicago,09/14/2025,10.7,Illinois,NORTHBROOK WATER PLANT,10.7,10.617609999999999,10.087959999999999,8.22723
4093,Chicago,09/15/2025,9.9,Illinois,NORTHBROOK WATER PLANT,9.9,9.82377,9.33372,7.61211
4094,Chicago,09/16/2025,8.5,Illinois,NORTHBROOK WATER PLANT,8.5,8.43455,8.0138,6.53565
4095,Chicago,09/17/2025,8.8,Illinois,NORTHBROOK WATER PLANT,8.8,8.732240000000001,8.29664,6.766320000000001
4096,Chicago,09/18/2025,10.3,Illinois,NORTHBROOK WATER PLANT,10.3,10.220690000000001,9.710840000000001,7.919670000000001
4097,Chicago,09/19/2025,11.7,Illinois,NORTHBROOK WATER PLANT,11.7,11.60991,11.030759999999999,8.996129999999999
4098,Chicago,09/20/2025,11.8,Illinois,NORTHBROOK WATER PLANT,11.8,11.70914,11.12504,9.073020000000001
4099,Chicago,09/21/2025,9.1,Illinois,NORTHBROOK WATER PLANT,9.1,9.029929999999998,8.57948,6.99699
4100,Chicago,09/22/2025,7.2,Illinois,NORTHBROOK WATER PLANT,7.2,7.14456,6.7881599999999995,5.53608
4101,Chicago,09/23/2025,5.2,Illinois,NORTHBROOK WATER PLANT,5.2,5.15996,4.90256,3.9982800000000003
4102,Chicago,09/24/2025,3.4,Illinois,NORTHBROOK WATER PLANT,3.4,3.37382,3.20552,2.61426
4103,Chicago,09/25/2025,4.6,Illinois,NORTHBROOK WATER PLANT,4.6,4.564579999999999,4.33688,3.53694
4104,Chicago,09/26/2025,7.1,Illinois,NORTHBROOK WATER PLANT,7.1,7.045329999999999,6.693879999999999,5.4591899999999995
4105,Chicago,09/27/2025,8.8,Illinois,NORTHBROOK WATER PLANT,8.8,8.732240000000001,8.29664,6.766320000000001
4106,Chicago,09/28/2025,7.7,Illinois,NORTHBROOK WATER PLANT,7.7,7.6407099999999994,7.25956,5.92053
4107,Chicago,09/29/2025,8.5,Illinois,NORTHBROOK WATER PLANT,8.5,8.43455,8.0138,6.53565
4108,Chicago,09/30/2025,7.2,Illinois,NORTHBROOK WATER PLANT,7.2,7.14456,6.7881599999999995,5.53608
4109,Chicago,10/01/2025,5.1,Illinois,NORTHBROOK WATER PLANT,5.1,5.0607299999999995,4.80828,3.9213899999999997
4110,Chicago,10/02/2025,6.1,Illinois,NORTHBROOK WATER PLANT,6.1,6.05303,5.751079999999999,4.69029
4111,Chicago,10/03/2025,11.9,Illinois,NORTHBROOK WATER PLANT,11.9,11.80837,11.21932,9.14991
4112,Chicago,10/04/2025,11.9,Illinois,NORTHBROOK WATER PLANT,11.9,11.80837,11.21932,9.14991
4113,Chicago,10/05/2025,8.3,Illinois,NORTHBROOK WATER PLANT,8.3,8.23609,7.825240000000001,6.381870000000001
4114,Chicago,10/06/2025,5.7,Illinois,NORTHBROOK WATER PLANT,5.7,5.65611,5.37396,4.3827300000000005
4115,Chicago,10/07/2025,3.1,Illinois,NORTHBROOK WATER PLANT,3.1,3.07613,2.92268,2.3835900000000003
4116,Chicago,10/08/2025,2.2,Illinois,NORTHBROOK WATER PLANT,2.2,2.1830600000000002,2.07416,1.6915800000000003
4117,Chicago,10/09/2025,2.8,Illinois,NORTHBROOK WATER PLANT,2.8,2.77844,2.63984,2.15292
4118,Chicago,10/10/2025,5.2,Illinois,NORTHBROOK WATER PLANT,5.2,5.15996,4.90256,3.9982800000000003
4119,Chicago,10/11/2025,2.0,Illinois,NORTHBROOK WATER PLANT,2.0,1.9846,1.8856,1.5378
4120,Chicago,10/12/2025,3.5,Illinois,NORTHBROOK WATER PLANT,3.5,3.4730499999999997,3.2998,2.69115
4121,Chicago,10/13/2025,8.4,Illinois,NORTHBROOK WATER PLANT,8.4,8.33532,7.91952,6.458760000000001
4122,Chicago,10/14/2025,5.9,Illinois,NORTHBROOK WATER PLANT,5.9,5.85457,5.56252,4.536510000000001
4123,Chicago,10/15/2025,1.7,Illinois,NORTHBROOK WATER PLANT,1.7,1.68691,1.60276,1.30713
4124,Chicago,10/16/2025,2.8,Illinois,NORTHBROOK WATER PLANT,2.8,2.77844,2.63984,2.15292
4125,Chicago,10/17/2025,4.7,Illinois,NORTHBROOK WATER PLANT,4.7,4.66381,4.43116,3.61383
4126,Chicago,10/18/2025,12.0,Illinois,NORTHBROOK WATER PLANT,12.0,11.907599999999999,11.3136,9.2268
4127,Chicago,10/19/2025,2.9,Illinois,NORTHBROOK WATER PLANT,2.9,2.8776699999999997,2.73412,2.22981
4128,Chicago,10/20/2025,3.0,Illinois,NORTHBROOK WATER PLANT,3.0,2.9768999999999997,2.8284,2.3067
4129,Chicago,10/21/2025,2.5,Illinois,NORTHBROOK WATER PLANT,2.5,2.48075,2.3569999999999998,1.92225
4130,Chicago,10/22/2025,1.3,Illinois,NORTHBROOK WATER PLANT,1.3,1.28999,1.22564,0.9995700000000001
4131,Chicago,10/23/2025,2.0,Illinois,NORTHBROOK WATER PLANT,2.0,1.9846,1.8856,1.5378
4132,Chicago,10/24/2025,3.5,Illinois,NORTHBROOK WATER PLANT,3.5,3.4730499999999997,3.2998,2.69115
4133,Chicago,10/25/2025,5.5,Illinois,NORTHBROOK WATER PLANT,5.5,5.45765,5.1854,4.22895
4134,Chicago,10/26/2025,4.8,Illinois,NORTHBROOK WATER PLANT,4.8,4.763039999999999,4.52544,3.69072
4135,Chicago,10/27/2025,2.9,Illinois,NORTHBROOK WATER PLANT,2.9,2.8776699999999997,2.73412,2.22981
4136,Chicago,10/28/2025,3.5,Illinois,NORTHBROOK WATER PLANT,3.5,3.4730499999999997,3.2998,2.69115
4137,Chicago,10/29/2025,3.3,Illinois,NORTHBROOK WATER PLANT,3.3,3.27459,3.1112399999999996,2.53737
4138,Chicago,10/30/2025,3.3,Illinois,NORTHBROOK WATER PLANT,3.3,3.27459,3.1112399999999996,2.53737
4139,Chicago,10/31/2025,7.0,Illinois,NORTHBROOK WATER PLANT,7.0,6.9460999999999995,6.5996,5.3823
4140,Chicago,11/01/2025,5.3,Illinois,NORTHBROOK WATER PLANT,5.3,5.259189999999999,4.99684,4.07517
4141,Chicago,11/02/2025,4.5,Illinois,NORTHBROOK WATER PLANT,4.5,4.46535,4.2425999999999995,3.4600500000000003
4142,Chicago,11/03/2025,3.0,Illinois,NORTHBROOK WATER PLANT,3.0,2.9768999999999997,2.8284,2.3067
4143,Chicago,11/04/2025,4.4,Illinois,NORTHBROOK WATER PLANT,4.4,4.3661200000000004,4.14832,3.3831600000000006
4144,Chicago,11/05/2025,5.6,Illinois,NORTHBROOK WATER PLANT,5.6,5.55688,5.27968,4.30584
4145,Chicago,11/06/2025,4.8,Illinois,NORTHBROOK WATER PLANT,4.8,4.763039999999999,4.52544,3.69072
4146,Chicago,11/07/2025,5.3,Illinois,NORTHBROOK WATER PLANT,5.3,5.259189999999999,4.99684,4.07517
4147,Chicago,11/08/2025,1.3,Illinois,NORTHBROOK WATER PLANT,1.3,1.28999,1.22564,0.9995700000000001
4148,Chicago,11/09/2025,1.6,Illinois,NORTHBROOK WATER PLANT,1.6,1.58768,1.50848,1.2302400000000002
4149,Chicago,11/10/2025,1.5,Illinois,NORTHBROOK WATER PLANT,1.5,1.4884499999999998,1.4142,1.15335
4150,Chicago,11/11/2025,4.4,Illinois,NORTHBROOK WATER PLANT,4.4,4.3661200000000004,4.14832,3.3831600000000006
4151,Chicago,11/12/2025,3.5,Illinois,NORTHBROOK WATER PLANT,3.5,3.4730499999999997,3.2998,2.69115
4152,Chicago,11/13/2025,5.1,Illinois,NORTHBROOK WATER PLANT,5.1,5.0607299999999995,4.80828,3.9213899999999997
4153,Chicago,11/14/2025,11.6,Illinois,NORTHBROOK WATER PLANT,11.6,11.510679999999999,10.93648,8.91924
4154,Chicago,11/15/2025,6.7,Illinois,NORTHBROOK WATER PLANT,6.7,6.64841,6.31676,5.15163
4155,Chicago,11/16/2025,2.5,Illinois,NORTHBROOK WATER PLANT,2.5,2.48075,2.3569999999999998,1.92225
4156,Chicago,11/17/2025,3.9,Illinois,NORTHBROOK WATER PLANT,3.9,3.86997,3.67692,2.99871
4157,Chicago,11/18/2025,4.5,Illinois,NORTHBROOK WATER PLANT,4.5,4.46535,4.2425999999999995,3.4600500000000003
4158,Chicago,11/19/2025,10.1,Illinois,NORTHBROOK WATER PLANT,10.1,10.022229999999999,9.522279999999999,7.76589
4159,Chicago,11/20/2025,18.0,Illinois,NORTHBROOK WATER PLANT,18.0,17.8614,16.970399999999998,13.840200000000001
4160,Chicago,11/21/2025,10.3,Illinois,NORTHBROOK WATER PLANT,10.3,10.220690000000001,9.710840000000001,7.919670000000001
4161,Chicago,11/22/2025,9.4,Illinois,NORTHBROOK WATER PLANT,9.4,9.32762,8.86232,7.22766
4162,Chicago,11/23/2025,9.5,Illinois,NORTHBROOK WATER PLANT,9.5,9.42685,8.9566,7.30455
4163,Chicago,11/24/2025,13.1,Illinois,NORTHBROOK WATER PLANT,13.1,12.99913,12.350679999999999,10.07259
4164,Chicago,11/25/2025,10.1,Illinois,NORTHBROOK WATER PLANT,10.1,10.022229999999999,9.522279999999999,7.76589
4165,Chicago,11/26/2025,1.7,Illinois,NORTHBROOK WATER PLANT,1.7,1.68691,1.60276,1.30713
4166,Chicago,11/27/2025,1.8,Illinois,NORTHBROOK WATER PLANT,1.8,1.78614,1.6970399999999999,1.38402
4167,Chicago,11/28/2025,4.9,Illinois,NORTHBROOK WATER PLANT,4.9,4.8622700000000005,4.61972,3.7676100000000003
4168,Chicago,11/29/2025,6.1,Illinois,NORTHBROOK WATER PLANT,6.1,6.05303,5.751079999999999,4.69029
4169,Chicago,11/30/2025,4.0,Illinois,NORTHBROOK WATER PLANT,4.0,3.9692,3.7712,3.0756
4170,Chicago,12/01/2025,6.6,Illinois,NORTHBROOK WATER PLANT,6.6,6.54918,6.222479999999999,5.07474
4171,Chicago,12/02/2025,13.4,Illinois,NORTHBROOK WATER PLANT,13.4,13.29682,12.63352,10.30326
4172,Chicago,12/03/2025,11.9,Illinois,NORTHBROOK WATER PLANT,11.9,11.80837,11.21932,9.14991
4173,Chicago,12/04/2025,6.0,Illinois,NORTHBROOK WATER PLANT,6.0,5.953799999999999,5.6568,4.6134
4174,Chicago,12/05/2025,10.4,Illinois,NORTHBROOK WATER PLANT,10.4,10.31992,9.80512,7.996560000000001
4175,Chicago,12/06/2025,12.6,Illinois,NORTHBROOK WATER PLANT,12.6,12.502979999999999,11.87928,9.68814
4176,Chicago,12/07/2025,6.8,Illinois,NORTHBROOK WATER PLANT,6.8,6.74764,6.41104,5.22852
4177,Chicago,12/08/2025,5.2,Illinois,NORTHBROOK WATER PLANT,5.2,5.15996,4.90256,3.9982800000000003
4178,Chicago,12/09/2025,10.8,Illinois,NORTHBROOK WATER PLANT,10.8,10.71684,10.18224,8.304120000000001
4179,Chicago,12/10/2025,4.2,Illinois,NORTHBROOK WATER PLANT,4.2,4.16766,3.95976,3.2293800000000004
4180,Chicago,12/11/2025,6.3,Illinois,NORTHBROOK WATER PLANT,6.3,6.2514899999999995,5.93964,4.84407
4181,Chicago,12/12/2025,14.5,Illinois,NORTHBROOK WATER PLANT,14.5,14.388349999999999,13.6706,11.14905
4182,Chicago,12/13/2025,4.3,Illinois,NORTHBROOK WATER PLANT,4.3,4.26689,4.05404,3.30627
4183,Chicago,12/14/2025,3.4,Illinois,NORTHBROOK WATER PLANT,3.4,3.37382,3.20552,2.61426
4184,Chicago,12/15/2025,6.0,Illinois,NORTHBROOK WATER PLANT,6.0,5.953799999999999,5.6568,4.6134
4185,Chicago,12/16/2025,11.2,Illinois,NORTHBROOK WATER PLANT,11.2,11.11376,10.55936,8.61168
4186,Chicago,12/17/2025,11.4,Illinois,NORTHBROOK WATER PLANT,11.4,11.31222,10.74792,8.765460000000001
4187,Chicago,12/18/2025,7.1,Illinois,NORTHBROOK WATER PLANT,7.1,7.045329999999999,6.693879999999999,5.4591899999999995
4188,Chicago,12/19/2025,3.7,Illinois,NORTHBROOK WATER PLANT,3.7,3.67151,3.48836,2.84493
4189,Chicago,12/20/2025,3.3,Illinois,NORTHBROOK WATER PLANT,3.3,3.27459,3.1112399999999996,2.53737
4190,Chicago,12/21/2025,3.8,Illinois,NORTHBROOK WATER PLANT,3.8,3.7707399999999995,3.5826399999999996,2.92182
4191,Chicago,12/22/2025,4.2,Illinois,NORTHBROOK WATER PLANT,4.2,4.16766,3.95976,3.2293800000000004
4192,Chicago,12/23/2025,8.2,Illinois,NORTHBROOK WATER PLANT,8.2,8.136859999999999,7.730959999999999,6.30498
4193,Chicago,12/24/2025,11.9,Illinois,NORTHBROOK WATER PLANT,11.9,11.80837,11.21932,9.14991
4194,Chicago,12/25/2025,14.0,Illinois,NORTHBROOK WATER PLANT,14.0,13.892199999999999,13.1992,10.7646
4195,Chicago,12/26/2025,9.8,Illinois,NORTHBROOK WATER PLANT,9.8,9.724540000000001,9.23944,7.535220000000001
4196,Chicago,12/27/2025,12.1,Illinois,NORTHBROOK WATER PLANT,12.1,12.006829999999999,11.407879999999999,9.30369
4197,Chicago,12/28/2025,4.4,Illinois,NORTHBROOK WATER PLANT,4.4,4.3661200000000004,4.14832,3.3831600000000006
4198,Chicago,12/29/2025,2.4,Illinois,NORTHBROOK WATER PLANT,2.4,2.3815199999999996,2.26272,1.84536
4199,Chicago,12/30/2025,3.2,Illinois,NORTHBROOK WATER PLANT,3.2,3.17536,3.01696,2.4604800000000004
4200,Chicago,12/31/2025,4.6,Illinois,NORTHBROOK WATER PLANT,4.6,4.564579999999999,4.33688,3.53694
4201,Chicago,01/01/2025,2.7,Illinois,LIBERTY SCHOOL,2.7,2.67921,2.54556,2.0760300000000003
4202,Chicago,01/07/2025,4.8,Illinois,LIBERTY SCHOOL,4.8,4.763039999999999,4.52544,3.69072
4203,Chicago,01/13/2025,3.8,Illinois,LIBERTY SCHOOL,3.8,3.7707399999999995,3.5826399999999996,2.92182
4204,Chicago,01/30/2025,11.5,Illinois,LIBERTY SCHOOL,11.5,11.41145,10.8422,8.84235
4205,Chicago,01/31/2025,7.3,Illinois,LIBERTY SCHOOL,7.3,7.24379,6.88244,5.61297
4206,Chicago,01/01/2025,4.6,Illinois,LIBERTY SCHOOL,4.6,4.564579999999999,4.33688,3.53694
4207,Chicago,01/02/2025,4.5,Illinois,LIBERTY SCHOOL,4.5,4.46535,4.2425999999999995,3.4600500000000003
4208,Chicago,01/03/2025,6.2,Illinois,LIBERTY SCHOOL,6.2,6.15226,5.84536,4.767180000000001
4209,Chicago,01/04/2025,5.0,Illinois,LIBERTY SCHOOL,5.0,4.9615,4.7139999999999995,3.8445
4210,Chicago,01/05/2025,5.6,Illinois,LIBERTY SCHOOL,5.6,5.55688,5.27968,4.30584
4211,Chicago,01/09/2025,12.7,Illinois,LIBERTY SCHOOL,12.7,12.60221,11.973559999999999,9.76503
4212,Chicago,01/10/2025,19.4,Illinois,LIBERTY SCHOOL,19.4,19.250619999999998,18.290319999999998,14.91666
4213,Chicago,01/11/2025,9.5,Illinois,LIBERTY SCHOOL,9.5,9.42685,8.9566,7.30455
4214,Chicago,01/12/2025,9.3,Illinois,LIBERTY SCHOOL,9.3,9.228390000000001,8.768040000000001,7.1507700000000005
4215,Chicago,01/13/2025,5.3,Illinois,LIBERTY SCHOOL,5.3,5.259189999999999,4.99684,4.07517
4216,Chicago,01/14/2025,8.2,Illinois,LIBERTY SCHOOL,8.2,8.136859999999999,7.730959999999999,6.30498
4217,Chicago,01/15/2025,10.9,Illinois,LIBERTY SCHOOL,10.9,10.81607,10.27652,8.38101
4218,Chicago,01/16/2025,11.2,Illinois,LIBERTY SCHOOL,11.2,11.11376,10.55936,8.61168
4219,Chicago,01/17/2025,8.3,Illinois,LIBERTY SCHOOL,8.3,8.23609,7.825240000000001,6.381870000000001
4220,Chicago,01/18/2025,5.6,Illinois,LIBERTY SCHOOL,5.6,5.55688,5.27968,4.30584
4221,Chicago,01/19/2025,5.7,Illinois,LIBERTY SCHOOL,5.7,5.65611,5.37396,4.3827300000000005
4222,Chicago,01/20/2025,5.6,Illinois,LIBERTY SCHOOL,5.6,5.55688,5.27968,4.30584
4223,Chicago,01/21/2025,5.9,Illinois,LIBERTY SCHOOL,5.9,5.85457,5.56252,4.536510000000001
4224,Chicago,01/22/2025,8.0,Illinois,LIBERTY SCHOOL,8.0,7.9384,7.5424,6.1512
4225,Chicago,01/23/2025,8.0,Illinois,LIBERTY SCHOOL,8.0,7.9384,7.5424,6.1512
4226,Chicago,01/24/2025,10.2,Illinois,LIBERTY SCHOOL,10.2,10.121459999999999,9.61656,7.842779999999999
4227,Chicago,01/25/2025,8.4,Illinois,LIBERTY SCHOOL,8.4,8.33532,7.91952,6.458760000000001
4228,Chicago,01/28/2025,5.2,Illinois,LIBERTY SCHOOL,5.2,5.15996,4.90256,3.9982800000000003
4229,Chicago,01/29/2025,4.4,Illinois,LIBERTY SCHOOL,4.4,4.3661200000000004,4.14832,3.3831600000000006
4230,Chicago,01/30/2025,10.2,Illinois,LIBERTY SCHOOL,10.2,10.121459999999999,9.61656,7.842779999999999
4231,Chicago,01/31/2025,8.6,Illinois,LIBERTY SCHOOL,8.6,8.53378,8.10808,6.61254
4232,Chicago,02/01/2025,3.4,Illinois,LIBERTY SCHOOL,3.4,3.37382,3.20552,2.61426
4233,Chicago,02/02/2025,13.3,Illinois,LIBERTY SCHOOL,13.3,13.19759,12.53924,10.226370000000001
4234,Chicago,02/03/2025,11.5,Illinois,LIBERTY SCHOOL,11.5,11.41145,10.8422,8.84235
4235,Chicago,02/04/2025,3.4,Illinois,LIBERTY SCHOOL,3.4,3.37382,3.20552,2.61426
4236,Chicago,02/05/2025,6.6,Illinois,LIBERTY SCHOOL,6.6,6.54918,6.222479999999999,5.07474
4237,Chicago,02/06/2025,6.8,Illinois,LIBERTY SCHOOL,6.8,6.74764,6.41104,5.22852
4238,Chicago,02/07/2025,4.8,Illinois,LIBERTY SCHOOL,4.8,4.763039999999999,4.52544,3.69072
4239,Chicago,02/08/2025,7.8,Illinois,LIBERTY SCHOOL,7.8,7.73994,7.35384,5.99742
4240,Chicago,02/09/2025,6.7,Illinois,LIBERTY SCHOOL,6.7,6.64841,6.31676,5.15163
4241,Chicago,02/10/2025,6.2,Illinois,LIBERTY SCHOOL,6.2,6.15226,5.84536,4.767180000000001
4242,Chicago,02/11/2025,7.0,Illinois,LIBERTY SCHOOL,7.0,6.9460999999999995,6.5996,5.3823
4243,Chicago,02/12/2025,11.5,Illinois,LIBERTY SCHOOL,11.5,11.41145,10.8422,8.84235
4244,Chicago,02/13/2025,6.6,Illinois,LIBERTY SCHOOL,6.6,6.54918,6.222479999999999,5.07474
4245,Chicago,02/14/2025,10.8,Illinois,LIBERTY SCHOOL,10.8,10.71684,10.18224,8.304120000000001
4246,Chicago,02/15/2025,14.8,Illinois,LIBERTY SCHOOL,14.8,14.68604,13.95344,11.37972
4247,Chicago,02/16/2025,5.5,Illinois,LIBERTY SCHOOL,5.5,5.45765,5.1854,4.22895
4248,Chicago,02/17/2025,4.5,Illinois,LIBERTY SCHOOL,4.5,4.46535,4.2425999999999995,3.4600500000000003
4249,Chicago,02/18/2025,4.6,Illinois,LIBERTY SCHOOL,4.6,4.564579999999999,4.33688,3.53694
4250,Chicago,02/19/2025,4.6,Illinois,LIBERTY SCHOOL,4.6,4.564579999999999,4.33688,3.53694
4251,Chicago,02/20/2025,5.6,Illinois,LIBERTY SCHOOL,5.6,5.55688,5.27968,4.30584
4252,Chicago,02/21/2025,8.2,Illinois,LIBERTY SCHOOL,8.2,8.136859999999999,7.730959999999999,6.30498
4253,Chicago,02/22/2025,7.8,Illinois,LIBERTY SCHOOL,7.8,7.73994,7.35384,5.99742
4254,Chicago,02/23/2025,15.1,Illinois,LIBERTY SCHOOL,15.1,14.98373,14.236279999999999,11.61039
4255,Chicago,02/24/2025,10.5,Illinois,LIBERTY SCHOOL,10.5,10.41915,9.8994,8.073450000000001
4256,Chicago,02/25/2025,10.9,Illinois,LIBERTY SCHOOL,10.9,10.81607,10.27652,8.38101
4257,Chicago,02/26/2025,13.7,Illinois,LIBERTY SCHOOL,13.7,13.594509999999998,12.91636,10.53393
4258,Chicago,02/27/2025,10.8,Illinois,LIBERTY SCHOOL,10.8,10.71684,10.18224,8.304120000000001
4259,Chicago,02/28/2025,4.0,Illinois,LIBERTY SCHOOL,4.0,3.9692,3.7712,3.0756
4260,Chicago,03/01/2025,3.5,Illinois,LIBERTY SCHOOL,3.5,3.4730499999999997,3.2998,2.69115
4261,Chicago,03/02/2025,6.6,Illinois,LIBERTY SCHOOL,6.6,6.54918,6.222479999999999,5.07474
4262,Chicago,03/03/2025,8.9,Illinois,LIBERTY SCHOOL,8.9,8.83147,8.39092,6.843210000000001
4263,Chicago,03/04/2025,8.8,Illinois,LIBERTY SCHOOL,8.8,8.732240000000001,8.29664,6.766320000000001
4264,Chicago,03/05/2025,4.4,Illinois,LIBERTY SCHOOL,4.4,4.3661200000000004,4.14832,3.3831600000000006
4265,Chicago,03/06/2025,3.1,Illinois,LIBERTY SCHOOL,3.1,3.07613,2.92268,2.3835900000000003
4266,Chicago,03/07/2025,9.5,Illinois,LIBERTY SCHOOL,9.5,9.42685,8.9566,7.30455
4267,Chicago,03/08/2025,5.6,Illinois,LIBERTY SCHOOL,5.6,5.55688,5.27968,4.30584
4268,Chicago,03/09/2025,4.5,Illinois,LIBERTY SCHOOL,4.5,4.46535,4.2425999999999995,3.4600500000000003
4269,Chicago,03/10/2025,5.7,Illinois,LIBERTY SCHOOL,5.7,5.65611,5.37396,4.3827300000000005
4270,Chicago,03/11/2025,4.4,Illinois,LIBERTY SCHOOL,4.4,4.3661200000000004,4.14832,3.3831600000000006
4271,Chicago,03/12/2025,5.2,Illinois,LIBERTY SCHOOL,5.2,5.15996,4.90256,3.9982800000000003
4272,Chicago,03/13/2025,12.1,Illinois,LIBERTY SCHOOL,12.1,12.006829999999999,11.407879999999999,9.30369
4273,Chicago,03/14/2025,12.9,Illinois,LIBERTY SCHOOL,12.9,12.80067,12.16212,9.91881
4274,Chicago,03/15/2025,27.2,Illinois,LIBERTY SCHOOL,27.2,26.99056,25.64416,20.91408
4275,Chicago,03/16/2025,5.1,Illinois,LIBERTY SCHOOL,5.1,5.0607299999999995,4.80828,3.9213899999999997
4276,Chicago,03/17/2025,5.6,Illinois,LIBERTY SCHOOL,5.6,5.55688,5.27968,4.30584
4277,Chicago,03/18/2025,6.5,Illinois,LIBERTY SCHOOL,6.5,6.449949999999999,6.1282,4.997850000000001
4278,Chicago,03/19/2025,6.4,Illinois,LIBERTY SCHOOL,6.4,6.35072,6.03392,4.920960000000001
4279,Chicago,03/20/2025,3.7,Illinois,LIBERTY SCHOOL,3.7,3.67151,3.48836,2.84493
4280,Chicago,03/21/2025,6.6,Illinois,LIBERTY SCHOOL,6.6,6.54918,6.222479999999999,5.07474
4281,Chicago,03/22/2025,3.9,Illinois,LIBERTY SCHOOL,3.9,3.86997,3.67692,2.99871
4282,Chicago,03/23/2025,5.5,Illinois,LIBERTY SCHOOL,5.5,5.45765,5.1854,4.22895
4283,Chicago,03/24/2025,4.8,Illinois,LIBERTY SCHOOL,4.8,4.763039999999999,4.52544,3.69072
4284,Chicago,03/25/2025,8.0,Illinois,LIBERTY SCHOOL,8.0,7.9384,7.5424,6.1512
4285,Chicago,03/26/2025,11.9,Illinois,LIBERTY SCHOOL,11.9,11.80837,11.21932,9.14991
4286,Chicago,03/27/2025,13.0,Illinois,LIBERTY SCHOOL,13.0,12.899899999999999,12.2564,9.995700000000001
4287,Chicago,03/28/2025,10.1,Illinois,LIBERTY SCHOOL,10.1,10.022229999999999,9.522279999999999,7.76589
4288,Chicago,03/29/2025,7.9,Illinois,LIBERTY SCHOOL,7.9,7.83917,7.44812,6.0743100000000005
4289,Chicago,03/30/2025,6.1,Illinois,LIBERTY SCHOOL,6.1,6.05303,5.751079999999999,4.69029
4290,Chicago,03/31/2025,3.6,Illinois,LIBERTY SCHOOL,3.6,3.57228,3.3940799999999998,2.76804
4291,Chicago,04/01/2025,4.7,Illinois,LIBERTY SCHOOL,4.7,4.66381,4.43116,3.61383
4292,Chicago,04/02/2025,9.9,Illinois,LIBERTY SCHOOL,9.9,9.82377,9.33372,7.61211
4293,Chicago,04/03/2025,5.1,Illinois,LIBERTY SCHOOL,5.1,5.0607299999999995,4.80828,3.9213899999999997
4294,Chicago,04/04/2025,6.0,Illinois,LIBERTY SCHOOL,6.0,5.953799999999999,5.6568,4.6134
4295,Chicago,04/05/2025,5.0,Illinois,LIBERTY SCHOOL,5.0,4.9615,4.7139999999999995,3.8445
4296,Chicago,04/06/2025,4.9,Illinois,LIBERTY SCHOOL,4.9,4.8622700000000005,4.61972,3.7676100000000003
4297,Chicago,04/07/2025,4.6,Illinois,LIBERTY SCHOOL,4.6,4.564579999999999,4.33688,3.53694
4298,Chicago,04/08/2025,4.2,Illinois,LIBERTY SCHOOL,4.2,4.16766,3.95976,3.2293800000000004
4299,Chicago,04/09/2025,8.1,Illinois,LIBERTY SCHOOL,8.1,8.03763,7.636679999999999,6.22809
4300,Chicago,04/10/2025,13.7,Illinois,LIBERTY SCHOOL,13.7,13.594509999999998,12.91636,10.53393
4301,Chicago,04/11/2025,11.4,Illinois,LIBERTY SCHOOL,11.4,11.31222,10.74792,8.765460000000001
4302,Chicago,04/12/2025,14.4,Illinois,LIBERTY SCHOOL,14.4,14.28912,13.576319999999999,11.07216
4303,Chicago,04/13/2025,8.2,Illinois,LIBERTY SCHOOL,8.2,8.136859999999999,7.730959999999999,6.30498
4304,Chicago,04/14/2025,5.6,Illinois,LIBERTY SCHOOL,5.6,5.55688,5.27968,4.30584
4305,Chicago,04/15/2025,2.6,Illinois,LIBERTY SCHOOL,2.6,2.57998,2.45128,1.9991400000000001
4306,Chicago,04/16/2025,5.7,Illinois,LIBERTY SCHOOL,5.7,5.65611,5.37396,4.3827300000000005
4307,Chicago,04/17/2025,7.7,Illinois,LIBERTY SCHOOL,7.7,7.6407099999999994,7.25956,5.92053
4308,Chicago,04/18/2025,12.8,Illinois,LIBERTY SCHOOL,12.8,12.70144,12.06784,9.841920000000002
4309,Chicago,04/19/2025,8.3,Illinois,LIBERTY SCHOOL,8.3,8.23609,7.825240000000001,6.381870000000001
4310,Chicago,04/20/2025,7.8,Illinois,LIBERTY SCHOOL,7.8,7.73994,7.35384,5.99742
4311,Chicago,04/21/2025,3.2,Illinois,LIBERTY SCHOOL,3.2,3.17536,3.01696,2.4604800000000004
4312,Chicago,04/22/2025,8.2,Illinois,LIBERTY SCHOOL,8.2,8.136859999999999,7.730959999999999,6.30498
4313,Chicago,04/23/2025,6.1,Illinois,LIBERTY SCHOOL,6.1,6.05303,5.751079999999999,4.69029
4314,Chicago,04/24/2025,14.0,Illinois,LIBERTY SCHOOL,14.0,13.892199999999999,13.1992,10.7646
4315,Chicago,04/25/2025,4.8,Illinois,LIBERTY SCHOOL,4.8,4.763039999999999,4.52544,3.69072
4316,Chicago,04/26/2025,2.8,Illinois,LIBERTY SCHOOL,2.8,2.77844,2.63984,2.15292
4317,Chicago,04/27/2025,7.0,Illinois,LIBERTY SCHOOL,7.0,6.9460999999999995,6.5996,5.3823
4318,Chicago,04/28/2025,8.2,Illinois,LIBERTY SCHOOL,8.2,8.136859999999999,7.730959999999999,6.30498
4319,Chicago,04/29/2025,5.9,Illinois,LIBERTY SCHOOL,5.9,5.85457,5.56252,4.536510000000001
4320,Chicago,04/30/2025,4.5,Illinois,LIBERTY SCHOOL,4.5,4.46535,4.2425999999999995,3.4600500000000003
4321,Chicago,05/01/2025,7.3,Illinois,LIBERTY SCHOOL,7.3,7.24379,6.88244,5.61297
4322,Chicago,05/02/2025,5.5,Illinois,LIBERTY SCHOOL,5.5,5.45765,5.1854,4.22895
4323,Chicago,05/03/2025,3.0,Illinois,LIBERTY SCHOOL,3.0,2.9768999999999997,2.8284,2.3067
4324,Chicago,05/04/2025,2.9,Illinois,LIBERTY SCHOOL,2.9,2.8776699999999997,2.73412,2.22981
4325,Chicago,05/05/2025,5.4,Illinois,LIBERTY SCHOOL,5.4,5.35842,5.09112,4.1520600000000005
4326,Chicago,05/06/2025,9.9,Illinois,LIBERTY SCHOOL,9.9,9.82377,9.33372,7.61211
4327,Chicago,05/07/2025,11.5,Illinois,LIBERTY SCHOOL,11.5,11.41145,10.8422,8.84235
4328,Chicago,05/08/2025,3.6,Illinois,LIBERTY SCHOOL,3.6,3.57228,3.3940799999999998,2.76804
4329,Chicago,05/09/2025,5.3,Illinois,LIBERTY SCHOOL,5.3,5.259189999999999,4.99684,4.07517
4330,Chicago,05/10/2025,5.8,Illinois,LIBERTY SCHOOL,5.8,5.7553399999999995,5.46824,4.45962
4331,Chicago,05/11/2025,5.0,Illinois,LIBERTY SCHOOL,5.0,4.9615,4.7139999999999995,3.8445
4332,Chicago,05/12/2025,10.6,Illinois,LIBERTY SCHOOL,10.6,10.518379999999999,9.99368,8.15034
4333,Chicago,05/13/2025,8.7,Illinois,LIBERTY SCHOOL,8.7,8.633009999999999,8.202359999999999,6.68943
4334,Chicago,05/14/2025,8.3,Illinois,LIBERTY SCHOOL,8.3,8.23609,7.825240000000001,6.381870000000001
4335,Chicago,05/15/2025,15.1,Illinois,LIBERTY SCHOOL,15.1,14.98373,14.236279999999999,11.61039
4336,Chicago,05/16/2025,10.4,Illinois,LIBERTY SCHOOL,10.4,10.31992,9.80512,7.996560000000001
4337,Chicago,05/17/2025,2.7,Illinois,LIBERTY SCHOOL,2.7,2.67921,2.54556,2.0760300000000003
4338,Chicago,05/18/2025,3.6,Illinois,LIBERTY SCHOOL,3.6,3.57228,3.3940799999999998,2.76804
4339,Chicago,05/19/2025,3.4,Illinois,LIBERTY SCHOOL,3.4,3.37382,3.20552,2.61426
4340,Chicago,05/20/2025,6.1,Illinois,LIBERTY SCHOOL,6.1,6.05303,5.751079999999999,4.69029
4341,Chicago,05/21/2025,3.5,Illinois,LIBERTY SCHOOL,3.5,3.4730499999999997,3.2998,2.69115
4342,Chicago,05/22/2025,3.2,Illinois,LIBERTY SCHOOL,3.2,3.17536,3.01696,2.4604800000000004
4343,Chicago,05/23/2025,5.2,Illinois,LIBERTY SCHOOL,5.2,5.15996,4.90256,3.9982800000000003
4344,Chicago,05/24/2025,4.2,Illinois,LIBERTY SCHOOL,4.2,4.16766,3.95976,3.2293800000000004
4345,Chicago,05/25/2025,3.6,Illinois,LIBERTY SCHOOL,3.6,3.57228,3.3940799999999998,2.76804
4346,Chicago,05/26/2025,4.2,Illinois,LIBERTY SCHOOL,4.2,4.16766,3.95976,3.2293800000000004
4347,Chicago,05/27/2025,6.2,Illinois,LIBERTY SCHOOL,6.2,6.15226,5.84536,4.767180000000001
4348,Chicago,05/28/2025,7.4,Illinois,LIBERTY SCHOOL,7.4,7.34302,6.97672,5.68986
4349,Chicago,05/29/2025,13.3,Illinois,LIBERTY SCHOOL,13.3,13.19759,12.53924,10.226370000000001
4350,Chicago,05/30/2025,16.7,Illinois,LIBERTY SCHOOL,16.7,16.57141,15.74476,12.840629999999999
4351,Chicago,05/31/2025,8.7,Illinois,LIBERTY SCHOOL,8.7,8.633009999999999,8.202359999999999,6.68943
4352,Chicago,06/01/2025,7.2,Illinois,LIBERTY SCHOOL,7.2,7.14456,6.7881599999999995,5.53608
4353,Chicago,06/02/2025,9.9,Illinois,LIBERTY SCHOOL,9.9,9.82377,9.33372,7.61211
4354,Chicago,06/03/2025,15.4,Illinois,LIBERTY SCHOOL,15.4,15.281419999999999,14.51912,11.84106
4355,Chicago,06/04/2025,22.2,Illinois,LIBERTY SCHOOL,22.2,22.029059999999998,20.930159999999997,17.06958
4356,Chicago,06/05/2025,58.2,Illinois,LIBERTY SCHOOL,58.2,57.75186,54.870960000000004,44.74998
4357,Chicago,06/06/2025,37.7,Illinois,LIBERTY SCHOOL,37.7,37.409710000000004,35.54356,28.987530000000003
4358,Chicago,06/07/2025,27.5,Illinois,LIBERTY SCHOOL,27.5,27.288249999999998,25.927,21.144750000000002
4359,Chicago,06/08/2025,27.2,Illinois,LIBERTY SCHOOL,27.2,26.99056,25.64416,20.91408
4360,Chicago,06/09/2025,18.3,Illinois,LIBERTY SCHOOL,18.3,18.15909,17.25324,14.070870000000001
4361,Chicago,06/10/2025,19.0,Illinois,LIBERTY SCHOOL,19.0,18.8537,17.9132,14.6091
4362,Chicago,06/11/2025,24.3,Illinois,LIBERTY SCHOOL,24.3,24.11289,22.91004,18.68427
4363,Chicago,06/12/2025,28.9,Illinois,LIBERTY SCHOOL,28.9,28.677469999999996,27.24692,22.22121
4364,Chicago,06/13/2025,29.4,Illinois,LIBERTY SCHOOL,29.4,29.173619999999996,27.71832,22.60566
4365,Chicago,06/14/2025,16.5,Illinois,LIBERTY SCHOOL,16.5,16.37295,15.556199999999999,12.68685
4366,Chicago,06/15/2025,12.1,Illinois,LIBERTY SCHOOL,12.1,12.006829999999999,11.407879999999999,9.30369
4367,Chicago,06/16/2025,16.8,Illinois,LIBERTY SCHOOL,16.8,16.67064,15.83904,12.917520000000001
4368,Chicago,06/17/2025,9.9,Illinois,LIBERTY SCHOOL,9.9,9.82377,9.33372,7.61211
4369,Chicago,06/18/2025,8.6,Illinois,LIBERTY SCHOOL,8.6,8.53378,8.10808,6.61254
4370,Chicago,06/19/2025,11.0,Illinois,LIBERTY SCHOOL,11.0,10.9153,10.3708,8.4579
4371,Chicago,06/20/2025,8.0,Illinois,LIBERTY SCHOOL,8.0,7.9384,7.5424,6.1512
4372,Chicago,06/21/2025,10.9,Illinois,LIBERTY SCHOOL,10.9,10.81607,10.27652,8.38101
4373,Chicago,06/22/2025,13.1,Illinois,LIBERTY SCHOOL,13.1,12.99913,12.350679999999999,10.07259
4374,Chicago,06/23/2025,13.1,Illinois,LIBERTY SCHOOL,13.1,12.99913,12.350679999999999,10.07259
4375,Chicago,06/24/2025,7.2,Illinois,LIBERTY SCHOOL,7.2,7.14456,6.7881599999999995,5.53608
4376,Chicago,06/25/2025,7.6,Illinois,LIBERTY SCHOOL,7.6,7.541479999999999,7.165279999999999,5.84364
4377,Chicago,06/26/2025,10.9,Illinois,LIBERTY SCHOOL,10.9,10.81607,10.27652,8.38101
4378,Chicago,06/27/2025,6.0,Illinois,LIBERTY SCHOOL,6.0,5.953799999999999,5.6568,4.6134
4379,Chicago,06/28/2025,4.8,Illinois,LIBERTY SCHOOL,4.8,4.763039999999999,4.52544,3.69072
4380,Chicago,06/29/2025,8.2,Illinois,LIBERTY SCHOOL,8.2,8.136859999999999,7.730959999999999,6.30498
4381,Chicago,06/30/2025,5.8,Illinois,LIBERTY SCHOOL,5.8,5.7553399999999995,5.46824,4.45962
4382,Chicago,07/01/2025,7.7,Illinois,LIBERTY SCHOOL,7.7,7.6407099999999994,7.25956,5.92053
4383,Chicago,07/02/2025,13.5,Illinois,LIBERTY SCHOOL,13.5,13.396049999999999,12.7278,10.38015
4384,Chicago,07/03/2025,12.2,Illinois,LIBERTY SCHOOL,12.2,12.10606,11.502159999999998,9.38058
4385,Chicago,07/04/2025,40.2,Illinois,LIBERTY SCHOOL,40.2,39.890460000000004,37.90056,30.909780000000005
4386,Chicago,07/05/2025,16.5,Illinois,LIBERTY SCHOOL,16.5,16.37295,15.556199999999999,12.68685
4387,Chicago,07/06/2025,8.6,Illinois,LIBERTY SCHOOL,8.6,8.53378,8.10808,6.61254
4388,Chicago,07/07/2025,19.0,Illinois,LIBERTY SCHOOL,19.0,18.8537,17.9132,14.6091
4389,Chicago,07/08/2025,20.2,Illinois,LIBERTY SCHOOL,20.2,20.044459999999997,19.044559999999997,15.53178
4390,Chicago,07/09/2025,11.0,Illinois,LIBERTY SCHOOL,11.0,10.9153,10.3708,8.4579
4391,Chicago,07/10/2025,8.9,Illinois,LIBERTY SCHOOL,8.9,8.83147,8.39092,6.843210000000001
4392,Chicago,07/11/2025,8.0,Illinois,LIBERTY SCHOOL,8.0,7.9384,7.5424,6.1512
4393,Chicago,07/12/2025,5.9,Illinois,LIBERTY SCHOOL,5.9,5.85457,5.56252,4.536510000000001
4394,Chicago,07/13/2025,23.2,Illinois,LIBERTY SCHOOL,23.2,23.021359999999998,21.87296,17.83848
4395,Chicago,07/14/2025,34.3,Illinois,LIBERTY SCHOOL,34.3,34.035889999999995,32.33804,26.373269999999998
4396,Chicago,07/15/2025,20.8,Illinois,LIBERTY SCHOOL,20.8,20.63984,19.61024,15.993120000000001
4397,Chicago,07/16/2025,7.2,Illinois,LIBERTY SCHOOL,7.2,7.14456,6.7881599999999995,5.53608
4398,Chicago,07/17/2025,3.3,Illinois,LIBERTY SCHOOL,3.3,3.27459,3.1112399999999996,2.53737
4399,Chicago,07/18/2025,7.4,Illinois,LIBERTY SCHOOL,7.4,7.34302,6.97672,5.68986
4400,Chicago,07/19/2025,6.1,Illinois,LIBERTY SCHOOL,6.1,6.05303,5.751079999999999,4.69029
4401,Chicago,07/20/2025,9.7,Illinois,LIBERTY SCHOOL,9.7,9.625309999999999,9.145159999999999,7.45833
4402,Chicago,07/21/2025,29.0,Illinois,LIBERTY SCHOOL,29.0,28.776699999999998,27.3412,22.2981
4403,Chicago,07/22/2025,28.3,Illinois,LIBERTY SCHOOL,28.3,28.08209,26.68124,21.759870000000003
4404,Chicago,07/23/2025,17.5,Illinois,LIBERTY SCHOOL,17.5,17.36525,16.499,13.45575
4405,Chicago,07/24/2025,10.2,Illinois,LIBERTY SCHOOL,10.2,10.121459999999999,9.61656,7.842779999999999
4406,Chicago,07/25/2025,6.2,Illinois,LIBERTY SCHOOL,6.2,6.15226,5.84536,4.767180000000001
4407,Chicago,07/26/2025,6.0,Illinois,LIBERTY SCHOOL,6.0,5.953799999999999,5.6568,4.6134
4408,Chicago,07/27/2025,8.4,Illinois,LIBERTY SCHOOL,8.4,8.33532,7.91952,6.458760000000001
4409,Chicago,07/28/2025,8.9,Illinois,LIBERTY SCHOOL,8.9,8.83147,8.39092,6.843210000000001
4410,Chicago,07/29/2025,11.1,Illinois,LIBERTY SCHOOL,11.1,11.014529999999999,10.465079999999999,8.53479
4411,Chicago,07/30/2025,12.5,Illinois,LIBERTY SCHOOL,12.5,12.403749999999999,11.785,9.61125
4412,Chicago,07/31/2025,70.7,Illinois,LIBERTY SCHOOL,70.7,70.15561,66.65596000000001,54.361230000000006
4413,Chicago,08/01/2025,47.4,Illinois,LIBERTY SCHOOL,47.4,47.035019999999996,44.688719999999996,36.44586
4414,Chicago,08/02/2025,25.7,Illinois,LIBERTY SCHOOL,25.7,25.50211,24.22996,19.76073
4415,Chicago,08/03/2025,34.1,Illinois,LIBERTY SCHOOL,34.1,33.83743,32.14948,26.21949
4416,Chicago,08/04/2025,20.0,Illinois,LIBERTY SCHOOL,20.0,19.846,18.855999999999998,15.378
4417,Chicago,08/05/2025,33.2,Illinois,LIBERTY SCHOOL,33.2,32.94436,31.300960000000003,25.527480000000004
4418,Chicago,08/06/2025,34.9,Illinois,LIBERTY SCHOOL,34.9,34.63127,32.90372,26.83461
4419,Chicago,08/07/2025,16.7,Illinois,LIBERTY SCHOOL,16.7,16.57141,15.74476,12.840629999999999
4420,Chicago,08/08/2025,14.3,Illinois,LIBERTY SCHOOL,14.3,14.18989,13.48204,10.995270000000001
4421,Chicago,08/09/2025,13.1,Illinois,LIBERTY SCHOOL,13.1,12.99913,12.350679999999999,10.07259
4422,Chicago,08/10/2025,10.3,Illinois,LIBERTY SCHOOL,10.3,10.220690000000001,9.710840000000001,7.919670000000001
4423,Chicago,08/11/2025,8.5,Illinois,LIBERTY SCHOOL,8.5,8.43455,8.0138,6.53565
4424,Chicago,08/12/2025,7.9,Illinois,LIBERTY SCHOOL,7.9,7.83917,7.44812,6.0743100000000005
4425,Chicago,08/13/2025,12.8,Illinois,LIBERTY SCHOOL,12.8,12.70144,12.06784,9.841920000000002
4426,Chicago,08/14/2025,20.2,Illinois,LIBERTY SCHOOL,20.2,20.044459999999997,19.044559999999997,15.53178
4427,Chicago,08/15/2025,19.8,Illinois,LIBERTY SCHOOL,19.8,19.64754,18.66744,15.22422
4428,Chicago,08/16/2025,11.1,Illinois,LIBERTY SCHOOL,11.1,11.014529999999999,10.465079999999999,8.53479
4429,Chicago,08/17/2025,5.2,Illinois,LIBERTY SCHOOL,5.2,5.15996,4.90256,3.9982800000000003
4430,Chicago,08/18/2025,7.6,Illinois,LIBERTY SCHOOL,7.6,7.541479999999999,7.165279999999999,5.84364
4431,Chicago,08/19/2025,4.9,Illinois,LIBERTY SCHOOL,4.9,4.8622700000000005,4.61972,3.7676100000000003
4432,Chicago,08/20/2025,3.1,Illinois,LIBERTY SCHOOL,3.1,3.07613,2.92268,2.3835900000000003
4433,Chicago,08/21/2025,3.4,Illinois,LIBERTY SCHOOL,3.4,3.37382,3.20552,2.61426
4434,Chicago,08/22/2025,7.8,Illinois,LIBERTY SCHOOL,7.8,7.73994,7.35384,5.99742
4435,Chicago,08/23/2025,5.5,Illinois,LIBERTY SCHOOL,5.5,5.45765,5.1854,4.22895
4436,Chicago,08/24/2025,3.3,Illinois,LIBERTY SCHOOL,3.3,3.27459,3.1112399999999996,2.53737
4437,Chicago,08/25/2025,3.5,Illinois,LIBERTY SCHOOL,3.5,3.4730499999999997,3.2998,2.69115
4438,Chicago,08/26/2025,5.4,Illinois,LIBERTY SCHOOL,5.4,5.35842,5.09112,4.1520600000000005
4439,Chicago,08/27/2025,6.1,Illinois,LIBERTY SCHOOL,6.1,6.05303,5.751079999999999,4.69029
4440,Chicago,08/28/2025,6.7,Illinois,LIBERTY SCHOOL,6.7,6.64841,6.31676,5.15163
4441,Chicago,08/29/2025,3.2,Illinois,LIBERTY SCHOOL,3.2,3.17536,3.01696,2.4604800000000004
4442,Chicago,08/30/2025,5.4,Illinois,LIBERTY SCHOOL,5.4,5.35842,5.09112,4.1520600000000005
4443,Chicago,08/31/2025,7.0,Illinois,LIBERTY SCHOOL,7.0,6.9460999999999995,6.5996,5.3823
4444,Chicago,09/01/2025,6.7,Illinois,LIBERTY SCHOOL,6.7,6.64841,6.31676,5.15163
4445,Chicago,09/02/2025,8.8,Illinois,LIBERTY SCHOOL,8.8,8.732240000000001,8.29664,6.766320000000001
4446,Chicago,09/03/2025,11.1,Illinois,LIBERTY SCHOOL,11.1,11.014529999999999,10.465079999999999,8.53479
4447,Chicago,09/04/2025,9.9,Illinois,LIBERTY SCHOOL,9.9,9.82377,9.33372,7.61211
4448,Chicago,09/05/2025,7.2,Illinois,LIBERTY SCHOOL,7.2,7.14456,6.7881599999999995,5.53608
4449,Chicago,09/06/2025,3.6,Illinois,LIBERTY SCHOOL,3.6,3.57228,3.3940799999999998,2.76804
4450,Chicago,09/07/2025,4.9,Illinois,LIBERTY SCHOOL,4.9,4.8622700000000005,4.61972,3.7676100000000003
4451,Chicago,09/08/2025,5.7,Illinois,LIBERTY SCHOOL,5.7,5.65611,5.37396,4.3827300000000005
4452,Chicago,09/09/2025,7.0,Illinois,LIBERTY SCHOOL,7.0,6.9460999999999995,6.5996,5.3823
4453,Chicago,09/10/2025,11.0,Illinois,LIBERTY SCHOOL,11.0,10.9153,10.3708,8.4579
4454,Chicago,09/11/2025,9.5,Illinois,LIBERTY SCHOOL,9.5,9.42685,8.9566,7.30455
4455,Chicago,09/12/2025,12.4,Illinois,LIBERTY SCHOOL,12.4,12.30452,11.69072,9.534360000000001
4456,Chicago,09/13/2025,14.9,Illinois,LIBERTY SCHOOL,14.9,14.78527,14.04772,11.456610000000001
4457,Chicago,09/14/2025,13.9,Illinois,LIBERTY SCHOOL,13.9,13.79297,13.10492,10.687710000000001
4458,Chicago,09/15/2025,13.4,Illinois,LIBERTY SCHOOL,13.4,13.29682,12.63352,10.30326
4459,Chicago,09/16/2025,15.1,Illinois,LIBERTY SCHOOL,15.1,14.98373,14.236279999999999,11.61039
4460,Chicago,09/17/2025,13.2,Illinois,LIBERTY SCHOOL,13.2,13.09836,12.444959999999998,10.14948
4461,Chicago,09/18/2025,16.5,Illinois,LIBERTY SCHOOL,16.5,16.37295,15.556199999999999,12.68685
4462,Chicago,09/19/2025,20.8,Illinois,LIBERTY SCHOOL,20.8,20.63984,19.61024,15.993120000000001
4463,Chicago,09/20/2025,15.5,Illinois,LIBERTY SCHOOL,15.5,15.38065,14.6134,11.917950000000001
4464,Chicago,09/21/2025,10.3,Illinois,LIBERTY SCHOOL,10.3,10.220690000000001,9.710840000000001,7.919670000000001
4465,Chicago,09/22/2025,8.0,Illinois,LIBERTY SCHOOL,8.0,7.9384,7.5424,6.1512
4466,Chicago,09/23/2025,8.7,Illinois,LIBERTY SCHOOL,8.7,8.633009999999999,8.202359999999999,6.68943
4467,Chicago,09/24/2025,3.7,Illinois,LIBERTY SCHOOL,3.7,3.67151,3.48836,2.84493
4468,Chicago,09/25/2025,5.6,Illinois,LIBERTY SCHOOL,5.6,5.55688,5.27968,4.30584
4469,Chicago,09/26/2025,8.4,Illinois,LIBERTY SCHOOL,8.4,8.33532,7.91952,6.458760000000001
4470,Chicago,09/27/2025,11.7,Illinois,LIBERTY SCHOOL,11.7,11.60991,11.030759999999999,8.996129999999999
4471,Chicago,09/28/2025,10.5,Illinois,LIBERTY SCHOOL,10.5,10.41915,9.8994,8.073450000000001
4472,Chicago,09/29/2025,13.0,Illinois,LIBERTY SCHOOL,13.0,12.899899999999999,12.2564,9.995700000000001
4473,Chicago,09/30/2025,11.8,Illinois,LIBERTY SCHOOL,11.8,11.70914,11.12504,9.073020000000001
4474,Chicago,10/01/2025,7.3,Illinois,LIBERTY SCHOOL,7.3,7.24379,6.88244,5.61297
4475,Chicago,10/02/2025,13.0,Illinois,LIBERTY SCHOOL,13.0,12.899899999999999,12.2564,9.995700000000001
4476,Chicago,10/03/2025,14.7,Illinois,LIBERTY SCHOOL,14.7,14.586809999999998,13.85916,11.30283
4477,Chicago,10/04/2025,14.1,Illinois,LIBERTY SCHOOL,14.1,13.99143,13.293479999999999,10.84149
4478,Chicago,10/05/2025,8.9,Illinois,LIBERTY SCHOOL,8.9,8.83147,8.39092,6.843210000000001
4479,Chicago,10/06/2025,7.5,Illinois,LIBERTY SCHOOL,7.5,7.44225,7.071,5.76675
4480,Chicago,10/07/2025,3.7,Illinois,LIBERTY SCHOOL,3.7,3.67151,3.48836,2.84493
4481,Chicago,10/08/2025,3.6,Illinois,LIBERTY SCHOOL,3.6,3.57228,3.3940799999999998,2.76804
4482,Chicago,10/09/2025,5.3,Illinois,LIBERTY SCHOOL,5.3,5.259189999999999,4.99684,4.07517
4483,Chicago,10/10/2025,7.4,Illinois,LIBERTY SCHOOL,7.4,7.34302,6.97672,5.68986
4484,Chicago,10/11/2025,2.8,Illinois,LIBERTY SCHOOL,2.8,2.77844,2.63984,2.15292
4485,Chicago,10/12/2025,5.4,Illinois,LIBERTY SCHOOL,5.4,5.35842,5.09112,4.1520600000000005
4486,Chicago,10/13/2025,11.1,Illinois,LIBERTY SCHOOL,11.1,11.014529999999999,10.465079999999999,8.53479
4487,Chicago,10/14/2025,9.0,Illinois,LIBERTY SCHOOL,9.0,8.9307,8.485199999999999,6.920100000000001
4488,Chicago,10/15/2025,3.9,Illinois,LIBERTY SCHOOL,3.9,3.86997,3.67692,2.99871
4489,Chicago,10/16/2025,5.9,Illinois,LIBERTY SCHOOL,5.9,5.85457,5.56252,4.536510000000001
4490,Chicago,10/17/2025,5.0,Illinois,LIBERTY SCHOOL,5.0,4.9615,4.7139999999999995,3.8445
4491,Chicago,10/18/2025,12.5,Illinois,LIBERTY SCHOOL,12.5,12.403749999999999,11.785,9.61125
4492,Chicago,10/19/2025,3.4,Illinois,LIBERTY SCHOOL,3.4,3.37382,3.20552,2.61426
4493,Chicago,10/20/2025,4.0,Illinois,LIBERTY SCHOOL,4.0,3.9692,3.7712,3.0756
4494,Chicago,10/21/2025,3.4,Illinois,LIBERTY SCHOOL,3.4,3.37382,3.20552,2.61426
4495,Chicago,10/22/2025,2.2,Illinois,LIBERTY SCHOOL,2.2,2.1830600000000002,2.07416,1.6915800000000003
4496,Chicago,10/23/2025,3.2,Illinois,LIBERTY SCHOOL,3.2,3.17536,3.01696,2.4604800000000004
4497,Chicago,10/24/2025,5.8,Illinois,LIBERTY SCHOOL,5.8,5.7553399999999995,5.46824,4.45962
4498,Chicago,10/25/2025,9.9,Illinois,LIBERTY SCHOOL,9.9,9.82377,9.33372,7.61211
4499,Chicago,10/26/2025,7.9,Illinois,LIBERTY SCHOOL,7.9,7.83917,7.44812,6.0743100000000005
4500,Chicago,10/27/2025,4.4,Illinois,LIBERTY SCHOOL,4.4,4.3661200000000004,4.14832,3.3831600000000006
4501,Chicago,10/28/2025,5.1,Illinois,LIBERTY SCHOOL,5.1,5.0607299999999995,4.80828,3.9213899999999997
4502,Chicago,10/29/2025,4.8,Illinois,LIBERTY SCHOOL,4.8,4.763039999999999,4.52544,3.69072
4503,Chicago,10/30/2025,4.6,Illinois,LIBERTY SCHOOL,4.6,4.564579999999999,4.33688,3.53694
4504,Chicago,10/31/2025,9.4,Illinois,LIBERTY SCHOOL,9.4,9.32762,8.86232,7.22766
4505,Chicago,11/01/2025,6.5,Illinois,LIBERTY SCHOOL,6.5,6.449949999999999,6.1282,4.997850000000001
4506,Chicago,11/02/2025,5.5,Illinois,LIBERTY SCHOOL,5.5,5.45765,5.1854,4.22895
4507,Chicago,11/03/2025,4.1,Illinois,LIBERTY SCHOOL,4.1,4.068429999999999,3.8654799999999994,3.15249
4508,Chicago,11/04/2025,6.6,Illinois,LIBERTY SCHOOL,6.6,6.54918,6.222479999999999,5.07474
4509,Chicago,11/05/2025,7.1,Illinois,LIBERTY SCHOOL,7.1,7.045329999999999,6.693879999999999,5.4591899999999995
4510,Chicago,11/06/2025,7.6,Illinois,LIBERTY SCHOOL,7.6,7.541479999999999,7.165279999999999,5.84364
4511,Chicago,11/07/2025,6.0,Illinois,LIBERTY SCHOOL,6.0,5.953799999999999,5.6568,4.6134
4512,Chicago,11/08/2025,2.9,Illinois,LIBERTY SCHOOL,2.9,2.8776699999999997,2.73412,2.22981
4513,Chicago,11/09/2025,2.4,Illinois,LIBERTY SCHOOL,2.4,2.3815199999999996,2.26272,1.84536
4514,Chicago,11/10/2025,2.2,Illinois,LIBERTY SCHOOL,2.2,2.1830600000000002,2.07416,1.6915800000000003
4515,Chicago,11/11/2025,5.3,Illinois,LIBERTY SCHOOL,5.3,5.259189999999999,4.99684,4.07517
4516,Chicago,11/12/2025,4.3,Illinois,LIBERTY SCHOOL,4.3,4.26689,4.05404,3.30627
4517,Chicago,11/13/2025,6.5,Illinois,LIBERTY SCHOOL,6.5,6.449949999999999,6.1282,4.997850000000001
4518,Chicago,11/14/2025,15.4,Illinois,LIBERTY SCHOOL,15.4,15.281419999999999,14.51912,11.84106
4519,Chicago,11/15/2025,7.7,Illinois,LIBERTY SCHOOL,7.7,7.6407099999999994,7.25956,5.92053
4520,Chicago,11/16/2025,3.1,Illinois,LIBERTY SCHOOL,3.1,3.07613,2.92268,2.3835900000000003
4521,Chicago,11/17/2025,5.1,Illinois,LIBERTY SCHOOL,5.1,5.0607299999999995,4.80828,3.9213899999999997
4522,Chicago,11/18/2025,9.3,Illinois,LIBERTY SCHOOL,9.3,9.228390000000001,8.768040000000001,7.1507700000000005
4523,Chicago,11/19/2025,17.7,Illinois,LIBERTY SCHOOL,17.7,17.563709999999997,16.687559999999998,13.60953
4524,Chicago,11/20/2025,18.7,Illinois,LIBERTY SCHOOL,18.7,18.556009999999997,17.63036,14.37843
4525,Chicago,11/21/2025,13.1,Illinois,LIBERTY SCHOOL,13.1,12.99913,12.350679999999999,10.07259
4526,Chicago,11/22/2025,11.2,Illinois,LIBERTY SCHOOL,11.2,11.11376,10.55936,8.61168
4527,Chicago,11/23/2025,11.7,Illinois,LIBERTY SCHOOL,11.7,11.60991,11.030759999999999,8.996129999999999
4528,Chicago,11/24/2025,14.2,Illinois,LIBERTY SCHOOL,14.2,14.090659999999998,13.387759999999998,10.918379999999999
4529,Chicago,11/25/2025,11.4,Illinois,LIBERTY SCHOOL,11.4,11.31222,10.74792,8.765460000000001
4530,Chicago,11/26/2025,2.5,Illinois,LIBERTY SCHOOL,2.5,2.48075,2.3569999999999998,1.92225
4531,Chicago,11/27/2025,2.7,Illinois,LIBERTY SCHOOL,2.7,2.67921,2.54556,2.0760300000000003
4532,Chicago,11/28/2025,4.8,Illinois,LIBERTY SCHOOL,4.8,4.763039999999999,4.52544,3.69072
4533,Chicago,11/29/2025,7.3,Illinois,LIBERTY SCHOOL,7.3,7.24379,6.88244,5.61297
4534,Chicago,11/30/2025,4.7,Illinois,LIBERTY SCHOOL,4.7,4.66381,4.43116,3.61383
4535,Chicago,12/01/2025,10.6,Illinois,LIBERTY SCHOOL,10.6,10.518379999999999,9.99368,8.15034
4536,Chicago,12/02/2025,17.0,Illinois,LIBERTY SCHOOL,17.0,16.8691,16.0276,13.0713
4537,Chicago,12/03/2025,14.2,Illinois,LIBERTY SCHOOL,14.2,14.090659999999998,13.387759999999998,10.918379999999999
4538,Chicago,12/04/2025,8.3,Illinois,LIBERTY SCHOOL,8.3,8.23609,7.825240000000001,6.381870000000001
4539,Chicago,12/05/2025,13.0,Illinois,LIBERTY SCHOOL,13.0,12.899899999999999,12.2564,9.995700000000001
4540,Chicago,12/06/2025,16.6,Illinois,LIBERTY SCHOOL,16.6,16.47218,15.650480000000002,12.763740000000002
4541,Chicago,12/07/2025,8.3,Illinois,LIBERTY SCHOOL,8.3,8.23609,7.825240000000001,6.381870000000001
4542,Chicago,12/08/2025,6.4,Illinois,LIBERTY SCHOOL,6.4,6.35072,6.03392,4.920960000000001
4543,Chicago,12/09/2025,12.6,Illinois,LIBERTY SCHOOL,12.6,12.502979999999999,11.87928,9.68814
4544,Chicago,12/10/2025,5.2,Illinois,LIBERTY SCHOOL,5.2,5.15996,4.90256,3.9982800000000003
4545,Chicago,12/11/2025,8.2,Illinois,LIBERTY SCHOOL,8.2,8.136859999999999,7.730959999999999,6.30498
4546,Chicago,12/12/2025,17.3,Illinois,LIBERTY SCHOOL,17.3,17.16679,16.31044,13.30197
4547,Chicago,12/13/2025,4.9,Illinois,LIBERTY SCHOOL,4.9,4.8622700000000005,4.61972,3.7676100000000003
4548,Chicago,12/14/2025,3.8,Illinois,LIBERTY SCHOOL,3.8,3.7707399999999995,3.5826399999999996,2.92182
4549,Chicago,12/15/2025,6.8,Illinois,LIBERTY SCHOOL,6.8,6.74764,6.41104,5.22852
4550,Chicago,12/16/2025,12.9,Illinois,LIBERTY SCHOOL,12.9,12.80067,12.16212,9.91881
4551,Chicago,12/17/2025,15.8,Illinois,LIBERTY SCHOOL,15.8,15.67834,14.89624,12.148620000000001
4552,Chicago,12/18/2025,8.3,Illinois,LIBERTY SCHOOL,8.3,8.23609,7.825240000000001,6.381870000000001
4553,Chicago,12/19/2025,4.3,Illinois,LIBERTY SCHOOL,4.3,4.26689,4.05404,3.30627
4554,Chicago,12/20/2025,4.0,Illinois,LIBERTY SCHOOL,4.0,3.9692,3.7712,3.0756
4555,Chicago,12/21/2025,4.9,Illinois,LIBERTY SCHOOL,4.9,4.8622700000000005,4.61972,3.7676100000000003
4556,Chicago,12/22/2025,5.0,Illinois,LIBERTY SCHOOL,5.0,4.9615,4.7139999999999995,3.8445
4557,Chicago,12/23/2025,13.7,Illinois,LIBERTY SCHOOL,13.7,13.594509999999998,12.91636,10.53393
4558,Chicago,12/24/2025,16.2,Illinois,LIBERTY SCHOOL,16.2,16.07526,15.273359999999998,12.45618
4559,Chicago,12/25/2025,19.0,Illinois,LIBERTY SCHOOL,19.0,18.8537,17.9132,14.6091
4560,Chicago,12/26/2025,12.4,Illinois,LIBERTY SCHOOL,12.4,12.30452,11.69072,9.534360000000001
4561,Chicago,12/27/2025,14.3,Illinois,LIBERTY SCHOOL,14.3,14.18989,13.48204,10.995270000000001
4562,Chicago,12/28/2025,6.6,Illinois,LIBERTY SCHOOL,6.6,6.54918,6.222479999999999,5.07474
4563,Chicago,12/29/2025,3.7,Illinois,LIBERTY SCHOOL,3.7,3.67151,3.48836,2.84493
4564,Chicago,12/30/2025,3.8,Illinois,LIBERTY SCHOOL,3.8,3.7707399999999995,3.5826399999999996,2.92182
4565,Chicago,12/31/2025,6.0,Illinois,LIBERTY SCHOOL,6.0,5.953799999999999,5.6568,4.6134
4566,Chicago,01/01/2025,4.7,Illinois,CITY HALL,4.7,4.66381,4.43116,3.61383
4567,Chicago,01/02/2025,4.8,Illinois,CITY HALL,4.8,4.763039999999999,4.52544,3.69072
4568,Chicago,01/03/2025,5.1,Illinois,CITY HALL,5.1,5.0607299999999995,4.80828,3.9213899999999997
4569,Chicago,01/04/2025,4.1,Illinois,CITY HALL,4.1,4.068429999999999,3.8654799999999994,3.15249
4570,Chicago,01/05/2025,4.3,Illinois,CITY HALL,4.3,4.26689,4.05404,3.30627
4571,Chicago,01/06/2025,2.8,Illinois,CITY HALL,2.8,2.77844,2.63984,2.15292
4572,Chicago,01/07/2025,4.9,Illinois,CITY HALL,4.9,4.8622700000000005,4.61972,3.7676100000000003
4573,Chicago,01/08/2025,5.4,Illinois,CITY HALL,5.4,5.35842,5.09112,4.1520600000000005
4574,Chicago,01/09/2025,12.6,Illinois,CITY HALL,12.6,12.502979999999999,11.87928,9.68814
4575,Chicago,01/10/2025,20.5,Illinois,CITY HALL,20.5,20.34215,19.3274,15.762450000000001
4576,Chicago,01/11/2025,9.0,Illinois,CITY HALL,9.0,8.9307,8.485199999999999,6.920100000000001
4577,Chicago,01/12/2025,10.1,Illinois,CITY HALL,10.1,10.022229999999999,9.522279999999999,7.76589
4578,Chicago,01/13/2025,3.6,Illinois,CITY HALL,3.6,3.57228,3.3940799999999998,2.76804
4579,Chicago,01/14/2025,5.7,Illinois,CITY HALL,5.7,5.65611,5.37396,4.3827300000000005
4580,Chicago,01/15/2025,9.0,Illinois,CITY HALL,9.0,8.9307,8.485199999999999,6.920100000000001
4581,Chicago,01/16/2025,8.6,Illinois,CITY HALL,8.6,8.53378,8.10808,6.61254
4582,Chicago,01/17/2025,7.6,Illinois,CITY HALL,7.6,7.541479999999999,7.165279999999999,5.84364
4583,Chicago,01/18/2025,3.3,Illinois,CITY HALL,3.3,3.27459,3.1112399999999996,2.53737
4584,Chicago,01/19/2025,3.5,Illinois,CITY HALL,3.5,3.4730499999999997,3.2998,2.69115
4585,Chicago,01/20/2025,3.5,Illinois,CITY HALL,3.5,3.4730499999999997,3.2998,2.69115
4586,Chicago,01/21/2025,4.1,Illinois,CITY HALL,4.1,4.068429999999999,3.8654799999999994,3.15249
4587,Chicago,01/22/2025,5.3,Illinois,CITY HALL,5.3,5.259189999999999,4.99684,4.07517
4588,Chicago,01/23/2025,6.7,Illinois,CITY HALL,6.7,6.64841,6.31676,5.15163
4589,Chicago,01/24/2025,7.5,Illinois,CITY HALL,7.5,7.44225,7.071,5.76675
4590,Chicago,01/25/2025,5.5,Illinois,CITY HALL,5.5,5.45765,5.1854,4.22895
4591,Chicago,01/26/2025,3.7,Illinois,CITY HALL,3.7,3.67151,3.48836,2.84493
4592,Chicago,01/27/2025,4.6,Illinois,CITY HALL,4.6,4.564579999999999,4.33688,3.53694
4593,Chicago,01/28/2025,4.3,Illinois,CITY HALL,4.3,4.26689,4.05404,3.30627
4594,Chicago,01/29/2025,3.6,Illinois,CITY HALL,3.6,3.57228,3.3940799999999998,2.76804
4595,Chicago,01/30/2025,8.1,Illinois,CITY HALL,8.1,8.03763,7.636679999999999,6.22809
4596,Chicago,01/31/2025,8.4,Illinois,CITY HALL,8.4,8.33532,7.91952,6.458760000000001
4597,Chicago,02/01/2025,4.8,Illinois,CITY HALL,4.8,4.763039999999999,4.52544,3.69072
4598,Chicago,02/02/2025,14.1,Illinois,CITY HALL,14.1,13.99143,13.293479999999999,10.84149
4599,Chicago,02/03/2025,11.7,Illinois,CITY HALL,11.7,11.60991,11.030759999999999,8.996129999999999
4600,Chicago,02/04/2025,3.7,Illinois,CITY HALL,3.7,3.67151,3.48836,2.84493
4601,Chicago,02/05/2025,8.2,Illinois,CITY HALL,8.2,8.136859999999999,7.730959999999999,6.30498
4602,Chicago,02/06/2025,6.8,Illinois,CITY HALL,6.8,6.74764,6.41104,5.22852
4603,Chicago,02/07/2025,4.7,Illinois,CITY HALL,4.7,4.66381,4.43116,3.61383
4604,Chicago,02/08/2025,9.0,Illinois,CITY HALL,9.0,8.9307,8.485199999999999,6.920100000000001
4605,Chicago,02/09/2025,6.9,Illinois,CITY HALL,6.9,6.84687,6.50532,5.30541
4606,Chicago,02/10/2025,6.5,Illinois,CITY HALL,6.5,6.449949999999999,6.1282,4.997850000000001
4607,Chicago,02/11/2025,8.4,Illinois,CITY HALL,8.4,8.33532,7.91952,6.458760000000001
4608,Chicago,02/12/2025,12.8,Illinois,CITY HALL,12.8,12.70144,12.06784,9.841920000000002
4609,Chicago,02/13/2025,7.0,Illinois,CITY HALL,7.0,6.9460999999999995,6.5996,5.3823
4610,Chicago,02/14/2025,10.2,Illinois,CITY HALL,10.2,10.121459999999999,9.61656,7.842779999999999
4611,Chicago,02/15/2025,16.4,Illinois,CITY HALL,16.4,16.273719999999997,15.461919999999997,12.60996
4612,Chicago,02/16/2025,5.4,Illinois,CITY HALL,5.4,5.35842,5.09112,4.1520600000000005
4613,Chicago,02/17/2025,4.7,Illinois,CITY HALL,4.7,4.66381,4.43116,3.61383
4614,Chicago,02/18/2025,5.1,Illinois,CITY HALL,5.1,5.0607299999999995,4.80828,3.9213899999999997
4615,Chicago,02/19/2025,4.6,Illinois,CITY HALL,4.6,4.564579999999999,4.33688,3.53694
4616,Chicago,02/20/2025,5.8,Illinois,CITY HALL,5.8,5.7553399999999995,5.46824,4.45962
4617,Chicago,02/21/2025,9.4,Illinois,CITY HALL,9.4,9.32762,8.86232,7.22766
4618,Chicago,02/22/2025,8.7,Illinois,CITY HALL,8.7,8.633009999999999,8.202359999999999,6.68943
4619,Chicago,02/23/2025,14.5,Illinois,CITY HALL,14.5,14.388349999999999,13.6706,11.14905
4620,Chicago,02/24/2025,10.5,Illinois,CITY HALL,10.5,10.41915,9.8994,8.073450000000001
4621,Chicago,02/25/2025,7.0,Illinois,CITY HALL,7.0,6.9460999999999995,6.5996,5.3823
4622,Chicago,02/26/2025,12.5,Illinois,CITY HALL,12.5,12.403749999999999,11.785,9.61125
4623,Chicago,02/27/2025,10.8,Illinois,CITY HALL,10.8,10.71684,10.18224,8.304120000000001
4624,Chicago,02/28/2025,3.8,Illinois,CITY HALL,3.8,3.7707399999999995,3.5826399999999996,2.92182
4625,Chicago,03/01/2025,3.9,Illinois,CITY HALL,3.9,3.86997,3.67692,2.99871
4626,Chicago,03/02/2025,6.4,Illinois,CITY HALL,6.4,6.35072,6.03392,4.920960000000001
4627,Chicago,03/03/2025,8.8,Illinois,CITY HALL,8.8,8.732240000000001,8.29664,6.766320000000001
4628,Chicago,03/04/2025,10.3,Illinois,CITY HALL,10.3,10.220690000000001,9.710840000000001,7.919670000000001
4629,Chicago,03/05/2025,4.2,Illinois,CITY HALL,4.2,4.16766,3.95976,3.2293800000000004
4630,Chicago,03/06/2025,3.0,Illinois,CITY HALL,3.0,2.9768999999999997,2.8284,2.3067
4631,Chicago,03/07/2025,9.0,Illinois,CITY HALL,9.0,8.9307,8.485199999999999,6.920100000000001
4632,Chicago,03/08/2025,7.3,Illinois,CITY HALL,7.3,7.24379,6.88244,5.61297
4633,Chicago,03/09/2025,4.6,Illinois,CITY HALL,4.6,4.564579999999999,4.33688,3.53694
4634,Chicago,03/10/2025,5.6,Illinois,CITY HALL,5.6,5.55688,5.27968,4.30584
4635,Chicago,03/11/2025,4.3,Illinois,CITY HALL,4.3,4.26689,4.05404,3.30627
4636,Chicago,03/12/2025,9.9,Illinois,CITY HALL,9.9,9.82377,9.33372,7.61211
4637,Chicago,03/13/2025,15.9,Illinois,CITY HALL,15.9,15.777569999999999,14.99052,12.22551
4638,Chicago,03/14/2025,12.4,Illinois,CITY HALL,12.4,12.30452,11.69072,9.534360000000001
4639,Chicago,03/15/2025,22.6,Illinois,CITY HALL,22.6,22.42598,21.307280000000002,17.37714
4640,Chicago,03/16/2025,5.0,Illinois,CITY HALL,5.0,4.9615,4.7139999999999995,3.8445
4641,Chicago,03/17/2025,4.2,Illinois,CITY HALL,4.2,4.16766,3.95976,3.2293800000000004
4642,Chicago,03/18/2025,6.3,Illinois,CITY HALL,6.3,6.2514899999999995,5.93964,4.84407
4643,Chicago,03/19/2025,7.3,Illinois,CITY HALL,7.3,7.24379,6.88244,5.61297
4644,Chicago,03/20/2025,2.9,Illinois,CITY HALL,2.9,2.8776699999999997,2.73412,2.22981
4645,Chicago,03/21/2025,5.3,Illinois,CITY HALL,5.3,5.259189999999999,4.99684,4.07517
4646,Chicago,03/22/2025,6.1,Illinois,CITY HALL,6.1,6.05303,5.751079999999999,4.69029
4647,Chicago,03/23/2025,6.0,Illinois,CITY HALL,6.0,5.953799999999999,5.6568,4.6134
4648,Chicago,03/24/2025,4.6,Illinois,CITY HALL,4.6,4.564579999999999,4.33688,3.53694
4649,Chicago,03/25/2025,6.2,Illinois,CITY HALL,6.2,6.15226,5.84536,4.767180000000001
4650,Chicago,03/26/2025,15.5,Illinois,CITY HALL,15.5,15.38065,14.6134,11.917950000000001
4651,Chicago,03/27/2025,11.1,Illinois,CITY HALL,11.1,11.014529999999999,10.465079999999999,8.53479
4652,Chicago,03/28/2025,7.6,Illinois,CITY HALL,7.6,7.541479999999999,7.165279999999999,5.84364
4653,Chicago,03/29/2025,8.5,Illinois,CITY HALL,8.5,8.43455,8.0138,6.53565
4654,Chicago,03/30/2025,5.3,Illinois,CITY HALL,5.3,5.259189999999999,4.99684,4.07517
4655,Chicago,03/31/2025,3.3,Illinois,CITY HALL,3.3,3.27459,3.1112399999999996,2.53737
4656,Chicago,04/01/2025,6.5,Illinois,CITY HALL,6.5,6.449949999999999,6.1282,4.997850000000001
4657,Chicago,04/02/2025,7.8,Illinois,CITY HALL,7.8,7.73994,7.35384,5.99742
4658,Chicago,04/03/2025,4.9,Illinois,CITY HALL,4.9,4.8622700000000005,4.61972,3.7676100000000003
4659,Chicago,04/04/2025,7.1,Illinois,CITY HALL,7.1,7.045329999999999,6.693879999999999,5.4591899999999995
4660,Chicago,04/05/2025,4.3,Illinois,CITY HALL,4.3,4.26689,4.05404,3.30627
4661,Chicago,04/06/2025,5.3,Illinois,CITY HALL,5.3,5.259189999999999,4.99684,4.07517
4662,Chicago,04/07/2025,5.1,Illinois,CITY HALL,5.1,5.0607299999999995,4.80828,3.9213899999999997
4663,Chicago,04/08/2025,5.2,Illinois,CITY HALL,5.2,5.15996,4.90256,3.9982800000000003
4664,Chicago,04/09/2025,9.6,Illinois,CITY HALL,9.6,9.526079999999999,9.05088,7.38144
4665,Chicago,04/10/2025,15.9,Illinois,CITY HALL,15.9,15.777569999999999,14.99052,12.22551
4666,Chicago,04/11/2025,13.0,Illinois,CITY HALL,13.0,12.899899999999999,12.2564,9.995700000000001
4667,Chicago,04/12/2025,11.2,Illinois,CITY HALL,11.2,11.11376,10.55936,8.61168
4668,Chicago,04/13/2025,7.9,Illinois,CITY HALL,7.9,7.83917,7.44812,6.0743100000000005
4669,Chicago,04/14/2025,5.5,Illinois,CITY HALL,5.5,5.45765,5.1854,4.22895
4670,Chicago,04/15/2025,2.6,Illinois,CITY HALL,2.6,2.57998,2.45128,1.9991400000000001
4671,Chicago,04/16/2025,5.7,Illinois,CITY HALL,5.7,5.65611,5.37396,4.3827300000000005
4672,Chicago,04/17/2025,7.5,Illinois,CITY HALL,7.5,7.44225,7.071,5.76675
4673,Chicago,04/18/2025,13.1,Illinois,CITY HALL,13.1,12.99913,12.350679999999999,10.07259
4674,Chicago,04/19/2025,7.8,Illinois,CITY HALL,7.8,7.73994,7.35384,5.99742
4675,Chicago,04/20/2025,10.7,Illinois,CITY HALL,10.7,10.617609999999999,10.087959999999999,8.22723
4676,Chicago,04/21/2025,2.9,Illinois,CITY HALL,2.9,2.8776699999999997,2.73412,2.22981
4677,Chicago,04/22/2025,5.3,Illinois,CITY HALL,5.3,5.259189999999999,4.99684,4.07517
4678,Chicago,04/23/2025,5.1,Illinois,CITY HALL,5.1,5.0607299999999995,4.80828,3.9213899999999997
4679,Chicago,04/24/2025,9.1,Illinois,CITY HALL,9.1,9.029929999999998,8.57948,6.99699
4680,Chicago,04/25/2025,5.7,Illinois,CITY HALL,5.7,5.65611,5.37396,4.3827300000000005
4681,Chicago,04/26/2025,4.0,Illinois,CITY HALL,4.0,3.9692,3.7712,3.0756
4682,Chicago,04/27/2025,5.5,Illinois,CITY HALL,5.5,5.45765,5.1854,4.22895
4683,Chicago,04/28/2025,8.3,Illinois,CITY HALL,8.3,8.23609,7.825240000000001,6.381870000000001
4684,Chicago,04/29/2025,5.4,Illinois,CITY HALL,5.4,5.35842,5.09112,4.1520600000000005
4685,Chicago,04/30/2025,5.6,Illinois,CITY HALL,5.6,5.55688,5.27968,4.30584
4686,Chicago,05/01/2025,8.3,Illinois,CITY HALL,8.3,8.23609,7.825240000000001,6.381870000000001
4687,Chicago,05/02/2025,8.9,Illinois,CITY HALL,8.9,8.83147,8.39092,6.843210000000001
4688,Chicago,05/03/2025,3.2,Illinois,CITY HALL,3.2,3.17536,3.01696,2.4604800000000004
4689,Chicago,05/04/2025,3.5,Illinois,CITY HALL,3.5,3.4730499999999997,3.2998,2.69115
4690,Chicago,05/05/2025,6.0,Illinois,CITY HALL,6.0,5.953799999999999,5.6568,4.6134
4691,Chicago,05/06/2025,8.1,Illinois,CITY HALL,8.1,8.03763,7.636679999999999,6.22809
4692,Chicago,05/07/2025,7.3,Illinois,CITY HALL,7.3,7.24379,6.88244,5.61297
4693,Chicago,05/08/2025,3.7,Illinois,CITY HALL,3.7,3.67151,3.48836,2.84493
4694,Chicago,05/09/2025,5.6,Illinois,CITY HALL,5.6,5.55688,5.27968,4.30584
4695,Chicago,05/10/2025,6.3,Illinois,CITY HALL,6.3,6.2514899999999995,5.93964,4.84407
4696,Chicago,05/11/2025,7.9,Illinois,CITY HALL,7.9,7.83917,7.44812,6.0743100000000005
4697,Chicago,05/12/2025,10.4,Illinois,CITY HALL,10.4,10.31992,9.80512,7.996560000000001
4698,Chicago,05/13/2025,9.4,Illinois,CITY HALL,9.4,9.32762,8.86232,7.22766
4699,Chicago,05/14/2025,11.0,Illinois,CITY HALL,11.0,10.9153,10.3708,8.4579
4700,Chicago,05/15/2025,14.0,Illinois,CITY HALL,14.0,13.892199999999999,13.1992,10.7646
4701,Chicago,05/16/2025,8.2,Illinois,CITY HALL,8.2,8.136859999999999,7.730959999999999,6.30498
4702,Chicago,05/17/2025,2.7,Illinois,CITY HALL,2.7,2.67921,2.54556,2.0760300000000003
4703,Chicago,05/18/2025,4.9,Illinois,CITY HALL,4.9,4.8622700000000005,4.61972,3.7676100000000003
4704,Chicago,05/19/2025,3.6,Illinois,CITY HALL,3.6,3.57228,3.3940799999999998,2.76804
4705,Chicago,05/20/2025,6.1,Illinois,CITY HALL,6.1,6.05303,5.751079999999999,4.69029
4706,Chicago,05/21/2025,3.1,Illinois,CITY HALL,3.1,3.07613,2.92268,2.3835900000000003
4707,Chicago,05/22/2025,3.8,Illinois,CITY HALL,3.8,3.7707399999999995,3.5826399999999996,2.92182
4708,Chicago,05/23/2025,7.3,Illinois,CITY HALL,7.3,7.24379,6.88244,5.61297
4709,Chicago,05/24/2025,6.6,Illinois,CITY HALL,6.6,6.54918,6.222479999999999,5.07474
4710,Chicago,05/25/2025,6.2,Illinois,CITY HALL,6.2,6.15226,5.84536,4.767180000000001
4711,Chicago,05/26/2025,5.6,Illinois,CITY HALL,5.6,5.55688,5.27968,4.30584
4712,Chicago,05/27/2025,6.9,Illinois,CITY HALL,6.9,6.84687,6.50532,5.30541
4713,Chicago,05/28/2025,7.9,Illinois,CITY HALL,7.9,7.83917,7.44812,6.0743100000000005
4714,Chicago,05/29/2025,10.0,Illinois,CITY HALL,10.0,9.923,9.427999999999999,7.689
4715,Chicago,05/30/2025,11.4,Illinois,CITY HALL,11.4,11.31222,10.74792,8.765460000000001
4716,Chicago,05/31/2025,11.2,Illinois,CITY HALL,11.2,11.11376,10.55936,8.61168
4717,Chicago,06/01/2025,10.0,Illinois,CITY HALL,10.0,9.923,9.427999999999999,7.689
4718,Chicago,06/02/2025,10.3,Illinois,CITY HALL,10.3,10.220690000000001,9.710840000000001,7.919670000000001
4719,Chicago,06/03/2025,14.2,Illinois,CITY HALL,14.2,14.090659999999998,13.387759999999998,10.918379999999999
4720,Chicago,06/04/2025,14.6,Illinois,CITY HALL,14.6,14.48758,13.76488,11.22594
4721,Chicago,06/05/2025,51.1,Illinois,CITY HALL,51.1,50.70653,48.17708,39.29079
4722,Chicago,06/06/2025,35.6,Illinois,CITY HALL,35.6,35.32588,33.56368,27.372840000000004
4723,Chicago,06/07/2025,32.7,Illinois,CITY HALL,32.7,32.44821,30.82956,25.143030000000003
4724,Chicago,06/08/2025,23.5,Illinois,CITY HALL,23.5,23.31905,22.1558,18.06915
4725,Chicago,06/09/2025,18.4,Illinois,CITY HALL,18.4,18.258319999999998,17.34752,14.14776
4726,Chicago,06/10/2025,19.2,Illinois,CITY HALL,19.2,19.052159999999997,18.10176,14.76288
4727,Chicago,06/11/2025,24.2,Illinois,CITY HALL,24.2,24.013659999999998,22.815759999999997,18.60738
4728,Chicago,06/12/2025,28.6,Illinois,CITY HALL,28.6,28.37978,26.96408,21.990540000000003
4729,Chicago,06/13/2025,29.2,Illinois,CITY HALL,29.2,28.97516,27.52976,22.45188
4730,Chicago,06/14/2025,18.9,Illinois,CITY HALL,18.9,18.754469999999998,17.81892,14.53221
4731,Chicago,06/15/2025,14.8,Illinois,CITY HALL,14.8,14.68604,13.95344,11.37972
4732,Chicago,06/16/2025,15.7,Illinois,CITY HALL,15.7,15.579109999999998,14.80196,12.07173
4733,Chicago,06/17/2025,8.3,Illinois,CITY HALL,8.3,8.23609,7.825240000000001,6.381870000000001
4734,Chicago,06/18/2025,6.5,Illinois,CITY HALL,6.5,6.449949999999999,6.1282,4.997850000000001
4735,Chicago,06/19/2025,8.0,Illinois,CITY HALL,8.0,7.9384,7.5424,6.1512
4736,Chicago,06/20/2025,7.6,Illinois,CITY HALL,7.6,7.541479999999999,7.165279999999999,5.84364
4737,Chicago,06/21/2025,10.8,Illinois,CITY HALL,10.8,10.71684,10.18224,8.304120000000001
4738,Chicago,06/22/2025,12.6,Illinois,CITY HALL,12.6,12.502979999999999,11.87928,9.68814
4739,Chicago,06/23/2025,11.7,Illinois,CITY HALL,11.7,11.60991,11.030759999999999,8.996129999999999
4740,Chicago,06/24/2025,7.4,Illinois,CITY HALL,7.4,7.34302,6.97672,5.68986
4741,Chicago,06/25/2025,8.0,Illinois,CITY HALL,8.0,7.9384,7.5424,6.1512
4742,Chicago,06/26/2025,10.4,Illinois,CITY HALL,10.4,10.31992,9.80512,7.996560000000001
4743,Chicago,06/27/2025,5.0,Illinois,CITY HALL,5.0,4.9615,4.7139999999999995,3.8445
4744,Chicago,06/28/2025,5.4,Illinois,CITY HALL,5.4,5.35842,5.09112,4.1520600000000005
4745,Chicago,06/29/2025,9.0,Illinois,CITY HALL,9.0,8.9307,8.485199999999999,6.920100000000001
4746,Chicago,06/30/2025,6.0,Illinois,CITY HALL,6.0,5.953799999999999,5.6568,4.6134
4747,Chicago,07/01/2025,8.3,Illinois,CITY HALL,8.3,8.23609,7.825240000000001,6.381870000000001
4748,Chicago,07/02/2025,13.1,Illinois,CITY HALL,13.1,12.99913,12.350679999999999,10.07259
4749,Chicago,07/03/2025,10.1,Illinois,CITY HALL,10.1,10.022229999999999,9.522279999999999,7.76589
4750,Chicago,07/04/2025,17.7,Illinois,CITY HALL,17.7,17.563709999999997,16.687559999999998,13.60953
4751,Chicago,07/05/2025,17.1,Illinois,CITY HALL,17.1,16.96833,16.12188,13.148190000000001
4752,Chicago,07/06/2025,7.8,Illinois,CITY HALL,7.8,7.73994,7.35384,5.99742
4753,Chicago,07/07/2025,22.8,Illinois,CITY HALL,22.8,22.62444,21.49584,17.530920000000002
4754,Chicago,07/08/2025,18.6,Illinois,CITY HALL,18.6,18.456780000000002,17.536080000000002,14.301540000000001
4755,Chicago,07/09/2025,11.2,Illinois,CITY HALL,11.2,11.11376,10.55936,8.61168
4756,Chicago,07/10/2025,10.2,Illinois,CITY HALL,10.2,10.121459999999999,9.61656,7.842779999999999
4757,Chicago,07/11/2025,7.4,Illinois,CITY HALL,7.4,7.34302,6.97672,5.68986
4758,Chicago,07/12/2025,6.6,Illinois,CITY HALL,6.6,6.54918,6.222479999999999,5.07474
4759,Chicago,07/13/2025,27.0,Illinois,CITY HALL,27.0,26.792099999999998,25.4556,20.7603
4760,Chicago,07/14/2025,30.1,Illinois,CITY HALL,30.1,29.86823,28.37828,23.143890000000003
4761,Chicago,07/15/2025,16.1,Illinois,CITY HALL,16.1,15.976030000000002,15.17908,12.379290000000001
4762,Chicago,07/16/2025,6.0,Illinois,CITY HALL,6.0,5.953799999999999,5.6568,4.6134
4763,Chicago,07/17/2025,4.4,Illinois,CITY HALL,4.4,4.3661200000000004,4.14832,3.3831600000000006
4764,Chicago,07/18/2025,3.9,Illinois,CITY HALL,3.9,3.86997,3.67692,2.99871
4765,Chicago,07/19/2025,5.4,Illinois,CITY HALL,5.4,5.35842,5.09112,4.1520600000000005
4766,Chicago,07/20/2025,7.5,Illinois,CITY HALL,7.5,7.44225,7.071,5.76675
4767,Chicago,07/21/2025,27.9,Illinois,CITY HALL,27.9,27.685169999999996,26.304119999999998,21.45231
4768,Chicago,07/22/2025,26.1,Illinois,CITY HALL,26.1,25.89903,24.60708,20.06829
4769,Chicago,07/23/2025,17.1,Illinois,CITY HALL,17.1,16.96833,16.12188,13.148190000000001
4770,Chicago,07/24/2025,8.6,Illinois,CITY HALL,8.6,8.53378,8.10808,6.61254
4771,Chicago,07/25/2025,6.6,Illinois,CITY HALL,6.6,6.54918,6.222479999999999,5.07474
4772,Chicago,07/26/2025,4.2,Illinois,CITY HALL,4.2,4.16766,3.95976,3.2293800000000004
4773,Chicago,07/27/2025,8.0,Illinois,CITY HALL,8.0,7.9384,7.5424,6.1512
4774,Chicago,07/28/2025,8.7,Illinois,CITY HALL,8.7,8.633009999999999,8.202359999999999,6.68943
4775,Chicago,07/29/2025,8.7,Illinois,CITY HALL,8.7,8.633009999999999,8.202359999999999,6.68943
4776,Chicago,07/30/2025,10.9,Illinois,CITY HALL,10.9,10.81607,10.27652,8.38101
4777,Chicago,07/31/2025,65.2,Illinois,CITY HALL,65.2,64.69796,61.47056,50.13228
4778,Chicago,08/01/2025,48.4,Illinois,CITY HALL,48.4,48.027319999999996,45.631519999999995,37.21476
4779,Chicago,08/02/2025,28.0,Illinois,CITY HALL,28.0,27.784399999999998,26.3984,21.5292
4780,Chicago,08/03/2025,32.2,Illinois,CITY HALL,32.2,31.952060000000003,30.35816,24.758580000000002
4781,Chicago,08/04/2025,23.4,Illinois,CITY HALL,23.4,23.21982,22.061519999999998,17.992259999999998
4782,Chicago,08/05/2025,26.0,Illinois,CITY HALL,26.0,25.799799999999998,24.5128,19.991400000000002
4783,Chicago,08/06/2025,25.7,Illinois,CITY HALL,25.7,25.50211,24.22996,19.76073
4784,Chicago,08/07/2025,13.2,Illinois,CITY HALL,13.2,13.09836,12.444959999999998,10.14948
4785,Chicago,08/08/2025,13.3,Illinois,CITY HALL,13.3,13.19759,12.53924,10.226370000000001
4786,Chicago,08/09/2025,11.9,Illinois,CITY HALL,11.9,11.80837,11.21932,9.14991
4787,Chicago,08/10/2025,9.5,Illinois,CITY HALL,9.5,9.42685,8.9566,7.30455
4788,Chicago,08/11/2025,7.2,Illinois,CITY HALL,7.2,7.14456,6.7881599999999995,5.53608
4789,Chicago,08/12/2025,7.2,Illinois,CITY HALL,7.2,7.14456,6.7881599999999995,5.53608
4790,Chicago,08/13/2025,12.2,Illinois,CITY HALL,12.2,12.10606,11.502159999999998,9.38058
4791,Chicago,08/14/2025,17.8,Illinois,CITY HALL,17.8,17.66294,16.78184,13.686420000000002
4792,Chicago,08/15/2025,16.9,Illinois,CITY HALL,16.9,16.769869999999997,15.933319999999998,12.99441
4793,Chicago,08/16/2025,9.0,Illinois,CITY HALL,9.0,8.9307,8.485199999999999,6.920100000000001
4794,Chicago,08/17/2025,6.2,Illinois,CITY HALL,6.2,6.15226,5.84536,4.767180000000001
4795,Chicago,08/18/2025,6.7,Illinois,CITY HALL,6.7,6.64841,6.31676,5.15163
4796,Chicago,08/19/2025,4.3,Illinois,CITY HALL,4.3,4.26689,4.05404,3.30627
4797,Chicago,08/20/2025,3.2,Illinois,CITY HALL,3.2,3.17536,3.01696,2.4604800000000004
4798,Chicago,08/21/2025,3.9,Illinois,CITY HALL,3.9,3.86997,3.67692,2.99871
4799,Chicago,08/22/2025,6.0,Illinois,CITY HALL,6.0,5.953799999999999,5.6568,4.6134
4800,Chicago,08/23/2025,4.9,Illinois,CITY HALL,4.9,4.8622700000000005,4.61972,3.7676100000000003
4801,Chicago,08/24/2025,3.1,Illinois,CITY HALL,3.1,3.07613,2.92268,2.3835900000000003
4802,Chicago,08/25/2025,2.9,Illinois,CITY HALL,2.9,2.8776699999999997,2.73412,2.22981
4803,Chicago,08/26/2025,4.4,Illinois,CITY HALL,4.4,4.3661200000000004,4.14832,3.3831600000000006
4804,Chicago,08/27/2025,5.0,Illinois,CITY HALL,5.0,4.9615,4.7139999999999995,3.8445
4805,Chicago,08/28/2025,5.6,Illinois,CITY HALL,5.6,5.55688,5.27968,4.30584
4806,Chicago,08/29/2025,4.6,Illinois,CITY HALL,4.6,4.564579999999999,4.33688,3.53694
4807,Chicago,08/30/2025,6.5,Illinois,CITY HALL,6.5,6.449949999999999,6.1282,4.997850000000001
4808,Chicago,08/31/2025,7.9,Illinois,CITY HALL,7.9,7.83917,7.44812,6.0743100000000005
4809,Chicago,09/01/2025,7.8,Illinois,CITY HALL,7.8,7.73994,7.35384,5.99742
4810,Chicago,09/02/2025,6.7,Illinois,CITY HALL,6.7,6.64841,6.31676,5.15163
4811,Chicago,09/03/2025,9.7,Illinois,CITY HALL,9.7,9.625309999999999,9.145159999999999,7.45833
4812,Chicago,09/04/2025,10.3,Illinois,CITY HALL,10.3,10.220690000000001,9.710840000000001,7.919670000000001
4813,Chicago,09/05/2025,6.5,Illinois,CITY HALL,6.5,6.449949999999999,6.1282,4.997850000000001
4814,Chicago,09/06/2025,3.3,Illinois,CITY HALL,3.3,3.27459,3.1112399999999996,2.53737
4815,Chicago,09/07/2025,4.3,Illinois,CITY HALL,4.3,4.26689,4.05404,3.30627
4816,Chicago,09/08/2025,4.8,Illinois,CITY HALL,4.8,4.763039999999999,4.52544,3.69072
4817,Chicago,09/09/2025,5.5,Illinois,CITY HALL,5.5,5.45765,5.1854,4.22895
4818,Chicago,09/10/2025,7.6,Illinois,CITY HALL,7.6,7.541479999999999,7.165279999999999,5.84364
4819,Chicago,09/11/2025,10.1,Illinois,CITY HALL,10.1,10.022229999999999,9.522279999999999,7.76589
4820,Chicago,09/12/2025,9.9,Illinois,CITY HALL,9.9,9.82377,9.33372,7.61211
4821,Chicago,09/13/2025,13.5,Illinois,CITY HALL,13.5,13.396049999999999,12.7278,10.38015
4822,Chicago,09/14/2025,16.4,Illinois,CITY HALL,16.4,16.273719999999997,15.461919999999997,12.60996
4823,Chicago,09/15/2025,12.4,Illinois,CITY HALL,12.4,12.30452,11.69072,9.534360000000001
4824,Chicago,09/16/2025,11.8,Illinois,CITY HALL,11.8,11.70914,11.12504,9.073020000000001
4825,Chicago,09/17/2025,12.9,Illinois,CITY HALL,12.9,12.80067,12.16212,9.91881
4826,Chicago,09/18/2025,13.3,Illinois,CITY HALL,13.3,13.19759,12.53924,10.226370000000001
4827,Chicago,09/19/2025,12.2,Illinois,CITY HALL,12.2,12.10606,11.502159999999998,9.38058
4828,Chicago,09/20/2025,9.4,Illinois,CITY HALL,9.4,9.32762,8.86232,7.22766
4829,Chicago,09/21/2025,9.3,Illinois,CITY HALL,9.3,9.228390000000001,8.768040000000001,7.1507700000000005
4830,Chicago,09/22/2025,6.8,Illinois,CITY HALL,6.8,6.74764,6.41104,5.22852
4831,Chicago,09/23/2025,7.0,Illinois,CITY HALL,7.0,6.9460999999999995,6.5996,5.3823
4832,Chicago,09/24/2025,4.0,Illinois,CITY HALL,4.0,3.9692,3.7712,3.0756
4833,Chicago,09/25/2025,5.4,Illinois,CITY HALL,5.4,5.35842,5.09112,4.1520600000000005
4834,Chicago,09/26/2025,7.4,Illinois,CITY HALL,7.4,7.34302,6.97672,5.68986
4835,Chicago,09/27/2025,10.2,Illinois,CITY HALL,10.2,10.121459999999999,9.61656,7.842779999999999
4836,Chicago,09/28/2025,11.1,Illinois,CITY HALL,11.1,11.014529999999999,10.465079999999999,8.53479
4837,Chicago,09/29/2025,11.1,Illinois,CITY HALL,11.1,11.014529999999999,10.465079999999999,8.53479
4838,Chicago,09/30/2025,10.9,Illinois,CITY HALL,10.9,10.81607,10.27652,8.38101
4839,Chicago,10/01/2025,8.4,Illinois,CITY HALL,8.4,8.33532,7.91952,6.458760000000001
4840,Chicago,10/02/2025,7.8,Illinois,CITY HALL,7.8,7.73994,7.35384,5.99742
4841,Chicago,10/03/2025,12.4,Illinois,CITY HALL,12.4,12.30452,11.69072,9.534360000000001
4842,Chicago,10/04/2025,12.4,Illinois,CITY HALL,12.4,12.30452,11.69072,9.534360000000001
4843,Chicago,10/05/2025,7.2,Illinois,CITY HALL,7.2,7.14456,6.7881599999999995,5.53608
4844,Chicago,10/06/2025,7.0,Illinois,CITY HALL,7.0,6.9460999999999995,6.5996,5.3823
4845,Chicago,10/07/2025,3.0,Illinois,CITY HALL,3.0,2.9768999999999997,2.8284,2.3067
4846,Chicago,10/08/2025,4.1,Illinois,CITY HALL,4.1,4.068429999999999,3.8654799999999994,3.15249
4847,Chicago,10/09/2025,4.2,Illinois,CITY HALL,4.2,4.16766,3.95976,3.2293800000000004
4848,Chicago,10/10/2025,5.3,Illinois,CITY HALL,5.3,5.259189999999999,4.99684,4.07517
4849,Chicago,10/11/2025,4.7,Illinois,CITY HALL,4.7,4.66381,4.43116,3.61383
4850,Chicago,10/12/2025,5.3,Illinois,CITY HALL,5.3,5.259189999999999,4.99684,4.07517
4851,Chicago,10/13/2025,7.3,Illinois,CITY HALL,7.3,7.24379,6.88244,5.61297
4852,Chicago,10/14/2025,7.2,Illinois,CITY HALL,7.2,7.14456,6.7881599999999995,5.53608
4853,Chicago,10/15/2025,3.9,Illinois,CITY HALL,3.9,3.86997,3.67692,2.99871
4854,Chicago,10/16/2025,3.8,Illinois,CITY HALL,3.8,3.7707399999999995,3.5826399999999996,2.92182
4855,Chicago,10/17/2025,4.9,Illinois,CITY HALL,4.9,4.8622700000000005,4.61972,3.7676100000000003
4856,Chicago,10/18/2025,10.9,Illinois,CITY HALL,10.9,10.81607,10.27652,8.38101
4857,Chicago,10/19/2025,2.9,Illinois,CITY HALL,2.9,2.8776699999999997,2.73412,2.22981
4858,Chicago,10/20/2025,3.0,Illinois,CITY HALL,3.0,2.9768999999999997,2.8284,2.3067
4859,Chicago,10/21/2025,2.7,Illinois,CITY HALL,2.7,2.67921,2.54556,2.0760300000000003
4860,Chicago,10/22/2025,1.6,Illinois,CITY HALL,1.6,1.58768,1.50848,1.2302400000000002
4861,Chicago,10/23/2025,2.6,Illinois,CITY HALL,2.6,2.57998,2.45128,1.9991400000000001
4862,Chicago,10/24/2025,6.0,Illinois,CITY HALL,6.0,5.953799999999999,5.6568,4.6134
4863,Chicago,10/25/2025,8.7,Illinois,CITY HALL,8.7,8.633009999999999,8.202359999999999,6.68943
4864,Chicago,10/26/2025,8.7,Illinois,CITY HALL,8.7,8.633009999999999,8.202359999999999,6.68943
4865,Chicago,10/27/2025,5.7,Illinois,CITY HALL,5.7,5.65611,5.37396,4.3827300000000005
4866,Chicago,10/28/2025,6.6,Illinois,CITY HALL,6.6,6.54918,6.222479999999999,5.07474
4867,Chicago,10/29/2025,3.9,Illinois,CITY HALL,3.9,3.86997,3.67692,2.99871
4868,Chicago,10/30/2025,4.8,Illinois,CITY HALL,4.8,4.763039999999999,4.52544,3.69072
4869,Chicago,10/31/2025,7.1,Illinois,CITY HALL,7.1,7.045329999999999,6.693879999999999,5.4591899999999995
4870,Chicago,11/01/2025,6.1,Illinois,CITY HALL,6.1,6.05303,5.751079999999999,4.69029
4871,Chicago,11/02/2025,5.0,Illinois,CITY HALL,5.0,4.9615,4.7139999999999995,3.8445
4872,Chicago,11/03/2025,3.9,Illinois,CITY HALL,3.9,3.86997,3.67692,2.99871
4873,Chicago,11/04/2025,4.8,Illinois,CITY HALL,4.8,4.763039999999999,4.52544,3.69072
4874,Chicago,11/05/2025,5.9,Illinois,CITY HALL,5.9,5.85457,5.56252,4.536510000000001
4875,Chicago,11/06/2025,5.6,Illinois,CITY HALL,5.6,5.55688,5.27968,4.30584
4876,Chicago,11/07/2025,5.0,Illinois,CITY HALL,5.0,4.9615,4.7139999999999995,3.8445
4877,Chicago,11/08/2025,4.5,Illinois,CITY HALL,4.5,4.46535,4.2425999999999995,3.4600500000000003
4878,Chicago,11/09/2025,2.0,Illinois,CITY HALL,2.0,1.9846,1.8856,1.5378
4879,Chicago,11/10/2025,1.6,Illinois,CITY HALL,1.6,1.58768,1.50848,1.2302400000000002
4880,Chicago,11/11/2025,4.5,Illinois,CITY HALL,4.5,4.46535,4.2425999999999995,3.4600500000000003
4881,Chicago,11/12/2025,3.7,Illinois,CITY HALL,3.7,3.67151,3.48836,2.84493
4882,Chicago,11/13/2025,6.5,Illinois,CITY HALL,6.5,6.449949999999999,6.1282,4.997850000000001
4883,Chicago,11/14/2025,11.1,Illinois,CITY HALL,11.1,11.014529999999999,10.465079999999999,8.53479
4884,Chicago,11/15/2025,6.3,Illinois,CITY HALL,6.3,6.2514899999999995,5.93964,4.84407
4885,Chicago,11/16/2025,2.7,Illinois,CITY HALL,2.7,2.67921,2.54556,2.0760300000000003
4886,Chicago,11/17/2025,6.5,Illinois,CITY HALL,6.5,6.449949999999999,6.1282,4.997850000000001
4887,Chicago,11/18/2025,11.7,Illinois,CITY HALL,11.7,11.60991,11.030759999999999,8.996129999999999
4888,Chicago,11/19/2025,14.8,Illinois,CITY HALL,14.8,14.68604,13.95344,11.37972
4889,Chicago,11/20/2025,17.6,Illinois,CITY HALL,17.6,17.464480000000002,16.59328,13.532640000000002
4890,Chicago,11/21/2025,12.8,Illinois,CITY HALL,12.8,12.70144,12.06784,9.841920000000002
4891,Chicago,11/22/2025,9.3,Illinois,CITY HALL,9.3,9.228390000000001,8.768040000000001,7.1507700000000005
4892,Chicago,11/23/2025,10.8,Illinois,CITY HALL,10.8,10.71684,10.18224,8.304120000000001
4893,Chicago,11/24/2025,14.0,Illinois,CITY HALL,14.0,13.892199999999999,13.1992,10.7646
4894,Chicago,11/25/2025,7.8,Illinois,CITY HALL,7.8,7.73994,7.35384,5.99742
4895,Chicago,11/26/2025,2.0,Illinois,CITY HALL,2.0,1.9846,1.8856,1.5378
4896,Chicago,11/27/2025,2.6,Illinois,CITY HALL,2.6,2.57998,2.45128,1.9991400000000001
4897,Chicago,11/28/2025,6.3,Illinois,CITY HALL,6.3,6.2514899999999995,5.93964,4.84407
4898,Chicago,11/29/2025,5.9,Illinois,CITY HALL,5.9,5.85457,5.56252,4.536510000000001
4899,Chicago,11/30/2025,4.2,Illinois,CITY HALL,4.2,4.16766,3.95976,3.2293800000000004
4900,Chicago,12/01/2025,11.4,Illinois,CITY HALL,11.4,11.31222,10.74792,8.765460000000001
4901,Chicago,12/02/2025,13.6,Illinois,CITY HALL,13.6,13.49528,12.82208,10.45704
4902,Chicago,12/03/2025,12.5,Illinois,CITY HALL,12.5,12.403749999999999,11.785,9.61125
4903,Chicago,12/04/2025,6.7,Illinois,CITY HALL,6.7,6.64841,6.31676,5.15163
4904,Chicago,12/05/2025,12.3,Illinois,CITY HALL,12.3,12.20529,11.596440000000001,9.45747
4905,Chicago,12/06/2025,13.5,Illinois,CITY HALL,13.5,13.396049999999999,12.7278,10.38015
4906,Chicago,12/07/2025,8.3,Illinois,CITY HALL,8.3,8.23609,7.825240000000001,6.381870000000001
4907,Chicago,12/08/2025,4.4,Illinois,CITY HALL,4.4,4.3661200000000004,4.14832,3.3831600000000006
4908,Chicago,12/09/2025,10.8,Illinois,CITY HALL,10.8,10.71684,10.18224,8.304120000000001
4909,Chicago,12/10/2025,4.4,Illinois,CITY HALL,4.4,4.3661200000000004,4.14832,3.3831600000000006
4910,Chicago,12/11/2025,7.2,Illinois,CITY HALL,7.2,7.14456,6.7881599999999995,5.53608
4911,Chicago,12/12/2025,15.3,Illinois,CITY HALL,15.3,15.18219,14.42484,11.764170000000002
4912,Chicago,12/13/2025,4.0,Illinois,CITY HALL,4.0,3.9692,3.7712,3.0756
4913,Chicago,12/14/2025,3.6,Illinois,CITY HALL,3.6,3.57228,3.3940799999999998,2.76804
4914,Chicago,12/15/2025,5.9,Illinois,CITY HALL,5.9,5.85457,5.56252,4.536510000000001
4915,Chicago,12/16/2025,11.3,Illinois,CITY HALL,11.3,11.21299,10.653640000000001,8.68857
4916,Chicago,12/17/2025,12.2,Illinois,CITY HALL,12.2,12.10606,11.502159999999998,9.38058
4917,Chicago,12/18/2025,7.2,Illinois,CITY HALL,7.2,7.14456,6.7881599999999995,5.53608
4918,Chicago,12/19/2025,3.7,Illinois,CITY HALL,3.7,3.67151,3.48836,2.84493
4919,Chicago,12/20/2025,3.7,Illinois,CITY HALL,3.7,3.67151,3.48836,2.84493
4920,Chicago,12/21/2025,4.0,Illinois,CITY HALL,4.0,3.9692,3.7712,3.0756
4921,Chicago,12/22/2025,4.2,Illinois,CITY HALL,4.2,4.16766,3.95976,3.2293800000000004
4922,Chicago,12/23/2025,11.4,Illinois,CITY HALL,11.4,11.31222,10.74792,8.765460000000001
4923,Chicago,12/24/2025,15.1,Illinois,CITY HALL,15.1,14.98373,14.236279999999999,11.61039
4924,Chicago,12/25/2025,20.2,Illinois,CITY HALL,20.2,20.044459999999997,19.044559999999997,15.53178
4925,Chicago,12/26/2025,10.7,Illinois,CITY HALL,10.7,10.617609999999999,10.087959999999999,8.22723
4926,Chicago,12/27/2025,12.2,Illinois,CITY HALL,12.2,12.10606,11.502159999999998,9.38058
4927,Chicago,12/28/2025,4.1,Illinois,CITY HALL,4.1,4.068429999999999,3.8654799999999994,3.15249
4928,Chicago,12/29/2025,2.9,Illinois,CITY HALL,2.9,2.8776699999999997,2.73412,2.22981
4929,Chicago,12/30/2025,3.1,Illinois,CITY HALL,3.1,3.07613,2.92268,2.3835900000000003
4930,Chicago,12/31/2025,5.3,Illinois,CITY HALL,5.3,5.259189999999999,4.99684,4.07517
4931,Chicago,01/01/2025,4.2,Illinois,KANE COUNTY HEALTH DEPT,4.2,4.16766,3.95976,3.2293800000000004
4932,Chicago,01/02/2025,4.6,Illinois,KANE COUNTY HEALTH DEPT,4.6,4.564579999999999,4.33688,3.53694
4933,Chicago,01/03/2025,4.6,Illinois,KANE COUNTY HEALTH DEPT,4.6,4.564579999999999,4.33688,3.53694
4934,Chicago,01/04/2025,3.8,Illinois,KANE COUNTY HEALTH DEPT,3.8,3.7707399999999995,3.5826399999999996,2.92182
4935,Chicago,01/05/2025,3.9,Illinois,KANE COUNTY HEALTH DEPT,3.9,3.86997,3.67692,2.99871
4936,Chicago,01/06/2025,2.6,Illinois,KANE COUNTY HEALTH DEPT,2.6,2.57998,2.45128,1.9991400000000001
4937,Chicago,01/07/2025,4.4,Illinois,KANE COUNTY HEALTH DEPT,4.4,4.3661200000000004,4.14832,3.3831600000000006
4938,Chicago,01/08/2025,4.7,Illinois,KANE COUNTY HEALTH DEPT,4.7,4.66381,4.43116,3.61383
4939,Chicago,01/09/2025,11.7,Illinois,KANE COUNTY HEALTH DEPT,11.7,11.60991,11.030759999999999,8.996129999999999
4940,Chicago,01/10/2025,18.0,Illinois,KANE COUNTY HEALTH DEPT,18.0,17.8614,16.970399999999998,13.840200000000001
4941,Chicago,01/11/2025,7.5,Illinois,KANE COUNTY HEALTH DEPT,7.5,7.44225,7.071,5.76675
4942,Chicago,01/12/2025,8.8,Illinois,KANE COUNTY HEALTH DEPT,8.8,8.732240000000001,8.29664,6.766320000000001
4943,Chicago,01/13/2025,3.3,Illinois,KANE COUNTY HEALTH DEPT,3.3,3.27459,3.1112399999999996,2.53737
4944,Chicago,01/14/2025,5.2,Illinois,KANE COUNTY HEALTH DEPT,5.2,5.15996,4.90256,3.9982800000000003
4945,Chicago,01/15/2025,7.8,Illinois,KANE COUNTY HEALTH DEPT,7.8,7.73994,7.35384,5.99742
4946,Chicago,01/16/2025,6.8,Illinois,KANE COUNTY HEALTH DEPT,6.8,6.74764,6.41104,5.22852
4947,Chicago,01/17/2025,6.5,Illinois,KANE COUNTY HEALTH DEPT,6.5,6.449949999999999,6.1282,4.997850000000001
4948,Chicago,01/18/2025,2.8,Illinois,KANE COUNTY HEALTH DEPT,2.8,2.77844,2.63984,2.15292
4949,Chicago,01/19/2025,3.2,Illinois,KANE COUNTY HEALTH DEPT,3.2,3.17536,3.01696,2.4604800000000004
4950,Chicago,01/20/2025,3.2,Illinois,KANE COUNTY HEALTH DEPT,3.2,3.17536,3.01696,2.4604800000000004
4951,Chicago,01/21/2025,3.3,Illinois,KANE COUNTY HEALTH DEPT,3.3,3.27459,3.1112399999999996,2.53737
4952,Chicago,01/22/2025,4.9,Illinois,KANE COUNTY HEALTH DEPT,4.9,4.8622700000000005,4.61972,3.7676100000000003
4953,Chicago,01/23/2025,5.9,Illinois,KANE COUNTY HEALTH DEPT,5.9,5.85457,5.56252,4.536510000000001
4954,Chicago,01/24/2025,6.7,Illinois,KANE COUNTY HEALTH DEPT,6.7,6.64841,6.31676,5.15163
4955,Chicago,01/25/2025,5.0,Illinois,KANE COUNTY HEALTH DEPT,5.0,4.9615,4.7139999999999995,3.8445
4956,Chicago,01/26/2025,3.6,Illinois,KANE COUNTY HEALTH DEPT,3.6,3.57228,3.3940799999999998,2.76804
4957,Chicago,01/27/2025,4.3,Illinois,KANE COUNTY HEALTH DEPT,4.3,4.26689,4.05404,3.30627
4958,Chicago,01/28/2025,3.9,Illinois,KANE COUNTY HEALTH DEPT,3.9,3.86997,3.67692,2.99871
4959,Chicago,01/29/2025,3.0,Illinois,KANE COUNTY HEALTH DEPT,3.0,2.9768999999999997,2.8284,2.3067
4960,Chicago,01/30/2025,7.7,Illinois,KANE COUNTY HEALTH DEPT,7.7,7.6407099999999994,7.25956,5.92053
4961,Chicago,01/31/2025,7.3,Illinois,KANE COUNTY HEALTH DEPT,7.3,7.24379,6.88244,5.61297
4962,Chicago,02/01/2025,3.3,Illinois,KANE COUNTY HEALTH DEPT,3.3,3.27459,3.1112399999999996,2.53737
4963,Chicago,02/02/2025,12.7,Illinois,KANE COUNTY HEALTH DEPT,12.7,12.60221,11.973559999999999,9.76503
4964,Chicago,02/03/2025,11.5,Illinois,KANE COUNTY HEALTH DEPT,11.5,11.41145,10.8422,8.84235
4965,Chicago,02/04/2025,3.6,Illinois,KANE COUNTY HEALTH DEPT,3.6,3.57228,3.3940799999999998,2.76804
4966,Chicago,02/05/2025,6.3,Illinois,KANE COUNTY HEALTH DEPT,6.3,6.2514899999999995,5.93964,4.84407
4967,Chicago,02/06/2025,6.2,Illinois,KANE COUNTY HEALTH DEPT,6.2,6.15226,5.84536,4.767180000000001
4968,Chicago,02/07/2025,4.4,Illinois,KANE COUNTY HEALTH DEPT,4.4,4.3661200000000004,4.14832,3.3831600000000006
4969,Chicago,02/08/2025,6.9,Illinois,KANE COUNTY HEALTH DEPT,6.9,6.84687,6.50532,5.30541
4970,Chicago,02/09/2025,5.8,Illinois,KANE COUNTY HEALTH DEPT,5.8,5.7553399999999995,5.46824,4.45962
4971,Chicago,02/10/2025,6.4,Illinois,KANE COUNTY HEALTH DEPT,6.4,6.35072,6.03392,4.920960000000001
4972,Chicago,02/11/2025,7.3,Illinois,KANE COUNTY HEALTH DEPT,7.3,7.24379,6.88244,5.61297
4973,Chicago,02/12/2025,9.7,Illinois,KANE COUNTY HEALTH DEPT,9.7,9.625309999999999,9.145159999999999,7.45833
4974,Chicago,02/13/2025,5.8,Illinois,KANE COUNTY HEALTH DEPT,5.8,5.7553399999999995,5.46824,4.45962
4975,Chicago,02/14/2025,9.1,Illinois,KANE COUNTY HEALTH DEPT,9.1,9.029929999999998,8.57948,6.99699
4976,Chicago,02/15/2025,14.3,Illinois,KANE COUNTY HEALTH DEPT,14.3,14.18989,13.48204,10.995270000000001
4977,Chicago,02/16/2025,4.5,Illinois,KANE COUNTY HEALTH DEPT,4.5,4.46535,4.2425999999999995,3.4600500000000003
4978,Chicago,02/17/2025,4.2,Illinois,KANE COUNTY HEALTH DEPT,4.2,4.16766,3.95976,3.2293800000000004
4979,Chicago,02/18/2025,4.4,Illinois,KANE COUNTY HEALTH DEPT,4.4,4.3661200000000004,4.14832,3.3831600000000006
4980,Chicago,02/19/2025,4.1,Illinois,KANE COUNTY HEALTH DEPT,4.1,4.068429999999999,3.8654799999999994,3.15249
4981,Chicago,02/20/2025,5.1,Illinois,KANE COUNTY HEALTH DEPT,5.1,5.0607299999999995,4.80828,3.9213899999999997
4982,Chicago,02/21/2025,7.0,Illinois,KANE COUNTY HEALTH DEPT,7.0,6.9460999999999995,6.5996,5.3823
4983,Chicago,02/22/2025,7.6,Illinois,KANE COUNTY HEALTH DEPT,7.6,7.541479999999999,7.165279999999999,5.84364
4984,Chicago,02/23/2025,12.6,Illinois,KANE COUNTY HEALTH DEPT,12.6,12.502979999999999,11.87928,9.68814
4985,Chicago,02/24/2025,9.0,Illinois,KANE COUNTY HEALTH DEPT,9.0,8.9307,8.485199999999999,6.920100000000001
4986,Chicago,02/25/2025,8.5,Illinois,KANE COUNTY HEALTH DEPT,8.5,8.43455,8.0138,6.53565
4987,Chicago,02/26/2025,10.9,Illinois,KANE COUNTY HEALTH DEPT,10.9,10.81607,10.27652,8.38101
4988,Chicago,02/27/2025,8.7,Illinois,KANE COUNTY HEALTH DEPT,8.7,8.633009999999999,8.202359999999999,6.68943
4989,Chicago,02/28/2025,3.4,Illinois,KANE COUNTY HEALTH DEPT,3.4,3.37382,3.20552,2.61426
4990,Chicago,03/01/2025,3.4,Illinois,KANE COUNTY HEALTH DEPT,3.4,3.37382,3.20552,2.61426
4991,Chicago,03/02/2025,7.1,Illinois,KANE COUNTY HEALTH DEPT,7.1,7.045329999999999,6.693879999999999,5.4591899999999995
4992,Chicago,03/03/2025,7.5,Illinois,KANE COUNTY HEALTH DEPT,7.5,7.44225,7.071,5.76675
4993,Chicago,03/04/2025,8.0,Illinois,KANE COUNTY HEALTH DEPT,8.0,7.9384,7.5424,6.1512
4994,Chicago,03/05/2025,4.9,Illinois,KANE COUNTY HEALTH DEPT,4.9,4.8622700000000005,4.61972,3.7676100000000003
4995,Chicago,03/06/2025,2.6,Illinois,KANE COUNTY HEALTH DEPT,2.6,2.57998,2.45128,1.9991400000000001
4996,Chicago,03/07/2025,7.5,Illinois,KANE COUNTY HEALTH DEPT,7.5,7.44225,7.071,5.76675
4997,Chicago,03/08/2025,6.3,Illinois,KANE COUNTY HEALTH DEPT,6.3,6.2514899999999995,5.93964,4.84407
4998,Chicago,03/09/2025,4.3,Illinois,KANE COUNTY HEALTH DEPT,4.3,4.26689,4.05404,3.30627
4999,Chicago,03/10/2025,5.2,Illinois,KANE COUNTY HEALTH DEPT,5.2,5.15996,4.90256,3.9982800000000003
5000,Chicago,03/11/2025,4.3,Illinois,KANE COUNTY HEALTH DEPT,4.3,4.26689,4.05404,3.30627
5001,Chicago,03/12/2025,7.6,Illinois,KANE COUNTY HEALTH DEPT,7.6,7.541479999999999,7.165279999999999,5.84364
5002,Chicago,03/13/2025,13.6,Illinois,KANE COUNTY HEALTH DEPT,13.6,13.49528,12.82208,10.45704
5003,Chicago,03/14/2025,11.5,Illinois,KANE COUNTY HEALTH DEPT,11.5,11.41145,10.8422,8.84235
5004,Chicago,03/15/2025,21.1,Illinois,KANE COUNTY HEALTH DEPT,21.1,20.93753,19.89308,16.22379
5005,Chicago,03/16/2025,4.3,Illinois,KANE COUNTY HEALTH DEPT,4.3,4.26689,4.05404,3.30627
5006,Chicago,03/17/2025,4.0,Illinois,KANE COUNTY HEALTH DEPT,4.0,3.9692,3.7712,3.0756
5007,Chicago,03/18/2025,5.6,Illinois,KANE COUNTY HEALTH DEPT,5.6,5.55688,5.27968,4.30584
5008,Chicago,03/19/2025,6.5,Illinois,KANE COUNTY HEALTH DEPT,6.5,6.449949999999999,6.1282,4.997850000000001
5009,Chicago,03/20/2025,2.6,Illinois,KANE COUNTY HEALTH DEPT,2.6,2.57998,2.45128,1.9991400000000001
5010,Chicago,03/21/2025,5.0,Illinois,KANE COUNTY HEALTH DEPT,5.0,4.9615,4.7139999999999995,3.8445
5011,Chicago,03/22/2025,4.5,Illinois,KANE COUNTY HEALTH DEPT,4.5,4.46535,4.2425999999999995,3.4600500000000003
5012,Chicago,03/23/2025,5.3,Illinois,KANE COUNTY HEALTH DEPT,5.3,5.259189999999999,4.99684,4.07517
5013,Chicago,03/24/2025,4.1,Illinois,KANE COUNTY HEALTH DEPT,4.1,4.068429999999999,3.8654799999999994,3.15249
5014,Chicago,03/25/2025,5.1,Illinois,KANE COUNTY HEALTH DEPT,5.1,5.0607299999999995,4.80828,3.9213899999999997
5015,Chicago,03/26/2025,13.1,Illinois,KANE COUNTY HEALTH DEPT,13.1,12.99913,12.350679999999999,10.07259
5016,Chicago,03/27/2025,10.1,Illinois,KANE COUNTY HEALTH DEPT,10.1,10.022229999999999,9.522279999999999,7.76589
5017,Chicago,03/28/2025,6.7,Illinois,KANE COUNTY HEALTH DEPT,6.7,6.64841,6.31676,5.15163
5018,Chicago,03/29/2025,7.2,Illinois,KANE COUNTY HEALTH DEPT,7.2,7.14456,6.7881599999999995,5.53608
5019,Chicago,03/30/2025,5.0,Illinois,KANE COUNTY HEALTH DEPT,5.0,4.9615,4.7139999999999995,3.8445
5020,Chicago,03/31/2025,2.8,Illinois,KANE COUNTY HEALTH DEPT,2.8,2.77844,2.63984,2.15292
5021,Chicago,04/01/2025,5.2,Illinois,KANE COUNTY HEALTH DEPT,5.2,5.15996,4.90256,3.9982800000000003
5022,Chicago,04/02/2025,7.1,Illinois,KANE COUNTY HEALTH DEPT,7.1,7.045329999999999,6.693879999999999,5.4591899999999995
5023,Chicago,04/03/2025,5.4,Illinois,KANE COUNTY HEALTH DEPT,5.4,5.35842,5.09112,4.1520600000000005
5024,Chicago,04/04/2025,5.6,Illinois,KANE COUNTY HEALTH DEPT,5.6,5.55688,5.27968,4.30584
5025,Chicago,04/05/2025,3.8,Illinois,KANE COUNTY HEALTH DEPT,3.8,3.7707399999999995,3.5826399999999996,2.92182
5026,Chicago,04/06/2025,4.9,Illinois,KANE COUNTY HEALTH DEPT,4.9,4.8622700000000005,4.61972,3.7676100000000003
5027,Chicago,04/07/2025,4.5,Illinois,KANE COUNTY HEALTH DEPT,4.5,4.46535,4.2425999999999995,3.4600500000000003
5028,Chicago,04/08/2025,4.7,Illinois,KANE COUNTY HEALTH DEPT,4.7,4.66381,4.43116,3.61383
5029,Chicago,04/09/2025,8.1,Illinois,KANE COUNTY HEALTH DEPT,8.1,8.03763,7.636679999999999,6.22809
5030,Chicago,04/10/2025,14.4,Illinois,KANE COUNTY HEALTH DEPT,14.4,14.28912,13.576319999999999,11.07216
5031,Chicago,04/11/2025,11.8,Illinois,KANE COUNTY HEALTH DEPT,11.8,11.70914,11.12504,9.073020000000001
5032,Chicago,04/12/2025,9.9,Illinois,KANE COUNTY HEALTH DEPT,9.9,9.82377,9.33372,7.61211
5033,Chicago,04/13/2025,7.0,Illinois,KANE COUNTY HEALTH DEPT,7.0,6.9460999999999995,6.5996,5.3823
5034,Chicago,04/14/2025,4.9,Illinois,KANE COUNTY HEALTH DEPT,4.9,4.8622700000000005,4.61972,3.7676100000000003
5035,Chicago,04/15/2025,2.9,Illinois,KANE COUNTY HEALTH DEPT,2.9,2.8776699999999997,2.73412,2.22981
5036,Chicago,04/16/2025,4.8,Illinois,KANE COUNTY HEALTH DEPT,4.8,4.763039999999999,4.52544,3.69072
5037,Chicago,04/17/2025,6.9,Illinois,KANE COUNTY HEALTH DEPT,6.9,6.84687,6.50532,5.30541
5038,Chicago,04/18/2025,11.4,Illinois,KANE COUNTY HEALTH DEPT,11.4,11.31222,10.74792,8.765460000000001
5039,Chicago,04/19/2025,9.2,Illinois,KANE COUNTY HEALTH DEPT,9.2,9.129159999999999,8.67376,7.07388
5040,Chicago,04/20/2025,8.5,Illinois,KANE COUNTY HEALTH DEPT,8.5,8.43455,8.0138,6.53565
5041,Chicago,04/21/2025,3.0,Illinois,KANE COUNTY HEALTH DEPT,3.0,2.9768999999999997,2.8284,2.3067
5042,Chicago,04/22/2025,5.6,Illinois,KANE COUNTY HEALTH DEPT,5.6,5.55688,5.27968,4.30584
5043,Chicago,04/23/2025,6.0,Illinois,KANE COUNTY HEALTH DEPT,6.0,5.953799999999999,5.6568,4.6134
5044,Chicago,04/24/2025,7.0,Illinois,KANE COUNTY HEALTH DEPT,7.0,6.9460999999999995,6.5996,5.3823
5045,Chicago,04/25/2025,5.0,Illinois,KANE COUNTY HEALTH DEPT,5.0,4.9615,4.7139999999999995,3.8445
5046,Chicago,04/26/2025,3.0,Illinois,KANE COUNTY HEALTH DEPT,3.0,2.9768999999999997,2.8284,2.3067
5047,Chicago,04/27/2025,5.7,Illinois,KANE COUNTY HEALTH DEPT,5.7,5.65611,5.37396,4.3827300000000005
5048,Chicago,04/28/2025,7.3,Illinois,KANE COUNTY HEALTH DEPT,7.3,7.24379,6.88244,5.61297
5049,Chicago,04/29/2025,5.0,Illinois,KANE COUNTY HEALTH DEPT,5.0,4.9615,4.7139999999999995,3.8445
5050,Chicago,04/30/2025,4.2,Illinois,KANE COUNTY HEALTH DEPT,4.2,4.16766,3.95976,3.2293800000000004
5051,Chicago,05/01/2025,8.6,Illinois,KANE COUNTY HEALTH DEPT,8.6,8.53378,8.10808,6.61254
5052,Chicago,05/02/2025,7.8,Illinois,KANE COUNTY HEALTH DEPT,7.8,7.73994,7.35384,5.99742
5053,Chicago,05/03/2025,2.3,Illinois,KANE COUNTY HEALTH DEPT,2.3,2.2822899999999997,2.16844,1.76847
5054,Chicago,05/04/2025,2.8,Illinois,KANE COUNTY HEALTH DEPT,2.8,2.77844,2.63984,2.15292
5055,Chicago,05/05/2025,4.9,Illinois,KANE COUNTY HEALTH DEPT,4.9,4.8622700000000005,4.61972,3.7676100000000003
5056,Chicago,05/06/2025,7.7,Illinois,KANE COUNTY HEALTH DEPT,7.7,7.6407099999999994,7.25956,5.92053
5057,Chicago,05/07/2025,8.4,Illinois,KANE COUNTY HEALTH DEPT,8.4,8.33532,7.91952,6.458760000000001
5058,Chicago,05/08/2025,3.7,Illinois,KANE COUNTY HEALTH DEPT,3.7,3.67151,3.48836,2.84493
5059,Chicago,05/09/2025,5.0,Illinois,KANE COUNTY HEALTH DEPT,5.0,4.9615,4.7139999999999995,3.8445
5060,Chicago,05/10/2025,5.8,Illinois,KANE COUNTY HEALTH DEPT,5.8,5.7553399999999995,5.46824,4.45962
5061,Chicago,05/11/2025,5.2,Illinois,KANE COUNTY HEALTH DEPT,5.2,5.15996,4.90256,3.9982800000000003
5062,Chicago,05/12/2025,8.1,Illinois,KANE COUNTY HEALTH DEPT,8.1,8.03763,7.636679999999999,6.22809
5063,Chicago,05/13/2025,6.9,Illinois,KANE COUNTY HEALTH DEPT,6.9,6.84687,6.50532,5.30541
5064,Chicago,05/14/2025,9.5,Illinois,KANE COUNTY HEALTH DEPT,9.5,9.42685,8.9566,7.30455
5065,Chicago,05/15/2025,12.6,Illinois,KANE COUNTY HEALTH DEPT,12.6,12.502979999999999,11.87928,9.68814
5066,Chicago,05/16/2025,7.4,Illinois,KANE COUNTY HEALTH DEPT,7.4,7.34302,6.97672,5.68986
5067,Chicago,05/17/2025,2.4,Illinois,KANE COUNTY HEALTH DEPT,2.4,2.3815199999999996,2.26272,1.84536
5068,Chicago,05/18/2025,3.6,Illinois,KANE COUNTY HEALTH DEPT,3.6,3.57228,3.3940799999999998,2.76804
5069,Chicago,05/19/2025,3.2,Illinois,KANE COUNTY HEALTH DEPT,3.2,3.17536,3.01696,2.4604800000000004
5070,Chicago,05/20/2025,5.6,Illinois,KANE COUNTY HEALTH DEPT,5.6,5.55688,5.27968,4.30584
5071,Chicago,05/21/2025,2.7,Illinois,KANE COUNTY HEALTH DEPT,2.7,2.67921,2.54556,2.0760300000000003
5072,Chicago,05/22/2025,2.7,Illinois,KANE COUNTY HEALTH DEPT,2.7,2.67921,2.54556,2.0760300000000003
5073,Chicago,05/23/2025,3.9,Illinois,KANE COUNTY HEALTH DEPT,3.9,3.86997,3.67692,2.99871
5074,Chicago,05/24/2025,3.7,Illinois,KANE COUNTY HEALTH DEPT,3.7,3.67151,3.48836,2.84493
5075,Chicago,05/25/2025,3.6,Illinois,KANE COUNTY HEALTH DEPT,3.6,3.57228,3.3940799999999998,2.76804
5076,Chicago,05/26/2025,3.9,Illinois,KANE COUNTY HEALTH DEPT,3.9,3.86997,3.67692,2.99871
5077,Chicago,05/27/2025,4.9,Illinois,KANE COUNTY HEALTH DEPT,4.9,4.8622700000000005,4.61972,3.7676100000000003
5078,Chicago,05/28/2025,6.9,Illinois,KANE COUNTY HEALTH DEPT,6.9,6.84687,6.50532,5.30541
5079,Chicago,05/29/2025,10.5,Illinois,KANE COUNTY HEALTH DEPT,10.5,10.41915,9.8994,8.073450000000001
5080,Chicago,05/30/2025,9.7,Illinois,KANE COUNTY HEALTH DEPT,9.7,9.625309999999999,9.145159999999999,7.45833
5081,Chicago,05/31/2025,10.7,Illinois,KANE COUNTY HEALTH DEPT,10.7,10.617609999999999,10.087959999999999,8.22723
5082,Chicago,06/01/2025,11.0,Illinois,KANE COUNTY HEALTH DEPT,11.0,10.9153,10.3708,8.4579
5083,Chicago,06/02/2025,10.2,Illinois,KANE COUNTY HEALTH DEPT,10.2,10.121459999999999,9.61656,7.842779999999999
5084,Chicago,06/03/2025,12.5,Illinois,KANE COUNTY HEALTH DEPT,12.5,12.403749999999999,11.785,9.61125
5085,Chicago,06/04/2025,12.0,Illinois,KANE COUNTY HEALTH DEPT,12.0,11.907599999999999,11.3136,9.2268
5086,Chicago,06/05/2025,46.2,Illinois,KANE COUNTY HEALTH DEPT,46.2,45.84426,43.55736,35.52318
5087,Chicago,06/06/2025,31.8,Illinois,KANE COUNTY HEALTH DEPT,31.8,31.555139999999998,29.98104,24.45102
5088,Chicago,06/07/2025,30.6,Illinois,KANE COUNTY HEALTH DEPT,30.6,30.36438,28.84968,23.528340000000004
5089,Chicago,06/08/2025,21.2,Illinois,KANE COUNTY HEALTH DEPT,21.2,21.036759999999997,19.98736,16.30068
5090,Chicago,06/09/2025,16.6,Illinois,KANE COUNTY HEALTH DEPT,16.6,16.47218,15.650480000000002,12.763740000000002
5091,Chicago,06/10/2025,17.4,Illinois,KANE COUNTY HEALTH DEPT,17.4,17.266019999999997,16.404719999999998,13.37886
5092,Chicago,06/11/2025,22.2,Illinois,KANE COUNTY HEALTH DEPT,22.2,22.029059999999998,20.930159999999997,17.06958
5093,Chicago,06/12/2025,26.6,Illinois,KANE COUNTY HEALTH DEPT,26.6,26.39518,25.07848,20.452740000000002
5094,Chicago,06/13/2025,26.2,Illinois,KANE COUNTY HEALTH DEPT,26.2,25.99826,24.701359999999998,20.14518
5095,Chicago,06/14/2025,16.3,Illinois,KANE COUNTY HEALTH DEPT,16.3,16.17449,15.36764,12.53307
5096,Chicago,06/15/2025,12.8,Illinois,KANE COUNTY HEALTH DEPT,12.8,12.70144,12.06784,9.841920000000002
5097,Chicago,06/16/2025,14.1,Illinois,KANE COUNTY HEALTH DEPT,14.1,13.99143,13.293479999999999,10.84149
5098,Chicago,06/17/2025,6.7,Illinois,KANE COUNTY HEALTH DEPT,6.7,6.64841,6.31676,5.15163
5099,Chicago,06/18/2025,4.5,Illinois,KANE COUNTY HEALTH DEPT,4.5,4.46535,4.2425999999999995,3.4600500000000003
5100,Chicago,06/19/2025,6.0,Illinois,KANE COUNTY HEALTH DEPT,6.0,5.953799999999999,5.6568,4.6134
5101,Chicago,06/20/2025,6.4,Illinois,KANE COUNTY HEALTH DEPT,6.4,6.35072,6.03392,4.920960000000001
5102,Chicago,06/21/2025,10.1,Illinois,KANE COUNTY HEALTH DEPT,10.1,10.022229999999999,9.522279999999999,7.76589
5103,Chicago,06/22/2025,12.8,Illinois,KANE COUNTY HEALTH DEPT,12.8,12.70144,12.06784,9.841920000000002
5104,Chicago,06/23/2025,11.5,Illinois,KANE COUNTY HEALTH DEPT,11.5,11.41145,10.8422,8.84235
5105,Chicago,06/24/2025,5.9,Illinois,KANE COUNTY HEALTH DEPT,5.9,5.85457,5.56252,4.536510000000001
5106,Chicago,06/25/2025,5.9,Illinois,KANE COUNTY HEALTH DEPT,5.9,5.85457,5.56252,4.536510000000001
5107,Chicago,06/26/2025,8.9,Illinois,KANE COUNTY HEALTH DEPT,8.9,8.83147,8.39092,6.843210000000001
5108,Chicago,06/27/2025,4.0,Illinois,KANE COUNTY HEALTH DEPT,4.0,3.9692,3.7712,3.0756
5109,Chicago,06/28/2025,4.7,Illinois,KANE COUNTY HEALTH DEPT,4.7,4.66381,4.43116,3.61383
5110,Chicago,06/29/2025,7.5,Illinois,KANE COUNTY HEALTH DEPT,7.5,7.44225,7.071,5.76675
5111,Chicago,06/30/2025,4.8,Illinois,KANE COUNTY HEALTH DEPT,4.8,4.763039999999999,4.52544,3.69072
5112,Chicago,07/01/2025,7.2,Illinois,KANE COUNTY HEALTH DEPT,7.2,7.14456,6.7881599999999995,5.53608
5113,Chicago,07/02/2025,11.2,Illinois,KANE COUNTY HEALTH DEPT,11.2,11.11376,10.55936,8.61168
5114,Chicago,07/03/2025,9.8,Illinois,KANE COUNTY HEALTH DEPT,9.8,9.724540000000001,9.23944,7.535220000000001
5115,Chicago,07/04/2025,17.1,Illinois,KANE COUNTY HEALTH DEPT,17.1,16.96833,16.12188,13.148190000000001
5116,Chicago,07/05/2025,13.4,Illinois,KANE COUNTY HEALTH DEPT,13.4,13.29682,12.63352,10.30326
5117,Chicago,07/06/2025,6.3,Illinois,KANE COUNTY HEALTH DEPT,6.3,6.2514899999999995,5.93964,4.84407
5118,Chicago,07/07/2025,20.6,Illinois,KANE COUNTY HEALTH DEPT,20.6,20.441380000000002,19.421680000000002,15.839340000000002
5119,Chicago,07/08/2025,17.0,Illinois,KANE COUNTY HEALTH DEPT,17.0,16.8691,16.0276,13.0713
5120,Chicago,07/09/2025,8.5,Illinois,KANE COUNTY HEALTH DEPT,8.5,8.43455,8.0138,6.53565
5121,Chicago,07/10/2025,7.7,Illinois,KANE COUNTY HEALTH DEPT,7.7,7.6407099999999994,7.25956,5.92053
5122,Chicago,07/11/2025,5.4,Illinois,KANE COUNTY HEALTH DEPT,5.4,5.35842,5.09112,4.1520600000000005
5123,Chicago,07/12/2025,5.7,Illinois,KANE COUNTY HEALTH DEPT,5.7,5.65611,5.37396,4.3827300000000005
5124,Chicago,07/13/2025,26.0,Illinois,KANE COUNTY HEALTH DEPT,26.0,25.799799999999998,24.5128,19.991400000000002
5125,Chicago,07/14/2025,26.1,Illinois,KANE COUNTY HEALTH DEPT,26.1,25.89903,24.60708,20.06829
5126,Chicago,07/15/2025,15.4,Illinois,KANE COUNTY HEALTH DEPT,15.4,15.281419999999999,14.51912,11.84106
5127,Chicago,07/16/2025,5.4,Illinois,KANE COUNTY HEALTH DEPT,5.4,5.35842,5.09112,4.1520600000000005
5128,Chicago,07/17/2025,3.9,Illinois,KANE COUNTY HEALTH DEPT,3.9,3.86997,3.67692,2.99871
5129,Chicago,07/18/2025,3.9,Illinois,KANE COUNTY HEALTH DEPT,3.9,3.86997,3.67692,2.99871
5130,Chicago,07/19/2025,4.9,Illinois,KANE COUNTY HEALTH DEPT,4.9,4.8622700000000005,4.61972,3.7676100000000003
5131,Chicago,07/20/2025,5.7,Illinois,KANE COUNTY HEALTH DEPT,5.7,5.65611,5.37396,4.3827300000000005
5132,Chicago,07/21/2025,25.6,Illinois,KANE COUNTY HEALTH DEPT,25.6,25.40288,24.13568,19.683840000000004
5133,Chicago,07/22/2025,25.7,Illinois,KANE COUNTY HEALTH DEPT,25.7,25.50211,24.22996,19.76073
5134,Chicago,07/23/2025,15.9,Illinois,KANE COUNTY HEALTH DEPT,15.9,15.777569999999999,14.99052,12.22551
5135,Chicago,07/24/2025,8.0,Illinois,KANE COUNTY HEALTH DEPT,8.0,7.9384,7.5424,6.1512
5136,Chicago,07/25/2025,5.3,Illinois,KANE COUNTY HEALTH DEPT,5.3,5.259189999999999,4.99684,4.07517
5137,Chicago,07/26/2025,3.8,Illinois,KANE COUNTY HEALTH DEPT,3.8,3.7707399999999995,3.5826399999999996,2.92182
5138,Chicago,07/27/2025,6.5,Illinois,KANE COUNTY HEALTH DEPT,6.5,6.449949999999999,6.1282,4.997850000000001
5139,Chicago,07/28/2025,7.2,Illinois,KANE COUNTY HEALTH DEPT,7.2,7.14456,6.7881599999999995,5.53608
5140,Chicago,07/29/2025,7.5,Illinois,KANE COUNTY HEALTH DEPT,7.5,7.44225,7.071,5.76675
5141,Chicago,07/30/2025,9.5,Illinois,KANE COUNTY HEALTH DEPT,9.5,9.42685,8.9566,7.30455
5142,Chicago,07/31/2025,65.3,Illinois,KANE COUNTY HEALTH DEPT,65.3,64.79719,61.56484,50.20917
5143,Chicago,08/01/2025,47.7,Illinois,KANE COUNTY HEALTH DEPT,47.7,47.33271,44.971560000000004,36.67653000000001
5144,Chicago,08/02/2025,28.3,Illinois,KANE COUNTY HEALTH DEPT,28.3,28.08209,26.68124,21.759870000000003
5145,Chicago,08/03/2025,32.0,Illinois,KANE COUNTY HEALTH DEPT,32.0,31.7536,30.1696,24.6048
5146,Chicago,08/04/2025,23.4,Illinois,KANE COUNTY HEALTH DEPT,23.4,23.21982,22.061519999999998,17.992259999999998
5147,Chicago,08/05/2025,24.2,Illinois,KANE COUNTY HEALTH DEPT,24.2,24.013659999999998,22.815759999999997,18.60738
5148,Chicago,08/06/2025,25.3,Illinois,KANE COUNTY HEALTH DEPT,25.3,25.10519,23.85284,19.45317
5149,Chicago,08/07/2025,12.5,Illinois,KANE COUNTY HEALTH DEPT,12.5,12.403749999999999,11.785,9.61125
5150,Chicago,08/08/2025,12.1,Illinois,KANE COUNTY HEALTH DEPT,12.1,12.006829999999999,11.407879999999999,9.30369
5151,Chicago,08/09/2025,11.1,Illinois,KANE COUNTY HEALTH DEPT,11.1,11.014529999999999,10.465079999999999,8.53479
5152,Chicago,08/10/2025,9.0,Illinois,KANE COUNTY HEALTH DEPT,9.0,8.9307,8.485199999999999,6.920100000000001
5153,Chicago,08/11/2025,6.4,Illinois,KANE COUNTY HEALTH DEPT,6.4,6.35072,6.03392,4.920960000000001
5154,Chicago,08/12/2025,6.3,Illinois,KANE COUNTY HEALTH DEPT,6.3,6.2514899999999995,5.93964,4.84407
5155,Chicago,08/13/2025,11.3,Illinois,KANE COUNTY HEALTH DEPT,11.3,11.21299,10.653640000000001,8.68857
5156,Chicago,08/14/2025,16.3,Illinois,KANE COUNTY HEALTH DEPT,16.3,16.17449,15.36764,12.53307
5157,Chicago,08/15/2025,16.0,Illinois,KANE COUNTY HEALTH DEPT,16.0,15.8768,15.0848,12.3024
5158,Chicago,08/16/2025,8.1,Illinois,KANE COUNTY HEALTH DEPT,8.1,8.03763,7.636679999999999,6.22809
5159,Chicago,08/17/2025,6.0,Illinois,KANE COUNTY HEALTH DEPT,6.0,5.953799999999999,5.6568,4.6134
5160,Chicago,08/18/2025,6.1,Illinois,KANE COUNTY HEALTH DEPT,6.1,6.05303,5.751079999999999,4.69029
5161,Chicago,08/19/2025,3.9,Illinois,KANE COUNTY HEALTH DEPT,3.9,3.86997,3.67692,2.99871
5162,Chicago,08/20/2025,3.3,Illinois,KANE COUNTY HEALTH DEPT,3.3,3.27459,3.1112399999999996,2.53737
5163,Chicago,08/21/2025,3.7,Illinois,KANE COUNTY HEALTH DEPT,3.7,3.67151,3.48836,2.84493
5164,Chicago,08/22/2025,5.8,Illinois,KANE COUNTY HEALTH DEPT,5.8,5.7553399999999995,5.46824,4.45962
5165,Chicago,08/23/2025,5.0,Illinois,KANE COUNTY HEALTH DEPT,5.0,4.9615,4.7139999999999995,3.8445
5166,Chicago,08/24/2025,3.5,Illinois,KANE COUNTY HEALTH DEPT,3.5,3.4730499999999997,3.2998,2.69115
5167,Chicago,08/25/2025,2.9,Illinois,KANE COUNTY HEALTH DEPT,2.9,2.8776699999999997,2.73412,2.22981
5168,Chicago,08/26/2025,4.6,Illinois,KANE COUNTY HEALTH DEPT,4.6,4.564579999999999,4.33688,3.53694
5169,Chicago,08/27/2025,5.3,Illinois,KANE COUNTY HEALTH DEPT,5.3,5.259189999999999,4.99684,4.07517
5170,Chicago,08/28/2025,5.2,Illinois,KANE COUNTY HEALTH DEPT,5.2,5.15996,4.90256,3.9982800000000003
5171,Chicago,08/29/2025,3.9,Illinois,KANE COUNTY HEALTH DEPT,3.9,3.86997,3.67692,2.99871
5172,Chicago,08/30/2025,5.2,Illinois,KANE COUNTY HEALTH DEPT,5.2,5.15996,4.90256,3.9982800000000003
5173,Chicago,08/31/2025,6.1,Illinois,KANE COUNTY HEALTH DEPT,6.1,6.05303,5.751079999999999,4.69029
5174,Chicago,09/01/2025,7.2,Illinois,KANE COUNTY HEALTH DEPT,7.2,7.14456,6.7881599999999995,5.53608
5175,Chicago,09/02/2025,6.4,Illinois,KANE COUNTY HEALTH DEPT,6.4,6.35072,6.03392,4.920960000000001
5176,Chicago,09/03/2025,9.5,Illinois,KANE COUNTY HEALTH DEPT,9.5,9.42685,8.9566,7.30455
5177,Chicago,09/04/2025,10.5,Illinois,KANE COUNTY HEALTH DEPT,10.5,10.41915,9.8994,8.073450000000001
5178,Chicago,09/05/2025,6.6,Illinois,KANE COUNTY HEALTH DEPT,6.6,6.54918,6.222479999999999,5.07474
5179,Chicago,09/06/2025,3.3,Illinois,KANE COUNTY HEALTH DEPT,3.3,3.27459,3.1112399999999996,2.53737
5180,Chicago,09/07/2025,4.8,Illinois,KANE COUNTY HEALTH DEPT,4.8,4.763039999999999,4.52544,3.69072
5181,Chicago,09/08/2025,5.8,Illinois,KANE COUNTY HEALTH DEPT,5.8,5.7553399999999995,5.46824,4.45962
5182,Chicago,09/09/2025,4.9,Illinois,KANE COUNTY HEALTH DEPT,4.9,4.8622700000000005,4.61972,3.7676100000000003
5183,Chicago,09/10/2025,7.7,Illinois,KANE COUNTY HEALTH DEPT,7.7,7.6407099999999994,7.25956,5.92053
5184,Chicago,09/11/2025,8.8,Illinois,KANE COUNTY HEALTH DEPT,8.8,8.732240000000001,8.29664,6.766320000000001
5185,Chicago,09/12/2025,9.1,Illinois,KANE COUNTY HEALTH DEPT,9.1,9.029929999999998,8.57948,6.99699
5186,Chicago,09/13/2025,12.5,Illinois,KANE COUNTY HEALTH DEPT,12.5,12.403749999999999,11.785,9.61125
5187,Chicago,09/14/2025,14.8,Illinois,KANE COUNTY HEALTH DEPT,14.8,14.68604,13.95344,11.37972
5188,Chicago,09/15/2025,10.7,Illinois,KANE COUNTY HEALTH DEPT,10.7,10.617609999999999,10.087959999999999,8.22723
5189,Chicago,09/16/2025,10.7,Illinois,KANE COUNTY HEALTH DEPT,10.7,10.617609999999999,10.087959999999999,8.22723
5190,Chicago,09/17/2025,12.8,Illinois,KANE COUNTY HEALTH DEPT,12.8,12.70144,12.06784,9.841920000000002
5191,Chicago,09/18/2025,13.1,Illinois,KANE COUNTY HEALTH DEPT,13.1,12.99913,12.350679999999999,10.07259
5192,Chicago,09/19/2025,12.4,Illinois,KANE COUNTY HEALTH DEPT,12.4,12.30452,11.69072,9.534360000000001
5193,Chicago,09/20/2025,8.7,Illinois,KANE COUNTY HEALTH DEPT,8.7,8.633009999999999,8.202359999999999,6.68943
5194,Chicago,09/21/2025,9.1,Illinois,KANE COUNTY HEALTH DEPT,9.1,9.029929999999998,8.57948,6.99699
5195,Chicago,09/22/2025,6.9,Illinois,KANE COUNTY HEALTH DEPT,6.9,6.84687,6.50532,5.30541
5196,Chicago,09/23/2025,6.7,Illinois,KANE COUNTY HEALTH DEPT,6.7,6.64841,6.31676,5.15163
5197,Chicago,09/24/2025,4.5,Illinois,KANE COUNTY HEALTH DEPT,4.5,4.46535,4.2425999999999995,3.4600500000000003
5198,Chicago,09/25/2025,5.6,Illinois,KANE COUNTY HEALTH DEPT,5.6,5.55688,5.27968,4.30584
5199,Chicago,09/26/2025,7.5,Illinois,KANE COUNTY HEALTH DEPT,7.5,7.44225,7.071,5.76675
5200,Chicago,09/27/2025,11.3,Illinois,KANE COUNTY HEALTH DEPT,11.3,11.21299,10.653640000000001,8.68857
5201,Chicago,09/28/2025,10.2,Illinois,KANE COUNTY HEALTH DEPT,10.2,10.121459999999999,9.61656,7.842779999999999
5202,Chicago,09/29/2025,10.7,Illinois,KANE COUNTY HEALTH DEPT,10.7,10.617609999999999,10.087959999999999,8.22723
5203,Chicago,09/30/2025,11.2,Illinois,KANE COUNTY HEALTH DEPT,11.2,11.11376,10.55936,8.61168
5204,Chicago,10/01/2025,7.8,Illinois,KANE COUNTY HEALTH DEPT,7.8,7.73994,7.35384,5.99742
5205,Chicago,10/02/2025,7.8,Illinois,KANE COUNTY HEALTH DEPT,7.8,7.73994,7.35384,5.99742
5206,Chicago,10/03/2025,12.5,Illinois,KANE COUNTY HEALTH DEPT,12.5,12.403749999999999,11.785,9.61125
5207,Chicago,10/04/2025,11.8,Illinois,KANE COUNTY HEALTH DEPT,11.8,11.70914,11.12504,9.073020000000001
5208,Chicago,10/05/2025,6.9,Illinois,KANE COUNTY HEALTH DEPT,6.9,6.84687,6.50532,5.30541
5209,Chicago,10/06/2025,6.6,Illinois,KANE COUNTY HEALTH DEPT,6.6,6.54918,6.222479999999999,5.07474
5210,Chicago,10/07/2025,3.6,Illinois,KANE COUNTY HEALTH DEPT,3.6,3.57228,3.3940799999999998,2.76804
5211,Chicago,10/08/2025,3.3,Illinois,KANE COUNTY HEALTH DEPT,3.3,3.27459,3.1112399999999996,2.53737
5212,Chicago,10/09/2025,4.8,Illinois,KANE COUNTY HEALTH DEPT,4.8,4.763039999999999,4.52544,3.69072
5213,Chicago,10/10/2025,6.7,Illinois,KANE COUNTY HEALTH DEPT,6.7,6.64841,6.31676,5.15163
5214,Chicago,10/11/2025,3.6,Illinois,KANE COUNTY HEALTH DEPT,3.6,3.57228,3.3940799999999998,2.76804
5215,Chicago,10/12/2025,4.7,Illinois,KANE COUNTY HEALTH DEPT,4.7,4.66381,4.43116,3.61383
5216,Chicago,10/13/2025,7.8,Illinois,KANE COUNTY HEALTH DEPT,7.8,7.73994,7.35384,5.99742
5217,Chicago,10/14/2025,8.2,Illinois,KANE COUNTY HEALTH DEPT,8.2,8.136859999999999,7.730959999999999,6.30498
5218,Chicago,10/15/2025,3.5,Illinois,KANE COUNTY HEALTH DEPT,3.5,3.4730499999999997,3.2998,2.69115
5219,Chicago,10/16/2025,3.8,Illinois,KANE COUNTY HEALTH DEPT,3.8,3.7707399999999995,3.5826399999999996,2.92182
5220,Chicago,10/17/2025,5.5,Illinois,KANE COUNTY HEALTH DEPT,5.5,5.45765,5.1854,4.22895
5221,Chicago,10/18/2025,11.6,Illinois,KANE COUNTY HEALTH DEPT,11.6,11.510679999999999,10.93648,8.91924
5222,Chicago,10/19/2025,3.2,Illinois,KANE COUNTY HEALTH DEPT,3.2,3.17536,3.01696,2.4604800000000004
5223,Chicago,10/20/2025,3.2,Illinois,KANE COUNTY HEALTH DEPT,3.2,3.17536,3.01696,2.4604800000000004
5224,Chicago,10/21/2025,2.7,Illinois,KANE COUNTY HEALTH DEPT,2.7,2.67921,2.54556,2.0760300000000003
5225,Chicago,10/22/2025,1.5,Illinois,KANE COUNTY HEALTH DEPT,1.5,1.4884499999999998,1.4142,1.15335
5226,Chicago,10/23/2025,2.9,Illinois,KANE COUNTY HEALTH DEPT,2.9,2.8776699999999997,2.73412,2.22981
5227,Chicago,10/24/2025,4.9,Illinois,KANE COUNTY HEALTH DEPT,4.9,4.8622700000000005,4.61972,3.7676100000000003
5228,Chicago,10/25/2025,8.5,Illinois,KANE COUNTY HEALTH DEPT,8.5,8.43455,8.0138,6.53565
5229,Chicago,10/26/2025,8.0,Illinois,KANE COUNTY HEALTH DEPT,8.0,7.9384,7.5424,6.1512
5230,Chicago,10/27/2025,5.4,Illinois,KANE COUNTY HEALTH DEPT,5.4,5.35842,5.09112,4.1520600000000005
5231,Chicago,10/28/2025,5.6,Illinois,KANE COUNTY HEALTH DEPT,5.6,5.55688,5.27968,4.30584
5232,Chicago,10/29/2025,4.4,Illinois,KANE COUNTY HEALTH DEPT,4.4,4.3661200000000004,4.14832,3.3831600000000006
5233,Chicago,10/30/2025,4.9,Illinois,KANE COUNTY HEALTH DEPT,4.9,4.8622700000000005,4.61972,3.7676100000000003
5234,Chicago,10/31/2025,7.6,Illinois,KANE COUNTY HEALTH DEPT,7.6,7.541479999999999,7.165279999999999,5.84364
5235,Chicago,11/01/2025,7.3,Illinois,KANE COUNTY HEALTH DEPT,7.3,7.24379,6.88244,5.61297
5236,Chicago,11/02/2025,5.4,Illinois,KANE COUNTY HEALTH DEPT,5.4,5.35842,5.09112,4.1520600000000005
5237,Chicago,11/03/2025,3.9,Illinois,KANE COUNTY HEALTH DEPT,3.9,3.86997,3.67692,2.99871
5238,Chicago,11/04/2025,5.5,Illinois,KANE COUNTY HEALTH DEPT,5.5,5.45765,5.1854,4.22895
5239,Chicago,11/05/2025,6.0,Illinois,KANE COUNTY HEALTH DEPT,6.0,5.953799999999999,5.6568,4.6134
5240,Chicago,11/06/2025,5.7,Illinois,KANE COUNTY HEALTH DEPT,5.7,5.65611,5.37396,4.3827300000000005
5241,Chicago,11/07/2025,6.2,Illinois,KANE COUNTY HEALTH DEPT,6.2,6.15226,5.84536,4.767180000000001
5242,Chicago,11/08/2025,3.3,Illinois,KANE COUNTY HEALTH DEPT,3.3,3.27459,3.1112399999999996,2.53737
5243,Chicago,11/09/2025,2.2,Illinois,KANE COUNTY HEALTH DEPT,2.2,2.1830600000000002,2.07416,1.6915800000000003
5244,Chicago,11/10/2025,1.6,Illinois,KANE COUNTY HEALTH DEPT,1.6,1.58768,1.50848,1.2302400000000002
5245,Chicago,11/11/2025,4.9,Illinois,KANE COUNTY HEALTH DEPT,4.9,4.8622700000000005,4.61972,3.7676100000000003
5246,Chicago,11/12/2025,3.5,Illinois,KANE COUNTY HEALTH DEPT,3.5,3.4730499999999997,3.2998,2.69115
5247,Chicago,11/13/2025,6.3,Illinois,KANE COUNTY HEALTH DEPT,6.3,6.2514899999999995,5.93964,4.84407
5248,Chicago,11/14/2025,11.5,Illinois,KANE COUNTY HEALTH DEPT,11.5,11.41145,10.8422,8.84235
5249,Chicago,11/15/2025,6.5,Illinois,KANE COUNTY HEALTH DEPT,6.5,6.449949999999999,6.1282,4.997850000000001
5250,Chicago,11/16/2025,3.3,Illinois,KANE COUNTY HEALTH DEPT,3.3,3.27459,3.1112399999999996,2.53737
5251,Chicago,11/17/2025,8.3,Illinois,KANE COUNTY HEALTH DEPT,8.3,8.23609,7.825240000000001,6.381870000000001
5252,Chicago,11/18/2025,11.8,Illinois,KANE COUNTY HEALTH DEPT,11.8,11.70914,11.12504,9.073020000000001
5253,Chicago,11/19/2025,15.1,Illinois,KANE COUNTY HEALTH DEPT,15.1,14.98373,14.236279999999999,11.61039
5254,Chicago,11/20/2025,17.9,Illinois,KANE COUNTY HEALTH DEPT,17.9,17.762169999999998,16.876119999999997,13.763309999999999
5255,Chicago,11/21/2025,12.5,Illinois,KANE COUNTY HEALTH DEPT,12.5,12.403749999999999,11.785,9.61125
5256,Chicago,11/22/2025,9.6,Illinois,KANE COUNTY HEALTH DEPT,9.6,9.526079999999999,9.05088,7.38144
5257,Chicago,11/23/2025,20.0,Illinois,KANE COUNTY HEALTH DEPT,20.0,19.846,18.855999999999998,15.378
5258,Chicago,11/24/2025,13.8,Illinois,KANE COUNTY HEALTH DEPT,13.8,13.69374,13.01064,10.61082
5259,Chicago,11/25/2025,7.9,Illinois,KANE COUNTY HEALTH DEPT,7.9,7.83917,7.44812,6.0743100000000005
5260,Chicago,11/26/2025,2.0,Illinois,KANE COUNTY HEALTH DEPT,2.0,1.9846,1.8856,1.5378
5261,Chicago,11/27/2025,2.9,Illinois,KANE COUNTY HEALTH DEPT,2.9,2.8776699999999997,2.73412,2.22981
5262,Chicago,11/28/2025,7.1,Illinois,KANE COUNTY HEALTH DEPT,7.1,7.045329999999999,6.693879999999999,5.4591899999999995
5263,Chicago,11/29/2025,5.6,Illinois,KANE COUNTY HEALTH DEPT,5.6,5.55688,5.27968,4.30584
5264,Chicago,11/30/2025,4.3,Illinois,KANE COUNTY HEALTH DEPT,4.3,4.26689,4.05404,3.30627
5265,Chicago,12/01/2025,12.9,Illinois,KANE COUNTY HEALTH DEPT,12.9,12.80067,12.16212,9.91881
5266,Chicago,12/02/2025,13.8,Illinois,KANE COUNTY HEALTH DEPT,13.8,13.69374,13.01064,10.61082
5267,Chicago,12/03/2025,12.4,Illinois,KANE COUNTY HEALTH DEPT,12.4,12.30452,11.69072,9.534360000000001
5268,Chicago,12/04/2025,7.0,Illinois,KANE COUNTY HEALTH DEPT,7.0,6.9460999999999995,6.5996,5.3823
5269,Chicago,12/05/2025,11.5,Illinois,KANE COUNTY HEALTH DEPT,11.5,11.41145,10.8422,8.84235
5270,Chicago,12/06/2025,13.0,Illinois,KANE COUNTY HEALTH DEPT,13.0,12.899899999999999,12.2564,9.995700000000001
5271,Chicago,12/07/2025,8.8,Illinois,KANE COUNTY HEALTH DEPT,8.8,8.732240000000001,8.29664,6.766320000000001
5272,Chicago,12/08/2025,5.2,Illinois,KANE COUNTY HEALTH DEPT,5.2,5.15996,4.90256,3.9982800000000003
5273,Chicago,12/09/2025,11.9,Illinois,KANE COUNTY HEALTH DEPT,11.9,11.80837,11.21932,9.14991
5274,Chicago,12/10/2025,4.3,Illinois,KANE COUNTY HEALTH DEPT,4.3,4.26689,4.05404,3.30627
5275,Chicago,12/11/2025,7.3,Illinois,KANE COUNTY HEALTH DEPT,7.3,7.24379,6.88244,5.61297
5276,Chicago,12/12/2025,16.9,Illinois,KANE COUNTY HEALTH DEPT,16.9,16.769869999999997,15.933319999999998,12.99441
5277,Chicago,12/13/2025,3.9,Illinois,KANE COUNTY HEALTH DEPT,3.9,3.86997,3.67692,2.99871
5278,Chicago,12/14/2025,3.6,Illinois,KANE COUNTY HEALTH DEPT,3.6,3.57228,3.3940799999999998,2.76804
5279,Chicago,12/15/2025,6.0,Illinois,KANE COUNTY HEALTH DEPT,6.0,5.953799999999999,5.6568,4.6134
5280,Chicago,12/16/2025,12.1,Illinois,KANE COUNTY HEALTH DEPT,12.1,12.006829999999999,11.407879999999999,9.30369
5281,Chicago,12/17/2025,13.0,Illinois,KANE COUNTY HEALTH DEPT,13.0,12.899899999999999,12.2564,9.995700000000001
5282,Chicago,12/18/2025,7.6,Illinois,KANE COUNTY HEALTH DEPT,7.6,7.541479999999999,7.165279999999999,5.84364
5283,Chicago,12/19/2025,3.8,Illinois,KANE COUNTY HEALTH DEPT,3.8,3.7707399999999995,3.5826399999999996,2.92182
5284,Chicago,12/20/2025,3.7,Illinois,KANE COUNTY HEALTH DEPT,3.7,3.67151,3.48836,2.84493
5285,Chicago,12/21/2025,4.1,Illinois,KANE COUNTY HEALTH DEPT,4.1,4.068429999999999,3.8654799999999994,3.15249
5286,Chicago,12/22/2025,4.3,Illinois,KANE COUNTY HEALTH DEPT,4.3,4.26689,4.05404,3.30627
5287,Chicago,12/23/2025,11.6,Illinois,KANE COUNTY HEALTH DEPT,11.6,11.510679999999999,10.93648,8.91924
5288,Chicago,12/24/2025,16.4,Illinois,KANE COUNTY HEALTH DEPT,16.4,16.273719999999997,15.461919999999997,12.60996
5289,Chicago,12/25/2025,19.6,Illinois,KANE COUNTY HEALTH DEPT,19.6,19.449080000000002,18.47888,15.070440000000001
5290,Chicago,12/26/2025,11.3,Illinois,KANE COUNTY HEALTH DEPT,11.3,11.21299,10.653640000000001,8.68857
5291,Chicago,12/27/2025,12.8,Illinois,KANE COUNTY HEALTH DEPT,12.8,12.70144,12.06784,9.841920000000002
5292,Chicago,12/28/2025,4.3,Illinois,KANE COUNTY HEALTH DEPT,4.3,4.26689,4.05404,3.30627
5293,Chicago,12/29/2025,3.1,Illinois,KANE COUNTY HEALTH DEPT,3.1,3.07613,2.92268,2.3835900000000003
5294,Chicago,12/30/2025,3.0,Illinois,KANE COUNTY HEALTH DEPT,3.0,2.9768999999999997,2.8284,2.3067
5295,Chicago,12/31/2025,5.3,Illinois,KANE COUNTY HEALTH DEPT,5.3,5.259189999999999,4.99684,4.07517
5296,Chicago,01/01/2025,4.4,Illinois,Elgin DMV,4.4,4.3661200000000004,4.14832,3.3831600000000006
5297,Chicago,01/02/2025,4.5,Illinois,Elgin DMV,4.5,4.46535,4.2425999999999995,3.4600500000000003
5298,Chicago,01/03/2025,5.0,Illinois,Elgin DMV,5.0,4.9615,4.7139999999999995,3.8445
5299,Chicago,01/04/2025,3.4,Illinois,Elgin DMV,3.4,3.37382,3.20552,2.61426
5300,Chicago,01/05/2025,3.9,Illinois,Elgin DMV,3.9,3.86997,3.67692,2.99871
5301,Chicago,01/06/2025,3.1,Illinois,Elgin DMV,3.1,3.07613,2.92268,2.3835900000000003
5302,Chicago,01/07/2025,5.2,Illinois,Elgin DMV,5.2,5.15996,4.90256,3.9982800000000003
5303,Chicago,01/08/2025,6.0,Illinois,Elgin DMV,6.0,5.953799999999999,5.6568,4.6134
5304,Chicago,01/09/2025,12.2,Illinois,Elgin DMV,12.2,12.10606,11.502159999999998,9.38058
5305,Chicago,01/10/2025,20.3,Illinois,Elgin DMV,20.3,20.14369,19.138840000000002,15.608670000000002
5306,Chicago,01/11/2025,8.5,Illinois,Elgin DMV,8.5,8.43455,8.0138,6.53565
5307,Chicago,01/12/2025,9.4,Illinois,Elgin DMV,9.4,9.32762,8.86232,7.22766
5308,Chicago,01/13/2025,3.6,Illinois,Elgin DMV,3.6,3.57228,3.3940799999999998,2.76804
5309,Chicago,01/14/2025,5.4,Illinois,Elgin DMV,5.4,5.35842,5.09112,4.1520600000000005
5310,Chicago,01/15/2025,7.0,Illinois,Elgin DMV,7.0,6.9460999999999995,6.5996,5.3823
5311,Chicago,01/16/2025,7.1,Illinois,Elgin DMV,7.1,7.045329999999999,6.693879999999999,5.4591899999999995
5312,Chicago,01/17/2025,7.0,Illinois,Elgin DMV,7.0,6.9460999999999995,6.5996,5.3823
5313,Chicago,01/18/2025,3.3,Illinois,Elgin DMV,3.3,3.27459,3.1112399999999996,2.53737
5314,Chicago,01/19/2025,3.3,Illinois,Elgin DMV,3.3,3.27459,3.1112399999999996,2.53737
5315,Chicago,01/20/2025,3.3,Illinois,Elgin DMV,3.3,3.27459,3.1112399999999996,2.53737
5316,Chicago,01/21/2025,3.4,Illinois,Elgin DMV,3.4,3.37382,3.20552,2.61426
5317,Chicago,01/22/2025,4.9,Illinois,Elgin DMV,4.9,4.8622700000000005,4.61972,3.7676100000000003
5318,Chicago,01/23/2025,6.2,Illinois,Elgin DMV,6.2,6.15226,5.84536,4.767180000000001
5319,Chicago,01/24/2025,7.1,Illinois,Elgin DMV,7.1,7.045329999999999,6.693879999999999,5.4591899999999995
5320,Chicago,01/25/2025,5.6,Illinois,Elgin DMV,5.6,5.55688,5.27968,4.30584
5321,Chicago,01/26/2025,3.6,Illinois,Elgin DMV,3.6,3.57228,3.3940799999999998,2.76804
5322,Chicago,01/27/2025,4.6,Illinois,Elgin DMV,4.6,4.564579999999999,4.33688,3.53694
5323,Chicago,01/28/2025,4.0,Illinois,Elgin DMV,4.0,3.9692,3.7712,3.0756
5324,Chicago,01/29/2025,4.1,Illinois,Elgin DMV,4.1,4.068429999999999,3.8654799999999994,3.15249
5325,Chicago,01/30/2025,8.9,Illinois,Elgin DMV,8.9,8.83147,8.39092,6.843210000000001
5326,Chicago,02/01/2025,3.1,Illinois,Elgin DMV,3.1,3.07613,2.92268,2.3835900000000003
5327,Chicago,02/02/2025,12.2,Illinois,Elgin DMV,12.2,12.10606,11.502159999999998,9.38058
5328,Chicago,02/03/2025,13.2,Illinois,Elgin DMV,13.2,13.09836,12.444959999999998,10.14948
5329,Chicago,02/04/2025,4.0,Illinois,Elgin DMV,4.0,3.9692,3.7712,3.0756
5330,Chicago,02/05/2025,6.5,Illinois,Elgin DMV,6.5,6.449949999999999,6.1282,4.997850000000001
5331,Chicago,02/06/2025,6.7,Illinois,Elgin DMV,6.7,6.64841,6.31676,5.15163
5332,Chicago,02/07/2025,4.5,Illinois,Elgin DMV,4.5,4.46535,4.2425999999999995,3.4600500000000003
5333,Chicago,02/08/2025,7.7,Illinois,Elgin DMV,7.7,7.6407099999999994,7.25956,5.92053
5334,Chicago,02/09/2025,6.2,Illinois,Elgin DMV,6.2,6.15226,5.84536,4.767180000000001
5335,Chicago,02/10/2025,6.3,Illinois,Elgin DMV,6.3,6.2514899999999995,5.93964,4.84407
5336,Chicago,02/11/2025,7.3,Illinois,Elgin DMV,7.3,7.24379,6.88244,5.61297
5337,Chicago,02/12/2025,8.8,Illinois,Elgin DMV,8.8,8.732240000000001,8.29664,6.766320000000001
5338,Chicago,02/13/2025,5.7,Illinois,Elgin DMV,5.7,5.65611,5.37396,4.3827300000000005
5339,Chicago,02/14/2025,9.2,Illinois,Elgin DMV,9.2,9.129159999999999,8.67376,7.07388
5340,Chicago,02/15/2025,16.9,Illinois,Elgin DMV,16.9,16.769869999999997,15.933319999999998,12.99441
5341,Chicago,02/16/2025,4.7,Illinois,Elgin DMV,4.7,4.66381,4.43116,3.61383
5342,Chicago,02/17/2025,4.3,Illinois,Elgin DMV,4.3,4.26689,4.05404,3.30627
5343,Chicago,02/18/2025,4.4,Illinois,Elgin DMV,4.4,4.3661200000000004,4.14832,3.3831600000000006
5344,Chicago,02/19/2025,4.4,Illinois,Elgin DMV,4.4,4.3661200000000004,4.14832,3.3831600000000006
5345,Chicago,02/20/2025,5.4,Illinois,Elgin DMV,5.4,5.35842,5.09112,4.1520600000000005
5346,Chicago,02/21/2025,7.2,Illinois,Elgin DMV,7.2,7.14456,6.7881599999999995,5.53608
5347,Chicago,02/22/2025,8.5,Illinois,Elgin DMV,8.5,8.43455,8.0138,6.53565
5348,Chicago,02/23/2025,15.7,Illinois,Elgin DMV,15.7,15.579109999999998,14.80196,12.07173
5349,Chicago,02/24/2025,9.9,Illinois,Elgin DMV,9.9,9.82377,9.33372,7.61211
5350,Chicago,02/25/2025,6.1,Illinois,Elgin DMV,6.1,6.05303,5.751079999999999,4.69029
5351,Chicago,02/26/2025,11.6,Illinois,Elgin DMV,11.6,11.510679999999999,10.93648,8.91924
5352,Chicago,02/27/2025,9.8,Illinois,Elgin DMV,9.8,9.724540000000001,9.23944,7.535220000000001
5353,Chicago,02/28/2025,3.6,Illinois,Elgin DMV,3.6,3.57228,3.3940799999999998,2.76804
5354,Chicago,03/01/2025,3.4,Illinois,Elgin DMV,3.4,3.37382,3.20552,2.61426
5355,Chicago,03/02/2025,5.5,Illinois,Elgin DMV,5.5,5.45765,5.1854,4.22895
5356,Chicago,03/03/2025,8.5,Illinois,Elgin DMV,8.5,8.43455,8.0138,6.53565
5357,Chicago,03/04/2025,9.1,Illinois,Elgin DMV,9.1,9.029929999999998,8.57948,6.99699
5358,Chicago,03/05/2025,6.1,Illinois,Elgin DMV,6.1,6.05303,5.751079999999999,4.69029
5359,Chicago,03/06/2025,2.8,Illinois,Elgin DMV,2.8,2.77844,2.63984,2.15292
5360,Chicago,03/07/2025,7.7,Illinois,Elgin DMV,7.7,7.6407099999999994,7.25956,5.92053
5361,Chicago,03/08/2025,6.4,Illinois,Elgin DMV,6.4,6.35072,6.03392,4.920960000000001
5362,Chicago,03/09/2025,4.1,Illinois,Elgin DMV,4.1,4.068429999999999,3.8654799999999994,3.15249
5363,Chicago,03/10/2025,5.5,Illinois,Elgin DMV,5.5,5.45765,5.1854,4.22895
5364,Chicago,03/11/2025,4.2,Illinois,Elgin DMV,4.2,4.16766,3.95976,3.2293800000000004
5365,Chicago,03/12/2025,6.8,Illinois,Elgin DMV,6.8,6.74764,6.41104,5.22852
5366,Chicago,03/13/2025,13.4,Illinois,Elgin DMV,13.4,13.29682,12.63352,10.30326
5367,Chicago,03/14/2025,12.7,Illinois,Elgin DMV,12.7,12.60221,11.973559999999999,9.76503
5368,Chicago,03/15/2025,20.7,Illinois,Elgin DMV,20.7,20.540609999999997,19.51596,15.91623
5369,Chicago,03/16/2025,4.3,Illinois,Elgin DMV,4.3,4.26689,4.05404,3.30627
5370,Chicago,03/17/2025,4.3,Illinois,Elgin DMV,4.3,4.26689,4.05404,3.30627
5371,Chicago,03/18/2025,6.8,Illinois,Elgin DMV,6.8,6.74764,6.41104,5.22852
5372,Chicago,03/19/2025,5.7,Illinois,Elgin DMV,5.7,5.65611,5.37396,4.3827300000000005
5373,Chicago,03/20/2025,2.8,Illinois,Elgin DMV,2.8,2.77844,2.63984,2.15292
5374,Chicago,03/21/2025,5.2,Illinois,Elgin DMV,5.2,5.15996,4.90256,3.9982800000000003
5375,Chicago,03/22/2025,4.1,Illinois,Elgin DMV,4.1,4.068429999999999,3.8654799999999994,3.15249
5376,Chicago,03/23/2025,5.3,Illinois,Elgin DMV,5.3,5.259189999999999,4.99684,4.07517
5377,Chicago,03/24/2025,4.7,Illinois,Elgin DMV,4.7,4.66381,4.43116,3.61383
5378,Chicago,03/25/2025,5.8,Illinois,Elgin DMV,5.8,5.7553399999999995,5.46824,4.45962
5379,Chicago,03/26/2025,13.9,Illinois,Elgin DMV,13.9,13.79297,13.10492,10.687710000000001
5380,Chicago,03/27/2025,10.8,Illinois,Elgin DMV,10.8,10.71684,10.18224,8.304120000000001
5381,Chicago,03/28/2025,8.8,Illinois,Elgin DMV,8.8,8.732240000000001,8.29664,6.766320000000001
5382,Chicago,03/29/2025,7.3,Illinois,Elgin DMV,7.3,7.24379,6.88244,5.61297
5383,Chicago,03/30/2025,5.3,Illinois,Elgin DMV,5.3,5.259189999999999,4.99684,4.07517
5384,Chicago,03/31/2025,2.9,Illinois,Elgin DMV,2.9,2.8776699999999997,2.73412,2.22981
5385,Chicago,04/01/2025,4.9,Illinois,Elgin DMV,4.9,4.8622700000000005,4.61972,3.7676100000000003
5386,Chicago,04/02/2025,7.5,Illinois,Elgin DMV,7.5,7.44225,7.071,5.76675
5387,Chicago,04/03/2025,5.4,Illinois,Elgin DMV,5.4,5.35842,5.09112,4.1520600000000005
5388,Chicago,04/04/2025,5.5,Illinois,Elgin DMV,5.5,5.45765,5.1854,4.22895
5389,Chicago,04/05/2025,4.4,Illinois,Elgin DMV,4.4,4.3661200000000004,4.14832,3.3831600000000006
5390,Chicago,04/06/2025,5.1,Illinois,Elgin DMV,5.1,5.0607299999999995,4.80828,3.9213899999999997
5391,Chicago,04/07/2025,4.7,Illinois,Elgin DMV,4.7,4.66381,4.43116,3.61383
5392,Chicago,04/08/2025,5.2,Illinois,Elgin DMV,5.2,5.15996,4.90256,3.9982800000000003
5393,Chicago,04/09/2025,8.7,Illinois,Elgin DMV,8.7,8.633009999999999,8.202359999999999,6.68943
5394,Chicago,04/10/2025,12.9,Illinois,Elgin DMV,12.9,12.80067,12.16212,9.91881
5395,Chicago,04/11/2025,13.9,Illinois,Elgin DMV,13.9,13.79297,13.10492,10.687710000000001
5396,Chicago,04/12/2025,12.2,Illinois,Elgin DMV,12.2,12.10606,11.502159999999998,9.38058
5397,Chicago,04/13/2025,7.8,Illinois,Elgin DMV,7.8,7.73994,7.35384,5.99742
5398,Chicago,04/14/2025,5.5,Illinois,Elgin DMV,5.5,5.45765,5.1854,4.22895
5399,Chicago,04/15/2025,2.5,Illinois,Elgin DMV,2.5,2.48075,2.3569999999999998,1.92225
5400,Chicago,04/16/2025,4.7,Illinois,Elgin DMV,4.7,4.66381,4.43116,3.61383
5401,Chicago,04/17/2025,7.2,Illinois,Elgin DMV,7.2,7.14456,6.7881599999999995,5.53608
5402,Chicago,04/18/2025,12.6,Illinois,Elgin DMV,12.6,12.502979999999999,11.87928,9.68814
5403,Chicago,04/19/2025,8.1,Illinois,Elgin DMV,8.1,8.03763,7.636679999999999,6.22809
5404,Chicago,04/20/2025,9.1,Illinois,Elgin DMV,9.1,9.029929999999998,8.57948,6.99699
5405,Chicago,04/21/2025,3.4,Illinois,Elgin DMV,3.4,3.37382,3.20552,2.61426
5406,Chicago,04/22/2025,6.2,Illinois,Elgin DMV,6.2,6.15226,5.84536,4.767180000000001
5407,Chicago,04/23/2025,6.0,Illinois,Elgin DMV,6.0,5.953799999999999,5.6568,4.6134
5408,Chicago,04/24/2025,10.2,Illinois,Elgin DMV,10.2,10.121459999999999,9.61656,7.842779999999999
5409,Chicago,04/25/2025,5.4,Illinois,Elgin DMV,5.4,5.35842,5.09112,4.1520600000000005
5410,Chicago,04/26/2025,3.7,Illinois,Elgin DMV,3.7,3.67151,3.48836,2.84493
5411,Chicago,04/27/2025,6.6,Illinois,Elgin DMV,6.6,6.54918,6.222479999999999,5.07474
5412,Chicago,04/28/2025,8.5,Illinois,Elgin DMV,8.5,8.43455,8.0138,6.53565
5413,Chicago,04/29/2025,6.8,Illinois,Elgin DMV,6.8,6.74764,6.41104,5.22852
5414,Chicago,04/30/2025,4.0,Illinois,Elgin DMV,4.0,3.9692,3.7712,3.0756
5415,Chicago,05/01/2025,5.5,Illinois,Elgin DMV,5.5,5.45765,5.1854,4.22895
5416,Chicago,05/02/2025,5.8,Illinois,Elgin DMV,5.8,5.7553399999999995,5.46824,4.45962
5417,Chicago,05/03/2025,2.7,Illinois,Elgin DMV,2.7,2.67921,2.54556,2.0760300000000003
5418,Chicago,05/04/2025,3.4,Illinois,Elgin DMV,3.4,3.37382,3.20552,2.61426
5419,Chicago,05/05/2025,4.3,Illinois,Elgin DMV,4.3,4.26689,4.05404,3.30627
5420,Chicago,05/06/2025,11.8,Illinois,Elgin DMV,11.8,11.70914,11.12504,9.073020000000001
5421,Chicago,05/07/2025,9.5,Illinois,Elgin DMV,9.5,9.42685,8.9566,7.30455
5422,Chicago,05/08/2025,3.1,Illinois,Elgin DMV,3.1,3.07613,2.92268,2.3835900000000003
5423,Chicago,05/09/2025,6.9,Illinois,Elgin DMV,6.9,6.84687,6.50532,5.30541
5424,Chicago,05/10/2025,6.6,Illinois,Elgin DMV,6.6,6.54918,6.222479999999999,5.07474
5425,Chicago,05/11/2025,5.4,Illinois,Elgin DMV,5.4,5.35842,5.09112,4.1520600000000005
5426,Chicago,05/12/2025,8.9,Illinois,Elgin DMV,8.9,8.83147,8.39092,6.843210000000001
5427,Chicago,05/13/2025,7.8,Illinois,Elgin DMV,7.8,7.73994,7.35384,5.99742
5428,Chicago,05/14/2025,8.9,Illinois,Elgin DMV,8.9,8.83147,8.39092,6.843210000000001
5429,Chicago,05/15/2025,13.1,Illinois,Elgin DMV,13.1,12.99913,12.350679999999999,10.07259
5430,Chicago,05/16/2025,5.3,Illinois,Elgin DMV,5.3,5.259189999999999,4.99684,4.07517
5431,Chicago,05/17/2025,2.6,Illinois,Elgin DMV,2.6,2.57998,2.45128,1.9991400000000001
5432,Chicago,05/18/2025,3.7,Illinois,Elgin DMV,3.7,3.67151,3.48836,2.84493
5433,Chicago,05/19/2025,2.9,Illinois,Elgin DMV,2.9,2.8776699999999997,2.73412,2.22981
5434,Chicago,05/20/2025,5.8,Illinois,Elgin DMV,5.8,5.7553399999999995,5.46824,4.45962
5435,Chicago,05/21/2025,2.2,Illinois,Elgin DMV,2.2,2.1830600000000002,2.07416,1.6915800000000003
5436,Chicago,05/22/2025,4.1,Illinois,Elgin DMV,4.1,4.068429999999999,3.8654799999999994,3.15249
5437,Chicago,05/23/2025,4.6,Illinois,Elgin DMV,4.6,4.564579999999999,4.33688,3.53694
5438,Chicago,05/24/2025,4.5,Illinois,Elgin DMV,4.5,4.46535,4.2425999999999995,3.4600500000000003
5439,Chicago,05/25/2025,3.4,Illinois,Elgin DMV,3.4,3.37382,3.20552,2.61426
5440,Chicago,05/26/2025,5.2,Illinois,Elgin DMV,5.2,5.15996,4.90256,3.9982800000000003
5441,Chicago,05/27/2025,4.7,Illinois,Elgin DMV,4.7,4.66381,4.43116,3.61383
5442,Chicago,05/28/2025,6.5,Illinois,Elgin DMV,6.5,6.449949999999999,6.1282,4.997850000000001
5443,Chicago,05/29/2025,10.3,Illinois,Elgin DMV,10.3,10.220690000000001,9.710840000000001,7.919670000000001
5444,Chicago,05/30/2025,12.8,Illinois,Elgin DMV,12.8,12.70144,12.06784,9.841920000000002
5445,Chicago,05/31/2025,8.8,Illinois,Elgin DMV,8.8,8.732240000000001,8.29664,6.766320000000001
5446,Chicago,06/01/2025,11.4,Illinois,Elgin DMV,11.4,11.31222,10.74792,8.765460000000001
5447,Chicago,06/02/2025,11.7,Illinois,Elgin DMV,11.7,11.60991,11.030759999999999,8.996129999999999
5448,Chicago,06/03/2025,12.5,Illinois,Elgin DMV,12.5,12.403749999999999,11.785,9.61125
5449,Chicago,06/04/2025,14.9,Illinois,Elgin DMV,14.9,14.78527,14.04772,11.456610000000001
5450,Chicago,06/05/2025,48.3,Illinois,Elgin DMV,48.3,47.92809,45.53724,37.13787
5451,Chicago,06/06/2025,31.1,Illinois,Elgin DMV,31.1,30.86053,29.321080000000002,23.91279
5452,Chicago,06/07/2025,32.0,Illinois,Elgin DMV,32.0,31.7536,30.1696,24.6048
5453,Chicago,06/08/2025,23.0,Illinois,Elgin DMV,23.0,22.8229,21.6844,17.6847
5454,Chicago,06/09/2025,16.9,Illinois,Elgin DMV,16.9,16.769869999999997,15.933319999999998,12.99441
5455,Chicago,06/10/2025,19.4,Illinois,Elgin DMV,19.4,19.250619999999998,18.290319999999998,14.91666
5456,Chicago,06/11/2025,22.9,Illinois,Elgin DMV,22.9,22.72367,21.59012,17.60781
5457,Chicago,06/12/2025,26.8,Illinois,Elgin DMV,26.8,26.59364,25.26704,20.60652
5458,Chicago,06/13/2025,24.1,Illinois,Elgin DMV,24.1,23.91443,22.72148,18.53049
5459,Chicago,06/14/2025,16.3,Illinois,Elgin DMV,16.3,16.17449,15.36764,12.53307
5460,Chicago,06/15/2025,12.8,Illinois,Elgin DMV,12.8,12.70144,12.06784,9.841920000000002
5461,Chicago,06/16/2025,15.3,Illinois,Elgin DMV,15.3,15.18219,14.42484,11.764170000000002
5462,Chicago,06/17/2025,9.8,Illinois,Elgin DMV,9.8,9.724540000000001,9.23944,7.535220000000001
5463,Chicago,06/18/2025,5.3,Illinois,Elgin DMV,5.3,5.259189999999999,4.99684,4.07517
5464,Chicago,06/19/2025,6.6,Illinois,Elgin DMV,6.6,6.54918,6.222479999999999,5.07474
5465,Chicago,06/20/2025,6.6,Illinois,Elgin DMV,6.6,6.54918,6.222479999999999,5.07474
5466,Chicago,06/21/2025,9.8,Illinois,Elgin DMV,9.8,9.724540000000001,9.23944,7.535220000000001
5467,Chicago,06/22/2025,12.0,Illinois,Elgin DMV,12.0,11.907599999999999,11.3136,9.2268
5468,Chicago,06/23/2025,11.4,Illinois,Elgin DMV,11.4,11.31222,10.74792,8.765460000000001
5469,Chicago,06/24/2025,5.6,Illinois,Elgin DMV,5.6,5.55688,5.27968,4.30584
5470,Chicago,06/25/2025,6.2,Illinois,Elgin DMV,6.2,6.15226,5.84536,4.767180000000001
5471,Chicago,06/26/2025,8.6,Illinois,Elgin DMV,8.6,8.53378,8.10808,6.61254
5472,Chicago,06/27/2025,4.1,Illinois,Elgin DMV,4.1,4.068429999999999,3.8654799999999994,3.15249
5473,Chicago,06/28/2025,4.7,Illinois,Elgin DMV,4.7,4.66381,4.43116,3.61383
5474,Chicago,06/29/2025,7.4,Illinois,Elgin DMV,7.4,7.34302,6.97672,5.68986
5475,Chicago,06/30/2025,6.8,Illinois,Elgin DMV,6.8,6.74764,6.41104,5.22852
5476,Chicago,07/01/2025,8.2,Illinois,Elgin DMV,8.2,8.136859999999999,7.730959999999999,6.30498
5477,Chicago,07/02/2025,14.7,Illinois,Elgin DMV,14.7,14.586809999999998,13.85916,11.30283
5478,Chicago,07/03/2025,9.9,Illinois,Elgin DMV,9.9,9.82377,9.33372,7.61211
5479,Chicago,07/04/2025,15.0,Illinois,Elgin DMV,15.0,14.8845,14.142,11.5335
5480,Chicago,07/05/2025,20.1,Illinois,Elgin DMV,20.1,19.945230000000002,18.95028,15.454890000000002
5481,Chicago,07/06/2025,6.5,Illinois,Elgin DMV,6.5,6.449949999999999,6.1282,4.997850000000001
5482,Chicago,07/07/2025,21.2,Illinois,Elgin DMV,21.2,21.036759999999997,19.98736,16.30068
5483,Chicago,07/08/2025,16.9,Illinois,Elgin DMV,16.9,16.769869999999997,15.933319999999998,12.99441
5484,Chicago,07/09/2025,8.7,Illinois,Elgin DMV,8.7,8.633009999999999,8.202359999999999,6.68943
5485,Chicago,07/10/2025,8.3,Illinois,Elgin DMV,8.3,8.23609,7.825240000000001,6.381870000000001
5486,Chicago,07/11/2025,5.5,Illinois,Elgin DMV,5.5,5.45765,5.1854,4.22895
5487,Chicago,07/12/2025,6.2,Illinois,Elgin DMV,6.2,6.15226,5.84536,4.767180000000001
5488,Chicago,07/13/2025,30.8,Illinois,Elgin DMV,30.8,30.562839999999998,29.03824,23.68212
5489,Chicago,07/14/2025,26.1,Illinois,Elgin DMV,26.1,25.89903,24.60708,20.06829
5490,Chicago,07/15/2025,17.7,Illinois,Elgin DMV,17.7,17.563709999999997,16.687559999999998,13.60953
5491,Chicago,07/16/2025,6.6,Illinois,Elgin DMV,6.6,6.54918,6.222479999999999,5.07474
5492,Chicago,07/17/2025,3.8,Illinois,Elgin DMV,3.8,3.7707399999999995,3.5826399999999996,2.92182
5493,Chicago,07/18/2025,4.6,Illinois,Elgin DMV,4.6,4.564579999999999,4.33688,3.53694
5494,Chicago,07/19/2025,5.0,Illinois,Elgin DMV,5.0,4.9615,4.7139999999999995,3.8445
5495,Chicago,07/20/2025,7.2,Illinois,Elgin DMV,7.2,7.14456,6.7881599999999995,5.53608
5496,Chicago,07/21/2025,34.8,Illinois,Elgin DMV,34.8,34.532039999999995,32.809439999999995,26.75772
5497,Chicago,07/22/2025,23.9,Illinois,Elgin DMV,23.9,23.71597,22.532919999999997,18.37671
5498,Chicago,07/23/2025,16.9,Illinois,Elgin DMV,16.9,16.769869999999997,15.933319999999998,12.99441
5499,Chicago,07/24/2025,9.1,Illinois,Elgin DMV,9.1,9.029929999999998,8.57948,6.99699
5500,Chicago,07/25/2025,4.6,Illinois,Elgin DMV,4.6,4.564579999999999,4.33688,3.53694
5501,Chicago,07/26/2025,4.3,Illinois,Elgin DMV,4.3,4.26689,4.05404,3.30627
5502,Chicago,07/27/2025,6.7,Illinois,Elgin DMV,6.7,6.64841,6.31676,5.15163
5503,Chicago,07/28/2025,7.7,Illinois,Elgin DMV,7.7,7.6407099999999994,7.25956,5.92053
5504,Chicago,07/29/2025,9.2,Illinois,Elgin DMV,9.2,9.129159999999999,8.67376,7.07388
5505,Chicago,07/30/2025,10.8,Illinois,Elgin DMV,10.8,10.71684,10.18224,8.304120000000001
5506,Chicago,07/31/2025,75.0,Illinois,Elgin DMV,75.0,74.4225,70.71,57.667500000000004
5507,Chicago,08/01/2025,49.0,Illinois,Elgin DMV,49.0,48.622699999999995,46.197199999999995,37.6761
5508,Chicago,08/02/2025,33.0,Illinois,Elgin DMV,33.0,32.7459,31.112399999999997,25.3737
5509,Chicago,08/03/2025,39.4,Illinois,Elgin DMV,39.4,39.096619999999994,37.146319999999996,30.29466
5510,Chicago,08/04/2025,28.3,Illinois,Elgin DMV,28.3,28.08209,26.68124,21.759870000000003
5511,Chicago,08/05/2025,27.5,Illinois,Elgin DMV,27.5,27.288249999999998,25.927,21.144750000000002
5512,Chicago,08/06/2025,28.3,Illinois,Elgin DMV,28.3,28.08209,26.68124,21.759870000000003
5513,Chicago,08/07/2025,14.4,Illinois,Elgin DMV,14.4,14.28912,13.576319999999999,11.07216
5514,Chicago,08/08/2025,13.2,Illinois,Elgin DMV,13.2,13.09836,12.444959999999998,10.14948
5515,Chicago,08/09/2025,12.1,Illinois,Elgin DMV,12.1,12.006829999999999,11.407879999999999,9.30369
5516,Chicago,08/10/2025,8.9,Illinois,Elgin DMV,8.9,8.83147,8.39092,6.843210000000001
5517,Chicago,08/11/2025,6.9,Illinois,Elgin DMV,6.9,6.84687,6.50532,5.30541
5518,Chicago,08/12/2025,5.8,Illinois,Elgin DMV,5.8,5.7553399999999995,5.46824,4.45962
5519,Chicago,08/13/2025,12.3,Illinois,Elgin DMV,12.3,12.20529,11.596440000000001,9.45747
5520,Chicago,08/14/2025,16.5,Illinois,Elgin DMV,16.5,16.37295,15.556199999999999,12.68685
5521,Chicago,08/15/2025,17.6,Illinois,Elgin DMV,17.6,17.464480000000002,16.59328,13.532640000000002
5522,Chicago,08/16/2025,9.3,Illinois,Elgin DMV,9.3,9.228390000000001,8.768040000000001,7.1507700000000005
5523,Chicago,08/17/2025,5.3,Illinois,Elgin DMV,5.3,5.259189999999999,4.99684,4.07517
5524,Chicago,08/18/2025,6.3,Illinois,Elgin DMV,6.3,6.2514899999999995,5.93964,4.84407
5525,Chicago,08/19/2025,3.8,Illinois,Elgin DMV,3.8,3.7707399999999995,3.5826399999999996,2.92182
5526,Chicago,08/20/2025,3.4,Illinois,Elgin DMV,3.4,3.37382,3.20552,2.61426
5527,Chicago,08/21/2025,3.4,Illinois,Elgin DMV,3.4,3.37382,3.20552,2.61426
5528,Chicago,08/22/2025,5.5,Illinois,Elgin DMV,5.5,5.45765,5.1854,4.22895
5529,Chicago,08/23/2025,5.3,Illinois,Elgin DMV,5.3,5.259189999999999,4.99684,4.07517
5530,Chicago,08/24/2025,3.4,Illinois,Elgin DMV,3.4,3.37382,3.20552,2.61426
5531,Chicago,08/25/2025,3.3,Illinois,Elgin DMV,3.3,3.27459,3.1112399999999996,2.53737
5532,Chicago,08/26/2025,5.0,Illinois,Elgin DMV,5.0,4.9615,4.7139999999999995,3.8445
5533,Chicago,08/27/2025,5.9,Illinois,Elgin DMV,5.9,5.85457,5.56252,4.536510000000001
5534,Chicago,08/28/2025,5.6,Illinois,Elgin DMV,5.6,5.55688,5.27968,4.30584
5535,Chicago,08/29/2025,3.6,Illinois,Elgin DMV,3.6,3.57228,3.3940799999999998,2.76804
5536,Chicago,08/30/2025,4.6,Illinois,Elgin DMV,4.6,4.564579999999999,4.33688,3.53694
5537,Chicago,08/31/2025,6.6,Illinois,Elgin DMV,6.6,6.54918,6.222479999999999,5.07474
5538,Chicago,09/01/2025,8.5,Illinois,Elgin DMV,8.5,8.43455,8.0138,6.53565
5539,Chicago,09/02/2025,7.6,Illinois,Elgin DMV,7.6,7.541479999999999,7.165279999999999,5.84364
5540,Chicago,09/03/2025,11.6,Illinois,Elgin DMV,11.6,11.510679999999999,10.93648,8.91924
5541,Chicago,09/04/2025,10.4,Illinois,Elgin DMV,10.4,10.31992,9.80512,7.996560000000001
5542,Chicago,09/05/2025,7.2,Illinois,Elgin DMV,7.2,7.14456,6.7881599999999995,5.53608
5543,Chicago,09/06/2025,3.3,Illinois,Elgin DMV,3.3,3.27459,3.1112399999999996,2.53737
5544,Chicago,09/07/2025,6.8,Illinois,Elgin DMV,6.8,6.74764,6.41104,5.22852
5545,Chicago,09/08/2025,8.0,Illinois,Elgin DMV,8.0,7.9384,7.5424,6.1512
5546,Chicago,09/09/2025,6.4,Illinois,Elgin DMV,6.4,6.35072,6.03392,4.920960000000001
5547,Chicago,09/10/2025,9.4,Illinois,Elgin DMV,9.4,9.32762,8.86232,7.22766
5548,Chicago,09/11/2025,8.9,Illinois,Elgin DMV,8.9,8.83147,8.39092,6.843210000000001
5549,Chicago,09/12/2025,9.8,Illinois,Elgin DMV,9.8,9.724540000000001,9.23944,7.535220000000001
5550,Chicago,09/13/2025,14.7,Illinois,Elgin DMV,14.7,14.586809999999998,13.85916,11.30283
5551,Chicago,09/14/2025,14.0,Illinois,Elgin DMV,14.0,13.892199999999999,13.1992,10.7646
5552,Chicago,09/15/2025,12.4,Illinois,Elgin DMV,12.4,12.30452,11.69072,9.534360000000001
5553,Chicago,09/16/2025,12.9,Illinois,Elgin DMV,12.9,12.80067,12.16212,9.91881
5554,Chicago,09/17/2025,12.0,Illinois,Elgin DMV,12.0,11.907599999999999,11.3136,9.2268
5555,Chicago,09/18/2025,15.5,Illinois,Elgin DMV,15.5,15.38065,14.6134,11.917950000000001
5556,Chicago,09/19/2025,14.4,Illinois,Elgin DMV,14.4,14.28912,13.576319999999999,11.07216
5557,Chicago,09/20/2025,9.7,Illinois,Elgin DMV,9.7,9.625309999999999,9.145159999999999,7.45833
5558,Chicago,09/21/2025,9.2,Illinois,Elgin DMV,9.2,9.129159999999999,8.67376,7.07388
5559,Chicago,09/22/2025,7.1,Illinois,Elgin DMV,7.1,7.045329999999999,6.693879999999999,5.4591899999999995
5560,Chicago,09/23/2025,7.3,Illinois,Elgin DMV,7.3,7.24379,6.88244,5.61297
5561,Chicago,09/24/2025,5.1,Illinois,Elgin DMV,5.1,5.0607299999999995,4.80828,3.9213899999999997
5562,Chicago,09/25/2025,6.0,Illinois,Elgin DMV,6.0,5.953799999999999,5.6568,4.6134
5563,Chicago,09/26/2025,8.5,Illinois,Elgin DMV,8.5,8.43455,8.0138,6.53565
5564,Chicago,09/27/2025,10.7,Illinois,Elgin DMV,10.7,10.617609999999999,10.087959999999999,8.22723
5565,Chicago,09/28/2025,10.0,Illinois,Elgin DMV,10.0,9.923,9.427999999999999,7.689
5566,Chicago,09/29/2025,12.0,Illinois,Elgin DMV,12.0,11.907599999999999,11.3136,9.2268
5567,Chicago,09/30/2025,11.9,Illinois,Elgin DMV,11.9,11.80837,11.21932,9.14991
5568,Chicago,10/01/2025,7.5,Illinois,Elgin DMV,7.5,7.44225,7.071,5.76675
5569,Chicago,10/02/2025,9.4,Illinois,Elgin DMV,9.4,9.32762,8.86232,7.22766
5570,Chicago,10/03/2025,19.1,Illinois,Elgin DMV,19.1,18.952930000000002,18.00748,14.685990000000002
5571,Chicago,10/04/2025,16.2,Illinois,Elgin DMV,16.2,16.07526,15.273359999999998,12.45618
5572,Chicago,10/05/2025,7.7,Illinois,Elgin DMV,7.7,7.6407099999999994,7.25956,5.92053
5573,Chicago,10/06/2025,7.2,Illinois,Elgin DMV,7.2,7.14456,6.7881599999999995,5.53608
5574,Chicago,10/07/2025,5.9,Illinois,Elgin DMV,5.9,5.85457,5.56252,4.536510000000001
5575,Chicago,10/08/2025,3.7,Illinois,Elgin DMV,3.7,3.67151,3.48836,2.84493
5576,Chicago,10/09/2025,6.2,Illinois,Elgin DMV,6.2,6.15226,5.84536,4.767180000000001
5577,Chicago,10/10/2025,6.9,Illinois,Elgin DMV,6.9,6.84687,6.50532,5.30541
5578,Chicago,10/11/2025,3.6,Illinois,Elgin DMV,3.6,3.57228,3.3940799999999998,2.76804
5579,Chicago,10/12/2025,5.2,Illinois,Elgin DMV,5.2,5.15996,4.90256,3.9982800000000003
5580,Chicago,10/13/2025,9.5,Illinois,Elgin DMV,9.5,9.42685,8.9566,7.30455
5581,Chicago,10/14/2025,6.9,Illinois,Elgin DMV,6.9,6.84687,6.50532,5.30541
5582,Chicago,10/15/2025,2.3,Illinois,Elgin DMV,2.3,2.2822899999999997,2.16844,1.76847
5583,Chicago,10/16/2025,4.3,Illinois,Elgin DMV,4.3,4.26689,4.05404,3.30627
5584,Chicago,10/17/2025,6.0,Illinois,Elgin DMV,6.0,5.953799999999999,5.6568,4.6134
5585,Chicago,10/18/2025,12.4,Illinois,Elgin DMV,12.4,12.30452,11.69072,9.534360000000001
5586,Chicago,10/19/2025,3.3,Illinois,Elgin DMV,3.3,3.27459,3.1112399999999996,2.53737
5587,Chicago,10/20/2025,3.3,Illinois,Elgin DMV,3.3,3.27459,3.1112399999999996,2.53737
5588,Chicago,10/21/2025,3.0,Illinois,Elgin DMV,3.0,2.9768999999999997,2.8284,2.3067
5589,Chicago,10/22/2025,2.7,Illinois,Elgin DMV,2.7,2.67921,2.54556,2.0760300000000003
5590,Chicago,10/23/2025,4.4,Illinois,Elgin DMV,4.4,4.3661200000000004,4.14832,3.3831600000000006
5591,Chicago,10/24/2025,7.5,Illinois,Elgin DMV,7.5,7.44225,7.071,5.76675
5592,Chicago,10/25/2025,10.5,Illinois,Elgin DMV,10.5,10.41915,9.8994,8.073450000000001
5593,Chicago,10/26/2025,9.2,Illinois,Elgin DMV,9.2,9.129159999999999,8.67376,7.07388
5594,Chicago,10/27/2025,5.8,Illinois,Elgin DMV,5.8,5.7553399999999995,5.46824,4.45962
5595,Chicago,10/28/2025,5.7,Illinois,Elgin DMV,5.7,5.65611,5.37396,4.3827300000000005
5596,Chicago,10/29/2025,4.5,Illinois,Elgin DMV,4.5,4.46535,4.2425999999999995,3.4600500000000003
5597,Chicago,10/30/2025,6.1,Illinois,Elgin DMV,6.1,6.05303,5.751079999999999,4.69029
5598,Chicago,10/31/2025,9.7,Illinois,Elgin DMV,9.7,9.625309999999999,9.145159999999999,7.45833
5599,Chicago,11/01/2025,7.2,Illinois,Elgin DMV,7.2,7.14456,6.7881599999999995,5.53608
5600,Chicago,11/02/2025,5.5,Illinois,Elgin DMV,5.5,5.45765,5.1854,4.22895
5601,Chicago,11/03/2025,4.9,Illinois,Elgin DMV,4.9,4.8622700000000005,4.61972,3.7676100000000003
5602,Chicago,11/04/2025,5.2,Illinois,Elgin DMV,5.2,5.15996,4.90256,3.9982800000000003
5603,Chicago,11/05/2025,9.6,Illinois,Elgin DMV,9.6,9.526079999999999,9.05088,7.38144
5604,Chicago,11/06/2025,8.5,Illinois,Elgin DMV,8.5,8.43455,8.0138,6.53565
5605,Chicago,11/07/2025,6.4,Illinois,Elgin DMV,6.4,6.35072,6.03392,4.920960000000001
5606,Chicago,11/08/2025,3.5,Illinois,Elgin DMV,3.5,3.4730499999999997,3.2998,2.69115
5607,Chicago,11/09/2025,2.5,Illinois,Elgin DMV,2.5,2.48075,2.3569999999999998,1.92225
5608,Chicago,11/10/2025,2.3,Illinois,Elgin DMV,2.3,2.2822899999999997,2.16844,1.76847
5609,Chicago,11/11/2025,5.5,Illinois,Elgin DMV,5.5,5.45765,5.1854,4.22895
5610,Chicago,11/12/2025,4.5,Illinois,Elgin DMV,4.5,4.46535,4.2425999999999995,3.4600500000000003
5611,Chicago,11/13/2025,8.3,Illinois,Elgin DMV,8.3,8.23609,7.825240000000001,6.381870000000001
5612,Chicago,11/14/2025,15.1,Illinois,Elgin DMV,15.1,14.98373,14.236279999999999,11.61039
5613,Chicago,11/15/2025,8.2,Illinois,Elgin DMV,8.2,8.136859999999999,7.730959999999999,6.30498
5614,Chicago,11/16/2025,4.2,Illinois,Elgin DMV,4.2,4.16766,3.95976,3.2293800000000004
5615,Chicago,11/17/2025,8.4,Illinois,Elgin DMV,8.4,8.33532,7.91952,6.458760000000001
5616,Chicago,11/18/2025,10.1,Illinois,Elgin DMV,10.1,10.022229999999999,9.522279999999999,7.76589
5617,Chicago,11/19/2025,13.8,Illinois,Elgin DMV,13.8,13.69374,13.01064,10.61082
5618,Chicago,11/20/2025,19.7,Illinois,Elgin DMV,19.7,19.548309999999997,18.573159999999998,15.14733
5619,Chicago,11/21/2025,13.3,Illinois,Elgin DMV,13.3,13.19759,12.53924,10.226370000000001
5620,Chicago,11/22/2025,11.3,Illinois,Elgin DMV,11.3,11.21299,10.653640000000001,8.68857
5621,Chicago,11/23/2025,22.0,Illinois,Elgin DMV,22.0,21.8306,20.7416,16.9158
5622,Chicago,11/24/2025,26.7,Illinois,Elgin DMV,26.7,26.49441,25.17276,20.52963
5623,Chicago,11/25/2025,9.6,Illinois,Elgin DMV,9.6,9.526079999999999,9.05088,7.38144
5624,Chicago,11/26/2025,2.4,Illinois,Elgin DMV,2.4,2.3815199999999996,2.26272,1.84536
5625,Chicago,11/27/2025,2.9,Illinois,Elgin DMV,2.9,2.8776699999999997,2.73412,2.22981
5626,Chicago,11/28/2025,8.1,Illinois,Elgin DMV,8.1,8.03763,7.636679999999999,6.22809
5627,Chicago,11/29/2025,8.1,Illinois,Elgin DMV,8.1,8.03763,7.636679999999999,6.22809
5628,Chicago,11/30/2025,5.1,Illinois,Elgin DMV,5.1,5.0607299999999995,4.80828,3.9213899999999997
5629,Chicago,12/01/2025,12.2,Illinois,Elgin DMV,12.2,12.10606,11.502159999999998,9.38058
5630,Chicago,12/02/2025,15.0,Illinois,Elgin DMV,15.0,14.8845,14.142,11.5335
5631,Chicago,12/03/2025,14.0,Illinois,Elgin DMV,14.0,13.892199999999999,13.1992,10.7646
5632,Chicago,12/04/2025,7.9,Illinois,Elgin DMV,7.9,7.83917,7.44812,6.0743100000000005
5633,Chicago,12/05/2025,12.5,Illinois,Elgin DMV,12.5,12.403749999999999,11.785,9.61125
5634,Chicago,12/06/2025,15.0,Illinois,Elgin DMV,15.0,14.8845,14.142,11.5335
5635,Chicago,12/07/2025,8.9,Illinois,Elgin DMV,8.9,8.83147,8.39092,6.843210000000001
5636,Chicago,12/08/2025,5.7,Illinois,Elgin DMV,5.7,5.65611,5.37396,4.3827300000000005
5637,Chicago,12/09/2025,13.3,Illinois,Elgin DMV,13.3,13.19759,12.53924,10.226370000000001
5638,Chicago,12/10/2025,5.0,Illinois,Elgin DMV,5.0,4.9615,4.7139999999999995,3.8445
5639,Chicago,12/11/2025,8.4,Illinois,Elgin DMV,8.4,8.33532,7.91952,6.458760000000001
5640,Chicago,12/12/2025,20.1,Illinois,Elgin DMV,20.1,19.945230000000002,18.95028,15.454890000000002
5641,Chicago,12/13/2025,5.7,Illinois,Elgin DMV,5.7,5.65611,5.37396,4.3827300000000005
5642,Chicago,12/14/2025,4.3,Illinois,Elgin DMV,4.3,4.26689,4.05404,3.30627
5643,Chicago,12/15/2025,7.9,Illinois,Elgin DMV,7.9,7.83917,7.44812,6.0743100000000005
5644,Chicago,12/16/2025,15.1,Illinois,Elgin DMV,15.1,14.98373,14.236279999999999,11.61039
5645,Chicago,12/17/2025,14.2,Illinois,Elgin DMV,14.2,14.090659999999998,13.387759999999998,10.918379999999999
5646,Chicago,12/18/2025,8.4,Illinois,Elgin DMV,8.4,8.33532,7.91952,6.458760000000001
5647,Chicago,12/19/2025,4.3,Illinois,Elgin DMV,4.3,4.26689,4.05404,3.30627
5648,Chicago,12/20/2025,3.8,Illinois,Elgin DMV,3.8,3.7707399999999995,3.5826399999999996,2.92182
5649,Chicago,12/21/2025,5.0,Illinois,Elgin DMV,5.0,4.9615,4.7139999999999995,3.8445
5650,Chicago,12/22/2025,5.3,Illinois,Elgin DMV,5.3,5.259189999999999,4.99684,4.07517
5651,Chicago,12/23/2025,13.6,Illinois,Elgin DMV,13.6,13.49528,12.82208,10.45704
5652,Chicago,12/24/2025,16.6,Illinois,Elgin DMV,16.6,16.47218,15.650480000000002,12.763740000000002
5653,Chicago,12/25/2025,18.8,Illinois,Elgin DMV,18.8,18.65524,17.72464,14.45532
5654,Chicago,12/26/2025,12.2,Illinois,Elgin DMV,12.2,12.10606,11.502159999999998,9.38058
5655,Chicago,12/27/2025,13.5,Illinois,Elgin DMV,13.5,13.396049999999999,12.7278,10.38015
5656,Chicago,12/28/2025,5.2,Illinois,Elgin DMV,5.2,5.15996,4.90256,3.9982800000000003
5657,Chicago,12/29/2025,3.0,Illinois,Elgin DMV,3.0,2.9768999999999997,2.8284,2.3067
5658,Chicago,12/30/2025,3.7,Illinois,Elgin DMV,3.7,3.67151,3.48836,2.84493
5659,Chicago,12/31/2025,5.6,Illinois,Elgin DMV,5.6,5.55688,5.27968,4.30584
5660,Chicago,01/01/2025,4.8,Illinois,CARY GROVE HS,4.8,4.763039999999999,4.52544,3.69072
5661,Chicago,01/02/2025,4.5,Illinois,CARY GROVE HS,4.5,4.46535,4.2425999999999995,3.4600500000000003
5662,Chicago,01/03/2025,5.6,Illinois,CARY GROVE HS,5.6,5.55688,5.27968,4.30584
5663,Chicago,01/04/2025,3.4,Illinois,CARY GROVE HS,3.4,3.37382,3.20552,2.61426
5664,Chicago,01/05/2025,4.0,Illinois,CARY GROVE HS,4.0,3.9692,3.7712,3.0756
5665,Chicago,01/06/2025,2.6,Illinois,CARY GROVE HS,2.6,2.57998,2.45128,1.9991400000000001
5666,Chicago,01/07/2025,4.2,Illinois,CARY GROVE HS,4.2,4.16766,3.95976,3.2293800000000004
5667,Chicago,01/08/2025,6.1,Illinois,CARY GROVE HS,6.1,6.05303,5.751079999999999,4.69029
5668,Chicago,01/09/2025,13.1,Illinois,CARY GROVE HS,13.1,12.99913,12.350679999999999,10.07259
5669,Chicago,01/10/2025,22.8,Illinois,CARY GROVE HS,22.8,22.62444,21.49584,17.530920000000002
5670,Chicago,01/11/2025,9.1,Illinois,CARY GROVE HS,9.1,9.029929999999998,8.57948,6.99699
5671,Chicago,01/12/2025,10.6,Illinois,CARY GROVE HS,10.6,10.518379999999999,9.99368,8.15034
5672,Chicago,01/13/2025,3.7,Illinois,CARY GROVE HS,3.7,3.67151,3.48836,2.84493
5673,Chicago,01/14/2025,5.4,Illinois,CARY GROVE HS,5.4,5.35842,5.09112,4.1520600000000005
5674,Chicago,01/15/2025,7.4,Illinois,CARY GROVE HS,7.4,7.34302,6.97672,5.68986
5675,Chicago,01/16/2025,7.2,Illinois,CARY GROVE HS,7.2,7.14456,6.7881599999999995,5.53608
5676,Chicago,01/17/2025,7.2,Illinois,CARY GROVE HS,7.2,7.14456,6.7881599999999995,5.53608
5677,Chicago,01/18/2025,2.8,Illinois,CARY GROVE HS,2.8,2.77844,2.63984,2.15292
5678,Chicago,01/19/2025,3.5,Illinois,CARY GROVE HS,3.5,3.4730499999999997,3.2998,2.69115
5679,Chicago,01/20/2025,3.5,Illinois,CARY GROVE HS,3.5,3.4730499999999997,3.2998,2.69115
5680,Chicago,01/21/2025,3.7,Illinois,CARY GROVE HS,3.7,3.67151,3.48836,2.84493
5681,Chicago,01/22/2025,5.2,Illinois,CARY GROVE HS,5.2,5.15996,4.90256,3.9982800000000003
5682,Chicago,01/23/2025,6.2,Illinois,CARY GROVE HS,6.2,6.15226,5.84536,4.767180000000001
5683,Chicago,01/24/2025,7.5,Illinois,CARY GROVE HS,7.5,7.44225,7.071,5.76675
5684,Chicago,01/25/2025,6.0,Illinois,CARY GROVE HS,6.0,5.953799999999999,5.6568,4.6134
5685,Chicago,01/26/2025,3.7,Illinois,CARY GROVE HS,3.7,3.67151,3.48836,2.84493
5686,Chicago,01/27/2025,4.5,Illinois,CARY GROVE HS,4.5,4.46535,4.2425999999999995,3.4600500000000003
5687,Chicago,01/28/2025,4.0,Illinois,CARY GROVE HS,4.0,3.9692,3.7712,3.0756
5688,Chicago,01/29/2025,3.7,Illinois,CARY GROVE HS,3.7,3.67151,3.48836,2.84493
5689,Chicago,01/30/2025,8.1,Illinois,CARY GROVE HS,8.1,8.03763,7.636679999999999,6.22809
5690,Chicago,01/31/2025,7.3,Illinois,CARY GROVE HS,7.3,7.24379,6.88244,5.61297
5691,Chicago,02/01/2025,2.9,Illinois,CARY GROVE HS,2.9,2.8776699999999997,2.73412,2.22981
5692,Chicago,02/02/2025,13.5,Illinois,CARY GROVE HS,13.5,13.396049999999999,12.7278,10.38015
5693,Chicago,02/03/2025,12.6,Illinois,CARY GROVE HS,12.6,12.502979999999999,11.87928,9.68814
5694,Chicago,02/04/2025,3.8,Illinois,CARY GROVE HS,3.8,3.7707399999999995,3.5826399999999996,2.92182
5695,Chicago,02/05/2025,6.2,Illinois,CARY GROVE HS,6.2,6.15226,5.84536,4.767180000000001
5696,Chicago,02/06/2025,7.1,Illinois,CARY GROVE HS,7.1,7.045329999999999,6.693879999999999,5.4591899999999995
5697,Chicago,02/07/2025,5.1,Illinois,CARY GROVE HS,5.1,5.0607299999999995,4.80828,3.9213899999999997
5698,Chicago,02/08/2025,7.3,Illinois,CARY GROVE HS,7.3,7.24379,6.88244,5.61297
5699,Chicago,02/09/2025,6.3,Illinois,CARY GROVE HS,6.3,6.2514899999999995,5.93964,4.84407
5700,Chicago,02/10/2025,6.6,Illinois,CARY GROVE HS,6.6,6.54918,6.222479999999999,5.07474
5701,Chicago,02/11/2025,7.5,Illinois,CARY GROVE HS,7.5,7.44225,7.071,5.76675
5702,Chicago,02/12/2025,8.1,Illinois,CARY GROVE HS,8.1,8.03763,7.636679999999999,6.22809
5703,Chicago,02/13/2025,6.3,Illinois,CARY GROVE HS,6.3,6.2514899999999995,5.93964,4.84407
5704,Chicago,02/14/2025,10.7,Illinois,CARY GROVE HS,10.7,10.617609999999999,10.087959999999999,8.22723
5705,Chicago,02/15/2025,17.8,Illinois,CARY GROVE HS,17.8,17.66294,16.78184,13.686420000000002
5706,Chicago,02/16/2025,4.9,Illinois,CARY GROVE HS,4.9,4.8622700000000005,4.61972,3.7676100000000003
5707,Chicago,02/17/2025,4.7,Illinois,CARY GROVE HS,4.7,4.66381,4.43116,3.61383
5708,Chicago,02/18/2025,4.6,Illinois,CARY GROVE HS,4.6,4.564579999999999,4.33688,3.53694
5709,Chicago,02/19/2025,4.4,Illinois,CARY GROVE HS,4.4,4.3661200000000004,4.14832,3.3831600000000006
5710,Chicago,02/20/2025,5.9,Illinois,CARY GROVE HS,5.9,5.85457,5.56252,4.536510000000001
5711,Chicago,02/21/2025,8.5,Illinois,CARY GROVE HS,8.5,8.43455,8.0138,6.53565
5712,Chicago,02/22/2025,9.7,Illinois,CARY GROVE HS,9.7,9.625309999999999,9.145159999999999,7.45833
5713,Chicago,02/23/2025,17.6,Illinois,CARY GROVE HS,17.6,17.464480000000002,16.59328,13.532640000000002
5714,Chicago,02/24/2025,11.1,Illinois,CARY GROVE HS,11.1,11.014529999999999,10.465079999999999,8.53479
5715,Chicago,02/25/2025,7.0,Illinois,CARY GROVE HS,7.0,6.9460999999999995,6.5996,5.3823
5716,Chicago,02/26/2025,10.3,Illinois,CARY GROVE HS,10.3,10.220690000000001,9.710840000000001,7.919670000000001
5717,Chicago,02/27/2025,10.5,Illinois,CARY GROVE HS,10.5,10.41915,9.8994,8.073450000000001
5718,Chicago,02/28/2025,3.5,Illinois,CARY GROVE HS,3.5,3.4730499999999997,3.2998,2.69115
5719,Chicago,03/01/2025,5.0,Illinois,CARY GROVE HS,5.0,4.9615,4.7139999999999995,3.8445
5720,Chicago,03/02/2025,6.1,Illinois,CARY GROVE HS,6.1,6.05303,5.751079999999999,4.69029
5721,Chicago,03/03/2025,9.6,Illinois,CARY GROVE HS,9.6,9.526079999999999,9.05088,7.38144
5722,Chicago,03/04/2025,9.7,Illinois,CARY GROVE HS,9.7,9.625309999999999,9.145159999999999,7.45833
5723,Chicago,03/05/2025,6.1,Illinois,CARY GROVE HS,6.1,6.05303,5.751079999999999,4.69029
5724,Chicago,03/06/2025,2.7,Illinois,CARY GROVE HS,2.7,2.67921,2.54556,2.0760300000000003
5725,Chicago,03/07/2025,6.8,Illinois,CARY GROVE HS,6.8,6.74764,6.41104,5.22852
5726,Chicago,03/08/2025,6.0,Illinois,CARY GROVE HS,6.0,5.953799999999999,5.6568,4.6134
5727,Chicago,03/09/2025,4.5,Illinois,CARY GROVE HS,4.5,4.46535,4.2425999999999995,3.4600500000000003
5728,Chicago,03/10/2025,5.2,Illinois,CARY GROVE HS,5.2,5.15996,4.90256,3.9982800000000003
5729,Chicago,03/11/2025,3.0,Illinois,CARY GROVE HS,3.0,2.9768999999999997,2.8284,2.3067
5730,Chicago,03/12/2025,5.5,Illinois,CARY GROVE HS,5.5,5.45765,5.1854,4.22895
5731,Chicago,03/13/2025,12.5,Illinois,CARY GROVE HS,12.5,12.403749999999999,11.785,9.61125
5732,Chicago,03/14/2025,12.9,Illinois,CARY GROVE HS,12.9,12.80067,12.16212,9.91881
5733,Chicago,03/15/2025,21.2,Illinois,CARY GROVE HS,21.2,21.036759999999997,19.98736,16.30068
5734,Chicago,03/16/2025,4.5,Illinois,CARY GROVE HS,4.5,4.46535,4.2425999999999995,3.4600500000000003
5735,Chicago,03/17/2025,4.2,Illinois,CARY GROVE HS,4.2,4.16766,3.95976,3.2293800000000004
5736,Chicago,03/18/2025,7.7,Illinois,CARY GROVE HS,7.7,7.6407099999999994,7.25956,5.92053
5737,Chicago,03/19/2025,5.4,Illinois,CARY GROVE HS,5.4,5.35842,5.09112,4.1520600000000005
5738,Chicago,03/20/2025,3.2,Illinois,CARY GROVE HS,3.2,3.17536,3.01696,2.4604800000000004
5739,Chicago,03/21/2025,5.1,Illinois,CARY GROVE HS,5.1,5.0607299999999995,4.80828,3.9213899999999997
5740,Chicago,03/22/2025,3.9,Illinois,CARY GROVE HS,3.9,3.86997,3.67692,2.99871
5741,Chicago,03/23/2025,5.8,Illinois,CARY GROVE HS,5.8,5.7553399999999995,5.46824,4.45962
5742,Chicago,03/24/2025,5.3,Illinois,CARY GROVE HS,5.3,5.259189999999999,4.99684,4.07517
5743,Chicago,03/25/2025,5.9,Illinois,CARY GROVE HS,5.9,5.85457,5.56252,4.536510000000001
5744,Chicago,03/26/2025,12.9,Illinois,CARY GROVE HS,12.9,12.80067,12.16212,9.91881
5745,Chicago,03/27/2025,10.2,Illinois,CARY GROVE HS,10.2,10.121459999999999,9.61656,7.842779999999999
5746,Chicago,03/28/2025,9.2,Illinois,CARY GROVE HS,9.2,9.129159999999999,8.67376,7.07388
5747,Chicago,03/29/2025,7.3,Illinois,CARY GROVE HS,7.3,7.24379,6.88244,5.61297
5748,Chicago,03/30/2025,5.6,Illinois,CARY GROVE HS,5.6,5.55688,5.27968,4.30584
5749,Chicago,03/31/2025,3.0,Illinois,CARY GROVE HS,3.0,2.9768999999999997,2.8284,2.3067
5750,Chicago,04/01/2025,4.7,Illinois,CARY GROVE HS,4.7,4.66381,4.43116,3.61383
5751,Chicago,04/02/2025,7.0,Illinois,CARY GROVE HS,7.0,6.9460999999999995,6.5996,5.3823
5752,Chicago,04/03/2025,4.6,Illinois,CARY GROVE HS,4.6,4.564579999999999,4.33688,3.53694
5753,Chicago,04/04/2025,5.3,Illinois,CARY GROVE HS,5.3,5.259189999999999,4.99684,4.07517
5754,Chicago,04/05/2025,4.7,Illinois,CARY GROVE HS,4.7,4.66381,4.43116,3.61383
5755,Chicago,04/06/2025,6.0,Illinois,CARY GROVE HS,6.0,5.953799999999999,5.6568,4.6134
5756,Chicago,04/07/2025,5.1,Illinois,CARY GROVE HS,5.1,5.0607299999999995,4.80828,3.9213899999999997
5757,Chicago,04/08/2025,5.0,Illinois,CARY GROVE HS,5.0,4.9615,4.7139999999999995,3.8445
5758,Chicago,04/09/2025,8.8,Illinois,CARY GROVE HS,8.8,8.732240000000001,8.29664,6.766320000000001
5759,Chicago,04/10/2025,13.1,Illinois,CARY GROVE HS,13.1,12.99913,12.350679999999999,10.07259
5760,Chicago,04/11/2025,15.7,Illinois,CARY GROVE HS,15.7,15.579109999999998,14.80196,12.07173
5761,Chicago,04/12/2025,15.0,Illinois,CARY GROVE HS,15.0,14.8845,14.142,11.5335
5762,Chicago,04/13/2025,9.5,Illinois,CARY GROVE HS,9.5,9.42685,8.9566,7.30455
5763,Chicago,04/14/2025,5.5,Illinois,CARY GROVE HS,5.5,5.45765,5.1854,4.22895
5764,Chicago,04/15/2025,2.6,Illinois,CARY GROVE HS,2.6,2.57998,2.45128,1.9991400000000001
5765,Chicago,04/16/2025,4.1,Illinois,CARY GROVE HS,4.1,4.068429999999999,3.8654799999999994,3.15249
5766,Chicago,04/17/2025,7.6,Illinois,CARY GROVE HS,7.6,7.541479999999999,7.165279999999999,5.84364
5767,Chicago,04/18/2025,14.4,Illinois,CARY GROVE HS,14.4,14.28912,13.576319999999999,11.07216
5768,Chicago,04/19/2025,7.5,Illinois,CARY GROVE HS,7.5,7.44225,7.071,5.76675
5769,Chicago,04/20/2025,8.4,Illinois,CARY GROVE HS,8.4,8.33532,7.91952,6.458760000000001
5770,Chicago,04/21/2025,2.8,Illinois,CARY GROVE HS,2.8,2.77844,2.63984,2.15292
5771,Chicago,04/22/2025,6.0,Illinois,CARY GROVE HS,6.0,5.953799999999999,5.6568,4.6134
5772,Chicago,04/23/2025,5.4,Illinois,CARY GROVE HS,5.4,5.35842,5.09112,4.1520600000000005
5773,Chicago,04/24/2025,8.0,Illinois,CARY GROVE HS,8.0,7.9384,7.5424,6.1512
5774,Chicago,04/25/2025,3.6,Illinois,CARY GROVE HS,3.6,3.57228,3.3940799999999998,2.76804
5775,Chicago,04/26/2025,3.0,Illinois,CARY GROVE HS,3.0,2.9768999999999997,2.8284,2.3067
5776,Chicago,04/27/2025,5.9,Illinois,CARY GROVE HS,5.9,5.85457,5.56252,4.536510000000001
5777,Chicago,04/28/2025,7.9,Illinois,CARY GROVE HS,7.9,7.83917,7.44812,6.0743100000000005
5778,Chicago,04/29/2025,4.5,Illinois,CARY GROVE HS,4.5,4.46535,4.2425999999999995,3.4600500000000003
5779,Chicago,04/30/2025,3.0,Illinois,CARY GROVE HS,3.0,2.9768999999999997,2.8284,2.3067
5780,Chicago,05/01/2025,4.6,Illinois,CARY GROVE HS,4.6,4.564579999999999,4.33688,3.53694
5781,Chicago,05/02/2025,4.9,Illinois,CARY GROVE HS,4.9,4.8622700000000005,4.61972,3.7676100000000003
5782,Chicago,05/03/2025,2.4,Illinois,CARY GROVE HS,2.4,2.3815199999999996,2.26272,1.84536
5783,Chicago,05/04/2025,3.0,Illinois,CARY GROVE HS,3.0,2.9768999999999997,2.8284,2.3067
5784,Chicago,05/05/2025,3.8,Illinois,CARY GROVE HS,3.8,3.7707399999999995,3.5826399999999996,2.92182
5785,Chicago,05/06/2025,6.5,Illinois,CARY GROVE HS,6.5,6.449949999999999,6.1282,4.997850000000001
5786,Chicago,05/07/2025,6.7,Illinois,CARY GROVE HS,6.7,6.64841,6.31676,5.15163
5787,Chicago,05/08/2025,2.7,Illinois,CARY GROVE HS,2.7,2.67921,2.54556,2.0760300000000003
5788,Chicago,05/09/2025,4.5,Illinois,CARY GROVE HS,4.5,4.46535,4.2425999999999995,3.4600500000000003
5789,Chicago,05/10/2025,5.2,Illinois,CARY GROVE HS,5.2,5.15996,4.90256,3.9982800000000003
5790,Chicago,05/11/2025,4.4,Illinois,CARY GROVE HS,4.4,4.3661200000000004,4.14832,3.3831600000000006
5791,Chicago,05/12/2025,7.2,Illinois,CARY GROVE HS,7.2,7.14456,6.7881599999999995,5.53608
5792,Chicago,05/13/2025,7.3,Illinois,CARY GROVE HS,7.3,7.24379,6.88244,5.61297
5793,Chicago,05/14/2025,6.5,Illinois,CARY GROVE HS,6.5,6.449949999999999,6.1282,4.997850000000001
5794,Chicago,05/15/2025,11.7,Illinois,CARY GROVE HS,11.7,11.60991,11.030759999999999,8.996129999999999
5795,Chicago,05/16/2025,4.6,Illinois,CARY GROVE HS,4.6,4.564579999999999,4.33688,3.53694
5796,Chicago,05/17/2025,2.4,Illinois,CARY GROVE HS,2.4,2.3815199999999996,2.26272,1.84536
5797,Chicago,05/18/2025,3.3,Illinois,CARY GROVE HS,3.3,3.27459,3.1112399999999996,2.53737
5798,Chicago,05/19/2025,2.7,Illinois,CARY GROVE HS,2.7,2.67921,2.54556,2.0760300000000003
5799,Chicago,05/20/2025,4.8,Illinois,CARY GROVE HS,4.8,4.763039999999999,4.52544,3.69072
5800,Chicago,05/21/2025,1.6,Illinois,CARY GROVE HS,1.6,1.58768,1.50848,1.2302400000000002
5801,Chicago,05/22/2025,2.6,Illinois,CARY GROVE HS,2.6,2.57998,2.45128,1.9991400000000001
5802,Chicago,05/23/2025,3.0,Illinois,CARY GROVE HS,3.0,2.9768999999999997,2.8284,2.3067
5803,Chicago,05/24/2025,3.2,Illinois,CARY GROVE HS,3.2,3.17536,3.01696,2.4604800000000004
5804,Chicago,05/25/2025,3.0,Illinois,CARY GROVE HS,3.0,2.9768999999999997,2.8284,2.3067
5805,Chicago,05/26/2025,4.8,Illinois,CARY GROVE HS,4.8,4.763039999999999,4.52544,3.69072
5806,Chicago,05/27/2025,4.3,Illinois,CARY GROVE HS,4.3,4.26689,4.05404,3.30627
5807,Chicago,05/28/2025,5.8,Illinois,CARY GROVE HS,5.8,5.7553399999999995,5.46824,4.45962
5808,Chicago,05/29/2025,8.2,Illinois,CARY GROVE HS,8.2,8.136859999999999,7.730959999999999,6.30498
5809,Chicago,05/30/2025,12.2,Illinois,CARY GROVE HS,12.2,12.10606,11.502159999999998,9.38058
5810,Chicago,05/31/2025,8.8,Illinois,CARY GROVE HS,8.8,8.732240000000001,8.29664,6.766320000000001
5811,Chicago,06/01/2025,8.0,Illinois,CARY GROVE HS,8.0,7.9384,7.5424,6.1512
5812,Chicago,06/02/2025,10.6,Illinois,CARY GROVE HS,10.6,10.518379999999999,9.99368,8.15034
5813,Chicago,06/03/2025,12.5,Illinois,CARY GROVE HS,12.5,12.403749999999999,11.785,9.61125
5814,Chicago,06/04/2025,20.7,Illinois,CARY GROVE HS,20.7,20.540609999999997,19.51596,15.91623
5815,Chicago,06/05/2025,45.2,Illinois,CARY GROVE HS,45.2,44.85196,42.614560000000004,34.75428
5816,Chicago,06/06/2025,27.9,Illinois,CARY GROVE HS,27.9,27.685169999999996,26.304119999999998,21.45231
5817,Chicago,06/07/2025,30.3,Illinois,CARY GROVE HS,30.3,30.06669,28.56684,23.29767
5818,Chicago,06/08/2025,23.9,Illinois,CARY GROVE HS,23.9,23.71597,22.532919999999997,18.37671
5819,Chicago,06/09/2025,17.5,Illinois,CARY GROVE HS,17.5,17.36525,16.499,13.45575
5820,Chicago,06/10/2025,19.7,Illinois,CARY GROVE HS,19.7,19.548309999999997,18.573159999999998,15.14733
5821,Chicago,06/11/2025,22.6,Illinois,CARY GROVE HS,22.6,22.42598,21.307280000000002,17.37714
5822,Chicago,06/12/2025,26.8,Illinois,CARY GROVE HS,26.8,26.59364,25.26704,20.60652
5823,Chicago,06/13/2025,21.8,Illinois,CARY GROVE HS,21.8,21.63214,20.55304,16.76202
5824,Chicago,06/14/2025,14.9,Illinois,CARY GROVE HS,14.9,14.78527,14.04772,11.456610000000001
5825,Chicago,06/15/2025,11.8,Illinois,CARY GROVE HS,11.8,11.70914,11.12504,9.073020000000001
5826,Chicago,06/16/2025,14.2,Illinois,CARY GROVE HS,14.2,14.090659999999998,13.387759999999998,10.918379999999999
5827,Chicago,06/17/2025,7.6,Illinois,CARY GROVE HS,7.6,7.541479999999999,7.165279999999999,5.84364
5828,Chicago,06/18/2025,6.6,Illinois,CARY GROVE HS,6.6,6.54918,6.222479999999999,5.07474
5829,Chicago,06/19/2025,7.4,Illinois,CARY GROVE HS,7.4,7.34302,6.97672,5.68986
5830,Chicago,06/20/2025,6.6,Illinois,CARY GROVE HS,6.6,6.54918,6.222479999999999,5.07474
5831,Chicago,06/21/2025,10.3,Illinois,CARY GROVE HS,10.3,10.220690000000001,9.710840000000001,7.919670000000001
5832,Chicago,06/22/2025,12.1,Illinois,CARY GROVE HS,12.1,12.006829999999999,11.407879999999999,9.30369
5833,Chicago,06/23/2025,10.6,Illinois,CARY GROVE HS,10.6,10.518379999999999,9.99368,8.15034
5834,Chicago,06/24/2025,4.6,Illinois,CARY GROVE HS,4.6,4.564579999999999,4.33688,3.53694
5835,Chicago,06/25/2025,5.6,Illinois,CARY GROVE HS,5.6,5.55688,5.27968,4.30584
5836,Chicago,06/26/2025,8.7,Illinois,CARY GROVE HS,8.7,8.633009999999999,8.202359999999999,6.68943
5837,Chicago,06/27/2025,4.4,Illinois,CARY GROVE HS,4.4,4.3661200000000004,4.14832,3.3831600000000006
5838,Chicago,06/28/2025,4.7,Illinois,CARY GROVE HS,4.7,4.66381,4.43116,3.61383
5839,Chicago,06/29/2025,7.5,Illinois,CARY GROVE HS,7.5,7.44225,7.071,5.76675
5840,Chicago,06/30/2025,4.8,Illinois,CARY GROVE HS,4.8,4.763039999999999,4.52544,3.69072
5841,Chicago,07/01/2025,7.5,Illinois,CARY GROVE HS,7.5,7.44225,7.071,5.76675
5842,Chicago,07/02/2025,11.9,Illinois,CARY GROVE HS,11.9,11.80837,11.21932,9.14991
5843,Chicago,07/03/2025,9.1,Illinois,CARY GROVE HS,9.1,9.029929999999998,8.57948,6.99699
5844,Chicago,07/04/2025,18.3,Illinois,CARY GROVE HS,18.3,18.15909,17.25324,14.070870000000001
5845,Chicago,07/05/2025,19.8,Illinois,CARY GROVE HS,19.8,19.64754,18.66744,15.22422
5846,Chicago,07/06/2025,7.6,Illinois,CARY GROVE HS,7.6,7.541479999999999,7.165279999999999,5.84364
5847,Chicago,07/07/2025,18.4,Illinois,CARY GROVE HS,18.4,18.258319999999998,17.34752,14.14776
5848,Chicago,07/08/2025,16.4,Illinois,CARY GROVE HS,16.4,16.273719999999997,15.461919999999997,12.60996
5849,Chicago,07/09/2025,10.0,Illinois,CARY GROVE HS,10.0,9.923,9.427999999999999,7.689
5850,Chicago,07/10/2025,8.2,Illinois,CARY GROVE HS,8.2,8.136859999999999,7.730959999999999,6.30498
5851,Chicago,07/11/2025,5.7,Illinois,CARY GROVE HS,5.7,5.65611,5.37396,4.3827300000000005
5852,Chicago,07/12/2025,6.8,Illinois,CARY GROVE HS,6.8,6.74764,6.41104,5.22852
5853,Chicago,07/13/2025,34.7,Illinois,CARY GROVE HS,34.7,34.43281,32.715160000000004,26.680830000000004
5854,Chicago,07/14/2025,25.1,Illinois,CARY GROVE HS,25.1,24.90673,23.66428,19.299390000000002
5855,Chicago,07/15/2025,18.0,Illinois,CARY GROVE HS,18.0,17.8614,16.970399999999998,13.840200000000001
5856,Chicago,07/16/2025,6.8,Illinois,CARY GROVE HS,6.8,6.74764,6.41104,5.22852
5857,Chicago,07/17/2025,3.5,Illinois,CARY GROVE HS,3.5,3.4730499999999997,3.2998,2.69115
5858,Chicago,07/18/2025,4.6,Illinois,CARY GROVE HS,4.6,4.564579999999999,4.33688,3.53694
5859,Chicago,07/19/2025,5.8,Illinois,CARY GROVE HS,5.8,5.7553399999999995,5.46824,4.45962
5860,Chicago,07/20/2025,8.0,Illinois,CARY GROVE HS,8.0,7.9384,7.5424,6.1512
5861,Chicago,07/21/2025,34.6,Illinois,CARY GROVE HS,34.6,34.33358,32.62088,26.60394
5862,Chicago,07/22/2025,21.2,Illinois,CARY GROVE HS,21.2,21.036759999999997,19.98736,16.30068
5863,Chicago,07/23/2025,16.8,Illinois,CARY GROVE HS,16.8,16.67064,15.83904,12.917520000000001
5864,Chicago,07/24/2025,9.3,Illinois,CARY GROVE HS,9.3,9.228390000000001,8.768040000000001,7.1507700000000005
5865,Chicago,07/25/2025,5.2,Illinois,CARY GROVE HS,5.2,5.15996,4.90256,3.9982800000000003
5866,Chicago,07/26/2025,7.3,Illinois,CARY GROVE HS,7.3,7.24379,6.88244,5.61297
5867,Chicago,07/27/2025,6.6,Illinois,CARY GROVE HS,6.6,6.54918,6.222479999999999,5.07474
5868,Chicago,07/28/2025,7.9,Illinois,CARY GROVE HS,7.9,7.83917,7.44812,6.0743100000000005
5869,Chicago,07/29/2025,8.1,Illinois,CARY GROVE HS,8.1,8.03763,7.636679999999999,6.22809
5870,Chicago,07/30/2025,11.9,Illinois,CARY GROVE HS,11.9,11.80837,11.21932,9.14991
5871,Chicago,07/31/2025,75.8,Illinois,CARY GROVE HS,75.8,75.21633999999999,71.46423999999999,58.28262
5872,Chicago,08/01/2025,41.1,Illinois,CARY GROVE HS,41.1,40.78353,38.74908,31.60179
5873,Chicago,08/02/2025,31.9,Illinois,CARY GROVE HS,31.9,31.654369999999997,30.075319999999998,24.52791
5874,Chicago,08/03/2025,40.7,Illinois,CARY GROVE HS,40.7,40.386610000000005,38.37196,31.294230000000002
5875,Chicago,08/04/2025,28.0,Illinois,CARY GROVE HS,28.0,27.784399999999998,26.3984,21.5292
5876,Chicago,08/05/2025,27.1,Illinois,CARY GROVE HS,27.1,26.89133,25.54988,20.837190000000003
5877,Chicago,08/06/2025,27.6,Illinois,CARY GROVE HS,27.6,27.38748,26.02128,21.22164
5878,Chicago,08/07/2025,15.2,Illinois,CARY GROVE HS,15.2,15.082959999999998,14.330559999999998,11.68728
5879,Chicago,08/08/2025,12.8,Illinois,CARY GROVE HS,12.8,12.70144,12.06784,9.841920000000002
5880,Chicago,08/09/2025,12.4,Illinois,CARY GROVE HS,12.4,12.30452,11.69072,9.534360000000001
5881,Chicago,08/10/2025,8.3,Illinois,CARY GROVE HS,8.3,8.23609,7.825240000000001,6.381870000000001
5882,Chicago,08/11/2025,6.7,Illinois,CARY GROVE HS,6.7,6.64841,6.31676,5.15163
5883,Chicago,08/12/2025,5.3,Illinois,CARY GROVE HS,5.3,5.259189999999999,4.99684,4.07517
5884,Chicago,08/13/2025,11.6,Illinois,CARY GROVE HS,11.6,11.510679999999999,10.93648,8.91924
5885,Chicago,08/14/2025,14.8,Illinois,CARY GROVE HS,14.8,14.68604,13.95344,11.37972
5886,Chicago,08/15/2025,16.6,Illinois,CARY GROVE HS,16.6,16.47218,15.650480000000002,12.763740000000002
5887,Chicago,08/16/2025,8.9,Illinois,CARY GROVE HS,8.9,8.83147,8.39092,6.843210000000001
5888,Chicago,08/17/2025,2.4,Illinois,CARY GROVE HS,2.4,2.3815199999999996,2.26272,1.84536
5889,Chicago,08/18/2025,1.5,Illinois,CARY GROVE HS,1.5,1.4884499999999998,1.4142,1.15335
5890,Chicago,08/19/2025,0.5,Illinois,CARY GROVE HS,0.5,0.49615,0.4714,0.38445
5891,Chicago,08/20/2025,1.2,Illinois,CARY GROVE HS,1.2,1.1907599999999998,1.13136,0.92268
5892,Chicago,08/21/2025,3.2,Illinois,CARY GROVE HS,3.2,3.17536,3.01696,2.4604800000000004
5893,Chicago,08/22/2025,5.1,Illinois,CARY GROVE HS,5.1,5.0607299999999995,4.80828,3.9213899999999997
5894,Chicago,08/23/2025,5.0,Illinois,CARY GROVE HS,5.0,4.9615,4.7139999999999995,3.8445
5895,Chicago,08/24/2025,2.8,Illinois,CARY GROVE HS,2.8,2.77844,2.63984,2.15292
5896,Chicago,08/25/2025,2.7,Illinois,CARY GROVE HS,2.7,2.67921,2.54556,2.0760300000000003
5897,Chicago,08/26/2025,4.5,Illinois,CARY GROVE HS,4.5,4.46535,4.2425999999999995,3.4600500000000003
5898,Chicago,08/27/2025,5.3,Illinois,CARY GROVE HS,5.3,5.259189999999999,4.99684,4.07517
5899,Chicago,08/28/2025,5.2,Illinois,CARY GROVE HS,5.2,5.15996,4.90256,3.9982800000000003
5900,Chicago,08/29/2025,2.9,Illinois,CARY GROVE HS,2.9,2.8776699999999997,2.73412,2.22981
5901,Chicago,08/30/2025,3.9,Illinois,CARY GROVE HS,3.9,3.86997,3.67692,2.99871
5902,Chicago,08/31/2025,5.6,Illinois,CARY GROVE HS,5.6,5.55688,5.27968,4.30584
5903,Chicago,09/01/2025,7.1,Illinois,CARY GROVE HS,7.1,7.045329999999999,6.693879999999999,5.4591899999999995
5904,Chicago,09/02/2025,5.8,Illinois,CARY GROVE HS,5.8,5.7553399999999995,5.46824,4.45962
5905,Chicago,09/03/2025,11.5,Illinois,CARY GROVE HS,11.5,11.41145,10.8422,8.84235
5906,Chicago,09/04/2025,8.4,Illinois,CARY GROVE HS,8.4,8.33532,7.91952,6.458760000000001
5907,Chicago,09/05/2025,6.2,Illinois,CARY GROVE HS,6.2,6.15226,5.84536,4.767180000000001
5908,Chicago,09/06/2025,3.0,Illinois,CARY GROVE HS,3.0,2.9768999999999997,2.8284,2.3067
5909,Chicago,09/07/2025,5.8,Illinois,CARY GROVE HS,5.8,5.7553399999999995,5.46824,4.45962
5910,Chicago,09/08/2025,6.4,Illinois,CARY GROVE HS,6.4,6.35072,6.03392,4.920960000000001
5911,Chicago,09/09/2025,4.6,Illinois,CARY GROVE HS,4.6,4.564579999999999,4.33688,3.53694
5912,Chicago,09/10/2025,8.5,Illinois,CARY GROVE HS,8.5,8.43455,8.0138,6.53565
5913,Chicago,09/11/2025,8.4,Illinois,CARY GROVE HS,8.4,8.33532,7.91952,6.458760000000001
5914,Chicago,09/12/2025,8.6,Illinois,CARY GROVE HS,8.6,8.53378,8.10808,6.61254
5915,Chicago,09/13/2025,13.4,Illinois,CARY GROVE HS,13.4,13.29682,12.63352,10.30326
5916,Chicago,09/14/2025,12.2,Illinois,CARY GROVE HS,12.2,12.10606,11.502159999999998,9.38058
5917,Chicago,09/15/2025,10.4,Illinois,CARY GROVE HS,10.4,10.31992,9.80512,7.996560000000001
5918,Chicago,09/16/2025,9.9,Illinois,CARY GROVE HS,9.9,9.82377,9.33372,7.61211
5919,Chicago,09/17/2025,9.6,Illinois,CARY GROVE HS,9.6,9.526079999999999,9.05088,7.38144
5920,Chicago,09/18/2025,11.9,Illinois,CARY GROVE HS,11.9,11.80837,11.21932,9.14991
5921,Chicago,09/19/2025,13.6,Illinois,CARY GROVE HS,13.6,13.49528,12.82208,10.45704
5922,Chicago,09/20/2025,8.6,Illinois,CARY GROVE HS,8.6,8.53378,8.10808,6.61254
5923,Chicago,09/21/2025,7.9,Illinois,CARY GROVE HS,7.9,7.83917,7.44812,6.0743100000000005
5924,Chicago,09/22/2025,7.5,Illinois,CARY GROVE HS,7.5,7.44225,7.071,5.76675
5925,Chicago,09/23/2025,5.2,Illinois,CARY GROVE HS,5.2,5.15996,4.90256,3.9982800000000003
5926,Chicago,09/24/2025,4.3,Illinois,CARY GROVE HS,4.3,4.26689,4.05404,3.30627
5927,Chicago,09/25/2025,5.5,Illinois,CARY GROVE HS,5.5,5.45765,5.1854,4.22895
5928,Chicago,09/26/2025,7.0,Illinois,CARY GROVE HS,7.0,6.9460999999999995,6.5996,5.3823
5929,Chicago,09/27/2025,9.1,Illinois,CARY GROVE HS,9.1,9.029929999999998,8.57948,6.99699
5930,Chicago,09/28/2025,7.6,Illinois,CARY GROVE HS,7.6,7.541479999999999,7.165279999999999,5.84364
5931,Chicago,09/29/2025,8.5,Illinois,CARY GROVE HS,8.5,8.43455,8.0138,6.53565
5932,Chicago,09/30/2025,9.2,Illinois,CARY GROVE HS,9.2,9.129159999999999,8.67376,7.07388
5933,Chicago,10/01/2025,5.9,Illinois,CARY GROVE HS,5.9,5.85457,5.56252,4.536510000000001
5934,Chicago,10/02/2025,8.1,Illinois,CARY GROVE HS,8.1,8.03763,7.636679999999999,6.22809
5935,Chicago,10/03/2025,13.7,Illinois,CARY GROVE HS,13.7,13.594509999999998,12.91636,10.53393
5936,Chicago,10/04/2025,14.4,Illinois,CARY GROVE HS,14.4,14.28912,13.576319999999999,11.07216
5937,Chicago,10/05/2025,7.4,Illinois,CARY GROVE HS,7.4,7.34302,6.97672,5.68986
5938,Chicago,10/06/2025,6.5,Illinois,CARY GROVE HS,6.5,6.449949999999999,6.1282,4.997850000000001
5939,Chicago,10/07/2025,3.0,Illinois,CARY GROVE HS,3.0,2.9768999999999997,2.8284,2.3067
5940,Chicago,10/08/2025,2.8,Illinois,CARY GROVE HS,2.8,2.77844,2.63984,2.15292
5941,Chicago,10/09/2025,4.0,Illinois,CARY GROVE HS,4.0,3.9692,3.7712,3.0756
5942,Chicago,10/10/2025,5.3,Illinois,CARY GROVE HS,5.3,5.259189999999999,4.99684,4.07517
5943,Chicago,10/11/2025,3.1,Illinois,CARY GROVE HS,3.1,3.07613,2.92268,2.3835900000000003
5944,Chicago,10/12/2025,4.0,Illinois,CARY GROVE HS,4.0,3.9692,3.7712,3.0756
5945,Chicago,10/13/2025,7.7,Illinois,CARY GROVE HS,7.7,7.6407099999999994,7.25956,5.92053
5946,Chicago,10/14/2025,5.2,Illinois,CARY GROVE HS,5.2,5.15996,4.90256,3.9982800000000003
5947,Chicago,10/15/2025,1.7,Illinois,CARY GROVE HS,1.7,1.68691,1.60276,1.30713
5948,Chicago,10/16/2025,3.6,Illinois,CARY GROVE HS,3.6,3.57228,3.3940799999999998,2.76804
5949,Chicago,10/17/2025,5.9,Illinois,CARY GROVE HS,5.9,5.85457,5.56252,4.536510000000001
5950,Chicago,10/18/2025,11.0,Illinois,CARY GROVE HS,11.0,10.9153,10.3708,8.4579
5951,Chicago,10/19/2025,3.0,Illinois,CARY GROVE HS,3.0,2.9768999999999997,2.8284,2.3067
5952,Chicago,10/20/2025,3.1,Illinois,CARY GROVE HS,3.1,3.07613,2.92268,2.3835900000000003
5953,Chicago,10/21/2025,2.5,Illinois,CARY GROVE HS,2.5,2.48075,2.3569999999999998,1.92225
5954,Chicago,10/22/2025,1.6,Illinois,CARY GROVE HS,1.6,1.58768,1.50848,1.2302400000000002
5955,Chicago,10/23/2025,2.5,Illinois,CARY GROVE HS,2.5,2.48075,2.3569999999999998,1.92225
5956,Chicago,10/24/2025,4.2,Illinois,CARY GROVE HS,4.2,4.16766,3.95976,3.2293800000000004
5957,Chicago,10/25/2025,7.0,Illinois,CARY GROVE HS,7.0,6.9460999999999995,6.5996,5.3823
5958,Chicago,10/26/2025,5.8,Illinois,CARY GROVE HS,5.8,5.7553399999999995,5.46824,4.45962
5959,Chicago,10/27/2025,3.7,Illinois,CARY GROVE HS,3.7,3.67151,3.48836,2.84493
5960,Chicago,10/28/2025,3.7,Illinois,CARY GROVE HS,3.7,3.67151,3.48836,2.84493
5961,Chicago,10/29/2025,3.6,Illinois,CARY GROVE HS,3.6,3.57228,3.3940799999999998,2.76804
5962,Chicago,10/30/2025,4.6,Illinois,CARY GROVE HS,4.6,4.564579999999999,4.33688,3.53694
5963,Chicago,10/31/2025,8.5,Illinois,CARY GROVE HS,8.5,8.43455,8.0138,6.53565
5964,Chicago,11/01/2025,6.4,Illinois,CARY GROVE HS,6.4,6.35072,6.03392,4.920960000000001
5965,Chicago,11/02/2025,4.9,Illinois,CARY GROVE HS,4.9,4.8622700000000005,4.61972,3.7676100000000003
5966,Chicago,11/03/2025,3.4,Illinois,CARY GROVE HS,3.4,3.37382,3.20552,2.61426
5967,Chicago,11/04/2025,4.5,Illinois,CARY GROVE HS,4.5,4.46535,4.2425999999999995,3.4600500000000003
5968,Chicago,11/05/2025,5.6,Illinois,CARY GROVE HS,5.6,5.55688,5.27968,4.30584
5969,Chicago,11/06/2025,5.3,Illinois,CARY GROVE HS,5.3,5.259189999999999,4.99684,4.07517
5970,Chicago,11/07/2025,5.2,Illinois,CARY GROVE HS,5.2,5.15996,4.90256,3.9982800000000003
5971,Chicago,11/08/2025,2.3,Illinois,CARY GROVE HS,2.3,2.2822899999999997,2.16844,1.76847
5972,Chicago,11/09/2025,1.9,Illinois,CARY GROVE HS,1.9,1.8853699999999998,1.7913199999999998,1.46091
5973,Chicago,11/10/2025,1.6,Illinois,CARY GROVE HS,1.6,1.58768,1.50848,1.2302400000000002
5974,Chicago,11/11/2025,4.7,Illinois,CARY GROVE HS,4.7,4.66381,4.43116,3.61383
5975,Chicago,11/12/2025,3.6,Illinois,CARY GROVE HS,3.6,3.57228,3.3940799999999998,2.76804
5976,Chicago,11/13/2025,7.5,Illinois,CARY GROVE HS,7.5,7.44225,7.071,5.76675
5977,Chicago,11/14/2025,12.8,Illinois,CARY GROVE HS,12.8,12.70144,12.06784,9.841920000000002
5978,Chicago,11/15/2025,6.5,Illinois,CARY GROVE HS,6.5,6.449949999999999,6.1282,4.997850000000001
5979,Chicago,11/16/2025,2.7,Illinois,CARY GROVE HS,2.7,2.67921,2.54556,2.0760300000000003
5980,Chicago,11/17/2025,5.8,Illinois,CARY GROVE HS,5.8,5.7553399999999995,5.46824,4.45962
5981,Chicago,11/18/2025,5.4,Illinois,CARY GROVE HS,5.4,5.35842,5.09112,4.1520600000000005
5982,Chicago,11/19/2025,9.4,Illinois,CARY GROVE HS,9.4,9.32762,8.86232,7.22766
5983,Chicago,11/20/2025,16.6,Illinois,CARY GROVE HS,16.6,16.47218,15.650480000000002,12.763740000000002
5984,Chicago,11/21/2025,10.4,Illinois,CARY GROVE HS,10.4,10.31992,9.80512,7.996560000000001
5985,Chicago,11/22/2025,9.9,Illinois,CARY GROVE HS,9.9,9.82377,9.33372,7.61211
5986,Chicago,11/23/2025,14.3,Illinois,CARY GROVE HS,14.3,14.18989,13.48204,10.995270000000001
5987,Chicago,11/24/2025,16.8,Illinois,CARY GROVE HS,16.8,16.67064,15.83904,12.917520000000001
5988,Chicago,11/25/2025,9.1,Illinois,CARY GROVE HS,9.1,9.029929999999998,8.57948,6.99699
5989,Chicago,11/26/2025,1.9,Illinois,CARY GROVE HS,1.9,1.8853699999999998,1.7913199999999998,1.46091
5990,Chicago,11/27/2025,2.1,Illinois,CARY GROVE HS,2.1,2.08383,1.97988,1.6146900000000002
5991,Chicago,11/28/2025,8.0,Illinois,CARY GROVE HS,8.0,7.9384,7.5424,6.1512
5992,Chicago,11/29/2025,8.0,Illinois,CARY GROVE HS,8.0,7.9384,7.5424,6.1512
5993,Chicago,11/30/2025,4.5,Illinois,CARY GROVE HS,4.5,4.46535,4.2425999999999995,3.4600500000000003
5994,Chicago,12/01/2025,8.1,Illinois,CARY GROVE HS,8.1,8.03763,7.636679999999999,6.22809
5995,Chicago,12/02/2025,12.2,Illinois,CARY GROVE HS,12.2,12.10606,11.502159999999998,9.38058
5996,Chicago,12/03/2025,11.7,Illinois,CARY GROVE HS,11.7,11.60991,11.030759999999999,8.996129999999999
5997,Chicago,12/04/2025,5.5,Illinois,CARY GROVE HS,5.5,5.45765,5.1854,4.22895
5998,Chicago,12/05/2025,9.2,Illinois,CARY GROVE HS,9.2,9.129159999999999,8.67376,7.07388
5999,Chicago,12/06/2025,12.1,Illinois,CARY GROVE HS,12.1,12.006829999999999,11.407879999999999,9.30369
6000,Chicago,12/07/2025,7.2,Illinois,CARY GROVE HS,7.2,7.14456,6.7881599999999995,5.53608
6001,Chicago,12/08/2025,4.5,Illinois,CARY GROVE HS,4.5,4.46535,4.2425999999999995,3.4600500000000003
6002,Chicago,12/09/2025,11.2,Illinois,CARY GROVE HS,11.2,11.11376,10.55936,8.61168
6003,Chicago,12/10/2025,4.3,Illinois,CARY GROVE HS,4.3,4.26689,4.05404,3.30627
6004,Chicago,12/11/2025,6.8,Illinois,CARY GROVE HS,6.8,6.74764,6.41104,5.22852
6005,Chicago,12/12/2025,16.3,Illinois,CARY GROVE HS,16.3,16.17449,15.36764,12.53307
6006,Chicago,12/13/2025,3.8,Illinois,CARY GROVE HS,3.8,3.7707399999999995,3.5826399999999996,2.92182
6007,Chicago,12/14/2025,3.5,Illinois,CARY GROVE HS,3.5,3.4730499999999997,3.2998,2.69115
6008,Chicago,12/15/2025,6.0,Illinois,CARY GROVE HS,6.0,5.953799999999999,5.6568,4.6134
6009,Chicago,12/16/2025,11.8,Illinois,CARY GROVE HS,11.8,11.70914,11.12504,9.073020000000001
6010,Chicago,12/17/2025,12.1,Illinois,CARY GROVE HS,12.1,12.006829999999999,11.407879999999999,9.30369
6011,Chicago,12/18/2025,7.0,Illinois,CARY GROVE HS,7.0,6.9460999999999995,6.5996,5.3823
6012,Chicago,12/19/2025,3.7,Illinois,CARY GROVE HS,3.7,3.67151,3.48836,2.84493
6013,Chicago,12/20/2025,3.5,Illinois,CARY GROVE HS,3.5,3.4730499999999997,3.2998,2.69115
6014,Chicago,12/21/2025,3.9,Illinois,CARY GROVE HS,3.9,3.86997,3.67692,2.99871
6015,Chicago,12/22/2025,4.4,Illinois,CARY GROVE HS,4.4,4.3661200000000004,4.14832,3.3831600000000006
6016,Chicago,12/23/2025,9.9,Illinois,CARY GROVE HS,9.9,9.82377,9.33372,7.61211
6017,Chicago,12/24/2025,14.3,Illinois,CARY GROVE HS,14.3,14.18989,13.48204,10.995270000000001
6018,Chicago,12/25/2025,14.7,Illinois,CARY GROVE HS,14.7,14.586809999999998,13.85916,11.30283
6019,Chicago,12/26/2025,10.3,Illinois,CARY GROVE HS,10.3,10.220690000000001,9.710840000000001,7.919670000000001
6020,Chicago,12/27/2025,12.8,Illinois,CARY GROVE HS,12.8,12.70144,12.06784,9.841920000000002
6021,Chicago,12/28/2025,3.8,Illinois,CARY GROVE HS,3.8,3.7707399999999995,3.5826399999999996,2.92182
6022,Chicago,12/29/2025,2.4,Illinois,CARY GROVE HS,2.4,2.3815199999999996,2.26272,1.84536
6023,Chicago,12/30/2025,3.3,Illinois,CARY GROVE HS,3.3,3.27459,3.1112399999999996,2.53737
6024,Chicago,12/31/2025,4.5,Illinois,CARY GROVE HS,4.5,4.46535,4.2425999999999995,3.4600500000000003
6025,Chicago,01/01/2025,4.8,Illinois,PERSHING SCHOOL,4.8,4.763039999999999,4.52544,3.69072
6026,Chicago,01/02/2025,4.9,Illinois,PERSHING SCHOOL,4.9,4.8622700000000005,4.61972,3.7676100000000003
6027,Chicago,01/03/2025,5.6,Illinois,PERSHING SCHOOL,5.6,5.55688,5.27968,4.30584
6028,Chicago,01/04/2025,4.4,Illinois,PERSHING SCHOOL,4.4,4.3661200000000004,4.14832,3.3831600000000006
6029,Chicago,01/05/2025,4.4,Illinois,PERSHING SCHOOL,4.4,4.3661200000000004,4.14832,3.3831600000000006
6030,Chicago,01/06/2025,3.0,Illinois,PERSHING SCHOOL,3.0,2.9768999999999997,2.8284,2.3067
6031,Chicago,01/07/2025,4.9,Illinois,PERSHING SCHOOL,4.9,4.8622700000000005,4.61972,3.7676100000000003
6032,Chicago,01/08/2025,4.9,Illinois,PERSHING SCHOOL,4.9,4.8622700000000005,4.61972,3.7676100000000003
6033,Chicago,01/09/2025,13.2,Illinois,PERSHING SCHOOL,13.2,13.09836,12.444959999999998,10.14948
6034,Chicago,01/10/2025,20.0,Illinois,PERSHING SCHOOL,20.0,19.846,18.855999999999998,15.378
6035,Chicago,01/11/2025,8.3,Illinois,PERSHING SCHOOL,8.3,8.23609,7.825240000000001,6.381870000000001
6036,Chicago,01/12/2025,9.8,Illinois,PERSHING SCHOOL,9.8,9.724540000000001,9.23944,7.535220000000001
6037,Chicago,01/13/2025,3.9,Illinois,PERSHING SCHOOL,3.9,3.86997,3.67692,2.99871
6038,Chicago,01/14/2025,6.1,Illinois,PERSHING SCHOOL,6.1,6.05303,5.751079999999999,4.69029
6039,Chicago,01/15/2025,10.6,Illinois,PERSHING SCHOOL,10.6,10.518379999999999,9.99368,8.15034
6040,Chicago,01/16/2025,8.6,Illinois,PERSHING SCHOOL,8.6,8.53378,8.10808,6.61254
6041,Chicago,01/17/2025,7.9,Illinois,PERSHING SCHOOL,7.9,7.83917,7.44812,6.0743100000000005
6042,Chicago,01/18/2025,3.6,Illinois,PERSHING SCHOOL,3.6,3.57228,3.3940799999999998,2.76804
6043,Chicago,01/19/2025,3.4,Illinois,PERSHING SCHOOL,3.4,3.37382,3.20552,2.61426
6044,Chicago,01/20/2025,3.5,Illinois,PERSHING SCHOOL,3.5,3.4730499999999997,3.2998,2.69115
6045,Chicago,01/21/2025,4.3,Illinois,PERSHING SCHOOL,4.3,4.26689,4.05404,3.30627
6046,Chicago,01/22/2025,6.0,Illinois,PERSHING SCHOOL,6.0,5.953799999999999,5.6568,4.6134
6047,Chicago,01/23/2025,6.8,Illinois,PERSHING SCHOOL,6.8,6.74764,6.41104,5.22852
6048,Chicago,01/24/2025,8.2,Illinois,PERSHING SCHOOL,8.2,8.136859999999999,7.730959999999999,6.30498
6049,Chicago,01/25/2025,5.9,Illinois,PERSHING SCHOOL,5.9,5.85457,5.56252,4.536510000000001
6050,Chicago,01/26/2025,3.7,Illinois,PERSHING SCHOOL,3.7,3.67151,3.48836,2.84493
6051,Chicago,01/27/2025,5.1,Illinois,PERSHING SCHOOL,5.1,5.0607299999999995,4.80828,3.9213899999999997
6052,Chicago,01/28/2025,4.3,Illinois,PERSHING SCHOOL,4.3,4.26689,4.05404,3.30627
6053,Chicago,01/29/2025,3.9,Illinois,PERSHING SCHOOL,3.9,3.86997,3.67692,2.99871
6054,Chicago,01/30/2025,9.1,Illinois,PERSHING SCHOOL,9.1,9.029929999999998,8.57948,6.99699
6055,Chicago,01/31/2025,8.0,Illinois,PERSHING SCHOOL,8.0,7.9384,7.5424,6.1512
6056,Chicago,02/01/2025,3.6,Illinois,PERSHING SCHOOL,3.6,3.57228,3.3940799999999998,2.76804
6057,Chicago,02/02/2025,14.1,Illinois,PERSHING SCHOOL,14.1,13.99143,13.293479999999999,10.84149
6058,Chicago,02/03/2025,11.1,Illinois,PERSHING SCHOOL,11.1,11.014529999999999,10.465079999999999,8.53479
6059,Chicago,02/04/2025,3.7,Illinois,PERSHING SCHOOL,3.7,3.67151,3.48836,2.84493
6060,Chicago,02/05/2025,6.7,Illinois,PERSHING SCHOOL,6.7,6.64841,6.31676,5.15163
6061,Chicago,02/06/2025,7.2,Illinois,PERSHING SCHOOL,7.2,7.14456,6.7881599999999995,5.53608
6062,Chicago,02/07/2025,4.7,Illinois,PERSHING SCHOOL,4.7,4.66381,4.43116,3.61383
6063,Chicago,02/08/2025,7.5,Illinois,PERSHING SCHOOL,7.5,7.44225,7.071,5.76675
6064,Chicago,02/09/2025,7.2,Illinois,PERSHING SCHOOL,7.2,7.14456,6.7881599999999995,5.53608
6065,Chicago,02/10/2025,6.5,Illinois,PERSHING SCHOOL,6.5,6.449949999999999,6.1282,4.997850000000001
6066,Chicago,02/11/2025,8.3,Illinois,PERSHING SCHOOL,8.3,8.23609,7.825240000000001,6.381870000000001
6067,Chicago,02/12/2025,12.3,Illinois,PERSHING SCHOOL,12.3,12.20529,11.596440000000001,9.45747
6068,Chicago,02/13/2025,7.3,Illinois,PERSHING SCHOOL,7.3,7.24379,6.88244,5.61297
6069,Chicago,02/14/2025,9.8,Illinois,PERSHING SCHOOL,9.8,9.724540000000001,9.23944,7.535220000000001
6070,Chicago,02/15/2025,15.9,Illinois,PERSHING SCHOOL,15.9,15.777569999999999,14.99052,12.22551
6071,Chicago,02/16/2025,5.7,Illinois,PERSHING SCHOOL,5.7,5.65611,5.37396,4.3827300000000005
6072,Chicago,02/17/2025,4.3,Illinois,PERSHING SCHOOL,4.3,4.26689,4.05404,3.30627
6073,Chicago,02/18/2025,4.8,Illinois,PERSHING SCHOOL,4.8,4.763039999999999,4.52544,3.69072
6074,Chicago,02/19/2025,4.4,Illinois,PERSHING SCHOOL,4.4,4.3661200000000004,4.14832,3.3831600000000006
6075,Chicago,02/20/2025,5.4,Illinois,PERSHING SCHOOL,5.4,5.35842,5.09112,4.1520600000000005
6076,Chicago,02/21/2025,8.1,Illinois,PERSHING SCHOOL,8.1,8.03763,7.636679999999999,6.22809
6077,Chicago,02/22/2025,8.6,Illinois,PERSHING SCHOOL,8.6,8.53378,8.10808,6.61254
6078,Chicago,02/23/2025,13.6,Illinois,PERSHING SCHOOL,13.6,13.49528,12.82208,10.45704
6079,Chicago,02/24/2025,10.5,Illinois,PERSHING SCHOOL,10.5,10.41915,9.8994,8.073450000000001
6080,Chicago,02/25/2025,9.1,Illinois,PERSHING SCHOOL,9.1,9.029929999999998,8.57948,6.99699
6081,Chicago,02/26/2025,11.1,Illinois,PERSHING SCHOOL,11.1,11.014529999999999,10.465079999999999,8.53479
6082,Chicago,02/27/2025,9.9,Illinois,PERSHING SCHOOL,9.9,9.82377,9.33372,7.61211
6083,Chicago,02/28/2025,3.8,Illinois,PERSHING SCHOOL,3.8,3.7707399999999995,3.5826399999999996,2.92182
6084,Chicago,03/01/2025,3.5,Illinois,PERSHING SCHOOL,3.5,3.4730499999999997,3.2998,2.69115
6085,Chicago,03/02/2025,5.7,Illinois,PERSHING SCHOOL,5.7,5.65611,5.37396,4.3827300000000005
6086,Chicago,03/03/2025,8.3,Illinois,PERSHING SCHOOL,8.3,8.23609,7.825240000000001,6.381870000000001
6087,Chicago,03/04/2025,7.7,Illinois,PERSHING SCHOOL,7.7,7.6407099999999994,7.25956,5.92053
6088,Chicago,03/05/2025,3.6,Illinois,PERSHING SCHOOL,3.6,3.57228,3.3940799999999998,2.76804
6089,Chicago,03/06/2025,3.2,Illinois,PERSHING SCHOOL,3.2,3.17536,3.01696,2.4604800000000004
6090,Chicago,03/07/2025,9.3,Illinois,PERSHING SCHOOL,9.3,9.228390000000001,8.768040000000001,7.1507700000000005
6091,Chicago,03/08/2025,7.7,Illinois,PERSHING SCHOOL,7.7,7.6407099999999994,7.25956,5.92053
6092,Chicago,03/09/2025,5.3,Illinois,PERSHING SCHOOL,5.3,5.259189999999999,4.99684,4.07517
6093,Chicago,03/10/2025,6.5,Illinois,PERSHING SCHOOL,6.5,6.449949999999999,6.1282,4.997850000000001
6094,Chicago,03/11/2025,5.2,Illinois,PERSHING SCHOOL,5.2,5.15996,4.90256,3.9982800000000003
6095,Chicago,03/12/2025,9.3,Illinois,PERSHING SCHOOL,9.3,9.228390000000001,8.768040000000001,7.1507700000000005
6096,Chicago,03/13/2025,13.9,Illinois,PERSHING SCHOOL,13.9,13.79297,13.10492,10.687710000000001
6097,Chicago,03/14/2025,13.3,Illinois,PERSHING SCHOOL,13.3,13.19759,12.53924,10.226370000000001
6098,Chicago,03/15/2025,25.5,Illinois,PERSHING SCHOOL,25.5,25.303649999999998,24.0414,19.60695
6099,Chicago,03/16/2025,4.7,Illinois,PERSHING SCHOOL,4.7,4.66381,4.43116,3.61383
6100,Chicago,03/17/2025,4.4,Illinois,PERSHING SCHOOL,4.4,4.3661200000000004,4.14832,3.3831600000000006
6101,Chicago,03/18/2025,6.0,Illinois,PERSHING SCHOOL,6.0,5.953799999999999,5.6568,4.6134
6102,Chicago,03/19/2025,6.6,Illinois,PERSHING SCHOOL,6.6,6.54918,6.222479999999999,5.07474
6103,Chicago,03/20/2025,3.1,Illinois,PERSHING SCHOOL,3.1,3.07613,2.92268,2.3835900000000003
6104,Chicago,03/21/2025,5.7,Illinois,PERSHING SCHOOL,5.7,5.65611,5.37396,4.3827300000000005
6105,Chicago,03/22/2025,5.7,Illinois,PERSHING SCHOOL,5.7,5.65611,5.37396,4.3827300000000005
6106,Chicago,03/23/2025,5.4,Illinois,PERSHING SCHOOL,5.4,5.35842,5.09112,4.1520600000000005
6107,Chicago,03/24/2025,4.4,Illinois,PERSHING SCHOOL,4.4,4.3661200000000004,4.14832,3.3831600000000006
6108,Chicago,03/25/2025,5.9,Illinois,PERSHING SCHOOL,5.9,5.85457,5.56252,4.536510000000001
6109,Chicago,03/26/2025,11.4,Illinois,PERSHING SCHOOL,11.4,11.31222,10.74792,8.765460000000001
6110,Chicago,03/27/2025,11.9,Illinois,PERSHING SCHOOL,11.9,11.80837,11.21932,9.14991
6111,Chicago,03/28/2025,7.7,Illinois,PERSHING SCHOOL,7.7,7.6407099999999994,7.25956,5.92053
6112,Chicago,03/29/2025,8.6,Illinois,PERSHING SCHOOL,8.6,8.53378,8.10808,6.61254
6113,Chicago,03/30/2025,5.5,Illinois,PERSHING SCHOOL,5.5,5.45765,5.1854,4.22895
6114,Chicago,03/31/2025,3.6,Illinois,PERSHING SCHOOL,3.6,3.57228,3.3940799999999998,2.76804
6115,Chicago,04/01/2025,4.9,Illinois,PERSHING SCHOOL,4.9,4.8622700000000005,4.61972,3.7676100000000003
6116,Chicago,04/02/2025,7.7,Illinois,PERSHING SCHOOL,7.7,7.6407099999999994,7.25956,5.92053
6117,Chicago,04/03/2025,5.8,Illinois,PERSHING SCHOOL,5.8,5.7553399999999995,5.46824,4.45962
6118,Chicago,04/04/2025,8.2,Illinois,PERSHING SCHOOL,8.2,8.136859999999999,7.730959999999999,6.30498
6119,Chicago,04/05/2025,4.5,Illinois,PERSHING SCHOOL,4.5,4.46535,4.2425999999999995,3.4600500000000003
6120,Chicago,04/06/2025,5.1,Illinois,PERSHING SCHOOL,5.1,5.0607299999999995,4.80828,3.9213899999999997
6121,Chicago,04/07/2025,5.3,Illinois,PERSHING SCHOOL,5.3,5.259189999999999,4.99684,4.07517
6122,Chicago,04/08/2025,4.7,Illinois,PERSHING SCHOOL,4.7,4.66381,4.43116,3.61383
6123,Chicago,04/09/2025,7.4,Illinois,PERSHING SCHOOL,7.4,7.34302,6.97672,5.68986
6124,Chicago,04/10/2025,18.5,Illinois,PERSHING SCHOOL,18.5,18.35755,17.4418,14.22465
6125,Chicago,04/11/2025,13.1,Illinois,PERSHING SCHOOL,13.1,12.99913,12.350679999999999,10.07259
6126,Chicago,04/12/2025,10.5,Illinois,PERSHING SCHOOL,10.5,10.41915,9.8994,8.073450000000001
6127,Chicago,04/13/2025,8.2,Illinois,PERSHING SCHOOL,8.2,8.136859999999999,7.730959999999999,6.30498
6128,Chicago,04/14/2025,6.3,Illinois,PERSHING SCHOOL,6.3,6.2514899999999995,5.93964,4.84407
6129,Chicago,04/15/2025,2.9,Illinois,PERSHING SCHOOL,2.9,2.8776699999999997,2.73412,2.22981
6130,Chicago,04/16/2025,6.0,Illinois,PERSHING SCHOOL,6.0,5.953799999999999,5.6568,4.6134
6131,Chicago,04/17/2025,7.6,Illinois,PERSHING SCHOOL,7.6,7.541479999999999,7.165279999999999,5.84364
6132,Chicago,04/18/2025,13.6,Illinois,PERSHING SCHOOL,13.6,13.49528,12.82208,10.45704
6133,Chicago,04/19/2025,9.1,Illinois,PERSHING SCHOOL,9.1,9.029929999999998,8.57948,6.99699
6134,Chicago,04/20/2025,8.2,Illinois,PERSHING SCHOOL,8.2,8.136859999999999,7.730959999999999,6.30498
6135,Chicago,04/21/2025,3.1,Illinois,PERSHING SCHOOL,3.1,3.07613,2.92268,2.3835900000000003
6136,Chicago,04/22/2025,5.7,Illinois,PERSHING SCHOOL,5.7,5.65611,5.37396,4.3827300000000005
6137,Chicago,04/23/2025,5.4,Illinois,PERSHING SCHOOL,5.4,5.35842,5.09112,4.1520600000000005
6138,Chicago,04/24/2025,7.9,Illinois,PERSHING SCHOOL,7.9,7.83917,7.44812,6.0743100000000005
6139,Chicago,04/25/2025,6.5,Illinois,PERSHING SCHOOL,6.5,6.449949999999999,6.1282,4.997850000000001
6140,Chicago,04/26/2025,3.7,Illinois,PERSHING SCHOOL,3.7,3.67151,3.48836,2.84493
6141,Chicago,04/27/2025,6.7,Illinois,PERSHING SCHOOL,6.7,6.64841,6.31676,5.15163
6142,Chicago,04/28/2025,8.6,Illinois,PERSHING SCHOOL,8.6,8.53378,8.10808,6.61254
6143,Chicago,04/29/2025,5.8,Illinois,PERSHING SCHOOL,5.8,5.7553399999999995,5.46824,4.45962
6144,Chicago,04/30/2025,4.9,Illinois,PERSHING SCHOOL,4.9,4.8622700000000005,4.61972,3.7676100000000003
6145,Chicago,05/01/2025,7.1,Illinois,PERSHING SCHOOL,7.1,7.045329999999999,6.693879999999999,5.4591899999999995
6146,Chicago,05/02/2025,9.3,Illinois,PERSHING SCHOOL,9.3,9.228390000000001,8.768040000000001,7.1507700000000005
6147,Chicago,05/03/2025,3.2,Illinois,PERSHING SCHOOL,3.2,3.17536,3.01696,2.4604800000000004
6148,Chicago,05/04/2025,3.0,Illinois,PERSHING SCHOOL,3.0,2.9768999999999997,2.8284,2.3067
6149,Chicago,05/05/2025,7.6,Illinois,PERSHING SCHOOL,7.6,7.541479999999999,7.165279999999999,5.84364
6150,Chicago,05/06/2025,8.5,Illinois,PERSHING SCHOOL,8.5,8.43455,8.0138,6.53565
6151,Chicago,05/07/2025,7.5,Illinois,PERSHING SCHOOL,7.5,7.44225,7.071,5.76675
6152,Chicago,05/08/2025,4.1,Illinois,PERSHING SCHOOL,4.1,4.068429999999999,3.8654799999999994,3.15249
6153,Chicago,05/09/2025,5.6,Illinois,PERSHING SCHOOL,5.6,5.55688,5.27968,4.30584
6154,Chicago,05/10/2025,6.8,Illinois,PERSHING SCHOOL,6.8,6.74764,6.41104,5.22852
6155,Chicago,05/11/2025,6.3,Illinois,PERSHING SCHOOL,6.3,6.2514899999999995,5.93964,4.84407
6156,Chicago,05/12/2025,8.5,Illinois,PERSHING SCHOOL,8.5,8.43455,8.0138,6.53565
6157,Chicago,05/13/2025,7.2,Illinois,PERSHING SCHOOL,7.2,7.14456,6.7881599999999995,5.53608
6158,Chicago,05/14/2025,10.0,Illinois,PERSHING SCHOOL,10.0,9.923,9.427999999999999,7.689
6159,Chicago,05/16/2025,9.9,Illinois,PERSHING SCHOOL,9.9,9.82377,9.33372,7.61211
6160,Chicago,05/17/2025,2.7,Illinois,PERSHING SCHOOL,2.7,2.67921,2.54556,2.0760300000000003
6161,Chicago,05/18/2025,4.1,Illinois,PERSHING SCHOOL,4.1,4.068429999999999,3.8654799999999994,3.15249
6162,Chicago,05/19/2025,4.0,Illinois,PERSHING SCHOOL,4.0,3.9692,3.7712,3.0756
6163,Chicago,05/20/2025,6.5,Illinois,PERSHING SCHOOL,6.5,6.449949999999999,6.1282,4.997850000000001
6164,Chicago,05/21/2025,5.5,Illinois,PERSHING SCHOOL,5.5,5.45765,5.1854,4.22895
6165,Chicago,05/22/2025,3.1,Illinois,PERSHING SCHOOL,3.1,3.07613,2.92268,2.3835900000000003
6166,Chicago,05/23/2025,4.4,Illinois,PERSHING SCHOOL,4.4,4.3661200000000004,4.14832,3.3831600000000006
6167,Chicago,05/24/2025,3.4,Illinois,PERSHING SCHOOL,3.4,3.37382,3.20552,2.61426
6168,Chicago,05/25/2025,4.5,Illinois,PERSHING SCHOOL,4.5,4.46535,4.2425999999999995,3.4600500000000003
6169,Chicago,05/26/2025,4.7,Illinois,PERSHING SCHOOL,4.7,4.66381,4.43116,3.61383
6170,Chicago,05/27/2025,6.3,Illinois,PERSHING SCHOOL,6.3,6.2514899999999995,5.93964,4.84407
6171,Chicago,05/28/2025,9.4,Illinois,PERSHING SCHOOL,9.4,9.32762,8.86232,7.22766
6172,Chicago,05/29/2025,13.6,Illinois,PERSHING SCHOOL,13.6,13.49528,12.82208,10.45704
6173,Chicago,05/30/2025,11.5,Illinois,PERSHING SCHOOL,11.5,11.41145,10.8422,8.84235
6174,Chicago,05/31/2025,10.9,Illinois,PERSHING SCHOOL,10.9,10.81607,10.27652,8.38101
6175,Chicago,06/01/2025,12.6,Illinois,PERSHING SCHOOL,12.6,12.502979999999999,11.87928,9.68814
6176,Chicago,06/02/2025,9.5,Illinois,PERSHING SCHOOL,9.5,9.42685,8.9566,7.30455
6177,Chicago,06/03/2025,15.1,Illinois,PERSHING SCHOOL,15.1,14.98373,14.236279999999999,11.61039
6178,Chicago,06/04/2025,14.3,Illinois,PERSHING SCHOOL,14.3,14.18989,13.48204,10.995270000000001
6179,Chicago,06/05/2025,48.6,Illinois,PERSHING SCHOOL,48.6,48.22578,45.82008,37.36854
6180,Chicago,06/06/2025,42.8,Illinois,PERSHING SCHOOL,42.8,42.470439999999996,40.351839999999996,32.90892
6181,Chicago,06/07/2025,32.8,Illinois,PERSHING SCHOOL,32.8,32.547439999999995,30.923839999999995,25.21992
6182,Chicago,06/08/2025,24.0,Illinois,PERSHING SCHOOL,24.0,23.815199999999997,22.6272,18.4536
6183,Chicago,06/09/2025,19.6,Illinois,PERSHING SCHOOL,19.6,19.449080000000002,18.47888,15.070440000000001
6184,Chicago,06/10/2025,18.4,Illinois,PERSHING SCHOOL,18.4,18.258319999999998,17.34752,14.14776
6185,Chicago,06/11/2025,24.1,Illinois,PERSHING SCHOOL,24.1,23.91443,22.72148,18.53049
6186,Chicago,06/12/2025,29.1,Illinois,PERSHING SCHOOL,29.1,28.87593,27.435480000000002,22.37499
6187,Chicago,06/13/2025,28.2,Illinois,PERSHING SCHOOL,28.2,27.98286,26.586959999999998,21.68298
6188,Chicago,06/14/2025,18.9,Illinois,PERSHING SCHOOL,18.9,18.754469999999998,17.81892,14.53221
6189,Chicago,06/15/2025,13.7,Illinois,PERSHING SCHOOL,13.7,13.594509999999998,12.91636,10.53393
6190,Chicago,06/16/2025,13.6,Illinois,PERSHING SCHOOL,13.6,13.49528,12.82208,10.45704
6191,Chicago,06/17/2025,8.1,Illinois,PERSHING SCHOOL,8.1,8.03763,7.636679999999999,6.22809
6192,Chicago,06/18/2025,5.1,Illinois,PERSHING SCHOOL,5.1,5.0607299999999995,4.80828,3.9213899999999997
6193,Chicago,06/19/2025,8.4,Illinois,PERSHING SCHOOL,8.4,8.33532,7.91952,6.458760000000001
6194,Chicago,06/20/2025,8.5,Illinois,PERSHING SCHOOL,8.5,8.43455,8.0138,6.53565
6195,Chicago,06/21/2025,11.5,Illinois,PERSHING SCHOOL,11.5,11.41145,10.8422,8.84235
6196,Chicago,06/22/2025,13.4,Illinois,PERSHING SCHOOL,13.4,13.29682,12.63352,10.30326
6197,Chicago,06/23/2025,19.9,Illinois,PERSHING SCHOOL,19.9,19.746769999999998,18.761719999999997,15.30111
6198,Chicago,06/24/2025,10.6,Illinois,PERSHING SCHOOL,10.6,10.518379999999999,9.99368,8.15034
6199,Chicago,06/25/2025,8.0,Illinois,PERSHING SCHOOL,8.0,7.9384,7.5424,6.1512
6200,Chicago,06/26/2025,12.6,Illinois,PERSHING SCHOOL,12.6,12.502979999999999,11.87928,9.68814
6201,Chicago,06/27/2025,8.5,Illinois,PERSHING SCHOOL,8.5,8.43455,8.0138,6.53565
6202,Chicago,06/28/2025,5.6,Illinois,PERSHING SCHOOL,5.6,5.55688,5.27968,4.30584
6203,Chicago,06/29/2025,8.4,Illinois,PERSHING SCHOOL,8.4,8.33532,7.91952,6.458760000000001
6204,Chicago,06/30/2025,5.4,Illinois,PERSHING SCHOOL,5.4,5.35842,5.09112,4.1520600000000005
6205,Chicago,07/01/2025,8.0,Illinois,PERSHING SCHOOL,8.0,7.9384,7.5424,6.1512
6206,Chicago,07/02/2025,13.0,Illinois,PERSHING SCHOOL,13.0,12.899899999999999,12.2564,9.995700000000001
6207,Chicago,07/03/2025,12.2,Illinois,PERSHING SCHOOL,12.2,12.10606,11.502159999999998,9.38058
6208,Chicago,07/04/2025,14.9,Illinois,PERSHING SCHOOL,14.9,14.78527,14.04772,11.456610000000001
6209,Chicago,07/05/2025,16.5,Illinois,PERSHING SCHOOL,16.5,16.37295,15.556199999999999,12.68685
6210,Chicago,07/06/2025,8.3,Illinois,PERSHING SCHOOL,8.3,8.23609,7.825240000000001,6.381870000000001
6211,Chicago,07/07/2025,22.2,Illinois,PERSHING SCHOOL,22.2,22.029059999999998,20.930159999999997,17.06958
6212,Chicago,07/08/2025,20.3,Illinois,PERSHING SCHOOL,20.3,20.14369,19.138840000000002,15.608670000000002
6213,Chicago,07/09/2025,10.1,Illinois,PERSHING SCHOOL,10.1,10.022229999999999,9.522279999999999,7.76589
6214,Chicago,07/10/2025,10.3,Illinois,PERSHING SCHOOL,10.3,10.220690000000001,9.710840000000001,7.919670000000001
6215,Chicago,07/11/2025,7.1,Illinois,PERSHING SCHOOL,7.1,7.045329999999999,6.693879999999999,5.4591899999999995
6216,Chicago,07/12/2025,5.8,Illinois,PERSHING SCHOOL,5.8,5.7553399999999995,5.46824,4.45962
6217,Chicago,07/13/2025,25.5,Illinois,PERSHING SCHOOL,25.5,25.303649999999998,24.0414,19.60695
6218,Chicago,07/14/2025,34.4,Illinois,PERSHING SCHOOL,34.4,34.13512,32.43232,26.45016
6219,Chicago,07/15/2025,18.7,Illinois,PERSHING SCHOOL,18.7,18.556009999999997,17.63036,14.37843
6220,Chicago,07/16/2025,7.3,Illinois,PERSHING SCHOOL,7.3,7.24379,6.88244,5.61297
6221,Chicago,07/17/2025,4.2,Illinois,PERSHING SCHOOL,4.2,4.16766,3.95976,3.2293800000000004
6222,Chicago,07/18/2025,4.9,Illinois,PERSHING SCHOOL,4.9,4.8622700000000005,4.61972,3.7676100000000003
6223,Chicago,07/19/2025,5.1,Illinois,PERSHING SCHOOL,5.1,5.0607299999999995,4.80828,3.9213899999999997
6224,Chicago,07/20/2025,5.7,Illinois,PERSHING SCHOOL,5.7,5.65611,5.37396,4.3827300000000005
6225,Chicago,07/21/2025,21.3,Illinois,PERSHING SCHOOL,21.3,21.13599,20.08164,16.377570000000002
6226,Chicago,07/22/2025,26.9,Illinois,PERSHING SCHOOL,26.9,26.69287,25.36132,20.68341
6227,Chicago,07/23/2025,17.0,Illinois,PERSHING SCHOOL,17.0,16.8691,16.0276,13.0713
6228,Chicago,07/24/2025,9.2,Illinois,PERSHING SCHOOL,9.2,9.129159999999999,8.67376,7.07388
6229,Chicago,07/25/2025,4.9,Illinois,PERSHING SCHOOL,4.9,4.8622700000000005,4.61972,3.7676100000000003
6230,Chicago,07/26/2025,4.6,Illinois,PERSHING SCHOOL,4.6,4.564579999999999,4.33688,3.53694
6231,Chicago,07/27/2025,7.0,Illinois,PERSHING SCHOOL,7.0,6.9460999999999995,6.5996,5.3823
6232,Chicago,07/28/2025,6.4,Illinois,PERSHING SCHOOL,6.4,6.35072,6.03392,4.920960000000001
6233,Chicago,07/29/2025,9.0,Illinois,PERSHING SCHOOL,9.0,8.9307,8.485199999999999,6.920100000000001
6234,Chicago,07/30/2025,11.2,Illinois,PERSHING SCHOOL,11.2,11.11376,10.55936,8.61168
6235,Chicago,07/31/2025,62.5,Illinois,PERSHING SCHOOL,62.5,62.01875,58.925,48.05625
6236,Chicago,08/01/2025,50.2,Illinois,PERSHING SCHOOL,50.2,49.81346,47.32856,38.598780000000005
6237,Chicago,08/02/2025,24.4,Illinois,PERSHING SCHOOL,24.4,24.21212,23.004319999999996,18.76116
6238,Chicago,08/03/2025,26.8,Illinois,PERSHING SCHOOL,26.8,26.59364,25.26704,20.60652
6239,Chicago,08/04/2025,16.4,Illinois,PERSHING SCHOOL,16.4,16.273719999999997,15.461919999999997,12.60996
6240,Chicago,08/05/2025,26.4,Illinois,PERSHING SCHOOL,26.4,26.19672,24.889919999999996,20.29896
6241,Chicago,08/06/2025,23.3,Illinois,PERSHING SCHOOL,23.3,23.12059,21.96724,17.915370000000003
6242,Chicago,08/07/2025,12.2,Illinois,PERSHING SCHOOL,12.2,12.10606,11.502159999999998,9.38058
6243,Chicago,08/08/2025,13.4,Illinois,PERSHING SCHOOL,13.4,13.29682,12.63352,10.30326
6244,Chicago,08/09/2025,11.4,Illinois,PERSHING SCHOOL,11.4,11.31222,10.74792,8.765460000000001
6245,Chicago,08/10/2025,9.1,Illinois,PERSHING SCHOOL,9.1,9.029929999999998,8.57948,6.99699
6246,Chicago,08/11/2025,9.1,Illinois,PERSHING SCHOOL,9.1,9.029929999999998,8.57948,6.99699
6247,Chicago,08/12/2025,7.4,Illinois,PERSHING SCHOOL,7.4,7.34302,6.97672,5.68986
6248,Chicago,08/13/2025,12.3,Illinois,PERSHING SCHOOL,12.3,12.20529,11.596440000000001,9.45747
6249,Chicago,08/14/2025,17.3,Illinois,PERSHING SCHOOL,17.3,17.16679,16.31044,13.30197
6250,Chicago,08/15/2025,21.0,Illinois,PERSHING SCHOOL,21.0,20.8383,19.7988,16.146900000000002
6251,Chicago,08/16/2025,9.9,Illinois,PERSHING SCHOOL,9.9,9.82377,9.33372,7.61211
6252,Chicago,08/17/2025,5.4,Illinois,PERSHING SCHOOL,5.4,5.35842,5.09112,4.1520600000000005
6253,Chicago,08/18/2025,7.4,Illinois,PERSHING SCHOOL,7.4,7.34302,6.97672,5.68986
6254,Chicago,08/19/2025,4.4,Illinois,PERSHING SCHOOL,4.4,4.3661200000000004,4.14832,3.3831600000000006
6255,Chicago,08/20/2025,3.0,Illinois,PERSHING SCHOOL,3.0,2.9768999999999997,2.8284,2.3067
6256,Chicago,08/21/2025,3.4,Illinois,PERSHING SCHOOL,3.4,3.37382,3.20552,2.61426
6257,Chicago,08/22/2025,5.8,Illinois,PERSHING SCHOOL,5.8,5.7553399999999995,5.46824,4.45962
6258,Chicago,08/23/2025,5.0,Illinois,PERSHING SCHOOL,5.0,4.9615,4.7139999999999995,3.8445
6259,Chicago,08/24/2025,3.4,Illinois,PERSHING SCHOOL,3.4,3.37382,3.20552,2.61426
6260,Chicago,08/25/2025,3.2,Illinois,PERSHING SCHOOL,3.2,3.17536,3.01696,2.4604800000000004
6261,Chicago,08/26/2025,4.9,Illinois,PERSHING SCHOOL,4.9,4.8622700000000005,4.61972,3.7676100000000003
6262,Chicago,08/27/2025,6.2,Illinois,PERSHING SCHOOL,6.2,6.15226,5.84536,4.767180000000001
6263,Chicago,08/28/2025,5.7,Illinois,PERSHING SCHOOL,5.7,5.65611,5.37396,4.3827300000000005
6264,Chicago,08/29/2025,4.1,Illinois,PERSHING SCHOOL,4.1,4.068429999999999,3.8654799999999994,3.15249
6265,Chicago,08/30/2025,5.3,Illinois,PERSHING SCHOOL,5.3,5.259189999999999,4.99684,4.07517
6266,Chicago,08/31/2025,7.3,Illinois,PERSHING SCHOOL,7.3,7.24379,6.88244,5.61297
6267,Chicago,09/01/2025,6.5,Illinois,PERSHING SCHOOL,6.5,6.449949999999999,6.1282,4.997850000000001
6268,Chicago,09/02/2025,7.2,Illinois,PERSHING SCHOOL,7.2,7.14456,6.7881599999999995,5.53608
6269,Chicago,09/03/2025,9.8,Illinois,PERSHING SCHOOL,9.8,9.724540000000001,9.23944,7.535220000000001
6270,Chicago,09/04/2025,11.7,Illinois,PERSHING SCHOOL,11.7,11.60991,11.030759999999999,8.996129999999999
6271,Chicago,09/05/2025,7.4,Illinois,PERSHING SCHOOL,7.4,7.34302,6.97672,5.68986
6272,Chicago,09/06/2025,3.9,Illinois,PERSHING SCHOOL,3.9,3.86997,3.67692,2.99871
6273,Chicago,09/07/2025,5.4,Illinois,PERSHING SCHOOL,5.4,5.35842,5.09112,4.1520600000000005
6274,Chicago,09/08/2025,4.7,Illinois,PERSHING SCHOOL,4.7,4.66381,4.43116,3.61383
6275,Chicago,09/09/2025,5.5,Illinois,PERSHING SCHOOL,5.5,5.45765,5.1854,4.22895
6276,Chicago,09/10/2025,8.4,Illinois,PERSHING SCHOOL,8.4,8.33532,7.91952,6.458760000000001
6277,Chicago,09/11/2025,8.7,Illinois,PERSHING SCHOOL,8.7,8.633009999999999,8.202359999999999,6.68943
6278,Chicago,09/12/2025,9.5,Illinois,PERSHING SCHOOL,9.5,9.42685,8.9566,7.30455
6279,Chicago,09/13/2025,11.3,Illinois,PERSHING SCHOOL,11.3,11.21299,10.653640000000001,8.68857
6280,Chicago,09/14/2025,13.6,Illinois,PERSHING SCHOOL,13.6,13.49528,12.82208,10.45704
6281,Chicago,09/15/2025,10.4,Illinois,PERSHING SCHOOL,10.4,10.31992,9.80512,7.996560000000001
6282,Chicago,09/16/2025,10.0,Illinois,PERSHING SCHOOL,10.0,9.923,9.427999999999999,7.689
6283,Chicago,09/17/2025,12.0,Illinois,PERSHING SCHOOL,12.0,11.907599999999999,11.3136,9.2268
6284,Chicago,09/18/2025,12.5,Illinois,PERSHING SCHOOL,12.5,12.403749999999999,11.785,9.61125
6285,Chicago,09/19/2025,12.6,Illinois,PERSHING SCHOOL,12.6,12.502979999999999,11.87928,9.68814
6286,Chicago,09/20/2025,9.0,Illinois,PERSHING SCHOOL,9.0,8.9307,8.485199999999999,6.920100000000001
6287,Chicago,09/21/2025,7.6,Illinois,PERSHING SCHOOL,7.6,7.541479999999999,7.165279999999999,5.84364
6288,Chicago,09/22/2025,7.1,Illinois,PERSHING SCHOOL,7.1,7.045329999999999,6.693879999999999,5.4591899999999995
6289,Chicago,09/23/2025,7.2,Illinois,PERSHING SCHOOL,7.2,7.14456,6.7881599999999995,5.53608
6290,Chicago,09/24/2025,3.5,Illinois,PERSHING SCHOOL,3.5,3.4730499999999997,3.2998,2.69115
6291,Chicago,09/25/2025,5.7,Illinois,PERSHING SCHOOL,5.7,5.65611,5.37396,4.3827300000000005
6292,Chicago,09/26/2025,8.1,Illinois,PERSHING SCHOOL,8.1,8.03763,7.636679999999999,6.22809
6293,Chicago,09/27/2025,10.3,Illinois,PERSHING SCHOOL,10.3,10.220690000000001,9.710840000000001,7.919670000000001
6294,Chicago,09/28/2025,10.7,Illinois,PERSHING SCHOOL,10.7,10.617609999999999,10.087959999999999,8.22723
6295,Chicago,09/29/2025,11.6,Illinois,PERSHING SCHOOL,11.6,11.510679999999999,10.93648,8.91924
6296,Chicago,09/30/2025,13.2,Illinois,PERSHING SCHOOL,13.2,13.09836,12.444959999999998,10.14948
6297,Chicago,10/01/2025,7.1,Illinois,PERSHING SCHOOL,7.1,7.045329999999999,6.693879999999999,5.4591899999999995
6298,Chicago,10/02/2025,7.4,Illinois,PERSHING SCHOOL,7.4,7.34302,6.97672,5.68986
6299,Chicago,10/03/2025,12.7,Illinois,PERSHING SCHOOL,12.7,12.60221,11.973559999999999,9.76503
6300,Chicago,10/04/2025,11.9,Illinois,PERSHING SCHOOL,11.9,11.80837,11.21932,9.14991
6301,Chicago,10/05/2025,7.0,Illinois,PERSHING SCHOOL,7.0,6.9460999999999995,6.5996,5.3823
6302,Chicago,10/06/2025,7.0,Illinois,PERSHING SCHOOL,7.0,6.9460999999999995,6.5996,5.3823
6303,Chicago,10/07/2025,5.7,Illinois,PERSHING SCHOOL,5.7,5.65611,5.37396,4.3827300000000005
6304,Chicago,10/08/2025,4.1,Illinois,PERSHING SCHOOL,4.1,4.068429999999999,3.8654799999999994,3.15249
6305,Chicago,10/09/2025,3.6,Illinois,PERSHING SCHOOL,3.6,3.57228,3.3940799999999998,2.76804
6306,Chicago,10/10/2025,6.2,Illinois,PERSHING SCHOOL,6.2,6.15226,5.84536,4.767180000000001
6307,Chicago,10/11/2025,4.0,Illinois,PERSHING SCHOOL,4.0,3.9692,3.7712,3.0756
6308,Chicago,10/12/2025,4.6,Illinois,PERSHING SCHOOL,4.6,4.564579999999999,4.33688,3.53694
6309,Chicago,10/13/2025,8.5,Illinois,PERSHING SCHOOL,8.5,8.43455,8.0138,6.53565
6310,Chicago,10/14/2025,9.6,Illinois,PERSHING SCHOOL,9.6,9.526079999999999,9.05088,7.38144
6311,Chicago,10/15/2025,6.2,Illinois,PERSHING SCHOOL,6.2,6.15226,5.84536,4.767180000000001
6312,Chicago,10/16/2025,4.2,Illinois,PERSHING SCHOOL,4.2,4.16766,3.95976,3.2293800000000004
6313,Chicago,10/17/2025,5.0,Illinois,PERSHING SCHOOL,5.0,4.9615,4.7139999999999995,3.8445
6314,Chicago,10/18/2025,10.5,Illinois,PERSHING SCHOOL,10.5,10.41915,9.8994,8.073450000000001
6315,Chicago,10/19/2025,2.9,Illinois,PERSHING SCHOOL,2.9,2.8776699999999997,2.73412,2.22981
6316,Chicago,10/20/2025,4.1,Illinois,PERSHING SCHOOL,4.1,4.068429999999999,3.8654799999999994,3.15249
6317,Chicago,10/21/2025,2.9,Illinois,PERSHING SCHOOL,2.9,2.8776699999999997,2.73412,2.22981
6318,Chicago,10/22/2025,1.4,Illinois,PERSHING SCHOOL,1.4,1.38922,1.31992,1.07646
6319,Chicago,10/23/2025,2.7,Illinois,PERSHING SCHOOL,2.7,2.67921,2.54556,2.0760300000000003
6320,Chicago,10/24/2025,5.5,Illinois,PERSHING SCHOOL,5.5,5.45765,5.1854,4.22895
6321,Chicago,10/25/2025,8.3,Illinois,PERSHING SCHOOL,8.3,8.23609,7.825240000000001,6.381870000000001
6322,Chicago,10/26/2025,7.6,Illinois,PERSHING SCHOOL,7.6,7.541479999999999,7.165279999999999,5.84364
6323,Chicago,10/27/2025,4.8,Illinois,PERSHING SCHOOL,4.8,4.763039999999999,4.52544,3.69072
6324,Chicago,10/28/2025,5.0,Illinois,PERSHING SCHOOL,5.0,4.9615,4.7139999999999995,3.8445
6325,Chicago,10/29/2025,4.2,Illinois,PERSHING SCHOOL,4.2,4.16766,3.95976,3.2293800000000004
6326,Chicago,10/30/2025,4.6,Illinois,PERSHING SCHOOL,4.6,4.564579999999999,4.33688,3.53694
6327,Chicago,10/31/2025,7.7,Illinois,PERSHING SCHOOL,7.7,7.6407099999999994,7.25956,5.92053
6328,Chicago,11/01/2025,6.6,Illinois,PERSHING SCHOOL,6.6,6.54918,6.222479999999999,5.07474
6329,Chicago,11/02/2025,6.9,Illinois,PERSHING SCHOOL,6.9,6.84687,6.50532,5.30541
6330,Chicago,11/03/2025,4.2,Illinois,PERSHING SCHOOL,4.2,4.16766,3.95976,3.2293800000000004
6331,Chicago,11/04/2025,6.8,Illinois,PERSHING SCHOOL,6.8,6.74764,6.41104,5.22852
6332,Chicago,11/05/2025,6.6,Illinois,PERSHING SCHOOL,6.6,6.54918,6.222479999999999,5.07474
6333,Chicago,11/06/2025,6.4,Illinois,PERSHING SCHOOL,6.4,6.35072,6.03392,4.920960000000001
6334,Chicago,11/07/2025,5.2,Illinois,PERSHING SCHOOL,5.2,5.15996,4.90256,3.9982800000000003
6335,Chicago,11/08/2025,4.1,Illinois,PERSHING SCHOOL,4.1,4.068429999999999,3.8654799999999994,3.15249
6336,Chicago,11/09/2025,2.4,Illinois,PERSHING SCHOOL,2.4,2.3815199999999996,2.26272,1.84536
6337,Chicago,11/10/2025,1.8,Illinois,PERSHING SCHOOL,1.8,1.78614,1.6970399999999999,1.38402
6338,Chicago,11/11/2025,5.1,Illinois,PERSHING SCHOOL,5.1,5.0607299999999995,4.80828,3.9213899999999997
6339,Chicago,11/12/2025,3.7,Illinois,PERSHING SCHOOL,3.7,3.67151,3.48836,2.84493
6340,Chicago,11/13/2025,6.0,Illinois,PERSHING SCHOOL,6.0,5.953799999999999,5.6568,4.6134
6341,Chicago,11/14/2025,10.6,Illinois,PERSHING SCHOOL,10.6,10.518379999999999,9.99368,8.15034
6342,Chicago,11/15/2025,6.4,Illinois,PERSHING SCHOOL,6.4,6.35072,6.03392,4.920960000000001
6343,Chicago,11/16/2025,3.1,Illinois,PERSHING SCHOOL,3.1,3.07613,2.92268,2.3835900000000003
6344,Chicago,11/17/2025,10.0,Illinois,PERSHING SCHOOL,10.0,9.923,9.427999999999999,7.689
6345,Chicago,11/18/2025,11.1,Illinois,PERSHING SCHOOL,11.1,11.014529999999999,10.465079999999999,8.53479
6346,Chicago,11/19/2025,17.6,Illinois,PERSHING SCHOOL,17.6,17.464480000000002,16.59328,13.532640000000002
6347,Chicago,11/20/2025,17.9,Illinois,PERSHING SCHOOL,17.9,17.762169999999998,16.876119999999997,13.763309999999999
6348,Chicago,11/21/2025,14.7,Illinois,PERSHING SCHOOL,14.7,14.586809999999998,13.85916,11.30283
6349,Chicago,11/22/2025,9.4,Illinois,PERSHING SCHOOL,9.4,9.32762,8.86232,7.22766
6350,Chicago,11/23/2025,12.4,Illinois,PERSHING SCHOOL,12.4,12.30452,11.69072,9.534360000000001
6351,Chicago,11/24/2025,13.1,Illinois,PERSHING SCHOOL,13.1,12.99913,12.350679999999999,10.07259
6352,Chicago,11/25/2025,8.9,Illinois,PERSHING SCHOOL,8.9,8.83147,8.39092,6.843210000000001
6353,Chicago,11/26/2025,2.2,Illinois,PERSHING SCHOOL,2.2,2.1830600000000002,2.07416,1.6915800000000003
6354,Chicago,11/27/2025,3.1,Illinois,PERSHING SCHOOL,3.1,3.07613,2.92268,2.3835900000000003
6355,Chicago,11/28/2025,5.4,Illinois,PERSHING SCHOOL,5.4,5.35842,5.09112,4.1520600000000005
6356,Chicago,11/29/2025,5.3,Illinois,PERSHING SCHOOL,5.3,5.259189999999999,4.99684,4.07517
6357,Chicago,11/30/2025,5.1,Illinois,PERSHING SCHOOL,5.1,5.0607299999999995,4.80828,3.9213899999999997
6358,Chicago,12/01/2025,14.7,Illinois,PERSHING SCHOOL,14.7,14.586809999999998,13.85916,11.30283
6359,Chicago,12/02/2025,15.4,Illinois,PERSHING SCHOOL,15.4,15.281419999999999,14.51912,11.84106
6360,Chicago,12/03/2025,12.7,Illinois,PERSHING SCHOOL,12.7,12.60221,11.973559999999999,9.76503
6361,Chicago,12/04/2025,7.5,Illinois,PERSHING SCHOOL,7.5,7.44225,7.071,5.76675
6362,Chicago,12/05/2025,12.1,Illinois,PERSHING SCHOOL,12.1,12.006829999999999,11.407879999999999,9.30369
6363,Chicago,12/06/2025,13.7,Illinois,PERSHING SCHOOL,13.7,13.594509999999998,12.91636,10.53393
6364,Chicago,12/07/2025,9.8,Illinois,PERSHING SCHOOL,9.8,9.724540000000001,9.23944,7.535220000000001
6365,Chicago,12/08/2025,5.2,Illinois,PERSHING SCHOOL,5.2,5.15996,4.90256,3.9982800000000003
6366,Chicago,12/09/2025,11.5,Illinois,PERSHING SCHOOL,11.5,11.41145,10.8422,8.84235
6367,Chicago,12/10/2025,4.7,Illinois,PERSHING SCHOOL,4.7,4.66381,4.43116,3.61383
6368,Chicago,12/11/2025,6.9,Illinois,PERSHING SCHOOL,6.9,6.84687,6.50532,5.30541
6369,Chicago,12/12/2025,15.5,Illinois,PERSHING SCHOOL,15.5,15.38065,14.6134,11.917950000000001
6370,Chicago,12/13/2025,4.0,Illinois,PERSHING SCHOOL,4.0,3.9692,3.7712,3.0756
6371,Chicago,12/14/2025,4.2,Illinois,PERSHING SCHOOL,4.2,4.16766,3.95976,3.2293800000000004
6372,Chicago,12/15/2025,7.2,Illinois,PERSHING SCHOOL,7.2,7.14456,6.7881599999999995,5.53608
6373,Chicago,12/16/2025,11.3,Illinois,PERSHING SCHOOL,11.3,11.21299,10.653640000000001,8.68857
6374,Chicago,12/17/2025,12.1,Illinois,PERSHING SCHOOL,12.1,12.006829999999999,11.407879999999999,9.30369
6375,Chicago,12/18/2025,7.6,Illinois,PERSHING SCHOOL,7.6,7.541479999999999,7.165279999999999,5.84364
6376,Chicago,12/19/2025,4.0,Illinois,PERSHING SCHOOL,4.0,3.9692,3.7712,3.0756
6377,Chicago,12/20/2025,3.8,Illinois,PERSHING SCHOOL,3.8,3.7707399999999995,3.5826399999999996,2.92182
6378,Chicago,12/21/2025,3.9,Illinois,PERSHING SCHOOL,3.9,3.86997,3.67692,2.99871
6379,Chicago,12/22/2025,4.3,Illinois,PERSHING SCHOOL,4.3,4.26689,4.05404,3.30627
6380,Chicago,12/23/2025,12.1,Illinois,PERSHING SCHOOL,12.1,12.006829999999999,11.407879999999999,9.30369
6381,Chicago,12/24/2025,16.8,Illinois,PERSHING SCHOOL,16.8,16.67064,15.83904,12.917520000000001
6382,Chicago,12/25/2025,21.5,Illinois,PERSHING SCHOOL,21.5,21.33445,20.2702,16.53135
6383,Chicago,12/26/2025,11.3,Illinois,PERSHING SCHOOL,11.3,11.21299,10.653640000000001,8.68857
6384,Chicago,12/27/2025,12.3,Illinois,PERSHING SCHOOL,12.3,12.20529,11.596440000000001,9.45747
6385,Chicago,12/28/2025,4.9,Illinois,PERSHING SCHOOL,4.9,4.8622700000000005,4.61972,3.7676100000000003
6386,Chicago,12/29/2025,3.1,Illinois,PERSHING SCHOOL,3.1,3.07613,2.92268,2.3835900000000003
6387,Chicago,12/30/2025,3.0,Illinois,PERSHING SCHOOL,3.0,2.9768999999999997,2.8284,2.3067
6388,Chicago,12/31/2025,5.4,Illinois,PERSHING SCHOOL,5.4,5.35842,5.09112,4.1520600000000005
6389,Chicago,01/01/2025,5.2,Illinois,COM ED TRAINING CENTER,5.2,5.15996,4.90256,3.9982800000000003
6390,Chicago,01/02/2025,5.8,Illinois,COM ED TRAINING CENTER,5.8,5.7553399999999995,5.46824,4.45962
6391,Chicago,01/03/2025,5.7,Illinois,COM ED TRAINING CENTER,5.7,5.65611,5.37396,4.3827300000000005
6392,Chicago,01/04/2025,4.7,Illinois,COM ED TRAINING CENTER,4.7,4.66381,4.43116,3.61383
6393,Chicago,01/05/2025,5.0,Illinois,COM ED TRAINING CENTER,5.0,4.9615,4.7139999999999995,3.8445
6394,Chicago,01/06/2025,3.7,Illinois,COM ED TRAINING CENTER,3.7,3.67151,3.48836,2.84493
6395,Chicago,01/07/2025,4.7,Illinois,COM ED TRAINING CENTER,4.7,4.66381,4.43116,3.61383
6396,Chicago,01/08/2025,5.0,Illinois,COM ED TRAINING CENTER,5.0,4.9615,4.7139999999999995,3.8445
6397,Chicago,01/09/2025,12.7,Illinois,COM ED TRAINING CENTER,12.7,12.60221,11.973559999999999,9.76503
6398,Chicago,01/10/2025,19.9,Illinois,COM ED TRAINING CENTER,19.9,19.746769999999998,18.761719999999997,15.30111
6399,Chicago,01/11/2025,11.1,Illinois,COM ED TRAINING CENTER,11.1,11.014529999999999,10.465079999999999,8.53479
6400,Chicago,01/12/2025,9.1,Illinois,COM ED TRAINING CENTER,9.1,9.029929999999998,8.57948,6.99699
6401,Chicago,01/13/2025,3.2,Illinois,COM ED TRAINING CENTER,3.2,3.17536,3.01696,2.4604800000000004
6402,Chicago,01/14/2025,6.6,Illinois,COM ED TRAINING CENTER,6.6,6.54918,6.222479999999999,5.07474
6403,Chicago,01/15/2025,10.5,Illinois,COM ED TRAINING CENTER,10.5,10.41915,9.8994,8.073450000000001
6404,Chicago,01/16/2025,8.4,Illinois,COM ED TRAINING CENTER,8.4,8.33532,7.91952,6.458760000000001
6405,Chicago,01/17/2025,7.6,Illinois,COM ED TRAINING CENTER,7.6,7.541479999999999,7.165279999999999,5.84364
6406,Chicago,01/18/2025,3.2,Illinois,COM ED TRAINING CENTER,3.2,3.17536,3.01696,2.4604800000000004
6407,Chicago,01/19/2025,3.4,Illinois,COM ED TRAINING CENTER,3.4,3.37382,3.20552,2.61426
6408,Chicago,01/20/2025,3.3,Illinois,COM ED TRAINING CENTER,3.3,3.27459,3.1112399999999996,2.53737
6409,Chicago,01/21/2025,3.5,Illinois,COM ED TRAINING CENTER,3.5,3.4730499999999997,3.2998,2.69115
6410,Chicago,01/22/2025,5.2,Illinois,COM ED TRAINING CENTER,5.2,5.15996,4.90256,3.9982800000000003
6411,Chicago,01/23/2025,7.2,Illinois,COM ED TRAINING CENTER,7.2,7.14456,6.7881599999999995,5.53608
6412,Chicago,01/24/2025,7.6,Illinois,COM ED TRAINING CENTER,7.6,7.541479999999999,7.165279999999999,5.84364
6413,Chicago,01/25/2025,5.5,Illinois,COM ED TRAINING CENTER,5.5,5.45765,5.1854,4.22895
6414,Chicago,01/26/2025,3.3,Illinois,COM ED TRAINING CENTER,3.3,3.27459,3.1112399999999996,2.53737
6415,Chicago,01/27/2025,4.6,Illinois,COM ED TRAINING CENTER,4.6,4.564579999999999,4.33688,3.53694
6416,Chicago,01/28/2025,4.3,Illinois,COM ED TRAINING CENTER,4.3,4.26689,4.05404,3.30627
6417,Chicago,01/29/2025,2.8,Illinois,COM ED TRAINING CENTER,2.8,2.77844,2.63984,2.15292
6418,Chicago,01/30/2025,7.8,Illinois,COM ED TRAINING CENTER,7.8,7.73994,7.35384,5.99742
6419,Chicago,01/31/2025,7.5,Illinois,COM ED TRAINING CENTER,7.5,7.44225,7.071,5.76675
6420,Chicago,02/01/2025,3.4,Illinois,COM ED TRAINING CENTER,3.4,3.37382,3.20552,2.61426
6421,Chicago,02/02/2025,10.3,Illinois,COM ED TRAINING CENTER,10.3,10.220690000000001,9.710840000000001,7.919670000000001
6422,Chicago,02/03/2025,9.3,Illinois,COM ED TRAINING CENTER,9.3,9.228390000000001,8.768040000000001,7.1507700000000005
6423,Chicago,02/04/2025,4.1,Illinois,COM ED TRAINING CENTER,4.1,4.068429999999999,3.8654799999999994,3.15249
6424,Chicago,02/05/2025,6.8,Illinois,COM ED TRAINING CENTER,6.8,6.74764,6.41104,5.22852
6425,Chicago,02/06/2025,6.4,Illinois,COM ED TRAINING CENTER,6.4,6.35072,6.03392,4.920960000000001
6426,Chicago,02/07/2025,3.6,Illinois,COM ED TRAINING CENTER,3.6,3.57228,3.3940799999999998,2.76804
6427,Chicago,02/08/2025,8.1,Illinois,COM ED TRAINING CENTER,8.1,8.03763,7.636679999999999,6.22809
6428,Chicago,02/09/2025,7.6,Illinois,COM ED TRAINING CENTER,7.6,7.541479999999999,7.165279999999999,5.84364
6429,Chicago,02/10/2025,5.1,Illinois,COM ED TRAINING CENTER,5.1,5.0607299999999995,4.80828,3.9213899999999997
6430,Chicago,02/11/2025,8.7,Illinois,COM ED TRAINING CENTER,8.7,8.633009999999999,8.202359999999999,6.68943
6431,Chicago,02/12/2025,13.9,Illinois,COM ED TRAINING CENTER,13.9,13.79297,13.10492,10.687710000000001
6432,Chicago,02/13/2025,7.3,Illinois,COM ED TRAINING CENTER,7.3,7.24379,6.88244,5.61297
6433,Chicago,02/14/2025,8.1,Illinois,COM ED TRAINING CENTER,8.1,8.03763,7.636679999999999,6.22809
6434,Chicago,02/15/2025,13.9,Illinois,COM ED TRAINING CENTER,13.9,13.79297,13.10492,10.687710000000001
6435,Chicago,02/16/2025,5.9,Illinois,COM ED TRAINING CENTER,5.9,5.85457,5.56252,4.536510000000001
6436,Chicago,02/17/2025,4.3,Illinois,COM ED TRAINING CENTER,4.3,4.26689,4.05404,3.30627
6437,Chicago,02/18/2025,4.5,Illinois,COM ED TRAINING CENTER,4.5,4.46535,4.2425999999999995,3.4600500000000003
6438,Chicago,02/19/2025,4.4,Illinois,COM ED TRAINING CENTER,4.4,4.3661200000000004,4.14832,3.3831600000000006
6439,Chicago,02/20/2025,5.6,Illinois,COM ED TRAINING CENTER,5.6,5.55688,5.27968,4.30584
6440,Chicago,02/21/2025,7.4,Illinois,COM ED TRAINING CENTER,7.4,7.34302,6.97672,5.68986
6441,Chicago,02/22/2025,9.3,Illinois,COM ED TRAINING CENTER,9.3,9.228390000000001,8.768040000000001,7.1507700000000005
6442,Chicago,02/23/2025,11.6,Illinois,COM ED TRAINING CENTER,11.6,11.510679999999999,10.93648,8.91924
6443,Chicago,02/24/2025,9.5,Illinois,COM ED TRAINING CENTER,9.5,9.42685,8.9566,7.30455
6444,Chicago,02/25/2025,6.6,Illinois,COM ED TRAINING CENTER,6.6,6.54918,6.222479999999999,5.07474
6445,Chicago,02/26/2025,8.9,Illinois,COM ED TRAINING CENTER,8.9,8.83147,8.39092,6.843210000000001
6446,Chicago,02/27/2025,8.2,Illinois,COM ED TRAINING CENTER,8.2,8.136859999999999,7.730959999999999,6.30498
6447,Chicago,02/28/2025,3.3,Illinois,COM ED TRAINING CENTER,3.3,3.27459,3.1112399999999996,2.53737
6448,Chicago,03/01/2025,4.2,Illinois,COM ED TRAINING CENTER,4.2,4.16766,3.95976,3.2293800000000004
6449,Chicago,03/02/2025,4.5,Illinois,COM ED TRAINING CENTER,4.5,4.46535,4.2425999999999995,3.4600500000000003
6450,Chicago,03/03/2025,7.2,Illinois,COM ED TRAINING CENTER,7.2,7.14456,6.7881599999999995,5.53608
6451,Chicago,03/04/2025,7.0,Illinois,COM ED TRAINING CENTER,7.0,6.9460999999999995,6.5996,5.3823
6452,Chicago,03/05/2025,3.6,Illinois,COM ED TRAINING CENTER,3.6,3.57228,3.3940799999999998,2.76804
6453,Chicago,03/06/2025,2.7,Illinois,COM ED TRAINING CENTER,2.7,2.67921,2.54556,2.0760300000000003
6454,Chicago,03/07/2025,6.9,Illinois,COM ED TRAINING CENTER,6.9,6.84687,6.50532,5.30541
6455,Chicago,03/08/2025,6.6,Illinois,COM ED TRAINING CENTER,6.6,6.54918,6.222479999999999,5.07474
6456,Chicago,03/09/2025,4.6,Illinois,COM ED TRAINING CENTER,4.6,4.564579999999999,4.33688,3.53694
6457,Chicago,03/10/2025,4.9,Illinois,COM ED TRAINING CENTER,4.9,4.8622700000000005,4.61972,3.7676100000000003
6458,Chicago,03/11/2025,4.3,Illinois,COM ED TRAINING CENTER,4.3,4.26689,4.05404,3.30627
6459,Chicago,03/12/2025,9.9,Illinois,COM ED TRAINING CENTER,9.9,9.82377,9.33372,7.61211
6460,Chicago,03/13/2025,18.5,Illinois,COM ED TRAINING CENTER,18.5,18.35755,17.4418,14.22465
6461,Chicago,03/14/2025,12.9,Illinois,COM ED TRAINING CENTER,12.9,12.80067,12.16212,9.91881
6462,Chicago,03/15/2025,25.0,Illinois,COM ED TRAINING CENTER,25.0,24.807499999999997,23.57,19.2225
6463,Chicago,03/16/2025,3.9,Illinois,COM ED TRAINING CENTER,3.9,3.86997,3.67692,2.99871
6464,Chicago,03/17/2025,3.2,Illinois,COM ED TRAINING CENTER,3.2,3.17536,3.01696,2.4604800000000004
6465,Chicago,03/18/2025,5.0,Illinois,COM ED TRAINING CENTER,5.0,4.9615,4.7139999999999995,3.8445
6466,Chicago,03/19/2025,5.4,Illinois,COM ED TRAINING CENTER,5.4,5.35842,5.09112,4.1520600000000005
6467,Chicago,03/20/2025,2.9,Illinois,COM ED TRAINING CENTER,2.9,2.8776699999999997,2.73412,2.22981
6468,Chicago,03/21/2025,5.1,Illinois,COM ED TRAINING CENTER,5.1,5.0607299999999995,4.80828,3.9213899999999997
6469,Chicago,03/22/2025,3.8,Illinois,COM ED TRAINING CENTER,3.8,3.7707399999999995,3.5826399999999996,2.92182
6470,Chicago,03/23/2025,4.2,Illinois,COM ED TRAINING CENTER,4.2,4.16766,3.95976,3.2293800000000004
6471,Chicago,03/24/2025,3.9,Illinois,COM ED TRAINING CENTER,3.9,3.86997,3.67692,2.99871
6472,Chicago,03/25/2025,4.6,Illinois,COM ED TRAINING CENTER,4.6,4.564579999999999,4.33688,3.53694
6473,Chicago,03/26/2025,5.1,Illinois,COM ED TRAINING CENTER,5.1,5.0607299999999995,4.80828,3.9213899999999997
6474,Chicago,03/27/2025,6.8,Illinois,COM ED TRAINING CENTER,6.8,6.74764,6.41104,5.22852
6475,Chicago,03/28/2025,6.7,Illinois,COM ED TRAINING CENTER,6.7,6.64841,6.31676,5.15163
6476,Chicago,03/29/2025,8.7,Illinois,COM ED TRAINING CENTER,8.7,8.633009999999999,8.202359999999999,6.68943
6477,Chicago,03/30/2025,5.7,Illinois,COM ED TRAINING CENTER,5.7,5.65611,5.37396,4.3827300000000005
6478,Chicago,03/31/2025,3.5,Illinois,COM ED TRAINING CENTER,3.5,3.4730499999999997,3.2998,2.69115
6479,Chicago,04/01/2025,6.7,Illinois,COM ED TRAINING CENTER,6.7,6.64841,6.31676,5.15163
6480,Chicago,04/02/2025,7.7,Illinois,COM ED TRAINING CENTER,7.7,7.6407099999999994,7.25956,5.92053
6481,Chicago,04/03/2025,5.0,Illinois,COM ED TRAINING CENTER,5.0,4.9615,4.7139999999999995,3.8445
6482,Chicago,04/04/2025,8.3,Illinois,COM ED TRAINING CENTER,8.3,8.23609,7.825240000000001,6.381870000000001
6483,Chicago,04/05/2025,3.8,Illinois,COM ED TRAINING CENTER,3.8,3.7707399999999995,3.5826399999999996,2.92182
6484,Chicago,04/06/2025,4.6,Illinois,COM ED TRAINING CENTER,4.6,4.564579999999999,4.33688,3.53694
6485,Chicago,04/07/2025,5.0,Illinois,COM ED TRAINING CENTER,5.0,4.9615,4.7139999999999995,3.8445
6486,Chicago,04/08/2025,3.6,Illinois,COM ED TRAINING CENTER,3.6,3.57228,3.3940799999999998,2.76804
6487,Chicago,04/09/2025,5.9,Illinois,COM ED TRAINING CENTER,5.9,5.85457,5.56252,4.536510000000001
6488,Chicago,04/10/2025,15.1,Illinois,COM ED TRAINING CENTER,15.1,14.98373,14.236279999999999,11.61039
6489,Chicago,04/11/2025,10.0,Illinois,COM ED TRAINING CENTER,10.0,9.923,9.427999999999999,7.689
6490,Chicago,04/12/2025,8.4,Illinois,COM ED TRAINING CENTER,8.4,8.33532,7.91952,6.458760000000001
6491,Chicago,04/13/2025,7.3,Illinois,COM ED TRAINING CENTER,7.3,7.24379,6.88244,5.61297
6492,Chicago,04/14/2025,6.0,Illinois,COM ED TRAINING CENTER,6.0,5.953799999999999,5.6568,4.6134
6493,Chicago,04/15/2025,2.7,Illinois,COM ED TRAINING CENTER,2.7,2.67921,2.54556,2.0760300000000003
6494,Chicago,04/16/2025,4.3,Illinois,COM ED TRAINING CENTER,4.3,4.26689,4.05404,3.30627
6495,Chicago,04/17/2025,7.3,Illinois,COM ED TRAINING CENTER,7.3,7.24379,6.88244,5.61297
6496,Chicago,04/18/2025,13.2,Illinois,COM ED TRAINING CENTER,13.2,13.09836,12.444959999999998,10.14948
6497,Chicago,04/19/2025,8.8,Illinois,COM ED TRAINING CENTER,8.8,8.732240000000001,8.29664,6.766320000000001
6498,Chicago,04/20/2025,8.9,Illinois,COM ED TRAINING CENTER,8.9,8.83147,8.39092,6.843210000000001
6499,Chicago,04/21/2025,3.3,Illinois,COM ED TRAINING CENTER,3.3,3.27459,3.1112399999999996,2.53737
6500,Chicago,04/22/2025,5.1,Illinois,COM ED TRAINING CENTER,5.1,5.0607299999999995,4.80828,3.9213899999999997
6501,Chicago,04/23/2025,4.9,Illinois,COM ED TRAINING CENTER,4.9,4.8622700000000005,4.61972,3.7676100000000003
6502,Chicago,04/24/2025,8.2,Illinois,COM ED TRAINING CENTER,8.2,8.136859999999999,7.730959999999999,6.30498
6503,Chicago,04/25/2025,8.3,Illinois,COM ED TRAINING CENTER,8.3,8.23609,7.825240000000001,6.381870000000001
6504,Chicago,04/26/2025,3.7,Illinois,COM ED TRAINING CENTER,3.7,3.67151,3.48836,2.84493
6505,Chicago,04/27/2025,5.1,Illinois,COM ED TRAINING CENTER,5.1,5.0607299999999995,4.80828,3.9213899999999997
6506,Chicago,04/28/2025,8.0,Illinois,COM ED TRAINING CENTER,8.0,7.9384,7.5424,6.1512
6507,Chicago,04/29/2025,6.0,Illinois,COM ED TRAINING CENTER,6.0,5.953799999999999,5.6568,4.6134
6508,Chicago,04/30/2025,4.5,Illinois,COM ED TRAINING CENTER,4.5,4.46535,4.2425999999999995,3.4600500000000003
6509,Chicago,05/01/2025,6.3,Illinois,COM ED TRAINING CENTER,6.3,6.2514899999999995,5.93964,4.84407
6510,Chicago,05/02/2025,6.8,Illinois,COM ED TRAINING CENTER,6.8,6.74764,6.41104,5.22852
6511,Chicago,05/03/2025,3.6,Illinois,COM ED TRAINING CENTER,3.6,3.57228,3.3940799999999998,2.76804
6512,Chicago,05/04/2025,3.2,Illinois,COM ED TRAINING CENTER,3.2,3.17536,3.01696,2.4604800000000004
6513,Chicago,05/05/2025,8.3,Illinois,COM ED TRAINING CENTER,8.3,8.23609,7.825240000000001,6.381870000000001
6514,Chicago,05/06/2025,8.7,Illinois,COM ED TRAINING CENTER,8.7,8.633009999999999,8.202359999999999,6.68943
6515,Chicago,05/07/2025,5.3,Illinois,COM ED TRAINING CENTER,5.3,5.259189999999999,4.99684,4.07517
6516,Chicago,05/08/2025,4.5,Illinois,COM ED TRAINING CENTER,4.5,4.46535,4.2425999999999995,3.4600500000000003
6517,Chicago,05/09/2025,4.7,Illinois,COM ED TRAINING CENTER,4.7,4.66381,4.43116,3.61383
6518,Chicago,05/10/2025,6.6,Illinois,COM ED TRAINING CENTER,6.6,6.54918,6.222479999999999,5.07474
6519,Chicago,05/11/2025,6.2,Illinois,COM ED TRAINING CENTER,6.2,6.15226,5.84536,4.767180000000001
6520,Chicago,05/12/2025,6.3,Illinois,COM ED TRAINING CENTER,6.3,6.2514899999999995,5.93964,4.84407
6521,Chicago,05/13/2025,7.0,Illinois,COM ED TRAINING CENTER,7.0,6.9460999999999995,6.5996,5.3823
6522,Chicago,05/14/2025,8.0,Illinois,COM ED TRAINING CENTER,8.0,7.9384,7.5424,6.1512
6523,Chicago,05/15/2025,12.9,Illinois,COM ED TRAINING CENTER,12.9,12.80067,12.16212,9.91881
6524,Chicago,05/16/2025,12.1,Illinois,COM ED TRAINING CENTER,12.1,12.006829999999999,11.407879999999999,9.30369
6525,Chicago,05/17/2025,3.1,Illinois,COM ED TRAINING CENTER,3.1,3.07613,2.92268,2.3835900000000003
6526,Chicago,05/18/2025,4.3,Illinois,COM ED TRAINING CENTER,4.3,4.26689,4.05404,3.30627
6527,Chicago,05/19/2025,4.4,Illinois,COM ED TRAINING CENTER,4.4,4.3661200000000004,4.14832,3.3831600000000006
6528,Chicago,05/20/2025,6.3,Illinois,COM ED TRAINING CENTER,6.3,6.2514899999999995,5.93964,4.84407
6529,Chicago,05/21/2025,5.1,Illinois,COM ED TRAINING CENTER,5.1,5.0607299999999995,4.80828,3.9213899999999997
6530,Chicago,05/22/2025,3.3,Illinois,COM ED TRAINING CENTER,3.3,3.27459,3.1112399999999996,2.53737
6531,Chicago,05/23/2025,3.8,Illinois,COM ED TRAINING CENTER,3.8,3.7707399999999995,3.5826399999999996,2.92182
6532,Chicago,05/24/2025,3.2,Illinois,COM ED TRAINING CENTER,3.2,3.17536,3.01696,2.4604800000000004
6533,Chicago,05/25/2025,3.6,Illinois,COM ED TRAINING CENTER,3.6,3.57228,3.3940799999999998,2.76804
6534,Chicago,05/26/2025,4.9,Illinois,COM ED TRAINING CENTER,4.9,4.8622700000000005,4.61972,3.7676100000000003
6535,Chicago,05/27/2025,5.2,Illinois,COM ED TRAINING CENTER,5.2,5.15996,4.90256,3.9982800000000003
6536,Chicago,05/28/2025,9.6,Illinois,COM ED TRAINING CENTER,9.6,9.526079999999999,9.05088,7.38144
6537,Chicago,05/29/2025,11.2,Illinois,COM ED TRAINING CENTER,11.2,11.11376,10.55936,8.61168
6538,Chicago,05/30/2025,10.3,Illinois,COM ED TRAINING CENTER,10.3,10.220690000000001,9.710840000000001,7.919670000000001
6539,Chicago,05/31/2025,10.8,Illinois,COM ED TRAINING CENTER,10.8,10.71684,10.18224,8.304120000000001
6540,Chicago,06/01/2025,8.8,Illinois,COM ED TRAINING CENTER,8.8,8.732240000000001,8.29664,6.766320000000001
6541,Chicago,06/02/2025,8.3,Illinois,COM ED TRAINING CENTER,8.3,8.23609,7.825240000000001,6.381870000000001
6542,Chicago,06/03/2025,13.8,Illinois,COM ED TRAINING CENTER,13.8,13.69374,13.01064,10.61082
6543,Chicago,06/04/2025,9.4,Illinois,COM ED TRAINING CENTER,9.4,9.32762,8.86232,7.22766
6544,Chicago,06/05/2025,47.4,Illinois,COM ED TRAINING CENTER,47.4,47.035019999999996,44.688719999999996,36.44586
6545,Chicago,06/06/2025,42.2,Illinois,COM ED TRAINING CENTER,42.2,41.87506,39.78616,32.44758
6546,Chicago,06/07/2025,37.6,Illinois,COM ED TRAINING CENTER,37.6,37.31048,35.44928,28.91064
6547,Chicago,06/08/2025,23.2,Illinois,COM ED TRAINING CENTER,23.2,23.021359999999998,21.87296,17.83848
6548,Chicago,06/09/2025,19.3,Illinois,COM ED TRAINING CENTER,19.3,19.15139,18.19604,14.839770000000001
6549,Chicago,06/10/2025,15.3,Illinois,COM ED TRAINING CENTER,15.3,15.18219,14.42484,11.764170000000002
6550,Chicago,06/11/2025,21.4,Illinois,COM ED TRAINING CENTER,21.4,21.235219999999998,20.175919999999998,16.45446
6551,Chicago,06/12/2025,30.5,Illinois,COM ED TRAINING CENTER,30.5,30.26515,28.755399999999998,23.45145
6552,Chicago,06/13/2025,29.5,Illinois,COM ED TRAINING CENTER,29.5,29.27285,27.8126,22.68255
6553,Chicago,06/14/2025,20.3,Illinois,COM ED TRAINING CENTER,20.3,20.14369,19.138840000000002,15.608670000000002
6554,Chicago,06/15/2025,12.8,Illinois,COM ED TRAINING CENTER,12.8,12.70144,12.06784,9.841920000000002
6555,Chicago,06/16/2025,12.9,Illinois,COM ED TRAINING CENTER,12.9,12.80067,12.16212,9.91881
6556,Chicago,06/17/2025,5.8,Illinois,COM ED TRAINING CENTER,5.8,5.7553399999999995,5.46824,4.45962
6557,Chicago,06/18/2025,4.4,Illinois,COM ED TRAINING CENTER,4.4,4.3661200000000004,4.14832,3.3831600000000006
6558,Chicago,06/19/2025,6.2,Illinois,COM ED TRAINING CENTER,6.2,6.15226,5.84536,4.767180000000001
6559,Chicago,06/20/2025,6.4,Illinois,COM ED TRAINING CENTER,6.4,6.35072,6.03392,4.920960000000001
6560,Chicago,06/21/2025,9.3,Illinois,COM ED TRAINING CENTER,9.3,9.228390000000001,8.768040000000001,7.1507700000000005
6561,Chicago,06/22/2025,12.0,Illinois,COM ED TRAINING CENTER,12.0,11.907599999999999,11.3136,9.2268
6562,Chicago,06/23/2025,11.5,Illinois,COM ED TRAINING CENTER,11.5,11.41145,10.8422,8.84235
6563,Chicago,06/24/2025,7.7,Illinois,COM ED TRAINING CENTER,7.7,7.6407099999999994,7.25956,5.92053
6564,Chicago,06/25/2025,5.1,Illinois,COM ED TRAINING CENTER,5.1,5.0607299999999995,4.80828,3.9213899999999997
6565,Chicago,06/26/2025,7.6,Illinois,COM ED TRAINING CENTER,7.6,7.541479999999999,7.165279999999999,5.84364
6566,Chicago,06/27/2025,4.8,Illinois,COM ED TRAINING CENTER,4.8,4.763039999999999,4.52544,3.69072
6567,Chicago,06/28/2025,4.0,Illinois,COM ED TRAINING CENTER,4.0,3.9692,3.7712,3.0756
6568,Chicago,06/29/2025,6.0,Illinois,COM ED TRAINING CENTER,6.0,5.953799999999999,5.6568,4.6134
6569,Chicago,06/30/2025,3.8,Illinois,COM ED TRAINING CENTER,3.8,3.7707399999999995,3.5826399999999996,2.92182
6570,Chicago,07/01/2025,7.0,Illinois,COM ED TRAINING CENTER,7.0,6.9460999999999995,6.5996,5.3823
6571,Chicago,07/02/2025,10.5,Illinois,COM ED TRAINING CENTER,10.5,10.41915,9.8994,8.073450000000001
6572,Chicago,07/03/2025,8.3,Illinois,COM ED TRAINING CENTER,8.3,8.23609,7.825240000000001,6.381870000000001
6573,Chicago,07/04/2025,8.7,Illinois,COM ED TRAINING CENTER,8.7,8.633009999999999,8.202359999999999,6.68943
6574,Chicago,07/05/2025,14.5,Illinois,COM ED TRAINING CENTER,14.5,14.388349999999999,13.6706,11.14905
6575,Chicago,07/06/2025,7.0,Illinois,COM ED TRAINING CENTER,7.0,6.9460999999999995,6.5996,5.3823
6576,Chicago,07/07/2025,21.0,Illinois,COM ED TRAINING CENTER,21.0,20.8383,19.7988,16.146900000000002
6577,Chicago,07/08/2025,17.0,Illinois,COM ED TRAINING CENTER,17.0,16.8691,16.0276,13.0713
6578,Chicago,07/09/2025,7.4,Illinois,COM ED TRAINING CENTER,7.4,7.34302,6.97672,5.68986
6579,Chicago,07/10/2025,7.3,Illinois,COM ED TRAINING CENTER,7.3,7.24379,6.88244,5.61297
6580,Chicago,07/11/2025,6.2,Illinois,COM ED TRAINING CENTER,6.2,6.15226,5.84536,4.767180000000001
6581,Chicago,07/12/2025,4.3,Illinois,COM ED TRAINING CENTER,4.3,4.26689,4.05404,3.30627
6582,Chicago,07/13/2025,19.7,Illinois,COM ED TRAINING CENTER,19.7,19.548309999999997,18.573159999999998,15.14733
6583,Chicago,07/14/2025,22.1,Illinois,COM ED TRAINING CENTER,22.1,21.92983,20.83588,16.992690000000003
6584,Chicago,07/15/2025,12.0,Illinois,COM ED TRAINING CENTER,12.0,11.907599999999999,11.3136,9.2268
6585,Chicago,07/16/2025,5.8,Illinois,COM ED TRAINING CENTER,5.8,5.7553399999999995,5.46824,4.45962
6586,Chicago,07/17/2025,4.1,Illinois,COM ED TRAINING CENTER,4.1,4.068429999999999,3.8654799999999994,3.15249
6587,Chicago,07/18/2025,3.1,Illinois,COM ED TRAINING CENTER,3.1,3.07613,2.92268,2.3835900000000003
6588,Chicago,07/19/2025,4.5,Illinois,COM ED TRAINING CENTER,4.5,4.46535,4.2425999999999995,3.4600500000000003
6589,Chicago,07/20/2025,6.8,Illinois,COM ED TRAINING CENTER,6.8,6.74764,6.41104,5.22852
6590,Chicago,07/21/2025,12.4,Illinois,COM ED TRAINING CENTER,12.4,12.30452,11.69072,9.534360000000001
6591,Chicago,07/22/2025,24.3,Illinois,COM ED TRAINING CENTER,24.3,24.11289,22.91004,18.68427
6592,Chicago,07/23/2025,15.0,Illinois,COM ED TRAINING CENTER,15.0,14.8845,14.142,11.5335
6593,Chicago,07/24/2025,8.1,Illinois,COM ED TRAINING CENTER,8.1,8.03763,7.636679999999999,6.22809
6594,Chicago,07/30/2025,10.2,Illinois,COM ED TRAINING CENTER,10.2,10.121459999999999,9.61656,7.842779999999999
6595,Chicago,07/31/2025,59.9,Illinois,COM ED TRAINING CENTER,59.9,59.43877,56.47372,46.05711
6596,Chicago,08/01/2025,52.9,Illinois,COM ED TRAINING CENTER,52.9,52.49267,49.87412,40.67481
6597,Chicago,08/02/2025,24.9,Illinois,COM ED TRAINING CENTER,24.9,24.70827,23.47572,19.14561
6598,Chicago,08/03/2025,18.4,Illinois,COM ED TRAINING CENTER,18.4,18.258319999999998,17.34752,14.14776
6599,Chicago,08/04/2025,14.2,Illinois,COM ED TRAINING CENTER,14.2,14.090659999999998,13.387759999999998,10.918379999999999
6600,Chicago,08/05/2025,18.7,Illinois,COM ED TRAINING CENTER,18.7,18.556009999999997,17.63036,14.37843
6601,Chicago,08/06/2025,19.3,Illinois,COM ED TRAINING CENTER,19.3,19.15139,18.19604,14.839770000000001
6602,Chicago,08/07/2025,9.8,Illinois,COM ED TRAINING CENTER,9.8,9.724540000000001,9.23944,7.535220000000001
6603,Chicago,08/08/2025,11.5,Illinois,COM ED TRAINING CENTER,11.5,11.41145,10.8422,8.84235
6604,Chicago,08/09/2025,9.9,Illinois,COM ED TRAINING CENTER,9.9,9.82377,9.33372,7.61211
6605,Chicago,08/10/2025,8.0,Illinois,COM ED TRAINING CENTER,8.0,7.9384,7.5424,6.1512
6606,Chicago,08/11/2025,7.6,Illinois,COM ED TRAINING CENTER,7.6,7.541479999999999,7.165279999999999,5.84364
6607,Chicago,08/12/2025,6.5,Illinois,COM ED TRAINING CENTER,6.5,6.449949999999999,6.1282,4.997850000000001
6608,Chicago,08/13/2025,10.7,Illinois,COM ED TRAINING CENTER,10.7,10.617609999999999,10.087959999999999,8.22723
6609,Chicago,08/14/2025,11.7,Illinois,COM ED TRAINING CENTER,11.7,11.60991,11.030759999999999,8.996129999999999
6610,Chicago,08/15/2025,12.9,Illinois,COM ED TRAINING CENTER,12.9,12.80067,12.16212,9.91881
6611,Chicago,08/16/2025,6.6,Illinois,COM ED TRAINING CENTER,6.6,6.54918,6.222479999999999,5.07474
6612,Chicago,08/17/2025,4.4,Illinois,COM ED TRAINING CENTER,4.4,4.3661200000000004,4.14832,3.3831600000000006
6613,Chicago,08/18/2025,5.0,Illinois,COM ED TRAINING CENTER,5.0,4.9615,4.7139999999999995,3.8445
6614,Chicago,08/19/2025,3.8,Illinois,COM ED TRAINING CENTER,3.8,3.7707399999999995,3.5826399999999996,2.92182
6615,Chicago,08/20/2025,3.1,Illinois,COM ED TRAINING CENTER,3.1,3.07613,2.92268,2.3835900000000003
6616,Chicago,08/21/2025,3.3,Illinois,COM ED TRAINING CENTER,3.3,3.27459,3.1112399999999996,2.53737
6617,Chicago,08/22/2025,3.6,Illinois,COM ED TRAINING CENTER,3.6,3.57228,3.3940799999999998,2.76804
6618,Chicago,08/23/2025,4.1,Illinois,COM ED TRAINING CENTER,4.1,4.068429999999999,3.8654799999999994,3.15249
6619,Chicago,08/24/2025,3.2,Illinois,COM ED TRAINING CENTER,3.2,3.17536,3.01696,2.4604800000000004
6620,Chicago,08/25/2025,2.6,Illinois,COM ED TRAINING CENTER,2.6,2.57998,2.45128,1.9991400000000001
6621,Chicago,08/26/2025,3.5,Illinois,COM ED TRAINING CENTER,3.5,3.4730499999999997,3.2998,2.69115
6622,Chicago,08/27/2025,4.2,Illinois,COM ED TRAINING CENTER,4.2,4.16766,3.95976,3.2293800000000004
6623,Chicago,08/28/2025,5.1,Illinois,COM ED TRAINING CENTER,5.1,5.0607299999999995,4.80828,3.9213899999999997
6624,Chicago,08/29/2025,3.5,Illinois,COM ED TRAINING CENTER,3.5,3.4730499999999997,3.2998,2.69115
6625,Chicago,08/30/2025,3.8,Illinois,COM ED TRAINING CENTER,3.8,3.7707399999999995,3.5826399999999996,2.92182
6626,Chicago,08/31/2025,4.8,Illinois,COM ED TRAINING CENTER,4.8,4.763039999999999,4.52544,3.69072
6627,Chicago,09/01/2025,5.2,Illinois,COM ED TRAINING CENTER,5.2,5.15996,4.90256,3.9982800000000003
6628,Chicago,09/02/2025,6.1,Illinois,COM ED TRAINING CENTER,6.1,6.05303,5.751079999999999,4.69029
6629,Chicago,09/03/2025,7.6,Illinois,COM ED TRAINING CENTER,7.6,7.541479999999999,7.165279999999999,5.84364
6630,Chicago,09/04/2025,11.2,Illinois,COM ED TRAINING CENTER,11.2,11.11376,10.55936,8.61168
6631,Chicago,09/05/2025,7.0,Illinois,COM ED TRAINING CENTER,7.0,6.9460999999999995,6.5996,5.3823
6632,Chicago,09/06/2025,2.6,Illinois,COM ED TRAINING CENTER,2.6,2.57998,2.45128,1.9991400000000001
6633,Chicago,09/07/2025,3.0,Illinois,COM ED TRAINING CENTER,3.0,2.9768999999999997,2.8284,2.3067
6634,Chicago,09/08/2025,3.3,Illinois,COM ED TRAINING CENTER,3.3,3.27459,3.1112399999999996,2.53737
6635,Chicago,09/09/2025,4.2,Illinois,COM ED TRAINING CENTER,4.2,4.16766,3.95976,3.2293800000000004
6636,Chicago,09/10/2025,5.7,Illinois,COM ED TRAINING CENTER,5.7,5.65611,5.37396,4.3827300000000005
6637,Chicago,09/11/2025,8.3,Illinois,COM ED TRAINING CENTER,8.3,8.23609,7.825240000000001,6.381870000000001
6638,Chicago,09/12/2025,8.4,Illinois,COM ED TRAINING CENTER,8.4,8.33532,7.91952,6.458760000000001
6639,Chicago,09/13/2025,9.7,Illinois,COM ED TRAINING CENTER,9.7,9.625309999999999,9.145159999999999,7.45833
6640,Chicago,09/14/2025,10.8,Illinois,COM ED TRAINING CENTER,10.8,10.71684,10.18224,8.304120000000001
6641,Chicago,09/15/2025,9.3,Illinois,COM ED TRAINING CENTER,9.3,9.228390000000001,8.768040000000001,7.1507700000000005
6642,Chicago,09/16/2025,9.1,Illinois,COM ED TRAINING CENTER,9.1,9.029929999999998,8.57948,6.99699
6643,Chicago,09/17/2025,10.2,Illinois,COM ED TRAINING CENTER,10.2,10.121459999999999,9.61656,7.842779999999999
6644,Chicago,09/18/2025,10.8,Illinois,COM ED TRAINING CENTER,10.8,10.71684,10.18224,8.304120000000001
6645,Chicago,09/19/2025,10.1,Illinois,COM ED TRAINING CENTER,10.1,10.022229999999999,9.522279999999999,7.76589
6646,Chicago,09/20/2025,8.6,Illinois,COM ED TRAINING CENTER,8.6,8.53378,8.10808,6.61254
6647,Chicago,09/21/2025,7.8,Illinois,COM ED TRAINING CENTER,7.8,7.73994,7.35384,5.99742
6648,Chicago,09/22/2025,5.9,Illinois,COM ED TRAINING CENTER,5.9,5.85457,5.56252,4.536510000000001
6649,Chicago,09/23/2025,6.8,Illinois,COM ED TRAINING CENTER,6.8,6.74764,6.41104,5.22852
6650,Chicago,09/24/2025,3.7,Illinois,COM ED TRAINING CENTER,3.7,3.67151,3.48836,2.84493
6651,Chicago,09/25/2025,4.6,Illinois,COM ED TRAINING CENTER,4.6,4.564579999999999,4.33688,3.53694
6652,Chicago,09/26/2025,5.8,Illinois,COM ED TRAINING CENTER,5.8,5.7553399999999995,5.46824,4.45962
6653,Chicago,09/27/2025,7.2,Illinois,COM ED TRAINING CENTER,7.2,7.14456,6.7881599999999995,5.53608
6654,Chicago,09/28/2025,9.1,Illinois,COM ED TRAINING CENTER,9.1,9.029929999999998,8.57948,6.99699
6655,Chicago,09/29/2025,9.4,Illinois,COM ED TRAINING CENTER,9.4,9.32762,8.86232,7.22766
6656,Chicago,09/30/2025,10.6,Illinois,COM ED TRAINING CENTER,10.6,10.518379999999999,9.99368,8.15034
6657,Chicago,10/01/2025,7.6,Illinois,COM ED TRAINING CENTER,7.6,7.541479999999999,7.165279999999999,5.84364
6658,Chicago,10/02/2025,6.5,Illinois,COM ED TRAINING CENTER,6.5,6.449949999999999,6.1282,4.997850000000001
6659,Chicago,10/03/2025,9.1,Illinois,COM ED TRAINING CENTER,9.1,9.029929999999998,8.57948,6.99699
6660,Chicago,10/04/2025,9.8,Illinois,COM ED TRAINING CENTER,9.8,9.724540000000001,9.23944,7.535220000000001
6661,Chicago,10/05/2025,6.5,Illinois,COM ED TRAINING CENTER,6.5,6.449949999999999,6.1282,4.997850000000001
6662,Chicago,10/06/2025,5.2,Illinois,COM ED TRAINING CENTER,5.2,5.15996,4.90256,3.9982800000000003
6663,Chicago,10/07/2025,3.5,Illinois,COM ED TRAINING CENTER,3.5,3.4730499999999997,3.2998,2.69115
6664,Chicago,10/08/2025,3.1,Illinois,COM ED TRAINING CENTER,3.1,3.07613,2.92268,2.3835900000000003
6665,Chicago,10/09/2025,3.0,Illinois,COM ED TRAINING CENTER,3.0,2.9768999999999997,2.8284,2.3067
6666,Chicago,10/10/2025,4.7,Illinois,COM ED TRAINING CENTER,4.7,4.66381,4.43116,3.61383
6667,Chicago,10/11/2025,3.8,Illinois,COM ED TRAINING CENTER,3.8,3.7707399999999995,3.5826399999999996,2.92182
6668,Chicago,10/12/2025,3.5,Illinois,COM ED TRAINING CENTER,3.5,3.4730499999999997,3.2998,2.69115
6669,Chicago,10/13/2025,6.1,Illinois,COM ED TRAINING CENTER,6.1,6.05303,5.751079999999999,4.69029
6670,Chicago,10/14/2025,9.3,Illinois,COM ED TRAINING CENTER,9.3,9.228390000000001,8.768040000000001,7.1507700000000005
6671,Chicago,10/15/2025,6.6,Illinois,COM ED TRAINING CENTER,6.6,6.54918,6.222479999999999,5.07474
6672,Chicago,10/16/2025,3.8,Illinois,COM ED TRAINING CENTER,3.8,3.7707399999999995,3.5826399999999996,2.92182
6673,Chicago,10/17/2025,4.4,Illinois,COM ED TRAINING CENTER,4.4,4.3661200000000004,4.14832,3.3831600000000006
6674,Chicago,10/18/2025,9.0,Illinois,COM ED TRAINING CENTER,9.0,8.9307,8.485199999999999,6.920100000000001
6675,Chicago,10/19/2025,3.0,Illinois,COM ED TRAINING CENTER,3.0,2.9768999999999997,2.8284,2.3067
6676,Chicago,10/20/2025,2.8,Illinois,COM ED TRAINING CENTER,2.8,2.77844,2.63984,2.15292
6677,Chicago,10/21/2025,2.9,Illinois,COM ED TRAINING CENTER,2.9,2.8776699999999997,2.73412,2.22981
6678,Chicago,10/22/2025,1.7,Illinois,COM ED TRAINING CENTER,1.7,1.68691,1.60276,1.30713
6679,Chicago,10/23/2025,2.7,Illinois,COM ED TRAINING CENTER,2.7,2.67921,2.54556,2.0760300000000003
6680,Chicago,10/24/2025,3.6,Illinois,COM ED TRAINING CENTER,3.6,3.57228,3.3940799999999998,2.76804
6681,Chicago,10/25/2025,5.6,Illinois,COM ED TRAINING CENTER,5.6,5.55688,5.27968,4.30584
6682,Chicago,10/26/2025,6.7,Illinois,COM ED TRAINING CENTER,6.7,6.64841,6.31676,5.15163
6683,Chicago,10/27/2025,4.4,Illinois,COM ED TRAINING CENTER,4.4,4.3661200000000004,4.14832,3.3831600000000006
6684,Chicago,10/28/2025,4.3,Illinois,COM ED TRAINING CENTER,4.3,4.26689,4.05404,3.30627
6685,Chicago,10/29/2025,3.7,Illinois,COM ED TRAINING CENTER,3.7,3.67151,3.48836,2.84493
6686,Chicago,10/30/2025,4.5,Illinois,COM ED TRAINING CENTER,4.5,4.46535,4.2425999999999995,3.4600500000000003
6687,Chicago,10/31/2025,6.7,Illinois,COM ED TRAINING CENTER,6.7,6.64841,6.31676,5.15163
6688,Chicago,11/01/2025,4.7,Illinois,COM ED TRAINING CENTER,4.7,4.66381,4.43116,3.61383
6689,Chicago,11/02/2025,5.7,Illinois,COM ED TRAINING CENTER,5.7,5.65611,5.37396,4.3827300000000005
6690,Chicago,11/03/2025,3.5,Illinois,COM ED TRAINING CENTER,3.5,3.4730499999999997,3.2998,2.69115
6691,Chicago,11/04/2025,4.0,Illinois,COM ED TRAINING CENTER,4.0,3.9692,3.7712,3.0756
6692,Chicago,11/05/2025,5.4,Illinois,COM ED TRAINING CENTER,5.4,5.35842,5.09112,4.1520600000000005
6693,Chicago,11/06/2025,4.2,Illinois,COM ED TRAINING CENTER,4.2,4.16766,3.95976,3.2293800000000004
6694,Chicago,11/07/2025,4.7,Illinois,COM ED TRAINING CENTER,4.7,4.66381,4.43116,3.61383
6695,Chicago,11/08/2025,4.7,Illinois,COM ED TRAINING CENTER,4.7,4.66381,4.43116,3.61383
6696,Chicago,11/09/2025,2.2,Illinois,COM ED TRAINING CENTER,2.2,2.1830600000000002,2.07416,1.6915800000000003
6697,Chicago,11/10/2025,1.3,Illinois,COM ED TRAINING CENTER,1.3,1.28999,1.22564,0.9995700000000001
6698,Chicago,11/11/2025,4.1,Illinois,COM ED TRAINING CENTER,4.1,4.068429999999999,3.8654799999999994,3.15249
6699,Chicago,11/12/2025,3.0,Illinois,COM ED TRAINING CENTER,3.0,2.9768999999999997,2.8284,2.3067
6700,Chicago,11/13/2025,4.3,Illinois,COM ED TRAINING CENTER,4.3,4.26689,4.05404,3.30627
6701,Chicago,11/14/2025,8.8,Illinois,COM ED TRAINING CENTER,8.8,8.732240000000001,8.29664,6.766320000000001
6702,Chicago,11/15/2025,5.7,Illinois,COM ED TRAINING CENTER,5.7,5.65611,5.37396,4.3827300000000005
6703,Chicago,11/16/2025,2.7,Illinois,COM ED TRAINING CENTER,2.7,2.67921,2.54556,2.0760300000000003
6704,Chicago,11/17/2025,5.8,Illinois,COM ED TRAINING CENTER,5.8,5.7553399999999995,5.46824,4.45962
6705,Chicago,11/18/2025,12.0,Illinois,COM ED TRAINING CENTER,12.0,11.907599999999999,11.3136,9.2268
6706,Chicago,11/19/2025,22.2,Illinois,COM ED TRAINING CENTER,22.2,22.029059999999998,20.930159999999997,17.06958
6707,Chicago,11/20/2025,15.5,Illinois,COM ED TRAINING CENTER,15.5,15.38065,14.6134,11.917950000000001
6708,Chicago,11/21/2025,13.4,Illinois,COM ED TRAINING CENTER,13.4,13.29682,12.63352,10.30326
6709,Chicago,11/22/2025,9.2,Illinois,COM ED TRAINING CENTER,9.2,9.129159999999999,8.67376,7.07388
6710,Chicago,11/23/2025,7.2,Illinois,COM ED TRAINING CENTER,7.2,7.14456,6.7881599999999995,5.53608
6711,Chicago,11/24/2025,10.4,Illinois,COM ED TRAINING CENTER,10.4,10.31992,9.80512,7.996560000000001
6712,Chicago,11/25/2025,8.1,Illinois,COM ED TRAINING CENTER,8.1,8.03763,7.636679999999999,6.22809
6713,Chicago,11/26/2025,2.4,Illinois,COM ED TRAINING CENTER,2.4,2.3815199999999996,2.26272,1.84536
6714,Chicago,11/27/2025,2.9,Illinois,COM ED TRAINING CENTER,2.9,2.8776699999999997,2.73412,2.22981
6715,Chicago,11/28/2025,4.1,Illinois,COM ED TRAINING CENTER,4.1,4.068429999999999,3.8654799999999994,3.15249
6716,Chicago,11/29/2025,4.1,Illinois,COM ED TRAINING CENTER,4.1,4.068429999999999,3.8654799999999994,3.15249
6717,Chicago,11/30/2025,5.7,Illinois,COM ED TRAINING CENTER,5.7,5.65611,5.37396,4.3827300000000005
6718,Chicago,12/01/2025,14.0,Illinois,COM ED TRAINING CENTER,14.0,13.892199999999999,13.1992,10.7646
6719,Chicago,12/02/2025,12.6,Illinois,COM ED TRAINING CENTER,12.6,12.502979999999999,11.87928,9.68814
6720,Chicago,12/03/2025,11.0,Illinois,COM ED TRAINING CENTER,11.0,10.9153,10.3708,8.4579
6721,Chicago,12/04/2025,6.0,Illinois,COM ED TRAINING CENTER,6.0,5.953799999999999,5.6568,4.6134
6722,Chicago,12/05/2025,10.7,Illinois,COM ED TRAINING CENTER,10.7,10.617609999999999,10.087959999999999,8.22723
6723,Chicago,12/06/2025,16.7,Illinois,COM ED TRAINING CENTER,16.7,16.57141,15.74476,12.840629999999999
6724,Chicago,12/07/2025,11.0,Illinois,COM ED TRAINING CENTER,11.0,10.9153,10.3708,8.4579
6725,Chicago,12/08/2025,4.2,Illinois,COM ED TRAINING CENTER,4.2,4.16766,3.95976,3.2293800000000004
6726,Chicago,12/09/2025,9.9,Illinois,COM ED TRAINING CENTER,9.9,9.82377,9.33372,7.61211
6727,Chicago,12/10/2025,4.8,Illinois,COM ED TRAINING CENTER,4.8,4.763039999999999,4.52544,3.69072
6728,Chicago,12/11/2025,8.3,Illinois,COM ED TRAINING CENTER,8.3,8.23609,7.825240000000001,6.381870000000001
6729,Chicago,12/12/2025,12.9,Illinois,COM ED TRAINING CENTER,12.9,12.80067,12.16212,9.91881
6730,Chicago,12/13/2025,3.7,Illinois,COM ED TRAINING CENTER,3.7,3.67151,3.48836,2.84493
6731,Chicago,12/14/2025,3.7,Illinois,COM ED TRAINING CENTER,3.7,3.67151,3.48836,2.84493
6732,Chicago,12/15/2025,5.4,Illinois,COM ED TRAINING CENTER,5.4,5.35842,5.09112,4.1520600000000005
6733,Chicago,12/16/2025,8.5,Illinois,COM ED TRAINING CENTER,8.5,8.43455,8.0138,6.53565
6734,Chicago,12/17/2025,9.8,Illinois,COM ED TRAINING CENTER,9.8,9.724540000000001,9.23944,7.535220000000001
6735,Chicago,12/18/2025,7.2,Illinois,COM ED TRAINING CENTER,7.2,7.14456,6.7881599999999995,5.53608
6736,Chicago,12/19/2025,3.6,Illinois,COM ED TRAINING CENTER,3.6,3.57228,3.3940799999999998,2.76804
6737,Chicago,12/20/2025,3.3,Illinois,COM ED TRAINING CENTER,3.3,3.27459,3.1112399999999996,2.53737
6738,Chicago,12/21/2025,3.6,Illinois,COM ED TRAINING CENTER,3.6,3.57228,3.3940799999999998,2.76804
6739,Chicago,12/22/2025,3.5,Illinois,COM ED TRAINING CENTER,3.5,3.4730499999999997,3.2998,2.69115
6740,Chicago,12/23/2025,10.7,Illinois,COM ED TRAINING CENTER,10.7,10.617609999999999,10.087959999999999,8.22723
6741,Chicago,12/24/2025,14.2,Illinois,COM ED TRAINING CENTER,14.2,14.090659999999998,13.387759999999998,10.918379999999999
6742,Chicago,12/25/2025,22.5,Illinois,COM ED TRAINING CENTER,22.5,22.32675,21.213,17.300250000000002
6743,Chicago,12/26/2025,10.8,Illinois,COM ED TRAINING CENTER,10.8,10.71684,10.18224,8.304120000000001
6744,Chicago,12/27/2025,13.2,Illinois,COM ED TRAINING CENTER,13.2,13.09836,12.444959999999998,10.14948
6745,Chicago,12/28/2025,5.3,Illinois,COM ED TRAINING CENTER,5.3,5.259189999999999,4.99684,4.07517
6746,Chicago,12/29/2025,3.3,Illinois,COM ED TRAINING CENTER,3.3,3.27459,3.1112399999999996,2.53737
6747,Chicago,12/30/2025,2.7,Illinois,COM ED TRAINING CENTER,2.7,2.67921,2.54556,2.0760300000000003
6748,Chicago,12/31/2025,5.3,Illinois,COM ED TRAINING CENTER,5.3,5.259189999999999,4.99684,4.07517
6749,Chicago,01/01/2025,4.0,Indiana,East Chicago- Franklin School/ Washington School (Ben. Franklin),4.0,3.9692,3.7712,3.0756
6750,Chicago,01/04/2025,4.9,Indiana,East Chicago- Franklin School/ Washington School (Ben. Franklin),4.9,4.8622700000000005,4.61972,3.7676100000000003
6751,Chicago,01/07/2025,8.1,Indiana,East Chicago- Franklin School/ Washington School (Ben. Franklin),8.1,8.03763,7.636679999999999,6.22809
6752,Chicago,01/10/2025,19.5,Indiana,East Chicago- Franklin School/ Washington School (Ben. Franklin),19.5,19.34985,18.3846,14.99355
6753,Chicago,01/13/2025,3.5,Indiana,East Chicago- Franklin School/ Washington School (Ben. Franklin),3.5,3.4730499999999997,3.2998,2.69115
6754,Chicago,01/16/2025,10.5,Indiana,East Chicago- Franklin School/ Washington School (Ben. Franklin),10.5,10.41915,9.8994,8.073450000000001
6755,Chicago,01/19/2025,3.8,Indiana,East Chicago- Franklin School/ Washington School (Ben. Franklin),3.8,3.7707399999999995,3.5826399999999996,2.92182
6756,Chicago,01/30/2025,7.7,Indiana,East Chicago- Franklin School/ Washington School (Ben. Franklin),7.7,7.6407099999999994,7.25956,5.92053
6757,Chicago,01/31/2025,9.5,Indiana,East Chicago- Franklin School/ Washington School (Ben. Franklin),9.5,9.42685,8.9566,7.30455
6758,Chicago,02/01/2025,2.8,Indiana,East Chicago- Franklin School/ Washington School (Ben. Franklin),2.8,2.77844,2.63984,2.15292
6759,Chicago,02/03/2025,12.3,Indiana,East Chicago- Franklin School/ Washington School (Ben. Franklin),12.3,12.20529,11.596440000000001,9.45747
6760,Chicago,02/06/2025,6.6,Indiana,East Chicago- Franklin School/ Washington School (Ben. Franklin),6.6,6.54918,6.222479999999999,5.07474
6761,Chicago,02/09/2025,8.2,Indiana,East Chicago- Franklin School/ Washington School (Ben. Franklin),8.2,8.136859999999999,7.730959999999999,6.30498
6762,Chicago,02/12/2025,11.1,Indiana,East Chicago- Franklin School/ Washington School (Ben. Franklin),11.1,11.014529999999999,10.465079999999999,8.53479
6763,Chicago,02/15/2025,12.0,Indiana,East Chicago- Franklin School/ Washington School (Ben. Franklin),12.0,11.907599999999999,11.3136,9.2268
6764,Chicago,02/18/2025,7.1,Indiana,East Chicago- Franklin School/ Washington School (Ben. Franklin),7.1,7.045329999999999,6.693879999999999,5.4591899999999995
6765,Chicago,02/21/2025,11.4,Indiana,East Chicago- Franklin School/ Washington School (Ben. Franklin),11.4,11.31222,10.74792,8.765460000000001
6766,Chicago,02/24/2025,10.4,Indiana,East Chicago- Franklin School/ Washington School (Ben. Franklin),10.4,10.31992,9.80512,7.996560000000001
6767,Chicago,02/27/2025,10.8,Indiana,East Chicago- Franklin School/ Washington School (Ben. Franklin),10.8,10.71684,10.18224,8.304120000000001
6768,Chicago,03/02/2025,9.0,Indiana,East Chicago- Franklin School/ Washington School (Ben. Franklin),9.0,8.9307,8.485199999999999,6.920100000000001
6769,Chicago,03/05/2025,3.6,Indiana,East Chicago- Franklin School/ Washington School (Ben. Franklin),3.6,3.57228,3.3940799999999998,2.76804
6770,Chicago,03/08/2025,4.5,Indiana,East Chicago- Franklin School/ Washington School (Ben. Franklin),4.5,4.46535,4.2425999999999995,3.4600500000000003
6771,Chicago,03/11/2025,5.8,Indiana,East Chicago- Franklin School/ Washington School (Ben. Franklin),5.8,5.7553399999999995,5.46824,4.45962
6772,Chicago,03/14/2025,9.7,Indiana,East Chicago- Franklin School/ Washington School (Ben. Franklin),9.7,9.625309999999999,9.145159999999999,7.45833
6773,Chicago,03/17/2025,3.8,Indiana,East Chicago- Franklin School/ Washington School (Ben. Franklin),3.8,3.7707399999999995,3.5826399999999996,2.92182
6774,Chicago,03/20/2025,3.3,Indiana,East Chicago- Franklin School/ Washington School (Ben. Franklin),3.3,3.27459,3.1112399999999996,2.53737
6775,Chicago,03/23/2025,4.1,Indiana,East Chicago- Franklin School/ Washington School (Ben. Franklin),4.1,4.068429999999999,3.8654799999999994,3.15249
6776,Chicago,03/26/2025,9.4,Indiana,East Chicago- Franklin School/ Washington School (Ben. Franklin),9.4,9.32762,8.86232,7.22766
6777,Chicago,03/29/2025,7.6,Indiana,East Chicago- Franklin School/ Washington School (Ben. Franklin),7.6,7.541479999999999,7.165279999999999,5.84364
6778,Chicago,04/01/2025,4.1,Indiana,East Chicago- Franklin School/ Washington School (Ben. Franklin),4.1,4.068429999999999,3.8654799999999994,3.15249
6779,Chicago,04/04/2025,5.9,Indiana,East Chicago- Franklin School/ Washington School (Ben. Franklin),5.9,5.85457,5.56252,4.536510000000001
6780,Chicago,04/07/2025,4.6,Indiana,East Chicago- Franklin School/ Washington School (Ben. Franklin),4.6,4.564579999999999,4.33688,3.53694
6781,Chicago,04/10/2025,10.5,Indiana,East Chicago- Franklin School/ Washington School (Ben. Franklin),10.5,10.41915,9.8994,8.073450000000001
6782,Chicago,04/13/2025,6.2,Indiana,East Chicago- Franklin School/ Washington School (Ben. Franklin),6.2,6.15226,5.84536,4.767180000000001
6783,Chicago,04/16/2025,2.9,Indiana,East Chicago- Franklin School/ Washington School (Ben. Franklin),2.9,2.8776699999999997,2.73412,2.22981
6784,Chicago,04/19/2025,9.5,Indiana,East Chicago- Franklin School/ Washington School (Ben. Franklin),9.5,9.42685,8.9566,7.30455
6785,Chicago,04/26/2025,5.3,Indiana,East Chicago- Franklin School/ Washington School (Ben. Franklin),5.3,5.259189999999999,4.99684,4.07517
6786,Chicago,04/29/2025,5.4,Indiana,East Chicago- Franklin School/ Washington School (Ben. Franklin),5.4,5.35842,5.09112,4.1520600000000005
6787,Chicago,05/01/2025,6.8,Indiana,East Chicago- Franklin School/ Washington School (Ben. Franklin),6.8,6.74764,6.41104,5.22852
6788,Chicago,05/07/2025,7.0,Indiana,East Chicago- Franklin School/ Washington School (Ben. Franklin),7.0,6.9460999999999995,6.5996,5.3823
6789,Chicago,05/10/2025,6.7,Indiana,East Chicago- Franklin School/ Washington School (Ben. Franklin),6.7,6.64841,6.31676,5.15163
6790,Chicago,05/16/2025,9.8,Indiana,East Chicago- Franklin School/ Washington School (Ben. Franklin),9.8,9.724540000000001,9.23944,7.535220000000001
6791,Chicago,05/19/2025,2.9,Indiana,East Chicago- Franklin School/ Washington School (Ben. Franklin),2.9,2.8776699999999997,2.73412,2.22981
6792,Chicago,05/22/2025,3.3,Indiana,East Chicago- Franklin School/ Washington School (Ben. Franklin),3.3,3.27459,3.1112399999999996,2.53737
6793,Chicago,05/25/2025,3.1,Indiana,East Chicago- Franklin School/ Washington School (Ben. Franklin),3.1,3.07613,2.92268,2.3835900000000003
6794,Chicago,05/28/2025,9.4,Indiana,East Chicago- Franklin School/ Washington School (Ben. Franklin),9.4,9.32762,8.86232,7.22766
6795,Chicago,05/31/2025,7.5,Indiana,East Chicago- Franklin School/ Washington School (Ben. Franklin),7.5,7.44225,7.071,5.76675
6796,Chicago,06/03/2025,14.6,Indiana,East Chicago- Franklin School/ Washington School (Ben. Franklin),14.6,14.48758,13.76488,11.22594
6797,Chicago,06/06/2025,30.0,Indiana,East Chicago- Franklin School/ Washington School (Ben. Franklin),30.0,29.769,28.284,23.067
6798,Chicago,06/09/2025,13.9,Indiana,East Chicago- Franklin School/ Washington School (Ben. Franklin),13.9,13.79297,13.10492,10.687710000000001
6799,Chicago,06/12/2025,25.6,Indiana,East Chicago- Franklin School/ Washington School (Ben. Franklin),25.6,25.40288,24.13568,19.683840000000004
6800,Chicago,06/15/2025,13.3,Indiana,East Chicago- Franklin School/ Washington School (Ben. Franklin),13.3,13.19759,12.53924,10.226370000000001
6801,Chicago,06/18/2025,7.1,Indiana,East Chicago- Franklin School/ Washington School (Ben. Franklin),7.1,7.045329999999999,6.693879999999999,5.4591899999999995
6802,Chicago,06/26/2025,8.7,Indiana,East Chicago- Franklin School/ Washington School (Ben. Franklin),8.7,8.633009999999999,8.202359999999999,6.68943
6803,Chicago,06/27/2025,7.1,Indiana,East Chicago- Franklin School/ Washington School (Ben. Franklin),7.1,7.045329999999999,6.693879999999999,5.4591899999999995
6804,Chicago,06/28/2025,3.1,Indiana,East Chicago- Franklin School/ Washington School (Ben. Franklin),3.1,3.07613,2.92268,2.3835900000000003
6805,Chicago,06/30/2025,6.7,Indiana,East Chicago- Franklin School/ Washington School (Ben. Franklin),6.7,6.64841,6.31676,5.15163
6806,Chicago,07/03/2025,11.7,Indiana,East Chicago- Franklin School/ Washington School (Ben. Franklin),11.7,11.60991,11.030759999999999,8.996129999999999
6807,Chicago,07/06/2025,8.1,Indiana,East Chicago- Franklin School/ Washington School (Ben. Franklin),8.1,8.03763,7.636679999999999,6.22809
6808,Chicago,07/09/2025,9.0,Indiana,East Chicago- Franklin School/ Washington School (Ben. Franklin),9.0,8.9307,8.485199999999999,6.920100000000001
6809,Chicago,07/12/2025,5.4,Indiana,East Chicago- Franklin School/ Washington School (Ben. Franklin),5.4,5.35842,5.09112,4.1520600000000005
6810,Chicago,07/15/2025,17.9,Indiana,East Chicago- Franklin School/ Washington School (Ben. Franklin),17.9,17.762169999999998,16.876119999999997,13.763309999999999
6811,Chicago,07/18/2025,6.7,Indiana,East Chicago- Franklin School/ Washington School (Ben. Franklin),6.7,6.64841,6.31676,5.15163
6812,Chicago,07/21/2025,14.7,Indiana,East Chicago- Franklin School/ Washington School (Ben. Franklin),14.7,14.586809999999998,13.85916,11.30283
6813,Chicago,07/24/2025,10.0,Indiana,East Chicago- Franklin School/ Washington School (Ben. Franklin),10.0,9.923,9.427999999999999,7.689
6814,Chicago,07/27/2025,7.1,Indiana,East Chicago- Franklin School/ Washington School (Ben. Franklin),7.1,7.045329999999999,6.693879999999999,5.4591899999999995
6815,Chicago,07/30/2025,11.5,Indiana,East Chicago- Franklin School/ Washington School (Ben. Franklin),11.5,11.41145,10.8422,8.84235
6816,Chicago,08/02/2025,19.4,Indiana,East Chicago- Franklin School/ Washington School (Ben. Franklin),19.4,19.250619999999998,18.290319999999998,14.91666
6817,Chicago,08/05/2025,29.4,Indiana,East Chicago- Franklin School/ Washington School (Ben. Franklin),29.4,29.173619999999996,27.71832,22.60566
6818,Chicago,08/08/2025,12.0,Indiana,East Chicago- Franklin School/ Washington School (Ben. Franklin),12.0,11.907599999999999,11.3136,9.2268
6819,Chicago,08/11/2025,8.3,Indiana,East Chicago- Franklin School/ Washington School (Ben. Franklin),8.3,8.23609,7.825240000000001,6.381870000000001
6820,Chicago,08/14/2025,15.7,Indiana,East Chicago- Franklin School/ Washington School (Ben. Franklin),15.7,15.579109999999998,14.80196,12.07173
6821,Chicago,08/17/2025,4.4,Indiana,East Chicago- Franklin School/ Washington School (Ben. Franklin),4.4,4.3661200000000004,4.14832,3.3831600000000006
6822,Chicago,08/20/2025,3.2,Indiana,East Chicago- Franklin School/ Washington School (Ben. Franklin),3.2,3.17536,3.01696,2.4604800000000004
6823,Chicago,08/23/2025,5.6,Indiana,East Chicago- Franklin School/ Washington School (Ben. Franklin),5.6,5.55688,5.27968,4.30584
6824,Chicago,08/26/2025,5.6,Indiana,East Chicago- Franklin School/ Washington School (Ben. Franklin),5.6,5.55688,5.27968,4.30584
6825,Chicago,08/29/2025,1.9,Indiana,East Chicago- Franklin School/ Washington School (Ben. Franklin),1.9,1.8853699999999998,1.7913199999999998,1.46091
6826,Chicago,09/01/2025,7.2,Indiana,East Chicago- Franklin School/ Washington School (Ben. Franklin),7.2,7.14456,6.7881599999999995,5.53608
6827,Chicago,09/04/2025,8.3,Indiana,East Chicago- Franklin School/ Washington School (Ben. Franklin),8.3,8.23609,7.825240000000001,6.381870000000001
6828,Chicago,09/07/2025,5.0,Indiana,East Chicago- Franklin School/ Washington School (Ben. Franklin),5.0,4.9615,4.7139999999999995,3.8445
6829,Chicago,09/10/2025,8.6,Indiana,East Chicago- Franklin School/ Washington School (Ben. Franklin),8.6,8.53378,8.10808,6.61254
6830,Chicago,09/13/2025,11.8,Indiana,East Chicago- Franklin School/ Washington School (Ben. Franklin),11.8,11.70914,11.12504,9.073020000000001
6831,Chicago,09/16/2025,8.6,Indiana,East Chicago- Franklin School/ Washington School (Ben. Franklin),8.6,8.53378,8.10808,6.61254
6832,Chicago,09/19/2025,13.3,Indiana,East Chicago- Franklin School/ Washington School (Ben. Franklin),13.3,13.19759,12.53924,10.226370000000001
6833,Chicago,09/22/2025,6.5,Indiana,East Chicago- Franklin School/ Washington School (Ben. Franklin),6.5,6.449949999999999,6.1282,4.997850000000001
6834,Chicago,09/25/2025,3.7,Indiana,East Chicago- Franklin School/ Washington School (Ben. Franklin),3.7,3.67151,3.48836,2.84493
6835,Chicago,09/30/2025,10.8,Indiana,East Chicago- Franklin School/ Washington School (Ben. Franklin),10.8,10.71684,10.18224,8.304120000000001
6836,Chicago,10/01/2025,8.5,Indiana,East Chicago- Franklin School/ Washington School (Ben. Franklin),8.5,8.43455,8.0138,6.53565
6837,Chicago,10/04/2025,10.0,Indiana,East Chicago- Franklin School/ Washington School (Ben. Franklin),10.0,9.923,9.427999999999999,7.689
6838,Chicago,10/07/2025,3.4,Indiana,East Chicago- Franklin School/ Washington School (Ben. Franklin),3.4,3.37382,3.20552,2.61426
6839,Chicago,10/10/2025,6.1,Indiana,East Chicago- Franklin School/ Washington School (Ben. Franklin),6.1,6.05303,5.751079999999999,4.69029
6840,Chicago,10/13/2025,8.2,Indiana,East Chicago- Franklin School/ Washington School (Ben. Franklin),8.2,8.136859999999999,7.730959999999999,6.30498
6841,Chicago,10/16/2025,4.1,Indiana,East Chicago- Franklin School/ Washington School (Ben. Franklin),4.1,4.068429999999999,3.8654799999999994,3.15249
6842,Chicago,10/19/2025,3.2,Indiana,East Chicago- Franklin School/ Washington School (Ben. Franklin),3.2,3.17536,3.01696,2.4604800000000004
6843,Chicago,10/22/2025,1.7,Indiana,East Chicago- Franklin School/ Washington School (Ben. Franklin),1.7,1.68691,1.60276,1.30713
6844,Chicago,10/25/2025,7.5,Indiana,East Chicago- Franklin School/ Washington School (Ben. Franklin),7.5,7.44225,7.071,5.76675
6845,Chicago,10/28/2025,6.6,Indiana,East Chicago- Franklin School/ Washington School (Ben. Franklin),6.6,6.54918,6.222479999999999,5.07474
6846,Chicago,10/31/2025,8.0,Indiana,East Chicago- Franklin School/ Washington School (Ben. Franklin),8.0,7.9384,7.5424,6.1512
6847,Chicago,11/03/2025,3.7,Indiana,East Chicago- Franklin School/ Washington School (Ben. Franklin),3.7,3.67151,3.48836,2.84493
6848,Chicago,11/06/2025,7.2,Indiana,East Chicago- Franklin School/ Washington School (Ben. Franklin),7.2,7.14456,6.7881599999999995,5.53608
6849,Chicago,11/09/2025,1.5,Indiana,East Chicago- Franklin School/ Washington School (Ben. Franklin),1.5,1.4884499999999998,1.4142,1.15335
6850,Chicago,11/12/2025,3.2,Indiana,East Chicago- Franklin School/ Washington School (Ben. Franklin),3.2,3.17536,3.01696,2.4604800000000004
6851,Chicago,11/15/2025,6.9,Indiana,East Chicago- Franklin School/ Washington School (Ben. Franklin),6.9,6.84687,6.50532,5.30541
6852,Chicago,11/18/2025,10.6,Indiana,East Chicago- Franklin School/ Washington School (Ben. Franklin),10.6,10.518379999999999,9.99368,8.15034
6853,Chicago,11/21/2025,12.8,Indiana,East Chicago- Franklin School/ Washington School (Ben. Franklin),12.8,12.70144,12.06784,9.841920000000002
6854,Chicago,11/24/2025,13.6,Indiana,East Chicago- Franklin School/ Washington School (Ben. Franklin),13.6,13.49528,12.82208,10.45704
6855,Chicago,11/27/2025,1.5,Indiana,East Chicago- Franklin School/ Washington School (Ben. Franklin),1.5,1.4884499999999998,1.4142,1.15335
6856,Chicago,11/30/2025,4.2,Indiana,East Chicago- Franklin School/ Washington School (Ben. Franklin),4.2,4.16766,3.95976,3.2293800000000004
6857,Chicago,12/03/2025,12.2,Indiana,East Chicago- Franklin School/ Washington School (Ben. Franklin),12.2,12.10606,11.502159999999998,9.38058
6858,Chicago,12/06/2025,18.1,Indiana,East Chicago- Franklin School/ Washington School (Ben. Franklin),18.1,17.960630000000002,17.06468,13.917090000000002
6859,Chicago,12/09/2025,11.6,Indiana,East Chicago- Franklin School/ Washington School (Ben. Franklin),11.6,11.510679999999999,10.93648,8.91924
6860,Chicago,12/12/2025,14.7,Indiana,East Chicago- Franklin School/ Washington School (Ben. Franklin),14.7,14.586809999999998,13.85916,11.30283
6861,Chicago,12/17/2025,11.9,Indiana,East Chicago- Franklin School/ Washington School (Ben. Franklin),11.9,11.80837,11.21932,9.14991
6862,Chicago,12/18/2025,7.0,Indiana,East Chicago- Franklin School/ Washington School (Ben. Franklin),7.0,6.9460999999999995,6.5996,5.3823
6863,Chicago,12/21/2025,4.3,Indiana,East Chicago- Franklin School/ Washington School (Ben. Franklin),4.3,4.26689,4.05404,3.30627
6864,Chicago,12/24/2025,13.9,Indiana,East Chicago- Franklin School/ Washington School (Ben. Franklin),13.9,13.79297,13.10492,10.687710000000001
6865,Chicago,12/27/2025,11.2,Indiana,East Chicago- Franklin School/ Washington School (Ben. Franklin),11.2,11.11376,10.55936,8.61168
6866,Chicago,12/30/2025,5.5,Indiana,East Chicago- Franklin School/ Washington School (Ben. Franklin),5.5,5.45765,5.1854,4.22895
6867,Chicago,01/01/2025,4.2,Indiana,Gary-IITRI/ 1219.5 meters east of Tennessee St.- old ammuntion bunker,4.2,4.16766,3.95976,3.2293800000000004
6868,Chicago,01/04/2025,9.5,Indiana,Gary-IITRI/ 1219.5 meters east of Tennessee St.- old ammuntion bunker,9.5,9.42685,8.9566,7.30455
6869,Chicago,01/07/2025,10.7,Indiana,Gary-IITRI/ 1219.5 meters east of Tennessee St.- old ammuntion bunker,10.7,10.617609999999999,10.087959999999999,8.22723
6870,Chicago,01/10/2025,20.4,Indiana,Gary-IITRI/ 1219.5 meters east of Tennessee St.- old ammuntion bunker,20.4,20.242919999999998,19.23312,15.685559999999999
6871,Chicago,01/13/2025,5.5,Indiana,Gary-IITRI/ 1219.5 meters east of Tennessee St.- old ammuntion bunker,5.5,5.45765,5.1854,4.22895
6872,Chicago,01/16/2025,14.9,Indiana,Gary-IITRI/ 1219.5 meters east of Tennessee St.- old ammuntion bunker,14.9,14.78527,14.04772,11.456610000000001
6873,Chicago,01/19/2025,5.8,Indiana,Gary-IITRI/ 1219.5 meters east of Tennessee St.- old ammuntion bunker,5.8,5.7553399999999995,5.46824,4.45962
6874,Chicago,01/22/2025,6.5,Indiana,Gary-IITRI/ 1219.5 meters east of Tennessee St.- old ammuntion bunker,6.5,6.449949999999999,6.1282,4.997850000000001
6875,Chicago,01/28/2025,5.3,Indiana,Gary-IITRI/ 1219.5 meters east of Tennessee St.- old ammuntion bunker,5.3,5.259189999999999,4.99684,4.07517
6876,Chicago,01/31/2025,6.9,Indiana,Gary-IITRI/ 1219.5 meters east of Tennessee St.- old ammuntion bunker,6.9,6.84687,6.50532,5.30541
6877,Chicago,02/03/2025,11.0,Indiana,Gary-IITRI/ 1219.5 meters east of Tennessee St.- old ammuntion bunker,11.0,10.9153,10.3708,8.4579
6878,Chicago,02/06/2025,7.8,Indiana,Gary-IITRI/ 1219.5 meters east of Tennessee St.- old ammuntion bunker,7.8,7.73994,7.35384,5.99742
6879,Chicago,02/09/2025,8.3,Indiana,Gary-IITRI/ 1219.5 meters east of Tennessee St.- old ammuntion bunker,8.3,8.23609,7.825240000000001,6.381870000000001
6880,Chicago,02/12/2025,13.2,Indiana,Gary-IITRI/ 1219.5 meters east of Tennessee St.- old ammuntion bunker,13.2,13.09836,12.444959999999998,10.14948
6881,Chicago,02/15/2025,11.1,Indiana,Gary-IITRI/ 1219.5 meters east of Tennessee St.- old ammuntion bunker,11.1,11.014529999999999,10.465079999999999,8.53479
6882,Chicago,02/18/2025,9.0,Indiana,Gary-IITRI/ 1219.5 meters east of Tennessee St.- old ammuntion bunker,9.0,8.9307,8.485199999999999,6.920100000000001
6883,Chicago,02/21/2025,11.6,Indiana,Gary-IITRI/ 1219.5 meters east of Tennessee St.- old ammuntion bunker,11.6,11.510679999999999,10.93648,8.91924
6884,Chicago,02/24/2025,11.4,Indiana,Gary-IITRI/ 1219.5 meters east of Tennessee St.- old ammuntion bunker,11.4,11.31222,10.74792,8.765460000000001
6885,Chicago,02/27/2025,12.5,Indiana,Gary-IITRI/ 1219.5 meters east of Tennessee St.- old ammuntion bunker,12.5,12.403749999999999,11.785,9.61125
6886,Chicago,03/02/2025,10.4,Indiana,Gary-IITRI/ 1219.5 meters east of Tennessee St.- old ammuntion bunker,10.4,10.31992,9.80512,7.996560000000001
6887,Chicago,03/05/2025,8.4,Indiana,Gary-IITRI/ 1219.5 meters east of Tennessee St.- old ammuntion bunker,8.4,8.33532,7.91952,6.458760000000001
6888,Chicago,03/08/2025,5.6,Indiana,Gary-IITRI/ 1219.5 meters east of Tennessee St.- old ammuntion bunker,5.6,5.55688,5.27968,4.30584
6889,Chicago,04/01/2025,3.1,Indiana,Gary-IITRI/ 1219.5 meters east of Tennessee St.- old ammuntion bunker,3.1,3.07613,2.92268,2.3835900000000003
6890,Chicago,04/04/2025,5.0,Indiana,Gary-IITRI/ 1219.5 meters east of Tennessee St.- old ammuntion bunker,5.0,4.9615,4.7139999999999995,3.8445
6891,Chicago,04/07/2025,3.3,Indiana,Gary-IITRI/ 1219.5 meters east of Tennessee St.- old ammuntion bunker,3.3,3.27459,3.1112399999999996,2.53737
6892,Chicago,04/10/2025,9.2,Indiana,Gary-IITRI/ 1219.5 meters east of Tennessee St.- old ammuntion bunker,9.2,9.129159999999999,8.67376,7.07388
6893,Chicago,04/13/2025,6.8,Indiana,Gary-IITRI/ 1219.5 meters east of Tennessee St.- old ammuntion bunker,6.8,6.74764,6.41104,5.22852
6894,Chicago,04/16/2025,5.3,Indiana,Gary-IITRI/ 1219.5 meters east of Tennessee St.- old ammuntion bunker,5.3,5.259189999999999,4.99684,4.07517
6895,Chicago,04/19/2025,8.0,Indiana,Gary-IITRI/ 1219.5 meters east of Tennessee St.- old ammuntion bunker,8.0,7.9384,7.5424,6.1512
6896,Chicago,04/22/2025,143.7,Indiana,Gary-IITRI/ 1219.5 meters east of Tennessee St.- old ammuntion bunker,143.7,142.59350999999998,135.48036,110.49092999999999
6897,Chicago,04/25/2025,3.6,Indiana,Gary-IITRI/ 1219.5 meters east of Tennessee St.- old ammuntion bunker,3.6,3.57228,3.3940799999999998,2.76804
6898,Chicago,04/28/2025,6.9,Indiana,Gary-IITRI/ 1219.5 meters east of Tennessee St.- old ammuntion bunker,6.9,6.84687,6.50532,5.30541
6899,Chicago,05/01/2025,6.0,Indiana,Gary-IITRI/ 1219.5 meters east of Tennessee St.- old ammuntion bunker,6.0,5.953799999999999,5.6568,4.6134
6900,Chicago,05/04/2025,2.7,Indiana,Gary-IITRI/ 1219.5 meters east of Tennessee St.- old ammuntion bunker,2.7,2.67921,2.54556,2.0760300000000003
6901,Chicago,05/07/2025,8.5,Indiana,Gary-IITRI/ 1219.5 meters east of Tennessee St.- old ammuntion bunker,8.5,8.43455,8.0138,6.53565
6902,Chicago,05/10/2025,5.6,Indiana,Gary-IITRI/ 1219.5 meters east of Tennessee St.- old ammuntion bunker,5.6,5.55688,5.27968,4.30584
6903,Chicago,05/13/2025,6.9,Indiana,Gary-IITRI/ 1219.5 meters east of Tennessee St.- old ammuntion bunker,6.9,6.84687,6.50532,5.30541
6904,Chicago,05/16/2025,14.5,Indiana,Gary-IITRI/ 1219.5 meters east of Tennessee St.- old ammuntion bunker,14.5,14.388349999999999,13.6706,11.14905
6905,Chicago,05/19/2025,4.2,Indiana,Gary-IITRI/ 1219.5 meters east of Tennessee St.- old ammuntion bunker,4.2,4.16766,3.95976,3.2293800000000004
6906,Chicago,05/22/2025,1.7,Indiana,Gary-IITRI/ 1219.5 meters east of Tennessee St.- old ammuntion bunker,1.7,1.68691,1.60276,1.30713
6907,Chicago,05/25/2025,2.9,Indiana,Gary-IITRI/ 1219.5 meters east of Tennessee St.- old ammuntion bunker,2.9,2.8776699999999997,2.73412,2.22981
6908,Chicago,05/28/2025,6.1,Indiana,Gary-IITRI/ 1219.5 meters east of Tennessee St.- old ammuntion bunker,6.1,6.05303,5.751079999999999,4.69029
6909,Chicago,05/31/2025,6.8,Indiana,Gary-IITRI/ 1219.5 meters east of Tennessee St.- old ammuntion bunker,6.8,6.74764,6.41104,5.22852
6910,Chicago,06/06/2025,24.2,Indiana,Gary-IITRI/ 1219.5 meters east of Tennessee St.- old ammuntion bunker,24.2,24.013659999999998,22.815759999999997,18.60738
6911,Chicago,06/09/2025,24.7,Indiana,Gary-IITRI/ 1219.5 meters east of Tennessee St.- old ammuntion bunker,24.7,24.509809999999998,23.28716,18.99183
6912,Chicago,06/12/2025,23.1,Indiana,Gary-IITRI/ 1219.5 meters east of Tennessee St.- old ammuntion bunker,23.1,22.92213,21.77868,17.76159
6913,Chicago,06/15/2025,10.5,Indiana,Gary-IITRI/ 1219.5 meters east of Tennessee St.- old ammuntion bunker,10.5,10.41915,9.8994,8.073450000000001
6914,Chicago,06/18/2025,7.2,Indiana,Gary-IITRI/ 1219.5 meters east of Tennessee St.- old ammuntion bunker,7.2,7.14456,6.7881599999999995,5.53608
6915,Chicago,06/21/2025,10.9,Indiana,Gary-IITRI/ 1219.5 meters east of Tennessee St.- old ammuntion bunker,10.9,10.81607,10.27652,8.38101
6916,Chicago,06/24/2025,10.5,Indiana,Gary-IITRI/ 1219.5 meters east of Tennessee St.- old ammuntion bunker,10.5,10.41915,9.8994,8.073450000000001
6917,Chicago,06/27/2025,6.5,Indiana,Gary-IITRI/ 1219.5 meters east of Tennessee St.- old ammuntion bunker,6.5,6.449949999999999,6.1282,4.997850000000001
6918,Chicago,06/30/2025,5.1,Indiana,Gary-IITRI/ 1219.5 meters east of Tennessee St.- old ammuntion bunker,5.1,5.0607299999999995,4.80828,3.9213899999999997
6919,Chicago,07/03/2025,12.3,Indiana,Gary-IITRI/ 1219.5 meters east of Tennessee St.- old ammuntion bunker,12.3,12.20529,11.596440000000001,9.45747
6920,Chicago,07/06/2025,7.7,Indiana,Gary-IITRI/ 1219.5 meters east of Tennessee St.- old ammuntion bunker,7.7,7.6407099999999994,7.25956,5.92053
6921,Chicago,07/09/2025,9.3,Indiana,Gary-IITRI/ 1219.5 meters east of Tennessee St.- old ammuntion bunker,9.3,9.228390000000001,8.768040000000001,7.1507700000000005
6922,Chicago,07/12/2025,5.8,Indiana,Gary-IITRI/ 1219.5 meters east of Tennessee St.- old ammuntion bunker,5.8,5.7553399999999995,5.46824,4.45962
6923,Chicago,07/15/2025,20.3,Indiana,Gary-IITRI/ 1219.5 meters east of Tennessee St.- old ammuntion bunker,20.3,20.14369,19.138840000000002,15.608670000000002
6924,Chicago,07/18/2025,7.6,Indiana,Gary-IITRI/ 1219.5 meters east of Tennessee St.- old ammuntion bunker,7.6,7.541479999999999,7.165279999999999,5.84364
6925,Chicago,07/21/2025,14.9,Indiana,Gary-IITRI/ 1219.5 meters east of Tennessee St.- old ammuntion bunker,14.9,14.78527,14.04772,11.456610000000001
6926,Chicago,07/24/2025,12.5,Indiana,Gary-IITRI/ 1219.5 meters east of Tennessee St.- old ammuntion bunker,12.5,12.403749999999999,11.785,9.61125
6927,Chicago,07/30/2025,12.6,Indiana,Gary-IITRI/ 1219.5 meters east of Tennessee St.- old ammuntion bunker,12.6,12.502979999999999,11.87928,9.68814
6928,Chicago,08/02/2025,21.2,Indiana,Gary-IITRI/ 1219.5 meters east of Tennessee St.- old ammuntion bunker,21.2,21.036759999999997,19.98736,16.30068
6929,Chicago,08/05/2025,28.6,Indiana,Gary-IITRI/ 1219.5 meters east of Tennessee St.- old ammuntion bunker,28.6,28.37978,26.96408,21.990540000000003
6930,Chicago,08/08/2025,12.4,Indiana,Gary-IITRI/ 1219.5 meters east of Tennessee St.- old ammuntion bunker,12.4,12.30452,11.69072,9.534360000000001
6931,Chicago,08/11/2025,8.5,Indiana,Gary-IITRI/ 1219.5 meters east of Tennessee St.- old ammuntion bunker,8.5,8.43455,8.0138,6.53565
6932,Chicago,08/14/2025,17.2,Indiana,Gary-IITRI/ 1219.5 meters east of Tennessee St.- old ammuntion bunker,17.2,17.06756,16.21616,13.22508
6933,Chicago,08/17/2025,4.6,Indiana,Gary-IITRI/ 1219.5 meters east of Tennessee St.- old ammuntion bunker,4.6,4.564579999999999,4.33688,3.53694
6934,Chicago,08/20/2025,2.0,Indiana,Gary-IITRI/ 1219.5 meters east of Tennessee St.- old ammuntion bunker,2.0,1.9846,1.8856,1.5378
6935,Chicago,08/23/2025,6.4,Indiana,Gary-IITRI/ 1219.5 meters east of Tennessee St.- old ammuntion bunker,6.4,6.35072,6.03392,4.920960000000001
6936,Chicago,08/26/2025,9.4,Indiana,Gary-IITRI/ 1219.5 meters east of Tennessee St.- old ammuntion bunker,9.4,9.32762,8.86232,7.22766
6937,Chicago,08/29/2025,3.0,Indiana,Gary-IITRI/ 1219.5 meters east of Tennessee St.- old ammuntion bunker,3.0,2.9768999999999997,2.8284,2.3067
6938,Chicago,09/01/2025,7.8,Indiana,Gary-IITRI/ 1219.5 meters east of Tennessee St.- old ammuntion bunker,7.8,7.73994,7.35384,5.99742
6939,Chicago,09/04/2025,9.7,Indiana,Gary-IITRI/ 1219.5 meters east of Tennessee St.- old ammuntion bunker,9.7,9.625309999999999,9.145159999999999,7.45833
6940,Chicago,09/07/2025,6.1,Indiana,Gary-IITRI/ 1219.5 meters east of Tennessee St.- old ammuntion bunker,6.1,6.05303,5.751079999999999,4.69029
6941,Chicago,09/10/2025,9.2,Indiana,Gary-IITRI/ 1219.5 meters east of Tennessee St.- old ammuntion bunker,9.2,9.129159999999999,8.67376,7.07388
6942,Chicago,09/13/2025,11.0,Indiana,Gary-IITRI/ 1219.5 meters east of Tennessee St.- old ammuntion bunker,11.0,10.9153,10.3708,8.4579
6943,Chicago,09/16/2025,8.2,Indiana,Gary-IITRI/ 1219.5 meters east of Tennessee St.- old ammuntion bunker,8.2,8.136859999999999,7.730959999999999,6.30498
6944,Chicago,09/19/2025,12.5,Indiana,Gary-IITRI/ 1219.5 meters east of Tennessee St.- old ammuntion bunker,12.5,12.403749999999999,11.785,9.61125
6945,Chicago,09/22/2025,6.4,Indiana,Gary-IITRI/ 1219.5 meters east of Tennessee St.- old ammuntion bunker,6.4,6.35072,6.03392,4.920960000000001
6946,Chicago,09/25/2025,4.2,Indiana,Gary-IITRI/ 1219.5 meters east of Tennessee St.- old ammuntion bunker,4.2,4.16766,3.95976,3.2293800000000004
6947,Chicago,09/28/2025,7.2,Indiana,Gary-IITRI/ 1219.5 meters east of Tennessee St.- old ammuntion bunker,7.2,7.14456,6.7881599999999995,5.53608
6948,Chicago,10/01/2025,5.9,Indiana,Gary-IITRI/ 1219.5 meters east of Tennessee St.- old ammuntion bunker,5.9,5.85457,5.56252,4.536510000000001
6949,Chicago,10/04/2025,10.5,Indiana,Gary-IITRI/ 1219.5 meters east of Tennessee St.- old ammuntion bunker,10.5,10.41915,9.8994,8.073450000000001
6950,Chicago,10/07/2025,2.4,Indiana,Gary-IITRI/ 1219.5 meters east of Tennessee St.- old ammuntion bunker,2.4,2.3815199999999996,2.26272,1.84536
6951,Chicago,10/10/2025,6.9,Indiana,Gary-IITRI/ 1219.5 meters east of Tennessee St.- old ammuntion bunker,6.9,6.84687,6.50532,5.30541
6952,Chicago,10/13/2025,7.1,Indiana,Gary-IITRI/ 1219.5 meters east of Tennessee St.- old ammuntion bunker,7.1,7.045329999999999,6.693879999999999,5.4591899999999995
6953,Chicago,10/16/2025,4.4,Indiana,Gary-IITRI/ 1219.5 meters east of Tennessee St.- old ammuntion bunker,4.4,4.3661200000000004,4.14832,3.3831600000000006
6954,Chicago,10/19/2025,7.4,Indiana,Gary-IITRI/ 1219.5 meters east of Tennessee St.- old ammuntion bunker,7.4,7.34302,6.97672,5.68986
6955,Chicago,10/22/2025,2.8,Indiana,Gary-IITRI/ 1219.5 meters east of Tennessee St.- old ammuntion bunker,2.8,2.77844,2.63984,2.15292
6956,Chicago,10/25/2025,7.6,Indiana,Gary-IITRI/ 1219.5 meters east of Tennessee St.- old ammuntion bunker,7.6,7.541479999999999,7.165279999999999,5.84364
6957,Chicago,10/31/2025,8.7,Indiana,Gary-IITRI/ 1219.5 meters east of Tennessee St.- old ammuntion bunker,8.7,8.633009999999999,8.202359999999999,6.68943
6958,Chicago,11/03/2025,5.5,Indiana,Gary-IITRI/ 1219.5 meters east of Tennessee St.- old ammuntion bunker,5.5,5.45765,5.1854,4.22895
6959,Chicago,11/06/2025,7.6,Indiana,Gary-IITRI/ 1219.5 meters east of Tennessee St.- old ammuntion bunker,7.6,7.541479999999999,7.165279999999999,5.84364
6960,Chicago,11/09/2025,5.2,Indiana,Gary-IITRI/ 1219.5 meters east of Tennessee St.- old ammuntion bunker,5.2,5.15996,4.90256,3.9982800000000003
6961,Chicago,11/12/2025,4.5,Indiana,Gary-IITRI/ 1219.5 meters east of Tennessee St.- old ammuntion bunker,4.5,4.46535,4.2425999999999995,3.4600500000000003
6962,Chicago,11/15/2025,10.4,Indiana,Gary-IITRI/ 1219.5 meters east of Tennessee St.- old ammuntion bunker,10.4,10.31992,9.80512,7.996560000000001
6963,Chicago,11/18/2025,10.1,Indiana,Gary-IITRI/ 1219.5 meters east of Tennessee St.- old ammuntion bunker,10.1,10.022229999999999,9.522279999999999,7.76589
6964,Chicago,11/21/2025,13.0,Indiana,Gary-IITRI/ 1219.5 meters east of Tennessee St.- old ammuntion bunker,13.0,12.899899999999999,12.2564,9.995700000000001
6965,Chicago,11/24/2025,13.6,Indiana,Gary-IITRI/ 1219.5 meters east of Tennessee St.- old ammuntion bunker,13.6,13.49528,12.82208,10.45704
6966,Chicago,11/27/2025,11.2,Indiana,Gary-IITRI/ 1219.5 meters east of Tennessee St.- old ammuntion bunker,11.2,11.11376,10.55936,8.61168
6967,Chicago,11/30/2025,7.2,Indiana,Gary-IITRI/ 1219.5 meters east of Tennessee St.- old ammuntion bunker,7.2,7.14456,6.7881599999999995,5.53608
6968,Chicago,12/03/2025,11.9,Indiana,Gary-IITRI/ 1219.5 meters east of Tennessee St.- old ammuntion bunker,11.9,11.80837,11.21932,9.14991
6969,Chicago,12/06/2025,17.8,Indiana,Gary-IITRI/ 1219.5 meters east of Tennessee St.- old ammuntion bunker,17.8,17.66294,16.78184,13.686420000000002
6970,Chicago,12/09/2025,12.0,Indiana,Gary-IITRI/ 1219.5 meters east of Tennessee St.- old ammuntion bunker,12.0,11.907599999999999,11.3136,9.2268
6971,Chicago,12/12/2025,16.6,Indiana,Gary-IITRI/ 1219.5 meters east of Tennessee St.- old ammuntion bunker,16.6,16.47218,15.650480000000002,12.763740000000002
6972,Chicago,12/18/2025,8.2,Indiana,Gary-IITRI/ 1219.5 meters east of Tennessee St.- old ammuntion bunker,8.2,8.136859999999999,7.730959999999999,6.30498
6973,Chicago,12/21/2025,5.5,Indiana,Gary-IITRI/ 1219.5 meters east of Tennessee St.- old ammuntion bunker,5.5,5.45765,5.1854,4.22895
6974,Chicago,12/24/2025,13.2,Indiana,Gary-IITRI/ 1219.5 meters east of Tennessee St.- old ammuntion bunker,13.2,13.09836,12.444959999999998,10.14948
6975,Chicago,12/27/2025,10.4,Indiana,Gary-IITRI/ 1219.5 meters east of Tennessee St.- old ammuntion bunker,10.4,10.31992,9.80512,7.996560000000001
6976,Chicago,01/01/2025,6.8,Indiana,Gary-IITRI/ 1219.5 meters east of Tennessee St.- old ammuntion bunker,6.8,6.74764,6.41104,5.22852
6977,Chicago,01/02/2025,6.9,Indiana,Gary-IITRI/ 1219.5 meters east of Tennessee St.- old ammuntion bunker,6.9,6.84687,6.50532,5.30541
6978,Chicago,01/03/2025,18.3,Indiana,Gary-IITRI/ 1219.5 meters east of Tennessee St.- old ammuntion bunker,18.3,18.15909,17.25324,14.070870000000001
6979,Chicago,01/04/2025,11.6,Indiana,Gary-IITRI/ 1219.5 meters east of Tennessee St.- old ammuntion bunker,11.6,11.510679999999999,10.93648,8.91924
6980,Chicago,01/05/2025,7.0,Indiana,Gary-IITRI/ 1219.5 meters east of Tennessee St.- old ammuntion bunker,7.0,6.9460999999999995,6.5996,5.3823
6981,Chicago,01/06/2025,3.9,Indiana,Gary-IITRI/ 1219.5 meters east of Tennessee St.- old ammuntion bunker,3.9,3.86997,3.67692,2.99871
6982,Chicago,01/07/2025,12.5,Indiana,Gary-IITRI/ 1219.5 meters east of Tennessee St.- old ammuntion bunker,12.5,12.403749999999999,11.785,9.61125
6983,Chicago,01/08/2025,12.3,Indiana,Gary-IITRI/ 1219.5 meters east of Tennessee St.- old ammuntion bunker,12.3,12.20529,11.596440000000001,9.45747
6984,Chicago,01/09/2025,12.0,Indiana,Gary-IITRI/ 1219.5 meters east of Tennessee St.- old ammuntion bunker,12.0,11.907599999999999,11.3136,9.2268
6985,Chicago,01/10/2025,19.3,Indiana,Gary-IITRI/ 1219.5 meters east of Tennessee St.- old ammuntion bunker,19.3,19.15139,18.19604,14.839770000000001
6986,Chicago,01/11/2025,12.2,Indiana,Gary-IITRI/ 1219.5 meters east of Tennessee St.- old ammuntion bunker,12.2,12.10606,11.502159999999998,9.38058
6987,Chicago,01/12/2025,10.5,Indiana,Gary-IITRI/ 1219.5 meters east of Tennessee St.- old ammuntion bunker,10.5,10.41915,9.8994,8.073450000000001
6988,Chicago,01/13/2025,5.5,Indiana,Gary-IITRI/ 1219.5 meters east of Tennessee St.- old ammuntion bunker,5.5,5.45765,5.1854,4.22895
6989,Chicago,01/16/2025,15.8,Indiana,Gary-IITRI/ 1219.5 meters east of Tennessee St.- old ammuntion bunker,15.8,15.67834,14.89624,12.148620000000001
6990,Chicago,01/17/2025,8.3,Indiana,Gary-IITRI/ 1219.5 meters east of Tennessee St.- old ammuntion bunker,8.3,8.23609,7.825240000000001,6.381870000000001
6991,Chicago,01/18/2025,5.9,Indiana,Gary-IITRI/ 1219.5 meters east of Tennessee St.- old ammuntion bunker,5.9,5.85457,5.56252,4.536510000000001
6992,Chicago,01/19/2025,10.0,Indiana,Gary-IITRI/ 1219.5 meters east of Tennessee St.- old ammuntion bunker,10.0,9.923,9.427999999999999,7.689
6993,Chicago,01/20/2025,6.0,Indiana,Gary-IITRI/ 1219.5 meters east of Tennessee St.- old ammuntion bunker,6.0,5.953799999999999,5.6568,4.6134
6994,Chicago,01/21/2025,7.8,Indiana,Gary-IITRI/ 1219.5 meters east of Tennessee St.- old ammuntion bunker,7.8,7.73994,7.35384,5.99742
6995,Chicago,01/22/2025,8.9,Indiana,Gary-IITRI/ 1219.5 meters east of Tennessee St.- old ammuntion bunker,8.9,8.83147,8.39092,6.843210000000001
6996,Chicago,01/23/2025,10.4,Indiana,Gary-IITRI/ 1219.5 meters east of Tennessee St.- old ammuntion bunker,10.4,10.31992,9.80512,7.996560000000001
6997,Chicago,01/24/2025,10.0,Indiana,Gary-IITRI/ 1219.5 meters east of Tennessee St.- old ammuntion bunker,10.0,9.923,9.427999999999999,7.689
6998,Chicago,01/25/2025,8.3,Indiana,Gary-IITRI/ 1219.5 meters east of Tennessee St.- old ammuntion bunker,8.3,8.23609,7.825240000000001,6.381870000000001
6999,Chicago,01/26/2025,7.1,Indiana,Gary-IITRI/ 1219.5 meters east of Tennessee St.- old ammuntion bunker,7.1,7.045329999999999,6.693879999999999,5.4591899999999995
7000,Chicago,01/27/2025,4.5,Indiana,Gary-IITRI/ 1219.5 meters east of Tennessee St.- old ammuntion bunker,4.5,4.46535,4.2425999999999995,3.4600500000000003
7001,Chicago,01/28/2025,6.1,Indiana,Gary-IITRI/ 1219.5 meters east of Tennessee St.- old ammuntion bunker,6.1,6.05303,5.751079999999999,4.69029
7002,Chicago,01/29/2025,10.6,Indiana,Gary-IITRI/ 1219.5 meters east of Tennessee St.- old ammuntion bunker,10.6,10.518379999999999,9.99368,8.15034
7003,Chicago,01/30/2025,8.8,Indiana,Gary-IITRI/ 1219.5 meters east of Tennessee St.- old ammuntion bunker,8.8,8.732240000000001,8.29664,6.766320000000001
7004,Chicago,01/31/2025,8.1,Indiana,Gary-IITRI/ 1219.5 meters east of Tennessee St.- old ammuntion bunker,8.1,8.03763,7.636679999999999,6.22809
7005,Chicago,02/01/2025,4.0,Indiana,Gary-IITRI/ 1219.5 meters east of Tennessee St.- old ammuntion bunker,4.0,3.9692,3.7712,3.0756
7006,Chicago,02/02/2025,9.2,Indiana,Gary-IITRI/ 1219.5 meters east of Tennessee St.- old ammuntion bunker,9.2,9.129159999999999,8.67376,7.07388
7007,Chicago,02/03/2025,10.8,Indiana,Gary-IITRI/ 1219.5 meters east of Tennessee St.- old ammuntion bunker,10.8,10.71684,10.18224,8.304120000000001
7008,Chicago,02/04/2025,3.5,Indiana,Gary-IITRI/ 1219.5 meters east of Tennessee St.- old ammuntion bunker,3.5,3.4730499999999997,3.2998,2.69115
7009,Chicago,02/05/2025,6.9,Indiana,Gary-IITRI/ 1219.5 meters east of Tennessee St.- old ammuntion bunker,6.9,6.84687,6.50532,5.30541
7010,Chicago,02/06/2025,7.6,Indiana,Gary-IITRI/ 1219.5 meters east of Tennessee St.- old ammuntion bunker,7.6,7.541479999999999,7.165279999999999,5.84364
7011,Chicago,02/07/2025,11.1,Indiana,Gary-IITRI/ 1219.5 meters east of Tennessee St.- old ammuntion bunker,11.1,11.014529999999999,10.465079999999999,8.53479
7012,Chicago,02/08/2025,11.2,Indiana,Gary-IITRI/ 1219.5 meters east of Tennessee St.- old ammuntion bunker,11.2,11.11376,10.55936,8.61168
7013,Chicago,02/09/2025,10.3,Indiana,Gary-IITRI/ 1219.5 meters east of Tennessee St.- old ammuntion bunker,10.3,10.220690000000001,9.710840000000001,7.919670000000001
7014,Chicago,02/10/2025,9.6,Indiana,Gary-IITRI/ 1219.5 meters east of Tennessee St.- old ammuntion bunker,9.6,9.526079999999999,9.05088,7.38144
7015,Chicago,02/11/2025,7.6,Indiana,Gary-IITRI/ 1219.5 meters east of Tennessee St.- old ammuntion bunker,7.6,7.541479999999999,7.165279999999999,5.84364
7016,Chicago,02/12/2025,12.6,Indiana,Gary-IITRI/ 1219.5 meters east of Tennessee St.- old ammuntion bunker,12.6,12.502979999999999,11.87928,9.68814
7017,Chicago,02/13/2025,11.8,Indiana,Gary-IITRI/ 1219.5 meters east of Tennessee St.- old ammuntion bunker,11.8,11.70914,11.12504,9.073020000000001
7018,Chicago,02/14/2025,11.6,Indiana,Gary-IITRI/ 1219.5 meters east of Tennessee St.- old ammuntion bunker,11.6,11.510679999999999,10.93648,8.91924
7019,Chicago,02/15/2025,10.5,Indiana,Gary-IITRI/ 1219.5 meters east of Tennessee St.- old ammuntion bunker,10.5,10.41915,9.8994,8.073450000000001
7020,Chicago,02/16/2025,12.0,Indiana,Gary-IITRI/ 1219.5 meters east of Tennessee St.- old ammuntion bunker,12.0,11.907599999999999,11.3136,9.2268
7021,Chicago,02/17/2025,8.5,Indiana,Gary-IITRI/ 1219.5 meters east of Tennessee St.- old ammuntion bunker,8.5,8.43455,8.0138,6.53565
7022,Chicago,02/18/2025,10.2,Indiana,Gary-IITRI/ 1219.5 meters east of Tennessee St.- old ammuntion bunker,10.2,10.121459999999999,9.61656,7.842779999999999
7023,Chicago,02/19/2025,12.3,Indiana,Gary-IITRI/ 1219.5 meters east of Tennessee St.- old ammuntion bunker,12.3,12.20529,11.596440000000001,9.45747
7024,Chicago,02/20/2025,14.8,Indiana,Gary-IITRI/ 1219.5 meters east of Tennessee St.- old ammuntion bunker,14.8,14.68604,13.95344,11.37972
7025,Chicago,02/21/2025,11.8,Indiana,Gary-IITRI/ 1219.5 meters east of Tennessee St.- old ammuntion bunker,11.8,11.70914,11.12504,9.073020000000001
7026,Chicago,02/22/2025,10.9,Indiana,Gary-IITRI/ 1219.5 meters east of Tennessee St.- old ammuntion bunker,10.9,10.81607,10.27652,8.38101
7027,Chicago,02/23/2025,12.0,Indiana,Gary-IITRI/ 1219.5 meters east of Tennessee St.- old ammuntion bunker,12.0,11.907599999999999,11.3136,9.2268
7028,Chicago,02/24/2025,10.1,Indiana,Gary-IITRI/ 1219.5 meters east of Tennessee St.- old ammuntion bunker,10.1,10.022229999999999,9.522279999999999,7.76589
7029,Chicago,02/25/2025,13.7,Indiana,Gary-IITRI/ 1219.5 meters east of Tennessee St.- old ammuntion bunker,13.7,13.594509999999998,12.91636,10.53393
7030,Chicago,02/26/2025,11.4,Indiana,Gary-IITRI/ 1219.5 meters east of Tennessee St.- old ammuntion bunker,11.4,11.31222,10.74792,8.765460000000001
7031,Chicago,02/27/2025,13.3,Indiana,Gary-IITRI/ 1219.5 meters east of Tennessee St.- old ammuntion bunker,13.3,13.19759,12.53924,10.226370000000001
7032,Chicago,02/28/2025,8.1,Indiana,Gary-IITRI/ 1219.5 meters east of Tennessee St.- old ammuntion bunker,8.1,8.03763,7.636679999999999,6.22809
7033,Chicago,03/01/2025,5.2,Indiana,Gary-IITRI/ 1219.5 meters east of Tennessee St.- old ammuntion bunker,5.2,5.15996,4.90256,3.9982800000000003
7034,Chicago,03/02/2025,12.3,Indiana,Gary-IITRI/ 1219.5 meters east of Tennessee St.- old ammuntion bunker,12.3,12.20529,11.596440000000001,9.45747
7035,Chicago,03/03/2025,10.0,Indiana,Gary-IITRI/ 1219.5 meters east of Tennessee St.- old ammuntion bunker,10.0,9.923,9.427999999999999,7.689
7036,Chicago,03/04/2025,7.5,Indiana,Gary-IITRI/ 1219.5 meters east of Tennessee St.- old ammuntion bunker,7.5,7.44225,7.071,5.76675
7037,Chicago,03/05/2025,11.5,Indiana,Gary-IITRI/ 1219.5 meters east of Tennessee St.- old ammuntion bunker,11.5,11.41145,10.8422,8.84235
7038,Chicago,03/06/2025,12.0,Indiana,Gary-IITRI/ 1219.5 meters east of Tennessee St.- old ammuntion bunker,12.0,11.907599999999999,11.3136,9.2268
7039,Chicago,03/07/2025,8.1,Indiana,Gary-IITRI/ 1219.5 meters east of Tennessee St.- old ammuntion bunker,8.1,8.03763,7.636679999999999,6.22809
7040,Chicago,03/08/2025,7.8,Indiana,Gary-IITRI/ 1219.5 meters east of Tennessee St.- old ammuntion bunker,7.8,7.73994,7.35384,5.99742
7041,Chicago,03/09/2025,6.2,Indiana,Gary-IITRI/ 1219.5 meters east of Tennessee St.- old ammuntion bunker,6.2,6.15226,5.84536,4.767180000000001
7042,Chicago,03/10/2025,6.6,Indiana,Gary-IITRI/ 1219.5 meters east of Tennessee St.- old ammuntion bunker,6.6,6.54918,6.222479999999999,5.07474
7043,Chicago,03/11/2025,6.8,Indiana,Gary-IITRI/ 1219.5 meters east of Tennessee St.- old ammuntion bunker,6.8,6.74764,6.41104,5.22852
7044,Chicago,03/12/2025,4.3,Indiana,Gary-IITRI/ 1219.5 meters east of Tennessee St.- old ammuntion bunker,4.3,4.26689,4.05404,3.30627
7045,Chicago,03/13/2025,10.0,Indiana,Gary-IITRI/ 1219.5 meters east of Tennessee St.- old ammuntion bunker,10.0,9.923,9.427999999999999,7.689
7046,Chicago,03/14/2025,11.0,Indiana,Gary-IITRI/ 1219.5 meters east of Tennessee St.- old ammuntion bunker,11.0,10.9153,10.3708,8.4579
7047,Chicago,03/15/2025,33.2,Indiana,Gary-IITRI/ 1219.5 meters east of Tennessee St.- old ammuntion bunker,33.2,32.94436,31.300960000000003,25.527480000000004
7048,Chicago,03/16/2025,6.4,Indiana,Gary-IITRI/ 1219.5 meters east of Tennessee St.- old ammuntion bunker,6.4,6.35072,6.03392,4.920960000000001
7049,Chicago,03/21/2025,6.5,Indiana,Gary-IITRI/ 1219.5 meters east of Tennessee St.- old ammuntion bunker,6.5,6.449949999999999,6.1282,4.997850000000001
7050,Chicago,03/22/2025,7.1,Indiana,Gary-IITRI/ 1219.5 meters east of Tennessee St.- old ammuntion bunker,7.1,7.045329999999999,6.693879999999999,5.4591899999999995
7051,Chicago,03/23/2025,6.5,Indiana,Gary-IITRI/ 1219.5 meters east of Tennessee St.- old ammuntion bunker,6.5,6.449949999999999,6.1282,4.997850000000001
7052,Chicago,03/25/2025,10.2,Indiana,Gary-IITRI/ 1219.5 meters east of Tennessee St.- old ammuntion bunker,10.2,10.121459999999999,9.61656,7.842779999999999
7053,Chicago,03/26/2025,11.4,Indiana,Gary-IITRI/ 1219.5 meters east of Tennessee St.- old ammuntion bunker,11.4,11.31222,10.74792,8.765460000000001
7054,Chicago,03/27/2025,10.4,Indiana,Gary-IITRI/ 1219.5 meters east of Tennessee St.- old ammuntion bunker,10.4,10.31992,9.80512,7.996560000000001
7055,Chicago,03/28/2025,8.0,Indiana,Gary-IITRI/ 1219.5 meters east of Tennessee St.- old ammuntion bunker,8.0,7.9384,7.5424,6.1512
7056,Chicago,03/29/2025,8.7,Indiana,Gary-IITRI/ 1219.5 meters east of Tennessee St.- old ammuntion bunker,8.7,8.633009999999999,8.202359999999999,6.68943
7057,Chicago,03/30/2025,7.2,Indiana,Gary-IITRI/ 1219.5 meters east of Tennessee St.- old ammuntion bunker,7.2,7.14456,6.7881599999999995,5.53608
7058,Chicago,03/31/2025,3.8,Indiana,Gary-IITRI/ 1219.5 meters east of Tennessee St.- old ammuntion bunker,3.8,3.7707399999999995,3.5826399999999996,2.92182
7059,Chicago,04/01/2025,5.0,Indiana,Gary-IITRI/ 1219.5 meters east of Tennessee St.- old ammuntion bunker,5.0,4.9615,4.7139999999999995,3.8445
7060,Chicago,04/02/2025,9.8,Indiana,Gary-IITRI/ 1219.5 meters east of Tennessee St.- old ammuntion bunker,9.8,9.724540000000001,9.23944,7.535220000000001
7061,Chicago,04/03/2025,6.3,Indiana,Gary-IITRI/ 1219.5 meters east of Tennessee St.- old ammuntion bunker,6.3,6.2514899999999995,5.93964,4.84407
7062,Chicago,04/04/2025,7.6,Indiana,Gary-IITRI/ 1219.5 meters east of Tennessee St.- old ammuntion bunker,7.6,7.541479999999999,7.165279999999999,5.84364
7063,Chicago,04/05/2025,5.0,Indiana,Gary-IITRI/ 1219.5 meters east of Tennessee St.- old ammuntion bunker,5.0,4.9615,4.7139999999999995,3.8445
7064,Chicago,04/06/2025,6.5,Indiana,Gary-IITRI/ 1219.5 meters east of Tennessee St.- old ammuntion bunker,6.5,6.449949999999999,6.1282,4.997850000000001
7065,Chicago,04/07/2025,6.1,Indiana,Gary-IITRI/ 1219.5 meters east of Tennessee St.- old ammuntion bunker,6.1,6.05303,5.751079999999999,4.69029
7066,Chicago,04/08/2025,6.4,Indiana,Gary-IITRI/ 1219.5 meters east of Tennessee St.- old ammuntion bunker,6.4,6.35072,6.03392,4.920960000000001
7067,Chicago,04/09/2025,8.3,Indiana,Gary-IITRI/ 1219.5 meters east of Tennessee St.- old ammuntion bunker,8.3,8.23609,7.825240000000001,6.381870000000001
7068,Chicago,04/10/2025,10.9,Indiana,Gary-IITRI/ 1219.5 meters east of Tennessee St.- old ammuntion bunker,10.9,10.81607,10.27652,8.38101
7069,Chicago,04/11/2025,10.9,Indiana,Gary-IITRI/ 1219.5 meters east of Tennessee St.- old ammuntion bunker,10.9,10.81607,10.27652,8.38101
7070,Chicago,04/12/2025,17.5,Indiana,Gary-IITRI/ 1219.5 meters east of Tennessee St.- old ammuntion bunker,17.5,17.36525,16.499,13.45575
7071,Chicago,04/13/2025,10.5,Indiana,Gary-IITRI/ 1219.5 meters east of Tennessee St.- old ammuntion bunker,10.5,10.41915,9.8994,8.073450000000001
7072,Chicago,04/14/2025,10.4,Indiana,Gary-IITRI/ 1219.5 meters east of Tennessee St.- old ammuntion bunker,10.4,10.31992,9.80512,7.996560000000001
7073,Chicago,04/15/2025,8.0,Indiana,Gary-IITRI/ 1219.5 meters east of Tennessee St.- old ammuntion bunker,8.0,7.9384,7.5424,6.1512
7074,Chicago,04/16/2025,7.2,Indiana,Gary-IITRI/ 1219.5 meters east of Tennessee St.- old ammuntion bunker,7.2,7.14456,6.7881599999999995,5.53608
7075,Chicago,04/17/2025,7.5,Indiana,Gary-IITRI/ 1219.5 meters east of Tennessee St.- old ammuntion bunker,7.5,7.44225,7.071,5.76675
7076,Chicago,04/18/2025,14.3,Indiana,Gary-IITRI/ 1219.5 meters east of Tennessee St.- old ammuntion bunker,14.3,14.18989,13.48204,10.995270000000001
7077,Chicago,04/19/2025,9.9,Indiana,Gary-IITRI/ 1219.5 meters east of Tennessee St.- old ammuntion bunker,9.9,9.82377,9.33372,7.61211
7078,Chicago,04/20/2025,7.0,Indiana,Gary-IITRI/ 1219.5 meters east of Tennessee St.- old ammuntion bunker,7.0,6.9460999999999995,6.5996,5.3823
7079,Chicago,04/21/2025,7.6,Indiana,Gary-IITRI/ 1219.5 meters east of Tennessee St.- old ammuntion bunker,7.6,7.541479999999999,7.165279999999999,5.84364
7080,Chicago,04/22/2025,89.6,Indiana,Gary-IITRI/ 1219.5 meters east of Tennessee St.- old ammuntion bunker,89.6,88.91008,84.47488,68.89344
7081,Chicago,04/23/2025,48.9,Indiana,Gary-IITRI/ 1219.5 meters east of Tennessee St.- old ammuntion bunker,48.9,48.523469999999996,46.10292,37.59921
7082,Chicago,04/24/2025,20.8,Indiana,Gary-IITRI/ 1219.5 meters east of Tennessee St.- old ammuntion bunker,20.8,20.63984,19.61024,15.993120000000001
7083,Chicago,04/25/2025,6.2,Indiana,Gary-IITRI/ 1219.5 meters east of Tennessee St.- old ammuntion bunker,6.2,6.15226,5.84536,4.767180000000001
7084,Chicago,04/26/2025,3.9,Indiana,Gary-IITRI/ 1219.5 meters east of Tennessee St.- old ammuntion bunker,3.9,3.86997,3.67692,2.99871
7085,Chicago,04/27/2025,7.3,Indiana,Gary-IITRI/ 1219.5 meters east of Tennessee St.- old ammuntion bunker,7.3,7.24379,6.88244,5.61297
7086,Chicago,04/28/2025,10.0,Indiana,Gary-IITRI/ 1219.5 meters east of Tennessee St.- old ammuntion bunker,10.0,9.923,9.427999999999999,7.689
7087,Chicago,04/29/2025,8.0,Indiana,Gary-IITRI/ 1219.5 meters east of Tennessee St.- old ammuntion bunker,8.0,7.9384,7.5424,6.1512
7088,Chicago,04/30/2025,5.7,Indiana,Gary-IITRI/ 1219.5 meters east of Tennessee St.- old ammuntion bunker,5.7,5.65611,5.37396,4.3827300000000005
7089,Chicago,05/01/2025,8.5,Indiana,Gary-IITRI/ 1219.5 meters east of Tennessee St.- old ammuntion bunker,8.5,8.43455,8.0138,6.53565
7090,Chicago,05/02/2025,5.6,Indiana,Gary-IITRI/ 1219.5 meters east of Tennessee St.- old ammuntion bunker,5.6,5.55688,5.27968,4.30584
7091,Chicago,05/03/2025,4.7,Indiana,Gary-IITRI/ 1219.5 meters east of Tennessee St.- old ammuntion bunker,4.7,4.66381,4.43116,3.61383
7092,Chicago,05/04/2025,5.1,Indiana,Gary-IITRI/ 1219.5 meters east of Tennessee St.- old ammuntion bunker,5.1,5.0607299999999995,4.80828,3.9213899999999997
7093,Chicago,05/05/2025,5.9,Indiana,Gary-IITRI/ 1219.5 meters east of Tennessee St.- old ammuntion bunker,5.9,5.85457,5.56252,4.536510000000001
7094,Chicago,05/06/2025,13.9,Indiana,Gary-IITRI/ 1219.5 meters east of Tennessee St.- old ammuntion bunker,13.9,13.79297,13.10492,10.687710000000001
7095,Chicago,05/07/2025,9.5,Indiana,Gary-IITRI/ 1219.5 meters east of Tennessee St.- old ammuntion bunker,9.5,9.42685,8.9566,7.30455
7096,Chicago,05/08/2025,6.8,Indiana,Gary-IITRI/ 1219.5 meters east of Tennessee St.- old ammuntion bunker,6.8,6.74764,6.41104,5.22852
7097,Chicago,05/09/2025,9.8,Indiana,Gary-IITRI/ 1219.5 meters east of Tennessee St.- old ammuntion bunker,9.8,9.724540000000001,9.23944,7.535220000000001
7098,Chicago,05/10/2025,8.4,Indiana,Gary-IITRI/ 1219.5 meters east of Tennessee St.- old ammuntion bunker,8.4,8.33532,7.91952,6.458760000000001
7099,Chicago,05/11/2025,7.3,Indiana,Gary-IITRI/ 1219.5 meters east of Tennessee St.- old ammuntion bunker,7.3,7.24379,6.88244,5.61297
7100,Chicago,05/12/2025,10.4,Indiana,Gary-IITRI/ 1219.5 meters east of Tennessee St.- old ammuntion bunker,10.4,10.31992,9.80512,7.996560000000001
7101,Chicago,05/13/2025,9.8,Indiana,Gary-IITRI/ 1219.5 meters east of Tennessee St.- old ammuntion bunker,9.8,9.724540000000001,9.23944,7.535220000000001
7102,Chicago,05/14/2025,10.7,Indiana,Gary-IITRI/ 1219.5 meters east of Tennessee St.- old ammuntion bunker,10.7,10.617609999999999,10.087959999999999,8.22723
7103,Chicago,05/15/2025,16.1,Indiana,Gary-IITRI/ 1219.5 meters east of Tennessee St.- old ammuntion bunker,16.1,15.976030000000002,15.17908,12.379290000000001
7104,Chicago,05/16/2025,11.8,Indiana,Gary-IITRI/ 1219.5 meters east of Tennessee St.- old ammuntion bunker,11.8,11.70914,11.12504,9.073020000000001
7105,Chicago,05/17/2025,5.8,Indiana,Gary-IITRI/ 1219.5 meters east of Tennessee St.- old ammuntion bunker,5.8,5.7553399999999995,5.46824,4.45962
7106,Chicago,05/18/2025,6.4,Indiana,Gary-IITRI/ 1219.5 meters east of Tennessee St.- old ammuntion bunker,6.4,6.35072,6.03392,4.920960000000001
7107,Chicago,05/19/2025,5.4,Indiana,Gary-IITRI/ 1219.5 meters east of Tennessee St.- old ammuntion bunker,5.4,5.35842,5.09112,4.1520600000000005
7108,Chicago,05/20/2025,7.0,Indiana,Gary-IITRI/ 1219.5 meters east of Tennessee St.- old ammuntion bunker,7.0,6.9460999999999995,6.5996,5.3823
7109,Chicago,05/21/2025,5.9,Indiana,Gary-IITRI/ 1219.5 meters east of Tennessee St.- old ammuntion bunker,5.9,5.85457,5.56252,4.536510000000001
7110,Chicago,05/22/2025,3.5,Indiana,Gary-IITRI/ 1219.5 meters east of Tennessee St.- old ammuntion bunker,3.5,3.4730499999999997,3.2998,2.69115
7111,Chicago,05/23/2025,6.0,Indiana,Gary-IITRI/ 1219.5 meters east of Tennessee St.- old ammuntion bunker,6.0,5.953799999999999,5.6568,4.6134
7112,Chicago,05/24/2025,6.5,Indiana,Gary-IITRI/ 1219.5 meters east of Tennessee St.- old ammuntion bunker,6.5,6.449949999999999,6.1282,4.997850000000001
7113,Chicago,05/25/2025,6.8,Indiana,Gary-IITRI/ 1219.5 meters east of Tennessee St.- old ammuntion bunker,6.8,6.74764,6.41104,5.22852
7114,Chicago,05/26/2025,5.7,Indiana,Gary-IITRI/ 1219.5 meters east of Tennessee St.- old ammuntion bunker,5.7,5.65611,5.37396,4.3827300000000005
7115,Chicago,05/27/2025,8.0,Indiana,Gary-IITRI/ 1219.5 meters east of Tennessee St.- old ammuntion bunker,8.0,7.9384,7.5424,6.1512
7116,Chicago,05/28/2025,10.1,Indiana,Gary-IITRI/ 1219.5 meters east of Tennessee St.- old ammuntion bunker,10.1,10.022229999999999,9.522279999999999,7.76589
7117,Chicago,05/29/2025,13.8,Indiana,Gary-IITRI/ 1219.5 meters east of Tennessee St.- old ammuntion bunker,13.8,13.69374,13.01064,10.61082
7118,Chicago,05/30/2025,18.4,Indiana,Gary-IITRI/ 1219.5 meters east of Tennessee St.- old ammuntion bunker,18.4,18.258319999999998,17.34752,14.14776
7119,Chicago,05/31/2025,11.4,Indiana,Gary-IITRI/ 1219.5 meters east of Tennessee St.- old ammuntion bunker,11.4,11.31222,10.74792,8.765460000000001
7120,Chicago,06/01/2025,9.7,Indiana,Gary-IITRI/ 1219.5 meters east of Tennessee St.- old ammuntion bunker,9.7,9.625309999999999,9.145159999999999,7.45833
7121,Chicago,06/02/2025,15.1,Indiana,Gary-IITRI/ 1219.5 meters east of Tennessee St.- old ammuntion bunker,15.1,14.98373,14.236279999999999,11.61039
7122,Chicago,06/03/2025,20.3,Indiana,Gary-IITRI/ 1219.5 meters east of Tennessee St.- old ammuntion bunker,20.3,20.14369,19.138840000000002,15.608670000000002
7123,Chicago,06/04/2025,36.9,Indiana,Gary-IITRI/ 1219.5 meters east of Tennessee St.- old ammuntion bunker,36.9,36.615869999999994,34.78932,28.37241
7124,Chicago,06/05/2025,44.6,Indiana,Gary-IITRI/ 1219.5 meters east of Tennessee St.- old ammuntion bunker,44.6,44.25658,42.04888,34.29294
7125,Chicago,06/06/2025,27.0,Indiana,Gary-IITRI/ 1219.5 meters east of Tennessee St.- old ammuntion bunker,27.0,26.792099999999998,25.4556,20.7603
7126,Chicago,06/07/2025,18.4,Indiana,Gary-IITRI/ 1219.5 meters east of Tennessee St.- old ammuntion bunker,18.4,18.258319999999998,17.34752,14.14776
7127,Chicago,06/08/2025,23.6,Indiana,Gary-IITRI/ 1219.5 meters east of Tennessee St.- old ammuntion bunker,23.6,23.41828,22.25008,18.146040000000003
7128,Chicago,06/09/2025,33.7,Indiana,Gary-IITRI/ 1219.5 meters east of Tennessee St.- old ammuntion bunker,33.7,33.44051,31.772360000000003,25.91193
7129,Chicago,06/10/2025,16.9,Indiana,Gary-IITRI/ 1219.5 meters east of Tennessee St.- old ammuntion bunker,16.9,16.769869999999997,15.933319999999998,12.99441
7130,Chicago,06/11/2025,20.1,Indiana,Gary-IITRI/ 1219.5 meters east of Tennessee St.- old ammuntion bunker,20.1,19.945230000000002,18.95028,15.454890000000002
7131,Chicago,06/12/2025,25.4,Indiana,Gary-IITRI/ 1219.5 meters east of Tennessee St.- old ammuntion bunker,25.4,25.20442,23.947119999999998,19.53006
7132,Chicago,06/13/2025,24.6,Indiana,Gary-IITRI/ 1219.5 meters east of Tennessee St.- old ammuntion bunker,24.6,24.41058,23.192880000000002,18.91494
7133,Chicago,06/14/2025,13.9,Indiana,Gary-IITRI/ 1219.5 meters east of Tennessee St.- old ammuntion bunker,13.9,13.79297,13.10492,10.687710000000001
7134,Chicago,06/15/2025,11.8,Indiana,Gary-IITRI/ 1219.5 meters east of Tennessee St.- old ammuntion bunker,11.8,11.70914,11.12504,9.073020000000001
7135,Chicago,06/16/2025,15.4,Indiana,Gary-IITRI/ 1219.5 meters east of Tennessee St.- old ammuntion bunker,15.4,15.281419999999999,14.51912,11.84106
7136,Chicago,06/17/2025,9.1,Indiana,Gary-IITRI/ 1219.5 meters east of Tennessee St.- old ammuntion bunker,9.1,9.029929999999998,8.57948,6.99699
7137,Chicago,06/18/2025,8.7,Indiana,Gary-IITRI/ 1219.5 meters east of Tennessee St.- old ammuntion bunker,8.7,8.633009999999999,8.202359999999999,6.68943
7138,Chicago,06/19/2025,13.5,Indiana,Gary-IITRI/ 1219.5 meters east of Tennessee St.- old ammuntion bunker,13.5,13.396049999999999,12.7278,10.38015
7139,Chicago,06/20/2025,9.5,Indiana,Gary-IITRI/ 1219.5 meters east of Tennessee St.- old ammuntion bunker,9.5,9.42685,8.9566,7.30455
7140,Chicago,06/21/2025,12.9,Indiana,Gary-IITRI/ 1219.5 meters east of Tennessee St.- old ammuntion bunker,12.9,12.80067,12.16212,9.91881
7141,Chicago,06/22/2025,13.1,Indiana,Gary-IITRI/ 1219.5 meters east of Tennessee St.- old ammuntion bunker,13.1,12.99913,12.350679999999999,10.07259
7142,Chicago,06/27/2025,7.2,Indiana,Gary-IITRI/ 1219.5 meters east of Tennessee St.- old ammuntion bunker,7.2,7.14456,6.7881599999999995,5.53608
7143,Chicago,06/28/2025,4.3,Indiana,Gary-IITRI/ 1219.5 meters east of Tennessee St.- old ammuntion bunker,4.3,4.26689,4.05404,3.30627
7144,Chicago,06/29/2025,7.3,Indiana,Gary-IITRI/ 1219.5 meters east of Tennessee St.- old ammuntion bunker,7.3,7.24379,6.88244,5.61297
7145,Chicago,06/30/2025,7.2,Indiana,Gary-IITRI/ 1219.5 meters east of Tennessee St.- old ammuntion bunker,7.2,7.14456,6.7881599999999995,5.53608
7146,Chicago,07/01/2025,10.4,Indiana,Gary-IITRI/ 1219.5 meters east of Tennessee St.- old ammuntion bunker,10.4,10.31992,9.80512,7.996560000000001
7147,Chicago,07/02/2025,13.4,Indiana,Gary-IITRI/ 1219.5 meters east of Tennessee St.- old ammuntion bunker,13.4,13.29682,12.63352,10.30326
7148,Chicago,07/03/2025,12.5,Indiana,Gary-IITRI/ 1219.5 meters east of Tennessee St.- old ammuntion bunker,12.5,12.403749999999999,11.785,9.61125
7149,Chicago,07/04/2025,18.3,Indiana,Gary-IITRI/ 1219.5 meters east of Tennessee St.- old ammuntion bunker,18.3,18.15909,17.25324,14.070870000000001
7150,Chicago,07/05/2025,16.0,Indiana,Gary-IITRI/ 1219.5 meters east of Tennessee St.- old ammuntion bunker,16.0,15.8768,15.0848,12.3024
7151,Chicago,07/06/2025,7.5,Indiana,Gary-IITRI/ 1219.5 meters east of Tennessee St.- old ammuntion bunker,7.5,7.44225,7.071,5.76675
7152,Chicago,07/07/2025,12.9,Indiana,Gary-IITRI/ 1219.5 meters east of Tennessee St.- old ammuntion bunker,12.9,12.80067,12.16212,9.91881
7153,Chicago,07/08/2025,17.5,Indiana,Gary-IITRI/ 1219.5 meters east of Tennessee St.- old ammuntion bunker,17.5,17.36525,16.499,13.45575
7154,Chicago,07/09/2025,10.8,Indiana,Gary-IITRI/ 1219.5 meters east of Tennessee St.- old ammuntion bunker,10.8,10.71684,10.18224,8.304120000000001
7155,Chicago,07/10/2025,7.9,Indiana,Gary-IITRI/ 1219.5 meters east of Tennessee St.- old ammuntion bunker,7.9,7.83917,7.44812,6.0743100000000005
7156,Chicago,07/11/2025,7.1,Indiana,Gary-IITRI/ 1219.5 meters east of Tennessee St.- old ammuntion bunker,7.1,7.045329999999999,6.693879999999999,5.4591899999999995
7157,Chicago,07/12/2025,5.4,Indiana,Gary-IITRI/ 1219.5 meters east of Tennessee St.- old ammuntion bunker,5.4,5.35842,5.09112,4.1520600000000005
7158,Chicago,07/13/2025,19.1,Indiana,Gary-IITRI/ 1219.5 meters east of Tennessee St.- old ammuntion bunker,19.1,18.952930000000002,18.00748,14.685990000000002
7159,Chicago,07/14/2025,34.7,Indiana,Gary-IITRI/ 1219.5 meters east of Tennessee St.- old ammuntion bunker,34.7,34.43281,32.715160000000004,26.680830000000004
7160,Chicago,07/15/2025,21.5,Indiana,Gary-IITRI/ 1219.5 meters east of Tennessee St.- old ammuntion bunker,21.5,21.33445,20.2702,16.53135
7161,Chicago,07/16/2025,7.6,Indiana,Gary-IITRI/ 1219.5 meters east of Tennessee St.- old ammuntion bunker,7.6,7.541479999999999,7.165279999999999,5.84364
7162,Chicago,07/17/2025,5.9,Indiana,Gary-IITRI/ 1219.5 meters east of Tennessee St.- old ammuntion bunker,5.9,5.85457,5.56252,4.536510000000001
7163,Chicago,07/18/2025,8.0,Indiana,Gary-IITRI/ 1219.5 meters east of Tennessee St.- old ammuntion bunker,8.0,7.9384,7.5424,6.1512
7164,Chicago,07/19/2025,7.1,Indiana,Gary-IITRI/ 1219.5 meters east of Tennessee St.- old ammuntion bunker,7.1,7.045329999999999,6.693879999999999,5.4591899999999995
7165,Chicago,07/20/2025,6.5,Indiana,Gary-IITRI/ 1219.5 meters east of Tennessee St.- old ammuntion bunker,6.5,6.449949999999999,6.1282,4.997850000000001
7166,Chicago,07/21/2025,17.1,Indiana,Gary-IITRI/ 1219.5 meters east of Tennessee St.- old ammuntion bunker,17.1,16.96833,16.12188,13.148190000000001
7167,Chicago,07/22/2025,19.4,Indiana,Gary-IITRI/ 1219.5 meters east of Tennessee St.- old ammuntion bunker,19.4,19.250619999999998,18.290319999999998,14.91666
7168,Chicago,07/23/2025,13.7,Indiana,Gary-IITRI/ 1219.5 meters east of Tennessee St.- old ammuntion bunker,13.7,13.594509999999998,12.91636,10.53393
7169,Chicago,07/24/2025,11.1,Indiana,Gary-IITRI/ 1219.5 meters east of Tennessee St.- old ammuntion bunker,11.1,11.014529999999999,10.465079999999999,8.53479
7170,Chicago,07/25/2025,5.8,Indiana,Gary-IITRI/ 1219.5 meters east of Tennessee St.- old ammuntion bunker,5.8,5.7553399999999995,5.46824,4.45962
7171,Chicago,07/26/2025,5.7,Indiana,Gary-IITRI/ 1219.5 meters east of Tennessee St.- old ammuntion bunker,5.7,5.65611,5.37396,4.3827300000000005
7172,Chicago,07/27/2025,7.4,Indiana,Gary-IITRI/ 1219.5 meters east of Tennessee St.- old ammuntion bunker,7.4,7.34302,6.97672,5.68986
7173,Chicago,07/28/2025,8.6,Indiana,Gary-IITRI/ 1219.5 meters east of Tennessee St.- old ammuntion bunker,8.6,8.53378,8.10808,6.61254
7174,Chicago,07/29/2025,8.1,Indiana,Gary-IITRI/ 1219.5 meters east of Tennessee St.- old ammuntion bunker,8.1,8.03763,7.636679999999999,6.22809
7175,Chicago,07/30/2025,12.4,Indiana,Gary-IITRI/ 1219.5 meters east of Tennessee St.- old ammuntion bunker,12.4,12.30452,11.69072,9.534360000000001
7176,Chicago,07/31/2025,46.9,Indiana,Gary-IITRI/ 1219.5 meters east of Tennessee St.- old ammuntion bunker,46.9,46.538869999999996,44.21732,36.06141
7177,Chicago,08/01/2025,37.2,Indiana,Gary-IITRI/ 1219.5 meters east of Tennessee St.- old ammuntion bunker,37.2,36.913560000000004,35.072160000000004,28.603080000000002
7178,Chicago,08/02/2025,23.3,Indiana,Gary-IITRI/ 1219.5 meters east of Tennessee St.- old ammuntion bunker,23.3,23.12059,21.96724,17.915370000000003
7179,Chicago,08/03/2025,24.4,Indiana,Gary-IITRI/ 1219.5 meters east of Tennessee St.- old ammuntion bunker,24.4,24.21212,23.004319999999996,18.76116
7180,Chicago,08/04/2025,14.9,Indiana,Gary-IITRI/ 1219.5 meters east of Tennessee St.- old ammuntion bunker,14.9,14.78527,14.04772,11.456610000000001
7181,Chicago,08/05/2025,31.3,Indiana,Gary-IITRI/ 1219.5 meters east of Tennessee St.- old ammuntion bunker,31.3,31.058989999999998,29.50964,24.066570000000002
7182,Chicago,08/06/2025,24.6,Indiana,Gary-IITRI/ 1219.5 meters east of Tennessee St.- old ammuntion bunker,24.6,24.41058,23.192880000000002,18.91494
7183,Chicago,08/07/2025,12.5,Indiana,Gary-IITRI/ 1219.5 meters east of Tennessee St.- old ammuntion bunker,12.5,12.403749999999999,11.785,9.61125
7184,Chicago,08/08/2025,13.4,Indiana,Gary-IITRI/ 1219.5 meters east of Tennessee St.- old ammuntion bunker,13.4,13.29682,12.63352,10.30326
7185,Chicago,08/09/2025,11.2,Indiana,Gary-IITRI/ 1219.5 meters east of Tennessee St.- old ammuntion bunker,11.2,11.11376,10.55936,8.61168
7186,Chicago,08/10/2025,9.3,Indiana,Gary-IITRI/ 1219.5 meters east of Tennessee St.- old ammuntion bunker,9.3,9.228390000000001,8.768040000000001,7.1507700000000005
7187,Chicago,08/11/2025,8.7,Indiana,Gary-IITRI/ 1219.5 meters east of Tennessee St.- old ammuntion bunker,8.7,8.633009999999999,8.202359999999999,6.68943
7188,Chicago,08/12/2025,9.6,Indiana,Gary-IITRI/ 1219.5 meters east of Tennessee St.- old ammuntion bunker,9.6,9.526079999999999,9.05088,7.38144
7189,Chicago,08/13/2025,10.5,Indiana,Gary-IITRI/ 1219.5 meters east of Tennessee St.- old ammuntion bunker,10.5,10.41915,9.8994,8.073450000000001
7190,Chicago,08/14/2025,19.6,Indiana,Gary-IITRI/ 1219.5 meters east of Tennessee St.- old ammuntion bunker,19.6,19.449080000000002,18.47888,15.070440000000001
7191,Chicago,08/15/2025,16.8,Indiana,Gary-IITRI/ 1219.5 meters east of Tennessee St.- old ammuntion bunker,16.8,16.67064,15.83904,12.917520000000001
7192,Chicago,08/16/2025,10.4,Indiana,Gary-IITRI/ 1219.5 meters east of Tennessee St.- old ammuntion bunker,10.4,10.31992,9.80512,7.996560000000001
7193,Chicago,08/17/2025,5.5,Indiana,Gary-IITRI/ 1219.5 meters east of Tennessee St.- old ammuntion bunker,5.5,5.45765,5.1854,4.22895
7194,Chicago,08/18/2025,6.7,Indiana,Gary-IITRI/ 1219.5 meters east of Tennessee St.- old ammuntion bunker,6.7,6.64841,6.31676,5.15163
7195,Chicago,08/19/2025,5.4,Indiana,Gary-IITRI/ 1219.5 meters east of Tennessee St.- old ammuntion bunker,5.4,5.35842,5.09112,4.1520600000000005
7196,Chicago,08/20/2025,3.4,Indiana,Gary-IITRI/ 1219.5 meters east of Tennessee St.- old ammuntion bunker,3.4,3.37382,3.20552,2.61426
7197,Chicago,08/21/2025,6.2,Indiana,Gary-IITRI/ 1219.5 meters east of Tennessee St.- old ammuntion bunker,6.2,6.15226,5.84536,4.767180000000001
7198,Chicago,08/22/2025,9.0,Indiana,Gary-IITRI/ 1219.5 meters east of Tennessee St.- old ammuntion bunker,9.0,8.9307,8.485199999999999,6.920100000000001
7199,Chicago,08/23/2025,8.0,Indiana,Gary-IITRI/ 1219.5 meters east of Tennessee St.- old ammuntion bunker,8.0,7.9384,7.5424,6.1512
7200,Chicago,08/24/2025,8.3,Indiana,Gary-IITRI/ 1219.5 meters east of Tennessee St.- old ammuntion bunker,8.3,8.23609,7.825240000000001,6.381870000000001
7201,Chicago,08/25/2025,7.6,Indiana,Gary-IITRI/ 1219.5 meters east of Tennessee St.- old ammuntion bunker,7.6,7.541479999999999,7.165279999999999,5.84364
7202,Chicago,08/26/2025,11.4,Indiana,Gary-IITRI/ 1219.5 meters east of Tennessee St.- old ammuntion bunker,11.4,11.31222,10.74792,8.765460000000001
7203,Chicago,08/27/2025,8.7,Indiana,Gary-IITRI/ 1219.5 meters east of Tennessee St.- old ammuntion bunker,8.7,8.633009999999999,8.202359999999999,6.68943
7204,Chicago,08/28/2025,7.0,Indiana,Gary-IITRI/ 1219.5 meters east of Tennessee St.- old ammuntion bunker,7.0,6.9460999999999995,6.5996,5.3823
7205,Chicago,08/29/2025,4.6,Indiana,Gary-IITRI/ 1219.5 meters east of Tennessee St.- old ammuntion bunker,4.6,4.564579999999999,4.33688,3.53694
7206,Chicago,08/30/2025,7.7,Indiana,Gary-IITRI/ 1219.5 meters east of Tennessee St.- old ammuntion bunker,7.7,7.6407099999999994,7.25956,5.92053
7207,Chicago,08/31/2025,9.4,Indiana,Gary-IITRI/ 1219.5 meters east of Tennessee St.- old ammuntion bunker,9.4,9.32762,8.86232,7.22766
7208,Chicago,09/01/2025,9.7,Indiana,Gary-IITRI/ 1219.5 meters east of Tennessee St.- old ammuntion bunker,9.7,9.625309999999999,9.145159999999999,7.45833
7209,Chicago,09/02/2025,14.3,Indiana,Gary-IITRI/ 1219.5 meters east of Tennessee St.- old ammuntion bunker,14.3,14.18989,13.48204,10.995270000000001
7210,Chicago,09/03/2025,12.9,Indiana,Gary-IITRI/ 1219.5 meters east of Tennessee St.- old ammuntion bunker,12.9,12.80067,12.16212,9.91881
7211,Chicago,09/04/2025,12.1,Indiana,Gary-IITRI/ 1219.5 meters east of Tennessee St.- old ammuntion bunker,12.1,12.006829999999999,11.407879999999999,9.30369
7212,Chicago,09/05/2025,10.6,Indiana,Gary-IITRI/ 1219.5 meters east of Tennessee St.- old ammuntion bunker,10.6,10.518379999999999,9.99368,8.15034
7213,Chicago,09/06/2025,6.5,Indiana,Gary-IITRI/ 1219.5 meters east of Tennessee St.- old ammuntion bunker,6.5,6.449949999999999,6.1282,4.997850000000001
7214,Chicago,09/07/2025,9.4,Indiana,Gary-IITRI/ 1219.5 meters east of Tennessee St.- old ammuntion bunker,9.4,9.32762,8.86232,7.22766
7215,Chicago,09/08/2025,6.2,Indiana,Gary-IITRI/ 1219.5 meters east of Tennessee St.- old ammuntion bunker,6.2,6.15226,5.84536,4.767180000000001
7216,Chicago,09/09/2025,9.2,Indiana,Gary-IITRI/ 1219.5 meters east of Tennessee St.- old ammuntion bunker,9.2,9.129159999999999,8.67376,7.07388
7217,Chicago,09/10/2025,10.5,Indiana,Gary-IITRI/ 1219.5 meters east of Tennessee St.- old ammuntion bunker,10.5,10.41915,9.8994,8.073450000000001
7218,Chicago,09/11/2025,19.9,Indiana,Gary-IITRI/ 1219.5 meters east of Tennessee St.- old ammuntion bunker,19.9,19.746769999999998,18.761719999999997,15.30111
7219,Chicago,09/12/2025,11.0,Indiana,Gary-IITRI/ 1219.5 meters east of Tennessee St.- old ammuntion bunker,11.0,10.9153,10.3708,8.4579
7220,Chicago,09/13/2025,12.6,Indiana,Gary-IITRI/ 1219.5 meters east of Tennessee St.- old ammuntion bunker,12.6,12.502979999999999,11.87928,9.68814
7221,Chicago,09/14/2025,12.9,Indiana,Gary-IITRI/ 1219.5 meters east of Tennessee St.- old ammuntion bunker,12.9,12.80067,12.16212,9.91881
7222,Chicago,09/15/2025,10.7,Indiana,Gary-IITRI/ 1219.5 meters east of Tennessee St.- old ammuntion bunker,10.7,10.617609999999999,10.087959999999999,8.22723
7223,Chicago,09/16/2025,10.6,Indiana,Gary-IITRI/ 1219.5 meters east of Tennessee St.- old ammuntion bunker,10.6,10.518379999999999,9.99368,8.15034
7224,Chicago,09/17/2025,11.0,Indiana,Gary-IITRI/ 1219.5 meters east of Tennessee St.- old ammuntion bunker,11.0,10.9153,10.3708,8.4579
7225,Chicago,09/18/2025,15.3,Indiana,Gary-IITRI/ 1219.5 meters east of Tennessee St.- old ammuntion bunker,15.3,15.18219,14.42484,11.764170000000002
7226,Chicago,09/19/2025,15.1,Indiana,Gary-IITRI/ 1219.5 meters east of Tennessee St.- old ammuntion bunker,15.1,14.98373,14.236279999999999,11.61039
7227,Chicago,09/20/2025,11.9,Indiana,Gary-IITRI/ 1219.5 meters east of Tennessee St.- old ammuntion bunker,11.9,11.80837,11.21932,9.14991
7228,Chicago,09/21/2025,9.9,Indiana,Gary-IITRI/ 1219.5 meters east of Tennessee St.- old ammuntion bunker,9.9,9.82377,9.33372,7.61211
7229,Chicago,09/22/2025,7.6,Indiana,Gary-IITRI/ 1219.5 meters east of Tennessee St.- old ammuntion bunker,7.6,7.541479999999999,7.165279999999999,5.84364
7230,Chicago,09/23/2025,9.8,Indiana,Gary-IITRI/ 1219.5 meters east of Tennessee St.- old ammuntion bunker,9.8,9.724540000000001,9.23944,7.535220000000001
7231,Chicago,09/24/2025,4.1,Indiana,Gary-IITRI/ 1219.5 meters east of Tennessee St.- old ammuntion bunker,4.1,4.068429999999999,3.8654799999999994,3.15249
7232,Chicago,09/25/2025,6.8,Indiana,Gary-IITRI/ 1219.5 meters east of Tennessee St.- old ammuntion bunker,6.8,6.74764,6.41104,5.22852
7233,Chicago,09/26/2025,9.2,Indiana,Gary-IITRI/ 1219.5 meters east of Tennessee St.- old ammuntion bunker,9.2,9.129159999999999,8.67376,7.07388
7234,Chicago,09/27/2025,12.2,Indiana,Gary-IITRI/ 1219.5 meters east of Tennessee St.- old ammuntion bunker,12.2,12.10606,11.502159999999998,9.38058
7235,Chicago,09/28/2025,11.3,Indiana,Gary-IITRI/ 1219.5 meters east of Tennessee St.- old ammuntion bunker,11.3,11.21299,10.653640000000001,8.68857
7236,Chicago,09/29/2025,16.8,Indiana,Gary-IITRI/ 1219.5 meters east of Tennessee St.- old ammuntion bunker,16.8,16.67064,15.83904,12.917520000000001
7237,Chicago,09/30/2025,13.1,Indiana,Gary-IITRI/ 1219.5 meters east of Tennessee St.- old ammuntion bunker,13.1,12.99913,12.350679999999999,10.07259
7238,Chicago,10/01/2025,7.7,Indiana,Gary-IITRI/ 1219.5 meters east of Tennessee St.- old ammuntion bunker,7.7,7.6407099999999994,7.25956,5.92053
7239,Chicago,10/02/2025,9.1,Indiana,Gary-IITRI/ 1219.5 meters east of Tennessee St.- old ammuntion bunker,9.1,9.029929999999998,8.57948,6.99699
7240,Chicago,10/03/2025,12.9,Indiana,Gary-IITRI/ 1219.5 meters east of Tennessee St.- old ammuntion bunker,12.9,12.80067,12.16212,9.91881
7241,Chicago,10/04/2025,12.1,Indiana,Gary-IITRI/ 1219.5 meters east of Tennessee St.- old ammuntion bunker,12.1,12.006829999999999,11.407879999999999,9.30369
7242,Chicago,10/05/2025,9.6,Indiana,Gary-IITRI/ 1219.5 meters east of Tennessee St.- old ammuntion bunker,9.6,9.526079999999999,9.05088,7.38144
7243,Chicago,10/06/2025,8.8,Indiana,Gary-IITRI/ 1219.5 meters east of Tennessee St.- old ammuntion bunker,8.8,8.732240000000001,8.29664,6.766320000000001
7244,Chicago,10/07/2025,5.7,Indiana,Gary-IITRI/ 1219.5 meters east of Tennessee St.- old ammuntion bunker,5.7,5.65611,5.37396,4.3827300000000005
7245,Chicago,10/08/2025,6.3,Indiana,Gary-IITRI/ 1219.5 meters east of Tennessee St.- old ammuntion bunker,6.3,6.2514899999999995,5.93964,4.84407
7246,Chicago,10/09/2025,6.2,Indiana,Gary-IITRI/ 1219.5 meters east of Tennessee St.- old ammuntion bunker,6.2,6.15226,5.84536,4.767180000000001
7247,Chicago,10/10/2025,9.1,Indiana,Gary-IITRI/ 1219.5 meters east of Tennessee St.- old ammuntion bunker,9.1,9.029929999999998,8.57948,6.99699
7248,Chicago,10/11/2025,6.8,Indiana,Gary-IITRI/ 1219.5 meters east of Tennessee St.- old ammuntion bunker,6.8,6.74764,6.41104,5.22852
7249,Chicago,10/12/2025,7.5,Indiana,Gary-IITRI/ 1219.5 meters east of Tennessee St.- old ammuntion bunker,7.5,7.44225,7.071,5.76675
7250,Chicago,10/13/2025,9.6,Indiana,Gary-IITRI/ 1219.5 meters east of Tennessee St.- old ammuntion bunker,9.6,9.526079999999999,9.05088,7.38144
7251,Chicago,10/14/2025,10.2,Indiana,Gary-IITRI/ 1219.5 meters east of Tennessee St.- old ammuntion bunker,10.2,10.121459999999999,9.61656,7.842779999999999
7252,Chicago,10/15/2025,7.7,Indiana,Gary-IITRI/ 1219.5 meters east of Tennessee St.- old ammuntion bunker,7.7,7.6407099999999994,7.25956,5.92053
7253,Chicago,10/16/2025,6.3,Indiana,Gary-IITRI/ 1219.5 meters east of Tennessee St.- old ammuntion bunker,6.3,6.2514899999999995,5.93964,4.84407
7254,Chicago,10/17/2025,6.0,Indiana,Gary-IITRI/ 1219.5 meters east of Tennessee St.- old ammuntion bunker,6.0,5.953799999999999,5.6568,4.6134
7255,Chicago,10/18/2025,11.2,Indiana,Gary-IITRI/ 1219.5 meters east of Tennessee St.- old ammuntion bunker,11.2,11.11376,10.55936,8.61168
7256,Chicago,10/19/2025,11.2,Indiana,Gary-IITRI/ 1219.5 meters east of Tennessee St.- old ammuntion bunker,11.2,11.11376,10.55936,8.61168
7257,Chicago,10/24/2025,7.5,Indiana,Gary-IITRI/ 1219.5 meters east of Tennessee St.- old ammuntion bunker,7.5,7.44225,7.071,5.76675
7258,Chicago,10/25/2025,8.7,Indiana,Gary-IITRI/ 1219.5 meters east of Tennessee St.- old ammuntion bunker,8.7,8.633009999999999,8.202359999999999,6.68943
7259,Chicago,10/26/2025,6.6,Indiana,Gary-IITRI/ 1219.5 meters east of Tennessee St.- old ammuntion bunker,6.6,6.54918,6.222479999999999,5.07474
7260,Chicago,10/28/2025,4.1,Indiana,Gary-IITRI/ 1219.5 meters east of Tennessee St.- old ammuntion bunker,4.1,4.068429999999999,3.8654799999999994,3.15249
7261,Chicago,10/29/2025,5.8,Indiana,Gary-IITRI/ 1219.5 meters east of Tennessee St.- old ammuntion bunker,5.8,5.7553399999999995,5.46824,4.45962
7262,Chicago,10/30/2025,5.4,Indiana,Gary-IITRI/ 1219.5 meters east of Tennessee St.- old ammuntion bunker,5.4,5.35842,5.09112,4.1520600000000005
7263,Chicago,10/31/2025,8.9,Indiana,Gary-IITRI/ 1219.5 meters east of Tennessee St.- old ammuntion bunker,8.9,8.83147,8.39092,6.843210000000001
7264,Chicago,11/01/2025,8.4,Indiana,Gary-IITRI/ 1219.5 meters east of Tennessee St.- old ammuntion bunker,8.4,8.33532,7.91952,6.458760000000001
7265,Chicago,11/02/2025,7.2,Indiana,Gary-IITRI/ 1219.5 meters east of Tennessee St.- old ammuntion bunker,7.2,7.14456,6.7881599999999995,5.53608
7266,Chicago,11/03/2025,5.9,Indiana,Gary-IITRI/ 1219.5 meters east of Tennessee St.- old ammuntion bunker,5.9,5.85457,5.56252,4.536510000000001
7267,Chicago,11/04/2025,5.8,Indiana,Gary-IITRI/ 1219.5 meters east of Tennessee St.- old ammuntion bunker,5.8,5.7553399999999995,5.46824,4.45962
7268,Chicago,11/05/2025,8.5,Indiana,Gary-IITRI/ 1219.5 meters east of Tennessee St.- old ammuntion bunker,8.5,8.43455,8.0138,6.53565
7269,Chicago,11/06/2025,7.9,Indiana,Gary-IITRI/ 1219.5 meters east of Tennessee St.- old ammuntion bunker,7.9,7.83917,7.44812,6.0743100000000005
7270,Chicago,11/07/2025,6.2,Indiana,Gary-IITRI/ 1219.5 meters east of Tennessee St.- old ammuntion bunker,6.2,6.15226,5.84536,4.767180000000001
7271,Chicago,11/08/2025,4.3,Indiana,Gary-IITRI/ 1219.5 meters east of Tennessee St.- old ammuntion bunker,4.3,4.26689,4.05404,3.30627
7272,Chicago,11/09/2025,5.6,Indiana,Gary-IITRI/ 1219.5 meters east of Tennessee St.- old ammuntion bunker,5.6,5.55688,5.27968,4.30584
7273,Chicago,11/10/2025,6.2,Indiana,Gary-IITRI/ 1219.5 meters east of Tennessee St.- old ammuntion bunker,6.2,6.15226,5.84536,4.767180000000001
7274,Chicago,11/11/2025,4.4,Indiana,Gary-IITRI/ 1219.5 meters east of Tennessee St.- old ammuntion bunker,4.4,4.3661200000000004,4.14832,3.3831600000000006
7275,Chicago,11/12/2025,5.2,Indiana,Gary-IITRI/ 1219.5 meters east of Tennessee St.- old ammuntion bunker,5.2,5.15996,4.90256,3.9982800000000003
7276,Chicago,11/13/2025,7.4,Indiana,Gary-IITRI/ 1219.5 meters east of Tennessee St.- old ammuntion bunker,7.4,7.34302,6.97672,5.68986
7277,Chicago,11/14/2025,11.4,Indiana,Gary-IITRI/ 1219.5 meters east of Tennessee St.- old ammuntion bunker,11.4,11.31222,10.74792,8.765460000000001
7278,Chicago,11/15/2025,10.4,Indiana,Gary-IITRI/ 1219.5 meters east of Tennessee St.- old ammuntion bunker,10.4,10.31992,9.80512,7.996560000000001
7279,Chicago,11/16/2025,7.1,Indiana,Gary-IITRI/ 1219.5 meters east of Tennessee St.- old ammuntion bunker,7.1,7.045329999999999,6.693879999999999,5.4591899999999995
7280,Chicago,11/17/2025,9.0,Indiana,Gary-IITRI/ 1219.5 meters east of Tennessee St.- old ammuntion bunker,9.0,8.9307,8.485199999999999,6.920100000000001
7281,Chicago,11/18/2025,9.1,Indiana,Gary-IITRI/ 1219.5 meters east of Tennessee St.- old ammuntion bunker,9.1,9.029929999999998,8.57948,6.99699
7282,Chicago,11/19/2025,13.4,Indiana,Gary-IITRI/ 1219.5 meters east of Tennessee St.- old ammuntion bunker,13.4,13.29682,12.63352,10.30326
7283,Chicago,11/20/2025,15.1,Indiana,Gary-IITRI/ 1219.5 meters east of Tennessee St.- old ammuntion bunker,15.1,14.98373,14.236279999999999,11.61039
7284,Chicago,11/21/2025,12.2,Indiana,Gary-IITRI/ 1219.5 meters east of Tennessee St.- old ammuntion bunker,12.2,12.10606,11.502159999999998,9.38058
7285,Chicago,11/22/2025,6.5,Indiana,Gary-IITRI/ 1219.5 meters east of Tennessee St.- old ammuntion bunker,6.5,6.449949999999999,6.1282,4.997850000000001
7286,Chicago,11/23/2025,12.3,Indiana,Gary-IITRI/ 1219.5 meters east of Tennessee St.- old ammuntion bunker,12.3,12.20529,11.596440000000001,9.45747
7287,Chicago,11/24/2025,11.5,Indiana,Gary-IITRI/ 1219.5 meters east of Tennessee St.- old ammuntion bunker,11.5,11.41145,10.8422,8.84235
7288,Chicago,11/25/2025,9.8,Indiana,Gary-IITRI/ 1219.5 meters east of Tennessee St.- old ammuntion bunker,9.8,9.724540000000001,9.23944,7.535220000000001
7289,Chicago,11/26/2025,3.8,Indiana,Gary-IITRI/ 1219.5 meters east of Tennessee St.- old ammuntion bunker,3.8,3.7707399999999995,3.5826399999999996,2.92182
7290,Chicago,11/27/2025,13.0,Indiana,Gary-IITRI/ 1219.5 meters east of Tennessee St.- old ammuntion bunker,13.0,12.899899999999999,12.2564,9.995700000000001
7291,Chicago,11/28/2025,11.8,Indiana,Gary-IITRI/ 1219.5 meters east of Tennessee St.- old ammuntion bunker,11.8,11.70914,11.12504,9.073020000000001
7292,Chicago,11/29/2025,6.5,Indiana,Gary-IITRI/ 1219.5 meters east of Tennessee St.- old ammuntion bunker,6.5,6.449949999999999,6.1282,4.997850000000001
7293,Chicago,11/30/2025,7.2,Indiana,Gary-IITRI/ 1219.5 meters east of Tennessee St.- old ammuntion bunker,7.2,7.14456,6.7881599999999995,5.53608
7294,Chicago,12/01/2025,9.7,Indiana,Gary-IITRI/ 1219.5 meters east of Tennessee St.- old ammuntion bunker,9.7,9.625309999999999,9.145159999999999,7.45833
7295,Chicago,12/02/2025,15.1,Indiana,Gary-IITRI/ 1219.5 meters east of Tennessee St.- old ammuntion bunker,15.1,14.98373,14.236279999999999,11.61039
7296,Chicago,12/03/2025,11.3,Indiana,Gary-IITRI/ 1219.5 meters east of Tennessee St.- old ammuntion bunker,11.3,11.21299,10.653640000000001,8.68857
7297,Chicago,12/04/2025,8.7,Indiana,Gary-IITRI/ 1219.5 meters east of Tennessee St.- old ammuntion bunker,8.7,8.633009999999999,8.202359999999999,6.68943
7298,Chicago,12/05/2025,14.0,Indiana,Gary-IITRI/ 1219.5 meters east of Tennessee St.- old ammuntion bunker,14.0,13.892199999999999,13.1992,10.7646
7299,Chicago,12/06/2025,15.1,Indiana,Gary-IITRI/ 1219.5 meters east of Tennessee St.- old ammuntion bunker,15.1,14.98373,14.236279999999999,11.61039
7300,Chicago,12/07/2025,9.5,Indiana,Gary-IITRI/ 1219.5 meters east of Tennessee St.- old ammuntion bunker,9.5,9.42685,8.9566,7.30455
7301,Chicago,12/08/2025,5.6,Indiana,Gary-IITRI/ 1219.5 meters east of Tennessee St.- old ammuntion bunker,5.6,5.55688,5.27968,4.30584
7302,Chicago,12/09/2025,10.1,Indiana,Gary-IITRI/ 1219.5 meters east of Tennessee St.- old ammuntion bunker,10.1,10.022229999999999,9.522279999999999,7.76589
7303,Chicago,12/10/2025,5.7,Indiana,Gary-IITRI/ 1219.5 meters east of Tennessee St.- old ammuntion bunker,5.7,5.65611,5.37396,4.3827300000000005
7304,Chicago,12/11/2025,8.5,Indiana,Gary-IITRI/ 1219.5 meters east of Tennessee St.- old ammuntion bunker,8.5,8.43455,8.0138,6.53565
7305,Chicago,12/12/2025,15.3,Indiana,Gary-IITRI/ 1219.5 meters east of Tennessee St.- old ammuntion bunker,15.3,15.18219,14.42484,11.764170000000002
7306,Chicago,12/13/2025,9.6,Indiana,Gary-IITRI/ 1219.5 meters east of Tennessee St.- old ammuntion bunker,9.6,9.526079999999999,9.05088,7.38144
7307,Chicago,12/14/2025,13.0,Indiana,Gary-IITRI/ 1219.5 meters east of Tennessee St.- old ammuntion bunker,13.0,12.899899999999999,12.2564,9.995700000000001
7308,Chicago,12/15/2025,8.2,Indiana,Gary-IITRI/ 1219.5 meters east of Tennessee St.- old ammuntion bunker,8.2,8.136859999999999,7.730959999999999,6.30498
7309,Chicago,12/16/2025,10.7,Indiana,Gary-IITRI/ 1219.5 meters east of Tennessee St.- old ammuntion bunker,10.7,10.617609999999999,10.087959999999999,8.22723
7310,Chicago,12/17/2025,12.0,Indiana,Gary-IITRI/ 1219.5 meters east of Tennessee St.- old ammuntion bunker,12.0,11.907599999999999,11.3136,9.2268
7311,Chicago,12/18/2025,9.5,Indiana,Gary-IITRI/ 1219.5 meters east of Tennessee St.- old ammuntion bunker,9.5,9.42685,8.9566,7.30455
7312,Chicago,12/19/2025,6.1,Indiana,Gary-IITRI/ 1219.5 meters east of Tennessee St.- old ammuntion bunker,6.1,6.05303,5.751079999999999,4.69029
7313,Chicago,12/20/2025,5.3,Indiana,Gary-IITRI/ 1219.5 meters east of Tennessee St.- old ammuntion bunker,5.3,5.259189999999999,4.99684,4.07517
7314,Chicago,12/21/2025,6.0,Indiana,Gary-IITRI/ 1219.5 meters east of Tennessee St.- old ammuntion bunker,6.0,5.953799999999999,5.6568,4.6134
7315,Chicago,12/22/2025,6.2,Indiana,Gary-IITRI/ 1219.5 meters east of Tennessee St.- old ammuntion bunker,6.2,6.15226,5.84536,4.767180000000001
7316,Chicago,12/23/2025,15.1,Indiana,Gary-IITRI/ 1219.5 meters east of Tennessee St.- old ammuntion bunker,15.1,14.98373,14.236279999999999,11.61039
7317,Chicago,12/24/2025,11.3,Indiana,Gary-IITRI/ 1219.5 meters east of Tennessee St.- old ammuntion bunker,11.3,11.21299,10.653640000000001,8.68857
7318,Chicago,12/25/2025,13.9,Indiana,Gary-IITRI/ 1219.5 meters east of Tennessee St.- old ammuntion bunker,13.9,13.79297,13.10492,10.687710000000001
7319,Chicago,12/26/2025,9.9,Indiana,Gary-IITRI/ 1219.5 meters east of Tennessee St.- old ammuntion bunker,9.9,9.82377,9.33372,7.61211
7320,Chicago,12/27/2025,9.9,Indiana,Gary-IITRI/ 1219.5 meters east of Tennessee St.- old ammuntion bunker,9.9,9.82377,9.33372,7.61211
7321,Chicago,12/28/2025,7.7,Indiana,Gary-IITRI/ 1219.5 meters east of Tennessee St.- old ammuntion bunker,7.7,7.6407099999999994,7.25956,5.92053
7322,Chicago,12/29/2025,11.5,Indiana,Gary-IITRI/ 1219.5 meters east of Tennessee St.- old ammuntion bunker,11.5,11.41145,10.8422,8.84235
7323,Chicago,12/30/2025,6.2,Indiana,Gary-IITRI/ 1219.5 meters east of Tennessee St.- old ammuntion bunker,6.2,6.15226,5.84536,4.767180000000001
7324,Chicago,12/31/2025,9.6,Indiana,Gary-IITRI/ 1219.5 meters east of Tennessee St.- old ammuntion bunker,9.6,9.526079999999999,9.05088,7.38144
7325,Chicago,06/01/2025,6.0,Indiana,Gary-IITRI/ 1219.5 meters east of Tennessee St.- old ammuntion bunker,6.0,5.953799999999999,5.6568,4.6134
7326,Chicago,06/02/2025,9.7,Indiana,Gary-IITRI/ 1219.5 meters east of Tennessee St.- old ammuntion bunker,9.7,9.625309999999999,9.145159999999999,7.45833
7327,Chicago,06/03/2025,16.7,Indiana,Gary-IITRI/ 1219.5 meters east of Tennessee St.- old ammuntion bunker,16.7,16.57141,15.74476,12.840629999999999
7328,Chicago,06/04/2025,42.9,Indiana,Gary-IITRI/ 1219.5 meters east of Tennessee St.- old ammuntion bunker,42.9,42.569669999999995,40.44612,32.98581
7329,Chicago,06/05/2025,51.2,Indiana,Gary-IITRI/ 1219.5 meters east of Tennessee St.- old ammuntion bunker,51.2,50.80576,48.27136,39.36768000000001
7330,Chicago,06/06/2025,32.0,Indiana,Gary-IITRI/ 1219.5 meters east of Tennessee St.- old ammuntion bunker,32.0,31.7536,30.1696,24.6048
7331,Chicago,06/07/2025,20.7,Indiana,Gary-IITRI/ 1219.5 meters east of Tennessee St.- old ammuntion bunker,20.7,20.540609999999997,19.51596,15.91623
7332,Chicago,06/08/2025,23.2,Indiana,Gary-IITRI/ 1219.5 meters east of Tennessee St.- old ammuntion bunker,23.2,23.021359999999998,21.87296,17.83848
7333,Chicago,06/09/2025,31.2,Indiana,Gary-IITRI/ 1219.5 meters east of Tennessee St.- old ammuntion bunker,31.2,30.95976,29.41536,23.98968
7334,Chicago,06/10/2025,17.8,Indiana,Gary-IITRI/ 1219.5 meters east of Tennessee St.- old ammuntion bunker,17.8,17.66294,16.78184,13.686420000000002
7335,Chicago,06/11/2025,20.7,Indiana,Gary-IITRI/ 1219.5 meters east of Tennessee St.- old ammuntion bunker,20.7,20.540609999999997,19.51596,15.91623
7336,Chicago,06/12/2025,26.7,Indiana,Gary-IITRI/ 1219.5 meters east of Tennessee St.- old ammuntion bunker,26.7,26.49441,25.17276,20.52963
7337,Chicago,06/13/2025,24.4,Indiana,Gary-IITRI/ 1219.5 meters east of Tennessee St.- old ammuntion bunker,24.4,24.21212,23.004319999999996,18.76116
7338,Chicago,06/14/2025,13.1,Indiana,Gary-IITRI/ 1219.5 meters east of Tennessee St.- old ammuntion bunker,13.1,12.99913,12.350679999999999,10.07259
7339,Chicago,06/15/2025,9.2,Indiana,Gary-IITRI/ 1219.5 meters east of Tennessee St.- old ammuntion bunker,9.2,9.129159999999999,8.67376,7.07388
7340,Chicago,06/16/2025,12.3,Indiana,Gary-IITRI/ 1219.5 meters east of Tennessee St.- old ammuntion bunker,12.3,12.20529,11.596440000000001,9.45747
7341,Chicago,06/17/2025,6.7,Indiana,Gary-IITRI/ 1219.5 meters east of Tennessee St.- old ammuntion bunker,6.7,6.64841,6.31676,5.15163
7342,Chicago,06/18/2025,6.4,Indiana,Gary-IITRI/ 1219.5 meters east of Tennessee St.- old ammuntion bunker,6.4,6.35072,6.03392,4.920960000000001
7343,Chicago,06/19/2025,9.6,Indiana,Gary-IITRI/ 1219.5 meters east of Tennessee St.- old ammuntion bunker,9.6,9.526079999999999,9.05088,7.38144
7344,Chicago,06/20/2025,7.0,Indiana,Gary-IITRI/ 1219.5 meters east of Tennessee St.- old ammuntion bunker,7.0,6.9460999999999995,6.5996,5.3823
7345,Chicago,06/21/2025,9.2,Indiana,Gary-IITRI/ 1219.5 meters east of Tennessee St.- old ammuntion bunker,9.2,9.129159999999999,8.67376,7.07388
7346,Chicago,06/22/2025,11.2,Indiana,Gary-IITRI/ 1219.5 meters east of Tennessee St.- old ammuntion bunker,11.2,11.11376,10.55936,8.61168
7347,Chicago,06/23/2025,12.4,Indiana,Gary-IITRI/ 1219.5 meters east of Tennessee St.- old ammuntion bunker,12.4,12.30452,11.69072,9.534360000000001
7348,Chicago,06/24/2025,8.3,Indiana,Gary-IITRI/ 1219.5 meters east of Tennessee St.- old ammuntion bunker,8.3,8.23609,7.825240000000001,6.381870000000001
7349,Chicago,06/25/2025,3.9,Indiana,Gary-IITRI/ 1219.5 meters east of Tennessee St.- old ammuntion bunker,3.9,3.86997,3.67692,2.99871
7350,Chicago,06/26/2025,8.2,Indiana,Gary-IITRI/ 1219.5 meters east of Tennessee St.- old ammuntion bunker,8.2,8.136859999999999,7.730959999999999,6.30498
7351,Chicago,06/27/2025,5.9,Indiana,Gary-IITRI/ 1219.5 meters east of Tennessee St.- old ammuntion bunker,5.9,5.85457,5.56252,4.536510000000001
7352,Chicago,06/28/2025,4.2,Indiana,Gary-IITRI/ 1219.5 meters east of Tennessee St.- old ammuntion bunker,4.2,4.16766,3.95976,3.2293800000000004
7353,Chicago,06/29/2025,6.4,Indiana,Gary-IITRI/ 1219.5 meters east of Tennessee St.- old ammuntion bunker,6.4,6.35072,6.03392,4.920960000000001
7354,Chicago,06/30/2025,6.2,Indiana,Gary-IITRI/ 1219.5 meters east of Tennessee St.- old ammuntion bunker,6.2,6.15226,5.84536,4.767180000000001
7355,Chicago,07/01/2025,7.6,Indiana,Gary-IITRI/ 1219.5 meters east of Tennessee St.- old ammuntion bunker,7.6,7.541479999999999,7.165279999999999,5.84364
7356,Chicago,07/02/2025,13.0,Indiana,Gary-IITRI/ 1219.5 meters east of Tennessee St.- old ammuntion bunker,13.0,12.899899999999999,12.2564,9.995700000000001
7357,Chicago,07/03/2025,10.5,Indiana,Gary-IITRI/ 1219.5 meters east of Tennessee St.- old ammuntion bunker,10.5,10.41915,9.8994,8.073450000000001
7358,Chicago,07/04/2025,13.9,Indiana,Gary-IITRI/ 1219.5 meters east of Tennessee St.- old ammuntion bunker,13.9,13.79297,13.10492,10.687710000000001
7359,Chicago,07/05/2025,15.6,Indiana,Gary-IITRI/ 1219.5 meters east of Tennessee St.- old ammuntion bunker,15.6,15.47988,14.70768,11.99484
7360,Chicago,07/06/2025,7.9,Indiana,Gary-IITRI/ 1219.5 meters east of Tennessee St.- old ammuntion bunker,7.9,7.83917,7.44812,6.0743100000000005
7361,Chicago,07/07/2025,13.6,Indiana,Gary-IITRI/ 1219.5 meters east of Tennessee St.- old ammuntion bunker,13.6,13.49528,12.82208,10.45704
7362,Chicago,07/08/2025,19.5,Indiana,Gary-IITRI/ 1219.5 meters east of Tennessee St.- old ammuntion bunker,19.5,19.34985,18.3846,14.99355
7363,Chicago,07/09/2025,9.4,Indiana,Gary-IITRI/ 1219.5 meters east of Tennessee St.- old ammuntion bunker,9.4,9.32762,8.86232,7.22766
7364,Chicago,07/10/2025,7.5,Indiana,Gary-IITRI/ 1219.5 meters east of Tennessee St.- old ammuntion bunker,7.5,7.44225,7.071,5.76675
7365,Chicago,07/11/2025,7.4,Indiana,Gary-IITRI/ 1219.5 meters east of Tennessee St.- old ammuntion bunker,7.4,7.34302,6.97672,5.68986
7366,Chicago,07/12/2025,5.0,Indiana,Gary-IITRI/ 1219.5 meters east of Tennessee St.- old ammuntion bunker,5.0,4.9615,4.7139999999999995,3.8445
7367,Chicago,07/13/2025,19.9,Indiana,Gary-IITRI/ 1219.5 meters east of Tennessee St.- old ammuntion bunker,19.9,19.746769999999998,18.761719999999997,15.30111
7368,Chicago,07/14/2025,36.3,Indiana,Gary-IITRI/ 1219.5 meters east of Tennessee St.- old ammuntion bunker,36.3,36.020489999999995,34.223639999999996,27.91107
7369,Chicago,07/15/2025,22.8,Indiana,Gary-IITRI/ 1219.5 meters east of Tennessee St.- old ammuntion bunker,22.8,22.62444,21.49584,17.530920000000002
7370,Chicago,07/16/2025,7.2,Indiana,Gary-IITRI/ 1219.5 meters east of Tennessee St.- old ammuntion bunker,7.2,7.14456,6.7881599999999995,5.53608
7371,Chicago,07/17/2025,5.0,Indiana,Gary-IITRI/ 1219.5 meters east of Tennessee St.- old ammuntion bunker,5.0,4.9615,4.7139999999999995,3.8445
7372,Chicago,07/18/2025,5.3,Indiana,Gary-IITRI/ 1219.5 meters east of Tennessee St.- old ammuntion bunker,5.3,5.259189999999999,4.99684,4.07517
7373,Chicago,07/19/2025,5.9,Indiana,Gary-IITRI/ 1219.5 meters east of Tennessee St.- old ammuntion bunker,5.9,5.85457,5.56252,4.536510000000001
7374,Chicago,07/20/2025,5.6,Indiana,Gary-IITRI/ 1219.5 meters east of Tennessee St.- old ammuntion bunker,5.6,5.55688,5.27968,4.30584
7375,Chicago,07/21/2025,17.5,Indiana,Gary-IITRI/ 1219.5 meters east of Tennessee St.- old ammuntion bunker,17.5,17.36525,16.499,13.45575
7376,Chicago,07/22/2025,20.9,Indiana,Gary-IITRI/ 1219.5 meters east of Tennessee St.- old ammuntion bunker,20.9,20.739069999999998,19.70452,16.07001
7377,Chicago,07/23/2025,13.1,Indiana,Gary-IITRI/ 1219.5 meters east of Tennessee St.- old ammuntion bunker,13.1,12.99913,12.350679999999999,10.07259
7378,Chicago,07/24/2025,10.1,Indiana,Gary-IITRI/ 1219.5 meters east of Tennessee St.- old ammuntion bunker,10.1,10.022229999999999,9.522279999999999,7.76589
7379,Chicago,07/25/2025,4.5,Indiana,Gary-IITRI/ 1219.5 meters east of Tennessee St.- old ammuntion bunker,4.5,4.46535,4.2425999999999995,3.4600500000000003
7380,Chicago,07/26/2025,4.6,Indiana,Gary-IITRI/ 1219.5 meters east of Tennessee St.- old ammuntion bunker,4.6,4.564579999999999,4.33688,3.53694
7381,Chicago,07/27/2025,5.1,Indiana,Gary-IITRI/ 1219.5 meters east of Tennessee St.- old ammuntion bunker,5.1,5.0607299999999995,4.80828,3.9213899999999997
7382,Chicago,07/28/2025,5.9,Indiana,Gary-IITRI/ 1219.5 meters east of Tennessee St.- old ammuntion bunker,5.9,5.85457,5.56252,4.536510000000001
7383,Chicago,07/29/2025,6.7,Indiana,Gary-IITRI/ 1219.5 meters east of Tennessee St.- old ammuntion bunker,6.7,6.64841,6.31676,5.15163
7384,Chicago,07/30/2025,12.7,Indiana,Gary-IITRI/ 1219.5 meters east of Tennessee St.- old ammuntion bunker,12.7,12.60221,11.973559999999999,9.76503
7385,Chicago,07/31/2025,52.9,Indiana,Gary-IITRI/ 1219.5 meters east of Tennessee St.- old ammuntion bunker,52.9,52.49267,49.87412,40.67481
7386,Chicago,08/01/2025,44.2,Indiana,Gary-IITRI/ 1219.5 meters east of Tennessee St.- old ammuntion bunker,44.2,43.85966,41.67176,33.985380000000006
7387,Chicago,08/02/2025,24.4,Indiana,Gary-IITRI/ 1219.5 meters east of Tennessee St.- old ammuntion bunker,24.4,24.21212,23.004319999999996,18.76116
7388,Chicago,08/03/2025,25.5,Indiana,Gary-IITRI/ 1219.5 meters east of Tennessee St.- old ammuntion bunker,25.5,25.303649999999998,24.0414,19.60695
7389,Chicago,08/04/2025,13.1,Indiana,Gary-IITRI/ 1219.5 meters east of Tennessee St.- old ammuntion bunker,13.1,12.99913,12.350679999999999,10.07259
7390,Chicago,08/05/2025,30.8,Indiana,Gary-IITRI/ 1219.5 meters east of Tennessee St.- old ammuntion bunker,30.8,30.562839999999998,29.03824,23.68212
7391,Chicago,08/06/2025,22.8,Indiana,Gary-IITRI/ 1219.5 meters east of Tennessee St.- old ammuntion bunker,22.8,22.62444,21.49584,17.530920000000002
7392,Chicago,08/07/2025,10.8,Indiana,Gary-IITRI/ 1219.5 meters east of Tennessee St.- old ammuntion bunker,10.8,10.71684,10.18224,8.304120000000001
7393,Chicago,08/08/2025,11.6,Indiana,Gary-IITRI/ 1219.5 meters east of Tennessee St.- old ammuntion bunker,11.6,11.510679999999999,10.93648,8.91924
7394,Chicago,08/09/2025,9.9,Indiana,Gary-IITRI/ 1219.5 meters east of Tennessee St.- old ammuntion bunker,9.9,9.82377,9.33372,7.61211
7395,Chicago,08/10/2025,8.2,Indiana,Gary-IITRI/ 1219.5 meters east of Tennessee St.- old ammuntion bunker,8.2,8.136859999999999,7.730959999999999,6.30498
7396,Chicago,08/11/2025,7.5,Indiana,Gary-IITRI/ 1219.5 meters east of Tennessee St.- old ammuntion bunker,7.5,7.44225,7.071,5.76675
7397,Chicago,08/12/2025,8.0,Indiana,Gary-IITRI/ 1219.5 meters east of Tennessee St.- old ammuntion bunker,8.0,7.9384,7.5424,6.1512
7398,Chicago,08/13/2025,10.5,Indiana,Gary-IITRI/ 1219.5 meters east of Tennessee St.- old ammuntion bunker,10.5,10.41915,9.8994,8.073450000000001
7399,Chicago,08/14/2025,20.4,Indiana,Gary-IITRI/ 1219.5 meters east of Tennessee St.- old ammuntion bunker,20.4,20.242919999999998,19.23312,15.685559999999999
7400,Chicago,08/15/2025,16.2,Indiana,Gary-IITRI/ 1219.5 meters east of Tennessee St.- old ammuntion bunker,16.2,16.07526,15.273359999999998,12.45618
7401,Chicago,08/16/2025,9.9,Indiana,Gary-IITRI/ 1219.5 meters east of Tennessee St.- old ammuntion bunker,9.9,9.82377,9.33372,7.61211
7402,Chicago,08/17/2025,4.5,Indiana,Gary-IITRI/ 1219.5 meters east of Tennessee St.- old ammuntion bunker,4.5,4.46535,4.2425999999999995,3.4600500000000003
7403,Chicago,08/18/2025,5.5,Indiana,Gary-IITRI/ 1219.5 meters east of Tennessee St.- old ammuntion bunker,5.5,5.45765,5.1854,4.22895
7404,Chicago,08/19/2025,4.1,Indiana,Gary-IITRI/ 1219.5 meters east of Tennessee St.- old ammuntion bunker,4.1,4.068429999999999,3.8654799999999994,3.15249
7405,Chicago,08/20/2025,2.2,Indiana,Gary-IITRI/ 1219.5 meters east of Tennessee St.- old ammuntion bunker,2.2,2.1830600000000002,2.07416,1.6915800000000003
7406,Chicago,08/21/2025,4.4,Indiana,Gary-IITRI/ 1219.5 meters east of Tennessee St.- old ammuntion bunker,4.4,4.3661200000000004,4.14832,3.3831600000000006
7407,Chicago,08/22/2025,6.1,Indiana,Gary-IITRI/ 1219.5 meters east of Tennessee St.- old ammuntion bunker,6.1,6.05303,5.751079999999999,4.69029
7408,Chicago,08/23/2025,6.1,Indiana,Gary-IITRI/ 1219.5 meters east of Tennessee St.- old ammuntion bunker,6.1,6.05303,5.751079999999999,4.69029
7409,Chicago,08/24/2025,5.3,Indiana,Gary-IITRI/ 1219.5 meters east of Tennessee St.- old ammuntion bunker,5.3,5.259189999999999,4.99684,4.07517
7410,Chicago,08/25/2025,4.5,Indiana,Gary-IITRI/ 1219.5 meters east of Tennessee St.- old ammuntion bunker,4.5,4.46535,4.2425999999999995,3.4600500000000003
7411,Chicago,08/26/2025,8.1,Indiana,Gary-IITRI/ 1219.5 meters east of Tennessee St.- old ammuntion bunker,8.1,8.03763,7.636679999999999,6.22809
7412,Chicago,08/27/2025,6.6,Indiana,Gary-IITRI/ 1219.5 meters east of Tennessee St.- old ammuntion bunker,6.6,6.54918,6.222479999999999,5.07474
7413,Chicago,08/28/2025,5.1,Indiana,Gary-IITRI/ 1219.5 meters east of Tennessee St.- old ammuntion bunker,5.1,5.0607299999999995,4.80828,3.9213899999999997
7414,Chicago,08/29/2025,2.7,Indiana,Gary-IITRI/ 1219.5 meters east of Tennessee St.- old ammuntion bunker,2.7,2.67921,2.54556,2.0760300000000003
7415,Chicago,08/30/2025,4.8,Indiana,Gary-IITRI/ 1219.5 meters east of Tennessee St.- old ammuntion bunker,4.8,4.763039999999999,4.52544,3.69072
7416,Chicago,08/31/2025,5.9,Indiana,Gary-IITRI/ 1219.5 meters east of Tennessee St.- old ammuntion bunker,5.9,5.85457,5.56252,4.536510000000001
7417,Chicago,09/01/2025,5.8,Indiana,Gary-IITRI/ 1219.5 meters east of Tennessee St.- old ammuntion bunker,5.8,5.7553399999999995,5.46824,4.45962
7418,Chicago,09/02/2025,8.6,Indiana,Gary-IITRI/ 1219.5 meters east of Tennessee St.- old ammuntion bunker,8.6,8.53378,8.10808,6.61254
7419,Chicago,09/03/2025,11.0,Indiana,Gary-IITRI/ 1219.5 meters east of Tennessee St.- old ammuntion bunker,11.0,10.9153,10.3708,8.4579
7420,Chicago,09/04/2025,10.3,Indiana,Gary-IITRI/ 1219.5 meters east of Tennessee St.- old ammuntion bunker,10.3,10.220690000000001,9.710840000000001,7.919670000000001
7421,Chicago,09/05/2025,9.3,Indiana,Gary-IITRI/ 1219.5 meters east of Tennessee St.- old ammuntion bunker,9.3,9.228390000000001,8.768040000000001,7.1507700000000005
7422,Chicago,09/06/2025,3.9,Indiana,Gary-IITRI/ 1219.5 meters east of Tennessee St.- old ammuntion bunker,3.9,3.86997,3.67692,2.99871
7423,Chicago,09/07/2025,5.6,Indiana,Gary-IITRI/ 1219.5 meters east of Tennessee St.- old ammuntion bunker,5.6,5.55688,5.27968,4.30584
7424,Chicago,09/08/2025,4.4,Indiana,Gary-IITRI/ 1219.5 meters east of Tennessee St.- old ammuntion bunker,4.4,4.3661200000000004,4.14832,3.3831600000000006
7425,Chicago,09/09/2025,6.7,Indiana,Gary-IITRI/ 1219.5 meters east of Tennessee St.- old ammuntion bunker,6.7,6.64841,6.31676,5.15163
7426,Chicago,09/10/2025,8.5,Indiana,Gary-IITRI/ 1219.5 meters east of Tennessee St.- old ammuntion bunker,8.5,8.43455,8.0138,6.53565
7427,Chicago,09/11/2025,17.3,Indiana,Gary-IITRI/ 1219.5 meters east of Tennessee St.- old ammuntion bunker,17.3,17.16679,16.31044,13.30197
7428,Chicago,09/12/2025,9.0,Indiana,Gary-IITRI/ 1219.5 meters east of Tennessee St.- old ammuntion bunker,9.0,8.9307,8.485199999999999,6.920100000000001
7429,Chicago,09/13/2025,10.8,Indiana,Gary-IITRI/ 1219.5 meters east of Tennessee St.- old ammuntion bunker,10.8,10.71684,10.18224,8.304120000000001
7430,Chicago,09/14/2025,11.0,Indiana,Gary-IITRI/ 1219.5 meters east of Tennessee St.- old ammuntion bunker,11.0,10.9153,10.3708,8.4579
7431,Chicago,09/15/2025,9.1,Indiana,Gary-IITRI/ 1219.5 meters east of Tennessee St.- old ammuntion bunker,9.1,9.029929999999998,8.57948,6.99699
7432,Chicago,09/16/2025,8.5,Indiana,Gary-IITRI/ 1219.5 meters east of Tennessee St.- old ammuntion bunker,8.5,8.43455,8.0138,6.53565
7433,Chicago,09/17/2025,9.0,Indiana,Gary-IITRI/ 1219.5 meters east of Tennessee St.- old ammuntion bunker,9.0,8.9307,8.485199999999999,6.920100000000001
7434,Chicago,09/18/2025,11.3,Indiana,Gary-IITRI/ 1219.5 meters east of Tennessee St.- old ammuntion bunker,11.3,11.21299,10.653640000000001,8.68857
7435,Chicago,09/19/2025,12.8,Indiana,Gary-IITRI/ 1219.5 meters east of Tennessee St.- old ammuntion bunker,12.8,12.70144,12.06784,9.841920000000002
7436,Chicago,09/20/2025,10.2,Indiana,Gary-IITRI/ 1219.5 meters east of Tennessee St.- old ammuntion bunker,10.2,10.121459999999999,9.61656,7.842779999999999
7437,Chicago,09/21/2025,8.1,Indiana,Gary-IITRI/ 1219.5 meters east of Tennessee St.- old ammuntion bunker,8.1,8.03763,7.636679999999999,6.22809
7438,Chicago,09/22/2025,6.0,Indiana,Gary-IITRI/ 1219.5 meters east of Tennessee St.- old ammuntion bunker,6.0,5.953799999999999,5.6568,4.6134
7439,Chicago,09/23/2025,7.6,Indiana,Gary-IITRI/ 1219.5 meters east of Tennessee St.- old ammuntion bunker,7.6,7.541479999999999,7.165279999999999,5.84364
7440,Chicago,09/24/2025,3.0,Indiana,Gary-IITRI/ 1219.5 meters east of Tennessee St.- old ammuntion bunker,3.0,2.9768999999999997,2.8284,2.3067
7441,Chicago,09/25/2025,4.7,Indiana,Gary-IITRI/ 1219.5 meters east of Tennessee St.- old ammuntion bunker,4.7,4.66381,4.43116,3.61383
7442,Chicago,09/26/2025,7.4,Indiana,Gary-IITRI/ 1219.5 meters east of Tennessee St.- old ammuntion bunker,7.4,7.34302,6.97672,5.68986
7443,Chicago,09/27/2025,9.5,Indiana,Gary-IITRI/ 1219.5 meters east of Tennessee St.- old ammuntion bunker,9.5,9.42685,8.9566,7.30455
7444,Chicago,09/28/2025,9.3,Indiana,Gary-IITRI/ 1219.5 meters east of Tennessee St.- old ammuntion bunker,9.3,9.228390000000001,8.768040000000001,7.1507700000000005
7445,Chicago,09/29/2025,12.7,Indiana,Gary-IITRI/ 1219.5 meters east of Tennessee St.- old ammuntion bunker,12.7,12.60221,11.973559999999999,9.76503
7446,Chicago,09/30/2025,10.7,Indiana,Gary-IITRI/ 1219.5 meters east of Tennessee St.- old ammuntion bunker,10.7,10.617609999999999,10.087959999999999,8.22723
7447,Chicago,10/01/2025,5.7,Indiana,Gary-IITRI/ 1219.5 meters east of Tennessee St.- old ammuntion bunker,5.7,5.65611,5.37396,4.3827300000000005
7448,Chicago,10/02/2025,6.7,Indiana,Gary-IITRI/ 1219.5 meters east of Tennessee St.- old ammuntion bunker,6.7,6.64841,6.31676,5.15163
7449,Chicago,10/03/2025,10.0,Indiana,Gary-IITRI/ 1219.5 meters east of Tennessee St.- old ammuntion bunker,10.0,9.923,9.427999999999999,7.689
7450,Chicago,10/04/2025,10.7,Indiana,Gary-IITRI/ 1219.5 meters east of Tennessee St.- old ammuntion bunker,10.7,10.617609999999999,10.087959999999999,8.22723
7451,Chicago,10/05/2025,7.7,Indiana,Gary-IITRI/ 1219.5 meters east of Tennessee St.- old ammuntion bunker,7.7,7.6407099999999994,7.25956,5.92053
7452,Chicago,10/06/2025,5.6,Indiana,Gary-IITRI/ 1219.5 meters east of Tennessee St.- old ammuntion bunker,5.6,5.55688,5.27968,4.30584
7453,Chicago,10/07/2025,2.7,Indiana,Gary-IITRI/ 1219.5 meters east of Tennessee St.- old ammuntion bunker,2.7,2.67921,2.54556,2.0760300000000003
7454,Chicago,10/08/2025,3.6,Indiana,Gary-IITRI/ 1219.5 meters east of Tennessee St.- old ammuntion bunker,3.6,3.57228,3.3940799999999998,2.76804
7455,Chicago,10/09/2025,3.3,Indiana,Gary-IITRI/ 1219.5 meters east of Tennessee St.- old ammuntion bunker,3.3,3.27459,3.1112399999999996,2.53737
7456,Chicago,10/10/2025,6.1,Indiana,Gary-IITRI/ 1219.5 meters east of Tennessee St.- old ammuntion bunker,6.1,6.05303,5.751079999999999,4.69029
7457,Chicago,10/11/2025,2.5,Indiana,Gary-IITRI/ 1219.5 meters east of Tennessee St.- old ammuntion bunker,2.5,2.48075,2.3569999999999998,1.92225
7458,Chicago,10/12/2025,4.3,Indiana,Gary-IITRI/ 1219.5 meters east of Tennessee St.- old ammuntion bunker,4.3,4.26689,4.05404,3.30627
7459,Chicago,10/13/2025,6.8,Indiana,Gary-IITRI/ 1219.5 meters east of Tennessee St.- old ammuntion bunker,6.8,6.74764,6.41104,5.22852
7460,Chicago,10/14/2025,7.2,Indiana,Gary-IITRI/ 1219.5 meters east of Tennessee St.- old ammuntion bunker,7.2,7.14456,6.7881599999999995,5.53608
7461,Chicago,10/15/2025,5.1,Indiana,Gary-IITRI/ 1219.5 meters east of Tennessee St.- old ammuntion bunker,5.1,5.0607299999999995,4.80828,3.9213899999999997
7462,Chicago,10/16/2025,3.3,Indiana,Gary-IITRI/ 1219.5 meters east of Tennessee St.- old ammuntion bunker,3.3,3.27459,3.1112399999999996,2.53737
7463,Chicago,10/17/2025,4.0,Indiana,Gary-IITRI/ 1219.5 meters east of Tennessee St.- old ammuntion bunker,4.0,3.9692,3.7712,3.0756
7464,Chicago,10/18/2025,9.6,Indiana,Gary-IITRI/ 1219.5 meters east of Tennessee St.- old ammuntion bunker,9.6,9.526079999999999,9.05088,7.38144
7465,Chicago,10/19/2025,5.9,Indiana,Gary-IITRI/ 1219.5 meters east of Tennessee St.- old ammuntion bunker,5.9,5.85457,5.56252,4.536510000000001
7466,Chicago,10/20/2025,3.1,Indiana,Gary-IITRI/ 1219.5 meters east of Tennessee St.- old ammuntion bunker,3.1,3.07613,2.92268,2.3835900000000003
7467,Chicago,10/21/2025,3.1,Indiana,Gary-IITRI/ 1219.5 meters east of Tennessee St.- old ammuntion bunker,3.1,3.07613,2.92268,2.3835900000000003
7468,Chicago,10/22/2025,2.9,Indiana,Gary-IITRI/ 1219.5 meters east of Tennessee St.- old ammuntion bunker,2.9,2.8776699999999997,2.73412,2.22981
7469,Chicago,10/23/2025,4.0,Indiana,Gary-IITRI/ 1219.5 meters east of Tennessee St.- old ammuntion bunker,4.0,3.9692,3.7712,3.0756
7470,Chicago,10/24/2025,5.3,Indiana,Gary-IITRI/ 1219.5 meters east of Tennessee St.- old ammuntion bunker,5.3,5.259189999999999,4.99684,4.07517
7471,Chicago,10/25/2025,7.7,Indiana,Gary-IITRI/ 1219.5 meters east of Tennessee St.- old ammuntion bunker,7.7,7.6407099999999994,7.25956,5.92053
7472,Chicago,10/26/2025,6.6,Indiana,Gary-IITRI/ 1219.5 meters east of Tennessee St.- old ammuntion bunker,6.6,6.54918,6.222479999999999,5.07474
7473,Chicago,10/27/2025,3.8,Indiana,Gary-IITRI/ 1219.5 meters east of Tennessee St.- old ammuntion bunker,3.8,3.7707399999999995,3.5826399999999996,2.92182
7474,Chicago,10/28/2025,3.9,Indiana,Gary-IITRI/ 1219.5 meters east of Tennessee St.- old ammuntion bunker,3.9,3.86997,3.67692,2.99871
7475,Chicago,10/29/2025,4.2,Indiana,Gary-IITRI/ 1219.5 meters east of Tennessee St.- old ammuntion bunker,4.2,4.16766,3.95976,3.2293800000000004
7476,Chicago,10/30/2025,3.8,Indiana,Gary-IITRI/ 1219.5 meters east of Tennessee St.- old ammuntion bunker,3.8,3.7707399999999995,3.5826399999999996,2.92182
7477,Chicago,10/31/2025,8.7,Indiana,Gary-IITRI/ 1219.5 meters east of Tennessee St.- old ammuntion bunker,8.7,8.633009999999999,8.202359999999999,6.68943
7478,Chicago,11/01/2025,7.4,Indiana,Gary-IITRI/ 1219.5 meters east of Tennessee St.- old ammuntion bunker,7.4,7.34302,6.97672,5.68986
7479,Chicago,11/02/2025,7.7,Indiana,Gary-IITRI/ 1219.5 meters east of Tennessee St.- old ammuntion bunker,7.7,7.6407099999999994,7.25956,5.92053
7480,Chicago,11/03/2025,5.5,Indiana,Gary-IITRI/ 1219.5 meters east of Tennessee St.- old ammuntion bunker,5.5,5.45765,5.1854,4.22895
7481,Chicago,11/04/2025,5.2,Indiana,Gary-IITRI/ 1219.5 meters east of Tennessee St.- old ammuntion bunker,5.2,5.15996,4.90256,3.9982800000000003
7482,Chicago,11/05/2025,8.4,Indiana,Gary-IITRI/ 1219.5 meters east of Tennessee St.- old ammuntion bunker,8.4,8.33532,7.91952,6.458760000000001
7483,Chicago,11/06/2025,7.5,Indiana,Gary-IITRI/ 1219.5 meters east of Tennessee St.- old ammuntion bunker,7.5,7.44225,7.071,5.76675
7484,Chicago,11/07/2025,6.1,Indiana,Gary-IITRI/ 1219.5 meters east of Tennessee St.- old ammuntion bunker,6.1,6.05303,5.751079999999999,4.69029
7485,Chicago,11/08/2025,3.5,Indiana,Gary-IITRI/ 1219.5 meters east of Tennessee St.- old ammuntion bunker,3.5,3.4730499999999997,3.2998,2.69115
7486,Chicago,11/09/2025,4.1,Indiana,Gary-IITRI/ 1219.5 meters east of Tennessee St.- old ammuntion bunker,4.1,4.068429999999999,3.8654799999999994,3.15249
7487,Chicago,11/10/2025,3.1,Indiana,Gary-IITRI/ 1219.5 meters east of Tennessee St.- old ammuntion bunker,3.1,3.07613,2.92268,2.3835900000000003
7488,Chicago,11/11/2025,4.2,Indiana,Gary-IITRI/ 1219.5 meters east of Tennessee St.- old ammuntion bunker,4.2,4.16766,3.95976,3.2293800000000004
7489,Chicago,11/12/2025,4.5,Indiana,Gary-IITRI/ 1219.5 meters east of Tennessee St.- old ammuntion bunker,4.5,4.46535,4.2425999999999995,3.4600500000000003
7490,Chicago,11/13/2025,5.7,Indiana,Gary-IITRI/ 1219.5 meters east of Tennessee St.- old ammuntion bunker,5.7,5.65611,5.37396,4.3827300000000005
7491,Chicago,11/14/2025,11.4,Indiana,Gary-IITRI/ 1219.5 meters east of Tennessee St.- old ammuntion bunker,11.4,11.31222,10.74792,8.765460000000001
7492,Chicago,11/15/2025,9.5,Indiana,Gary-IITRI/ 1219.5 meters east of Tennessee St.- old ammuntion bunker,9.5,9.42685,8.9566,7.30455
7493,Chicago,11/16/2025,5.0,Indiana,Gary-IITRI/ 1219.5 meters east of Tennessee St.- old ammuntion bunker,5.0,4.9615,4.7139999999999995,3.8445
7494,Chicago,11/17/2025,6.2,Indiana,Gary-IITRI/ 1219.5 meters east of Tennessee St.- old ammuntion bunker,6.2,6.15226,5.84536,4.767180000000001
7495,Chicago,11/18/2025,10.4,Indiana,Gary-IITRI/ 1219.5 meters east of Tennessee St.- old ammuntion bunker,10.4,10.31992,9.80512,7.996560000000001
7496,Chicago,11/19/2025,15.5,Indiana,Gary-IITRI/ 1219.5 meters east of Tennessee St.- old ammuntion bunker,15.5,15.38065,14.6134,11.917950000000001
7497,Chicago,11/20/2025,16.9,Indiana,Gary-IITRI/ 1219.5 meters east of Tennessee St.- old ammuntion bunker,16.9,16.769869999999997,15.933319999999998,12.99441
7498,Chicago,11/21/2025,13.0,Indiana,Gary-IITRI/ 1219.5 meters east of Tennessee St.- old ammuntion bunker,13.0,12.899899999999999,12.2564,9.995700000000001
7499,Chicago,11/22/2025,7.3,Indiana,Gary-IITRI/ 1219.5 meters east of Tennessee St.- old ammuntion bunker,7.3,7.24379,6.88244,5.61297
7500,Chicago,11/23/2025,10.7,Indiana,Gary-IITRI/ 1219.5 meters east of Tennessee St.- old ammuntion bunker,10.7,10.617609999999999,10.087959999999999,8.22723
7501,Chicago,11/24/2025,13.2,Indiana,Gary-IITRI/ 1219.5 meters east of Tennessee St.- old ammuntion bunker,13.2,13.09836,12.444959999999998,10.14948
7502,Chicago,11/25/2025,11.4,Indiana,Gary-IITRI/ 1219.5 meters east of Tennessee St.- old ammuntion bunker,11.4,11.31222,10.74792,8.765460000000001
7503,Chicago,11/26/2025,3.1,Indiana,Gary-IITRI/ 1219.5 meters east of Tennessee St.- old ammuntion bunker,3.1,3.07613,2.92268,2.3835900000000003
7504,Chicago,11/27/2025,8.5,Indiana,Gary-IITRI/ 1219.5 meters east of Tennessee St.- old ammuntion bunker,8.5,8.43455,8.0138,6.53565
7505,Chicago,11/28/2025,8.0,Indiana,Gary-IITRI/ 1219.5 meters east of Tennessee St.- old ammuntion bunker,8.0,7.9384,7.5424,6.1512
7506,Chicago,11/29/2025,5.5,Indiana,Gary-IITRI/ 1219.5 meters east of Tennessee St.- old ammuntion bunker,5.5,5.45765,5.1854,4.22895
7507,Chicago,11/30/2025,5.7,Indiana,Gary-IITRI/ 1219.5 meters east of Tennessee St.- old ammuntion bunker,5.7,5.65611,5.37396,4.3827300000000005
7508,Chicago,12/01/2025,9.3,Indiana,Gary-IITRI/ 1219.5 meters east of Tennessee St.- old ammuntion bunker,9.3,9.228390000000001,8.768040000000001,7.1507700000000005
7509,Chicago,12/02/2025,14.2,Indiana,Gary-IITRI/ 1219.5 meters east of Tennessee St.- old ammuntion bunker,14.2,14.090659999999998,13.387759999999998,10.918379999999999
7510,Chicago,12/03/2025,9.1,Indiana,Gary-IITRI/ 1219.5 meters east of Tennessee St.- old ammuntion bunker,9.1,9.029929999999998,8.57948,6.99699
7511,Chicago,12/04/2025,5.1,Indiana,Gary-IITRI/ 1219.5 meters east of Tennessee St.- old ammuntion bunker,5.1,5.0607299999999995,4.80828,3.9213899999999997
7512,Chicago,12/05/2025,11.7,Indiana,Gary-IITRI/ 1219.5 meters east of Tennessee St.- old ammuntion bunker,11.7,11.60991,11.030759999999999,8.996129999999999
7513,Chicago,12/06/2025,12.8,Indiana,Gary-IITRI/ 1219.5 meters east of Tennessee St.- old ammuntion bunker,12.8,12.70144,12.06784,9.841920000000002
7514,Chicago,12/07/2025,7.5,Indiana,Gary-IITRI/ 1219.5 meters east of Tennessee St.- old ammuntion bunker,7.5,7.44225,7.071,5.76675
7515,Chicago,12/08/2025,3.6,Indiana,Gary-IITRI/ 1219.5 meters east of Tennessee St.- old ammuntion bunker,3.6,3.57228,3.3940799999999998,2.76804
7516,Chicago,12/09/2025,8.3,Indiana,Gary-IITRI/ 1219.5 meters east of Tennessee St.- old ammuntion bunker,8.3,8.23609,7.825240000000001,6.381870000000001
7517,Chicago,12/10/2025,4.1,Indiana,Gary-IITRI/ 1219.5 meters east of Tennessee St.- old ammuntion bunker,4.1,4.068429999999999,3.8654799999999994,3.15249
7518,Chicago,12/11/2025,6.8,Indiana,Gary-IITRI/ 1219.5 meters east of Tennessee St.- old ammuntion bunker,6.8,6.74764,6.41104,5.22852
7519,Chicago,12/12/2025,11.5,Indiana,Gary-IITRI/ 1219.5 meters east of Tennessee St.- old ammuntion bunker,11.5,11.41145,10.8422,8.84235
7520,Chicago,12/13/2025,5.8,Indiana,Gary-IITRI/ 1219.5 meters east of Tennessee St.- old ammuntion bunker,5.8,5.7553399999999995,5.46824,4.45962
7521,Chicago,12/14/2025,5.7,Indiana,Gary-IITRI/ 1219.5 meters east of Tennessee St.- old ammuntion bunker,5.7,5.65611,5.37396,4.3827300000000005
7522,Chicago,12/15/2025,4.8,Indiana,Gary-IITRI/ 1219.5 meters east of Tennessee St.- old ammuntion bunker,4.8,4.763039999999999,4.52544,3.69072
7523,Chicago,12/16/2025,7.2,Indiana,Gary-IITRI/ 1219.5 meters east of Tennessee St.- old ammuntion bunker,7.2,7.14456,6.7881599999999995,5.53608
7524,Chicago,12/17/2025,9.3,Indiana,Gary-IITRI/ 1219.5 meters east of Tennessee St.- old ammuntion bunker,9.3,9.228390000000001,8.768040000000001,7.1507700000000005
7525,Chicago,12/18/2025,7.6,Indiana,Gary-IITRI/ 1219.5 meters east of Tennessee St.- old ammuntion bunker,7.6,7.541479999999999,7.165279999999999,5.84364
7526,Chicago,12/19/2025,4.8,Indiana,Gary-IITRI/ 1219.5 meters east of Tennessee St.- old ammuntion bunker,4.8,4.763039999999999,4.52544,3.69072
7527,Chicago,12/20/2025,3.8,Indiana,Gary-IITRI/ 1219.5 meters east of Tennessee St.- old ammuntion bunker,3.8,3.7707399999999995,3.5826399999999996,2.92182
7528,Chicago,12/21/2025,4.3,Indiana,Gary-IITRI/ 1219.5 meters east of Tennessee St.- old ammuntion bunker,4.3,4.26689,4.05404,3.30627
7529,Chicago,12/22/2025,3.8,Indiana,Gary-IITRI/ 1219.5 meters east of Tennessee St.- old ammuntion bunker,3.8,3.7707399999999995,3.5826399999999996,2.92182
7530,Chicago,12/23/2025,9.7,Indiana,Gary-IITRI/ 1219.5 meters east of Tennessee St.- old ammuntion bunker,9.7,9.625309999999999,9.145159999999999,7.45833
7531,Chicago,12/24/2025,9.3,Indiana,Gary-IITRI/ 1219.5 meters east of Tennessee St.- old ammuntion bunker,9.3,9.228390000000001,8.768040000000001,7.1507700000000005
7532,Chicago,12/25/2025,11.9,Indiana,Gary-IITRI/ 1219.5 meters east of Tennessee St.- old ammuntion bunker,11.9,11.80837,11.21932,9.14991
7533,Chicago,12/26/2025,7.4,Indiana,Gary-IITRI/ 1219.5 meters east of Tennessee St.- old ammuntion bunker,7.4,7.34302,6.97672,5.68986
7534,Chicago,12/27/2025,6.5,Indiana,Gary-IITRI/ 1219.5 meters east of Tennessee St.- old ammuntion bunker,6.5,6.449949999999999,6.1282,4.997850000000001
7535,Chicago,12/28/2025,5.4,Indiana,Gary-IITRI/ 1219.5 meters east of Tennessee St.- old ammuntion bunker,5.4,5.35842,5.09112,4.1520600000000005
7536,Chicago,12/29/2025,8.9,Indiana,Gary-IITRI/ 1219.5 meters east of Tennessee St.- old ammuntion bunker,8.9,8.83147,8.39092,6.843210000000001
7537,Chicago,12/30/2025,4.5,Indiana,Gary-IITRI/ 1219.5 meters east of Tennessee St.- old ammuntion bunker,4.5,4.46535,4.2425999999999995,3.4600500000000003
7538,Chicago,12/31/2025,8.1,Indiana,Gary-IITRI/ 1219.5 meters east of Tennessee St.- old ammuntion bunker,8.1,8.03763,7.636679999999999,6.22809
7539,Chicago,01/01/2025,3.1,Indiana,Gary- Burr St./ pumping station near truck stop,3.1,3.07613,2.92268,2.3835900000000003
7540,Chicago,01/04/2025,5.3,Indiana,Gary- Burr St./ pumping station near truck stop,5.3,5.259189999999999,4.99684,4.07517
7541,Chicago,01/07/2025,8.0,Indiana,Gary- Burr St./ pumping station near truck stop,8.0,7.9384,7.5424,6.1512
7542,Chicago,01/10/2025,20.5,Indiana,Gary- Burr St./ pumping station near truck stop,20.5,20.34215,19.3274,15.762450000000001
7543,Chicago,01/13/2025,3.4,Indiana,Gary- Burr St./ pumping station near truck stop,3.4,3.37382,3.20552,2.61426
7544,Chicago,01/16/2025,10.6,Indiana,Gary- Burr St./ pumping station near truck stop,10.6,10.518379999999999,9.99368,8.15034
7545,Chicago,01/19/2025,3.0,Indiana,Gary- Burr St./ pumping station near truck stop,3.0,2.9768999999999997,2.8284,2.3067
7546,Chicago,01/22/2025,7.5,Indiana,Gary- Burr St./ pumping station near truck stop,7.5,7.44225,7.071,5.76675
7547,Chicago,01/25/2025,6.7,Indiana,Gary- Burr St./ pumping station near truck stop,6.7,6.64841,6.31676,5.15163
7548,Chicago,01/28/2025,3.8,Indiana,Gary- Burr St./ pumping station near truck stop,3.8,3.7707399999999995,3.5826399999999996,2.92182
7549,Chicago,01/31/2025,8.5,Indiana,Gary- Burr St./ pumping station near truck stop,8.5,8.43455,8.0138,6.53565
7550,Chicago,02/03/2025,12.1,Indiana,Gary- Burr St./ pumping station near truck stop,12.1,12.006829999999999,11.407879999999999,9.30369
7551,Chicago,02/06/2025,6.7,Indiana,Gary- Burr St./ pumping station near truck stop,6.7,6.64841,6.31676,5.15163
7552,Chicago,02/12/2025,13.2,Indiana,Gary- Burr St./ pumping station near truck stop,13.2,13.09836,12.444959999999998,10.14948
7553,Chicago,02/15/2025,13.3,Indiana,Gary- Burr St./ pumping station near truck stop,13.3,13.19759,12.53924,10.226370000000001
7554,Chicago,02/18/2025,7.4,Indiana,Gary- Burr St./ pumping station near truck stop,7.4,7.34302,6.97672,5.68986
7555,Chicago,02/21/2025,13.9,Indiana,Gary- Burr St./ pumping station near truck stop,13.9,13.79297,13.10492,10.687710000000001
7556,Chicago,02/24/2025,10.4,Indiana,Gary- Burr St./ pumping station near truck stop,10.4,10.31992,9.80512,7.996560000000001
7557,Chicago,02/27/2025,15.1,Indiana,Gary- Burr St./ pumping station near truck stop,15.1,14.98373,14.236279999999999,11.61039
7558,Chicago,03/02/2025,9.1,Indiana,Gary- Burr St./ pumping station near truck stop,9.1,9.029929999999998,8.57948,6.99699
7559,Chicago,03/05/2025,4.1,Indiana,Gary- Burr St./ pumping station near truck stop,4.1,4.068429999999999,3.8654799999999994,3.15249
7560,Chicago,03/08/2025,5.1,Indiana,Gary- Burr St./ pumping station near truck stop,5.1,5.0607299999999995,4.80828,3.9213899999999997
7561,Chicago,03/11/2025,4.0,Indiana,Gary- Burr St./ pumping station near truck stop,4.0,3.9692,3.7712,3.0756
7562,Chicago,03/14/2025,10.3,Indiana,Gary- Burr St./ pumping station near truck stop,10.3,10.220690000000001,9.710840000000001,7.919670000000001
7563,Chicago,03/17/2025,4.1,Indiana,Gary- Burr St./ pumping station near truck stop,4.1,4.068429999999999,3.8654799999999994,3.15249
7564,Chicago,03/20/2025,4.0,Indiana,Gary- Burr St./ pumping station near truck stop,4.0,3.9692,3.7712,3.0756
7565,Chicago,03/23/2025,5.7,Indiana,Gary- Burr St./ pumping station near truck stop,5.7,5.65611,5.37396,4.3827300000000005
7566,Chicago,03/26/2025,14.8,Indiana,Gary- Burr St./ pumping station near truck stop,14.8,14.68604,13.95344,11.37972
7567,Chicago,03/29/2025,8.3,Indiana,Gary- Burr St./ pumping station near truck stop,8.3,8.23609,7.825240000000001,6.381870000000001
7568,Chicago,04/01/2025,4.0,Indiana,Gary- Burr St./ pumping station near truck stop,4.0,3.9692,3.7712,3.0756
7569,Chicago,04/04/2025,15.7,Indiana,Gary- Burr St./ pumping station near truck stop,15.7,15.579109999999998,14.80196,12.07173
7570,Chicago,04/07/2025,3.2,Indiana,Gary- Burr St./ pumping station near truck stop,3.2,3.17536,3.01696,2.4604800000000004
7571,Chicago,04/10/2025,10.5,Indiana,Gary- Burr St./ pumping station near truck stop,10.5,10.41915,9.8994,8.073450000000001
7572,Chicago,04/13/2025,7.3,Indiana,Gary- Burr St./ pumping station near truck stop,7.3,7.24379,6.88244,5.61297
7573,Chicago,04/16/2025,4.3,Indiana,Gary- Burr St./ pumping station near truck stop,4.3,4.26689,4.05404,3.30627
7574,Chicago,04/19/2025,10.8,Indiana,Gary- Burr St./ pumping station near truck stop,10.8,10.71684,10.18224,8.304120000000001
7575,Chicago,04/22/2025,5.4,Indiana,Gary- Burr St./ pumping station near truck stop,5.4,5.35842,5.09112,4.1520600000000005
7576,Chicago,04/25/2025,8.3,Indiana,Gary- Burr St./ pumping station near truck stop,8.3,8.23609,7.825240000000001,6.381870000000001
7577,Chicago,04/28/2025,7.6,Indiana,Gary- Burr St./ pumping station near truck stop,7.6,7.541479999999999,7.165279999999999,5.84364
7578,Chicago,05/01/2025,6.3,Indiana,Gary- Burr St./ pumping station near truck stop,6.3,6.2514899999999995,5.93964,4.84407
7579,Chicago,05/04/2025,2.6,Indiana,Gary- Burr St./ pumping station near truck stop,2.6,2.57998,2.45128,1.9991400000000001
7580,Chicago,05/07/2025,11.9,Indiana,Gary- Burr St./ pumping station near truck stop,11.9,11.80837,11.21932,9.14991
7581,Chicago,05/10/2025,5.6,Indiana,Gary- Burr St./ pumping station near truck stop,5.6,5.55688,5.27968,4.30584
7582,Chicago,05/13/2025,10.8,Indiana,Gary- Burr St./ pumping station near truck stop,10.8,10.71684,10.18224,8.304120000000001
7583,Chicago,05/16/2025,10.8,Indiana,Gary- Burr St./ pumping station near truck stop,10.8,10.71684,10.18224,8.304120000000001
7584,Chicago,05/19/2025,3.0,Indiana,Gary- Burr St./ pumping station near truck stop,3.0,2.9768999999999997,2.8284,2.3067
7585,Chicago,05/22/2025,3.2,Indiana,Gary- Burr St./ pumping station near truck stop,3.2,3.17536,3.01696,2.4604800000000004
7586,Chicago,05/28/2025,8.5,Indiana,Gary- Burr St./ pumping station near truck stop,8.5,8.43455,8.0138,6.53565
7587,Chicago,05/31/2025,8.2,Indiana,Gary- Burr St./ pumping station near truck stop,8.2,8.136859999999999,7.730959999999999,6.30498
7588,Chicago,06/01/2025,11.9,Indiana,Gary- Burr St./ pumping station near truck stop,11.9,11.80837,11.21932,9.14991
7589,Chicago,06/06/2025,28.7,Indiana,Gary- Burr St./ pumping station near truck stop,28.7,28.47901,27.058359999999997,22.06743
7590,Chicago,06/09/2025,13.3,Indiana,Gary- Burr St./ pumping station near truck stop,13.3,13.19759,12.53924,10.226370000000001
7591,Chicago,06/12/2025,25.7,Indiana,Gary- Burr St./ pumping station near truck stop,25.7,25.50211,24.22996,19.76073
7592,Chicago,06/15/2025,13.4,Indiana,Gary- Burr St./ pumping station near truck stop,13.4,13.29682,12.63352,10.30326
7593,Chicago,06/18/2025,7.1,Indiana,Gary- Burr St./ pumping station near truck stop,7.1,7.045329999999999,6.693879999999999,5.4591899999999995
7594,Chicago,06/21/2025,10.7,Indiana,Gary- Burr St./ pumping station near truck stop,10.7,10.617609999999999,10.087959999999999,8.22723
7595,Chicago,06/24/2025,11.5,Indiana,Gary- Burr St./ pumping station near truck stop,11.5,11.41145,10.8422,8.84235
7596,Chicago,06/27/2025,6.3,Indiana,Gary- Burr St./ pumping station near truck stop,6.3,6.2514899999999995,5.93964,4.84407
7597,Chicago,06/30/2025,7.4,Indiana,Gary- Burr St./ pumping station near truck stop,7.4,7.34302,6.97672,5.68986
7598,Chicago,07/03/2025,12.5,Indiana,Gary- Burr St./ pumping station near truck stop,12.5,12.403749999999999,11.785,9.61125
7599,Chicago,07/06/2025,7.5,Indiana,Gary- Burr St./ pumping station near truck stop,7.5,7.44225,7.071,5.76675
7600,Chicago,07/09/2025,8.9,Indiana,Gary- Burr St./ pumping station near truck stop,8.9,8.83147,8.39092,6.843210000000001
7601,Chicago,07/12/2025,5.5,Indiana,Gary- Burr St./ pumping station near truck stop,5.5,5.45765,5.1854,4.22895
7602,Chicago,07/15/2025,17.3,Indiana,Gary- Burr St./ pumping station near truck stop,17.3,17.16679,16.31044,13.30197
7603,Chicago,07/18/2025,9.7,Indiana,Gary- Burr St./ pumping station near truck stop,9.7,9.625309999999999,9.145159999999999,7.45833
7604,Chicago,07/21/2025,16.2,Indiana,Gary- Burr St./ pumping station near truck stop,16.2,16.07526,15.273359999999998,12.45618
7605,Chicago,07/24/2025,9.5,Indiana,Gary- Burr St./ pumping station near truck stop,9.5,9.42685,8.9566,7.30455
7606,Chicago,07/27/2025,7.9,Indiana,Gary- Burr St./ pumping station near truck stop,7.9,7.83917,7.44812,6.0743100000000005
7607,Chicago,07/30/2025,13.3,Indiana,Gary- Burr St./ pumping station near truck stop,13.3,13.19759,12.53924,10.226370000000001
7608,Chicago,08/02/2025,19.9,Indiana,Gary- Burr St./ pumping station near truck stop,19.9,19.746769999999998,18.761719999999997,15.30111
7609,Chicago,08/05/2025,25.9,Indiana,Gary- Burr St./ pumping station near truck stop,25.9,25.70057,24.418519999999997,19.91451
7610,Chicago,08/08/2025,13.7,Indiana,Gary- Burr St./ pumping station near truck stop,13.7,13.594509999999998,12.91636,10.53393
7611,Chicago,08/11/2025,8.9,Indiana,Gary- Burr St./ pumping station near truck stop,8.9,8.83147,8.39092,6.843210000000001
7612,Chicago,08/14/2025,22.0,Indiana,Gary- Burr St./ pumping station near truck stop,22.0,21.8306,20.7416,16.9158
7613,Chicago,08/17/2025,5.4,Indiana,Gary- Burr St./ pumping station near truck stop,5.4,5.35842,5.09112,4.1520600000000005
7614,Chicago,08/20/2025,2.5,Indiana,Gary- Burr St./ pumping station near truck stop,2.5,2.48075,2.3569999999999998,1.92225
7615,Chicago,08/23/2025,5.4,Indiana,Gary- Burr St./ pumping station near truck stop,5.4,5.35842,5.09112,4.1520600000000005
7616,Chicago,08/26/2025,6.1,Indiana,Gary- Burr St./ pumping station near truck stop,6.1,6.05303,5.751079999999999,4.69029
7617,Chicago,08/29/2025,3.7,Indiana,Gary- Burr St./ pumping station near truck stop,3.7,3.67151,3.48836,2.84493
7618,Chicago,09/01/2025,9.0,Indiana,Gary- Burr St./ pumping station near truck stop,9.0,8.9307,8.485199999999999,6.920100000000001
7619,Chicago,09/04/2025,9.0,Indiana,Gary- Burr St./ pumping station near truck stop,9.0,8.9307,8.485199999999999,6.920100000000001
7620,Chicago,09/07/2025,6.7,Indiana,Gary- Burr St./ pumping station near truck stop,6.7,6.64841,6.31676,5.15163
7621,Chicago,09/10/2025,9.2,Indiana,Gary- Burr St./ pumping station near truck stop,9.2,9.129159999999999,8.67376,7.07388
7622,Chicago,09/13/2025,12.5,Indiana,Gary- Burr St./ pumping station near truck stop,12.5,12.403749999999999,11.785,9.61125
7623,Chicago,09/16/2025,9.0,Indiana,Gary- Burr St./ pumping station near truck stop,9.0,8.9307,8.485199999999999,6.920100000000001
7624,Chicago,09/19/2025,21.1,Indiana,Gary- Burr St./ pumping station near truck stop,21.1,20.93753,19.89308,16.22379
7625,Chicago,09/22/2025,6.5,Indiana,Gary- Burr St./ pumping station near truck stop,6.5,6.449949999999999,6.1282,4.997850000000001
7626,Chicago,09/25/2025,5.8,Indiana,Gary- Burr St./ pumping station near truck stop,5.8,5.7553399999999995,5.46824,4.45962
7627,Chicago,09/28/2025,11.4,Indiana,Gary- Burr St./ pumping station near truck stop,11.4,11.31222,10.74792,8.765460000000001
7628,Chicago,10/01/2025,9.4,Indiana,Gary- Burr St./ pumping station near truck stop,9.4,9.32762,8.86232,7.22766
7629,Chicago,10/04/2025,10.8,Indiana,Gary- Burr St./ pumping station near truck stop,10.8,10.71684,10.18224,8.304120000000001
7630,Chicago,10/07/2025,3.4,Indiana,Gary- Burr St./ pumping station near truck stop,3.4,3.37382,3.20552,2.61426
7631,Chicago,10/10/2025,8.4,Indiana,Gary- Burr St./ pumping station near truck stop,8.4,8.33532,7.91952,6.458760000000001
7632,Chicago,10/13/2025,9.2,Indiana,Gary- Burr St./ pumping station near truck stop,9.2,9.129159999999999,8.67376,7.07388
7633,Chicago,10/16/2025,8.4,Indiana,Gary- Burr St./ pumping station near truck stop,8.4,8.33532,7.91952,6.458760000000001
7634,Chicago,10/19/2025,3.5,Indiana,Gary- Burr St./ pumping station near truck stop,3.5,3.4730499999999997,3.2998,2.69115
7635,Chicago,10/22/2025,1.0,Indiana,Gary- Burr St./ pumping station near truck stop,1.0,0.9923,0.9428,0.7689
7636,Chicago,10/25/2025,10.0,Indiana,Gary- Burr St./ pumping station near truck stop,10.0,9.923,9.427999999999999,7.689
7637,Chicago,10/28/2025,4.2,Indiana,Gary- Burr St./ pumping station near truck stop,4.2,4.16766,3.95976,3.2293800000000004
7638,Chicago,10/31/2025,7.9,Indiana,Gary- Burr St./ pumping station near truck stop,7.9,7.83917,7.44812,6.0743100000000005
7639,Chicago,11/03/2025,3.6,Indiana,Gary- Burr St./ pumping station near truck stop,3.6,3.57228,3.3940799999999998,2.76804
7640,Chicago,11/06/2025,7.0,Indiana,Gary- Burr St./ pumping station near truck stop,7.0,6.9460999999999995,6.5996,5.3823
7641,Chicago,11/09/2025,1.9,Indiana,Gary- Burr St./ pumping station near truck stop,1.9,1.8853699999999998,1.7913199999999998,1.46091
7642,Chicago,11/12/2025,3.6,Indiana,Gary- Burr St./ pumping station near truck stop,3.6,3.57228,3.3940799999999998,2.76804
7643,Chicago,11/15/2025,7.1,Indiana,Gary- Burr St./ pumping station near truck stop,7.1,7.045329999999999,6.693879999999999,5.4591899999999995
7644,Chicago,11/18/2025,12.0,Indiana,Gary- Burr St./ pumping station near truck stop,12.0,11.907599999999999,11.3136,9.2268
7645,Chicago,11/21/2025,14.3,Indiana,Gary- Burr St./ pumping station near truck stop,14.3,14.18989,13.48204,10.995270000000001
7646,Chicago,11/24/2025,15.6,Indiana,Gary- Burr St./ pumping station near truck stop,15.6,15.47988,14.70768,11.99484
7647,Chicago,11/27/2025,4.6,Indiana,Gary- Burr St./ pumping station near truck stop,4.6,4.564579999999999,4.33688,3.53694
7648,Chicago,11/30/2025,5.2,Indiana,Gary- Burr St./ pumping station near truck stop,5.2,5.15996,4.90256,3.9982800000000003
7649,Chicago,12/03/2025,13.3,Indiana,Gary- Burr St./ pumping station near truck stop,13.3,13.19759,12.53924,10.226370000000001
7650,Chicago,12/06/2025,17.9,Indiana,Gary- Burr St./ pumping station near truck stop,17.9,17.762169999999998,16.876119999999997,13.763309999999999
7651,Chicago,12/09/2025,12.6,Indiana,Gary- Burr St./ pumping station near truck stop,12.6,12.502979999999999,11.87928,9.68814
7652,Chicago,12/12/2025,16.3,Indiana,Gary- Burr St./ pumping station near truck stop,16.3,16.17449,15.36764,12.53307
7653,Chicago,12/15/2025,11.7,Indiana,Gary- Burr St./ pumping station near truck stop,11.7,11.60991,11.030759999999999,8.996129999999999
7654,Chicago,12/18/2025,8.6,Indiana,Gary- Burr St./ pumping station near truck stop,8.6,8.53378,8.10808,6.61254
7655,Chicago,12/21/2025,5.8,Indiana,Gary- Burr St./ pumping station near truck stop,5.8,5.7553399999999995,5.46824,4.45962
7656,Chicago,12/24/2025,14.0,Indiana,Gary- Burr St./ pumping station near truck stop,14.0,13.892199999999999,13.1992,10.7646
7657,Chicago,12/27/2025,12.8,Indiana,Gary- Burr St./ pumping station near truck stop,12.8,12.70144,12.06784,9.841920000000002
7658,Chicago,12/30/2025,5.5,Indiana,Gary- Burr St./ pumping station near truck stop,5.5,5.45765,5.1854,4.22895
7659,Chicago,01/09/2025,10.8,Indiana,Gary- Madison St./ Gary Water/ IN American Water Co.,10.8,10.71684,10.18224,8.304120000000001
7660,Chicago,01/10/2025,19.7,Indiana,Gary- Madison St./ Gary Water/ IN American Water Co.,19.7,19.548309999999997,18.573159999999998,15.14733
7661,Chicago,01/11/2025,10.7,Indiana,Gary- Madison St./ Gary Water/ IN American Water Co.,10.7,10.617609999999999,10.087959999999999,8.22723
7662,Chicago,01/13/2025,3.5,Indiana,Gary- Madison St./ Gary Water/ IN American Water Co.,3.5,3.4730499999999997,3.2998,2.69115
7663,Chicago,01/16/2025,9.9,Indiana,Gary- Madison St./ Gary Water/ IN American Water Co.,9.9,9.82377,9.33372,7.61211
7664,Chicago,01/19/2025,3.9,Indiana,Gary- Madison St./ Gary Water/ IN American Water Co.,3.9,3.86997,3.67692,2.99871
7665,Chicago,01/22/2025,5.0,Indiana,Gary- Madison St./ Gary Water/ IN American Water Co.,5.0,4.9615,4.7139999999999995,3.8445
7666,Chicago,01/25/2025,3.7,Indiana,Gary- Madison St./ Gary Water/ IN American Water Co.,3.7,3.67151,3.48836,2.84493
7667,Chicago,01/31/2025,10.7,Indiana,Gary- Madison St./ Gary Water/ IN American Water Co.,10.7,10.617609999999999,10.087959999999999,8.22723
7668,Chicago,02/03/2025,11.5,Indiana,Gary- Madison St./ Gary Water/ IN American Water Co.,11.5,11.41145,10.8422,8.84235
7669,Chicago,02/06/2025,5.7,Indiana,Gary- Madison St./ Gary Water/ IN American Water Co.,5.7,5.65611,5.37396,4.3827300000000005
7670,Chicago,02/09/2025,8.0,Indiana,Gary- Madison St./ Gary Water/ IN American Water Co.,8.0,7.9384,7.5424,6.1512
7671,Chicago,02/12/2025,13.6,Indiana,Gary- Madison St./ Gary Water/ IN American Water Co.,13.6,13.49528,12.82208,10.45704
7672,Chicago,02/15/2025,12.6,Indiana,Gary- Madison St./ Gary Water/ IN American Water Co.,12.6,12.502979999999999,11.87928,9.68814
7673,Chicago,02/18/2025,7.3,Indiana,Gary- Madison St./ Gary Water/ IN American Water Co.,7.3,7.24379,6.88244,5.61297
7674,Chicago,02/21/2025,10.9,Indiana,Gary- Madison St./ Gary Water/ IN American Water Co.,10.9,10.81607,10.27652,8.38101
7675,Chicago,02/24/2025,9.5,Indiana,Gary- Madison St./ Gary Water/ IN American Water Co.,9.5,9.42685,8.9566,7.30455
7676,Chicago,02/27/2025,12.0,Indiana,Gary- Madison St./ Gary Water/ IN American Water Co.,12.0,11.907599999999999,11.3136,9.2268
7677,Chicago,03/02/2025,10.6,Indiana,Gary- Madison St./ Gary Water/ IN American Water Co.,10.6,10.518379999999999,9.99368,8.15034
7678,Chicago,03/05/2025,3.5,Indiana,Gary- Madison St./ Gary Water/ IN American Water Co.,3.5,3.4730499999999997,3.2998,2.69115
7679,Chicago,03/08/2025,4.5,Indiana,Gary- Madison St./ Gary Water/ IN American Water Co.,4.5,4.46535,4.2425999999999995,3.4600500000000003
7680,Chicago,03/11/2025,6.2,Indiana,Gary- Madison St./ Gary Water/ IN American Water Co.,6.2,6.15226,5.84536,4.767180000000001
7681,Chicago,03/14/2025,9.1,Indiana,Gary- Madison St./ Gary Water/ IN American Water Co.,9.1,9.029929999999998,8.57948,6.99699
7682,Chicago,03/17/2025,3.1,Indiana,Gary- Madison St./ Gary Water/ IN American Water Co.,3.1,3.07613,2.92268,2.3835900000000003
7683,Chicago,03/20/2025,3.7,Indiana,Gary- Madison St./ Gary Water/ IN American Water Co.,3.7,3.67151,3.48836,2.84493
7684,Chicago,03/23/2025,4.4,Indiana,Gary- Madison St./ Gary Water/ IN American Water Co.,4.4,4.3661200000000004,4.14832,3.3831600000000006
7685,Chicago,03/26/2025,13.5,Indiana,Gary- Madison St./ Gary Water/ IN American Water Co.,13.5,13.396049999999999,12.7278,10.38015
7686,Chicago,03/29/2025,7.5,Indiana,Gary- Madison St./ Gary Water/ IN American Water Co.,7.5,7.44225,7.071,5.76675
7687,Chicago,04/01/2025,5.6,Indiana,Gary- Madison St./ Gary Water/ IN American Water Co.,5.6,5.55688,5.27968,4.30584
7688,Chicago,04/04/2025,14.0,Indiana,Gary- Madison St./ Gary Water/ IN American Water Co.,14.0,13.892199999999999,13.1992,10.7646
7689,Chicago,04/07/2025,4.0,Indiana,Gary- Madison St./ Gary Water/ IN American Water Co.,4.0,3.9692,3.7712,3.0756
7690,Chicago,04/10/2025,13.7,Indiana,Gary- Madison St./ Gary Water/ IN American Water Co.,13.7,13.594509999999998,12.91636,10.53393
7691,Chicago,04/13/2025,6.1,Indiana,Gary- Madison St./ Gary Water/ IN American Water Co.,6.1,6.05303,5.751079999999999,4.69029
7692,Chicago,04/16/2025,5.4,Indiana,Gary- Madison St./ Gary Water/ IN American Water Co.,5.4,5.35842,5.09112,4.1520600000000005
7693,Chicago,04/19/2025,10.3,Indiana,Gary- Madison St./ Gary Water/ IN American Water Co.,10.3,10.220690000000001,9.710840000000001,7.919670000000001
7694,Chicago,04/25/2025,4.0,Indiana,Gary- Madison St./ Gary Water/ IN American Water Co.,4.0,3.9692,3.7712,3.0756
7695,Chicago,04/29/2025,7.4,Indiana,Gary- Madison St./ Gary Water/ IN American Water Co.,7.4,7.34302,6.97672,5.68986
7696,Chicago,05/01/2025,5.8,Indiana,Gary- Madison St./ Gary Water/ IN American Water Co.,5.8,5.7553399999999995,5.46824,4.45962
7697,Chicago,05/04/2025,9.6,Indiana,Gary- Madison St./ Gary Water/ IN American Water Co.,9.6,9.526079999999999,9.05088,7.38144
7698,Chicago,05/10/2025,7.5,Indiana,Gary- Madison St./ Gary Water/ IN American Water Co.,7.5,7.44225,7.071,5.76675
7699,Chicago,05/13/2025,12.3,Indiana,Gary- Madison St./ Gary Water/ IN American Water Co.,12.3,12.20529,11.596440000000001,9.45747
7700,Chicago,05/16/2025,13.3,Indiana,Gary- Madison St./ Gary Water/ IN American Water Co.,13.3,13.19759,12.53924,10.226370000000001
7701,Chicago,05/19/2025,12.1,Indiana,Gary- Madison St./ Gary Water/ IN American Water Co.,12.1,12.006829999999999,11.407879999999999,9.30369
7702,Chicago,05/22/2025,2.5,Indiana,Gary- Madison St./ Gary Water/ IN American Water Co.,2.5,2.48075,2.3569999999999998,1.92225
7703,Chicago,05/25/2025,7.7,Indiana,Gary- Madison St./ Gary Water/ IN American Water Co.,7.7,7.6407099999999994,7.25956,5.92053
7704,Chicago,05/28/2025,10.2,Indiana,Gary- Madison St./ Gary Water/ IN American Water Co.,10.2,10.121459999999999,9.61656,7.842779999999999
7705,Chicago,05/31/2025,6.8,Indiana,Gary- Madison St./ Gary Water/ IN American Water Co.,6.8,6.74764,6.41104,5.22852
7706,Chicago,06/03/2025,13.7,Indiana,Gary- Madison St./ Gary Water/ IN American Water Co.,13.7,13.594509999999998,12.91636,10.53393
7707,Chicago,06/06/2025,29.2,Indiana,Gary- Madison St./ Gary Water/ IN American Water Co.,29.2,28.97516,27.52976,22.45188
7708,Chicago,06/09/2025,14.2,Indiana,Gary- Madison St./ Gary Water/ IN American Water Co.,14.2,14.090659999999998,13.387759999999998,10.918379999999999
7709,Chicago,06/12/2025,30.6,Indiana,Gary- Madison St./ Gary Water/ IN American Water Co.,30.6,30.36438,28.84968,23.528340000000004
7710,Chicago,06/15/2025,21.7,Indiana,Gary- Madison St./ Gary Water/ IN American Water Co.,21.7,21.532909999999998,20.458759999999998,16.68513
7711,Chicago,06/20/2025,7.1,Indiana,Gary- Madison St./ Gary Water/ IN American Water Co.,7.1,7.045329999999999,6.693879999999999,5.4591899999999995
7712,Chicago,06/21/2025,10.3,Indiana,Gary- Madison St./ Gary Water/ IN American Water Co.,10.3,10.220690000000001,9.710840000000001,7.919670000000001
7713,Chicago,06/24/2025,13.7,Indiana,Gary- Madison St./ Gary Water/ IN American Water Co.,13.7,13.594509999999998,12.91636,10.53393
7714,Chicago,06/27/2025,7.2,Indiana,Gary- Madison St./ Gary Water/ IN American Water Co.,7.2,7.14456,6.7881599999999995,5.53608
7715,Chicago,06/30/2025,10.9,Indiana,Gary- Madison St./ Gary Water/ IN American Water Co.,10.9,10.81607,10.27652,8.38101
7716,Chicago,07/03/2025,13.2,Indiana,Gary- Madison St./ Gary Water/ IN American Water Co.,13.2,13.09836,12.444959999999998,10.14948
7717,Chicago,07/06/2025,7.7,Indiana,Gary- Madison St./ Gary Water/ IN American Water Co.,7.7,7.6407099999999994,7.25956,5.92053
7718,Chicago,07/09/2025,11.2,Indiana,Gary- Madison St./ Gary Water/ IN American Water Co.,11.2,11.11376,10.55936,8.61168
7719,Chicago,07/12/2025,5.5,Indiana,Gary- Madison St./ Gary Water/ IN American Water Co.,5.5,5.45765,5.1854,4.22895
7720,Chicago,07/15/2025,19.1,Indiana,Gary- Madison St./ Gary Water/ IN American Water Co.,19.1,18.952930000000002,18.00748,14.685990000000002
7721,Chicago,07/18/2025,7.5,Indiana,Gary- Madison St./ Gary Water/ IN American Water Co.,7.5,7.44225,7.071,5.76675
7722,Chicago,07/21/2025,15.2,Indiana,Gary- Madison St./ Gary Water/ IN American Water Co.,15.2,15.082959999999998,14.330559999999998,11.68728
7723,Chicago,07/24/2025,9.5,Indiana,Gary- Madison St./ Gary Water/ IN American Water Co.,9.5,9.42685,8.9566,7.30455
7724,Chicago,07/27/2025,7.8,Indiana,Gary- Madison St./ Gary Water/ IN American Water Co.,7.8,7.73994,7.35384,5.99742
7725,Chicago,07/30/2025,14.8,Indiana,Gary- Madison St./ Gary Water/ IN American Water Co.,14.8,14.68604,13.95344,11.37972
7726,Chicago,08/02/2025,22.3,Indiana,Gary- Madison St./ Gary Water/ IN American Water Co.,22.3,22.12829,21.02444,17.14647
7727,Chicago,08/05/2025,31.0,Indiana,Gary- Madison St./ Gary Water/ IN American Water Co.,31.0,30.7613,29.2268,23.835900000000002
7728,Chicago,08/08/2025,12.0,Indiana,Gary- Madison St./ Gary Water/ IN American Water Co.,12.0,11.907599999999999,11.3136,9.2268
7729,Chicago,08/11/2025,8.0,Indiana,Gary- Madison St./ Gary Water/ IN American Water Co.,8.0,7.9384,7.5424,6.1512
7730,Chicago,08/14/2025,18.0,Indiana,Gary- Madison St./ Gary Water/ IN American Water Co.,18.0,17.8614,16.970399999999998,13.840200000000001
7731,Chicago,08/17/2025,7.2,Indiana,Gary- Madison St./ Gary Water/ IN American Water Co.,7.2,7.14456,6.7881599999999995,5.53608
7732,Chicago,08/20/2025,6.0,Indiana,Gary- Madison St./ Gary Water/ IN American Water Co.,6.0,5.953799999999999,5.6568,4.6134
7733,Chicago,08/23/2025,5.0,Indiana,Gary- Madison St./ Gary Water/ IN American Water Co.,5.0,4.9615,4.7139999999999995,3.8445
7734,Chicago,08/26/2025,6.5,Indiana,Gary- Madison St./ Gary Water/ IN American Water Co.,6.5,6.449949999999999,6.1282,4.997850000000001
7735,Chicago,08/29/2025,5.0,Indiana,Gary- Madison St./ Gary Water/ IN American Water Co.,5.0,4.9615,4.7139999999999995,3.8445
7736,Chicago,09/01/2025,10.3,Indiana,Gary- Madison St./ Gary Water/ IN American Water Co.,10.3,10.220690000000001,9.710840000000001,7.919670000000001
7737,Chicago,09/04/2025,11.7,Indiana,Gary- Madison St./ Gary Water/ IN American Water Co.,11.7,11.60991,11.030759999999999,8.996129999999999
7738,Chicago,09/07/2025,5.8,Indiana,Gary- Madison St./ Gary Water/ IN American Water Co.,5.8,5.7553399999999995,5.46824,4.45962
7739,Chicago,09/10/2025,9.5,Indiana,Gary- Madison St./ Gary Water/ IN American Water Co.,9.5,9.42685,8.9566,7.30455
7740,Chicago,09/13/2025,11.0,Indiana,Gary- Madison St./ Gary Water/ IN American Water Co.,11.0,10.9153,10.3708,8.4579
7741,Chicago,09/16/2025,14.1,Indiana,Gary- Madison St./ Gary Water/ IN American Water Co.,14.1,13.99143,13.293479999999999,10.84149
7742,Chicago,09/19/2025,12.0,Indiana,Gary- Madison St./ Gary Water/ IN American Water Co.,12.0,11.907599999999999,11.3136,9.2268
7743,Chicago,09/22/2025,5.6,Indiana,Gary- Madison St./ Gary Water/ IN American Water Co.,5.6,5.55688,5.27968,4.30584
7744,Chicago,09/25/2025,4.5,Indiana,Gary- Madison St./ Gary Water/ IN American Water Co.,4.5,4.46535,4.2425999999999995,3.4600500000000003
7745,Chicago,09/28/2025,12.0,Indiana,Gary- Madison St./ Gary Water/ IN American Water Co.,12.0,11.907599999999999,11.3136,9.2268
7746,Chicago,10/01/2025,8.4,Indiana,Gary- Madison St./ Gary Water/ IN American Water Co.,8.4,8.33532,7.91952,6.458760000000001
7747,Chicago,10/04/2025,10.0,Indiana,Gary- Madison St./ Gary Water/ IN American Water Co.,10.0,9.923,9.427999999999999,7.689
7748,Chicago,10/07/2025,7.6,Indiana,Gary- Madison St./ Gary Water/ IN American Water Co.,7.6,7.541479999999999,7.165279999999999,5.84364
7749,Chicago,10/10/2025,5.9,Indiana,Gary- Madison St./ Gary Water/ IN American Water Co.,5.9,5.85457,5.56252,4.536510000000001
7750,Chicago,10/13/2025,8.2,Indiana,Gary- Madison St./ Gary Water/ IN American Water Co.,8.2,8.136859999999999,7.730959999999999,6.30498
7751,Chicago,10/16/2025,3.7,Indiana,Gary- Madison St./ Gary Water/ IN American Water Co.,3.7,3.67151,3.48836,2.84493
7752,Chicago,10/19/2025,3.2,Indiana,Gary- Madison St./ Gary Water/ IN American Water Co.,3.2,3.17536,3.01696,2.4604800000000004
7753,Chicago,10/22/2025,1.8,Indiana,Gary- Madison St./ Gary Water/ IN American Water Co.,1.8,1.78614,1.6970399999999999,1.38402
7754,Chicago,10/25/2025,7.3,Indiana,Gary- Madison St./ Gary Water/ IN American Water Co.,7.3,7.24379,6.88244,5.61297
7755,Chicago,10/28/2025,4.0,Indiana,Gary- Madison St./ Gary Water/ IN American Water Co.,4.0,3.9692,3.7712,3.0756
7756,Chicago,10/31/2025,11.6,Indiana,Gary- Madison St./ Gary Water/ IN American Water Co.,11.6,11.510679999999999,10.93648,8.91924
7757,Chicago,11/03/2025,3.1,Indiana,Gary- Madison St./ Gary Water/ IN American Water Co.,3.1,3.07613,2.92268,2.3835900000000003
7758,Chicago,11/06/2025,6.0,Indiana,Gary- Madison St./ Gary Water/ IN American Water Co.,6.0,5.953799999999999,5.6568,4.6134
7759,Chicago,11/09/2025,3.7,Indiana,Gary- Madison St./ Gary Water/ IN American Water Co.,3.7,3.67151,3.48836,2.84493
7760,Chicago,11/12/2025,3.5,Indiana,Gary- Madison St./ Gary Water/ IN American Water Co.,3.5,3.4730499999999997,3.2998,2.69115
7761,Chicago,11/15/2025,7.0,Indiana,Gary- Madison St./ Gary Water/ IN American Water Co.,7.0,6.9460999999999995,6.5996,5.3823
7762,Chicago,11/18/2025,10.4,Indiana,Gary- Madison St./ Gary Water/ IN American Water Co.,10.4,10.31992,9.80512,7.996560000000001
7763,Chicago,11/21/2025,14.1,Indiana,Gary- Madison St./ Gary Water/ IN American Water Co.,14.1,13.99143,13.293479999999999,10.84149
7764,Chicago,11/24/2025,13.7,Indiana,Gary- Madison St./ Gary Water/ IN American Water Co.,13.7,13.594509999999998,12.91636,10.53393
7765,Chicago,11/27/2025,2.0,Indiana,Gary- Madison St./ Gary Water/ IN American Water Co.,2.0,1.9846,1.8856,1.5378
7766,Chicago,11/30/2025,5.2,Indiana,Gary- Madison St./ Gary Water/ IN American Water Co.,5.2,5.15996,4.90256,3.9982800000000003
7767,Chicago,12/03/2025,11.7,Indiana,Gary- Madison St./ Gary Water/ IN American Water Co.,11.7,11.60991,11.030759999999999,8.996129999999999
7768,Chicago,12/06/2025,16.7,Indiana,Gary- Madison St./ Gary Water/ IN American Water Co.,16.7,16.57141,15.74476,12.840629999999999
7769,Chicago,12/17/2025,12.5,Indiana,Gary- Madison St./ Gary Water/ IN American Water Co.,12.5,12.403749999999999,11.785,9.61125
7770,Chicago,12/18/2025,3.6,Indiana,Gary- Madison St./ Gary Water/ IN American Water Co.,3.6,3.57228,3.3940799999999998,2.76804
7771,Chicago,12/19/2025,7.7,Indiana,Gary- Madison St./ Gary Water/ IN American Water Co.,7.7,7.6407099999999994,7.25956,5.92053
7772,Chicago,12/21/2025,4.9,Indiana,Gary- Madison St./ Gary Water/ IN American Water Co.,4.9,4.8622700000000005,4.61972,3.7676100000000003
7773,Chicago,12/24/2025,14.2,Indiana,Gary- Madison St./ Gary Water/ IN American Water Co.,14.2,14.090659999999998,13.387759999999998,10.918379999999999
7774,Chicago,12/27/2025,10.9,Indiana,Gary- Madison St./ Gary Water/ IN American Water Co.,10.9,10.81607,10.27652,8.38101
7775,Chicago,01/01/2025,3.1,Indiana,Gary- Madison St./ Gary Water/ IN American Water Co.,3.1,3.07613,2.92268,2.3835900000000003
7776,Chicago,01/13/2025,3.2,Indiana,Gary- Madison St./ Gary Water/ IN American Water Co.,3.2,3.17536,3.01696,2.4604800000000004
7777,Chicago,01/25/2025,5.0,Indiana,Gary- Madison St./ Gary Water/ IN American Water Co.,5.0,4.9615,4.7139999999999995,3.8445
7778,Chicago,01/31/2025,11.3,Indiana,Gary- Madison St./ Gary Water/ IN American Water Co.,11.3,11.21299,10.653640000000001,8.68857
7779,Chicago,02/06/2025,6.2,Indiana,Gary- Madison St./ Gary Water/ IN American Water Co.,6.2,6.15226,5.84536,4.767180000000001
7780,Chicago,03/02/2025,10.9,Indiana,Gary- Madison St./ Gary Water/ IN American Water Co.,10.9,10.81607,10.27652,8.38101
7781,Chicago,03/08/2025,4.5,Indiana,Gary- Madison St./ Gary Water/ IN American Water Co.,4.5,4.46535,4.2425999999999995,3.4600500000000003
7782,Chicago,03/14/2025,8.7,Indiana,Gary- Madison St./ Gary Water/ IN American Water Co.,8.7,8.633009999999999,8.202359999999999,6.68943
7783,Chicago,03/20/2025,3.5,Indiana,Gary- Madison St./ Gary Water/ IN American Water Co.,3.5,3.4730499999999997,3.2998,2.69115
7784,Chicago,03/26/2025,13.3,Indiana,Gary- Madison St./ Gary Water/ IN American Water Co.,13.3,13.19759,12.53924,10.226370000000001
7785,Chicago,04/01/2025,6.0,Indiana,Gary- Madison St./ Gary Water/ IN American Water Co.,6.0,5.953799999999999,5.6568,4.6134
7786,Chicago,04/07/2025,4.3,Indiana,Gary- Madison St./ Gary Water/ IN American Water Co.,4.3,4.26689,4.05404,3.30627
7787,Chicago,04/13/2025,6.1,Indiana,Gary- Madison St./ Gary Water/ IN American Water Co.,6.1,6.05303,5.751079999999999,4.69029
7788,Chicago,04/19/2025,10.4,Indiana,Gary- Madison St./ Gary Water/ IN American Water Co.,10.4,10.31992,9.80512,7.996560000000001
7789,Chicago,04/25/2025,4.3,Indiana,Gary- Madison St./ Gary Water/ IN American Water Co.,4.3,4.26689,4.05404,3.30627
7790,Chicago,05/01/2025,6.0,Indiana,Gary- Madison St./ Gary Water/ IN American Water Co.,6.0,5.953799999999999,5.6568,4.6134
7791,Chicago,05/13/2025,11.9,Indiana,Gary- Madison St./ Gary Water/ IN American Water Co.,11.9,11.80837,11.21932,9.14991
7792,Chicago,05/19/2025,11.5,Indiana,Gary- Madison St./ Gary Water/ IN American Water Co.,11.5,11.41145,10.8422,8.84235
7793,Chicago,05/25/2025,7.7,Indiana,Gary- Madison St./ Gary Water/ IN American Water Co.,7.7,7.6407099999999994,7.25956,5.92053
7794,Chicago,05/31/2025,7.4,Indiana,Gary- Madison St./ Gary Water/ IN American Water Co.,7.4,7.34302,6.97672,5.68986
7795,Chicago,06/06/2025,29.4,Indiana,Gary- Madison St./ Gary Water/ IN American Water Co.,29.4,29.173619999999996,27.71832,22.60566
7796,Chicago,06/12/2025,29.6,Indiana,Gary- Madison St./ Gary Water/ IN American Water Co.,29.6,29.37208,27.90688,22.75944
7797,Chicago,06/18/2025,9.6,Indiana,Gary- Madison St./ Gary Water/ IN American Water Co.,9.6,9.526079999999999,9.05088,7.38144
7798,Chicago,06/24/2025,14.8,Indiana,Gary- Madison St./ Gary Water/ IN American Water Co.,14.8,14.68604,13.95344,11.37972
7799,Chicago,06/30/2025,10.9,Indiana,Gary- Madison St./ Gary Water/ IN American Water Co.,10.9,10.81607,10.27652,8.38101
7800,Chicago,07/06/2025,7.7,Indiana,Gary- Madison St./ Gary Water/ IN American Water Co.,7.7,7.6407099999999994,7.25956,5.92053
7801,Chicago,07/12/2025,5.4,Indiana,Gary- Madison St./ Gary Water/ IN American Water Co.,5.4,5.35842,5.09112,4.1520600000000005
7802,Chicago,07/23/2025,14.9,Indiana,Gary- Madison St./ Gary Water/ IN American Water Co.,14.9,14.78527,14.04772,11.456610000000001
7803,Chicago,07/24/2025,9.8,Indiana,Gary- Madison St./ Gary Water/ IN American Water Co.,9.8,9.724540000000001,9.23944,7.535220000000001
7804,Chicago,07/30/2025,14.6,Indiana,Gary- Madison St./ Gary Water/ IN American Water Co.,14.6,14.48758,13.76488,11.22594
7805,Chicago,08/05/2025,30.6,Indiana,Gary- Madison St./ Gary Water/ IN American Water Co.,30.6,30.36438,28.84968,23.528340000000004
7806,Chicago,08/11/2025,8.1,Indiana,Gary- Madison St./ Gary Water/ IN American Water Co.,8.1,8.03763,7.636679999999999,6.22809
7807,Chicago,08/17/2025,7.0,Indiana,Gary- Madison St./ Gary Water/ IN American Water Co.,7.0,6.9460999999999995,6.5996,5.3823
7808,Chicago,08/23/2025,5.2,Indiana,Gary- Madison St./ Gary Water/ IN American Water Co.,5.2,5.15996,4.90256,3.9982800000000003
7809,Chicago,08/29/2025,4.8,Indiana,Gary- Madison St./ Gary Water/ IN American Water Co.,4.8,4.763039999999999,4.52544,3.69072
7810,Chicago,09/04/2025,13.7,Indiana,Gary- Madison St./ Gary Water/ IN American Water Co.,13.7,13.594509999999998,12.91636,10.53393
7811,Chicago,09/10/2025,9.6,Indiana,Gary- Madison St./ Gary Water/ IN American Water Co.,9.6,9.526079999999999,9.05088,7.38144
7812,Chicago,09/16/2025,13.7,Indiana,Gary- Madison St./ Gary Water/ IN American Water Co.,13.7,13.594509999999998,12.91636,10.53393
7813,Chicago,09/22/2025,5.5,Indiana,Gary- Madison St./ Gary Water/ IN American Water Co.,5.5,5.45765,5.1854,4.22895
7814,Chicago,10/10/2025,6.2,Indiana,Gary- Madison St./ Gary Water/ IN American Water Co.,6.2,6.15226,5.84536,4.767180000000001
7815,Chicago,10/16/2025,4.0,Indiana,Gary- Madison St./ Gary Water/ IN American Water Co.,4.0,3.9692,3.7712,3.0756
7816,Chicago,10/22/2025,1.5,Indiana,Gary- Madison St./ Gary Water/ IN American Water Co.,1.5,1.4884499999999998,1.4142,1.15335
7817,Chicago,10/31/2025,12.1,Indiana,Gary- Madison St./ Gary Water/ IN American Water Co.,12.1,12.006829999999999,11.407879999999999,9.30369
7818,Chicago,11/03/2025,3.3,Indiana,Gary- Madison St./ Gary Water/ IN American Water Co.,3.3,3.27459,3.1112399999999996,2.53737
7819,Chicago,11/09/2025,3.7,Indiana,Gary- Madison St./ Gary Water/ IN American Water Co.,3.7,3.67151,3.48836,2.84493
7820,Chicago,11/15/2025,7.0,Indiana,Gary- Madison St./ Gary Water/ IN American Water Co.,7.0,6.9460999999999995,6.5996,5.3823
7821,Chicago,11/21/2025,14.1,Indiana,Gary- Madison St./ Gary Water/ IN American Water Co.,14.1,13.99143,13.293479999999999,10.84149
7822,Chicago,11/27/2025,1.9,Indiana,Gary- Madison St./ Gary Water/ IN American Water Co.,1.9,1.8853699999999998,1.7913199999999998,1.46091
7823,Chicago,12/03/2025,11.7,Indiana,Gary- Madison St./ Gary Water/ IN American Water Co.,11.7,11.60991,11.030759999999999,8.996129999999999
7824,Chicago,12/09/2025,11.4,Indiana,Gary- Madison St./ Gary Water/ IN American Water Co.,11.4,11.31222,10.74792,8.765460000000001
7825,Chicago,12/15/2025,8.2,Indiana,Gary- Madison St./ Gary Water/ IN American Water Co.,8.2,8.136859999999999,7.730959999999999,6.30498
7826,Chicago,12/21/2025,5.2,Indiana,Gary- Madison St./ Gary Water/ IN American Water Co.,5.2,5.15996,4.90256,3.9982800000000003
7827,Chicago,01/01/2025,3.7,Indiana,East Chicago-Marina,3.7,3.67151,3.48836,2.84493
7828,Chicago,01/04/2025,5.3,Indiana,East Chicago-Marina,5.3,5.259189999999999,4.99684,4.07517
7829,Chicago,01/07/2025,6.4,Indiana,East Chicago-Marina,6.4,6.35072,6.03392,4.920960000000001
7830,Chicago,01/10/2025,20.4,Indiana,East Chicago-Marina,20.4,20.242919999999998,19.23312,15.685559999999999
7831,Chicago,01/13/2025,4.7,Indiana,East Chicago-Marina,4.7,4.66381,4.43116,3.61383
7832,Chicago,01/21/2025,7.6,Indiana,East Chicago-Marina,7.6,7.541479999999999,7.165279999999999,5.84364
7833,Chicago,01/25/2025,6.4,Indiana,East Chicago-Marina,6.4,6.35072,6.03392,4.920960000000001
7834,Chicago,01/28/2025,4.7,Indiana,East Chicago-Marina,4.7,4.66381,4.43116,3.61383
7835,Chicago,01/31/2025,9.8,Indiana,East Chicago-Marina,9.8,9.724540000000001,9.23944,7.535220000000001
7836,Chicago,02/03/2025,13.3,Indiana,East Chicago-Marina,13.3,13.19759,12.53924,10.226370000000001
7837,Chicago,02/06/2025,7.6,Indiana,East Chicago-Marina,7.6,7.541479999999999,7.165279999999999,5.84364
7838,Chicago,02/09/2025,7.3,Indiana,East Chicago-Marina,7.3,7.24379,6.88244,5.61297
7839,Chicago,02/12/2025,10.8,Indiana,East Chicago-Marina,10.8,10.71684,10.18224,8.304120000000001
7840,Chicago,02/15/2025,12.7,Indiana,East Chicago-Marina,12.7,12.60221,11.973559999999999,9.76503
7841,Chicago,02/18/2025,7.5,Indiana,East Chicago-Marina,7.5,7.44225,7.071,5.76675
7842,Chicago,02/21/2025,13.0,Indiana,East Chicago-Marina,13.0,12.899899999999999,12.2564,9.995700000000001
7843,Chicago,02/24/2025,10.6,Indiana,East Chicago-Marina,10.6,10.518379999999999,9.99368,8.15034
7844,Chicago,02/27/2025,11.8,Indiana,East Chicago-Marina,11.8,11.70914,11.12504,9.073020000000001
7845,Chicago,03/02/2025,10.7,Indiana,East Chicago-Marina,10.7,10.617609999999999,10.087959999999999,8.22723
7846,Chicago,03/05/2025,3.5,Indiana,East Chicago-Marina,3.5,3.4730499999999997,3.2998,2.69115
7847,Chicago,03/08/2025,4.4,Indiana,East Chicago-Marina,4.4,4.3661200000000004,4.14832,3.3831600000000006
7848,Chicago,03/11/2025,8.0,Indiana,East Chicago-Marina,8.0,7.9384,7.5424,6.1512
7849,Chicago,03/14/2025,9.9,Indiana,East Chicago-Marina,9.9,9.82377,9.33372,7.61211
7850,Chicago,03/17/2025,4.6,Indiana,East Chicago-Marina,4.6,4.564579999999999,4.33688,3.53694
7851,Chicago,03/20/2025,4.0,Indiana,East Chicago-Marina,4.0,3.9692,3.7712,3.0756
7852,Chicago,03/23/2025,5.4,Indiana,East Chicago-Marina,5.4,5.35842,5.09112,4.1520600000000005
7853,Chicago,03/29/2025,7.8,Indiana,East Chicago-Marina,7.8,7.73994,7.35384,5.99742
7854,Chicago,04/15/2025,4.0,Indiana,East Chicago-Marina,4.0,3.9692,3.7712,3.0756
7855,Chicago,04/16/2025,2.9,Indiana,East Chicago-Marina,2.9,2.8776699999999997,2.73412,2.22981
7856,Chicago,04/17/2025,6.9,Indiana,East Chicago-Marina,6.9,6.84687,6.50532,5.30541
7857,Chicago,04/19/2025,9.3,Indiana,East Chicago-Marina,9.3,9.228390000000001,8.768040000000001,7.1507700000000005
7858,Chicago,04/22/2025,5.2,Indiana,East Chicago-Marina,5.2,5.15996,4.90256,3.9982800000000003
7859,Chicago,04/25/2025,3.2,Indiana,East Chicago-Marina,3.2,3.17536,3.01696,2.4604800000000004
7860,Chicago,05/07/2025,6.9,Indiana,East Chicago-Marina,6.9,6.84687,6.50532,5.30541
7861,Chicago,05/10/2025,8.7,Indiana,East Chicago-Marina,8.7,8.633009999999999,8.202359999999999,6.68943
7862,Chicago,05/13/2025,6.1,Indiana,East Chicago-Marina,6.1,6.05303,5.751079999999999,4.69029
7863,Chicago,05/16/2025,10.3,Indiana,East Chicago-Marina,10.3,10.220690000000001,9.710840000000001,7.919670000000001
7864,Chicago,05/19/2025,5.4,Indiana,East Chicago-Marina,5.4,5.35842,5.09112,4.1520600000000005
7865,Chicago,05/22/2025,3.9,Indiana,East Chicago-Marina,3.9,3.86997,3.67692,2.99871
7866,Chicago,05/25/2025,4.0,Indiana,East Chicago-Marina,4.0,3.9692,3.7712,3.0756
7867,Chicago,05/28/2025,9.7,Indiana,East Chicago-Marina,9.7,9.625309999999999,9.145159999999999,7.45833
7868,Chicago,05/31/2025,7.5,Indiana,East Chicago-Marina,7.5,7.44225,7.071,5.76675
7869,Chicago,06/06/2025,28.6,Indiana,East Chicago-Marina,28.6,28.37978,26.96408,21.990540000000003
7870,Chicago,06/09/2025,13.7,Indiana,East Chicago-Marina,13.7,13.594509999999998,12.91636,10.53393
7871,Chicago,06/12/2025,23.5,Indiana,East Chicago-Marina,23.5,23.31905,22.1558,18.06915
7872,Chicago,06/15/2025,13.1,Indiana,East Chicago-Marina,13.1,12.99913,12.350679999999999,10.07259
7873,Chicago,06/18/2025,8.0,Indiana,East Chicago-Marina,8.0,7.9384,7.5424,6.1512
7874,Chicago,06/21/2025,9.8,Indiana,East Chicago-Marina,9.8,9.724540000000001,9.23944,7.535220000000001
7875,Chicago,06/27/2025,6.6,Indiana,East Chicago-Marina,6.6,6.54918,6.222479999999999,5.07474
7876,Chicago,06/30/2025,6.9,Indiana,East Chicago-Marina,6.9,6.84687,6.50532,5.30541
7877,Chicago,07/03/2025,11.0,Indiana,East Chicago-Marina,11.0,10.9153,10.3708,8.4579
7878,Chicago,07/06/2025,8.7,Indiana,East Chicago-Marina,8.7,8.633009999999999,8.202359999999999,6.68943
7879,Chicago,07/09/2025,10.3,Indiana,East Chicago-Marina,10.3,10.220690000000001,9.710840000000001,7.919670000000001
7880,Chicago,07/12/2025,4.9,Indiana,East Chicago-Marina,4.9,4.8622700000000005,4.61972,3.7676100000000003
7881,Chicago,07/15/2025,18.1,Indiana,East Chicago-Marina,18.1,17.960630000000002,17.06468,13.917090000000002
7882,Chicago,07/18/2025,7.1,Indiana,East Chicago-Marina,7.1,7.045329999999999,6.693879999999999,5.4591899999999995
7883,Chicago,07/21/2025,15.0,Indiana,East Chicago-Marina,15.0,14.8845,14.142,11.5335
7884,Chicago,07/24/2025,10.0,Indiana,East Chicago-Marina,10.0,9.923,9.427999999999999,7.689
7885,Chicago,07/27/2025,6.8,Indiana,East Chicago-Marina,6.8,6.74764,6.41104,5.22852
7886,Chicago,07/30/2025,12.2,Indiana,East Chicago-Marina,12.2,12.10606,11.502159999999998,9.38058
7887,Chicago,08/02/2025,18.0,Indiana,East Chicago-Marina,18.0,17.8614,16.970399999999998,13.840200000000001
7888,Chicago,08/05/2025,29.0,Indiana,East Chicago-Marina,29.0,28.776699999999998,27.3412,22.2981
7889,Chicago,08/08/2025,12.5,Indiana,East Chicago-Marina,12.5,12.403749999999999,11.785,9.61125
7890,Chicago,08/11/2025,8.6,Indiana,East Chicago-Marina,8.6,8.53378,8.10808,6.61254
7891,Chicago,08/17/2025,4.9,Indiana,East Chicago-Marina,4.9,4.8622700000000005,4.61972,3.7676100000000003
7892,Chicago,08/20/2025,4.6,Indiana,East Chicago-Marina,4.6,4.564579999999999,4.33688,3.53694
7893,Chicago,08/23/2025,3.8,Indiana,East Chicago-Marina,3.8,3.7707399999999995,3.5826399999999996,2.92182
7894,Chicago,08/26/2025,6.2,Indiana,East Chicago-Marina,6.2,6.15226,5.84536,4.767180000000001
7895,Chicago,08/29/2025,2.4,Indiana,East Chicago-Marina,2.4,2.3815199999999996,2.26272,1.84536
7896,Chicago,09/01/2025,8.0,Indiana,East Chicago-Marina,8.0,7.9384,7.5424,6.1512
7897,Chicago,09/04/2025,8.5,Indiana,East Chicago-Marina,8.5,8.43455,8.0138,6.53565
7898,Chicago,09/07/2025,4.8,Indiana,East Chicago-Marina,4.8,4.763039999999999,4.52544,3.69072
7899,Chicago,09/10/2025,9.1,Indiana,East Chicago-Marina,9.1,9.029929999999998,8.57948,6.99699
7900,Chicago,09/13/2025,11.5,Indiana,East Chicago-Marina,11.5,11.41145,10.8422,8.84235
7901,Chicago,09/16/2025,8.2,Indiana,East Chicago-Marina,8.2,8.136859999999999,7.730959999999999,6.30498
7902,Chicago,09/19/2025,13.8,Indiana,East Chicago-Marina,13.8,13.69374,13.01064,10.61082
7903,Chicago,09/22/2025,6.8,Indiana,East Chicago-Marina,6.8,6.74764,6.41104,5.22852
7904,Chicago,09/25/2025,4.3,Indiana,East Chicago-Marina,4.3,4.26689,4.05404,3.30627
7905,Chicago,09/28/2025,9.5,Indiana,East Chicago-Marina,9.5,9.42685,8.9566,7.30455
7906,Chicago,10/01/2025,7.0,Indiana,East Chicago-Marina,7.0,6.9460999999999995,6.5996,5.3823
7907,Chicago,10/04/2025,10.6,Indiana,East Chicago-Marina,10.6,10.518379999999999,9.99368,8.15034
7908,Chicago,10/07/2025,4.7,Indiana,East Chicago-Marina,4.7,4.66381,4.43116,3.61383
7909,Chicago,10/10/2025,5.9,Indiana,East Chicago-Marina,5.9,5.85457,5.56252,4.536510000000001
7910,Chicago,10/13/2025,8.5,Indiana,East Chicago-Marina,8.5,8.43455,8.0138,6.53565
7911,Chicago,10/19/2025,3.2,Indiana,East Chicago-Marina,3.2,3.17536,3.01696,2.4604800000000004
7912,Chicago,10/22/2025,2.4,Indiana,East Chicago-Marina,2.4,2.3815199999999996,2.26272,1.84536
7913,Chicago,10/25/2025,7.6,Indiana,East Chicago-Marina,7.6,7.541479999999999,7.165279999999999,5.84364
7914,Chicago,10/28/2025,4.7,Indiana,East Chicago-Marina,4.7,4.66381,4.43116,3.61383
7915,Chicago,11/03/2025,4.4,Indiana,East Chicago-Marina,4.4,4.3661200000000004,4.14832,3.3831600000000006
7916,Chicago,11/06/2025,7.6,Indiana,East Chicago-Marina,7.6,7.541479999999999,7.165279999999999,5.84364
7917,Chicago,11/09/2025,2.7,Indiana,East Chicago-Marina,2.7,2.67921,2.54556,2.0760300000000003
7918,Chicago,11/12/2025,4.7,Indiana,East Chicago-Marina,4.7,4.66381,4.43116,3.61383
7919,Chicago,11/15/2025,7.1,Indiana,East Chicago-Marina,7.1,7.045329999999999,6.693879999999999,5.4591899999999995
7920,Chicago,11/18/2025,10.8,Indiana,East Chicago-Marina,10.8,10.71684,10.18224,8.304120000000001
7921,Chicago,11/21/2025,14.9,Indiana,East Chicago-Marina,14.9,14.78527,14.04772,11.456610000000001
7922,Chicago,11/24/2025,16.1,Indiana,East Chicago-Marina,16.1,15.976030000000002,15.17908,12.379290000000001
7923,Chicago,11/27/2025,2.1,Indiana,East Chicago-Marina,2.1,2.08383,1.97988,1.6146900000000002
7924,Chicago,11/30/2025,3.8,Indiana,East Chicago-Marina,3.8,3.7707399999999995,3.5826399999999996,2.92182
7925,Chicago,12/03/2025,11.9,Indiana,East Chicago-Marina,11.9,11.80837,11.21932,9.14991
7926,Chicago,12/06/2025,16.9,Indiana,East Chicago-Marina,16.9,16.769869999999997,15.933319999999998,12.99441
7927,Chicago,12/09/2025,11.7,Indiana,East Chicago-Marina,11.7,11.60991,11.030759999999999,8.996129999999999
7928,Chicago,12/12/2025,15.8,Indiana,East Chicago-Marina,15.8,15.67834,14.89624,12.148620000000001
7929,Chicago,12/15/2025,9.0,Indiana,East Chicago-Marina,9.0,8.9307,8.485199999999999,6.920100000000001
7930,Chicago,12/18/2025,7.9,Indiana,East Chicago-Marina,7.9,7.83917,7.44812,6.0743100000000005
7931,Chicago,12/21/2025,4.9,Indiana,East Chicago-Marina,4.9,4.8622700000000005,4.61972,3.7676100000000003
7932,Chicago,12/24/2025,14.5,Indiana,East Chicago-Marina,14.5,14.388349999999999,13.6706,11.14905
7933,Chicago,12/27/2025,10.2,Indiana,East Chicago-Marina,10.2,10.121459999999999,9.61656,7.842779999999999
7934,Chicago,12/30/2025,5.9,Indiana,East Chicago-Marina,5.9,5.85457,5.56252,4.536510000000001
7935,Chicago,01/01/2025,4.9,Indiana,East Chicago-Marina,4.9,4.8622700000000005,4.61972,3.7676100000000003
7936,Chicago,01/02/2025,4.7,Indiana,East Chicago-Marina,4.7,4.66381,4.43116,3.61383
7937,Chicago,01/03/2025,6.0,Indiana,East Chicago-Marina,6.0,5.953799999999999,5.6568,4.6134
7938,Chicago,01/04/2025,4.5,Indiana,East Chicago-Marina,4.5,4.46535,4.2425999999999995,3.4600500000000003
7939,Chicago,01/05/2025,4.6,Indiana,East Chicago-Marina,4.6,4.564579999999999,4.33688,3.53694
7940,Chicago,01/06/2025,4.3,Indiana,East Chicago-Marina,4.3,4.26689,4.05404,3.30627
7941,Chicago,01/07/2025,4.9,Indiana,East Chicago-Marina,4.9,4.8622700000000005,4.61972,3.7676100000000003
7942,Chicago,01/08/2025,7.4,Indiana,East Chicago-Marina,7.4,7.34302,6.97672,5.68986
7943,Chicago,01/09/2025,10.8,Indiana,East Chicago-Marina,10.8,10.71684,10.18224,8.304120000000001
7944,Chicago,01/10/2025,22.0,Indiana,East Chicago-Marina,22.0,21.8306,20.7416,16.9158
7945,Chicago,01/11/2025,11.8,Indiana,East Chicago-Marina,11.8,11.70914,11.12504,9.073020000000001
7946,Chicago,01/12/2025,10.9,Indiana,East Chicago-Marina,10.9,10.81607,10.27652,8.38101
7947,Chicago,01/13/2025,4.4,Indiana,East Chicago-Marina,4.4,4.3661200000000004,4.14832,3.3831600000000006
7948,Chicago,01/14/2025,7.5,Indiana,East Chicago-Marina,7.5,7.44225,7.071,5.76675
7949,Chicago,01/15/2025,10.3,Indiana,East Chicago-Marina,10.3,10.220690000000001,9.710840000000001,7.919670000000001
7950,Chicago,01/16/2025,10.2,Indiana,East Chicago-Marina,10.2,10.121459999999999,9.61656,7.842779999999999
7951,Chicago,01/17/2025,7.1,Indiana,East Chicago-Marina,7.1,7.045329999999999,6.693879999999999,5.4591899999999995
7952,Chicago,01/18/2025,3.7,Indiana,East Chicago-Marina,3.7,3.67151,3.48836,2.84493
7953,Chicago,01/19/2025,3.9,Indiana,East Chicago-Marina,3.9,3.86997,3.67692,2.99871
7954,Chicago,01/20/2025,4.2,Indiana,East Chicago-Marina,4.2,4.16766,3.95976,3.2293800000000004
7955,Chicago,01/21/2025,5.9,Indiana,East Chicago-Marina,5.9,5.85457,5.56252,4.536510000000001
7956,Chicago,01/22/2025,6.2,Indiana,East Chicago-Marina,6.2,6.15226,5.84536,4.767180000000001
7957,Chicago,01/23/2025,8.0,Indiana,East Chicago-Marina,8.0,7.9384,7.5424,6.1512
7958,Chicago,01/24/2025,9.6,Indiana,East Chicago-Marina,9.6,9.526079999999999,9.05088,7.38144
7959,Chicago,01/25/2025,6.4,Indiana,East Chicago-Marina,6.4,6.35072,6.03392,4.920960000000001
7960,Chicago,01/26/2025,4.9,Indiana,East Chicago-Marina,4.9,4.8622700000000005,4.61972,3.7676100000000003
7961,Chicago,01/27/2025,5.2,Indiana,East Chicago-Marina,5.2,5.15996,4.90256,3.9982800000000003
7962,Chicago,01/28/2025,4.9,Indiana,East Chicago-Marina,4.9,4.8622700000000005,4.61972,3.7676100000000003
7963,Chicago,01/29/2025,4.7,Indiana,East Chicago-Marina,4.7,4.66381,4.43116,3.61383
7964,Chicago,01/30/2025,8.2,Indiana,East Chicago-Marina,8.2,8.136859999999999,7.730959999999999,6.30498
7965,Chicago,01/31/2025,10.0,Indiana,East Chicago-Marina,10.0,9.923,9.427999999999999,7.689
7966,Chicago,02/01/2025,4.3,Indiana,East Chicago-Marina,4.3,4.26689,4.05404,3.30627
7967,Chicago,02/02/2025,11.8,Indiana,East Chicago-Marina,11.8,11.70914,11.12504,9.073020000000001
7968,Chicago,02/03/2025,13.5,Indiana,East Chicago-Marina,13.5,13.396049999999999,12.7278,10.38015
7969,Chicago,02/04/2025,4.1,Indiana,East Chicago-Marina,4.1,4.068429999999999,3.8654799999999994,3.15249
7970,Chicago,02/05/2025,6.5,Indiana,East Chicago-Marina,6.5,6.449949999999999,6.1282,4.997850000000001
7971,Chicago,02/06/2025,7.5,Indiana,East Chicago-Marina,7.5,7.44225,7.071,5.76675
7972,Chicago,02/07/2025,5.9,Indiana,East Chicago-Marina,5.9,5.85457,5.56252,4.536510000000001
7973,Chicago,02/08/2025,8.1,Indiana,East Chicago-Marina,8.1,8.03763,7.636679999999999,6.22809
7974,Chicago,02/09/2025,8.0,Indiana,East Chicago-Marina,8.0,7.9384,7.5424,6.1512
7975,Chicago,02/10/2025,6.5,Indiana,East Chicago-Marina,6.5,6.449949999999999,6.1282,4.997850000000001
7976,Chicago,02/11/2025,6.7,Indiana,East Chicago-Marina,6.7,6.64841,6.31676,5.15163
7977,Chicago,02/12/2025,11.7,Indiana,East Chicago-Marina,11.7,11.60991,11.030759999999999,8.996129999999999
7978,Chicago,02/13/2025,8.7,Indiana,East Chicago-Marina,8.7,8.633009999999999,8.202359999999999,6.68943
7979,Chicago,02/14/2025,10.7,Indiana,East Chicago-Marina,10.7,10.617609999999999,10.087959999999999,8.22723
7980,Chicago,02/15/2025,12.3,Indiana,East Chicago-Marina,12.3,12.20529,11.596440000000001,9.45747
7981,Chicago,02/16/2025,6.4,Indiana,East Chicago-Marina,6.4,6.35072,6.03392,4.920960000000001
7982,Chicago,02/17/2025,5.8,Indiana,East Chicago-Marina,5.8,5.7553399999999995,5.46824,4.45962
7983,Chicago,02/18/2025,5.5,Indiana,East Chicago-Marina,5.5,5.45765,5.1854,4.22895
7984,Chicago,02/19/2025,5.6,Indiana,East Chicago-Marina,5.6,5.55688,5.27968,4.30584
7985,Chicago,02/20/2025,7.0,Indiana,East Chicago-Marina,7.0,6.9460999999999995,6.5996,5.3823
7986,Chicago,02/21/2025,9.0,Indiana,East Chicago-Marina,9.0,8.9307,8.485199999999999,6.920100000000001
7987,Chicago,02/22/2025,8.6,Indiana,East Chicago-Marina,8.6,8.53378,8.10808,6.61254
7988,Chicago,02/23/2025,12.5,Indiana,East Chicago-Marina,12.5,12.403749999999999,11.785,9.61125
7989,Chicago,02/24/2025,9.6,Indiana,East Chicago-Marina,9.6,9.526079999999999,9.05088,7.38144
7990,Chicago,02/25/2025,9.5,Indiana,East Chicago-Marina,9.5,9.42685,8.9566,7.30455
7991,Chicago,02/26/2025,9.1,Indiana,East Chicago-Marina,9.1,9.029929999999998,8.57948,6.99699
7992,Chicago,02/27/2025,11.5,Indiana,East Chicago-Marina,11.5,11.41145,10.8422,8.84235
7993,Chicago,02/28/2025,4.5,Indiana,East Chicago-Marina,4.5,4.46535,4.2425999999999995,3.4600500000000003
7994,Chicago,03/01/2025,4.4,Indiana,East Chicago-Marina,4.4,4.3661200000000004,4.14832,3.3831600000000006
7995,Chicago,03/02/2025,7.1,Indiana,East Chicago-Marina,7.1,7.045329999999999,6.693879999999999,5.4591899999999995
7996,Chicago,03/03/2025,7.4,Indiana,East Chicago-Marina,7.4,7.34302,6.97672,5.68986
7997,Chicago,03/04/2025,6.8,Indiana,East Chicago-Marina,6.8,6.74764,6.41104,5.22852
7998,Chicago,03/05/2025,4.0,Indiana,East Chicago-Marina,4.0,3.9692,3.7712,3.0756
7999,Chicago,03/06/2025,3.4,Indiana,East Chicago-Marina,3.4,3.37382,3.20552,2.61426
8000,Chicago,03/07/2025,7.1,Indiana,East Chicago-Marina,7.1,7.045329999999999,6.693879999999999,5.4591899999999995
8001,Chicago,03/08/2025,5.4,Indiana,East Chicago-Marina,5.4,5.35842,5.09112,4.1520600000000005
8002,Chicago,03/09/2025,4.5,Indiana,East Chicago-Marina,4.5,4.46535,4.2425999999999995,3.4600500000000003
8003,Chicago,03/10/2025,5.4,Indiana,East Chicago-Marina,5.4,5.35842,5.09112,4.1520600000000005
8004,Chicago,03/11/2025,6.3,Indiana,East Chicago-Marina,6.3,6.2514899999999995,5.93964,4.84407
8005,Chicago,03/12/2025,4.2,Indiana,East Chicago-Marina,4.2,4.16766,3.95976,3.2293800000000004
8006,Chicago,03/13/2025,10.0,Indiana,East Chicago-Marina,10.0,9.923,9.427999999999999,7.689
8007,Chicago,03/14/2025,11.5,Indiana,East Chicago-Marina,11.5,11.41145,10.8422,8.84235
8008,Chicago,03/15/2025,28.3,Indiana,East Chicago-Marina,28.3,28.08209,26.68124,21.759870000000003
8009,Chicago,03/16/2025,5.3,Indiana,East Chicago-Marina,5.3,5.259189999999999,4.99684,4.07517
8010,Chicago,03/17/2025,4.5,Indiana,East Chicago-Marina,4.5,4.46535,4.2425999999999995,3.4600500000000003
8011,Chicago,03/18/2025,5.6,Indiana,East Chicago-Marina,5.6,5.55688,5.27968,4.30584
8012,Chicago,03/19/2025,6.9,Indiana,East Chicago-Marina,6.9,6.84687,6.50532,5.30541
8013,Chicago,03/20/2025,3.9,Indiana,East Chicago-Marina,3.9,3.86997,3.67692,2.99871
8014,Chicago,03/21/2025,5.3,Indiana,East Chicago-Marina,5.3,5.259189999999999,4.99684,4.07517
8015,Chicago,03/22/2025,3.8,Indiana,East Chicago-Marina,3.8,3.7707399999999995,3.5826399999999996,2.92182
8016,Chicago,03/23/2025,5.3,Indiana,East Chicago-Marina,5.3,5.259189999999999,4.99684,4.07517
8017,Chicago,03/24/2025,4.4,Indiana,East Chicago-Marina,4.4,4.3661200000000004,4.14832,3.3831600000000006
8018,Chicago,03/25/2025,6.8,Indiana,East Chicago-Marina,6.8,6.74764,6.41104,5.22852
8019,Chicago,03/26/2025,9.3,Indiana,East Chicago-Marina,9.3,9.228390000000001,8.768040000000001,7.1507700000000005
8020,Chicago,03/27/2025,8.6,Indiana,East Chicago-Marina,8.6,8.53378,8.10808,6.61254
8021,Chicago,03/28/2025,7.6,Indiana,East Chicago-Marina,7.6,7.541479999999999,7.165279999999999,5.84364
8022,Chicago,03/29/2025,7.6,Indiana,East Chicago-Marina,7.6,7.541479999999999,7.165279999999999,5.84364
8023,Chicago,04/04/2025,6.3,Indiana,East Chicago-Marina,6.3,6.2514899999999995,5.93964,4.84407
8024,Chicago,04/05/2025,7.5,Indiana,East Chicago-Marina,7.5,7.44225,7.071,5.76675
8025,Chicago,04/06/2025,4.4,Indiana,East Chicago-Marina,4.4,4.3661200000000004,4.14832,3.3831600000000006
8026,Chicago,04/07/2025,5.6,Indiana,East Chicago-Marina,5.6,5.55688,5.27968,4.30584
8027,Chicago,04/08/2025,4.7,Indiana,East Chicago-Marina,4.7,4.66381,4.43116,3.61383
8028,Chicago,04/09/2025,6.6,Indiana,East Chicago-Marina,6.6,6.54918,6.222479999999999,5.07474
8029,Chicago,04/10/2025,13.2,Indiana,East Chicago-Marina,13.2,13.09836,12.444959999999998,10.14948
8030,Chicago,04/11/2025,9.7,Indiana,East Chicago-Marina,9.7,9.625309999999999,9.145159999999999,7.45833
8031,Chicago,04/12/2025,16.1,Indiana,East Chicago-Marina,16.1,15.976030000000002,15.17908,12.379290000000001
8032,Chicago,04/13/2025,7.8,Indiana,East Chicago-Marina,7.8,7.73994,7.35384,5.99742
8033,Chicago,04/14/2025,6.6,Indiana,East Chicago-Marina,6.6,6.54918,6.222479999999999,5.07474
8034,Chicago,04/15/2025,3.7,Indiana,East Chicago-Marina,3.7,3.67151,3.48836,2.84493
8035,Chicago,04/16/2025,3.4,Indiana,East Chicago-Marina,3.4,3.37382,3.20552,2.61426
8036,Chicago,04/17/2025,7.6,Indiana,East Chicago-Marina,7.6,7.541479999999999,7.165279999999999,5.84364
8037,Chicago,04/18/2025,12.3,Indiana,East Chicago-Marina,12.3,12.20529,11.596440000000001,9.45747
8038,Chicago,04/19/2025,9.3,Indiana,East Chicago-Marina,9.3,9.228390000000001,8.768040000000001,7.1507700000000005
8039,Chicago,04/20/2025,6.9,Indiana,East Chicago-Marina,6.9,6.84687,6.50532,5.30541
8040,Chicago,04/21/2025,3.2,Indiana,East Chicago-Marina,3.2,3.17536,3.01696,2.4604800000000004
8041,Chicago,04/22/2025,5.6,Indiana,East Chicago-Marina,5.6,5.55688,5.27968,4.30584
8042,Chicago,04/23/2025,7.0,Indiana,East Chicago-Marina,7.0,6.9460999999999995,6.5996,5.3823
8043,Chicago,04/24/2025,13.6,Indiana,East Chicago-Marina,13.6,13.49528,12.82208,10.45704
8044,Chicago,04/25/2025,4.0,Indiana,East Chicago-Marina,4.0,3.9692,3.7712,3.0756
8045,Chicago,04/26/2025,3.7,Indiana,East Chicago-Marina,3.7,3.67151,3.48836,2.84493
8046,Chicago,04/27/2025,6.1,Indiana,East Chicago-Marina,6.1,6.05303,5.751079999999999,4.69029
8047,Chicago,04/28/2025,6.9,Indiana,East Chicago-Marina,6.9,6.84687,6.50532,5.30541
8048,Chicago,04/29/2025,5.6,Indiana,East Chicago-Marina,5.6,5.55688,5.27968,4.30584
8049,Chicago,04/30/2025,7.8,Indiana,East Chicago-Marina,7.8,7.73994,7.35384,5.99742
8050,Chicago,05/01/2025,6.6,Indiana,East Chicago-Marina,6.6,6.54918,6.222479999999999,5.07474
8051,Chicago,05/02/2025,4.9,Indiana,East Chicago-Marina,4.9,4.8622700000000005,4.61972,3.7676100000000003
8052,Chicago,05/03/2025,6.0,Indiana,East Chicago-Marina,6.0,5.953799999999999,5.6568,4.6134
8053,Chicago,05/04/2025,6.7,Indiana,East Chicago-Marina,6.7,6.64841,6.31676,5.15163
8054,Chicago,05/05/2025,6.3,Indiana,East Chicago-Marina,6.3,6.2514899999999995,5.93964,4.84407
8055,Chicago,05/06/2025,9.8,Indiana,East Chicago-Marina,9.8,9.724540000000001,9.23944,7.535220000000001
8056,Chicago,05/07/2025,8.1,Indiana,East Chicago-Marina,8.1,8.03763,7.636679999999999,6.22809
8057,Chicago,05/08/2025,6.4,Indiana,East Chicago-Marina,6.4,6.35072,6.03392,4.920960000000001
8058,Chicago,05/09/2025,6.3,Indiana,East Chicago-Marina,6.3,6.2514899999999995,5.93964,4.84407
8059,Chicago,05/10/2025,7.6,Indiana,East Chicago-Marina,7.6,7.541479999999999,7.165279999999999,5.84364
8060,Chicago,05/11/2025,6.0,Indiana,East Chicago-Marina,6.0,5.953799999999999,5.6568,4.6134
8061,Chicago,05/12/2025,7.9,Indiana,East Chicago-Marina,7.9,7.83917,7.44812,6.0743100000000005
8062,Chicago,05/13/2025,5.8,Indiana,East Chicago-Marina,5.8,5.7553399999999995,5.46824,4.45962
8063,Chicago,05/14/2025,6.1,Indiana,East Chicago-Marina,6.1,6.05303,5.751079999999999,4.69029
8064,Chicago,05/15/2025,11.5,Indiana,East Chicago-Marina,11.5,11.41145,10.8422,8.84235
8065,Chicago,05/16/2025,10.4,Indiana,East Chicago-Marina,10.4,10.31992,9.80512,7.996560000000001
8066,Chicago,05/17/2025,2.9,Indiana,East Chicago-Marina,2.9,2.8776699999999997,2.73412,2.22981
8067,Chicago,05/18/2025,3.5,Indiana,East Chicago-Marina,3.5,3.4730499999999997,3.2998,2.69115
8068,Chicago,05/19/2025,5.1,Indiana,East Chicago-Marina,5.1,5.0607299999999995,4.80828,3.9213899999999997
8069,Chicago,05/20/2025,5.7,Indiana,East Chicago-Marina,5.7,5.65611,5.37396,4.3827300000000005
8070,Chicago,05/21/2025,5.3,Indiana,East Chicago-Marina,5.3,5.259189999999999,4.99684,4.07517
8071,Chicago,05/22/2025,3.3,Indiana,East Chicago-Marina,3.3,3.27459,3.1112399999999996,2.53737
8072,Chicago,05/23/2025,4.3,Indiana,East Chicago-Marina,4.3,4.26689,4.05404,3.30627
8073,Chicago,05/24/2025,2.0,Indiana,East Chicago-Marina,2.0,1.9846,1.8856,1.5378
8074,Chicago,05/25/2025,3.0,Indiana,East Chicago-Marina,3.0,2.9768999999999997,2.8284,2.3067
8075,Chicago,05/26/2025,6.7,Indiana,East Chicago-Marina,6.7,6.64841,6.31676,5.15163
8076,Chicago,05/27/2025,7.3,Indiana,East Chicago-Marina,7.3,7.24379,6.88244,5.61297
8077,Chicago,05/28/2025,8.5,Indiana,East Chicago-Marina,8.5,8.43455,8.0138,6.53565
8078,Chicago,05/29/2025,12.9,Indiana,East Chicago-Marina,12.9,12.80067,12.16212,9.91881
8079,Chicago,05/30/2025,15.4,Indiana,East Chicago-Marina,15.4,15.281419999999999,14.51912,11.84106
8080,Chicago,05/31/2025,8.5,Indiana,East Chicago-Marina,8.5,8.43455,8.0138,6.53565
8081,Chicago,06/01/2025,5.3,Indiana,East Chicago-Marina,5.3,5.259189999999999,4.99684,4.07517
8082,Chicago,06/02/2025,9.5,Indiana,East Chicago-Marina,9.5,9.42685,8.9566,7.30455
8083,Chicago,06/03/2025,14.8,Indiana,East Chicago-Marina,14.8,14.68604,13.95344,11.37972
8084,Chicago,06/04/2025,40.5,Indiana,East Chicago-Marina,40.5,40.18815,38.1834,31.14045
8085,Chicago,06/05/2025,53.2,Indiana,East Chicago-Marina,53.2,52.79036,50.15696,40.905480000000004
8086,Chicago,06/06/2025,33.9,Indiana,East Chicago-Marina,33.9,33.63897,31.960919999999998,26.06571
8087,Chicago,06/07/2025,22.5,Indiana,East Chicago-Marina,22.5,22.32675,21.213,17.300250000000002
8088,Chicago,06/08/2025,21.4,Indiana,East Chicago-Marina,21.4,21.235219999999998,20.175919999999998,16.45446
8089,Chicago,06/09/2025,18.1,Indiana,East Chicago-Marina,18.1,17.960630000000002,17.06468,13.917090000000002
8090,Chicago,06/10/2025,17.0,Indiana,East Chicago-Marina,17.0,16.8691,16.0276,13.0713
8091,Chicago,06/11/2025,21.0,Indiana,East Chicago-Marina,21.0,20.8383,19.7988,16.146900000000002
8092,Chicago,06/12/2025,25.7,Indiana,East Chicago-Marina,25.7,25.50211,24.22996,19.76073
8093,Chicago,06/13/2025,23.9,Indiana,East Chicago-Marina,23.9,23.71597,22.532919999999997,18.37671
8094,Chicago,06/14/2025,12.2,Indiana,East Chicago-Marina,12.2,12.10606,11.502159999999998,9.38058
8095,Chicago,06/15/2025,10.1,Indiana,East Chicago-Marina,10.1,10.022229999999999,9.522279999999999,7.76589
8096,Chicago,06/16/2025,11.4,Indiana,East Chicago-Marina,11.4,11.31222,10.74792,8.765460000000001
8097,Chicago,06/17/2025,6.0,Indiana,East Chicago-Marina,6.0,5.953799999999999,5.6568,4.6134
8098,Chicago,06/18/2025,6.1,Indiana,East Chicago-Marina,6.1,6.05303,5.751079999999999,4.69029
8099,Chicago,06/19/2025,6.5,Indiana,East Chicago-Marina,6.5,6.449949999999999,6.1282,4.997850000000001
8100,Chicago,06/20/2025,6.2,Indiana,East Chicago-Marina,6.2,6.15226,5.84536,4.767180000000001
8101,Chicago,06/21/2025,7.8,Indiana,East Chicago-Marina,7.8,7.73994,7.35384,5.99742
8102,Chicago,06/22/2025,10.2,Indiana,East Chicago-Marina,10.2,10.121459999999999,9.61656,7.842779999999999
8103,Chicago,06/23/2025,10.5,Indiana,East Chicago-Marina,10.5,10.41915,9.8994,8.073450000000001
8104,Chicago,06/24/2025,7.8,Indiana,East Chicago-Marina,7.8,7.73994,7.35384,5.99742
8105,Chicago,06/25/2025,4.0,Indiana,East Chicago-Marina,4.0,3.9692,3.7712,3.0756
8106,Chicago,06/26/2025,7.6,Indiana,East Chicago-Marina,7.6,7.541479999999999,7.165279999999999,5.84364
8107,Chicago,06/27/2025,5.3,Indiana,East Chicago-Marina,5.3,5.259189999999999,4.99684,4.07517
8108,Chicago,06/28/2025,2.8,Indiana,East Chicago-Marina,2.8,2.77844,2.63984,2.15292
8109,Chicago,06/29/2025,6.0,Indiana,East Chicago-Marina,6.0,5.953799999999999,5.6568,4.6134
8110,Chicago,06/30/2025,5.0,Indiana,East Chicago-Marina,5.0,4.9615,4.7139999999999995,3.8445
8111,Chicago,07/01/2025,5.4,Indiana,East Chicago-Marina,5.4,5.35842,5.09112,4.1520600000000005
8112,Chicago,07/02/2025,12.4,Indiana,East Chicago-Marina,12.4,12.30452,11.69072,9.534360000000001
8113,Chicago,07/03/2025,10.5,Indiana,East Chicago-Marina,10.5,10.41915,9.8994,8.073450000000001
8114,Chicago,07/04/2025,19.0,Indiana,East Chicago-Marina,19.0,18.8537,17.9132,14.6091
8115,Chicago,07/05/2025,13.8,Indiana,East Chicago-Marina,13.8,13.69374,13.01064,10.61082
8116,Chicago,07/06/2025,8.0,Indiana,East Chicago-Marina,8.0,7.9384,7.5424,6.1512
8117,Chicago,07/07/2025,13.5,Indiana,East Chicago-Marina,13.5,13.396049999999999,12.7278,10.38015
8118,Chicago,07/08/2025,20.0,Indiana,East Chicago-Marina,20.0,19.846,18.855999999999998,15.378
8119,Chicago,07/09/2025,9.4,Indiana,East Chicago-Marina,9.4,9.32762,8.86232,7.22766
8120,Chicago,07/10/2025,6.7,Indiana,East Chicago-Marina,6.7,6.64841,6.31676,5.15163
8121,Chicago,07/11/2025,6.5,Indiana,East Chicago-Marina,6.5,6.449949999999999,6.1282,4.997850000000001
8122,Chicago,07/12/2025,4.3,Indiana,East Chicago-Marina,4.3,4.26689,4.05404,3.30627
8123,Chicago,07/13/2025,18.6,Indiana,East Chicago-Marina,18.6,18.456780000000002,17.536080000000002,14.301540000000001
8124,Chicago,07/14/2025,36.0,Indiana,East Chicago-Marina,36.0,35.7228,33.940799999999996,27.680400000000002
8125,Chicago,07/15/2025,20.2,Indiana,East Chicago-Marina,20.2,20.044459999999997,19.044559999999997,15.53178
8126,Chicago,07/16/2025,6.5,Indiana,East Chicago-Marina,6.5,6.449949999999999,6.1282,4.997850000000001
8127,Chicago,07/17/2025,3.8,Indiana,East Chicago-Marina,3.8,3.7707399999999995,3.5826399999999996,2.92182
8128,Chicago,07/18/2025,5.7,Indiana,East Chicago-Marina,5.7,5.65611,5.37396,4.3827300000000005
8129,Chicago,07/19/2025,5.3,Indiana,East Chicago-Marina,5.3,5.259189999999999,4.99684,4.07517
8130,Chicago,07/20/2025,7.0,Indiana,East Chicago-Marina,7.0,6.9460999999999995,6.5996,5.3823
8131,Chicago,07/21/2025,17.5,Indiana,East Chicago-Marina,17.5,17.36525,16.499,13.45575
8132,Chicago,07/22/2025,21.8,Indiana,East Chicago-Marina,21.8,21.63214,20.55304,16.76202
8133,Chicago,07/23/2025,14.0,Indiana,East Chicago-Marina,14.0,13.892199999999999,13.1992,10.7646
8134,Chicago,07/24/2025,8.4,Indiana,East Chicago-Marina,8.4,8.33532,7.91952,6.458760000000001
8135,Chicago,07/25/2025,5.3,Indiana,East Chicago-Marina,5.3,5.259189999999999,4.99684,4.07517
8136,Chicago,07/26/2025,5.1,Indiana,East Chicago-Marina,5.1,5.0607299999999995,4.80828,3.9213899999999997
8137,Chicago,07/27/2025,5.1,Indiana,East Chicago-Marina,5.1,5.0607299999999995,4.80828,3.9213899999999997
8138,Chicago,07/28/2025,7.3,Indiana,East Chicago-Marina,7.3,7.24379,6.88244,5.61297
8139,Chicago,07/29/2025,8.0,Indiana,East Chicago-Marina,8.0,7.9384,7.5424,6.1512
8140,Chicago,07/30/2025,12.4,Indiana,East Chicago-Marina,12.4,12.30452,11.69072,9.534360000000001
8141,Chicago,07/31/2025,60.6,Indiana,East Chicago-Marina,60.6,60.13338,57.13368,46.59534
8142,Chicago,08/01/2025,44.2,Indiana,East Chicago-Marina,44.2,43.85966,41.67176,33.985380000000006
8143,Chicago,08/02/2025,23.0,Indiana,East Chicago-Marina,23.0,22.8229,21.6844,17.6847
8144,Chicago,08/03/2025,27.8,Indiana,East Chicago-Marina,27.8,27.58594,26.20984,21.375420000000002
8145,Chicago,08/04/2025,15.0,Indiana,East Chicago-Marina,15.0,14.8845,14.142,11.5335
8146,Chicago,08/05/2025,32.2,Indiana,East Chicago-Marina,32.2,31.952060000000003,30.35816,24.758580000000002
8147,Chicago,08/06/2025,23.3,Indiana,East Chicago-Marina,23.3,23.12059,21.96724,17.915370000000003
8148,Chicago,08/07/2025,11.1,Indiana,East Chicago-Marina,11.1,11.014529999999999,10.465079999999999,8.53479
8149,Chicago,08/08/2025,11.4,Indiana,East Chicago-Marina,11.4,11.31222,10.74792,8.765460000000001
8150,Chicago,08/09/2025,9.5,Indiana,East Chicago-Marina,9.5,9.42685,8.9566,7.30455
8151,Chicago,08/10/2025,7.9,Indiana,East Chicago-Marina,7.9,7.83917,7.44812,6.0743100000000005
8152,Chicago,08/11/2025,7.5,Indiana,East Chicago-Marina,7.5,7.44225,7.071,5.76675
8153,Chicago,08/12/2025,6.9,Indiana,East Chicago-Marina,6.9,6.84687,6.50532,5.30541
8154,Chicago,08/13/2025,10.9,Indiana,East Chicago-Marina,10.9,10.81607,10.27652,8.38101
8155,Chicago,08/14/2025,20.3,Indiana,East Chicago-Marina,20.3,20.14369,19.138840000000002,15.608670000000002
8156,Chicago,08/15/2025,16.5,Indiana,East Chicago-Marina,16.5,16.37295,15.556199999999999,12.68685
8157,Chicago,08/16/2025,10.0,Indiana,East Chicago-Marina,10.0,9.923,9.427999999999999,7.689
8158,Chicago,08/17/2025,4.4,Indiana,East Chicago-Marina,4.4,4.3661200000000004,4.14832,3.3831600000000006
8159,Chicago,08/18/2025,5.5,Indiana,East Chicago-Marina,5.5,5.45765,5.1854,4.22895
8160,Chicago,08/19/2025,4.7,Indiana,East Chicago-Marina,4.7,4.66381,4.43116,3.61383
8161,Chicago,08/20/2025,3.8,Indiana,East Chicago-Marina,3.8,3.7707399999999995,3.5826399999999996,2.92182
8162,Chicago,08/21/2025,3.2,Indiana,East Chicago-Marina,3.2,3.17536,3.01696,2.4604800000000004
8163,Chicago,08/22/2025,6.1,Indiana,East Chicago-Marina,6.1,6.05303,5.751079999999999,4.69029
8164,Chicago,08/23/2025,5.2,Indiana,East Chicago-Marina,5.2,5.15996,4.90256,3.9982800000000003
8165,Chicago,08/24/2025,4.1,Indiana,East Chicago-Marina,4.1,4.068429999999999,3.8654799999999994,3.15249
8166,Chicago,08/25/2025,3.7,Indiana,East Chicago-Marina,3.7,3.67151,3.48836,2.84493
8167,Chicago,08/26/2025,5.9,Indiana,East Chicago-Marina,5.9,5.85457,5.56252,4.536510000000001
8168,Chicago,08/27/2025,6.5,Indiana,East Chicago-Marina,6.5,6.449949999999999,6.1282,4.997850000000001
8169,Chicago,08/28/2025,6.5,Indiana,East Chicago-Marina,6.5,6.449949999999999,6.1282,4.997850000000001
8170,Chicago,08/29/2025,2.4,Indiana,East Chicago-Marina,2.4,2.3815199999999996,2.26272,1.84536
8171,Chicago,08/30/2025,5.0,Indiana,East Chicago-Marina,5.0,4.9615,4.7139999999999995,3.8445
8172,Chicago,08/31/2025,6.0,Indiana,East Chicago-Marina,6.0,5.953799999999999,5.6568,4.6134
8173,Chicago,09/01/2025,6.0,Indiana,East Chicago-Marina,6.0,5.953799999999999,5.6568,4.6134
8174,Chicago,09/02/2025,7.9,Indiana,East Chicago-Marina,7.9,7.83917,7.44812,6.0743100000000005
8175,Chicago,09/03/2025,11.1,Indiana,East Chicago-Marina,11.1,11.014529999999999,10.465079999999999,8.53479
8176,Chicago,09/04/2025,10.2,Indiana,East Chicago-Marina,10.2,10.121459999999999,9.61656,7.842779999999999
8177,Chicago,09/05/2025,8.3,Indiana,East Chicago-Marina,8.3,8.23609,7.825240000000001,6.381870000000001
8178,Chicago,09/06/2025,4.5,Indiana,East Chicago-Marina,4.5,4.46535,4.2425999999999995,3.4600500000000003
8179,Chicago,09/07/2025,5.3,Indiana,East Chicago-Marina,5.3,5.259189999999999,4.99684,4.07517
8180,Chicago,09/08/2025,4.8,Indiana,East Chicago-Marina,4.8,4.763039999999999,4.52544,3.69072
8181,Chicago,09/09/2025,6.1,Indiana,East Chicago-Marina,6.1,6.05303,5.751079999999999,4.69029
8182,Chicago,09/10/2025,8.0,Indiana,East Chicago-Marina,8.0,7.9384,7.5424,6.1512
8183,Chicago,09/11/2025,7.9,Indiana,East Chicago-Marina,7.9,7.83917,7.44812,6.0743100000000005
8184,Chicago,09/12/2025,9.7,Indiana,East Chicago-Marina,9.7,9.625309999999999,9.145159999999999,7.45833
8185,Chicago,09/13/2025,11.6,Indiana,East Chicago-Marina,11.6,11.510679999999999,10.93648,8.91924
8186,Chicago,09/14/2025,11.4,Indiana,East Chicago-Marina,11.4,11.31222,10.74792,8.765460000000001
8187,Chicago,09/15/2025,10.7,Indiana,East Chicago-Marina,10.7,10.617609999999999,10.087959999999999,8.22723
8188,Chicago,09/16/2025,8.6,Indiana,East Chicago-Marina,8.6,8.53378,8.10808,6.61254
8189,Chicago,09/17/2025,9.1,Indiana,East Chicago-Marina,9.1,9.029929999999998,8.57948,6.99699
8190,Chicago,09/18/2025,11.8,Indiana,East Chicago-Marina,11.8,11.70914,11.12504,9.073020000000001
8191,Chicago,09/19/2025,14.3,Indiana,East Chicago-Marina,14.3,14.18989,13.48204,10.995270000000001
8192,Chicago,09/20/2025,10.2,Indiana,East Chicago-Marina,10.2,10.121459999999999,9.61656,7.842779999999999
8193,Chicago,09/21/2025,8.6,Indiana,East Chicago-Marina,8.6,8.53378,8.10808,6.61254
8194,Chicago,09/22/2025,6.9,Indiana,East Chicago-Marina,6.9,6.84687,6.50532,5.30541
8195,Chicago,09/23/2025,8.4,Indiana,East Chicago-Marina,8.4,8.33532,7.91952,6.458760000000001
8196,Chicago,09/24/2025,5.1,Indiana,East Chicago-Marina,5.1,5.0607299999999995,4.80828,3.9213899999999997
8197,Chicago,09/25/2025,4.4,Indiana,East Chicago-Marina,4.4,4.3661200000000004,4.14832,3.3831600000000006
8198,Chicago,09/26/2025,8.7,Indiana,East Chicago-Marina,8.7,8.633009999999999,8.202359999999999,6.68943
8199,Chicago,09/27/2025,9.8,Indiana,East Chicago-Marina,9.8,9.724540000000001,9.23944,7.535220000000001
8200,Chicago,09/28/2025,9.7,Indiana,East Chicago-Marina,9.7,9.625309999999999,9.145159999999999,7.45833
8201,Chicago,09/29/2025,10.2,Indiana,East Chicago-Marina,10.2,10.121459999999999,9.61656,7.842779999999999
8202,Chicago,09/30/2025,10.7,Indiana,East Chicago-Marina,10.7,10.617609999999999,10.087959999999999,8.22723
8203,Chicago,10/01/2025,6.6,Indiana,East Chicago-Marina,6.6,6.54918,6.222479999999999,5.07474
8204,Chicago,10/02/2025,6.1,Indiana,East Chicago-Marina,6.1,6.05303,5.751079999999999,4.69029
8205,Chicago,10/03/2025,10.9,Indiana,East Chicago-Marina,10.9,10.81607,10.27652,8.38101
8206,Chicago,10/04/2025,11.4,Indiana,East Chicago-Marina,11.4,11.31222,10.74792,8.765460000000001
8207,Chicago,10/05/2025,7.8,Indiana,East Chicago-Marina,7.8,7.73994,7.35384,5.99742
8208,Chicago,10/06/2025,5.8,Indiana,East Chicago-Marina,5.8,5.7553399999999995,5.46824,4.45962
8209,Chicago,10/07/2025,3.8,Indiana,East Chicago-Marina,3.8,3.7707399999999995,3.5826399999999996,2.92182
8210,Chicago,10/08/2025,3.2,Indiana,East Chicago-Marina,3.2,3.17536,3.01696,2.4604800000000004
8211,Chicago,10/09/2025,4.2,Indiana,East Chicago-Marina,4.2,4.16766,3.95976,3.2293800000000004
8212,Chicago,10/10/2025,5.8,Indiana,East Chicago-Marina,5.8,5.7553399999999995,5.46824,4.45962
8213,Chicago,10/11/2025,2.4,Indiana,East Chicago-Marina,2.4,2.3815199999999996,2.26272,1.84536
8214,Chicago,10/12/2025,4.8,Indiana,East Chicago-Marina,4.8,4.763039999999999,4.52544,3.69072
8215,Chicago,10/13/2025,8.5,Indiana,East Chicago-Marina,8.5,8.43455,8.0138,6.53565
8216,Chicago,10/14/2025,10.6,Indiana,East Chicago-Marina,10.6,10.518379999999999,9.99368,8.15034
8217,Chicago,10/15/2025,4.1,Indiana,East Chicago-Marina,4.1,4.068429999999999,3.8654799999999994,3.15249
8218,Chicago,10/16/2025,3.6,Indiana,East Chicago-Marina,3.6,3.57228,3.3940799999999998,2.76804
8219,Chicago,10/17/2025,4.4,Indiana,East Chicago-Marina,4.4,4.3661200000000004,4.14832,3.3831600000000006
8220,Chicago,10/18/2025,9.2,Indiana,East Chicago-Marina,9.2,9.129159999999999,8.67376,7.07388
8221,Chicago,10/19/2025,3.6,Indiana,East Chicago-Marina,3.6,3.57228,3.3940799999999998,2.76804
8222,Chicago,10/20/2025,3.6,Indiana,East Chicago-Marina,3.6,3.57228,3.3940799999999998,2.76804
8223,Chicago,10/21/2025,3.5,Indiana,East Chicago-Marina,3.5,3.4730499999999997,3.2998,2.69115
8224,Chicago,10/22/2025,2.7,Indiana,East Chicago-Marina,2.7,2.67921,2.54556,2.0760300000000003
8225,Chicago,10/23/2025,3.5,Indiana,East Chicago-Marina,3.5,3.4730499999999997,3.2998,2.69115
8226,Chicago,10/24/2025,5.4,Indiana,East Chicago-Marina,5.4,5.35842,5.09112,4.1520600000000005
8227,Chicago,10/25/2025,7.7,Indiana,East Chicago-Marina,7.7,7.6407099999999994,7.25956,5.92053
8228,Chicago,10/26/2025,7.6,Indiana,East Chicago-Marina,7.6,7.541479999999999,7.165279999999999,5.84364
8229,Chicago,10/27/2025,4.4,Indiana,East Chicago-Marina,4.4,4.3661200000000004,4.14832,3.3831600000000006
8230,Chicago,10/28/2025,4.6,Indiana,East Chicago-Marina,4.6,4.564579999999999,4.33688,3.53694
8231,Chicago,10/29/2025,4.1,Indiana,East Chicago-Marina,4.1,4.068429999999999,3.8654799999999994,3.15249
8232,Chicago,10/30/2025,4.5,Indiana,East Chicago-Marina,4.5,4.46535,4.2425999999999995,3.4600500000000003
8233,Chicago,10/31/2025,9.1,Indiana,East Chicago-Marina,9.1,9.029929999999998,8.57948,6.99699
8234,Chicago,11/01/2025,6.8,Indiana,East Chicago-Marina,6.8,6.74764,6.41104,5.22852
8235,Chicago,11/02/2025,6.2,Indiana,East Chicago-Marina,6.2,6.15226,5.84536,4.767180000000001
8236,Chicago,11/03/2025,5.0,Indiana,East Chicago-Marina,5.0,4.9615,4.7139999999999995,3.8445
8237,Chicago,11/04/2025,5.9,Indiana,East Chicago-Marina,5.9,5.85457,5.56252,4.536510000000001
8238,Chicago,11/05/2025,8.3,Indiana,East Chicago-Marina,8.3,8.23609,7.825240000000001,6.381870000000001
8239,Chicago,11/06/2025,7.4,Indiana,East Chicago-Marina,7.4,7.34302,6.97672,5.68986
8240,Chicago,11/07/2025,6.5,Indiana,East Chicago-Marina,6.5,6.449949999999999,6.1282,4.997850000000001
8241,Chicago,11/08/2025,3.5,Indiana,East Chicago-Marina,3.5,3.4730499999999997,3.2998,2.69115
8242,Chicago,11/09/2025,2.8,Indiana,East Chicago-Marina,2.8,2.77844,2.63984,2.15292
8243,Chicago,11/10/2025,2.8,Indiana,East Chicago-Marina,2.8,2.77844,2.63984,2.15292
8244,Chicago,11/11/2025,4.6,Indiana,East Chicago-Marina,4.6,4.564579999999999,4.33688,3.53694
8245,Chicago,11/12/2025,4.8,Indiana,East Chicago-Marina,4.8,4.763039999999999,4.52544,3.69072
8246,Chicago,11/13/2025,6.1,Indiana,East Chicago-Marina,6.1,6.05303,5.751079999999999,4.69029
8247,Chicago,11/14/2025,10.8,Indiana,East Chicago-Marina,10.8,10.71684,10.18224,8.304120000000001
8248,Chicago,11/15/2025,7.0,Indiana,East Chicago-Marina,7.0,6.9460999999999995,6.5996,5.3823
8249,Chicago,11/16/2025,3.4,Indiana,East Chicago-Marina,3.4,3.37382,3.20552,2.61426
8250,Chicago,11/17/2025,5.2,Indiana,East Chicago-Marina,5.2,5.15996,4.90256,3.9982800000000003
8251,Chicago,11/18/2025,10.7,Indiana,East Chicago-Marina,10.7,10.617609999999999,10.087959999999999,8.22723
8252,Chicago,11/19/2025,15.4,Indiana,East Chicago-Marina,15.4,15.281419999999999,14.51912,11.84106
8253,Chicago,11/20/2025,18.5,Indiana,East Chicago-Marina,18.5,18.35755,17.4418,14.22465
8254,Chicago,11/21/2025,13.6,Indiana,East Chicago-Marina,13.6,13.49528,12.82208,10.45704
8255,Chicago,11/22/2025,8.1,Indiana,East Chicago-Marina,8.1,8.03763,7.636679999999999,6.22809
8256,Chicago,11/23/2025,8.8,Indiana,East Chicago-Marina,8.8,8.732240000000001,8.29664,6.766320000000001
8257,Chicago,11/24/2025,15.8,Indiana,East Chicago-Marina,15.8,15.67834,14.89624,12.148620000000001
8258,Chicago,11/25/2025,11.7,Indiana,East Chicago-Marina,11.7,11.60991,11.030759999999999,8.996129999999999
8259,Chicago,11/26/2025,2.6,Indiana,East Chicago-Marina,2.6,2.57998,2.45128,1.9991400000000001
8260,Chicago,11/27/2025,2.8,Indiana,East Chicago-Marina,2.8,2.77844,2.63984,2.15292
8261,Chicago,11/28/2025,5.3,Indiana,East Chicago-Marina,5.3,5.259189999999999,4.99684,4.07517
8262,Chicago,11/29/2025,5.8,Indiana,East Chicago-Marina,5.8,5.7553399999999995,5.46824,4.45962
8263,Chicago,11/30/2025,4.2,Indiana,East Chicago-Marina,4.2,4.16766,3.95976,3.2293800000000004
8264,Chicago,12/01/2025,10.9,Indiana,East Chicago-Marina,10.9,10.81607,10.27652,8.38101
8265,Chicago,12/02/2025,16.7,Indiana,East Chicago-Marina,16.7,16.57141,15.74476,12.840629999999999
8266,Chicago,12/03/2025,12.9,Indiana,East Chicago-Marina,12.9,12.80067,12.16212,9.91881
8267,Chicago,12/04/2025,6.9,Indiana,East Chicago-Marina,6.9,6.84687,6.50532,5.30541
8268,Chicago,12/05/2025,14.2,Indiana,East Chicago-Marina,14.2,14.090659999999998,13.387759999999998,10.918379999999999
8269,Chicago,12/06/2025,15.8,Indiana,East Chicago-Marina,15.8,15.67834,14.89624,12.148620000000001
8270,Chicago,12/07/2025,8.5,Indiana,East Chicago-Marina,8.5,8.43455,8.0138,6.53565
8271,Chicago,12/08/2025,4.4,Indiana,East Chicago-Marina,4.4,4.3661200000000004,4.14832,3.3831600000000006
8272,Chicago,12/09/2025,11.0,Indiana,East Chicago-Marina,11.0,10.9153,10.3708,8.4579
8273,Chicago,12/10/2025,6.6,Indiana,East Chicago-Marina,6.6,6.54918,6.222479999999999,5.07474
8274,Chicago,12/11/2025,8.9,Indiana,East Chicago-Marina,8.9,8.83147,8.39092,6.843210000000001
8275,Chicago,12/12/2025,15.4,Indiana,East Chicago-Marina,15.4,15.281419999999999,14.51912,11.84106
8276,Chicago,12/13/2025,5.9,Indiana,East Chicago-Marina,5.9,5.85457,5.56252,4.536510000000001
8277,Chicago,12/14/2025,4.3,Indiana,East Chicago-Marina,4.3,4.26689,4.05404,3.30627
8278,Chicago,12/15/2025,6.6,Indiana,East Chicago-Marina,6.6,6.54918,6.222479999999999,5.07474
8279,Chicago,12/16/2025,9.8,Indiana,East Chicago-Marina,9.8,9.724540000000001,9.23944,7.535220000000001
8280,Chicago,12/17/2025,12.8,Indiana,East Chicago-Marina,12.8,12.70144,12.06784,9.841920000000002
8281,Chicago,12/18/2025,8.5,Indiana,East Chicago-Marina,8.5,8.43455,8.0138,6.53565
8282,Chicago,12/19/2025,4.7,Indiana,East Chicago-Marina,4.7,4.66381,4.43116,3.61383
8283,Chicago,12/20/2025,4.1,Indiana,East Chicago-Marina,4.1,4.068429999999999,3.8654799999999994,3.15249
8284,Chicago,12/21/2025,4.9,Indiana,East Chicago-Marina,4.9,4.8622700000000005,4.61972,3.7676100000000003
8285,Chicago,12/22/2025,5.4,Indiana,East Chicago-Marina,5.4,5.35842,5.09112,4.1520600000000005
8286,Chicago,12/23/2025,13.0,Indiana,East Chicago-Marina,13.0,12.899899999999999,12.2564,9.995700000000001
8287,Chicago,12/24/2025,13.7,Indiana,East Chicago-Marina,13.7,13.594509999999998,12.91636,10.53393
8288,Chicago,12/25/2025,18.6,Indiana,East Chicago-Marina,18.6,18.456780000000002,17.536080000000002,14.301540000000001
8289,Chicago,12/26/2025,13.0,Indiana,East Chicago-Marina,13.0,12.899899999999999,12.2564,9.995700000000001
8290,Chicago,12/27/2025,10.8,Indiana,East Chicago-Marina,10.8,10.71684,10.18224,8.304120000000001
8291,Chicago,12/28/2025,7.2,Indiana,East Chicago-Marina,7.2,7.14456,6.7881599999999995,5.53608
8292,Chicago,12/29/2025,3.7,Indiana,East Chicago-Marina,3.7,3.67151,3.48836,2.84493
8293,Chicago,12/30/2025,4.3,Indiana,East Chicago-Marina,4.3,4.26689,4.05404,3.30627
8294,Chicago,12/31/2025,6.2,Indiana,East Chicago-Marina,6.2,6.15226,5.84536,4.767180000000001
8295,Chicago,01/01/2025,4.7,Indiana,Hammond- 167th St,4.7,4.66381,4.43116,3.61383
8296,Chicago,01/02/2025,4.5,Indiana,Hammond- 167th St,4.5,4.46535,4.2425999999999995,3.4600500000000003
8297,Chicago,01/03/2025,6.2,Indiana,Hammond- 167th St,6.2,6.15226,5.84536,4.767180000000001
8298,Chicago,01/04/2025,4.6,Indiana,Hammond- 167th St,4.6,4.564579999999999,4.33688,3.53694
8299,Chicago,01/05/2025,4.4,Indiana,Hammond- 167th St,4.4,4.3661200000000004,4.14832,3.3831600000000006
8300,Chicago,01/06/2025,3.5,Indiana,Hammond- 167th St,3.5,3.4730499999999997,3.2998,2.69115
8301,Chicago,01/07/2025,5.3,Indiana,Hammond- 167th St,5.3,5.259189999999999,4.99684,4.07517
8302,Chicago,01/08/2025,5.9,Indiana,Hammond- 167th St,5.9,5.85457,5.56252,4.536510000000001
8303,Chicago,01/09/2025,10.5,Indiana,Hammond- 167th St,10.5,10.41915,9.8994,8.073450000000001
8304,Chicago,01/10/2025,21.8,Indiana,Hammond- 167th St,21.8,21.63214,20.55304,16.76202
8305,Chicago,01/11/2025,10.5,Indiana,Hammond- 167th St,10.5,10.41915,9.8994,8.073450000000001
8306,Chicago,01/12/2025,10.0,Indiana,Hammond- 167th St,10.0,9.923,9.427999999999999,7.689
8307,Chicago,01/13/2025,3.6,Indiana,Hammond- 167th St,3.6,3.57228,3.3940799999999998,2.76804
8308,Chicago,01/14/2025,6.8,Indiana,Hammond- 167th St,6.8,6.74764,6.41104,5.22852
8309,Chicago,01/15/2025,9.7,Indiana,Hammond- 167th St,9.7,9.625309999999999,9.145159999999999,7.45833
8310,Chicago,01/16/2025,9.6,Indiana,Hammond- 167th St,9.6,9.526079999999999,9.05088,7.38144
8311,Chicago,01/17/2025,6.9,Indiana,Hammond- 167th St,6.9,6.84687,6.50532,5.30541
8312,Chicago,01/18/2025,3.3,Indiana,Hammond- 167th St,3.3,3.27459,3.1112399999999996,2.53737
8313,Chicago,01/19/2025,3.5,Indiana,Hammond- 167th St,3.5,3.4730499999999997,3.2998,2.69115
8314,Chicago,01/20/2025,3.7,Indiana,Hammond- 167th St,3.7,3.67151,3.48836,2.84493
8315,Chicago,01/21/2025,4.5,Indiana,Hammond- 167th St,4.5,4.46535,4.2425999999999995,3.4600500000000003
8316,Chicago,01/22/2025,5.6,Indiana,Hammond- 167th St,5.6,5.55688,5.27968,4.30584
8317,Chicago,01/23/2025,7.8,Indiana,Hammond- 167th St,7.8,7.73994,7.35384,5.99742
8318,Chicago,01/24/2025,8.7,Indiana,Hammond- 167th St,8.7,8.633009999999999,8.202359999999999,6.68943
8319,Chicago,01/25/2025,5.8,Indiana,Hammond- 167th St,5.8,5.7553399999999995,5.46824,4.45962
8320,Chicago,01/26/2025,4.1,Indiana,Hammond- 167th St,4.1,4.068429999999999,3.8654799999999994,3.15249
8321,Chicago,01/27/2025,4.6,Indiana,Hammond- 167th St,4.6,4.564579999999999,4.33688,3.53694
8322,Chicago,01/28/2025,4.4,Indiana,Hammond- 167th St,4.4,4.3661200000000004,4.14832,3.3831600000000006
8323,Chicago,01/29/2025,3.8,Indiana,Hammond- 167th St,3.8,3.7707399999999995,3.5826399999999996,2.92182
8324,Chicago,01/30/2025,7.8,Indiana,Hammond- 167th St,7.8,7.73994,7.35384,5.99742
8325,Chicago,01/31/2025,10.4,Indiana,Hammond- 167th St,10.4,10.31992,9.80512,7.996560000000001
8326,Chicago,02/01/2025,3.7,Indiana,Hammond- 167th St,3.7,3.67151,3.48836,2.84493
8327,Chicago,02/02/2025,11.4,Indiana,Hammond- 167th St,11.4,11.31222,10.74792,8.765460000000001
8328,Chicago,02/03/2025,11.2,Indiana,Hammond- 167th St,11.2,11.11376,10.55936,8.61168
8329,Chicago,02/04/2025,3.8,Indiana,Hammond- 167th St,3.8,3.7707399999999995,3.5826399999999996,2.92182
8330,Chicago,02/05/2025,7.0,Indiana,Hammond- 167th St,7.0,6.9460999999999995,6.5996,5.3823
8331,Chicago,02/06/2025,6.7,Indiana,Hammond- 167th St,6.7,6.64841,6.31676,5.15163
8332,Chicago,02/07/2025,5.3,Indiana,Hammond- 167th St,5.3,5.259189999999999,4.99684,4.07517
8333,Chicago,02/08/2025,8.8,Indiana,Hammond- 167th St,8.8,8.732240000000001,8.29664,6.766320000000001
8334,Chicago,02/09/2025,8.5,Indiana,Hammond- 167th St,8.5,8.43455,8.0138,6.53565
8335,Chicago,02/10/2025,6.4,Indiana,Hammond- 167th St,6.4,6.35072,6.03392,4.920960000000001
8336,Chicago,02/11/2025,7.0,Indiana,Hammond- 167th St,7.0,6.9460999999999995,6.5996,5.3823
8337,Chicago,02/12/2025,15.1,Indiana,Hammond- 167th St,15.1,14.98373,14.236279999999999,11.61039
8338,Chicago,02/13/2025,8.8,Indiana,Hammond- 167th St,8.8,8.732240000000001,8.29664,6.766320000000001
8339,Chicago,02/14/2025,11.6,Indiana,Hammond- 167th St,11.6,11.510679999999999,10.93648,8.91924
8340,Chicago,02/15/2025,11.7,Indiana,Hammond- 167th St,11.7,11.60991,11.030759999999999,8.996129999999999
8341,Chicago,02/16/2025,6.7,Indiana,Hammond- 167th St,6.7,6.64841,6.31676,5.15163
8342,Chicago,02/17/2025,4.6,Indiana,Hammond- 167th St,4.6,4.564579999999999,4.33688,3.53694
8343,Chicago,02/18/2025,5.3,Indiana,Hammond- 167th St,5.3,5.259189999999999,4.99684,4.07517
8344,Chicago,02/19/2025,5.1,Indiana,Hammond- 167th St,5.1,5.0607299999999995,4.80828,3.9213899999999997
8345,Chicago,02/20/2025,6.1,Indiana,Hammond- 167th St,6.1,6.05303,5.751079999999999,4.69029
8346,Chicago,02/21/2025,8.4,Indiana,Hammond- 167th St,8.4,8.33532,7.91952,6.458760000000001
8347,Chicago,02/22/2025,8.5,Indiana,Hammond- 167th St,8.5,8.43455,8.0138,6.53565
8348,Chicago,02/23/2025,11.7,Indiana,Hammond- 167th St,11.7,11.60991,11.030759999999999,8.996129999999999
8349,Chicago,02/24/2025,9.6,Indiana,Hammond- 167th St,9.6,9.526079999999999,9.05088,7.38144
8350,Chicago,02/25/2025,10.6,Indiana,Hammond- 167th St,10.6,10.518379999999999,9.99368,8.15034
8351,Chicago,02/26/2025,10.8,Indiana,Hammond- 167th St,10.8,10.71684,10.18224,8.304120000000001
8352,Chicago,02/27/2025,11.7,Indiana,Hammond- 167th St,11.7,11.60991,11.030759999999999,8.996129999999999
8353,Chicago,02/28/2025,4.1,Indiana,Hammond- 167th St,4.1,4.068429999999999,3.8654799999999994,3.15249
8354,Chicago,03/01/2025,3.8,Indiana,Hammond- 167th St,3.8,3.7707399999999995,3.5826399999999996,2.92182
8355,Chicago,03/02/2025,7.2,Indiana,Hammond- 167th St,7.2,7.14456,6.7881599999999995,5.53608
8356,Chicago,03/03/2025,7.4,Indiana,Hammond- 167th St,7.4,7.34302,6.97672,5.68986
8357,Chicago,03/04/2025,7.6,Indiana,Hammond- 167th St,7.6,7.541479999999999,7.165279999999999,5.84364
8358,Chicago,03/05/2025,4.1,Indiana,Hammond- 167th St,4.1,4.068429999999999,3.8654799999999994,3.15249
8359,Chicago,03/06/2025,3.1,Indiana,Hammond- 167th St,3.1,3.07613,2.92268,2.3835900000000003
8360,Chicago,03/07/2025,7.9,Indiana,Hammond- 167th St,7.9,7.83917,7.44812,6.0743100000000005
8361,Chicago,03/08/2025,6.1,Indiana,Hammond- 167th St,6.1,6.05303,5.751079999999999,4.69029
8362,Chicago,03/09/2025,4.5,Indiana,Hammond- 167th St,4.5,4.46535,4.2425999999999995,3.4600500000000003
8363,Chicago,03/10/2025,5.1,Indiana,Hammond- 167th St,5.1,5.0607299999999995,4.80828,3.9213899999999997
8364,Chicago,03/11/2025,5.2,Indiana,Hammond- 167th St,5.2,5.15996,4.90256,3.9982800000000003
8365,Chicago,03/12/2025,5.1,Indiana,Hammond- 167th St,5.1,5.0607299999999995,4.80828,3.9213899999999997
8366,Chicago,03/13/2025,13.3,Indiana,Hammond- 167th St,13.3,13.19759,12.53924,10.226370000000001
8367,Chicago,03/14/2025,11.0,Indiana,Hammond- 167th St,11.0,10.9153,10.3708,8.4579
8368,Chicago,03/15/2025,27.6,Indiana,Hammond- 167th St,27.6,27.38748,26.02128,21.22164
8369,Chicago,03/16/2025,5.2,Indiana,Hammond- 167th St,5.2,5.15996,4.90256,3.9982800000000003
8370,Chicago,03/17/2025,4.3,Indiana,Hammond- 167th St,4.3,4.26689,4.05404,3.30627
8371,Chicago,03/18/2025,5.2,Indiana,Hammond- 167th St,5.2,5.15996,4.90256,3.9982800000000003
8372,Chicago,03/19/2025,8.8,Indiana,Hammond- 167th St,8.8,8.732240000000001,8.29664,6.766320000000001
8373,Chicago,03/20/2025,4.3,Indiana,Hammond- 167th St,4.3,4.26689,4.05404,3.30627
8374,Chicago,03/21/2025,5.1,Indiana,Hammond- 167th St,5.1,5.0607299999999995,4.80828,3.9213899999999997
8375,Chicago,03/22/2025,4.3,Indiana,Hammond- 167th St,4.3,4.26689,4.05404,3.30627
8376,Chicago,03/23/2025,4.9,Indiana,Hammond- 167th St,4.9,4.8622700000000005,4.61972,3.7676100000000003
8377,Chicago,03/24/2025,4.3,Indiana,Hammond- 167th St,4.3,4.26689,4.05404,3.30627
8378,Chicago,03/25/2025,6.9,Indiana,Hammond- 167th St,6.9,6.84687,6.50532,5.30541
8379,Chicago,03/26/2025,11.8,Indiana,Hammond- 167th St,11.8,11.70914,11.12504,9.073020000000001
8380,Chicago,03/27/2025,8.6,Indiana,Hammond- 167th St,8.6,8.53378,8.10808,6.61254
8381,Chicago,03/28/2025,7.3,Indiana,Hammond- 167th St,7.3,7.24379,6.88244,5.61297
8382,Chicago,03/29/2025,7.7,Indiana,Hammond- 167th St,7.7,7.6407099999999994,7.25956,5.92053
8383,Chicago,03/30/2025,5.9,Indiana,Hammond- 167th St,5.9,5.85457,5.56252,4.536510000000001
8384,Chicago,03/31/2025,4.5,Indiana,Hammond- 167th St,4.5,4.46535,4.2425999999999995,3.4600500000000003
8385,Chicago,04/01/2025,4.9,Indiana,Hammond- 167th St,4.9,4.8622700000000005,4.61972,3.7676100000000003
8386,Chicago,04/02/2025,7.6,Indiana,Hammond- 167th St,7.6,7.541479999999999,7.165279999999999,5.84364
8387,Chicago,04/03/2025,6.3,Indiana,Hammond- 167th St,6.3,6.2514899999999995,5.93964,4.84407
8388,Chicago,04/04/2025,11.1,Indiana,Hammond- 167th St,11.1,11.014529999999999,10.465079999999999,8.53479
8389,Chicago,04/05/2025,5.0,Indiana,Hammond- 167th St,5.0,4.9615,4.7139999999999995,3.8445
8390,Chicago,04/06/2025,4.5,Indiana,Hammond- 167th St,4.5,4.46535,4.2425999999999995,3.4600500000000003
8391,Chicago,04/07/2025,3.9,Indiana,Hammond- 167th St,3.9,3.86997,3.67692,2.99871
8392,Chicago,04/08/2025,5.0,Indiana,Hammond- 167th St,5.0,4.9615,4.7139999999999995,3.8445
8393,Chicago,04/09/2025,6.4,Indiana,Hammond- 167th St,6.4,6.35072,6.03392,4.920960000000001
8394,Chicago,04/10/2025,16.3,Indiana,Hammond- 167th St,16.3,16.17449,15.36764,12.53307
8395,Chicago,04/11/2025,11.0,Indiana,Hammond- 167th St,11.0,10.9153,10.3708,8.4579
8396,Chicago,04/12/2025,13.3,Indiana,Hammond- 167th St,13.3,13.19759,12.53924,10.226370000000001
8397,Chicago,04/13/2025,7.4,Indiana,Hammond- 167th St,7.4,7.34302,6.97672,5.68986
8398,Chicago,04/14/2025,5.9,Indiana,Hammond- 167th St,5.9,5.85457,5.56252,4.536510000000001
8399,Chicago,04/15/2025,3.5,Indiana,Hammond- 167th St,3.5,3.4730499999999997,3.2998,2.69115
8400,Chicago,04/16/2025,5.2,Indiana,Hammond- 167th St,5.2,5.15996,4.90256,3.9982800000000003
8401,Chicago,04/17/2025,7.1,Indiana,Hammond- 167th St,7.1,7.045329999999999,6.693879999999999,5.4591899999999995
8402,Chicago,04/18/2025,12.9,Indiana,Hammond- 167th St,12.9,12.80067,12.16212,9.91881
8403,Chicago,04/19/2025,12.6,Indiana,Hammond- 167th St,12.6,12.502979999999999,11.87928,9.68814
8404,Chicago,04/20/2025,7.2,Indiana,Hammond- 167th St,7.2,7.14456,6.7881599999999995,5.53608
8405,Chicago,04/21/2025,3.3,Indiana,Hammond- 167th St,3.3,3.27459,3.1112399999999996,2.53737
8406,Chicago,04/22/2025,5.9,Indiana,Hammond- 167th St,5.9,5.85457,5.56252,4.536510000000001
8407,Chicago,04/23/2025,5.7,Indiana,Hammond- 167th St,5.7,5.65611,5.37396,4.3827300000000005
8408,Chicago,04/24/2025,11.7,Indiana,Hammond- 167th St,11.7,11.60991,11.030759999999999,8.996129999999999
8409,Chicago,04/25/2025,4.7,Indiana,Hammond- 167th St,4.7,4.66381,4.43116,3.61383
8410,Chicago,04/26/2025,2.8,Indiana,Hammond- 167th St,2.8,2.77844,2.63984,2.15292
8411,Chicago,04/27/2025,6.0,Indiana,Hammond- 167th St,6.0,5.953799999999999,5.6568,4.6134
8412,Chicago,04/28/2025,7.2,Indiana,Hammond- 167th St,7.2,7.14456,6.7881599999999995,5.53608
8413,Chicago,04/29/2025,6.3,Indiana,Hammond- 167th St,6.3,6.2514899999999995,5.93964,4.84407
8414,Chicago,04/30/2025,7.1,Indiana,Hammond- 167th St,7.1,7.045329999999999,6.693879999999999,5.4591899999999995
8415,Chicago,05/01/2025,6.6,Indiana,Hammond- 167th St,6.6,6.54918,6.222479999999999,5.07474
8416,Chicago,05/02/2025,7.3,Indiana,Hammond- 167th St,7.3,7.24379,6.88244,5.61297
8417,Chicago,05/03/2025,3.9,Indiana,Hammond- 167th St,3.9,3.86997,3.67692,2.99871
8418,Chicago,05/04/2025,4.0,Indiana,Hammond- 167th St,4.0,3.9692,3.7712,3.0756
8419,Chicago,05/05/2025,8.1,Indiana,Hammond- 167th St,8.1,8.03763,7.636679999999999,6.22809
8420,Chicago,05/06/2025,10.3,Indiana,Hammond- 167th St,10.3,10.220690000000001,9.710840000000001,7.919670000000001
8421,Chicago,05/07/2025,9.1,Indiana,Hammond- 167th St,9.1,9.029929999999998,8.57948,6.99699
8422,Chicago,05/08/2025,5.1,Indiana,Hammond- 167th St,5.1,5.0607299999999995,4.80828,3.9213899999999997
8423,Chicago,05/09/2025,6.9,Indiana,Hammond- 167th St,6.9,6.84687,6.50532,5.30541
8424,Chicago,05/10/2025,5.7,Indiana,Hammond- 167th St,5.7,5.65611,5.37396,4.3827300000000005
8425,Chicago,05/11/2025,7.9,Indiana,Hammond- 167th St,7.9,7.83917,7.44812,6.0743100000000005
8426,Chicago,05/12/2025,13.4,Indiana,Hammond- 167th St,13.4,13.29682,12.63352,10.30326
8427,Chicago,05/13/2025,7.9,Indiana,Hammond- 167th St,7.9,7.83917,7.44812,6.0743100000000005
8428,Chicago,05/14/2025,12.1,Indiana,Hammond- 167th St,12.1,12.006829999999999,11.407879999999999,9.30369
8429,Chicago,05/15/2025,11.9,Indiana,Hammond- 167th St,11.9,11.80837,11.21932,9.14991
8430,Chicago,05/16/2025,9.9,Indiana,Hammond- 167th St,9.9,9.82377,9.33372,7.61211
8431,Chicago,05/17/2025,2.8,Indiana,Hammond- 167th St,2.8,2.77844,2.63984,2.15292
8432,Chicago,05/18/2025,4.6,Indiana,Hammond- 167th St,4.6,4.564579999999999,4.33688,3.53694
8433,Chicago,05/19/2025,6.8,Indiana,Hammond- 167th St,6.8,6.74764,6.41104,5.22852
8434,Chicago,05/20/2025,5.9,Indiana,Hammond- 167th St,5.9,5.85457,5.56252,4.536510000000001
8435,Chicago,05/21/2025,6.9,Indiana,Hammond- 167th St,6.9,6.84687,6.50532,5.30541
8436,Chicago,05/22/2025,3.2,Indiana,Hammond- 167th St,3.2,3.17536,3.01696,2.4604800000000004
8437,Chicago,05/23/2025,5.3,Indiana,Hammond- 167th St,5.3,5.259189999999999,4.99684,4.07517
8438,Chicago,05/24/2025,4.2,Indiana,Hammond- 167th St,4.2,4.16766,3.95976,3.2293800000000004
8439,Chicago,05/25/2025,4.7,Indiana,Hammond- 167th St,4.7,4.66381,4.43116,3.61383
8440,Chicago,05/26/2025,5.0,Indiana,Hammond- 167th St,5.0,4.9615,4.7139999999999995,3.8445
8441,Chicago,05/27/2025,8.3,Indiana,Hammond- 167th St,8.3,8.23609,7.825240000000001,6.381870000000001
8442,Chicago,05/28/2025,8.7,Indiana,Hammond- 167th St,8.7,8.633009999999999,8.202359999999999,6.68943
8443,Chicago,05/29/2025,13.1,Indiana,Hammond- 167th St,13.1,12.99913,12.350679999999999,10.07259
8444,Chicago,05/30/2025,16.0,Indiana,Hammond- 167th St,16.0,15.8768,15.0848,12.3024
8445,Chicago,05/31/2025,9.0,Indiana,Hammond- 167th St,9.0,8.9307,8.485199999999999,6.920100000000001
8446,Chicago,06/01/2025,8.7,Indiana,Hammond- 167th St,8.7,8.633009999999999,8.202359999999999,6.68943
8447,Chicago,06/02/2025,10.1,Indiana,Hammond- 167th St,10.1,10.022229999999999,9.522279999999999,7.76589
8448,Chicago,06/03/2025,15.7,Indiana,Hammond- 167th St,15.7,15.579109999999998,14.80196,12.07173
8449,Chicago,06/04/2025,36.1,Indiana,Hammond- 167th St,36.1,35.82203,34.03508,27.75729
8450,Chicago,06/05/2025,57.8,Indiana,Hammond- 167th St,57.8,57.35493999999999,54.49384,44.44242
8451,Chicago,06/06/2025,40.0,Indiana,Hammond- 167th St,40.0,39.692,37.711999999999996,30.756
8452,Chicago,06/07/2025,27.8,Indiana,Hammond- 167th St,27.8,27.58594,26.20984,21.375420000000002
8453,Chicago,06/08/2025,25.3,Indiana,Hammond- 167th St,25.3,25.10519,23.85284,19.45317
8454,Chicago,06/09/2025,21.2,Indiana,Hammond- 167th St,21.2,21.036759999999997,19.98736,16.30068
8455,Chicago,06/10/2025,17.2,Indiana,Hammond- 167th St,17.2,17.06756,16.21616,13.22508
8456,Chicago,06/11/2025,22.0,Indiana,Hammond- 167th St,22.0,21.8306,20.7416,16.9158
8457,Chicago,06/12/2025,30.1,Indiana,Hammond- 167th St,30.1,29.86823,28.37828,23.143890000000003
8458,Chicago,06/13/2025,29.8,Indiana,Hammond- 167th St,29.8,29.57054,28.09544,22.913220000000003
8459,Chicago,06/14/2025,17.4,Indiana,Hammond- 167th St,17.4,17.266019999999997,16.404719999999998,13.37886
8460,Chicago,06/15/2025,13.8,Indiana,Hammond- 167th St,13.8,13.69374,13.01064,10.61082
8461,Chicago,06/16/2025,15.0,Indiana,Hammond- 167th St,15.0,14.8845,14.142,11.5335
8462,Chicago,06/17/2025,6.7,Indiana,Hammond- 167th St,6.7,6.64841,6.31676,5.15163
8463,Chicago,06/18/2025,6.7,Indiana,Hammond- 167th St,6.7,6.64841,6.31676,5.15163
8464,Chicago,06/19/2025,7.6,Indiana,Hammond- 167th St,7.6,7.541479999999999,7.165279999999999,5.84364
8465,Chicago,06/20/2025,7.4,Indiana,Hammond- 167th St,7.4,7.34302,6.97672,5.68986
8466,Chicago,06/21/2025,9.2,Indiana,Hammond- 167th St,9.2,9.129159999999999,8.67376,7.07388
8467,Chicago,06/22/2025,11.7,Indiana,Hammond- 167th St,11.7,11.60991,11.030759999999999,8.996129999999999
8468,Chicago,06/23/2025,12.1,Indiana,Hammond- 167th St,12.1,12.006829999999999,11.407879999999999,9.30369
8469,Chicago,06/24/2025,9.4,Indiana,Hammond- 167th St,9.4,9.32762,8.86232,7.22766
8470,Chicago,06/25/2025,6.6,Indiana,Hammond- 167th St,6.6,6.54918,6.222479999999999,5.07474
8471,Chicago,06/26/2025,8.7,Indiana,Hammond- 167th St,8.7,8.633009999999999,8.202359999999999,6.68943
8472,Chicago,06/27/2025,6.2,Indiana,Hammond- 167th St,6.2,6.15226,5.84536,4.767180000000001
8473,Chicago,06/28/2025,6.7,Indiana,Hammond- 167th St,6.7,6.64841,6.31676,5.15163
8474,Chicago,06/29/2025,6.8,Indiana,Hammond- 167th St,6.8,6.74764,6.41104,5.22852
8475,Chicago,06/30/2025,6.5,Indiana,Hammond- 167th St,6.5,6.449949999999999,6.1282,4.997850000000001
8476,Chicago,07/01/2025,8.9,Indiana,Hammond- 167th St,8.9,8.83147,8.39092,6.843210000000001
8477,Chicago,07/02/2025,13.4,Indiana,Hammond- 167th St,13.4,13.29682,12.63352,10.30326
8478,Chicago,07/03/2025,12.8,Indiana,Hammond- 167th St,12.8,12.70144,12.06784,9.841920000000002
8479,Chicago,07/04/2025,26.1,Indiana,Hammond- 167th St,26.1,25.89903,24.60708,20.06829
8480,Chicago,07/05/2025,16.1,Indiana,Hammond- 167th St,16.1,15.976030000000002,15.17908,12.379290000000001
8481,Chicago,07/06/2025,8.4,Indiana,Hammond- 167th St,8.4,8.33532,7.91952,6.458760000000001
8482,Chicago,07/07/2025,17.0,Indiana,Hammond- 167th St,17.0,16.8691,16.0276,13.0713
8483,Chicago,07/08/2025,21.2,Indiana,Hammond- 167th St,21.2,21.036759999999997,19.98736,16.30068
8484,Chicago,07/09/2025,11.5,Indiana,Hammond- 167th St,11.5,11.41145,10.8422,8.84235
8485,Chicago,07/10/2025,9.5,Indiana,Hammond- 167th St,9.5,9.42685,8.9566,7.30455
8486,Chicago,07/11/2025,6.9,Indiana,Hammond- 167th St,6.9,6.84687,6.50532,5.30541
8487,Chicago,07/12/2025,4.9,Indiana,Hammond- 167th St,4.9,4.8622700000000005,4.61972,3.7676100000000003
8488,Chicago,07/13/2025,20.8,Indiana,Hammond- 167th St,20.8,20.63984,19.61024,15.993120000000001
8489,Chicago,07/14/2025,38.2,Indiana,Hammond- 167th St,38.2,37.905860000000004,36.01496,29.371980000000004
8490,Chicago,07/15/2025,19.2,Indiana,Hammond- 167th St,19.2,19.052159999999997,18.10176,14.76288
8491,Chicago,07/16/2025,6.8,Indiana,Hammond- 167th St,6.8,6.74764,6.41104,5.22852
8492,Chicago,07/17/2025,3.5,Indiana,Hammond- 167th St,3.5,3.4730499999999997,3.2998,2.69115
8493,Chicago,07/18/2025,7.1,Indiana,Hammond- 167th St,7.1,7.045329999999999,6.693879999999999,5.4591899999999995
8494,Chicago,07/19/2025,5.7,Indiana,Hammond- 167th St,5.7,5.65611,5.37396,4.3827300000000005
8495,Chicago,07/20/2025,7.1,Indiana,Hammond- 167th St,7.1,7.045329999999999,6.693879999999999,5.4591899999999995
8496,Chicago,07/21/2025,20.5,Indiana,Hammond- 167th St,20.5,20.34215,19.3274,15.762450000000001
8497,Chicago,07/22/2025,23.5,Indiana,Hammond- 167th St,23.5,23.31905,22.1558,18.06915
8498,Chicago,07/23/2025,13.7,Indiana,Hammond- 167th St,13.7,13.594509999999998,12.91636,10.53393
8499,Chicago,07/24/2025,9.5,Indiana,Hammond- 167th St,9.5,9.42685,8.9566,7.30455
8500,Chicago,07/25/2025,6.6,Indiana,Hammond- 167th St,6.6,6.54918,6.222479999999999,5.07474
8501,Chicago,07/26/2025,6.2,Indiana,Hammond- 167th St,6.2,6.15226,5.84536,4.767180000000001
8502,Chicago,07/27/2025,8.0,Indiana,Hammond- 167th St,8.0,7.9384,7.5424,6.1512
8503,Chicago,07/28/2025,10.1,Indiana,Hammond- 167th St,10.1,10.022229999999999,9.522279999999999,7.76589
8504,Chicago,07/29/2025,9.8,Indiana,Hammond- 167th St,9.8,9.724540000000001,9.23944,7.535220000000001
8505,Chicago,07/30/2025,14.7,Indiana,Hammond- 167th St,14.7,14.586809999999998,13.85916,11.30283
8506,Chicago,07/31/2025,61.5,Indiana,Hammond- 167th St,61.5,61.02645,57.9822,47.28735
8507,Chicago,08/01/2025,47.8,Indiana,Hammond- 167th St,47.8,47.43194,45.065839999999994,36.75342
8508,Chicago,08/02/2025,25.8,Indiana,Hammond- 167th St,25.8,25.60134,24.32424,19.83762
8509,Chicago,08/03/2025,29.0,Indiana,Hammond- 167th St,29.0,28.776699999999998,27.3412,22.2981
8510,Chicago,08/04/2025,16.1,Indiana,Hammond- 167th St,16.1,15.976030000000002,15.17908,12.379290000000001
8511,Chicago,08/05/2025,32.1,Indiana,Hammond- 167th St,32.1,31.85283,30.26388,24.681690000000003
8512,Chicago,08/06/2025,28.9,Indiana,Hammond- 167th St,28.9,28.677469999999996,27.24692,22.22121
8513,Chicago,08/07/2025,13.6,Indiana,Hammond- 167th St,13.6,13.49528,12.82208,10.45704
8514,Chicago,08/08/2025,14.2,Indiana,Hammond- 167th St,14.2,14.090659999999998,13.387759999999998,10.918379999999999
8515,Chicago,08/09/2025,12.5,Indiana,Hammond- 167th St,12.5,12.403749999999999,11.785,9.61125
8516,Chicago,08/10/2025,10.1,Indiana,Hammond- 167th St,10.1,10.022229999999999,9.522279999999999,7.76589
8517,Chicago,08/11/2025,8.1,Indiana,Hammond- 167th St,8.1,8.03763,7.636679999999999,6.22809
8518,Chicago,08/12/2025,7.7,Indiana,Hammond- 167th St,7.7,7.6407099999999994,7.25956,5.92053
8519,Chicago,08/13/2025,12.8,Indiana,Hammond- 167th St,12.8,12.70144,12.06784,9.841920000000002
8520,Chicago,08/14/2025,21.3,Indiana,Hammond- 167th St,21.3,21.13599,20.08164,16.377570000000002
8521,Chicago,08/15/2025,17.9,Indiana,Hammond- 167th St,17.9,17.762169999999998,16.876119999999997,13.763309999999999
8522,Chicago,08/16/2025,11.9,Indiana,Hammond- 167th St,11.9,11.80837,11.21932,9.14991
8523,Chicago,08/17/2025,5.7,Indiana,Hammond- 167th St,5.7,5.65611,5.37396,4.3827300000000005
8524,Chicago,08/18/2025,6.1,Indiana,Hammond- 167th St,6.1,6.05303,5.751079999999999,4.69029
8525,Chicago,08/19/2025,4.3,Indiana,Hammond- 167th St,4.3,4.26689,4.05404,3.30627
8526,Chicago,08/20/2025,3.1,Indiana,Hammond- 167th St,3.1,3.07613,2.92268,2.3835900000000003
8527,Chicago,08/21/2025,4.9,Indiana,Hammond- 167th St,4.9,4.8622700000000005,4.61972,3.7676100000000003
8528,Chicago,08/22/2025,6.2,Indiana,Hammond- 167th St,6.2,6.15226,5.84536,4.767180000000001
8529,Chicago,08/23/2025,5.6,Indiana,Hammond- 167th St,5.6,5.55688,5.27968,4.30584
8530,Chicago,08/24/2025,3.7,Indiana,Hammond- 167th St,3.7,3.67151,3.48836,2.84493
8531,Chicago,08/25/2025,3.6,Indiana,Hammond- 167th St,3.6,3.57228,3.3940799999999998,2.76804
8532,Chicago,08/26/2025,5.5,Indiana,Hammond- 167th St,5.5,5.45765,5.1854,4.22895
8533,Chicago,08/27/2025,5.8,Indiana,Hammond- 167th St,5.8,5.7553399999999995,5.46824,4.45962
8534,Chicago,08/28/2025,5.7,Indiana,Hammond- 167th St,5.7,5.65611,5.37396,4.3827300000000005
8535,Chicago,08/29/2025,3.0,Indiana,Hammond- 167th St,3.0,2.9768999999999997,2.8284,2.3067
8536,Chicago,08/30/2025,4.9,Indiana,Hammond- 167th St,4.9,4.8622700000000005,4.61972,3.7676100000000003
8537,Chicago,08/31/2025,6.7,Indiana,Hammond- 167th St,6.7,6.64841,6.31676,5.15163
8538,Chicago,09/01/2025,7.7,Indiana,Hammond- 167th St,7.7,7.6407099999999994,7.25956,5.92053
8539,Chicago,09/02/2025,8.6,Indiana,Hammond- 167th St,8.6,8.53378,8.10808,6.61254
8540,Chicago,09/03/2025,10.1,Indiana,Hammond- 167th St,10.1,10.022229999999999,9.522279999999999,7.76589
8541,Chicago,09/04/2025,10.6,Indiana,Hammond- 167th St,10.6,10.518379999999999,9.99368,8.15034
8542,Chicago,09/05/2025,8.0,Indiana,Hammond- 167th St,8.0,7.9384,7.5424,6.1512
8543,Chicago,09/06/2025,4.0,Indiana,Hammond- 167th St,4.0,3.9692,3.7712,3.0756
8544,Chicago,09/07/2025,5.6,Indiana,Hammond- 167th St,5.6,5.55688,5.27968,4.30584
8545,Chicago,09/08/2025,4.4,Indiana,Hammond- 167th St,4.4,4.3661200000000004,4.14832,3.3831600000000006
8546,Chicago,09/09/2025,5.8,Indiana,Hammond- 167th St,5.8,5.7553399999999995,5.46824,4.45962
8547,Chicago,09/10/2025,9.4,Indiana,Hammond- 167th St,9.4,9.32762,8.86232,7.22766
8548,Chicago,09/11/2025,11.4,Indiana,Hammond- 167th St,11.4,11.31222,10.74792,8.765460000000001
8549,Chicago,09/12/2025,10.4,Indiana,Hammond- 167th St,10.4,10.31992,9.80512,7.996560000000001
8550,Chicago,09/13/2025,11.7,Indiana,Hammond- 167th St,11.7,11.60991,11.030759999999999,8.996129999999999
8551,Chicago,09/14/2025,13.0,Indiana,Hammond- 167th St,13.0,12.899899999999999,12.2564,9.995700000000001
8552,Chicago,09/15/2025,11.4,Indiana,Hammond- 167th St,11.4,11.31222,10.74792,8.765460000000001
8553,Chicago,09/16/2025,10.3,Indiana,Hammond- 167th St,10.3,10.220690000000001,9.710840000000001,7.919670000000001
8554,Chicago,09/17/2025,11.9,Indiana,Hammond- 167th St,11.9,11.80837,11.21932,9.14991
8555,Chicago,09/18/2025,13.9,Indiana,Hammond- 167th St,13.9,13.79297,13.10492,10.687710000000001
8556,Chicago,09/19/2025,14.8,Indiana,Hammond- 167th St,14.8,14.68604,13.95344,11.37972
8557,Chicago,09/20/2025,12.6,Indiana,Hammond- 167th St,12.6,12.502979999999999,11.87928,9.68814
8558,Chicago,09/21/2025,8.1,Indiana,Hammond- 167th St,8.1,8.03763,7.636679999999999,6.22809
8559,Chicago,09/22/2025,6.6,Indiana,Hammond- 167th St,6.6,6.54918,6.222479999999999,5.07474
8560,Chicago,09/23/2025,7.4,Indiana,Hammond- 167th St,7.4,7.34302,6.97672,5.68986
8561,Chicago,09/24/2025,3.4,Indiana,Hammond- 167th St,3.4,3.37382,3.20552,2.61426
8562,Chicago,09/25/2025,4.9,Indiana,Hammond- 167th St,4.9,4.8622700000000005,4.61972,3.7676100000000003
8563,Chicago,09/26/2025,7.8,Indiana,Hammond- 167th St,7.8,7.73994,7.35384,5.99742
8564,Chicago,09/27/2025,9.2,Indiana,Hammond- 167th St,9.2,9.129159999999999,8.67376,7.07388
8565,Chicago,09/28/2025,11.6,Indiana,Hammond- 167th St,11.6,11.510679999999999,10.93648,8.91924
8566,Chicago,09/29/2025,15.0,Indiana,Hammond- 167th St,15.0,14.8845,14.142,11.5335
8567,Chicago,09/30/2025,13.1,Indiana,Hammond- 167th St,13.1,12.99913,12.350679999999999,10.07259
8568,Chicago,10/01/2025,7.5,Indiana,Hammond- 167th St,7.5,7.44225,7.071,5.76675
8569,Chicago,10/02/2025,8.5,Indiana,Hammond- 167th St,8.5,8.43455,8.0138,6.53565
8570,Chicago,10/03/2025,11.6,Indiana,Hammond- 167th St,11.6,11.510679999999999,10.93648,8.91924
8571,Chicago,10/04/2025,11.5,Indiana,Hammond- 167th St,11.5,11.41145,10.8422,8.84235
8572,Chicago,10/05/2025,7.8,Indiana,Hammond- 167th St,7.8,7.73994,7.35384,5.99742
8573,Chicago,10/06/2025,6.2,Indiana,Hammond- 167th St,6.2,6.15226,5.84536,4.767180000000001
8574,Chicago,10/07/2025,3.5,Indiana,Hammond- 167th St,3.5,3.4730499999999997,3.2998,2.69115
8575,Chicago,10/08/2025,4.0,Indiana,Hammond- 167th St,4.0,3.9692,3.7712,3.0756
8576,Chicago,10/09/2025,3.6,Indiana,Hammond- 167th St,3.6,3.57228,3.3940799999999998,2.76804
8577,Chicago,10/10/2025,6.0,Indiana,Hammond- 167th St,6.0,5.953799999999999,5.6568,4.6134
8578,Chicago,10/11/2025,4.1,Indiana,Hammond- 167th St,4.1,4.068429999999999,3.8654799999999994,3.15249
8579,Chicago,10/12/2025,5.4,Indiana,Hammond- 167th St,5.4,5.35842,5.09112,4.1520600000000005
8580,Chicago,10/13/2025,9.0,Indiana,Hammond- 167th St,9.0,8.9307,8.485199999999999,6.920100000000001
8581,Chicago,10/14/2025,10.4,Indiana,Hammond- 167th St,10.4,10.31992,9.80512,7.996560000000001
8582,Chicago,10/15/2025,8.1,Indiana,Hammond- 167th St,8.1,8.03763,7.636679999999999,6.22809
8583,Chicago,10/16/2025,5.4,Indiana,Hammond- 167th St,5.4,5.35842,5.09112,4.1520600000000005
8584,Chicago,10/17/2025,4.3,Indiana,Hammond- 167th St,4.3,4.26689,4.05404,3.30627
8585,Chicago,10/18/2025,10.3,Indiana,Hammond- 167th St,10.3,10.220690000000001,9.710840000000001,7.919670000000001
8586,Chicago,10/19/2025,3.5,Indiana,Hammond- 167th St,3.5,3.4730499999999997,3.2998,2.69115
8587,Chicago,10/20/2025,3.2,Indiana,Hammond- 167th St,3.2,3.17536,3.01696,2.4604800000000004
8588,Chicago,10/21/2025,3.5,Indiana,Hammond- 167th St,3.5,3.4730499999999997,3.2998,2.69115
8589,Chicago,10/22/2025,1.8,Indiana,Hammond- 167th St,1.8,1.78614,1.6970399999999999,1.38402
8590,Chicago,10/23/2025,3.3,Indiana,Hammond- 167th St,3.3,3.27459,3.1112399999999996,2.53737
8591,Chicago,10/24/2025,5.4,Indiana,Hammond- 167th St,5.4,5.35842,5.09112,4.1520600000000005
8592,Chicago,10/25/2025,8.4,Indiana,Hammond- 167th St,8.4,8.33532,7.91952,6.458760000000001
8593,Chicago,10/26/2025,8.3,Indiana,Hammond- 167th St,8.3,8.23609,7.825240000000001,6.381870000000001
8594,Chicago,10/27/2025,4.8,Indiana,Hammond- 167th St,4.8,4.763039999999999,4.52544,3.69072
8595,Chicago,10/28/2025,4.9,Indiana,Hammond- 167th St,4.9,4.8622700000000005,4.61972,3.7676100000000003
8596,Chicago,10/29/2025,5.6,Indiana,Hammond- 167th St,5.6,5.55688,5.27968,4.30584
8597,Chicago,10/30/2025,4.6,Indiana,Hammond- 167th St,4.6,4.564579999999999,4.33688,3.53694
8598,Chicago,10/31/2025,8.8,Indiana,Hammond- 167th St,8.8,8.732240000000001,8.29664,6.766320000000001
8599,Chicago,11/01/2025,7.8,Indiana,Hammond- 167th St,7.8,7.73994,7.35384,5.99742
8600,Chicago,11/02/2025,6.8,Indiana,Hammond- 167th St,6.8,6.74764,6.41104,5.22852
8601,Chicago,11/03/2025,4.4,Indiana,Hammond- 167th St,4.4,4.3661200000000004,4.14832,3.3831600000000006
8602,Chicago,11/04/2025,5.2,Indiana,Hammond- 167th St,5.2,5.15996,4.90256,3.9982800000000003
8603,Chicago,11/05/2025,8.5,Indiana,Hammond- 167th St,8.5,8.43455,8.0138,6.53565
8604,Chicago,11/06/2025,6.4,Indiana,Hammond- 167th St,6.4,6.35072,6.03392,4.920960000000001
8605,Chicago,11/07/2025,6.4,Indiana,Hammond- 167th St,6.4,6.35072,6.03392,4.920960000000001
8606,Chicago,11/08/2025,4.9,Indiana,Hammond- 167th St,4.9,4.8622700000000005,4.61972,3.7676100000000003
8607,Chicago,11/09/2025,2.7,Indiana,Hammond- 167th St,2.7,2.67921,2.54556,2.0760300000000003
8608,Chicago,11/10/2025,2.3,Indiana,Hammond- 167th St,2.3,2.2822899999999997,2.16844,1.76847
8609,Chicago,11/11/2025,4.3,Indiana,Hammond- 167th St,4.3,4.26689,4.05404,3.30627
8610,Chicago,11/12/2025,4.2,Indiana,Hammond- 167th St,4.2,4.16766,3.95976,3.2293800000000004
8611,Chicago,11/13/2025,4.8,Indiana,Hammond- 167th St,4.8,4.763039999999999,4.52544,3.69072
8612,Chicago,11/14/2025,11.0,Indiana,Hammond- 167th St,11.0,10.9153,10.3708,8.4579
8613,Chicago,11/15/2025,7.7,Indiana,Hammond- 167th St,7.7,7.6407099999999994,7.25956,5.92053
8614,Chicago,11/16/2025,3.2,Indiana,Hammond- 167th St,3.2,3.17536,3.01696,2.4604800000000004
8615,Chicago,11/17/2025,7.2,Indiana,Hammond- 167th St,7.2,7.14456,6.7881599999999995,5.53608
8616,Chicago,11/18/2025,12.0,Indiana,Hammond- 167th St,12.0,11.907599999999999,11.3136,9.2268
8617,Chicago,11/19/2025,17.0,Indiana,Hammond- 167th St,17.0,16.8691,16.0276,13.0713
8618,Chicago,11/20/2025,18.9,Indiana,Hammond- 167th St,18.9,18.754469999999998,17.81892,14.53221
8619,Chicago,11/21/2025,14.5,Indiana,Hammond- 167th St,14.5,14.388349999999999,13.6706,11.14905
8620,Chicago,11/22/2025,8.6,Indiana,Hammond- 167th St,8.6,8.53378,8.10808,6.61254
8621,Chicago,11/23/2025,10.9,Indiana,Hammond- 167th St,10.9,10.81607,10.27652,8.38101
8622,Chicago,11/24/2025,14.8,Indiana,Hammond- 167th St,14.8,14.68604,13.95344,11.37972
8623,Chicago,11/25/2025,12.1,Indiana,Hammond- 167th St,12.1,12.006829999999999,11.407879999999999,9.30369
8624,Chicago,11/26/2025,2.4,Indiana,Hammond- 167th St,2.4,2.3815199999999996,2.26272,1.84536
8625,Chicago,11/27/2025,2.7,Indiana,Hammond- 167th St,2.7,2.67921,2.54556,2.0760300000000003
8626,Chicago,11/28/2025,6.7,Indiana,Hammond- 167th St,6.7,6.64841,6.31676,5.15163
8627,Chicago,11/29/2025,5.9,Indiana,Hammond- 167th St,5.9,5.85457,5.56252,4.536510000000001
8628,Chicago,11/30/2025,5.0,Indiana,Hammond- 167th St,5.0,4.9615,4.7139999999999995,3.8445
8629,Chicago,12/01/2025,12.5,Indiana,Hammond- 167th St,12.5,12.403749999999999,11.785,9.61125
8630,Chicago,12/02/2025,16.3,Indiana,Hammond- 167th St,16.3,16.17449,15.36764,12.53307
8631,Chicago,12/03/2025,13.1,Indiana,Hammond- 167th St,13.1,12.99913,12.350679999999999,10.07259
8632,Chicago,12/09/2025,11.2,Indiana,Hammond- 167th St,11.2,11.11376,10.55936,8.61168
8633,Chicago,12/10/2025,5.5,Indiana,Hammond- 167th St,5.5,5.45765,5.1854,4.22895
8634,Chicago,12/11/2025,8.1,Indiana,Hammond- 167th St,8.1,8.03763,7.636679999999999,6.22809
8635,Chicago,12/12/2025,16.8,Indiana,Hammond- 167th St,16.8,16.67064,15.83904,12.917520000000001
8636,Chicago,12/13/2025,5.6,Indiana,Hammond- 167th St,5.6,5.55688,5.27968,4.30584
8637,Chicago,12/14/2025,4.2,Indiana,Hammond- 167th St,4.2,4.16766,3.95976,3.2293800000000004
8638,Chicago,12/15/2025,6.5,Indiana,Hammond- 167th St,6.5,6.449949999999999,6.1282,4.997850000000001
8639,Chicago,12/16/2025,10.1,Indiana,Hammond- 167th St,10.1,10.022229999999999,9.522279999999999,7.76589
8640,Chicago,12/17/2025,12.5,Indiana,Hammond- 167th St,12.5,12.403749999999999,11.785,9.61125
8641,Chicago,12/18/2025,8.3,Indiana,Hammond- 167th St,8.3,8.23609,7.825240000000001,6.381870000000001
8642,Chicago,12/19/2025,4.5,Indiana,Hammond- 167th St,4.5,4.46535,4.2425999999999995,3.4600500000000003
8643,Chicago,12/20/2025,3.8,Indiana,Hammond- 167th St,3.8,3.7707399999999995,3.5826399999999996,2.92182
8644,Chicago,12/21/2025,4.7,Indiana,Hammond- 167th St,4.7,4.66381,4.43116,3.61383
8645,Chicago,12/22/2025,4.5,Indiana,Hammond- 167th St,4.5,4.46535,4.2425999999999995,3.4600500000000003
8646,Chicago,12/23/2025,12.9,Indiana,Hammond- 167th St,12.9,12.80067,12.16212,9.91881
8647,Chicago,12/24/2025,13.6,Indiana,Hammond- 167th St,13.6,13.49528,12.82208,10.45704
8648,Chicago,12/25/2025,18.3,Indiana,Hammond- 167th St,18.3,18.15909,17.25324,14.070870000000001
8649,Chicago,12/26/2025,11.2,Indiana,Hammond- 167th St,11.2,11.11376,10.55936,8.61168
8650,Chicago,12/27/2025,11.9,Indiana,Hammond- 167th St,11.9,11.80837,11.21932,9.14991
8651,Chicago,12/28/2025,8.1,Indiana,Hammond- 167th St,8.1,8.03763,7.636679999999999,6.22809
8652,Chicago,12/29/2025,3.3,Indiana,Hammond- 167th St,3.3,3.27459,3.1112399999999996,2.53737
8653,Chicago,12/30/2025,3.8,Indiana,Hammond- 167th St,3.8,3.7707399999999995,3.5826399999999996,2.92182
8654,Chicago,12/31/2025,5.8,Indiana,Hammond- 167th St,5.8,5.7553399999999995,5.46824,4.45962
8655,Chicago,01/01/2025,4.8,Indiana,Hammond- 167th St,4.8,4.763039999999999,4.52544,3.69072
8656,Chicago,01/02/2025,4.6,Indiana,Hammond- 167th St,4.6,4.564579999999999,4.33688,3.53694
8657,Chicago,01/03/2025,6.3,Indiana,Hammond- 167th St,6.3,6.2514899999999995,5.93964,4.84407
8658,Chicago,01/04/2025,4.7,Indiana,Hammond- 167th St,4.7,4.66381,4.43116,3.61383
8659,Chicago,01/05/2025,4.5,Indiana,Hammond- 167th St,4.5,4.46535,4.2425999999999995,3.4600500000000003
8660,Chicago,01/06/2025,3.6,Indiana,Hammond- 167th St,3.6,3.57228,3.3940799999999998,2.76804
8661,Chicago,01/07/2025,5.4,Indiana,Hammond- 167th St,5.4,5.35842,5.09112,4.1520600000000005
8662,Chicago,01/08/2025,6.2,Indiana,Hammond- 167th St,6.2,6.15226,5.84536,4.767180000000001
8663,Chicago,01/09/2025,10.7,Indiana,Hammond- 167th St,10.7,10.617609999999999,10.087959999999999,8.22723
8664,Chicago,01/10/2025,22.0,Indiana,Hammond- 167th St,22.0,21.8306,20.7416,16.9158
8665,Chicago,01/11/2025,10.7,Indiana,Hammond- 167th St,10.7,10.617609999999999,10.087959999999999,8.22723
8666,Chicago,01/12/2025,10.2,Indiana,Hammond- 167th St,10.2,10.121459999999999,9.61656,7.842779999999999
8667,Chicago,01/13/2025,3.7,Indiana,Hammond- 167th St,3.7,3.67151,3.48836,2.84493
8668,Chicago,01/14/2025,7.0,Indiana,Hammond- 167th St,7.0,6.9460999999999995,6.5996,5.3823
8669,Chicago,01/15/2025,9.9,Indiana,Hammond- 167th St,9.9,9.82377,9.33372,7.61211
8670,Chicago,01/16/2025,9.8,Indiana,Hammond- 167th St,9.8,9.724540000000001,9.23944,7.535220000000001
8671,Chicago,01/17/2025,7.0,Indiana,Hammond- 167th St,7.0,6.9460999999999995,6.5996,5.3823
8672,Chicago,01/18/2025,3.3,Indiana,Hammond- 167th St,3.3,3.27459,3.1112399999999996,2.53737
8673,Chicago,01/19/2025,3.6,Indiana,Hammond- 167th St,3.6,3.57228,3.3940799999999998,2.76804
8674,Chicago,01/20/2025,3.8,Indiana,Hammond- 167th St,3.8,3.7707399999999995,3.5826399999999996,2.92182
8675,Chicago,01/21/2025,4.6,Indiana,Hammond- 167th St,4.6,4.564579999999999,4.33688,3.53694
8676,Chicago,01/22/2025,5.7,Indiana,Hammond- 167th St,5.7,5.65611,5.37396,4.3827300000000005
8677,Chicago,01/23/2025,7.9,Indiana,Hammond- 167th St,7.9,7.83917,7.44812,6.0743100000000005
8678,Chicago,01/24/2025,8.9,Indiana,Hammond- 167th St,8.9,8.83147,8.39092,6.843210000000001
8679,Chicago,01/25/2025,6.0,Indiana,Hammond- 167th St,6.0,5.953799999999999,5.6568,4.6134
8680,Chicago,01/26/2025,4.2,Indiana,Hammond- 167th St,4.2,4.16766,3.95976,3.2293800000000004
8681,Chicago,01/27/2025,4.8,Indiana,Hammond- 167th St,4.8,4.763039999999999,4.52544,3.69072
8682,Chicago,01/28/2025,4.6,Indiana,Hammond- 167th St,4.6,4.564579999999999,4.33688,3.53694
8683,Chicago,01/29/2025,4.0,Indiana,Hammond- 167th St,4.0,3.9692,3.7712,3.0756
8684,Chicago,01/30/2025,7.9,Indiana,Hammond- 167th St,7.9,7.83917,7.44812,6.0743100000000005
8685,Chicago,01/31/2025,10.4,Indiana,Hammond- 167th St,10.4,10.31992,9.80512,7.996560000000001
8686,Chicago,02/01/2025,3.6,Indiana,Hammond- 167th St,3.6,3.57228,3.3940799999999998,2.76804
8687,Chicago,02/02/2025,11.5,Indiana,Hammond- 167th St,11.5,11.41145,10.8422,8.84235
8688,Chicago,02/03/2025,11.2,Indiana,Hammond- 167th St,11.2,11.11376,10.55936,8.61168
8689,Chicago,02/04/2025,3.9,Indiana,Hammond- 167th St,3.9,3.86997,3.67692,2.99871
8690,Chicago,02/05/2025,7.1,Indiana,Hammond- 167th St,7.1,7.045329999999999,6.693879999999999,5.4591899999999995
8691,Chicago,02/06/2025,6.8,Indiana,Hammond- 167th St,6.8,6.74764,6.41104,5.22852
8692,Chicago,02/07/2025,5.5,Indiana,Hammond- 167th St,5.5,5.45765,5.1854,4.22895
8693,Chicago,02/08/2025,8.9,Indiana,Hammond- 167th St,8.9,8.83147,8.39092,6.843210000000001
8694,Chicago,02/09/2025,8.6,Indiana,Hammond- 167th St,8.6,8.53378,8.10808,6.61254
8695,Chicago,02/10/2025,6.5,Indiana,Hammond- 167th St,6.5,6.449949999999999,6.1282,4.997850000000001
8696,Chicago,02/11/2025,7.1,Indiana,Hammond- 167th St,7.1,7.045329999999999,6.693879999999999,5.4591899999999995
8697,Chicago,02/12/2025,15.3,Indiana,Hammond- 167th St,15.3,15.18219,14.42484,11.764170000000002
8698,Chicago,02/13/2025,9.0,Indiana,Hammond- 167th St,9.0,8.9307,8.485199999999999,6.920100000000001
8699,Chicago,02/14/2025,11.6,Indiana,Hammond- 167th St,11.6,11.510679999999999,10.93648,8.91924
8700,Chicago,02/15/2025,11.9,Indiana,Hammond- 167th St,11.9,11.80837,11.21932,9.14991
8701,Chicago,02/16/2025,6.8,Indiana,Hammond- 167th St,6.8,6.74764,6.41104,5.22852
8702,Chicago,02/17/2025,4.8,Indiana,Hammond- 167th St,4.8,4.763039999999999,4.52544,3.69072
8703,Chicago,02/18/2025,5.4,Indiana,Hammond- 167th St,5.4,5.35842,5.09112,4.1520600000000005
8704,Chicago,02/19/2025,5.3,Indiana,Hammond- 167th St,5.3,5.259189999999999,4.99684,4.07517
8705,Chicago,02/20/2025,6.2,Indiana,Hammond- 167th St,6.2,6.15226,5.84536,4.767180000000001
8706,Chicago,02/21/2025,8.5,Indiana,Hammond- 167th St,8.5,8.43455,8.0138,6.53565
8707,Chicago,02/22/2025,8.7,Indiana,Hammond- 167th St,8.7,8.633009999999999,8.202359999999999,6.68943
8708,Chicago,02/23/2025,11.9,Indiana,Hammond- 167th St,11.9,11.80837,11.21932,9.14991
8709,Chicago,02/24/2025,9.7,Indiana,Hammond- 167th St,9.7,9.625309999999999,9.145159999999999,7.45833
8710,Chicago,02/25/2025,10.8,Indiana,Hammond- 167th St,10.8,10.71684,10.18224,8.304120000000001
8711,Chicago,02/26/2025,10.8,Indiana,Hammond- 167th St,10.8,10.71684,10.18224,8.304120000000001
8712,Chicago,02/27/2025,11.9,Indiana,Hammond- 167th St,11.9,11.80837,11.21932,9.14991
8713,Chicago,02/28/2025,4.2,Indiana,Hammond- 167th St,4.2,4.16766,3.95976,3.2293800000000004
8714,Chicago,03/01/2025,3.9,Indiana,Hammond- 167th St,3.9,3.86997,3.67692,2.99871
8715,Chicago,03/02/2025,7.2,Indiana,Hammond- 167th St,7.2,7.14456,6.7881599999999995,5.53608
8716,Chicago,03/03/2025,7.5,Indiana,Hammond- 167th St,7.5,7.44225,7.071,5.76675
8717,Chicago,03/04/2025,7.8,Indiana,Hammond- 167th St,7.8,7.73994,7.35384,5.99742
8718,Chicago,03/05/2025,4.1,Indiana,Hammond- 167th St,4.1,4.068429999999999,3.8654799999999994,3.15249
8719,Chicago,03/06/2025,3.2,Indiana,Hammond- 167th St,3.2,3.17536,3.01696,2.4604800000000004
8720,Chicago,03/07/2025,8.1,Indiana,Hammond- 167th St,8.1,8.03763,7.636679999999999,6.22809
8721,Chicago,03/08/2025,6.3,Indiana,Hammond- 167th St,6.3,6.2514899999999995,5.93964,4.84407
8722,Chicago,03/09/2025,4.6,Indiana,Hammond- 167th St,4.6,4.564579999999999,4.33688,3.53694
8723,Chicago,03/10/2025,5.3,Indiana,Hammond- 167th St,5.3,5.259189999999999,4.99684,4.07517
8724,Chicago,03/11/2025,5.4,Indiana,Hammond- 167th St,5.4,5.35842,5.09112,4.1520600000000005
8725,Chicago,03/12/2025,5.2,Indiana,Hammond- 167th St,5.2,5.15996,4.90256,3.9982800000000003
8726,Chicago,03/13/2025,13.5,Indiana,Hammond- 167th St,13.5,13.396049999999999,12.7278,10.38015
8727,Chicago,03/14/2025,11.3,Indiana,Hammond- 167th St,11.3,11.21299,10.653640000000001,8.68857
8728,Chicago,03/15/2025,29.1,Indiana,Hammond- 167th St,29.1,28.87593,27.435480000000002,22.37499
8729,Chicago,03/16/2025,5.2,Indiana,Hammond- 167th St,5.2,5.15996,4.90256,3.9982800000000003
8730,Chicago,03/17/2025,4.4,Indiana,Hammond- 167th St,4.4,4.3661200000000004,4.14832,3.3831600000000006
8731,Chicago,03/18/2025,5.4,Indiana,Hammond- 167th St,5.4,5.35842,5.09112,4.1520600000000005
8732,Chicago,03/19/2025,9.0,Indiana,Hammond- 167th St,9.0,8.9307,8.485199999999999,6.920100000000001
8733,Chicago,03/20/2025,4.4,Indiana,Hammond- 167th St,4.4,4.3661200000000004,4.14832,3.3831600000000006
8734,Chicago,03/21/2025,5.2,Indiana,Hammond- 167th St,5.2,5.15996,4.90256,3.9982800000000003
8735,Chicago,03/22/2025,4.4,Indiana,Hammond- 167th St,4.4,4.3661200000000004,4.14832,3.3831600000000006
8736,Chicago,03/23/2025,5.0,Indiana,Hammond- 167th St,5.0,4.9615,4.7139999999999995,3.8445
8737,Chicago,03/24/2025,4.4,Indiana,Hammond- 167th St,4.4,4.3661200000000004,4.14832,3.3831600000000006
8738,Chicago,03/25/2025,7.0,Indiana,Hammond- 167th St,7.0,6.9460999999999995,6.5996,5.3823
8739,Chicago,03/26/2025,12.0,Indiana,Hammond- 167th St,12.0,11.907599999999999,11.3136,9.2268
8740,Chicago,03/27/2025,8.8,Indiana,Hammond- 167th St,8.8,8.732240000000001,8.29664,6.766320000000001
8741,Chicago,03/28/2025,7.5,Indiana,Hammond- 167th St,7.5,7.44225,7.071,5.76675
8742,Chicago,03/29/2025,7.7,Indiana,Hammond- 167th St,7.7,7.6407099999999994,7.25956,5.92053
8743,Chicago,03/30/2025,6.0,Indiana,Hammond- 167th St,6.0,5.953799999999999,5.6568,4.6134
8744,Chicago,03/31/2025,4.5,Indiana,Hammond- 167th St,4.5,4.46535,4.2425999999999995,3.4600500000000003
8745,Chicago,04/01/2025,5.0,Indiana,Hammond- 167th St,5.0,4.9615,4.7139999999999995,3.8445
8746,Chicago,04/02/2025,7.7,Indiana,Hammond- 167th St,7.7,7.6407099999999994,7.25956,5.92053
8747,Chicago,04/03/2025,6.5,Indiana,Hammond- 167th St,6.5,6.449949999999999,6.1282,4.997850000000001
8748,Chicago,04/04/2025,11.3,Indiana,Hammond- 167th St,11.3,11.21299,10.653640000000001,8.68857
8749,Chicago,04/05/2025,5.0,Indiana,Hammond- 167th St,5.0,4.9615,4.7139999999999995,3.8445
8750,Chicago,04/06/2025,4.6,Indiana,Hammond- 167th St,4.6,4.564579999999999,4.33688,3.53694
8751,Chicago,04/07/2025,4.0,Indiana,Hammond- 167th St,4.0,3.9692,3.7712,3.0756
8752,Chicago,04/08/2025,5.1,Indiana,Hammond- 167th St,5.1,5.0607299999999995,4.80828,3.9213899999999997
8753,Chicago,04/09/2025,6.5,Indiana,Hammond- 167th St,6.5,6.449949999999999,6.1282,4.997850000000001
8754,Chicago,04/10/2025,16.4,Indiana,Hammond- 167th St,16.4,16.273719999999997,15.461919999999997,12.60996
8755,Chicago,04/11/2025,11.1,Indiana,Hammond- 167th St,11.1,11.014529999999999,10.465079999999999,8.53479
8756,Chicago,04/12/2025,13.5,Indiana,Hammond- 167th St,13.5,13.396049999999999,12.7278,10.38015
8757,Chicago,04/13/2025,7.6,Indiana,Hammond- 167th St,7.6,7.541479999999999,7.165279999999999,5.84364
8758,Chicago,04/14/2025,6.2,Indiana,Hammond- 167th St,6.2,6.15226,5.84536,4.767180000000001
8759,Chicago,04/15/2025,3.6,Indiana,Hammond- 167th St,3.6,3.57228,3.3940799999999998,2.76804
8760,Chicago,04/16/2025,5.4,Indiana,Hammond- 167th St,5.4,5.35842,5.09112,4.1520600000000005
8761,Chicago,04/17/2025,7.2,Indiana,Hammond- 167th St,7.2,7.14456,6.7881599999999995,5.53608
8762,Chicago,04/18/2025,13.2,Indiana,Hammond- 167th St,13.2,13.09836,12.444959999999998,10.14948
8763,Chicago,04/19/2025,12.7,Indiana,Hammond- 167th St,12.7,12.60221,11.973559999999999,9.76503
8764,Chicago,04/20/2025,7.4,Indiana,Hammond- 167th St,7.4,7.34302,6.97672,5.68986
8765,Chicago,04/21/2025,3.3,Indiana,Hammond- 167th St,3.3,3.27459,3.1112399999999996,2.53737
8766,Chicago,04/22/2025,6.0,Indiana,Hammond- 167th St,6.0,5.953799999999999,5.6568,4.6134
8767,Chicago,04/23/2025,5.9,Indiana,Hammond- 167th St,5.9,5.85457,5.56252,4.536510000000001
8768,Chicago,04/24/2025,12.1,Indiana,Hammond- 167th St,12.1,12.006829999999999,11.407879999999999,9.30369
8769,Chicago,04/25/2025,4.8,Indiana,Hammond- 167th St,4.8,4.763039999999999,4.52544,3.69072
8770,Chicago,04/26/2025,2.8,Indiana,Hammond- 167th St,2.8,2.77844,2.63984,2.15292
8771,Chicago,04/27/2025,6.2,Indiana,Hammond- 167th St,6.2,6.15226,5.84536,4.767180000000001
8772,Chicago,04/28/2025,7.4,Indiana,Hammond- 167th St,7.4,7.34302,6.97672,5.68986
8773,Chicago,04/29/2025,6.5,Indiana,Hammond- 167th St,6.5,6.449949999999999,6.1282,4.997850000000001
8774,Chicago,04/30/2025,7.3,Indiana,Hammond- 167th St,7.3,7.24379,6.88244,5.61297
8775,Chicago,05/01/2025,6.9,Indiana,Hammond- 167th St,6.9,6.84687,6.50532,5.30541
8776,Chicago,05/02/2025,7.3,Indiana,Hammond- 167th St,7.3,7.24379,6.88244,5.61297
8777,Chicago,05/03/2025,3.9,Indiana,Hammond- 167th St,3.9,3.86997,3.67692,2.99871
8778,Chicago,05/04/2025,4.1,Indiana,Hammond- 167th St,4.1,4.068429999999999,3.8654799999999994,3.15249
8779,Chicago,05/05/2025,8.0,Indiana,Hammond- 167th St,8.0,7.9384,7.5424,6.1512
8780,Chicago,05/06/2025,10.4,Indiana,Hammond- 167th St,10.4,10.31992,9.80512,7.996560000000001
8781,Chicago,05/07/2025,9.2,Indiana,Hammond- 167th St,9.2,9.129159999999999,8.67376,7.07388
8782,Chicago,05/08/2025,5.3,Indiana,Hammond- 167th St,5.3,5.259189999999999,4.99684,4.07517
8783,Chicago,05/09/2025,7.1,Indiana,Hammond- 167th St,7.1,7.045329999999999,6.693879999999999,5.4591899999999995
8784,Chicago,05/10/2025,6.0,Indiana,Hammond- 167th St,6.0,5.953799999999999,5.6568,4.6134
8785,Chicago,05/11/2025,8.0,Indiana,Hammond- 167th St,8.0,7.9384,7.5424,6.1512
8786,Chicago,05/12/2025,13.8,Indiana,Hammond- 167th St,13.8,13.69374,13.01064,10.61082
8787,Chicago,05/13/2025,8.3,Indiana,Hammond- 167th St,8.3,8.23609,7.825240000000001,6.381870000000001
8788,Chicago,05/14/2025,12.5,Indiana,Hammond- 167th St,12.5,12.403749999999999,11.785,9.61125
8789,Chicago,05/15/2025,12.5,Indiana,Hammond- 167th St,12.5,12.403749999999999,11.785,9.61125
8790,Chicago,05/16/2025,10.6,Indiana,Hammond- 167th St,10.6,10.518379999999999,9.99368,8.15034
8791,Chicago,05/17/2025,3.0,Indiana,Hammond- 167th St,3.0,2.9768999999999997,2.8284,2.3067
8792,Chicago,05/18/2025,4.7,Indiana,Hammond- 167th St,4.7,4.66381,4.43116,3.61383
8793,Chicago,05/19/2025,6.8,Indiana,Hammond- 167th St,6.8,6.74764,6.41104,5.22852
8794,Chicago,05/20/2025,5.8,Indiana,Hammond- 167th St,5.8,5.7553399999999995,5.46824,4.45962
8795,Chicago,05/21/2025,6.9,Indiana,Hammond- 167th St,6.9,6.84687,6.50532,5.30541
8796,Chicago,05/22/2025,3.3,Indiana,Hammond- 167th St,3.3,3.27459,3.1112399999999996,2.53737
8797,Chicago,05/23/2025,5.4,Indiana,Hammond- 167th St,5.4,5.35842,5.09112,4.1520600000000005
8798,Chicago,05/24/2025,4.2,Indiana,Hammond- 167th St,4.2,4.16766,3.95976,3.2293800000000004
8799,Chicago,05/25/2025,4.7,Indiana,Hammond- 167th St,4.7,4.66381,4.43116,3.61383
8800,Chicago,05/26/2025,5.0,Indiana,Hammond- 167th St,5.0,4.9615,4.7139999999999995,3.8445
8801,Chicago,05/27/2025,8.4,Indiana,Hammond- 167th St,8.4,8.33532,7.91952,6.458760000000001
8802,Chicago,05/28/2025,8.9,Indiana,Hammond- 167th St,8.9,8.83147,8.39092,6.843210000000001
8803,Chicago,05/29/2025,13.3,Indiana,Hammond- 167th St,13.3,13.19759,12.53924,10.226370000000001
8804,Chicago,05/30/2025,16.2,Indiana,Hammond- 167th St,16.2,16.07526,15.273359999999998,12.45618
8805,Chicago,05/31/2025,9.2,Indiana,Hammond- 167th St,9.2,9.129159999999999,8.67376,7.07388
8806,Chicago,06/01/2025,8.9,Indiana,Hammond- 167th St,8.9,8.83147,8.39092,6.843210000000001
8807,Chicago,06/02/2025,10.4,Indiana,Hammond- 167th St,10.4,10.31992,9.80512,7.996560000000001
8808,Chicago,06/03/2025,16.1,Indiana,Hammond- 167th St,16.1,15.976030000000002,15.17908,12.379290000000001
8809,Chicago,06/04/2025,36.0,Indiana,Hammond- 167th St,36.0,35.7228,33.940799999999996,27.680400000000002
8810,Chicago,06/05/2025,57.9,Indiana,Hammond- 167th St,57.9,57.45417,54.588119999999996,44.51931
8811,Chicago,06/06/2025,40.4,Indiana,Hammond- 167th St,40.4,40.088919999999995,38.089119999999994,31.06356
8812,Chicago,06/07/2025,28.2,Indiana,Hammond- 167th St,28.2,27.98286,26.586959999999998,21.68298
8813,Chicago,06/08/2025,25.4,Indiana,Hammond- 167th St,25.4,25.20442,23.947119999999998,19.53006
8814,Chicago,06/09/2025,21.4,Indiana,Hammond- 167th St,21.4,21.235219999999998,20.175919999999998,16.45446
8815,Chicago,06/10/2025,17.6,Indiana,Hammond- 167th St,17.6,17.464480000000002,16.59328,13.532640000000002
8816,Chicago,06/11/2025,22.3,Indiana,Hammond- 167th St,22.3,22.12829,21.02444,17.14647
8817,Chicago,06/12/2025,30.9,Indiana,Hammond- 167th St,30.9,30.662069999999996,29.13252,23.75901
8818,Chicago,06/13/2025,29.6,Indiana,Hammond- 167th St,29.6,29.37208,27.90688,22.75944
8819,Chicago,06/14/2025,17.2,Indiana,Hammond- 167th St,17.2,17.06756,16.21616,13.22508
8820,Chicago,06/15/2025,14.1,Indiana,Hammond- 167th St,14.1,13.99143,13.293479999999999,10.84149
8821,Chicago,06/16/2025,15.2,Indiana,Hammond- 167th St,15.2,15.082959999999998,14.330559999999998,11.68728
8822,Chicago,06/17/2025,7.0,Indiana,Hammond- 167th St,7.0,6.9460999999999995,6.5996,5.3823
8823,Chicago,06/18/2025,7.3,Indiana,Hammond- 167th St,7.3,7.24379,6.88244,5.61297
8824,Chicago,06/19/2025,8.3,Indiana,Hammond- 167th St,8.3,8.23609,7.825240000000001,6.381870000000001
8825,Chicago,06/20/2025,8.1,Indiana,Hammond- 167th St,8.1,8.03763,7.636679999999999,6.22809
8826,Chicago,06/21/2025,9.7,Indiana,Hammond- 167th St,9.7,9.625309999999999,9.145159999999999,7.45833
8827,Chicago,06/22/2025,12.3,Indiana,Hammond- 167th St,12.3,12.20529,11.596440000000001,9.45747
8828,Chicago,06/23/2025,12.9,Indiana,Hammond- 167th St,12.9,12.80067,12.16212,9.91881
8829,Chicago,06/24/2025,10.2,Indiana,Hammond- 167th St,10.2,10.121459999999999,9.61656,7.842779999999999
8830,Chicago,06/25/2025,7.2,Indiana,Hammond- 167th St,7.2,7.14456,6.7881599999999995,5.53608
8831,Chicago,06/26/2025,9.4,Indiana,Hammond- 167th St,9.4,9.32762,8.86232,7.22766
8832,Chicago,06/27/2025,6.7,Indiana,Hammond- 167th St,6.7,6.64841,6.31676,5.15163
8833,Chicago,06/28/2025,7.2,Indiana,Hammond- 167th St,7.2,7.14456,6.7881599999999995,5.53608
8834,Chicago,06/29/2025,7.4,Indiana,Hammond- 167th St,7.4,7.34302,6.97672,5.68986
8835,Chicago,06/30/2025,7.0,Indiana,Hammond- 167th St,7.0,6.9460999999999995,6.5996,5.3823
8836,Chicago,07/01/2025,9.5,Indiana,Hammond- 167th St,9.5,9.42685,8.9566,7.30455
8837,Chicago,07/02/2025,14.3,Indiana,Hammond- 167th St,14.3,14.18989,13.48204,10.995270000000001
8838,Chicago,07/03/2025,13.7,Indiana,Hammond- 167th St,13.7,13.594509999999998,12.91636,10.53393
8839,Chicago,07/04/2025,27.7,Indiana,Hammond- 167th St,27.7,27.48671,26.11556,21.29853
8840,Chicago,07/05/2025,17.1,Indiana,Hammond- 167th St,17.1,16.96833,16.12188,13.148190000000001
8841,Chicago,07/06/2025,9.2,Indiana,Hammond- 167th St,9.2,9.129159999999999,8.67376,7.07388
8842,Chicago,07/07/2025,17.9,Indiana,Hammond- 167th St,17.9,17.762169999999998,16.876119999999997,13.763309999999999
8843,Chicago,07/08/2025,22.6,Indiana,Hammond- 167th St,22.6,22.42598,21.307280000000002,17.37714
8844,Chicago,07/09/2025,11.7,Indiana,Hammond- 167th St,11.7,11.60991,11.030759999999999,8.996129999999999
8845,Chicago,07/10/2025,9.5,Indiana,Hammond- 167th St,9.5,9.42685,8.9566,7.30455
8846,Chicago,07/11/2025,6.8,Indiana,Hammond- 167th St,6.8,6.74764,6.41104,5.22852
8847,Chicago,07/12/2025,4.8,Indiana,Hammond- 167th St,4.8,4.763039999999999,4.52544,3.69072
8848,Chicago,07/13/2025,20.8,Indiana,Hammond- 167th St,20.8,20.63984,19.61024,15.993120000000001
8849,Chicago,07/14/2025,38.2,Indiana,Hammond- 167th St,38.2,37.905860000000004,36.01496,29.371980000000004
8850,Chicago,07/15/2025,19.1,Indiana,Hammond- 167th St,19.1,18.952930000000002,18.00748,14.685990000000002
8851,Chicago,07/16/2025,6.9,Indiana,Hammond- 167th St,6.9,6.84687,6.50532,5.30541
8852,Chicago,07/17/2025,3.4,Indiana,Hammond- 167th St,3.4,3.37382,3.20552,2.61426
8853,Chicago,07/18/2025,7.2,Indiana,Hammond- 167th St,7.2,7.14456,6.7881599999999995,5.53608
8854,Chicago,07/19/2025,5.6,Indiana,Hammond- 167th St,5.6,5.55688,5.27968,4.30584
8855,Chicago,07/20/2025,6.9,Indiana,Hammond- 167th St,6.9,6.84687,6.50532,5.30541
8856,Chicago,07/21/2025,20.5,Indiana,Hammond- 167th St,20.5,20.34215,19.3274,15.762450000000001
8857,Chicago,07/22/2025,23.4,Indiana,Hammond- 167th St,23.4,23.21982,22.061519999999998,17.992259999999998
8858,Chicago,07/23/2025,13.7,Indiana,Hammond- 167th St,13.7,13.594509999999998,12.91636,10.53393
8859,Chicago,07/24/2025,9.6,Indiana,Hammond- 167th St,9.6,9.526079999999999,9.05088,7.38144
8860,Chicago,07/25/2025,6.4,Indiana,Hammond- 167th St,6.4,6.35072,6.03392,4.920960000000001
8861,Chicago,07/26/2025,6.1,Indiana,Hammond- 167th St,6.1,6.05303,5.751079999999999,4.69029
8862,Chicago,07/27/2025,8.0,Indiana,Hammond- 167th St,8.0,7.9384,7.5424,6.1512
8863,Chicago,07/28/2025,10.0,Indiana,Hammond- 167th St,10.0,9.923,9.427999999999999,7.689
8864,Chicago,07/29/2025,9.9,Indiana,Hammond- 167th St,9.9,9.82377,9.33372,7.61211
8865,Chicago,07/30/2025,14.7,Indiana,Hammond- 167th St,14.7,14.586809999999998,13.85916,11.30283
8866,Chicago,07/31/2025,61.3,Indiana,Hammond- 167th St,61.3,60.82798999999999,57.793639999999996,47.13357
8867,Chicago,08/01/2025,48.0,Indiana,Hammond- 167th St,48.0,47.630399999999995,45.2544,36.9072
8868,Chicago,08/02/2025,25.9,Indiana,Hammond- 167th St,25.9,25.70057,24.418519999999997,19.91451
8869,Chicago,08/03/2025,29.1,Indiana,Hammond- 167th St,29.1,28.87593,27.435480000000002,22.37499
8870,Chicago,08/04/2025,16.3,Indiana,Hammond- 167th St,16.3,16.17449,15.36764,12.53307
8871,Chicago,08/05/2025,32.4,Indiana,Hammond- 167th St,32.4,32.15052,30.546719999999997,24.91236
8872,Chicago,08/06/2025,29.2,Indiana,Hammond- 167th St,29.2,28.97516,27.52976,22.45188
8873,Chicago,08/07/2025,13.8,Indiana,Hammond- 167th St,13.8,13.69374,13.01064,10.61082
8874,Chicago,08/08/2025,14.4,Indiana,Hammond- 167th St,14.4,14.28912,13.576319999999999,11.07216
8875,Chicago,08/09/2025,12.6,Indiana,Hammond- 167th St,12.6,12.502979999999999,11.87928,9.68814
8876,Chicago,08/10/2025,10.3,Indiana,Hammond- 167th St,10.3,10.220690000000001,9.710840000000001,7.919670000000001
8877,Chicago,08/11/2025,8.2,Indiana,Hammond- 167th St,8.2,8.136859999999999,7.730959999999999,6.30498
8878,Chicago,08/12/2025,7.8,Indiana,Hammond- 167th St,7.8,7.73994,7.35384,5.99742
8879,Chicago,08/13/2025,12.9,Indiana,Hammond- 167th St,12.9,12.80067,12.16212,9.91881
8880,Chicago,08/14/2025,21.7,Indiana,Hammond- 167th St,21.7,21.532909999999998,20.458759999999998,16.68513
8881,Chicago,08/15/2025,18.1,Indiana,Hammond- 167th St,18.1,17.960630000000002,17.06468,13.917090000000002
8882,Chicago,08/16/2025,12.2,Indiana,Hammond- 167th St,12.2,12.10606,11.502159999999998,9.38058
8883,Chicago,08/17/2025,5.7,Indiana,Hammond- 167th St,5.7,5.65611,5.37396,4.3827300000000005
8884,Chicago,08/18/2025,6.1,Indiana,Hammond- 167th St,6.1,6.05303,5.751079999999999,4.69029
8885,Chicago,08/19/2025,4.4,Indiana,Hammond- 167th St,4.4,4.3661200000000004,4.14832,3.3831600000000006
8886,Chicago,08/20/2025,3.1,Indiana,Hammond- 167th St,3.1,3.07613,2.92268,2.3835900000000003
8887,Chicago,08/21/2025,5.0,Indiana,Hammond- 167th St,5.0,4.9615,4.7139999999999995,3.8445
8888,Chicago,08/22/2025,6.4,Indiana,Hammond- 167th St,6.4,6.35072,6.03392,4.920960000000001
8889,Chicago,08/23/2025,5.7,Indiana,Hammond- 167th St,5.7,5.65611,5.37396,4.3827300000000005
8890,Chicago,08/24/2025,3.8,Indiana,Hammond- 167th St,3.8,3.7707399999999995,3.5826399999999996,2.92182
8891,Chicago,08/25/2025,3.7,Indiana,Hammond- 167th St,3.7,3.67151,3.48836,2.84493
8892,Chicago,08/26/2025,5.6,Indiana,Hammond- 167th St,5.6,5.55688,5.27968,4.30584
8893,Chicago,08/27/2025,6.0,Indiana,Hammond- 167th St,6.0,5.953799999999999,5.6568,4.6134
8894,Chicago,08/28/2025,5.7,Indiana,Hammond- 167th St,5.7,5.65611,5.37396,4.3827300000000005
8895,Chicago,08/29/2025,3.0,Indiana,Hammond- 167th St,3.0,2.9768999999999997,2.8284,2.3067
8896,Chicago,08/30/2025,5.0,Indiana,Hammond- 167th St,5.0,4.9615,4.7139999999999995,3.8445
8897,Chicago,08/31/2025,6.8,Indiana,Hammond- 167th St,6.8,6.74764,6.41104,5.22852
8898,Chicago,09/01/2025,7.9,Indiana,Hammond- 167th St,7.9,7.83917,7.44812,6.0743100000000005
8899,Chicago,09/02/2025,8.8,Indiana,Hammond- 167th St,8.8,8.732240000000001,8.29664,6.766320000000001
8900,Chicago,09/03/2025,10.0,Indiana,Hammond- 167th St,10.0,9.923,9.427999999999999,7.689
8901,Chicago,09/04/2025,10.6,Indiana,Hammond- 167th St,10.6,10.518379999999999,9.99368,8.15034
8902,Chicago,09/05/2025,8.1,Indiana,Hammond- 167th St,8.1,8.03763,7.636679999999999,6.22809
8903,Chicago,09/06/2025,4.2,Indiana,Hammond- 167th St,4.2,4.16766,3.95976,3.2293800000000004
8904,Chicago,09/07/2025,5.8,Indiana,Hammond- 167th St,5.8,5.7553399999999995,5.46824,4.45962
8905,Chicago,09/08/2025,4.6,Indiana,Hammond- 167th St,4.6,4.564579999999999,4.33688,3.53694
8906,Chicago,09/09/2025,6.0,Indiana,Hammond- 167th St,6.0,5.953799999999999,5.6568,4.6134
8907,Chicago,09/10/2025,9.8,Indiana,Hammond- 167th St,9.8,9.724540000000001,9.23944,7.535220000000001
8908,Chicago,09/11/2025,11.8,Indiana,Hammond- 167th St,11.8,11.70914,11.12504,9.073020000000001
8909,Chicago,09/12/2025,10.8,Indiana,Hammond- 167th St,10.8,10.71684,10.18224,8.304120000000001
8910,Chicago,09/13/2025,11.8,Indiana,Hammond- 167th St,11.8,11.70914,11.12504,9.073020000000001
8911,Chicago,09/14/2025,13.2,Indiana,Hammond- 167th St,13.2,13.09836,12.444959999999998,10.14948
8912,Chicago,09/15/2025,11.7,Indiana,Hammond- 167th St,11.7,11.60991,11.030759999999999,8.996129999999999
8913,Chicago,09/16/2025,10.6,Indiana,Hammond- 167th St,10.6,10.518379999999999,9.99368,8.15034
8914,Chicago,09/17/2025,12.3,Indiana,Hammond- 167th St,12.3,12.20529,11.596440000000001,9.45747
8915,Chicago,09/18/2025,14.7,Indiana,Hammond- 167th St,14.7,14.586809999999998,13.85916,11.30283
8916,Chicago,09/19/2025,15.5,Indiana,Hammond- 167th St,15.5,15.38065,14.6134,11.917950000000001
8917,Chicago,09/20/2025,12.9,Indiana,Hammond- 167th St,12.9,12.80067,12.16212,9.91881
8918,Chicago,09/21/2025,8.2,Indiana,Hammond- 167th St,8.2,8.136859999999999,7.730959999999999,6.30498
8919,Chicago,09/22/2025,6.8,Indiana,Hammond- 167th St,6.8,6.74764,6.41104,5.22852
8920,Chicago,09/23/2025,7.5,Indiana,Hammond- 167th St,7.5,7.44225,7.071,5.76675
8921,Chicago,09/24/2025,3.5,Indiana,Hammond- 167th St,3.5,3.4730499999999997,3.2998,2.69115
8922,Chicago,09/25/2025,5.0,Indiana,Hammond- 167th St,5.0,4.9615,4.7139999999999995,3.8445
8923,Chicago,09/27/2025,9.5,Indiana,Hammond- 167th St,9.5,9.42685,8.9566,7.30455
8924,Chicago,09/28/2025,11.8,Indiana,Hammond- 167th St,11.8,11.70914,11.12504,9.073020000000001
8925,Chicago,09/29/2025,15.5,Indiana,Hammond- 167th St,15.5,15.38065,14.6134,11.917950000000001
8926,Chicago,09/30/2025,13.6,Indiana,Hammond- 167th St,13.6,13.49528,12.82208,10.45704
8927,Chicago,10/01/2025,7.9,Indiana,Hammond- 167th St,7.9,7.83917,7.44812,6.0743100000000005
8928,Chicago,10/02/2025,8.9,Indiana,Hammond- 167th St,8.9,8.83147,8.39092,6.843210000000001
8929,Chicago,10/03/2025,12.1,Indiana,Hammond- 167th St,12.1,12.006829999999999,11.407879999999999,9.30369
8930,Chicago,10/04/2025,11.9,Indiana,Hammond- 167th St,11.9,11.80837,11.21932,9.14991
8931,Chicago,10/05/2025,8.0,Indiana,Hammond- 167th St,8.0,7.9384,7.5424,6.1512
8932,Chicago,10/06/2025,6.3,Indiana,Hammond- 167th St,6.3,6.2514899999999995,5.93964,4.84407
8933,Chicago,10/07/2025,3.5,Indiana,Hammond- 167th St,3.5,3.4730499999999997,3.2998,2.69115
8934,Chicago,10/08/2025,4.1,Indiana,Hammond- 167th St,4.1,4.068429999999999,3.8654799999999994,3.15249
8935,Chicago,10/09/2025,3.7,Indiana,Hammond- 167th St,3.7,3.67151,3.48836,2.84493
8936,Chicago,10/10/2025,6.2,Indiana,Hammond- 167th St,6.2,6.15226,5.84536,4.767180000000001
8937,Chicago,10/11/2025,4.2,Indiana,Hammond- 167th St,4.2,4.16766,3.95976,3.2293800000000004
8938,Chicago,10/12/2025,5.5,Indiana,Hammond- 167th St,5.5,5.45765,5.1854,4.22895
8939,Chicago,10/13/2025,9.1,Indiana,Hammond- 167th St,9.1,9.029929999999998,8.57948,6.99699
8940,Chicago,10/14/2025,10.0,Indiana,Hammond- 167th St,10.0,9.923,9.427999999999999,7.689
8941,Chicago,10/15/2025,8.0,Indiana,Hammond- 167th St,8.0,7.9384,7.5424,6.1512
8942,Chicago,10/16/2025,5.3,Indiana,Hammond- 167th St,5.3,5.259189999999999,4.99684,4.07517
8943,Chicago,10/17/2025,4.7,Indiana,Hammond- 167th St,4.7,4.66381,4.43116,3.61383
8944,Chicago,10/18/2025,10.4,Indiana,Hammond- 167th St,10.4,10.31992,9.80512,7.996560000000001
8945,Chicago,10/19/2025,3.6,Indiana,Hammond- 167th St,3.6,3.57228,3.3940799999999998,2.76804
8946,Chicago,10/20/2025,3.4,Indiana,Hammond- 167th St,3.4,3.37382,3.20552,2.61426
8947,Chicago,10/21/2025,3.6,Indiana,Hammond- 167th St,3.6,3.57228,3.3940799999999998,2.76804
8948,Chicago,10/22/2025,1.9,Indiana,Hammond- 167th St,1.9,1.8853699999999998,1.7913199999999998,1.46091
8949,Chicago,10/23/2025,3.4,Indiana,Hammond- 167th St,3.4,3.37382,3.20552,2.61426
8950,Chicago,10/24/2025,5.7,Indiana,Hammond- 167th St,5.7,5.65611,5.37396,4.3827300000000005
8951,Chicago,10/25/2025,8.7,Indiana,Hammond- 167th St,8.7,8.633009999999999,8.202359999999999,6.68943
8952,Chicago,10/26/2025,8.6,Indiana,Hammond- 167th St,8.6,8.53378,8.10808,6.61254
8953,Chicago,10/27/2025,5.0,Indiana,Hammond- 167th St,5.0,4.9615,4.7139999999999995,3.8445
8954,Chicago,10/28/2025,5.1,Indiana,Hammond- 167th St,5.1,5.0607299999999995,4.80828,3.9213899999999997
8955,Chicago,10/29/2025,6.0,Indiana,Hammond- 167th St,6.0,5.953799999999999,5.6568,4.6134
8956,Chicago,10/30/2025,4.9,Indiana,Hammond- 167th St,4.9,4.8622700000000005,4.61972,3.7676100000000003
8957,Chicago,10/31/2025,9.3,Indiana,Hammond- 167th St,9.3,9.228390000000001,8.768040000000001,7.1507700000000005
8958,Chicago,11/01/2025,8.3,Indiana,Hammond- 167th St,8.3,8.23609,7.825240000000001,6.381870000000001
8959,Chicago,11/02/2025,7.2,Indiana,Hammond- 167th St,7.2,7.14456,6.7881599999999995,5.53608
8960,Chicago,11/03/2025,4.7,Indiana,Hammond- 167th St,4.7,4.66381,4.43116,3.61383
8961,Chicago,11/04/2025,5.5,Indiana,Hammond- 167th St,5.5,5.45765,5.1854,4.22895
8962,Chicago,11/05/2025,9.1,Indiana,Hammond- 167th St,9.1,9.029929999999998,8.57948,6.99699
8963,Chicago,11/06/2025,6.9,Indiana,Hammond- 167th St,6.9,6.84687,6.50532,5.30541
8964,Chicago,11/07/2025,6.7,Indiana,Hammond- 167th St,6.7,6.64841,6.31676,5.15163
8965,Chicago,11/08/2025,5.1,Indiana,Hammond- 167th St,5.1,5.0607299999999995,4.80828,3.9213899999999997
8966,Chicago,11/09/2025,2.8,Indiana,Hammond- 167th St,2.8,2.77844,2.63984,2.15292
8967,Chicago,11/10/2025,2.5,Indiana,Hammond- 167th St,2.5,2.48075,2.3569999999999998,1.92225
8968,Chicago,11/11/2025,4.6,Indiana,Hammond- 167th St,4.6,4.564579999999999,4.33688,3.53694
8969,Chicago,11/12/2025,4.5,Indiana,Hammond- 167th St,4.5,4.46535,4.2425999999999995,3.4600500000000003
8970,Chicago,11/13/2025,5.1,Indiana,Hammond- 167th St,5.1,5.0607299999999995,4.80828,3.9213899999999997
8971,Chicago,11/14/2025,11.5,Indiana,Hammond- 167th St,11.5,11.41145,10.8422,8.84235
8972,Chicago,11/15/2025,8.0,Indiana,Hammond- 167th St,8.0,7.9384,7.5424,6.1512
8973,Chicago,11/16/2025,3.3,Indiana,Hammond- 167th St,3.3,3.27459,3.1112399999999996,2.53737
8974,Chicago,11/17/2025,7.6,Indiana,Hammond- 167th St,7.6,7.541479999999999,7.165279999999999,5.84364
8975,Chicago,11/18/2025,12.6,Indiana,Hammond- 167th St,12.6,12.502979999999999,11.87928,9.68814
8976,Chicago,11/19/2025,17.7,Indiana,Hammond- 167th St,17.7,17.563709999999997,16.687559999999998,13.60953
8977,Chicago,11/20/2025,19.1,Indiana,Hammond- 167th St,19.1,18.952930000000002,18.00748,14.685990000000002
8978,Chicago,11/21/2025,15.0,Indiana,Hammond- 167th St,15.0,14.8845,14.142,11.5335
8979,Chicago,11/22/2025,9.1,Indiana,Hammond- 167th St,9.1,9.029929999999998,8.57948,6.99699
8980,Chicago,11/23/2025,11.4,Indiana,Hammond- 167th St,11.4,11.31222,10.74792,8.765460000000001
8981,Chicago,11/24/2025,15.5,Indiana,Hammond- 167th St,15.5,15.38065,14.6134,11.917950000000001
8982,Chicago,11/25/2025,12.4,Indiana,Hammond- 167th St,12.4,12.30452,11.69072,9.534360000000001
8983,Chicago,11/26/2025,2.7,Indiana,Hammond- 167th St,2.7,2.67921,2.54556,2.0760300000000003
8984,Chicago,11/27/2025,2.9,Indiana,Hammond- 167th St,2.9,2.8776699999999997,2.73412,2.22981
8985,Chicago,11/28/2025,7.1,Indiana,Hammond- 167th St,7.1,7.045329999999999,6.693879999999999,5.4591899999999995
8986,Chicago,11/29/2025,6.3,Indiana,Hammond- 167th St,6.3,6.2514899999999995,5.93964,4.84407
8987,Chicago,11/30/2025,5.3,Indiana,Hammond- 167th St,5.3,5.259189999999999,4.99684,4.07517
8988,Chicago,12/01/2025,13.5,Indiana,Hammond- 167th St,13.5,13.396049999999999,12.7278,10.38015
8989,Chicago,12/02/2025,17.4,Indiana,Hammond- 167th St,17.4,17.266019999999997,16.404719999999998,13.37886
8990,Chicago,12/03/2025,13.7,Indiana,Hammond- 167th St,13.7,13.594509999999998,12.91636,10.53393
8991,Chicago,12/04/2025,7.7,Indiana,Hammond- 167th St,7.7,7.6407099999999994,7.25956,5.92053
8992,Chicago,12/05/2025,16.2,Indiana,Hammond- 167th St,16.2,16.07526,15.273359999999998,12.45618
8993,Chicago,12/06/2025,18.1,Indiana,Hammond- 167th St,18.1,17.960630000000002,17.06468,13.917090000000002
8994,Chicago,12/07/2025,9.8,Indiana,Hammond- 167th St,9.8,9.724540000000001,9.23944,7.535220000000001
8995,Chicago,12/08/2025,7.1,Indiana,Hammond- 167th St,7.1,7.045329999999999,6.693879999999999,5.4591899999999995
8996,Chicago,12/09/2025,11.1,Indiana,Hammond- 167th St,11.1,11.014529999999999,10.465079999999999,8.53479
8997,Chicago,12/10/2025,5.5,Indiana,Hammond- 167th St,5.5,5.45765,5.1854,4.22895
8998,Chicago,12/11/2025,7.9,Indiana,Hammond- 167th St,7.9,7.83917,7.44812,6.0743100000000005
8999,Chicago,12/12/2025,16.5,Indiana,Hammond- 167th St,16.5,16.37295,15.556199999999999,12.68685
9000,Chicago,12/13/2025,5.7,Indiana,Hammond- 167th St,5.7,5.65611,5.37396,4.3827300000000005
9001,Chicago,12/14/2025,4.2,Indiana,Hammond- 167th St,4.2,4.16766,3.95976,3.2293800000000004
9002,Chicago,12/15/2025,6.6,Indiana,Hammond- 167th St,6.6,6.54918,6.222479999999999,5.07474
9003,Chicago,12/16/2025,10.2,Indiana,Hammond- 167th St,10.2,10.121459999999999,9.61656,7.842779999999999
9004,Chicago,12/17/2025,12.7,Indiana,Hammond- 167th St,12.7,12.60221,11.973559999999999,9.76503
9005,Chicago,12/18/2025,8.7,Indiana,Hammond- 167th St,8.7,8.633009999999999,8.202359999999999,6.68943
9006,Chicago,12/19/2025,4.5,Indiana,Hammond- 167th St,4.5,4.46535,4.2425999999999995,3.4600500000000003
9007,Chicago,12/20/2025,3.8,Indiana,Hammond- 167th St,3.8,3.7707399999999995,3.5826399999999996,2.92182
9008,Chicago,12/21/2025,4.8,Indiana,Hammond- 167th St,4.8,4.763039999999999,4.52544,3.69072
9009,Chicago,12/22/2025,4.6,Indiana,Hammond- 167th St,4.6,4.564579999999999,4.33688,3.53694
9010,Chicago,12/23/2025,13.5,Indiana,Hammond- 167th St,13.5,13.396049999999999,12.7278,10.38015
9011,Chicago,12/24/2025,14.1,Indiana,Hammond- 167th St,14.1,13.99143,13.293479999999999,10.84149
9012,Chicago,12/25/2025,18.7,Indiana,Hammond- 167th St,18.7,18.556009999999997,17.63036,14.37843
9013,Chicago,12/26/2025,11.3,Indiana,Hammond- 167th St,11.3,11.21299,10.653640000000001,8.68857
9014,Chicago,12/27/2025,12.0,Indiana,Hammond- 167th St,12.0,11.907599999999999,11.3136,9.2268
9015,Chicago,12/28/2025,8.3,Indiana,Hammond- 167th St,8.3,8.23609,7.825240000000001,6.381870000000001
9016,Chicago,12/29/2025,3.4,Indiana,Hammond- 167th St,3.4,3.37382,3.20552,2.61426
9017,Chicago,12/30/2025,3.8,Indiana,Hammond- 167th St,3.8,3.7707399999999995,3.5826399999999996,2.92182
9018,Chicago,12/31/2025,5.8,Indiana,Hammond- 167th St,5.8,5.7553399999999995,5.46824,4.45962
9019,Chicago,01/01/2025,5.5,Indiana,Ogden Dunes- Water Treatment Plant,5.5,5.45765,5.1854,4.22895
9020,Chicago,01/02/2025,5.1,Indiana,Ogden Dunes- Water Treatment Plant,5.1,5.0607299999999995,4.80828,3.9213899999999997
9021,Chicago,01/03/2025,4.0,Indiana,Ogden Dunes- Water Treatment Plant,4.0,3.9692,3.7712,3.0756
9022,Chicago,01/04/2025,5.1,Indiana,Ogden Dunes- Water Treatment Plant,5.1,5.0607299999999995,4.80828,3.9213899999999997
9023,Chicago,01/05/2025,5.0,Indiana,Ogden Dunes- Water Treatment Plant,5.0,4.9615,4.7139999999999995,3.8445
9024,Chicago,01/06/2025,3.0,Indiana,Ogden Dunes- Water Treatment Plant,3.0,2.9768999999999997,2.8284,2.3067
9025,Chicago,01/07/2025,4.0,Indiana,Ogden Dunes- Water Treatment Plant,4.0,3.9692,3.7712,3.0756
9026,Chicago,01/08/2025,9.4,Indiana,Ogden Dunes- Water Treatment Plant,9.4,9.32762,8.86232,7.22766
9027,Chicago,01/09/2025,10.6,Indiana,Ogden Dunes- Water Treatment Plant,10.6,10.518379999999999,9.99368,8.15034
9028,Chicago,01/10/2025,17.9,Indiana,Ogden Dunes- Water Treatment Plant,17.9,17.762169999999998,16.876119999999997,13.763309999999999
9029,Chicago,01/11/2025,10.9,Indiana,Ogden Dunes- Water Treatment Plant,10.9,10.81607,10.27652,8.38101
9030,Chicago,01/12/2025,9.1,Indiana,Ogden Dunes- Water Treatment Plant,9.1,9.029929999999998,8.57948,6.99699
9031,Chicago,01/13/2025,4.1,Indiana,Ogden Dunes- Water Treatment Plant,4.1,4.068429999999999,3.8654799999999994,3.15249
9032,Chicago,01/16/2025,10.3,Indiana,Ogden Dunes- Water Treatment Plant,10.3,10.220690000000001,9.710840000000001,7.919670000000001
9033,Chicago,01/17/2025,6.1,Indiana,Ogden Dunes- Water Treatment Plant,6.1,6.05303,5.751079999999999,4.69029
9034,Chicago,01/18/2025,3.2,Indiana,Ogden Dunes- Water Treatment Plant,3.2,3.17536,3.01696,2.4604800000000004
9035,Chicago,01/19/2025,4.2,Indiana,Ogden Dunes- Water Treatment Plant,4.2,4.16766,3.95976,3.2293800000000004
9036,Chicago,01/20/2025,5.7,Indiana,Ogden Dunes- Water Treatment Plant,5.7,5.65611,5.37396,4.3827300000000005
9037,Chicago,01/21/2025,5.1,Indiana,Ogden Dunes- Water Treatment Plant,5.1,5.0607299999999995,4.80828,3.9213899999999997
9038,Chicago,01/22/2025,5.4,Indiana,Ogden Dunes- Water Treatment Plant,5.4,5.35842,5.09112,4.1520600000000005
9039,Chicago,01/23/2025,8.4,Indiana,Ogden Dunes- Water Treatment Plant,8.4,8.33532,7.91952,6.458760000000001
9040,Chicago,01/24/2025,9.0,Indiana,Ogden Dunes- Water Treatment Plant,9.0,8.9307,8.485199999999999,6.920100000000001
9041,Chicago,01/25/2025,5.8,Indiana,Ogden Dunes- Water Treatment Plant,5.8,5.7553399999999995,5.46824,4.45962
9042,Chicago,01/26/2025,4.7,Indiana,Ogden Dunes- Water Treatment Plant,4.7,4.66381,4.43116,3.61383
9043,Chicago,01/27/2025,4.1,Indiana,Ogden Dunes- Water Treatment Plant,4.1,4.068429999999999,3.8654799999999994,3.15249
9044,Chicago,01/28/2025,4.8,Indiana,Ogden Dunes- Water Treatment Plant,4.8,4.763039999999999,4.52544,3.69072
9045,Chicago,01/29/2025,5.5,Indiana,Ogden Dunes- Water Treatment Plant,5.5,5.45765,5.1854,4.22895
9046,Chicago,01/30/2025,6.0,Indiana,Ogden Dunes- Water Treatment Plant,6.0,5.953799999999999,5.6568,4.6134
9047,Chicago,01/31/2025,8.2,Indiana,Ogden Dunes- Water Treatment Plant,8.2,8.136859999999999,7.730959999999999,6.30498
9048,Chicago,02/01/2025,1.3,Indiana,Ogden Dunes- Water Treatment Plant,1.3,1.28999,1.22564,0.9995700000000001
9049,Chicago,02/02/2025,8.8,Indiana,Ogden Dunes- Water Treatment Plant,8.8,8.732240000000001,8.29664,6.766320000000001
9050,Chicago,02/03/2025,9.9,Indiana,Ogden Dunes- Water Treatment Plant,9.9,9.82377,9.33372,7.61211
9051,Chicago,02/04/2025,2.7,Indiana,Ogden Dunes- Water Treatment Plant,2.7,2.67921,2.54556,2.0760300000000003
9052,Chicago,02/05/2025,5.9,Indiana,Ogden Dunes- Water Treatment Plant,5.9,5.85457,5.56252,4.536510000000001
9053,Chicago,02/06/2025,6.5,Indiana,Ogden Dunes- Water Treatment Plant,6.5,6.449949999999999,6.1282,4.997850000000001
9054,Chicago,02/07/2025,6.1,Indiana,Ogden Dunes- Water Treatment Plant,6.1,6.05303,5.751079999999999,4.69029
9055,Chicago,02/08/2025,8.0,Indiana,Ogden Dunes- Water Treatment Plant,8.0,7.9384,7.5424,6.1512
9056,Chicago,02/09/2025,7.7,Indiana,Ogden Dunes- Water Treatment Plant,7.7,7.6407099999999994,7.25956,5.92053
9057,Chicago,02/10/2025,6.7,Indiana,Ogden Dunes- Water Treatment Plant,6.7,6.64841,6.31676,5.15163
9058,Chicago,02/11/2025,6.6,Indiana,Ogden Dunes- Water Treatment Plant,6.6,6.54918,6.222479999999999,5.07474
9059,Chicago,02/12/2025,13.0,Indiana,Ogden Dunes- Water Treatment Plant,13.0,12.899899999999999,12.2564,9.995700000000001
9060,Chicago,02/13/2025,8.0,Indiana,Ogden Dunes- Water Treatment Plant,8.0,7.9384,7.5424,6.1512
9061,Chicago,02/14/2025,10.2,Indiana,Ogden Dunes- Water Treatment Plant,10.2,10.121459999999999,9.61656,7.842779999999999
9062,Chicago,02/15/2025,8.6,Indiana,Ogden Dunes- Water Treatment Plant,8.6,8.53378,8.10808,6.61254
9063,Chicago,02/16/2025,6.1,Indiana,Ogden Dunes- Water Treatment Plant,6.1,6.05303,5.751079999999999,4.69029
9064,Chicago,02/17/2025,7.6,Indiana,Ogden Dunes- Water Treatment Plant,7.6,7.541479999999999,7.165279999999999,5.84364
9065,Chicago,02/18/2025,5.9,Indiana,Ogden Dunes- Water Treatment Plant,5.9,5.85457,5.56252,4.536510000000001
9066,Chicago,02/19/2025,8.0,Indiana,Ogden Dunes- Water Treatment Plant,8.0,7.9384,7.5424,6.1512
9067,Chicago,02/20/2025,11.7,Indiana,Ogden Dunes- Water Treatment Plant,11.7,11.60991,11.030759999999999,8.996129999999999
9068,Chicago,02/21/2025,11.3,Indiana,Ogden Dunes- Water Treatment Plant,11.3,11.21299,10.653640000000001,8.68857
9069,Chicago,02/22/2025,9.9,Indiana,Ogden Dunes- Water Treatment Plant,9.9,9.82377,9.33372,7.61211
9070,Chicago,02/23/2025,11.1,Indiana,Ogden Dunes- Water Treatment Plant,11.1,11.014529999999999,10.465079999999999,8.53479
9071,Chicago,02/24/2025,9.8,Indiana,Ogden Dunes- Water Treatment Plant,9.8,9.724540000000001,9.23944,7.535220000000001
9072,Chicago,02/25/2025,10.1,Indiana,Ogden Dunes- Water Treatment Plant,10.1,10.022229999999999,9.522279999999999,7.76589
9073,Chicago,02/26/2025,9.1,Indiana,Ogden Dunes- Water Treatment Plant,9.1,9.029929999999998,8.57948,6.99699
9074,Chicago,02/27/2025,9.0,Indiana,Ogden Dunes- Water Treatment Plant,9.0,8.9307,8.485199999999999,6.920100000000001
9075,Chicago,02/28/2025,4.6,Indiana,Ogden Dunes- Water Treatment Plant,4.6,4.564579999999999,4.33688,3.53694
9076,Chicago,03/01/2025,3.6,Indiana,Ogden Dunes- Water Treatment Plant,3.6,3.57228,3.3940799999999998,2.76804
9077,Chicago,03/02/2025,10.5,Indiana,Ogden Dunes- Water Treatment Plant,10.5,10.41915,9.8994,8.073450000000001
9078,Chicago,03/03/2025,7.3,Indiana,Ogden Dunes- Water Treatment Plant,7.3,7.24379,6.88244,5.61297
9079,Chicago,03/04/2025,7.2,Indiana,Ogden Dunes- Water Treatment Plant,7.2,7.14456,6.7881599999999995,5.53608
9080,Chicago,03/05/2025,4.3,Indiana,Ogden Dunes- Water Treatment Plant,4.3,4.26689,4.05404,3.30627
9081,Chicago,03/06/2025,3.5,Indiana,Ogden Dunes- Water Treatment Plant,3.5,3.4730499999999997,3.2998,2.69115
9082,Chicago,03/07/2025,5.8,Indiana,Ogden Dunes- Water Treatment Plant,5.8,5.7553399999999995,5.46824,4.45962
9083,Chicago,03/08/2025,5.6,Indiana,Ogden Dunes- Water Treatment Plant,5.6,5.55688,5.27968,4.30584
9084,Chicago,03/09/2025,5.3,Indiana,Ogden Dunes- Water Treatment Plant,5.3,5.259189999999999,4.99684,4.07517
9085,Chicago,03/10/2025,5.3,Indiana,Ogden Dunes- Water Treatment Plant,5.3,5.259189999999999,4.99684,4.07517
9086,Chicago,03/11/2025,5.6,Indiana,Ogden Dunes- Water Treatment Plant,5.6,5.55688,5.27968,4.30584
9087,Chicago,03/12/2025,3.3,Indiana,Ogden Dunes- Water Treatment Plant,3.3,3.27459,3.1112399999999996,2.53737
9088,Chicago,03/13/2025,9.0,Indiana,Ogden Dunes- Water Treatment Plant,9.0,8.9307,8.485199999999999,6.920100000000001
9089,Chicago,03/14/2025,10.5,Indiana,Ogden Dunes- Water Treatment Plant,10.5,10.41915,9.8994,8.073450000000001
9090,Chicago,03/15/2025,37.4,Indiana,Ogden Dunes- Water Treatment Plant,37.4,37.112019999999994,35.26072,28.75686
9091,Chicago,03/16/2025,4.7,Indiana,Ogden Dunes- Water Treatment Plant,4.7,4.66381,4.43116,3.61383
9092,Chicago,03/17/2025,5.1,Indiana,Ogden Dunes- Water Treatment Plant,5.1,5.0607299999999995,4.80828,3.9213899999999997
9093,Chicago,03/18/2025,5.4,Indiana,Ogden Dunes- Water Treatment Plant,5.4,5.35842,5.09112,4.1520600000000005
9094,Chicago,03/19/2025,5.8,Indiana,Ogden Dunes- Water Treatment Plant,5.8,5.7553399999999995,5.46824,4.45962
9095,Chicago,03/21/2025,2.5,Indiana,Ogden Dunes- Water Treatment Plant,2.5,2.48075,2.3569999999999998,1.92225
9096,Chicago,03/22/2025,5.0,Indiana,Ogden Dunes- Water Treatment Plant,5.0,4.9615,4.7139999999999995,3.8445
9097,Chicago,03/23/2025,5.9,Indiana,Ogden Dunes- Water Treatment Plant,5.9,5.85457,5.56252,4.536510000000001
9098,Chicago,03/24/2025,6.0,Indiana,Ogden Dunes- Water Treatment Plant,6.0,5.953799999999999,5.6568,4.6134
9099,Chicago,03/29/2025,8.0,Indiana,Ogden Dunes- Water Treatment Plant,8.0,7.9384,7.5424,6.1512
9100,Chicago,03/30/2025,5.1,Indiana,Ogden Dunes- Water Treatment Plant,5.1,5.0607299999999995,4.80828,3.9213899999999997
9101,Chicago,03/31/2025,2.7,Indiana,Ogden Dunes- Water Treatment Plant,2.7,2.67921,2.54556,2.0760300000000003
9102,Chicago,04/01/2025,2.8,Indiana,Ogden Dunes- Water Treatment Plant,2.8,2.77844,2.63984,2.15292
9103,Chicago,04/02/2025,7.6,Indiana,Ogden Dunes- Water Treatment Plant,7.6,7.541479999999999,7.165279999999999,5.84364
9104,Chicago,04/03/2025,4.0,Indiana,Ogden Dunes- Water Treatment Plant,4.0,3.9692,3.7712,3.0756
9105,Chicago,04/04/2025,7.1,Indiana,Ogden Dunes- Water Treatment Plant,7.1,7.045329999999999,6.693879999999999,5.4591899999999995
9106,Chicago,04/05/2025,2.4,Indiana,Ogden Dunes- Water Treatment Plant,2.4,2.3815199999999996,2.26272,1.84536
9107,Chicago,04/06/2025,4.0,Indiana,Ogden Dunes- Water Treatment Plant,4.0,3.9692,3.7712,3.0756
9108,Chicago,04/07/2025,3.3,Indiana,Ogden Dunes- Water Treatment Plant,3.3,3.27459,3.1112399999999996,2.53737
9109,Chicago,04/08/2025,3.8,Indiana,Ogden Dunes- Water Treatment Plant,3.8,3.7707399999999995,3.5826399999999996,2.92182
9110,Chicago,04/09/2025,4.9,Indiana,Ogden Dunes- Water Treatment Plant,4.9,4.8622700000000005,4.61972,3.7676100000000003
9111,Chicago,04/10/2025,8.7,Indiana,Ogden Dunes- Water Treatment Plant,8.7,8.633009999999999,8.202359999999999,6.68943
9112,Chicago,04/11/2025,7.7,Indiana,Ogden Dunes- Water Treatment Plant,7.7,7.6407099999999994,7.25956,5.92053
9113,Chicago,04/12/2025,13.9,Indiana,Ogden Dunes- Water Treatment Plant,13.9,13.79297,13.10492,10.687710000000001
9114,Chicago,04/13/2025,7.6,Indiana,Ogden Dunes- Water Treatment Plant,7.6,7.541479999999999,7.165279999999999,5.84364
9115,Chicago,04/14/2025,6.0,Indiana,Ogden Dunes- Water Treatment Plant,6.0,5.953799999999999,5.6568,4.6134
9116,Chicago,04/15/2025,3.3,Indiana,Ogden Dunes- Water Treatment Plant,3.3,3.27459,3.1112399999999996,2.53737
9117,Chicago,04/16/2025,2.9,Indiana,Ogden Dunes- Water Treatment Plant,2.9,2.8776699999999997,2.73412,2.22981
9118,Chicago,04/17/2025,5.6,Indiana,Ogden Dunes- Water Treatment Plant,5.6,5.55688,5.27968,4.30584
9119,Chicago,04/18/2025,11.9,Indiana,Ogden Dunes- Water Treatment Plant,11.9,11.80837,11.21932,9.14991
9120,Chicago,04/19/2025,7.8,Indiana,Ogden Dunes- Water Treatment Plant,7.8,7.73994,7.35384,5.99742
9121,Chicago,04/20/2025,5.3,Indiana,Ogden Dunes- Water Treatment Plant,5.3,5.259189999999999,4.99684,4.07517
9122,Chicago,04/21/2025,4.3,Indiana,Ogden Dunes- Water Treatment Plant,4.3,4.26689,4.05404,3.30627
9123,Chicago,04/22/2025,5.5,Indiana,Ogden Dunes- Water Treatment Plant,5.5,5.45765,5.1854,4.22895
9124,Chicago,04/23/2025,7.6,Indiana,Ogden Dunes- Water Treatment Plant,7.6,7.541479999999999,7.165279999999999,5.84364
9125,Chicago,04/24/2025,10.6,Indiana,Ogden Dunes- Water Treatment Plant,10.6,10.518379999999999,9.99368,8.15034
9126,Chicago,04/25/2025,3.0,Indiana,Ogden Dunes- Water Treatment Plant,3.0,2.9768999999999997,2.8284,2.3067
9127,Chicago,04/26/2025,1.6,Indiana,Ogden Dunes- Water Treatment Plant,1.6,1.58768,1.50848,1.2302400000000002
9128,Chicago,04/27/2025,3.3,Indiana,Ogden Dunes- Water Treatment Plant,3.3,3.27459,3.1112399999999996,2.53737
9129,Chicago,04/28/2025,5.4,Indiana,Ogden Dunes- Water Treatment Plant,5.4,5.35842,5.09112,4.1520600000000005
9130,Chicago,04/29/2025,5.4,Indiana,Ogden Dunes- Water Treatment Plant,5.4,5.35842,5.09112,4.1520600000000005
9131,Chicago,04/30/2025,3.2,Indiana,Ogden Dunes- Water Treatment Plant,3.2,3.17536,3.01696,2.4604800000000004
9132,Chicago,05/01/2025,5.3,Indiana,Ogden Dunes- Water Treatment Plant,5.3,5.259189999999999,4.99684,4.07517
9133,Chicago,05/02/2025,3.6,Indiana,Ogden Dunes- Water Treatment Plant,3.6,3.57228,3.3940799999999998,2.76804
9134,Chicago,05/03/2025,2.7,Indiana,Ogden Dunes- Water Treatment Plant,2.7,2.67921,2.54556,2.0760300000000003
9135,Chicago,05/04/2025,3.9,Indiana,Ogden Dunes- Water Treatment Plant,3.9,3.86997,3.67692,2.99871
9136,Chicago,05/05/2025,4.1,Indiana,Ogden Dunes- Water Treatment Plant,4.1,4.068429999999999,3.8654799999999994,3.15249
9137,Chicago,05/06/2025,8.1,Indiana,Ogden Dunes- Water Treatment Plant,8.1,8.03763,7.636679999999999,6.22809
9138,Chicago,05/07/2025,7.4,Indiana,Ogden Dunes- Water Treatment Plant,7.4,7.34302,6.97672,5.68986
9139,Chicago,05/08/2025,2.9,Indiana,Ogden Dunes- Water Treatment Plant,2.9,2.8776699999999997,2.73412,2.22981
9140,Chicago,05/09/2025,8.9,Indiana,Ogden Dunes- Water Treatment Plant,8.9,8.83147,8.39092,6.843210000000001
9141,Chicago,05/10/2025,6.5,Indiana,Ogden Dunes- Water Treatment Plant,6.5,6.449949999999999,6.1282,4.997850000000001
9142,Chicago,05/11/2025,4.0,Indiana,Ogden Dunes- Water Treatment Plant,4.0,3.9692,3.7712,3.0756
9143,Chicago,05/12/2025,6.5,Indiana,Ogden Dunes- Water Treatment Plant,6.5,6.449949999999999,6.1282,4.997850000000001
9144,Chicago,05/13/2025,7.8,Indiana,Ogden Dunes- Water Treatment Plant,7.8,7.73994,7.35384,5.99742
9145,Chicago,05/14/2025,8.2,Indiana,Ogden Dunes- Water Treatment Plant,8.2,8.136859999999999,7.730959999999999,6.30498
9146,Chicago,05/15/2025,11.1,Indiana,Ogden Dunes- Water Treatment Plant,11.1,11.014529999999999,10.465079999999999,8.53479
9147,Chicago,05/19/2025,1.9,Indiana,Ogden Dunes- Water Treatment Plant,1.9,1.8853699999999998,1.7913199999999998,1.46091
9148,Chicago,05/20/2025,4.9,Indiana,Ogden Dunes- Water Treatment Plant,4.9,4.8622700000000005,4.61972,3.7676100000000003
9149,Chicago,05/21/2025,3.8,Indiana,Ogden Dunes- Water Treatment Plant,3.8,3.7707399999999995,3.5826399999999996,2.92182
9150,Chicago,05/22/2025,2.4,Indiana,Ogden Dunes- Water Treatment Plant,2.4,2.3815199999999996,2.26272,1.84536
9151,Chicago,05/23/2025,3.4,Indiana,Ogden Dunes- Water Treatment Plant,3.4,3.37382,3.20552,2.61426
9152,Chicago,05/24/2025,6.0,Indiana,Ogden Dunes- Water Treatment Plant,6.0,5.953799999999999,5.6568,4.6134
9153,Chicago,05/25/2025,4.4,Indiana,Ogden Dunes- Water Treatment Plant,4.4,4.3661200000000004,4.14832,3.3831600000000006
9154,Chicago,05/26/2025,3.6,Indiana,Ogden Dunes- Water Treatment Plant,3.6,3.57228,3.3940799999999998,2.76804
9155,Chicago,05/27/2025,8.5,Indiana,Ogden Dunes- Water Treatment Plant,8.5,8.43455,8.0138,6.53565
9156,Chicago,05/28/2025,7.1,Indiana,Ogden Dunes- Water Treatment Plant,7.1,7.045329999999999,6.693879999999999,5.4591899999999995
9157,Chicago,05/29/2025,11.5,Indiana,Ogden Dunes- Water Treatment Plant,11.5,11.41145,10.8422,8.84235
9158,Chicago,05/30/2025,11.9,Indiana,Ogden Dunes- Water Treatment Plant,11.9,11.80837,11.21932,9.14991
9159,Chicago,05/31/2025,7.7,Indiana,Ogden Dunes- Water Treatment Plant,7.7,7.6407099999999994,7.25956,5.92053
9160,Chicago,06/01/2025,11.0,Indiana,Ogden Dunes- Water Treatment Plant,11.0,10.9153,10.3708,8.4579
9161,Chicago,06/02/2025,8.3,Indiana,Ogden Dunes- Water Treatment Plant,8.3,8.23609,7.825240000000001,6.381870000000001
9162,Chicago,06/03/2025,13.9,Indiana,Ogden Dunes- Water Treatment Plant,13.9,13.79297,13.10492,10.687710000000001
9163,Chicago,06/04/2025,34.3,Indiana,Ogden Dunes- Water Treatment Plant,34.3,34.035889999999995,32.33804,26.373269999999998
9164,Chicago,06/05/2025,42.7,Indiana,Ogden Dunes- Water Treatment Plant,42.7,42.37121,40.25756,32.83203
9165,Chicago,06/06/2025,25.1,Indiana,Ogden Dunes- Water Treatment Plant,25.1,24.90673,23.66428,19.299390000000002
9166,Chicago,06/07/2025,19.7,Indiana,Ogden Dunes- Water Treatment Plant,19.7,19.548309999999997,18.573159999999998,15.14733
9167,Chicago,06/08/2025,19.4,Indiana,Ogden Dunes- Water Treatment Plant,19.4,19.250619999999998,18.290319999999998,14.91666
9168,Chicago,06/09/2025,16.2,Indiana,Ogden Dunes- Water Treatment Plant,16.2,16.07526,15.273359999999998,12.45618
9169,Chicago,06/10/2025,13.8,Indiana,Ogden Dunes- Water Treatment Plant,13.8,13.69374,13.01064,10.61082
9170,Chicago,06/11/2025,17.3,Indiana,Ogden Dunes- Water Treatment Plant,17.3,17.16679,16.31044,13.30197
9171,Chicago,06/12/2025,22.8,Indiana,Ogden Dunes- Water Treatment Plant,22.8,22.62444,21.49584,17.530920000000002
9172,Chicago,06/13/2025,21.6,Indiana,Ogden Dunes- Water Treatment Plant,21.6,21.43368,20.36448,16.608240000000002
9173,Chicago,06/14/2025,13.2,Indiana,Ogden Dunes- Water Treatment Plant,13.2,13.09836,12.444959999999998,10.14948
9174,Chicago,06/15/2025,9.5,Indiana,Ogden Dunes- Water Treatment Plant,9.5,9.42685,8.9566,7.30455
9175,Chicago,06/16/2025,15.0,Indiana,Ogden Dunes- Water Treatment Plant,15.0,14.8845,14.142,11.5335
9176,Chicago,06/17/2025,7.4,Indiana,Ogden Dunes- Water Treatment Plant,7.4,7.34302,6.97672,5.68986
9177,Chicago,06/18/2025,7.0,Indiana,Ogden Dunes- Water Treatment Plant,7.0,6.9460999999999995,6.5996,5.3823
9178,Chicago,06/19/2025,7.2,Indiana,Ogden Dunes- Water Treatment Plant,7.2,7.14456,6.7881599999999995,5.53608
9179,Chicago,06/20/2025,6.5,Indiana,Ogden Dunes- Water Treatment Plant,6.5,6.449949999999999,6.1282,4.997850000000001
9180,Chicago,06/21/2025,9.5,Indiana,Ogden Dunes- Water Treatment Plant,9.5,9.42685,8.9566,7.30455
9181,Chicago,06/22/2025,12.4,Indiana,Ogden Dunes- Water Treatment Plant,12.4,12.30452,11.69072,9.534360000000001
9182,Chicago,06/23/2025,13.1,Indiana,Ogden Dunes- Water Treatment Plant,13.1,12.99913,12.350679999999999,10.07259
9183,Chicago,06/24/2025,8.6,Indiana,Ogden Dunes- Water Treatment Plant,8.6,8.53378,8.10808,6.61254
9184,Chicago,06/25/2025,5.1,Indiana,Ogden Dunes- Water Treatment Plant,5.1,5.0607299999999995,4.80828,3.9213899999999997
9185,Chicago,06/26/2025,8.5,Indiana,Ogden Dunes- Water Treatment Plant,8.5,8.43455,8.0138,6.53565
9186,Chicago,06/27/2025,6.5,Indiana,Ogden Dunes- Water Treatment Plant,6.5,6.449949999999999,6.1282,4.997850000000001
9187,Chicago,06/28/2025,2.7,Indiana,Ogden Dunes- Water Treatment Plant,2.7,2.67921,2.54556,2.0760300000000003
9188,Chicago,06/29/2025,7.2,Indiana,Ogden Dunes- Water Treatment Plant,7.2,7.14456,6.7881599999999995,5.53608
9189,Chicago,06/30/2025,6.2,Indiana,Ogden Dunes- Water Treatment Plant,6.2,6.15226,5.84536,4.767180000000001
9190,Chicago,07/01/2025,8.3,Indiana,Ogden Dunes- Water Treatment Plant,8.3,8.23609,7.825240000000001,6.381870000000001
9191,Chicago,07/02/2025,14.2,Indiana,Ogden Dunes- Water Treatment Plant,14.2,14.090659999999998,13.387759999999998,10.918379999999999
9192,Chicago,07/03/2025,18.8,Indiana,Ogden Dunes- Water Treatment Plant,18.8,18.65524,17.72464,14.45532
9193,Chicago,07/04/2025,28.5,Indiana,Ogden Dunes- Water Treatment Plant,28.5,28.280549999999998,26.869799999999998,21.91365
9194,Chicago,07/05/2025,19.5,Indiana,Ogden Dunes- Water Treatment Plant,19.5,19.34985,18.3846,14.99355
9195,Chicago,07/06/2025,9.5,Indiana,Ogden Dunes- Water Treatment Plant,9.5,9.42685,8.9566,7.30455
9196,Chicago,07/07/2025,13.1,Indiana,Ogden Dunes- Water Treatment Plant,13.1,12.99913,12.350679999999999,10.07259
9197,Chicago,07/08/2025,19.5,Indiana,Ogden Dunes- Water Treatment Plant,19.5,19.34985,18.3846,14.99355
9198,Chicago,07/09/2025,10.1,Indiana,Ogden Dunes- Water Treatment Plant,10.1,10.022229999999999,9.522279999999999,7.76589
9199,Chicago,07/10/2025,9.4,Indiana,Ogden Dunes- Water Treatment Plant,9.4,9.32762,8.86232,7.22766
9200,Chicago,07/11/2025,10.0,Indiana,Ogden Dunes- Water Treatment Plant,10.0,9.923,9.427999999999999,7.689
9201,Chicago,07/12/2025,7.4,Indiana,Ogden Dunes- Water Treatment Plant,7.4,7.34302,6.97672,5.68986
9202,Chicago,07/13/2025,17.3,Indiana,Ogden Dunes- Water Treatment Plant,17.3,17.16679,16.31044,13.30197
9203,Chicago,07/14/2025,34.0,Indiana,Ogden Dunes- Water Treatment Plant,34.0,33.7382,32.0552,26.1426
9204,Chicago,07/15/2025,21.5,Indiana,Ogden Dunes- Water Treatment Plant,21.5,21.33445,20.2702,16.53135
9205,Chicago,07/16/2025,8.1,Indiana,Ogden Dunes- Water Treatment Plant,8.1,8.03763,7.636679999999999,6.22809
9206,Chicago,07/17/2025,2.9,Indiana,Ogden Dunes- Water Treatment Plant,2.9,2.8776699999999997,2.73412,2.22981
9207,Chicago,07/18/2025,7.6,Indiana,Ogden Dunes- Water Treatment Plant,7.6,7.541479999999999,7.165279999999999,5.84364
9208,Chicago,07/19/2025,7.9,Indiana,Ogden Dunes- Water Treatment Plant,7.9,7.83917,7.44812,6.0743100000000005
9209,Chicago,07/20/2025,7.4,Indiana,Ogden Dunes- Water Treatment Plant,7.4,7.34302,6.97672,5.68986
9210,Chicago,07/21/2025,19.5,Indiana,Ogden Dunes- Water Treatment Plant,19.5,19.34985,18.3846,14.99355
9211,Chicago,07/22/2025,19.7,Indiana,Ogden Dunes- Water Treatment Plant,19.7,19.548309999999997,18.573159999999998,15.14733
9212,Chicago,07/23/2025,16.7,Indiana,Ogden Dunes- Water Treatment Plant,16.7,16.57141,15.74476,12.840629999999999
9213,Chicago,07/24/2025,12.5,Indiana,Ogden Dunes- Water Treatment Plant,12.5,12.403749999999999,11.785,9.61125
9214,Chicago,07/25/2025,7.9,Indiana,Ogden Dunes- Water Treatment Plant,7.9,7.83917,7.44812,6.0743100000000005
9215,Chicago,07/26/2025,6.1,Indiana,Ogden Dunes- Water Treatment Plant,6.1,6.05303,5.751079999999999,4.69029
9216,Chicago,07/27/2025,8.3,Indiana,Ogden Dunes- Water Treatment Plant,8.3,8.23609,7.825240000000001,6.381870000000001
9217,Chicago,07/28/2025,10.0,Indiana,Ogden Dunes- Water Treatment Plant,10.0,9.923,9.427999999999999,7.689
9218,Chicago,07/29/2025,9.7,Indiana,Ogden Dunes- Water Treatment Plant,9.7,9.625309999999999,9.145159999999999,7.45833
9219,Chicago,07/30/2025,14.0,Indiana,Ogden Dunes- Water Treatment Plant,14.0,13.892199999999999,13.1992,10.7646
9220,Chicago,07/31/2025,47.0,Indiana,Ogden Dunes- Water Treatment Plant,47.0,46.6381,44.3116,36.1383
9221,Chicago,08/01/2025,37.6,Indiana,Ogden Dunes- Water Treatment Plant,37.6,37.31048,35.44928,28.91064
9222,Chicago,08/02/2025,25.3,Indiana,Ogden Dunes- Water Treatment Plant,25.3,25.10519,23.85284,19.45317
9223,Chicago,08/03/2025,26.4,Indiana,Ogden Dunes- Water Treatment Plant,26.4,26.19672,24.889919999999996,20.29896
9224,Chicago,08/04/2025,15.0,Indiana,Ogden Dunes- Water Treatment Plant,15.0,14.8845,14.142,11.5335
9225,Chicago,08/05/2025,32.3,Indiana,Ogden Dunes- Water Treatment Plant,32.3,32.051289999999995,30.452439999999996,24.835469999999997
9226,Chicago,08/06/2025,24.1,Indiana,Ogden Dunes- Water Treatment Plant,24.1,23.91443,22.72148,18.53049
9227,Chicago,08/07/2025,13.7,Indiana,Ogden Dunes- Water Treatment Plant,13.7,13.594509999999998,12.91636,10.53393
9228,Chicago,08/08/2025,13.5,Indiana,Ogden Dunes- Water Treatment Plant,13.5,13.396049999999999,12.7278,10.38015
9229,Chicago,08/09/2025,13.0,Indiana,Ogden Dunes- Water Treatment Plant,13.0,12.899899999999999,12.2564,9.995700000000001
9230,Chicago,08/10/2025,10.5,Indiana,Ogden Dunes- Water Treatment Plant,10.5,10.41915,9.8994,8.073450000000001
9231,Chicago,08/11/2025,9.5,Indiana,Ogden Dunes- Water Treatment Plant,9.5,9.42685,8.9566,7.30455
9232,Chicago,08/12/2025,10.3,Indiana,Ogden Dunes- Water Treatment Plant,10.3,10.220690000000001,9.710840000000001,7.919670000000001
9233,Chicago,08/13/2025,11.5,Indiana,Ogden Dunes- Water Treatment Plant,11.5,11.41145,10.8422,8.84235
9234,Chicago,08/14/2025,19.8,Indiana,Ogden Dunes- Water Treatment Plant,19.8,19.64754,18.66744,15.22422
9235,Chicago,08/15/2025,17.3,Indiana,Ogden Dunes- Water Treatment Plant,17.3,17.16679,16.31044,13.30197
9236,Chicago,08/16/2025,12.5,Indiana,Ogden Dunes- Water Treatment Plant,12.5,12.403749999999999,11.785,9.61125
9237,Chicago,08/17/2025,6.0,Indiana,Ogden Dunes- Water Treatment Plant,6.0,5.953799999999999,5.6568,4.6134
9238,Chicago,08/18/2025,7.9,Indiana,Ogden Dunes- Water Treatment Plant,7.9,7.83917,7.44812,6.0743100000000005
9239,Chicago,08/22/2025,6.0,Indiana,Ogden Dunes- Water Treatment Plant,6.0,5.953799999999999,5.6568,4.6134
9240,Chicago,08/23/2025,5.3,Indiana,Ogden Dunes- Water Treatment Plant,5.3,5.259189999999999,4.99684,4.07517
9241,Chicago,08/24/2025,4.2,Indiana,Ogden Dunes- Water Treatment Plant,4.2,4.16766,3.95976,3.2293800000000004
9242,Chicago,08/25/2025,2.6,Indiana,Ogden Dunes- Water Treatment Plant,2.6,2.57998,2.45128,1.9991400000000001
9243,Chicago,08/26/2025,5.8,Indiana,Ogden Dunes- Water Treatment Plant,5.8,5.7553399999999995,5.46824,4.45962
9244,Chicago,08/27/2025,5.7,Indiana,Ogden Dunes- Water Treatment Plant,5.7,5.65611,5.37396,4.3827300000000005
9245,Chicago,08/28/2025,4.8,Indiana,Ogden Dunes- Water Treatment Plant,4.8,4.763039999999999,4.52544,3.69072
9246,Chicago,08/29/2025,2.9,Indiana,Ogden Dunes- Water Treatment Plant,2.9,2.8776699999999997,2.73412,2.22981
9247,Chicago,08/30/2025,5.1,Indiana,Ogden Dunes- Water Treatment Plant,5.1,5.0607299999999995,4.80828,3.9213899999999997
9248,Chicago,08/31/2025,5.3,Indiana,Ogden Dunes- Water Treatment Plant,5.3,5.259189999999999,4.99684,4.07517
9249,Chicago,09/01/2025,4.9,Indiana,Ogden Dunes- Water Treatment Plant,4.9,4.8622700000000005,4.61972,3.7676100000000003
9250,Chicago,09/02/2025,7.5,Indiana,Ogden Dunes- Water Treatment Plant,7.5,7.44225,7.071,5.76675
9251,Chicago,09/03/2025,10.0,Indiana,Ogden Dunes- Water Treatment Plant,10.0,9.923,9.427999999999999,7.689
9252,Chicago,09/04/2025,9.1,Indiana,Ogden Dunes- Water Treatment Plant,9.1,9.029929999999998,8.57948,6.99699
9253,Chicago,09/05/2025,8.0,Indiana,Ogden Dunes- Water Treatment Plant,8.0,7.9384,7.5424,6.1512
9254,Chicago,09/06/2025,3.7,Indiana,Ogden Dunes- Water Treatment Plant,3.7,3.67151,3.48836,2.84493
9255,Chicago,09/07/2025,5.0,Indiana,Ogden Dunes- Water Treatment Plant,5.0,4.9615,4.7139999999999995,3.8445
9256,Chicago,09/08/2025,4.3,Indiana,Ogden Dunes- Water Treatment Plant,4.3,4.26689,4.05404,3.30627
9257,Chicago,09/09/2025,5.4,Indiana,Ogden Dunes- Water Treatment Plant,5.4,5.35842,5.09112,4.1520600000000005
9258,Chicago,09/10/2025,8.5,Indiana,Ogden Dunes- Water Treatment Plant,8.5,8.43455,8.0138,6.53565
9259,Chicago,09/11/2025,8.7,Indiana,Ogden Dunes- Water Treatment Plant,8.7,8.633009999999999,8.202359999999999,6.68943
9260,Chicago,09/12/2025,9.8,Indiana,Ogden Dunes- Water Treatment Plant,9.8,9.724540000000001,9.23944,7.535220000000001
9261,Chicago,09/13/2025,11.6,Indiana,Ogden Dunes- Water Treatment Plant,11.6,11.510679999999999,10.93648,8.91924
9262,Chicago,09/14/2025,11.7,Indiana,Ogden Dunes- Water Treatment Plant,11.7,11.60991,11.030759999999999,8.996129999999999
9263,Chicago,09/15/2025,9.9,Indiana,Ogden Dunes- Water Treatment Plant,9.9,9.82377,9.33372,7.61211
9264,Chicago,09/16/2025,8.3,Indiana,Ogden Dunes- Water Treatment Plant,8.3,8.23609,7.825240000000001,6.381870000000001
9265,Chicago,09/17/2025,10.9,Indiana,Ogden Dunes- Water Treatment Plant,10.9,10.81607,10.27652,8.38101
9266,Chicago,09/18/2025,12.2,Indiana,Ogden Dunes- Water Treatment Plant,12.2,12.10606,11.502159999999998,9.38058
9267,Chicago,09/19/2025,14.1,Indiana,Ogden Dunes- Water Treatment Plant,14.1,13.99143,13.293479999999999,10.84149
9268,Chicago,09/20/2025,10.9,Indiana,Ogden Dunes- Water Treatment Plant,10.9,10.81607,10.27652,8.38101
9269,Chicago,09/21/2025,8.6,Indiana,Ogden Dunes- Water Treatment Plant,8.6,8.53378,8.10808,6.61254
9270,Chicago,09/22/2025,6.2,Indiana,Ogden Dunes- Water Treatment Plant,6.2,6.15226,5.84536,4.767180000000001
9271,Chicago,09/23/2025,7.8,Indiana,Ogden Dunes- Water Treatment Plant,7.8,7.73994,7.35384,5.99742
9272,Chicago,09/24/2025,3.3,Indiana,Ogden Dunes- Water Treatment Plant,3.3,3.27459,3.1112399999999996,2.53737
9273,Chicago,09/25/2025,4.0,Indiana,Ogden Dunes- Water Treatment Plant,4.0,3.9692,3.7712,3.0756
9274,Chicago,09/26/2025,7.5,Indiana,Ogden Dunes- Water Treatment Plant,7.5,7.44225,7.071,5.76675
9275,Chicago,09/27/2025,11.1,Indiana,Ogden Dunes- Water Treatment Plant,11.1,11.014529999999999,10.465079999999999,8.53479
9276,Chicago,09/28/2025,9.9,Indiana,Ogden Dunes- Water Treatment Plant,9.9,9.82377,9.33372,7.61211
9277,Chicago,09/29/2025,13.9,Indiana,Ogden Dunes- Water Treatment Plant,13.9,13.79297,13.10492,10.687710000000001
9278,Chicago,09/30/2025,11.0,Indiana,Ogden Dunes- Water Treatment Plant,11.0,10.9153,10.3708,8.4579
9279,Chicago,10/01/2025,6.6,Indiana,Ogden Dunes- Water Treatment Plant,6.6,6.54918,6.222479999999999,5.07474
9280,Chicago,10/02/2025,6.6,Indiana,Ogden Dunes- Water Treatment Plant,6.6,6.54918,6.222479999999999,5.07474
9281,Chicago,10/03/2025,11.1,Indiana,Ogden Dunes- Water Treatment Plant,11.1,11.014529999999999,10.465079999999999,8.53479
9282,Chicago,10/04/2025,11.5,Indiana,Ogden Dunes- Water Treatment Plant,11.5,11.41145,10.8422,8.84235
9283,Chicago,10/05/2025,7.5,Indiana,Ogden Dunes- Water Treatment Plant,7.5,7.44225,7.071,5.76675
9284,Chicago,10/06/2025,5.7,Indiana,Ogden Dunes- Water Treatment Plant,5.7,5.65611,5.37396,4.3827300000000005
9285,Chicago,10/07/2025,2.7,Indiana,Ogden Dunes- Water Treatment Plant,2.7,2.67921,2.54556,2.0760300000000003
9286,Chicago,10/08/2025,3.3,Indiana,Ogden Dunes- Water Treatment Plant,3.3,3.27459,3.1112399999999996,2.53737
9287,Chicago,10/09/2025,3.1,Indiana,Ogden Dunes- Water Treatment Plant,3.1,3.07613,2.92268,2.3835900000000003
9288,Chicago,10/10/2025,5.6,Indiana,Ogden Dunes- Water Treatment Plant,5.6,5.55688,5.27968,4.30584
9289,Chicago,10/11/2025,3.3,Indiana,Ogden Dunes- Water Treatment Plant,3.3,3.27459,3.1112399999999996,2.53737
9290,Chicago,10/12/2025,5.0,Indiana,Ogden Dunes- Water Treatment Plant,5.0,4.9615,4.7139999999999995,3.8445
9291,Chicago,10/13/2025,7.8,Indiana,Ogden Dunes- Water Treatment Plant,7.8,7.73994,7.35384,5.99742
9292,Chicago,10/14/2025,6.6,Indiana,Ogden Dunes- Water Treatment Plant,6.6,6.54918,6.222479999999999,5.07474
9293,Chicago,10/15/2025,6.2,Indiana,Ogden Dunes- Water Treatment Plant,6.2,6.15226,5.84536,4.767180000000001
9294,Chicago,10/16/2025,3.4,Indiana,Ogden Dunes- Water Treatment Plant,3.4,3.37382,3.20552,2.61426
9295,Chicago,10/18/2025,10.3,Indiana,Ogden Dunes- Water Treatment Plant,10.3,10.220690000000001,9.710840000000001,7.919670000000001
9296,Chicago,10/19/2025,4.2,Indiana,Ogden Dunes- Water Treatment Plant,4.2,4.16766,3.95976,3.2293800000000004
9297,Chicago,10/20/2025,3.1,Indiana,Ogden Dunes- Water Treatment Plant,3.1,3.07613,2.92268,2.3835900000000003
9298,Chicago,10/21/2025,3.6,Indiana,Ogden Dunes- Water Treatment Plant,3.6,3.57228,3.3940799999999998,2.76804
9299,Chicago,10/22/2025,3.0,Indiana,Ogden Dunes- Water Treatment Plant,3.0,2.9768999999999997,2.8284,2.3067
9300,Chicago,10/23/2025,2.9,Indiana,Ogden Dunes- Water Treatment Plant,2.9,2.8776699999999997,2.73412,2.22981
9301,Chicago,10/24/2025,4.7,Indiana,Ogden Dunes- Water Treatment Plant,4.7,4.66381,4.43116,3.61383
9302,Chicago,10/25/2025,7.5,Indiana,Ogden Dunes- Water Treatment Plant,7.5,7.44225,7.071,5.76675
9303,Chicago,10/26/2025,7.1,Indiana,Ogden Dunes- Water Treatment Plant,7.1,7.045329999999999,6.693879999999999,5.4591899999999995
9304,Chicago,10/27/2025,4.4,Indiana,Ogden Dunes- Water Treatment Plant,4.4,4.3661200000000004,4.14832,3.3831600000000006
9305,Chicago,10/28/2025,4.2,Indiana,Ogden Dunes- Water Treatment Plant,4.2,4.16766,3.95976,3.2293800000000004
9306,Chicago,10/29/2025,4.8,Indiana,Ogden Dunes- Water Treatment Plant,4.8,4.763039999999999,4.52544,3.69072
9307,Chicago,10/30/2025,3.9,Indiana,Ogden Dunes- Water Treatment Plant,3.9,3.86997,3.67692,2.99871
9308,Chicago,10/31/2025,10.7,Indiana,Ogden Dunes- Water Treatment Plant,10.7,10.617609999999999,10.087959999999999,8.22723
9309,Chicago,11/01/2025,8.7,Indiana,Ogden Dunes- Water Treatment Plant,8.7,8.633009999999999,8.202359999999999,6.68943
9310,Chicago,11/02/2025,9.1,Indiana,Ogden Dunes- Water Treatment Plant,9.1,9.029929999999998,8.57948,6.99699
9311,Chicago,11/03/2025,5.3,Indiana,Ogden Dunes- Water Treatment Plant,5.3,5.259189999999999,4.99684,4.07517
9312,Chicago,11/04/2025,5.2,Indiana,Ogden Dunes- Water Treatment Plant,5.2,5.15996,4.90256,3.9982800000000003
9313,Chicago,11/05/2025,7.0,Indiana,Ogden Dunes- Water Treatment Plant,7.0,6.9460999999999995,6.5996,5.3823
9314,Chicago,11/06/2025,7.1,Indiana,Ogden Dunes- Water Treatment Plant,7.1,7.045329999999999,6.693879999999999,5.4591899999999995
9315,Chicago,11/07/2025,6.2,Indiana,Ogden Dunes- Water Treatment Plant,6.2,6.15226,5.84536,4.767180000000001
9316,Chicago,11/08/2025,4.2,Indiana,Ogden Dunes- Water Treatment Plant,4.2,4.16766,3.95976,3.2293800000000004
9317,Chicago,11/09/2025,2.2,Indiana,Ogden Dunes- Water Treatment Plant,2.2,2.1830600000000002,2.07416,1.6915800000000003
9318,Chicago,11/10/2025,2.0,Indiana,Ogden Dunes- Water Treatment Plant,2.0,1.9846,1.8856,1.5378
9319,Chicago,11/11/2025,4.3,Indiana,Ogden Dunes- Water Treatment Plant,4.3,4.26689,4.05404,3.30627
9320,Chicago,11/12/2025,5.1,Indiana,Ogden Dunes- Water Treatment Plant,5.1,5.0607299999999995,4.80828,3.9213899999999997
9321,Chicago,11/13/2025,6.0,Indiana,Ogden Dunes- Water Treatment Plant,6.0,5.953799999999999,5.6568,4.6134
9322,Chicago,11/14/2025,11.5,Indiana,Ogden Dunes- Water Treatment Plant,11.5,11.41145,10.8422,8.84235
9323,Chicago,11/15/2025,7.9,Indiana,Ogden Dunes- Water Treatment Plant,7.9,7.83917,7.44812,6.0743100000000005
9324,Chicago,11/16/2025,2.3,Indiana,Ogden Dunes- Water Treatment Plant,2.3,2.2822899999999997,2.16844,1.76847
9325,Chicago,11/17/2025,4.1,Indiana,Ogden Dunes- Water Treatment Plant,4.1,4.068429999999999,3.8654799999999994,3.15249
9326,Chicago,11/18/2025,11.1,Indiana,Ogden Dunes- Water Treatment Plant,11.1,11.014529999999999,10.465079999999999,8.53479
9327,Chicago,11/19/2025,18.1,Indiana,Ogden Dunes- Water Treatment Plant,18.1,17.960630000000002,17.06468,13.917090000000002
9328,Chicago,11/20/2025,19.3,Indiana,Ogden Dunes- Water Treatment Plant,19.3,19.15139,18.19604,14.839770000000001
9329,Chicago,11/21/2025,13.8,Indiana,Ogden Dunes- Water Treatment Plant,13.8,13.69374,13.01064,10.61082
9330,Chicago,11/22/2025,7.9,Indiana,Ogden Dunes- Water Treatment Plant,7.9,7.83917,7.44812,6.0743100000000005
9331,Chicago,11/23/2025,9.7,Indiana,Ogden Dunes- Water Treatment Plant,9.7,9.625309999999999,9.145159999999999,7.45833
9332,Chicago,11/24/2025,13.0,Indiana,Ogden Dunes- Water Treatment Plant,13.0,12.899899999999999,12.2564,9.995700000000001
9333,Chicago,11/25/2025,11.8,Indiana,Ogden Dunes- Water Treatment Plant,11.8,11.70914,11.12504,9.073020000000001
9334,Chicago,11/26/2025,2.8,Indiana,Ogden Dunes- Water Treatment Plant,2.8,2.77844,2.63984,2.15292
9335,Chicago,11/27/2025,2.8,Indiana,Ogden Dunes- Water Treatment Plant,2.8,2.77844,2.63984,2.15292
9336,Chicago,11/28/2025,5.6,Indiana,Ogden Dunes- Water Treatment Plant,5.6,5.55688,5.27968,4.30584
9337,Chicago,11/29/2025,6.6,Indiana,Ogden Dunes- Water Treatment Plant,6.6,6.54918,6.222479999999999,5.07474
9338,Chicago,11/30/2025,3.8,Indiana,Ogden Dunes- Water Treatment Plant,3.8,3.7707399999999995,3.5826399999999996,2.92182
9339,Chicago,12/01/2025,9.7,Indiana,Ogden Dunes- Water Treatment Plant,9.7,9.625309999999999,9.145159999999999,7.45833
9340,Chicago,12/02/2025,18.8,Indiana,Ogden Dunes- Water Treatment Plant,18.8,18.65524,17.72464,14.45532
9341,Chicago,12/03/2025,12.6,Indiana,Ogden Dunes- Water Treatment Plant,12.6,12.502979999999999,11.87928,9.68814
9342,Chicago,12/04/2025,4.6,Indiana,Ogden Dunes- Water Treatment Plant,4.6,4.564579999999999,4.33688,3.53694
9343,Chicago,12/05/2025,15.0,Indiana,Ogden Dunes- Water Treatment Plant,15.0,14.8845,14.142,11.5335
9344,Chicago,12/06/2025,16.0,Indiana,Ogden Dunes- Water Treatment Plant,16.0,15.8768,15.0848,12.3024
9345,Chicago,12/07/2025,10.1,Indiana,Ogden Dunes- Water Treatment Plant,10.1,10.022229999999999,9.522279999999999,7.76589
9346,Chicago,12/08/2025,4.4,Indiana,Ogden Dunes- Water Treatment Plant,4.4,4.3661200000000004,4.14832,3.3831600000000006
9347,Chicago,12/09/2025,11.3,Indiana,Ogden Dunes- Water Treatment Plant,11.3,11.21299,10.653640000000001,8.68857
9348,Chicago,12/10/2025,5.1,Indiana,Ogden Dunes- Water Treatment Plant,5.1,5.0607299999999995,4.80828,3.9213899999999997
9349,Chicago,12/11/2025,8.1,Indiana,Ogden Dunes- Water Treatment Plant,8.1,8.03763,7.636679999999999,6.22809
9350,Chicago,12/12/2025,15.9,Indiana,Ogden Dunes- Water Treatment Plant,15.9,15.777569999999999,14.99052,12.22551
9351,Chicago,12/13/2025,6.5,Indiana,Ogden Dunes- Water Treatment Plant,6.5,6.449949999999999,6.1282,4.997850000000001
9352,Chicago,12/14/2025,4.3,Indiana,Ogden Dunes- Water Treatment Plant,4.3,4.26689,4.05404,3.30627
9353,Chicago,12/15/2025,6.6,Indiana,Ogden Dunes- Water Treatment Plant,6.6,6.54918,6.222479999999999,5.07474
9354,Chicago,12/16/2025,10.3,Indiana,Ogden Dunes- Water Treatment Plant,10.3,10.220690000000001,9.710840000000001,7.919670000000001
9355,Chicago,12/17/2025,13.0,Indiana,Ogden Dunes- Water Treatment Plant,13.0,12.899899999999999,12.2564,9.995700000000001
9356,Chicago,12/18/2025,9.5,Indiana,Ogden Dunes- Water Treatment Plant,9.5,9.42685,8.9566,7.30455
9357,Chicago,12/19/2025,4.9,Indiana,Ogden Dunes- Water Treatment Plant,4.9,4.8622700000000005,4.61972,3.7676100000000003
9358,Chicago,12/20/2025,4.3,Indiana,Ogden Dunes- Water Treatment Plant,4.3,4.26689,4.05404,3.30627
9359,Chicago,12/21/2025,5.1,Indiana,Ogden Dunes- Water Treatment Plant,5.1,5.0607299999999995,4.80828,3.9213899999999997
9360,Chicago,12/22/2025,5.0,Indiana,Ogden Dunes- Water Treatment Plant,5.0,4.9615,4.7139999999999995,3.8445
9361,Chicago,12/23/2025,14.0,Indiana,Ogden Dunes- Water Treatment Plant,14.0,13.892199999999999,13.1992,10.7646
9362,Chicago,12/24/2025,14.0,Indiana,Ogden Dunes- Water Treatment Plant,14.0,13.892199999999999,13.1992,10.7646
9363,Chicago,12/25/2025,19.3,Indiana,Ogden Dunes- Water Treatment Plant,19.3,19.15139,18.19604,14.839770000000001
9364,Chicago,12/26/2025,11.2,Indiana,Ogden Dunes- Water Treatment Plant,11.2,11.11376,10.55936,8.61168
9365,Chicago,12/27/2025,9.8,Indiana,Ogden Dunes- Water Treatment Plant,9.8,9.724540000000001,9.23944,7.535220000000001
9366,Chicago,12/28/2025,7.8,Indiana,Ogden Dunes- Water Treatment Plant,7.8,7.73994,7.35384,5.99742
9367,Chicago,12/29/2025,3.9,Indiana,Ogden Dunes- Water Treatment Plant,3.9,3.86997,3.67692,2.99871
9368,Chicago,12/30/2025,4.9,Indiana,Ogden Dunes- Water Treatment Plant,4.9,4.8622700000000005,4.61972,3.7676100000000003
9369,Chicago,12/31/2025,6.8,Indiana,Ogden Dunes- Water Treatment Plant,6.8,6.74764,6.41104,5.22852
9370,Chicago,01/01/2025,4.5,Wisconsin,CHIWAUKEE PRAIRIE STATELINE,4.5,4.46535,4.2425999999999995,3.4600500000000003
9371,Chicago,01/02/2025,3.6,Wisconsin,CHIWAUKEE PRAIRIE STATELINE,3.6,3.57228,3.3940799999999998,2.76804
9372,Chicago,01/03/2025,5.3,Wisconsin,CHIWAUKEE PRAIRIE STATELINE,5.3,5.259189999999999,4.99684,4.07517
9373,Chicago,01/04/2025,2.8,Wisconsin,CHIWAUKEE PRAIRIE STATELINE,2.8,2.77844,2.63984,2.15292
9374,Chicago,01/05/2025,3.4,Wisconsin,CHIWAUKEE PRAIRIE STATELINE,3.4,3.37382,3.20552,2.61426
9375,Chicago,01/06/2025,2.3,Wisconsin,CHIWAUKEE PRAIRIE STATELINE,2.3,2.2822899999999997,2.16844,1.76847
9376,Chicago,01/07/2025,3.7,Wisconsin,CHIWAUKEE PRAIRIE STATELINE,3.7,3.67151,3.48836,2.84493
9377,Chicago,01/08/2025,4.4,Wisconsin,CHIWAUKEE PRAIRIE STATELINE,4.4,4.3661200000000004,4.14832,3.3831600000000006
9378,Chicago,01/09/2025,10.9,Wisconsin,CHIWAUKEE PRAIRIE STATELINE,10.9,10.81607,10.27652,8.38101
9379,Chicago,01/10/2025,20.9,Wisconsin,CHIWAUKEE PRAIRIE STATELINE,20.9,20.739069999999998,19.70452,16.07001
9380,Chicago,01/11/2025,10.2,Wisconsin,CHIWAUKEE PRAIRIE STATELINE,10.2,10.121459999999999,9.61656,7.842779999999999
9381,Chicago,01/12/2025,9.5,Wisconsin,CHIWAUKEE PRAIRIE STATELINE,9.5,9.42685,8.9566,7.30455
9382,Chicago,01/13/2025,3.5,Wisconsin,CHIWAUKEE PRAIRIE STATELINE,3.5,3.4730499999999997,3.2998,2.69115
9383,Chicago,01/14/2025,4.8,Wisconsin,CHIWAUKEE PRAIRIE STATELINE,4.8,4.763039999999999,4.52544,3.69072
9384,Chicago,01/15/2025,6.3,Wisconsin,CHIWAUKEE PRAIRIE STATELINE,6.3,6.2514899999999995,5.93964,4.84407
9385,Chicago,01/16/2025,5.8,Wisconsin,CHIWAUKEE PRAIRIE STATELINE,5.8,5.7553399999999995,5.46824,4.45962
9386,Chicago,01/17/2025,5.7,Wisconsin,CHIWAUKEE PRAIRIE STATELINE,5.7,5.65611,5.37396,4.3827300000000005
9387,Chicago,01/18/2025,2.3,Wisconsin,CHIWAUKEE PRAIRIE STATELINE,2.3,2.2822899999999997,2.16844,1.76847
9388,Chicago,01/19/2025,3.1,Wisconsin,CHIWAUKEE PRAIRIE STATELINE,3.1,3.07613,2.92268,2.3835900000000003
9389,Chicago,01/20/2025,3.2,Wisconsin,CHIWAUKEE PRAIRIE STATELINE,3.2,3.17536,3.01696,2.4604800000000004
9390,Chicago,01/21/2025,3.9,Wisconsin,CHIWAUKEE PRAIRIE STATELINE,3.9,3.86997,3.67692,2.99871
9391,Chicago,01/22/2025,4.8,Wisconsin,CHIWAUKEE PRAIRIE STATELINE,4.8,4.763039999999999,4.52544,3.69072
9392,Chicago,01/23/2025,5.4,Wisconsin,CHIWAUKEE PRAIRIE STATELINE,5.4,5.35842,5.09112,4.1520600000000005
9393,Chicago,01/24/2025,6.7,Wisconsin,CHIWAUKEE PRAIRIE STATELINE,6.7,6.64841,6.31676,5.15163
9394,Chicago,01/25/2025,5.2,Wisconsin,CHIWAUKEE PRAIRIE STATELINE,5.2,5.15996,4.90256,3.9982800000000003
9395,Chicago,01/26/2025,3.4,Wisconsin,CHIWAUKEE PRAIRIE STATELINE,3.4,3.37382,3.20552,2.61426
9396,Chicago,01/27/2025,4.3,Wisconsin,CHIWAUKEE PRAIRIE STATELINE,4.3,4.26689,4.05404,3.30627
9397,Chicago,01/28/2025,3.5,Wisconsin,CHIWAUKEE PRAIRIE STATELINE,3.5,3.4730499999999997,3.2998,2.69115
9398,Chicago,01/29/2025,2.6,Wisconsin,CHIWAUKEE PRAIRIE STATELINE,2.6,2.57998,2.45128,1.9991400000000001
9399,Chicago,01/30/2025,7.1,Wisconsin,CHIWAUKEE PRAIRIE STATELINE,7.1,7.045329999999999,6.693879999999999,5.4591899999999995
9400,Chicago,01/31/2025,5.3,Wisconsin,CHIWAUKEE PRAIRIE STATELINE,5.3,5.259189999999999,4.99684,4.07517
9401,Chicago,02/01/2025,2.1,Wisconsin,CHIWAUKEE PRAIRIE STATELINE,2.1,2.08383,1.97988,1.6146900000000002
9402,Chicago,02/02/2025,11.0,Wisconsin,CHIWAUKEE PRAIRIE STATELINE,11.0,10.9153,10.3708,8.4579
9403,Chicago,02/03/2025,9.5,Wisconsin,CHIWAUKEE PRAIRIE STATELINE,9.5,9.42685,8.9566,7.30455
9404,Chicago,02/04/2025,2.9,Wisconsin,CHIWAUKEE PRAIRIE STATELINE,2.9,2.8776699999999997,2.73412,2.22981
9405,Chicago,02/05/2025,3.6,Wisconsin,CHIWAUKEE PRAIRIE STATELINE,3.6,3.57228,3.3940799999999998,2.76804
9406,Chicago,02/06/2025,5.5,Wisconsin,CHIWAUKEE PRAIRIE STATELINE,5.5,5.45765,5.1854,4.22895
9407,Chicago,02/07/2025,4.1,Wisconsin,CHIWAUKEE PRAIRIE STATELINE,4.1,4.068429999999999,3.8654799999999994,3.15249
9408,Chicago,02/08/2025,5.5,Wisconsin,CHIWAUKEE PRAIRIE STATELINE,5.5,5.45765,5.1854,4.22895
9409,Chicago,02/09/2025,5.2,Wisconsin,CHIWAUKEE PRAIRIE STATELINE,5.2,5.15996,4.90256,3.9982800000000003
9410,Chicago,02/10/2025,5.5,Wisconsin,CHIWAUKEE PRAIRIE STATELINE,5.5,5.45765,5.1854,4.22895
9411,Chicago,02/11/2025,5.4,Wisconsin,CHIWAUKEE PRAIRIE STATELINE,5.4,5.35842,5.09112,4.1520600000000005
9412,Chicago,02/12/2025,7.6,Wisconsin,CHIWAUKEE PRAIRIE STATELINE,7.6,7.541479999999999,7.165279999999999,5.84364
9413,Chicago,02/13/2025,6.0,Wisconsin,CHIWAUKEE PRAIRIE STATELINE,6.0,5.953799999999999,5.6568,4.6134
9414,Chicago,02/14/2025,8.5,Wisconsin,CHIWAUKEE PRAIRIE STATELINE,8.5,8.43455,8.0138,6.53565
9415,Chicago,02/15/2025,11.7,Wisconsin,CHIWAUKEE PRAIRIE STATELINE,11.7,11.60991,11.030759999999999,8.996129999999999
9416,Chicago,02/16/2025,3.9,Wisconsin,CHIWAUKEE PRAIRIE STATELINE,3.9,3.86997,3.67692,2.99871
9417,Chicago,02/17/2025,4.9,Wisconsin,CHIWAUKEE PRAIRIE STATELINE,4.9,4.8622700000000005,4.61972,3.7676100000000003
9418,Chicago,02/18/2025,4.4,Wisconsin,CHIWAUKEE PRAIRIE STATELINE,4.4,4.3661200000000004,4.14832,3.3831600000000006
9419,Chicago,02/19/2025,4.5,Wisconsin,CHIWAUKEE PRAIRIE STATELINE,4.5,4.46535,4.2425999999999995,3.4600500000000003
9420,Chicago,02/20/2025,5.2,Wisconsin,CHIWAUKEE PRAIRIE STATELINE,5.2,5.15996,4.90256,3.9982800000000003
9421,Chicago,02/21/2025,7.7,Wisconsin,CHIWAUKEE PRAIRIE STATELINE,7.7,7.6407099999999994,7.25956,5.92053
9422,Chicago,02/22/2025,7.7,Wisconsin,CHIWAUKEE PRAIRIE STATELINE,7.7,7.6407099999999994,7.25956,5.92053
9423,Chicago,02/23/2025,15.6,Wisconsin,CHIWAUKEE PRAIRIE STATELINE,15.6,15.47988,14.70768,11.99484
9424,Chicago,02/24/2025,7.3,Wisconsin,CHIWAUKEE PRAIRIE STATELINE,7.3,7.24379,6.88244,5.61297
9425,Chicago,02/25/2025,4.1,Wisconsin,CHIWAUKEE PRAIRIE STATELINE,4.1,4.068429999999999,3.8654799999999994,3.15249
9426,Chicago,02/26/2025,9.7,Wisconsin,CHIWAUKEE PRAIRIE STATELINE,9.7,9.625309999999999,9.145159999999999,7.45833
9427,Chicago,02/27/2025,8.5,Wisconsin,CHIWAUKEE PRAIRIE STATELINE,8.5,8.43455,8.0138,6.53565
9428,Chicago,02/28/2025,3.1,Wisconsin,CHIWAUKEE PRAIRIE STATELINE,3.1,3.07613,2.92268,2.3835900000000003
9429,Chicago,03/01/2025,3.0,Wisconsin,CHIWAUKEE PRAIRIE STATELINE,3.0,2.9768999999999997,2.8284,2.3067
9430,Chicago,03/02/2025,4.5,Wisconsin,CHIWAUKEE PRAIRIE STATELINE,4.5,4.46535,4.2425999999999995,3.4600500000000003
9431,Chicago,03/03/2025,8.6,Wisconsin,CHIWAUKEE PRAIRIE STATELINE,8.6,8.53378,8.10808,6.61254
9432,Chicago,03/04/2025,8.3,Wisconsin,CHIWAUKEE PRAIRIE STATELINE,8.3,8.23609,7.825240000000001,6.381870000000001
9433,Chicago,03/05/2025,4.7,Wisconsin,CHIWAUKEE PRAIRIE STATELINE,4.7,4.66381,4.43116,3.61383
9434,Chicago,03/06/2025,2.3,Wisconsin,CHIWAUKEE PRAIRIE STATELINE,2.3,2.2822899999999997,2.16844,1.76847
9435,Chicago,03/07/2025,6.3,Wisconsin,CHIWAUKEE PRAIRIE STATELINE,6.3,6.2514899999999995,5.93964,4.84407
9436,Chicago,03/08/2025,2.8,Wisconsin,CHIWAUKEE PRAIRIE STATELINE,2.8,2.77844,2.63984,2.15292
9437,Chicago,03/09/2025,3.5,Wisconsin,CHIWAUKEE PRAIRIE STATELINE,3.5,3.4730499999999997,3.2998,2.69115
9438,Chicago,03/10/2025,4.2,Wisconsin,CHIWAUKEE PRAIRIE STATELINE,4.2,4.16766,3.95976,3.2293800000000004
9439,Chicago,03/11/2025,2.2,Wisconsin,CHIWAUKEE PRAIRIE STATELINE,2.2,2.1830600000000002,2.07416,1.6915800000000003
9440,Chicago,03/12/2025,2.4,Wisconsin,CHIWAUKEE PRAIRIE STATELINE,2.4,2.3815199999999996,2.26272,1.84536
9441,Chicago,03/13/2025,5.8,Wisconsin,CHIWAUKEE PRAIRIE STATELINE,5.8,5.7553399999999995,5.46824,4.45962
9442,Chicago,03/14/2025,11.6,Wisconsin,CHIWAUKEE PRAIRIE STATELINE,11.6,11.510679999999999,10.93648,8.91924
9443,Chicago,03/15/2025,17.8,Wisconsin,CHIWAUKEE PRAIRIE STATELINE,17.8,17.66294,16.78184,13.686420000000002
9444,Chicago,03/16/2025,3.2,Wisconsin,CHIWAUKEE PRAIRIE STATELINE,3.2,3.17536,3.01696,2.4604800000000004
9445,Chicago,03/17/2025,3.4,Wisconsin,CHIWAUKEE PRAIRIE STATELINE,3.4,3.37382,3.20552,2.61426
9446,Chicago,03/18/2025,5.3,Wisconsin,CHIWAUKEE PRAIRIE STATELINE,5.3,5.259189999999999,4.99684,4.07517
9447,Chicago,03/19/2025,4.0,Wisconsin,CHIWAUKEE PRAIRIE STATELINE,4.0,3.9692,3.7712,3.0756
9448,Chicago,03/20/2025,2.8,Wisconsin,CHIWAUKEE PRAIRIE STATELINE,2.8,2.77844,2.63984,2.15292
9449,Chicago,03/21/2025,4.7,Wisconsin,CHIWAUKEE PRAIRIE STATELINE,4.7,4.66381,4.43116,3.61383
9450,Chicago,03/22/2025,2.6,Wisconsin,CHIWAUKEE PRAIRIE STATELINE,2.6,2.57998,2.45128,1.9991400000000001
9451,Chicago,03/23/2025,4.7,Wisconsin,CHIWAUKEE PRAIRIE STATELINE,4.7,4.66381,4.43116,3.61383
9452,Chicago,03/24/2025,4.2,Wisconsin,CHIWAUKEE PRAIRIE STATELINE,4.2,4.16766,3.95976,3.2293800000000004
9453,Chicago,03/25/2025,3.9,Wisconsin,CHIWAUKEE PRAIRIE STATELINE,3.9,3.86997,3.67692,2.99871
9454,Chicago,03/26/2025,3.7,Wisconsin,CHIWAUKEE PRAIRIE STATELINE,3.7,3.67151,3.48836,2.84493
9455,Chicago,03/27/2025,8.1,Wisconsin,CHIWAUKEE PRAIRIE STATELINE,8.1,8.03763,7.636679999999999,6.22809
9456,Chicago,03/28/2025,8.5,Wisconsin,CHIWAUKEE PRAIRIE STATELINE,8.5,8.43455,8.0138,6.53565
9457,Chicago,03/29/2025,3.0,Wisconsin,CHIWAUKEE PRAIRIE STATELINE,3.0,2.9768999999999997,2.8284,2.3067
9458,Chicago,03/30/2025,2.4,Wisconsin,CHIWAUKEE PRAIRIE STATELINE,2.4,2.3815199999999996,2.26272,1.84536
9459,Chicago,03/31/2025,2.4,Wisconsin,CHIWAUKEE PRAIRIE STATELINE,2.4,2.3815199999999996,2.26272,1.84536
9460,Chicago,04/01/2025,2.7,Wisconsin,CHIWAUKEE PRAIRIE STATELINE,2.7,2.67921,2.54556,2.0760300000000003
9461,Chicago,04/02/2025,5.7,Wisconsin,CHIWAUKEE PRAIRIE STATELINE,5.7,5.65611,5.37396,4.3827300000000005
9462,Chicago,04/03/2025,3.2,Wisconsin,CHIWAUKEE PRAIRIE STATELINE,3.2,3.17536,3.01696,2.4604800000000004
9463,Chicago,04/04/2025,3.7,Wisconsin,CHIWAUKEE PRAIRIE STATELINE,3.7,3.67151,3.48836,2.84493
9464,Chicago,04/05/2025,4.5,Wisconsin,CHIWAUKEE PRAIRIE STATELINE,4.5,4.46535,4.2425999999999995,3.4600500000000003
9465,Chicago,04/06/2025,4.2,Wisconsin,CHIWAUKEE PRAIRIE STATELINE,4.2,4.16766,3.95976,3.2293800000000004
9466,Chicago,04/07/2025,3.7,Wisconsin,CHIWAUKEE PRAIRIE STATELINE,3.7,3.67151,3.48836,2.84493
9467,Chicago,04/08/2025,3.5,Wisconsin,CHIWAUKEE PRAIRIE STATELINE,3.5,3.4730499999999997,3.2998,2.69115
9468,Chicago,04/09/2025,6.3,Wisconsin,CHIWAUKEE PRAIRIE STATELINE,6.3,6.2514899999999995,5.93964,4.84407
9469,Chicago,04/10/2025,8.5,Wisconsin,CHIWAUKEE PRAIRIE STATELINE,8.5,8.43455,8.0138,6.53565
9470,Chicago,04/11/2025,12.4,Wisconsin,CHIWAUKEE PRAIRIE STATELINE,12.4,12.30452,11.69072,9.534360000000001
9471,Chicago,04/12/2025,13.8,Wisconsin,CHIWAUKEE PRAIRIE STATELINE,13.8,13.69374,13.01064,10.61082
9472,Chicago,04/13/2025,9.1,Wisconsin,CHIWAUKEE PRAIRIE STATELINE,9.1,9.029929999999998,8.57948,6.99699
9473,Chicago,04/14/2025,4.1,Wisconsin,CHIWAUKEE PRAIRIE STATELINE,4.1,4.068429999999999,3.8654799999999994,3.15249
9474,Chicago,04/15/2025,1.7,Wisconsin,CHIWAUKEE PRAIRIE STATELINE,1.7,1.68691,1.60276,1.30713
9475,Chicago,04/16/2025,2.0,Wisconsin,CHIWAUKEE PRAIRIE STATELINE,2.0,1.9846,1.8856,1.5378
9476,Chicago,04/17/2025,6.1,Wisconsin,CHIWAUKEE PRAIRIE STATELINE,6.1,6.05303,5.751079999999999,4.69029
9477,Chicago,04/18/2025,12.2,Wisconsin,CHIWAUKEE PRAIRIE STATELINE,12.2,12.10606,11.502159999999998,9.38058
9478,Chicago,04/19/2025,5.7,Wisconsin,CHIWAUKEE PRAIRIE STATELINE,5.7,5.65611,5.37396,4.3827300000000005
9479,Chicago,04/20/2025,5.1,Wisconsin,CHIWAUKEE PRAIRIE STATELINE,5.1,5.0607299999999995,4.80828,3.9213899999999997
9480,Chicago,04/21/2025,2.0,Wisconsin,CHIWAUKEE PRAIRIE STATELINE,2.0,1.9846,1.8856,1.5378
9481,Chicago,04/22/2025,4.6,Wisconsin,CHIWAUKEE PRAIRIE STATELINE,4.6,4.564579999999999,4.33688,3.53694
9482,Chicago,04/23/2025,8.6,Wisconsin,CHIWAUKEE PRAIRIE STATELINE,8.6,8.53378,8.10808,6.61254
9483,Chicago,04/24/2025,8.3,Wisconsin,CHIWAUKEE PRAIRIE STATELINE,8.3,8.23609,7.825240000000001,6.381870000000001
9484,Chicago,04/25/2025,3.3,Wisconsin,CHIWAUKEE PRAIRIE STATELINE,3.3,3.27459,3.1112399999999996,2.53737
9485,Chicago,04/26/2025,2.1,Wisconsin,CHIWAUKEE PRAIRIE STATELINE,2.1,2.08383,1.97988,1.6146900000000002
9486,Chicago,04/27/2025,4.3,Wisconsin,CHIWAUKEE PRAIRIE STATELINE,4.3,4.26689,4.05404,3.30627
9487,Chicago,04/28/2025,7.0,Wisconsin,CHIWAUKEE PRAIRIE STATELINE,7.0,6.9460999999999995,6.5996,5.3823
9488,Chicago,04/29/2025,3.9,Wisconsin,CHIWAUKEE PRAIRIE STATELINE,3.9,3.86997,3.67692,2.99871
9489,Chicago,04/30/2025,2.6,Wisconsin,CHIWAUKEE PRAIRIE STATELINE,2.6,2.57998,2.45128,1.9991400000000001
9490,Chicago,05/01/2025,6.4,Wisconsin,CHIWAUKEE PRAIRIE STATELINE,6.4,6.35072,6.03392,4.920960000000001
9491,Chicago,05/02/2025,3.4,Wisconsin,CHIWAUKEE PRAIRIE STATELINE,3.4,3.37382,3.20552,2.61426
9492,Chicago,05/03/2025,1.3,Wisconsin,CHIWAUKEE PRAIRIE STATELINE,1.3,1.28999,1.22564,0.9995700000000001
9493,Chicago,05/04/2025,2.0,Wisconsin,CHIWAUKEE PRAIRIE STATELINE,2.0,1.9846,1.8856,1.5378
9494,Chicago,05/05/2025,4.5,Wisconsin,CHIWAUKEE PRAIRIE STATELINE,4.5,4.46535,4.2425999999999995,3.4600500000000003
9495,Chicago,05/06/2025,8.9,Wisconsin,CHIWAUKEE PRAIRIE STATELINE,8.9,8.83147,8.39092,6.843210000000001
9496,Chicago,05/07/2025,6.8,Wisconsin,CHIWAUKEE PRAIRIE STATELINE,6.8,6.74764,6.41104,5.22852
9497,Chicago,05/08/2025,2.2,Wisconsin,CHIWAUKEE PRAIRIE STATELINE,2.2,2.1830600000000002,2.07416,1.6915800000000003
9498,Chicago,05/09/2025,3.8,Wisconsin,CHIWAUKEE PRAIRIE STATELINE,3.8,3.7707399999999995,3.5826399999999996,2.92182
9499,Chicago,05/10/2025,3.6,Wisconsin,CHIWAUKEE PRAIRIE STATELINE,3.6,3.57228,3.3940799999999998,2.76804
9500,Chicago,05/11/2025,3.6,Wisconsin,CHIWAUKEE PRAIRIE STATELINE,3.6,3.57228,3.3940799999999998,2.76804
9501,Chicago,05/12/2025,5.0,Wisconsin,CHIWAUKEE PRAIRIE STATELINE,5.0,4.9615,4.7139999999999995,3.8445
9502,Chicago,05/13/2025,4.0,Wisconsin,CHIWAUKEE PRAIRIE STATELINE,4.0,3.9692,3.7712,3.0756
9503,Chicago,05/14/2025,3.2,Wisconsin,CHIWAUKEE PRAIRIE STATELINE,3.2,3.17536,3.01696,2.4604800000000004
9504,Chicago,05/15/2025,7.0,Wisconsin,CHIWAUKEE PRAIRIE STATELINE,7.0,6.9460999999999995,6.5996,5.3823
9505,Chicago,05/16/2025,4.4,Wisconsin,CHIWAUKEE PRAIRIE STATELINE,4.4,4.3661200000000004,4.14832,3.3831600000000006
9506,Chicago,05/17/2025,2.1,Wisconsin,CHIWAUKEE PRAIRIE STATELINE,2.1,2.08383,1.97988,1.6146900000000002
9507,Chicago,05/18/2025,2.2,Wisconsin,CHIWAUKEE PRAIRIE STATELINE,2.2,2.1830600000000002,2.07416,1.6915800000000003
9508,Chicago,05/19/2025,2.2,Wisconsin,CHIWAUKEE PRAIRIE STATELINE,2.2,2.1830600000000002,2.07416,1.6915800000000003
9509,Chicago,05/20/2025,4.7,Wisconsin,CHIWAUKEE PRAIRIE STATELINE,4.7,4.66381,4.43116,3.61383
9510,Chicago,05/21/2025,2.0,Wisconsin,CHIWAUKEE PRAIRIE STATELINE,2.0,1.9846,1.8856,1.5378
9511,Chicago,05/22/2025,1.8,Wisconsin,CHIWAUKEE PRAIRIE STATELINE,1.8,1.78614,1.6970399999999999,1.38402
9512,Chicago,05/23/2025,1.6,Wisconsin,CHIWAUKEE PRAIRIE STATELINE,1.6,1.58768,1.50848,1.2302400000000002
9513,Chicago,05/24/2025,2.0,Wisconsin,CHIWAUKEE PRAIRIE STATELINE,2.0,1.9846,1.8856,1.5378
9514,Chicago,05/25/2025,2.0,Wisconsin,CHIWAUKEE PRAIRIE STATELINE,2.0,1.9846,1.8856,1.5378
9515,Chicago,05/26/2025,3.4,Wisconsin,CHIWAUKEE PRAIRIE STATELINE,3.4,3.37382,3.20552,2.61426
9516,Chicago,05/27/2025,4.2,Wisconsin,CHIWAUKEE PRAIRIE STATELINE,4.2,4.16766,3.95976,3.2293800000000004
9517,Chicago,05/28/2025,5.0,Wisconsin,CHIWAUKEE PRAIRIE STATELINE,5.0,4.9615,4.7139999999999995,3.8445
9518,Chicago,05/29/2025,9.3,Wisconsin,CHIWAUKEE PRAIRIE STATELINE,9.3,9.228390000000001,8.768040000000001,7.1507700000000005
9519,Chicago,05/30/2025,9.9,Wisconsin,CHIWAUKEE PRAIRIE STATELINE,9.9,9.82377,9.33372,7.61211
9520,Chicago,05/31/2025,6.0,Wisconsin,CHIWAUKEE PRAIRIE STATELINE,6.0,5.953799999999999,5.6568,4.6134
9521,Chicago,06/01/2025,4.5,Wisconsin,CHIWAUKEE PRAIRIE STATELINE,4.5,4.46535,4.2425999999999995,3.4600500000000003
9522,Chicago,06/02/2025,6.8,Wisconsin,CHIWAUKEE PRAIRIE STATELINE,6.8,6.74764,6.41104,5.22852
9523,Chicago,06/03/2025,11.0,Wisconsin,CHIWAUKEE PRAIRIE STATELINE,11.0,10.9153,10.3708,8.4579
9524,Chicago,06/04/2025,46.4,Wisconsin,CHIWAUKEE PRAIRIE STATELINE,46.4,46.042719999999996,43.74592,35.67696
9525,Chicago,06/05/2025,37.7,Wisconsin,CHIWAUKEE PRAIRIE STATELINE,37.7,37.409710000000004,35.54356,28.987530000000003
9526,Chicago,06/06/2025,26.5,Wisconsin,CHIWAUKEE PRAIRIE STATELINE,26.5,26.295949999999998,24.984199999999998,20.37585
9527,Chicago,06/07/2025,18.7,Wisconsin,CHIWAUKEE PRAIRIE STATELINE,18.7,18.556009999999997,17.63036,14.37843
9528,Chicago,06/08/2025,21.5,Wisconsin,CHIWAUKEE PRAIRIE STATELINE,21.5,21.33445,20.2702,16.53135
9529,Chicago,06/09/2025,17.0,Wisconsin,CHIWAUKEE PRAIRIE STATELINE,17.0,16.8691,16.0276,13.0713
9530,Chicago,06/10/2025,17.9,Wisconsin,CHIWAUKEE PRAIRIE STATELINE,17.9,17.762169999999998,16.876119999999997,13.763309999999999
9531,Chicago,06/11/2025,21.7,Wisconsin,CHIWAUKEE PRAIRIE STATELINE,21.7,21.532909999999998,20.458759999999998,16.68513
9532,Chicago,06/12/2025,21.6,Wisconsin,CHIWAUKEE PRAIRIE STATELINE,21.6,21.43368,20.36448,16.608240000000002
9533,Chicago,06/13/2025,11.3,Wisconsin,CHIWAUKEE PRAIRIE STATELINE,11.3,11.21299,10.653640000000001,8.68857
9534,Chicago,06/14/2025,6.5,Wisconsin,CHIWAUKEE PRAIRIE STATELINE,6.5,6.449949999999999,6.1282,4.997850000000001
9535,Chicago,06/15/2025,7.3,Wisconsin,CHIWAUKEE PRAIRIE STATELINE,7.3,7.24379,6.88244,5.61297
9536,Chicago,06/16/2025,9.9,Wisconsin,CHIWAUKEE PRAIRIE STATELINE,9.9,9.82377,9.33372,7.61211
9537,Chicago,06/17/2025,7.2,Wisconsin,CHIWAUKEE PRAIRIE STATELINE,7.2,7.14456,6.7881599999999995,5.53608
9538,Chicago,06/18/2025,3.8,Wisconsin,CHIWAUKEE PRAIRIE STATELINE,3.8,3.7707399999999995,3.5826399999999996,2.92182
9539,Chicago,06/19/2025,6.7,Wisconsin,CHIWAUKEE PRAIRIE STATELINE,6.7,6.64841,6.31676,5.15163
9540,Chicago,06/20/2025,6.3,Wisconsin,CHIWAUKEE PRAIRIE STATELINE,6.3,6.2514899999999995,5.93964,4.84407
9541,Chicago,06/24/2025,2.7,Wisconsin,CHIWAUKEE PRAIRIE STATELINE,2.7,2.67921,2.54556,2.0760300000000003
9542,Chicago,06/25/2025,6.5,Wisconsin,CHIWAUKEE PRAIRIE STATELINE,6.5,6.449949999999999,6.1282,4.997850000000001
9543,Chicago,06/26/2025,5.9,Wisconsin,CHIWAUKEE PRAIRIE STATELINE,5.9,5.85457,5.56252,4.536510000000001
9544,Chicago,06/27/2025,3.6,Wisconsin,CHIWAUKEE PRAIRIE STATELINE,3.6,3.57228,3.3940799999999998,2.76804
9545,Chicago,06/28/2025,3.0,Wisconsin,CHIWAUKEE PRAIRIE STATELINE,3.0,2.9768999999999997,2.8284,2.3067
9546,Chicago,06/29/2025,5.1,Wisconsin,CHIWAUKEE PRAIRIE STATELINE,5.1,5.0607299999999995,4.80828,3.9213899999999997
9547,Chicago,06/30/2025,4.1,Wisconsin,CHIWAUKEE PRAIRIE STATELINE,4.1,4.068429999999999,3.8654799999999994,3.15249
9548,Chicago,07/01/2025,6.1,Wisconsin,CHIWAUKEE PRAIRIE STATELINE,6.1,6.05303,5.751079999999999,4.69029
9549,Chicago,07/02/2025,9.5,Wisconsin,CHIWAUKEE PRAIRIE STATELINE,9.5,9.42685,8.9566,7.30455
9550,Chicago,07/03/2025,7.2,Wisconsin,CHIWAUKEE PRAIRIE STATELINE,7.2,7.14456,6.7881599999999995,5.53608
9551,Chicago,07/04/2025,7.9,Wisconsin,CHIWAUKEE PRAIRIE STATELINE,7.9,7.83917,7.44812,6.0743100000000005
9552,Chicago,07/05/2025,20.2,Wisconsin,CHIWAUKEE PRAIRIE STATELINE,20.2,20.044459999999997,19.044559999999997,15.53178
9553,Chicago,07/06/2025,6.7,Wisconsin,CHIWAUKEE PRAIRIE STATELINE,6.7,6.64841,6.31676,5.15163
9554,Chicago,07/07/2025,11.1,Wisconsin,CHIWAUKEE PRAIRIE STATELINE,11.1,11.014529999999999,10.465079999999999,8.53479
9555,Chicago,07/08/2025,14.1,Wisconsin,CHIWAUKEE PRAIRIE STATELINE,14.1,13.99143,13.293479999999999,10.84149
9556,Chicago,07/09/2025,9.4,Wisconsin,CHIWAUKEE PRAIRIE STATELINE,9.4,9.32762,8.86232,7.22766
9557,Chicago,07/10/2025,7.7,Wisconsin,CHIWAUKEE PRAIRIE STATELINE,7.7,7.6407099999999994,7.25956,5.92053
9558,Chicago,07/11/2025,4.8,Wisconsin,CHIWAUKEE PRAIRIE STATELINE,4.8,4.763039999999999,4.52544,3.69072
9559,Chicago,07/12/2025,5.3,Wisconsin,CHIWAUKEE PRAIRIE STATELINE,5.3,5.259189999999999,4.99684,4.07517
9560,Chicago,07/13/2025,33.0,Wisconsin,CHIWAUKEE PRAIRIE STATELINE,33.0,32.7459,31.112399999999997,25.3737
9561,Chicago,07/14/2025,33.6,Wisconsin,CHIWAUKEE PRAIRIE STATELINE,33.6,33.34128,31.67808,25.835040000000003
9562,Chicago,07/15/2025,24.4,Wisconsin,CHIWAUKEE PRAIRIE STATELINE,24.4,24.21212,23.004319999999996,18.76116
9563,Chicago,07/16/2025,7.3,Wisconsin,CHIWAUKEE PRAIRIE STATELINE,7.3,7.24379,6.88244,5.61297
9564,Chicago,07/17/2025,2.2,Wisconsin,CHIWAUKEE PRAIRIE STATELINE,2.2,2.1830600000000002,2.07416,1.6915800000000003
9565,Chicago,07/18/2025,3.6,Wisconsin,CHIWAUKEE PRAIRIE STATELINE,3.6,3.57228,3.3940799999999998,2.76804
9566,Chicago,07/19/2025,6.1,Wisconsin,CHIWAUKEE PRAIRIE STATELINE,6.1,6.05303,5.751079999999999,4.69029
9567,Chicago,07/20/2025,11.3,Wisconsin,CHIWAUKEE PRAIRIE STATELINE,11.3,11.21299,10.653640000000001,8.68857
9568,Chicago,07/21/2025,28.5,Wisconsin,CHIWAUKEE PRAIRIE STATELINE,28.5,28.280549999999998,26.869799999999998,21.91365
9569,Chicago,07/22/2025,16.3,Wisconsin,CHIWAUKEE PRAIRIE STATELINE,16.3,16.17449,15.36764,12.53307
9570,Chicago,07/23/2025,13.9,Wisconsin,CHIWAUKEE PRAIRIE STATELINE,13.9,13.79297,13.10492,10.687710000000001
9571,Chicago,07/24/2025,7.6,Wisconsin,CHIWAUKEE PRAIRIE STATELINE,7.6,7.541479999999999,7.165279999999999,5.84364
9572,Chicago,07/25/2025,12.0,Wisconsin,CHIWAUKEE PRAIRIE STATELINE,12.0,11.907599999999999,11.3136,9.2268
9573,Chicago,07/26/2025,16.5,Wisconsin,CHIWAUKEE PRAIRIE STATELINE,16.5,16.37295,15.556199999999999,12.68685
9574,Chicago,07/27/2025,3.8,Wisconsin,CHIWAUKEE PRAIRIE STATELINE,3.8,3.7707399999999995,3.5826399999999996,2.92182
9575,Chicago,07/28/2025,5.9,Wisconsin,CHIWAUKEE PRAIRIE STATELINE,5.9,5.85457,5.56252,4.536510000000001
9576,Chicago,07/29/2025,7.3,Wisconsin,CHIWAUKEE PRAIRIE STATELINE,7.3,7.24379,6.88244,5.61297
9577,Chicago,07/30/2025,15.9,Wisconsin,CHIWAUKEE PRAIRIE STATELINE,15.9,15.777569999999999,14.99052,12.22551
9578,Chicago,07/31/2025,77.8,Wisconsin,CHIWAUKEE PRAIRIE STATELINE,77.8,77.20093999999999,73.34984,59.82042
9579,Chicago,08/01/2025,37.3,Wisconsin,CHIWAUKEE PRAIRIE STATELINE,37.3,37.012789999999995,35.166439999999994,28.679969999999997
9580,Chicago,08/02/2025,34.6,Wisconsin,CHIWAUKEE PRAIRIE STATELINE,34.6,34.33358,32.62088,26.60394
9581,Chicago,08/03/2025,42.9,Wisconsin,CHIWAUKEE PRAIRIE STATELINE,42.9,42.569669999999995,40.44612,32.98581
9582,Chicago,08/04/2025,28.6,Wisconsin,CHIWAUKEE PRAIRIE STATELINE,28.6,28.37978,26.96408,21.990540000000003
9583,Chicago,08/05/2025,39.9,Wisconsin,CHIWAUKEE PRAIRIE STATELINE,39.9,39.592769999999994,37.61772,30.67911
9584,Chicago,08/06/2025,21.1,Wisconsin,CHIWAUKEE PRAIRIE STATELINE,21.1,20.93753,19.89308,16.22379
9585,Chicago,08/07/2025,12.7,Wisconsin,CHIWAUKEE PRAIRIE STATELINE,12.7,12.60221,11.973559999999999,9.76503
9586,Chicago,08/08/2025,11.5,Wisconsin,CHIWAUKEE PRAIRIE STATELINE,11.5,11.41145,10.8422,8.84235
9587,Chicago,08/09/2025,9.6,Wisconsin,CHIWAUKEE PRAIRIE STATELINE,9.6,9.526079999999999,9.05088,7.38144
9588,Chicago,08/10/2025,5.3,Wisconsin,CHIWAUKEE PRAIRIE STATELINE,5.3,5.259189999999999,4.99684,4.07517
9589,Chicago,08/11/2025,6.0,Wisconsin,CHIWAUKEE PRAIRIE STATELINE,6.0,5.953799999999999,5.6568,4.6134
9590,Chicago,08/12/2025,4.2,Wisconsin,CHIWAUKEE PRAIRIE STATELINE,4.2,4.16766,3.95976,3.2293800000000004
9591,Chicago,08/13/2025,10.3,Wisconsin,CHIWAUKEE PRAIRIE STATELINE,10.3,10.220690000000001,9.710840000000001,7.919670000000001
9592,Chicago,08/14/2025,19.6,Wisconsin,CHIWAUKEE PRAIRIE STATELINE,19.6,19.449080000000002,18.47888,15.070440000000001
9593,Chicago,08/15/2025,18.5,Wisconsin,CHIWAUKEE PRAIRIE STATELINE,18.5,18.35755,17.4418,14.22465
9594,Chicago,08/16/2025,9.8,Wisconsin,CHIWAUKEE PRAIRIE STATELINE,9.8,9.724540000000001,9.23944,7.535220000000001
9595,Chicago,08/17/2025,4.0,Wisconsin,CHIWAUKEE PRAIRIE STATELINE,4.0,3.9692,3.7712,3.0756
9596,Chicago,08/18/2025,5.7,Wisconsin,CHIWAUKEE PRAIRIE STATELINE,5.7,5.65611,5.37396,4.3827300000000005
9597,Chicago,08/19/2025,3.0,Wisconsin,CHIWAUKEE PRAIRIE STATELINE,3.0,2.9768999999999997,2.8284,2.3067
9598,Chicago,08/20/2025,2.5,Wisconsin,CHIWAUKEE PRAIRIE STATELINE,2.5,2.48075,2.3569999999999998,1.92225
9599,Chicago,08/21/2025,2.7,Wisconsin,CHIWAUKEE PRAIRIE STATELINE,2.7,2.67921,2.54556,2.0760300000000003
9600,Chicago,08/22/2025,5.3,Wisconsin,CHIWAUKEE PRAIRIE STATELINE,5.3,5.259189999999999,4.99684,4.07517
9601,Chicago,08/23/2025,5.0,Wisconsin,CHIWAUKEE PRAIRIE STATELINE,5.0,4.9615,4.7139999999999995,3.8445
9602,Chicago,08/24/2025,2.8,Wisconsin,CHIWAUKEE PRAIRIE STATELINE,2.8,2.77844,2.63984,2.15292
9603,Chicago,08/25/2025,2.9,Wisconsin,CHIWAUKEE PRAIRIE STATELINE,2.9,2.8776699999999997,2.73412,2.22981
9604,Chicago,08/26/2025,4.0,Wisconsin,CHIWAUKEE PRAIRIE STATELINE,4.0,3.9692,3.7712,3.0756
9605,Chicago,08/27/2025,4.7,Wisconsin,CHIWAUKEE PRAIRIE STATELINE,4.7,4.66381,4.43116,3.61383
9606,Chicago,08/28/2025,4.1,Wisconsin,CHIWAUKEE PRAIRIE STATELINE,4.1,4.068429999999999,3.8654799999999994,3.15249
9607,Chicago,08/29/2025,1.9,Wisconsin,CHIWAUKEE PRAIRIE STATELINE,1.9,1.8853699999999998,1.7913199999999998,1.46091
9608,Chicago,08/30/2025,5.9,Wisconsin,CHIWAUKEE PRAIRIE STATELINE,5.9,5.85457,5.56252,4.536510000000001
9609,Chicago,08/31/2025,5.0,Wisconsin,CHIWAUKEE PRAIRIE STATELINE,5.0,4.9615,4.7139999999999995,3.8445
9610,Chicago,09/01/2025,5.9,Wisconsin,CHIWAUKEE PRAIRIE STATELINE,5.9,5.85457,5.56252,4.536510000000001
9611,Chicago,09/02/2025,5.9,Wisconsin,CHIWAUKEE PRAIRIE STATELINE,5.9,5.85457,5.56252,4.536510000000001
9612,Chicago,09/03/2025,10.4,Wisconsin,CHIWAUKEE PRAIRIE STATELINE,10.4,10.31992,9.80512,7.996560000000001
9613,Chicago,09/04/2025,7.3,Wisconsin,CHIWAUKEE PRAIRIE STATELINE,7.3,7.24379,6.88244,5.61297
9614,Chicago,09/05/2025,5.4,Wisconsin,CHIWAUKEE PRAIRIE STATELINE,5.4,5.35842,5.09112,4.1520600000000005
9615,Chicago,09/06/2025,3.8,Wisconsin,CHIWAUKEE PRAIRIE STATELINE,3.8,3.7707399999999995,3.5826399999999996,2.92182
9616,Chicago,09/07/2025,3.5,Wisconsin,CHIWAUKEE PRAIRIE STATELINE,3.5,3.4730499999999997,3.2998,2.69115
9617,Chicago,09/08/2025,4.7,Wisconsin,CHIWAUKEE PRAIRIE STATELINE,4.7,4.66381,4.43116,3.61383
9618,Chicago,09/09/2025,4.6,Wisconsin,CHIWAUKEE PRAIRIE STATELINE,4.6,4.564579999999999,4.33688,3.53694
9619,Chicago,09/10/2025,7.8,Wisconsin,CHIWAUKEE PRAIRIE STATELINE,7.8,7.73994,7.35384,5.99742
9620,Chicago,09/11/2025,6.6,Wisconsin,CHIWAUKEE PRAIRIE STATELINE,6.6,6.54918,6.222479999999999,5.07474
9621,Chicago,09/12/2025,7.5,Wisconsin,CHIWAUKEE PRAIRIE STATELINE,7.5,7.44225,7.071,5.76675
9622,Chicago,09/13/2025,10.0,Wisconsin,CHIWAUKEE PRAIRIE STATELINE,10.0,9.923,9.427999999999999,7.689
9623,Chicago,09/14/2025,9.6,Wisconsin,CHIWAUKEE PRAIRIE STATELINE,9.6,9.526079999999999,9.05088,7.38144
9624,Chicago,09/15/2025,9.7,Wisconsin,CHIWAUKEE PRAIRIE STATELINE,9.7,9.625309999999999,9.145159999999999,7.45833
9625,Chicago,09/16/2025,8.9,Wisconsin,CHIWAUKEE PRAIRIE STATELINE,8.9,8.83147,8.39092,6.843210000000001
9626,Chicago,09/17/2025,8.3,Wisconsin,CHIWAUKEE PRAIRIE STATELINE,8.3,8.23609,7.825240000000001,6.381870000000001
9627,Chicago,09/18/2025,8.6,Wisconsin,CHIWAUKEE PRAIRIE STATELINE,8.6,8.53378,8.10808,6.61254
9628,Chicago,09/19/2025,8.8,Wisconsin,CHIWAUKEE PRAIRIE STATELINE,8.8,8.732240000000001,8.29664,6.766320000000001
9629,Chicago,09/20/2025,8.2,Wisconsin,CHIWAUKEE PRAIRIE STATELINE,8.2,8.136859999999999,7.730959999999999,6.30498
9630,Chicago,09/21/2025,7.7,Wisconsin,CHIWAUKEE PRAIRIE STATELINE,7.7,7.6407099999999994,7.25956,5.92053
9631,Chicago,09/22/2025,6.4,Wisconsin,CHIWAUKEE PRAIRIE STATELINE,6.4,6.35072,6.03392,4.920960000000001
9632,Chicago,09/23/2025,3.0,Wisconsin,CHIWAUKEE PRAIRIE STATELINE,3.0,2.9768999999999997,2.8284,2.3067
9633,Chicago,09/24/2025,3.9,Wisconsin,CHIWAUKEE PRAIRIE STATELINE,3.9,3.86997,3.67692,2.99871
9634,Chicago,09/25/2025,5.8,Wisconsin,CHIWAUKEE PRAIRIE STATELINE,5.8,5.7553399999999995,5.46824,4.45962
9635,Chicago,09/26/2025,5.6,Wisconsin,CHIWAUKEE PRAIRIE STATELINE,5.6,5.55688,5.27968,4.30584
9636,Chicago,09/27/2025,7.9,Wisconsin,CHIWAUKEE PRAIRIE STATELINE,7.9,7.83917,7.44812,6.0743100000000005
9637,Chicago,09/28/2025,5.4,Wisconsin,CHIWAUKEE PRAIRIE STATELINE,5.4,5.35842,5.09112,4.1520600000000005
9638,Chicago,09/29/2025,3.6,Wisconsin,CHIWAUKEE PRAIRIE STATELINE,3.6,3.57228,3.3940799999999998,2.76804
9639,Chicago,09/30/2025,6.2,Wisconsin,CHIWAUKEE PRAIRIE STATELINE,6.2,6.15226,5.84536,4.767180000000001
9640,Chicago,10/01/2025,4.6,Wisconsin,CHIWAUKEE PRAIRIE STATELINE,4.6,4.564579999999999,4.33688,3.53694
9641,Chicago,10/02/2025,4.9,Wisconsin,CHIWAUKEE PRAIRIE STATELINE,4.9,4.8622700000000005,4.61972,3.7676100000000003
9642,Chicago,10/03/2025,10.6,Wisconsin,CHIWAUKEE PRAIRIE STATELINE,10.6,10.518379999999999,9.99368,8.15034
9643,Chicago,10/04/2025,12.7,Wisconsin,CHIWAUKEE PRAIRIE STATELINE,12.7,12.60221,11.973559999999999,9.76503
9644,Chicago,10/05/2025,8.1,Wisconsin,CHIWAUKEE PRAIRIE STATELINE,8.1,8.03763,7.636679999999999,6.22809
9645,Chicago,10/06/2025,5.8,Wisconsin,CHIWAUKEE PRAIRIE STATELINE,5.8,5.7553399999999995,5.46824,4.45962
9646,Chicago,10/07/2025,3.1,Wisconsin,CHIWAUKEE PRAIRIE STATELINE,3.1,3.07613,2.92268,2.3835900000000003
9647,Chicago,10/08/2025,1.8,Wisconsin,CHIWAUKEE PRAIRIE STATELINE,1.8,1.78614,1.6970399999999999,1.38402
9648,Chicago,10/09/2025,2.5,Wisconsin,CHIWAUKEE PRAIRIE STATELINE,2.5,2.48075,2.3569999999999998,1.92225
9649,Chicago,10/10/2025,4.8,Wisconsin,CHIWAUKEE PRAIRIE STATELINE,4.8,4.763039999999999,4.52544,3.69072
9650,Chicago,10/11/2025,2.2,Wisconsin,CHIWAUKEE PRAIRIE STATELINE,2.2,2.1830600000000002,2.07416,1.6915800000000003
9651,Chicago,10/12/2025,3.0,Wisconsin,CHIWAUKEE PRAIRIE STATELINE,3.0,2.9768999999999997,2.8284,2.3067
9652,Chicago,10/13/2025,9.0,Wisconsin,CHIWAUKEE PRAIRIE STATELINE,9.0,8.9307,8.485199999999999,6.920100000000001
9653,Chicago,10/14/2025,4.7,Wisconsin,CHIWAUKEE PRAIRIE STATELINE,4.7,4.66381,4.43116,3.61383
9654,Chicago,10/15/2025,1.1,Wisconsin,CHIWAUKEE PRAIRIE STATELINE,1.1,1.0915300000000001,1.03708,0.8457900000000002
9655,Chicago,10/16/2025,2.4,Wisconsin,CHIWAUKEE PRAIRIE STATELINE,2.4,2.3815199999999996,2.26272,1.84536
9656,Chicago,10/17/2025,4.8,Wisconsin,CHIWAUKEE PRAIRIE STATELINE,4.8,4.763039999999999,4.52544,3.69072
9657,Chicago,10/18/2025,10.2,Wisconsin,CHIWAUKEE PRAIRIE STATELINE,10.2,10.121459999999999,9.61656,7.842779999999999
9658,Chicago,10/19/2025,3.0,Wisconsin,CHIWAUKEE PRAIRIE STATELINE,3.0,2.9768999999999997,2.8284,2.3067
9659,Chicago,10/20/2025,2.8,Wisconsin,CHIWAUKEE PRAIRIE STATELINE,2.8,2.77844,2.63984,2.15292
9660,Chicago,10/21/2025,2.4,Wisconsin,CHIWAUKEE PRAIRIE STATELINE,2.4,2.3815199999999996,2.26272,1.84536
9661,Chicago,10/22/2025,1.1,Wisconsin,CHIWAUKEE PRAIRIE STATELINE,1.1,1.0915300000000001,1.03708,0.8457900000000002
9662,Chicago,10/23/2025,1.9,Wisconsin,CHIWAUKEE PRAIRIE STATELINE,1.9,1.8853699999999998,1.7913199999999998,1.46091
9663,Chicago,10/24/2025,3.3,Wisconsin,CHIWAUKEE PRAIRIE STATELINE,3.3,3.27459,3.1112399999999996,2.53737
9664,Chicago,10/25/2025,4.8,Wisconsin,CHIWAUKEE PRAIRIE STATELINE,4.8,4.763039999999999,4.52544,3.69072
9665,Chicago,10/26/2025,8.0,Wisconsin,CHIWAUKEE PRAIRIE STATELINE,8.0,7.9384,7.5424,6.1512
9666,Chicago,10/27/2025,3.1,Wisconsin,CHIWAUKEE PRAIRIE STATELINE,3.1,3.07613,2.92268,2.3835900000000003
9667,Chicago,10/28/2025,3.5,Wisconsin,CHIWAUKEE PRAIRIE STATELINE,3.5,3.4730499999999997,3.2998,2.69115
9668,Chicago,10/29/2025,3.5,Wisconsin,CHIWAUKEE PRAIRIE STATELINE,3.5,3.4730499999999997,3.2998,2.69115
9669,Chicago,10/30/2025,3.4,Wisconsin,CHIWAUKEE PRAIRIE STATELINE,3.4,3.37382,3.20552,2.61426
9670,Chicago,10/31/2025,7.6,Wisconsin,CHIWAUKEE PRAIRIE STATELINE,7.6,7.541479999999999,7.165279999999999,5.84364
9671,Chicago,11/01/2025,5.7,Wisconsin,CHIWAUKEE PRAIRIE STATELINE,5.7,5.65611,5.37396,4.3827300000000005
9672,Chicago,11/02/2025,3.9,Wisconsin,CHIWAUKEE PRAIRIE STATELINE,3.9,3.86997,3.67692,2.99871
9673,Chicago,11/21/2025,10.5,Wisconsin,CHIWAUKEE PRAIRIE STATELINE,10.5,10.41915,9.8994,8.073450000000001
9674,Chicago,11/22/2025,9.9,Wisconsin,CHIWAUKEE PRAIRIE STATELINE,9.9,9.82377,9.33372,7.61211
9675,Chicago,11/23/2025,11.9,Wisconsin,CHIWAUKEE PRAIRIE STATELINE,11.9,11.80837,11.21932,9.14991
9676,Chicago,11/24/2025,16.1,Wisconsin,CHIWAUKEE PRAIRIE STATELINE,16.1,15.976030000000002,15.17908,12.379290000000001
9677,Chicago,11/25/2025,10.5,Wisconsin,CHIWAUKEE PRAIRIE STATELINE,10.5,10.41915,9.8994,8.073450000000001
9678,Chicago,11/26/2025,1.5,Wisconsin,CHIWAUKEE PRAIRIE STATELINE,1.5,1.4884499999999998,1.4142,1.15335
9679,Chicago,11/27/2025,1.8,Wisconsin,CHIWAUKEE PRAIRIE STATELINE,1.8,1.78614,1.6970399999999999,1.38402
9680,Chicago,11/28/2025,6.0,Wisconsin,CHIWAUKEE PRAIRIE STATELINE,6.0,5.953799999999999,5.6568,4.6134
9681,Chicago,11/29/2025,4.9,Wisconsin,CHIWAUKEE PRAIRIE STATELINE,4.9,4.8622700000000005,4.61972,3.7676100000000003
9682,Chicago,11/30/2025,4.2,Wisconsin,CHIWAUKEE PRAIRIE STATELINE,4.2,4.16766,3.95976,3.2293800000000004
9683,Chicago,12/01/2025,5.4,Wisconsin,CHIWAUKEE PRAIRIE STATELINE,5.4,5.35842,5.09112,4.1520600000000005
9684,Chicago,12/02/2025,13.5,Wisconsin,CHIWAUKEE PRAIRIE STATELINE,13.5,13.396049999999999,12.7278,10.38015
9685,Chicago,12/03/2025,12.1,Wisconsin,CHIWAUKEE PRAIRIE STATELINE,12.1,12.006829999999999,11.407879999999999,9.30369
9686,Chicago,12/04/2025,5.2,Wisconsin,CHIWAUKEE PRAIRIE STATELINE,5.2,5.15996,4.90256,3.9982800000000003
9687,Chicago,12/05/2025,8.8,Wisconsin,CHIWAUKEE PRAIRIE STATELINE,8.8,8.732240000000001,8.29664,6.766320000000001
9688,Chicago,12/06/2025,11.9,Wisconsin,CHIWAUKEE PRAIRIE STATELINE,11.9,11.80837,11.21932,9.14991
9689,Chicago,12/07/2025,6.4,Wisconsin,CHIWAUKEE PRAIRIE STATELINE,6.4,6.35072,6.03392,4.920960000000001
9690,Chicago,12/08/2025,4.5,Wisconsin,CHIWAUKEE PRAIRIE STATELINE,4.5,4.46535,4.2425999999999995,3.4600500000000003
9691,Chicago,12/09/2025,13.1,Wisconsin,CHIWAUKEE PRAIRIE STATELINE,13.1,12.99913,12.350679999999999,10.07259
9692,Chicago,12/10/2025,4.4,Wisconsin,CHIWAUKEE PRAIRIE STATELINE,4.4,4.3661200000000004,4.14832,3.3831600000000006
9693,Chicago,12/11/2025,7.6,Wisconsin,CHIWAUKEE PRAIRIE STATELINE,7.6,7.541479999999999,7.165279999999999,5.84364
9694,Chicago,12/12/2025,14.6,Wisconsin,CHIWAUKEE PRAIRIE STATELINE,14.6,14.48758,13.76488,11.22594
9695,Chicago,12/13/2025,4.6,Wisconsin,CHIWAUKEE PRAIRIE STATELINE,4.6,4.564579999999999,4.33688,3.53694
9696,Chicago,12/14/2025,3.7,Wisconsin,CHIWAUKEE PRAIRIE STATELINE,3.7,3.67151,3.48836,2.84493
9697,Chicago,12/15/2025,6.4,Wisconsin,CHIWAUKEE PRAIRIE STATELINE,6.4,6.35072,6.03392,4.920960000000001
9698,Chicago,12/16/2025,12.0,Wisconsin,CHIWAUKEE PRAIRIE STATELINE,12.0,11.907599999999999,11.3136,9.2268
9699,Chicago,12/17/2025,12.4,Wisconsin,CHIWAUKEE PRAIRIE STATELINE,12.4,12.30452,11.69072,9.534360000000001
9700,Chicago,12/18/2025,8.6,Wisconsin,CHIWAUKEE PRAIRIE STATELINE,8.6,8.53378,8.10808,6.61254
9701,Chicago,12/19/2025,3.7,Wisconsin,CHIWAUKEE PRAIRIE STATELINE,3.7,3.67151,3.48836,2.84493
9702,Chicago,12/20/2025,3.4,Wisconsin,CHIWAUKEE PRAIRIE STATELINE,3.4,3.37382,3.20552,2.61426
9703,Chicago,12/21/2025,4.4,Wisconsin,CHIWAUKEE PRAIRIE STATELINE,4.4,4.3661200000000004,4.14832,3.3831600000000006
9704,Chicago,12/22/2025,4.7,Wisconsin,CHIWAUKEE PRAIRIE STATELINE,4.7,4.66381,4.43116,3.61383
9705,Chicago,12/23/2025,9.0,Wisconsin,CHIWAUKEE PRAIRIE STATELINE,9.0,8.9307,8.485199999999999,6.920100000000001
9706,Chicago,12/24/2025,11.3,Wisconsin,CHIWAUKEE PRAIRIE STATELINE,11.3,11.21299,10.653640000000001,8.68857
9707,Chicago,12/25/2025,12.1,Wisconsin,CHIWAUKEE PRAIRIE STATELINE,12.1,12.006829999999999,11.407879999999999,9.30369
9708,Chicago,12/26/2025,10.5,Wisconsin,CHIWAUKEE PRAIRIE STATELINE,10.5,10.41915,9.8994,8.073450000000001
9709,Chicago,12/27/2025,10.5,Wisconsin,CHIWAUKEE PRAIRIE STATELINE,10.5,10.41915,9.8994,8.073450000000001
9710,Chicago,12/28/2025,4.0,Wisconsin,CHIWAUKEE PRAIRIE STATELINE,4.0,3.9692,3.7712,3.0756
9711,Chicago,12/29/2025,2.1,Wisconsin,CHIWAUKEE PRAIRIE STATELINE,2.1,2.08383,1.97988,1.6146900000000002
9712,Chicago,12/30/2025,3.5,Wisconsin,CHIWAUKEE PRAIRIE STATELINE,3.5,3.4730499999999997,3.2998,2.69115
9713,Chicago,12/31/2025,5.1,Wisconsin,CHIWAUKEE PRAIRIE STATELINE,5.1,5.0607299999999995,4.80828,3.9213899999999997
