,City,Date,Daily Mean PM2.5 Concentration,State,Local Site Name,0 filters,10 filters,100 filters,1000 filters
0,Detroit,01/01/2025,2.4,Michigan,New Haven,2.4,2.3815199999999996,2.26272,1.84536
1,Detroit,01/02/2025,4.6,Michigan,New Haven,4.6,4.564579999999999,4.33688,3.53694
2,Detroit,01/03/2025,3.4,Michigan,New Haven,3.4,3.37382,3.20552,2.61426
3,Detroit,01/04/2025,1.9,Michigan,New Haven,1.9,1.8853699999999998,1.7913199999999998,1.46091
4,Detroit,01/05/2025,3.5,Michigan,New Haven,3.5,3.4730499999999997,3.2998,2.69115
5,Detroit,01/06/2025,3.0,Michigan,New Haven,3.0,2.9768999999999997,2.8284,2.3067
6,Detroit,01/07/2025,2.6,Michigan,New Haven,2.6,2.57998,2.45128,1.9991400000000001
7,Detroit,01/08/2025,4.3,Michigan,New Haven,4.3,4.26689,4.05404,3.30627
8,Detroit,01/09/2025,6.0,Michigan,New Haven,6.0,5.953799999999999,5.6568,4.6134
9,Detroit,01/10/2025,19.5,Michigan,New Haven,19.5,19.34985,18.3846,14.99355
10,Detroit,01/11/2025,15.8,Michigan,New Haven,15.8,15.67834,14.89624,12.148620000000001
11,Detroit,01/12/2025,13.6,Michigan,New Haven,13.6,13.49528,12.82208,10.45704
12,Detroit,01/13/2025,6.4,Michigan,New Haven,6.4,6.35072,6.03392,4.920960000000001
13,Detroit,01/14/2025,6.4,Michigan,New Haven,6.4,6.35072,6.03392,4.920960000000001
14,Detroit,01/15/2025,5.7,Michigan,New Haven,5.7,5.65611,5.37396,4.3827300000000005
15,Detroit,01/16/2025,15.0,Michigan,New Haven,15.0,14.8845,14.142,11.5335
16,Detroit,01/17/2025,9.8,Michigan,New Haven,9.8,9.724540000000001,9.23944,7.535220000000001
17,Detroit,01/18/2025,5.6,Michigan,New Haven,5.6,5.55688,5.27968,4.30584
18,Detroit,01/19/2025,3.0,Michigan,New Haven,3.0,2.9768999999999997,2.8284,2.3067
19,Detroit,01/20/2025,3.3,Michigan,New Haven,3.3,3.27459,3.1112399999999996,2.53737
20,Detroit,01/21/2025,4.4,Michigan,New Haven,4.4,4.3661200000000004,4.14832,3.3831600000000006
21,Detroit,01/22/2025,7.2,Michigan,New Haven,7.2,7.14456,6.7881599999999995,5.53608
22,Detroit,01/23/2025,9.1,Michigan,New Haven,9.1,9.029929999999998,8.57948,6.99699
23,Detroit,01/24/2025,8.6,Michigan,New Haven,8.6,8.53378,8.10808,6.61254
24,Detroit,01/25/2025,13.5,Michigan,New Haven,13.5,13.396049999999999,12.7278,10.38015
25,Detroit,01/26/2025,4.3,Michigan,New Haven,4.3,4.26689,4.05404,3.30627
26,Detroit,01/27/2025,5.7,Michigan,New Haven,5.7,5.65611,5.37396,4.3827300000000005
27,Detroit,01/28/2025,3.6,Michigan,New Haven,3.6,3.57228,3.3940799999999998,2.76804
28,Detroit,01/29/2025,3.1,Michigan,New Haven,3.1,3.07613,2.92268,2.3835900000000003
29,Detroit,01/30/2025,6.8,Michigan,New Haven,6.8,6.74764,6.41104,5.22852
30,Detroit,01/31/2025,11.5,Michigan,New Haven,11.5,11.41145,10.8422,8.84235
31,Detroit,02/01/2025,2.8,Michigan,New Haven,2.8,2.77844,2.63984,2.15292
32,Detroit,02/02/2025,8.2,Michigan,New Haven,8.2,8.136859999999999,7.730959999999999,6.30498
33,Detroit,02/03/2025,14.2,Michigan,New Haven,14.2,14.090659999999998,13.387759999999998,10.918379999999999
34,Detroit,02/04/2025,3.8,Michigan,New Haven,3.8,3.7707399999999995,3.5826399999999996,2.92182
35,Detroit,02/05/2025,3.3,Michigan,New Haven,3.3,3.27459,3.1112399999999996,2.53737
36,Detroit,02/06/2025,6.8,Michigan,New Haven,6.8,6.74764,6.41104,5.22852
37,Detroit,02/07/2025,5.7,Michigan,New Haven,5.7,5.65611,5.37396,4.3827300000000005
38,Detroit,02/08/2025,11.2,Michigan,New Haven,11.2,11.11376,10.55936,8.61168
39,Detroit,02/09/2025,6.5,Michigan,New Haven,6.5,6.449949999999999,6.1282,4.997850000000001
40,Detroit,02/10/2025,11.8,Michigan,New Haven,11.8,11.70914,11.12504,9.073020000000001
41,Detroit,02/11/2025,12.9,Michigan,New Haven,12.9,12.80067,12.16212,9.91881
42,Detroit,02/12/2025,9.0,Michigan,New Haven,9.0,8.9307,8.485199999999999,6.920100000000001
43,Detroit,02/13/2025,4.3,Michigan,New Haven,4.3,4.26689,4.05404,3.30627
44,Detroit,02/14/2025,11.7,Michigan,New Haven,11.7,11.60991,11.030759999999999,8.996129999999999
45,Detroit,02/15/2025,13.6,Michigan,New Haven,13.6,13.49528,12.82208,10.45704
46,Detroit,02/16/2025,6.8,Michigan,New Haven,6.8,6.74764,6.41104,5.22852
47,Detroit,02/17/2025,2.8,Michigan,New Haven,2.8,2.77844,2.63984,2.15292
48,Detroit,02/18/2025,3.9,Michigan,New Haven,3.9,3.86997,3.67692,2.99871
49,Detroit,02/19/2025,4.3,Michigan,New Haven,4.3,4.26689,4.05404,3.30627
50,Detroit,02/20/2025,4.2,Michigan,New Haven,4.2,4.16766,3.95976,3.2293800000000004
51,Detroit,02/21/2025,3.9,Michigan,New Haven,3.9,3.86997,3.67692,2.99871
52,Detroit,02/22/2025,14.3,Michigan,New Haven,14.3,14.18989,13.48204,10.995270000000001
53,Detroit,02/23/2025,17.5,Michigan,New Haven,17.5,17.36525,16.499,13.45575
54,Detroit,02/24/2025,14.2,Michigan,New Haven,14.2,14.090659999999998,13.387759999999998,10.918379999999999
55,Detroit,02/25/2025,7.4,Michigan,New Haven,7.4,7.34302,6.97672,5.68986
56,Detroit,02/26/2025,7.9,Michigan,New Haven,7.9,7.83917,7.44812,6.0743100000000005
57,Detroit,02/27/2025,10.6,Michigan,New Haven,10.6,10.518379999999999,9.99368,8.15034
58,Detroit,02/28/2025,4.1,Michigan,New Haven,4.1,4.068429999999999,3.8654799999999994,3.15249
59,Detroit,03/01/2025,2.5,Michigan,New Haven,2.5,2.48075,2.3569999999999998,1.92225
60,Detroit,03/02/2025,3.3,Michigan,New Haven,3.3,3.27459,3.1112399999999996,2.53737
61,Detroit,03/03/2025,9.4,Michigan,New Haven,9.4,9.32762,8.86232,7.22766
62,Detroit,03/04/2025,8.3,Michigan,New Haven,8.3,8.23609,7.825240000000001,6.381870000000001
63,Detroit,03/05/2025,4.9,Michigan,New Haven,4.9,4.8622700000000005,4.61972,3.7676100000000003
64,Detroit,03/06/2025,1.5,Michigan,New Haven,1.5,1.4884499999999998,1.4142,1.15335
65,Detroit,03/07/2025,5.0,Michigan,New Haven,5.0,4.9615,4.7139999999999995,3.8445
66,Detroit,03/08/2025,3.0,Michigan,New Haven,3.0,2.9768999999999997,2.8284,2.3067
67,Detroit,03/09/2025,4.4,Michigan,New Haven,4.4,4.3661200000000004,4.14832,3.3831600000000006
68,Detroit,03/10/2025,6.5,Michigan,New Haven,6.5,6.449949999999999,6.1282,4.997850000000001
69,Detroit,03/11/2025,4.4,Michigan,New Haven,4.4,4.3661200000000004,4.14832,3.3831600000000006
70,Detroit,03/12/2025,3.5,Michigan,New Haven,3.5,3.4730499999999997,3.2998,2.69115
71,Detroit,03/13/2025,7.6,Michigan,New Haven,7.6,7.541479999999999,7.165279999999999,5.84364
72,Detroit,03/14/2025,12.4,Michigan,New Haven,12.4,12.30452,11.69072,9.534360000000001
73,Detroit,03/15/2025,9.2,Michigan,New Haven,9.2,9.129159999999999,8.67376,7.07388
74,Detroit,03/16/2025,3.6,Michigan,New Haven,3.6,3.57228,3.3940799999999998,2.76804
75,Detroit,03/17/2025,2.9,Michigan,New Haven,2.9,2.8776699999999997,2.73412,2.22981
76,Detroit,03/18/2025,5.6,Michigan,New Haven,5.6,5.55688,5.27968,4.30584
77,Detroit,03/19/2025,7.8,Michigan,New Haven,7.8,7.73994,7.35384,5.99742
78,Detroit,03/20/2025,3.5,Michigan,New Haven,3.5,3.4730499999999997,3.2998,2.69115
79,Detroit,03/21/2025,4.9,Michigan,New Haven,4.9,4.8622700000000005,4.61972,3.7676100000000003
80,Detroit,03/22/2025,2.8,Michigan,New Haven,2.8,2.77844,2.63984,2.15292
81,Detroit,03/23/2025,3.5,Michigan,New Haven,3.5,3.4730499999999997,3.2998,2.69115
82,Detroit,03/24/2025,4.1,Michigan,New Haven,4.1,4.068429999999999,3.8654799999999994,3.15249
83,Detroit,03/25/2025,2.7,Michigan,New Haven,2.7,2.67921,2.54556,2.0760300000000003
84,Detroit,03/26/2025,3.4,Michigan,New Haven,3.4,3.37382,3.20552,2.61426
85,Detroit,03/27/2025,7.4,Michigan,New Haven,7.4,7.34302,6.97672,5.68986
86,Detroit,03/28/2025,10.9,Michigan,New Haven,10.9,10.81607,10.27652,8.38101
87,Detroit,03/29/2025,13.9,Michigan,New Haven,13.9,13.79297,13.10492,10.687710000000001
88,Detroit,03/30/2025,8.0,Michigan,New Haven,8.0,7.9384,7.5424,6.1512
89,Detroit,03/31/2025,3.0,Michigan,New Haven,3.0,2.9768999999999997,2.8284,2.3067
90,Detroit,04/01/2025,2.7,Michigan,New Haven,2.7,2.67921,2.54556,2.0760300000000003
91,Detroit,04/02/2025,4.0,Michigan,New Haven,4.0,3.9692,3.7712,3.0756
92,Detroit,04/03/2025,3.4,Michigan,New Haven,3.4,3.37382,3.20552,2.61426
93,Detroit,04/04/2025,3.2,Michigan,New Haven,3.2,3.17536,3.01696,2.4604800000000004
94,Detroit,04/05/2025,3.9,Michigan,New Haven,3.9,3.86997,3.67692,2.99871
95,Detroit,04/06/2025,3.0,Michigan,New Haven,3.0,2.9768999999999997,2.8284,2.3067
96,Detroit,04/07/2025,3.9,Michigan,New Haven,3.9,3.86997,3.67692,2.99871
97,Detroit,04/08/2025,2.8,Michigan,New Haven,2.8,2.77844,2.63984,2.15292
98,Detroit,04/09/2025,5.7,Michigan,New Haven,5.7,5.65611,5.37396,4.3827300000000005
99,Detroit,04/10/2025,8.2,Michigan,New Haven,8.2,8.136859999999999,7.730959999999999,6.30498
100,Detroit,04/11/2025,5.4,Michigan,New Haven,5.4,5.35842,5.09112,4.1520600000000005
101,Detroit,04/12/2025,4.5,Michigan,New Haven,4.5,4.46535,4.2425999999999995,3.4600500000000003
102,Detroit,04/13/2025,6.8,Michigan,New Haven,6.8,6.74764,6.41104,5.22852
103,Detroit,04/14/2025,5.1,Michigan,New Haven,5.1,5.0607299999999995,4.80828,3.9213899999999997
104,Detroit,04/15/2025,1.8,Michigan,New Haven,1.8,1.78614,1.6970399999999999,1.38402
105,Detroit,04/16/2025,2.1,Michigan,New Haven,2.1,2.08383,1.97988,1.6146900000000002
106,Detroit,04/17/2025,6.4,Michigan,New Haven,6.4,6.35072,6.03392,4.920960000000001
107,Detroit,04/18/2025,12.2,Michigan,New Haven,12.2,12.10606,11.502159999999998,9.38058
108,Detroit,04/19/2025,9.7,Michigan,New Haven,9.7,9.625309999999999,9.145159999999999,7.45833
109,Detroit,04/20/2025,3.0,Michigan,New Haven,3.0,2.9768999999999997,2.8284,2.3067
110,Detroit,04/21/2025,3.9,Michigan,New Haven,3.9,3.86997,3.67692,2.99871
111,Detroit,04/22/2025,2.7,Michigan,New Haven,2.7,2.67921,2.54556,2.0760300000000003
112,Detroit,04/23/2025,8.1,Michigan,New Haven,8.1,8.03763,7.636679999999999,6.22809
113,Detroit,04/24/2025,10.0,Michigan,New Haven,10.0,9.923,9.427999999999999,7.689
114,Detroit,04/25/2025,8.8,Michigan,New Haven,8.8,8.732240000000001,8.29664,6.766320000000001
115,Detroit,04/26/2025,2.9,Michigan,New Haven,2.9,2.8776699999999997,2.73412,2.22981
116,Detroit,04/27/2025,4.6,Michigan,New Haven,4.6,4.564579999999999,4.33688,3.53694
117,Detroit,04/28/2025,4.4,Michigan,New Haven,4.4,4.3661200000000004,4.14832,3.3831600000000006
118,Detroit,04/29/2025,6.4,Michigan,New Haven,6.4,6.35072,6.03392,4.920960000000001
119,Detroit,04/30/2025,3.0,Michigan,New Haven,3.0,2.9768999999999997,2.8284,2.3067
120,Detroit,05/01/2025,5.2,Michigan,New Haven,5.2,5.15996,4.90256,3.9982800000000003
121,Detroit,05/02/2025,4.1,Michigan,New Haven,4.1,4.068429999999999,3.8654799999999994,3.15249
122,Detroit,05/03/2025,2.3,Michigan,New Haven,2.3,2.2822899999999997,2.16844,1.76847
123,Detroit,05/04/2025,2.8,Michigan,New Haven,2.8,2.77844,2.63984,2.15292
124,Detroit,05/05/2025,4.9,Michigan,New Haven,4.9,4.8622700000000005,4.61972,3.7676100000000003
125,Detroit,05/06/2025,5.3,Michigan,New Haven,5.3,5.259189999999999,4.99684,4.07517
126,Detroit,05/07/2025,5.3,Michigan,New Haven,5.3,5.259189999999999,4.99684,4.07517
127,Detroit,05/08/2025,2.7,Michigan,New Haven,2.7,2.67921,2.54556,2.0760300000000003
128,Detroit,05/09/2025,3.6,Michigan,New Haven,3.6,3.57228,3.3940799999999998,2.76804
129,Detroit,05/10/2025,5.9,Michigan,New Haven,5.9,5.85457,5.56252,4.536510000000001
130,Detroit,05/11/2025,3.3,Michigan,New Haven,3.3,3.27459,3.1112399999999996,2.53737
131,Detroit,05/12/2025,6.3,Michigan,New Haven,6.3,6.2514899999999995,5.93964,4.84407
132,Detroit,05/13/2025,4.0,Michigan,New Haven,4.0,3.9692,3.7712,3.0756
133,Detroit,05/14/2025,2.8,Michigan,New Haven,2.8,2.77844,2.63984,2.15292
134,Detroit,05/15/2025,5.4,Michigan,New Haven,5.4,5.35842,5.09112,4.1520600000000005
135,Detroit,05/16/2025,5.9,Michigan,New Haven,5.9,5.85457,5.56252,4.536510000000001
136,Detroit,05/17/2025,3.8,Michigan,New Haven,3.8,3.7707399999999995,3.5826399999999996,2.92182
137,Detroit,05/18/2025,2.7,Michigan,New Haven,2.7,2.67921,2.54556,2.0760300000000003
138,Detroit,05/19/2025,2.3,Michigan,New Haven,2.3,2.2822899999999997,2.16844,1.76847
139,Detroit,05/20/2025,5.0,Michigan,New Haven,5.0,4.9615,4.7139999999999995,3.8445
140,Detroit,05/21/2025,3.6,Michigan,New Haven,3.6,3.57228,3.3940799999999998,2.76804
141,Detroit,05/22/2025,1.6,Michigan,New Haven,1.6,1.58768,1.50848,1.2302400000000002
142,Detroit,05/23/2025,1.8,Michigan,New Haven,1.8,1.78614,1.6970399999999999,1.38402
143,Detroit,05/24/2025,2.8,Michigan,New Haven,2.8,2.77844,2.63984,2.15292
144,Detroit,05/25/2025,4.8,Michigan,New Haven,4.8,4.763039999999999,4.52544,3.69072
145,Detroit,05/26/2025,5.4,Michigan,New Haven,5.4,5.35842,5.09112,4.1520600000000005
146,Detroit,05/27/2025,8.0,Michigan,New Haven,8.0,7.9384,7.5424,6.1512
147,Detroit,05/28/2025,4.3,Michigan,New Haven,4.3,4.26689,4.05404,3.30627
148,Detroit,05/29/2025,6.5,Michigan,New Haven,6.5,6.449949999999999,6.1282,4.997850000000001
149,Detroit,05/30/2025,7.1,Michigan,New Haven,7.1,7.045329999999999,6.693879999999999,5.4591899999999995
150,Detroit,05/31/2025,4.9,Michigan,New Haven,4.9,4.8622700000000005,4.61972,3.7676100000000003
151,Detroit,06/01/2025,4.4,Michigan,New Haven,4.4,4.3661200000000004,4.14832,3.3831600000000006
152,Detroit,06/02/2025,6.6,Michigan,New Haven,6.6,6.54918,6.222479999999999,5.07474
153,Detroit,06/03/2025,16.9,Michigan,New Haven,16.9,16.769869999999997,15.933319999999998,12.99441
154,Detroit,06/04/2025,23.2,Michigan,New Haven,23.2,23.021359999999998,21.87296,17.83848
155,Detroit,06/05/2025,46.8,Michigan,New Haven,46.8,46.43964,44.123039999999996,35.984519999999996
156,Detroit,06/06/2025,44.3,Michigan,New Haven,44.3,43.95889,41.76604,34.06227
157,Detroit,06/07/2025,23.4,Michigan,New Haven,23.4,23.21982,22.061519999999998,17.992259999999998
158,Detroit,06/08/2025,36.5,Michigan,New Haven,36.5,36.21895,34.4122,28.06485
159,Detroit,06/09/2025,23.6,Michigan,New Haven,23.6,23.41828,22.25008,18.146040000000003
160,Detroit,06/10/2025,12.8,Michigan,New Haven,12.8,12.70144,12.06784,9.841920000000002
161,Detroit,06/11/2025,21.8,Michigan,New Haven,21.8,21.63214,20.55304,16.76202
162,Detroit,06/12/2025,22.5,Michigan,New Haven,22.5,22.32675,21.213,17.300250000000002
163,Detroit,06/13/2025,6.5,Michigan,New Haven,6.5,6.449949999999999,6.1282,4.997850000000001
164,Detroit,06/14/2025,7.6,Michigan,New Haven,7.6,7.541479999999999,7.165279999999999,5.84364
165,Detroit,06/15/2025,7.1,Michigan,New Haven,7.1,7.045329999999999,6.693879999999999,5.4591899999999995
166,Detroit,06/16/2025,8.2,Michigan,New Haven,8.2,8.136859999999999,7.730959999999999,6.30498
167,Detroit,06/17/2025,6.3,Michigan,New Haven,6.3,6.2514899999999995,5.93964,4.84407
168,Detroit,06/18/2025,4.7,Michigan,New Haven,4.7,4.66381,4.43116,3.61383
169,Detroit,06/19/2025,3.5,Michigan,New Haven,3.5,3.4730499999999997,3.2998,2.69115
170,Detroit,06/20/2025,8.0,Michigan,New Haven,8.0,7.9384,7.5424,6.1512
171,Detroit,06/21/2025,8.4,Michigan,New Haven,8.4,8.33532,7.91952,6.458760000000001
172,Detroit,06/22/2025,9.6,Michigan,New Haven,9.6,9.526079999999999,9.05088,7.38144
173,Detroit,06/23/2025,11.8,Michigan,New Haven,11.8,11.70914,11.12504,9.073020000000001
174,Detroit,06/24/2025,9.7,Michigan,New Haven,9.7,9.625309999999999,9.145159999999999,7.45833
175,Detroit,06/25/2025,7.9,Michigan,New Haven,7.9,7.83917,7.44812,6.0743100000000005
176,Detroit,06/26/2025,10.1,Michigan,New Haven,10.1,10.022229999999999,9.522279999999999,7.76589
177,Detroit,06/27/2025,8.1,Michigan,New Haven,8.1,8.03763,7.636679999999999,6.22809
178,Detroit,06/28/2025,5.1,Michigan,New Haven,5.1,5.0607299999999995,4.80828,3.9213899999999997
179,Detroit,06/29/2025,7.0,Michigan,New Haven,7.0,6.9460999999999995,6.5996,5.3823
180,Detroit,06/30/2025,5.7,Michigan,New Haven,5.7,5.65611,5.37396,4.3827300000000005
181,Detroit,07/01/2025,5.5,Michigan,New Haven,5.5,5.45765,5.1854,4.22895
182,Detroit,07/02/2025,10.3,Michigan,New Haven,10.3,10.220690000000001,9.710840000000001,7.919670000000001
183,Detroit,07/03/2025,14.5,Michigan,New Haven,14.5,14.388349999999999,13.6706,11.14905
184,Detroit,07/04/2025,12.1,Michigan,New Haven,12.1,12.006829999999999,11.407879999999999,9.30369
185,Detroit,07/05/2025,12.9,Michigan,New Haven,12.9,12.80067,12.16212,9.91881
186,Detroit,07/06/2025,11.8,Michigan,New Haven,11.8,11.70914,11.12504,9.073020000000001
187,Detroit,07/07/2025,4.0,Michigan,New Haven,4.0,3.9692,3.7712,3.0756
188,Detroit,07/08/2025,13.4,Michigan,New Haven,13.4,13.29682,12.63352,10.30326
189,Detroit,07/09/2025,10.5,Michigan,New Haven,10.5,10.41915,9.8994,8.073450000000001
190,Detroit,07/10/2025,10.9,Michigan,New Haven,10.9,10.81607,10.27652,8.38101
191,Detroit,07/11/2025,9.2,Michigan,New Haven,9.2,9.129159999999999,8.67376,7.07388
192,Detroit,07/12/2025,7.2,Michigan,New Haven,7.2,7.14456,6.7881599999999995,5.53608
193,Detroit,07/13/2025,18.1,Michigan,New Haven,18.1,17.960630000000002,17.06468,13.917090000000002
194,Detroit,07/14/2025,32.9,Michigan,New Haven,32.9,32.64667,31.018119999999996,25.29681
195,Detroit,07/15/2025,38.6,Michigan,New Haven,38.6,38.30278,36.39208,29.679540000000003
196,Detroit,07/16/2025,17.9,Michigan,New Haven,17.9,17.762169999999998,16.876119999999997,13.763309999999999
197,Detroit,07/17/2025,3.4,Michigan,New Haven,3.4,3.37382,3.20552,2.61426
198,Detroit,07/18/2025,3.5,Michigan,New Haven,3.5,3.4730499999999997,3.2998,2.69115
199,Detroit,07/19/2025,4.8,Michigan,New Haven,4.8,4.763039999999999,4.52544,3.69072
200,Detroit,07/20/2025,5.1,Michigan,New Haven,5.1,5.0607299999999995,4.80828,3.9213899999999997
201,Detroit,07/21/2025,7.6,Michigan,New Haven,7.6,7.541479999999999,7.165279999999999,5.84364
202,Detroit,07/22/2025,3.7,Michigan,New Haven,3.7,3.67151,3.48836,2.84493
203,Detroit,07/23/2025,5.0,Michigan,New Haven,5.0,4.9615,4.7139999999999995,3.8445
204,Detroit,07/24/2025,11.3,Michigan,New Haven,11.3,11.21299,10.653640000000001,8.68857
205,Detroit,07/25/2025,9.3,Michigan,New Haven,9.3,9.228390000000001,8.768040000000001,7.1507700000000005
206,Detroit,07/26/2025,12.9,Michigan,New Haven,12.9,12.80067,12.16212,9.91881
207,Detroit,07/27/2025,7.3,Michigan,New Haven,7.3,7.24379,6.88244,5.61297
208,Detroit,07/28/2025,6.8,Michigan,New Haven,6.8,6.74764,6.41104,5.22852
209,Detroit,07/29/2025,8.4,Michigan,New Haven,8.4,8.33532,7.91952,6.458760000000001
210,Detroit,07/30/2025,22.3,Michigan,New Haven,22.3,22.12829,21.02444,17.14647
211,Detroit,07/31/2025,49.4,Michigan,New Haven,49.4,49.019619999999996,46.57432,37.98366
212,Detroit,08/01/2025,11.4,Michigan,New Haven,11.4,11.31222,10.74792,8.765460000000001
213,Detroit,08/02/2025,12.7,Michigan,New Haven,12.7,12.60221,11.973559999999999,9.76503
214,Detroit,08/03/2025,39.4,Michigan,New Haven,39.4,39.096619999999994,37.146319999999996,30.29466
215,Detroit,08/04/2025,56.1,Michigan,New Haven,56.1,55.66803,52.89108,43.135290000000005
216,Detroit,08/05/2025,36.8,Michigan,New Haven,36.8,36.516639999999995,34.69504,28.29552
217,Detroit,08/06/2025,30.1,Michigan,New Haven,30.1,29.86823,28.37828,23.143890000000003
218,Detroit,08/07/2025,16.7,Michigan,New Haven,16.7,16.57141,15.74476,12.840629999999999
219,Detroit,08/08/2025,12.1,Michigan,New Haven,12.1,12.006829999999999,11.407879999999999,9.30369
220,Detroit,08/09/2025,12.0,Michigan,New Haven,12.0,11.907599999999999,11.3136,9.2268
221,Detroit,08/10/2025,13.4,Michigan,New Haven,13.4,13.29682,12.63352,10.30326
222,Detroit,08/11/2025,11.3,Michigan,New Haven,11.3,11.21299,10.653640000000001,8.68857
223,Detroit,08/12/2025,8.7,Michigan,New Haven,8.7,8.633009999999999,8.202359999999999,6.68943
224,Detroit,08/13/2025,6.9,Michigan,New Haven,6.9,6.84687,6.50532,5.30541
225,Detroit,08/14/2025,24.0,Michigan,New Haven,24.0,23.815199999999997,22.6272,18.4536
226,Detroit,08/15/2025,25.3,Michigan,New Haven,25.3,25.10519,23.85284,19.45317
227,Detroit,08/16/2025,17.5,Michigan,New Haven,17.5,17.36525,16.499,13.45575
228,Detroit,08/17/2025,5.2,Michigan,New Haven,5.2,5.15996,4.90256,3.9982800000000003
229,Detroit,08/18/2025,2.5,Michigan,New Haven,2.5,2.48075,2.3569999999999998,1.92225
230,Detroit,08/19/2025,4.0,Michigan,New Haven,4.0,3.9692,3.7712,3.0756
231,Detroit,08/20/2025,2.2,Michigan,New Haven,2.2,2.1830600000000002,2.07416,1.6915800000000003
232,Detroit,08/21/2025,3.7,Michigan,New Haven,3.7,3.67151,3.48836,2.84493
233,Detroit,08/22/2025,3.6,Michigan,New Haven,3.6,3.57228,3.3940799999999998,2.76804
234,Detroit,08/23/2025,5.6,Michigan,New Haven,5.6,5.55688,5.27968,4.30584
235,Detroit,08/24/2025,3.2,Michigan,New Haven,3.2,3.17536,3.01696,2.4604800000000004
236,Detroit,08/25/2025,2.2,Michigan,New Haven,2.2,2.1830600000000002,2.07416,1.6915800000000003
237,Detroit,08/26/2025,3.7,Michigan,New Haven,3.7,3.67151,3.48836,2.84493
238,Detroit,08/27/2025,4.4,Michigan,New Haven,4.4,4.3661200000000004,4.14832,3.3831600000000006
239,Detroit,08/28/2025,4.9,Michigan,New Haven,4.9,4.8622700000000005,4.61972,3.7676100000000003
240,Detroit,08/29/2025,2.4,Michigan,New Haven,2.4,2.3815199999999996,2.26272,1.84536
241,Detroit,08/30/2025,3.8,Michigan,New Haven,3.8,3.7707399999999995,3.5826399999999996,2.92182
242,Detroit,08/31/2025,5.8,Michigan,New Haven,5.8,5.7553399999999995,5.46824,4.45962
243,Detroit,09/01/2025,5.9,Michigan,New Haven,5.9,5.85457,5.56252,4.536510000000001
244,Detroit,09/02/2025,5.2,Michigan,New Haven,5.2,5.15996,4.90256,3.9982800000000003
245,Detroit,09/03/2025,5.8,Michigan,New Haven,5.8,5.7553399999999995,5.46824,4.45962
246,Detroit,09/04/2025,5.4,Michigan,New Haven,5.4,5.35842,5.09112,4.1520600000000005
247,Detroit,09/05/2025,7.0,Michigan,New Haven,7.0,6.9460999999999995,6.5996,5.3823
248,Detroit,09/06/2025,3.6,Michigan,New Haven,3.6,3.57228,3.3940799999999998,2.76804
249,Detroit,09/07/2025,3.7,Michigan,New Haven,3.7,3.67151,3.48836,2.84493
250,Detroit,09/08/2025,3.2,Michigan,New Haven,3.2,3.17536,3.01696,2.4604800000000004
251,Detroit,09/09/2025,4.2,Michigan,New Haven,4.2,4.16766,3.95976,3.2293800000000004
252,Detroit,09/10/2025,5.6,Michigan,New Haven,5.6,5.55688,5.27968,4.30584
253,Detroit,09/11/2025,7.0,Michigan,New Haven,7.0,6.9460999999999995,6.5996,5.3823
254,Detroit,09/12/2025,12.7,Michigan,New Haven,12.7,12.60221,11.973559999999999,9.76503
255,Detroit,09/13/2025,16.5,Michigan,New Haven,16.5,16.37295,15.556199999999999,12.68685
256,Detroit,09/14/2025,14.4,Michigan,New Haven,14.4,14.28912,13.576319999999999,11.07216
257,Detroit,09/15/2025,8.8,Michigan,New Haven,8.8,8.732240000000001,8.29664,6.766320000000001
258,Detroit,09/16/2025,7.3,Michigan,New Haven,7.3,7.24379,6.88244,5.61297
259,Detroit,09/17/2025,7.5,Michigan,New Haven,7.5,7.44225,7.071,5.76675
260,Detroit,09/18/2025,10.9,Michigan,New Haven,10.9,10.81607,10.27652,8.38101
261,Detroit,09/19/2025,4.6,Michigan,New Haven,4.6,4.564579999999999,4.33688,3.53694
262,Detroit,09/20/2025,3.3,Michigan,New Haven,3.3,3.27459,3.1112399999999996,2.53737
263,Detroit,09/21/2025,6.2,Michigan,New Haven,6.2,6.15226,5.84536,4.767180000000001
264,Detroit,09/22/2025,8.9,Michigan,New Haven,8.9,8.83147,8.39092,6.843210000000001
265,Detroit,09/23/2025,8.8,Michigan,New Haven,8.8,8.732240000000001,8.29664,6.766320000000001
266,Detroit,09/24/2025,7.0,Michigan,New Haven,7.0,6.9460999999999995,6.5996,5.3823
267,Detroit,09/25/2025,5.2,Michigan,New Haven,5.2,5.15996,4.90256,3.9982800000000003
268,Detroit,09/26/2025,7.1,Michigan,New Haven,7.1,7.045329999999999,6.693879999999999,5.4591899999999995
269,Detroit,09/27/2025,10.1,Michigan,New Haven,10.1,10.022229999999999,9.522279999999999,7.76589
270,Detroit,09/28/2025,8.1,Michigan,New Haven,8.1,8.03763,7.636679999999999,6.22809
271,Detroit,09/29/2025,4.9,Michigan,New Haven,4.9,4.8622700000000005,4.61972,3.7676100000000003
272,Detroit,09/30/2025,5.0,Michigan,New Haven,5.0,4.9615,4.7139999999999995,3.8445
273,Detroit,10/01/2025,4.0,Michigan,New Haven,4.0,3.9692,3.7712,3.0756
274,Detroit,10/02/2025,3.6,Michigan,New Haven,3.6,3.57228,3.3940799999999998,2.76804
275,Detroit,10/03/2025,6.8,Michigan,New Haven,6.8,6.74764,6.41104,5.22852
276,Detroit,10/04/2025,12.8,Michigan,New Haven,12.8,12.70144,12.06784,9.841920000000002
277,Detroit,10/05/2025,12.3,Michigan,New Haven,12.3,12.20529,11.596440000000001,9.45747
278,Detroit,10/06/2025,6.2,Michigan,New Haven,6.2,6.15226,5.84536,4.767180000000001
279,Detroit,10/07/2025,2.9,Michigan,New Haven,2.9,2.8776699999999997,2.73412,2.22981
280,Detroit,10/08/2025,2.3,Michigan,New Haven,2.3,2.2822899999999997,2.16844,1.76847
281,Detroit,10/09/2025,4.6,Michigan,New Haven,4.6,4.564579999999999,4.33688,3.53694
282,Detroit,10/10/2025,4.5,Michigan,New Haven,4.5,4.46535,4.2425999999999995,3.4600500000000003
283,Detroit,10/11/2025,4.2,Michigan,New Haven,4.2,4.16766,3.95976,3.2293800000000004
284,Detroit,10/12/2025,6.8,Michigan,New Haven,6.8,6.74764,6.41104,5.22852
285,Detroit,10/13/2025,4.3,Michigan,New Haven,4.3,4.26689,4.05404,3.30627
286,Detroit,10/14/2025,5.6,Michigan,New Haven,5.6,5.55688,5.27968,4.30584
287,Detroit,10/15/2025,1.4,Michigan,New Haven,1.4,1.38922,1.31992,1.07646
288,Detroit,10/16/2025,2.6,Michigan,New Haven,2.6,2.57998,2.45128,1.9991400000000001
289,Detroit,10/17/2025,4.1,Michigan,New Haven,4.1,4.068429999999999,3.8654799999999994,3.15249
290,Detroit,10/18/2025,8.5,Michigan,New Haven,8.5,8.43455,8.0138,6.53565
291,Detroit,10/19/2025,5.5,Michigan,New Haven,5.5,5.45765,5.1854,4.22895
292,Detroit,10/20/2025,3.2,Michigan,New Haven,3.2,3.17536,3.01696,2.4604800000000004
293,Detroit,10/21/2025,2.9,Michigan,New Haven,2.9,2.8776699999999997,2.73412,2.22981
294,Detroit,10/22/2025,1.8,Michigan,New Haven,1.8,1.78614,1.6970399999999999,1.38402
295,Detroit,10/23/2025,1.3,Michigan,New Haven,1.3,1.28999,1.22564,0.9995700000000001
296,Detroit,10/24/2025,2.3,Michigan,New Haven,2.3,2.2822899999999997,2.16844,1.76847
297,Detroit,10/25/2025,5.1,Michigan,New Haven,5.1,5.0607299999999995,4.80828,3.9213899999999997
298,Detroit,10/26/2025,5.7,Michigan,New Haven,5.7,5.65611,5.37396,4.3827300000000005
299,Detroit,10/27/2025,3.4,Michigan,New Haven,3.4,3.37382,3.20552,2.61426
300,Detroit,10/28/2025,3.3,Michigan,New Haven,3.3,3.27459,3.1112399999999996,2.53737
301,Detroit,10/29/2025,4.8,Michigan,New Haven,4.8,4.763039999999999,4.52544,3.69072
302,Detroit,10/30/2025,4.0,Michigan,New Haven,4.0,3.9692,3.7712,3.0756
303,Detroit,10/31/2025,3.1,Michigan,New Haven,3.1,3.07613,2.92268,2.3835900000000003
304,Detroit,11/01/2025,8.3,Michigan,New Haven,8.3,8.23609,7.825240000000001,6.381870000000001
305,Detroit,11/02/2025,10.5,Michigan,New Haven,10.5,10.41915,9.8994,8.073450000000001
306,Detroit,11/03/2025,5.2,Michigan,New Haven,5.2,5.15996,4.90256,3.9982800000000003
307,Detroit,11/04/2025,3.9,Michigan,New Haven,3.9,3.86997,3.67692,2.99871
308,Detroit,11/05/2025,5.6,Michigan,New Haven,5.6,5.55688,5.27968,4.30584
309,Detroit,11/06/2025,3.1,Michigan,New Haven,3.1,3.07613,2.92268,2.3835900000000003
310,Detroit,11/07/2025,6.6,Michigan,New Haven,6.6,6.54918,6.222479999999999,5.07474
311,Detroit,11/08/2025,2.5,Michigan,New Haven,2.5,2.48075,2.3569999999999998,1.92225
312,Detroit,11/09/2025,2.8,Michigan,New Haven,2.8,2.77844,2.63984,2.15292
313,Detroit,11/10/2025,1.3,Michigan,New Haven,1.3,1.28999,1.22564,0.9995700000000001
314,Detroit,11/11/2025,4.1,Michigan,New Haven,4.1,4.068429999999999,3.8654799999999994,3.15249
315,Detroit,11/12/2025,4.9,Michigan,New Haven,4.9,4.8622700000000005,4.61972,3.7676100000000003
316,Detroit,11/13/2025,5.3,Michigan,New Haven,5.3,5.259189999999999,4.99684,4.07517
317,Detroit,11/14/2025,9.8,Michigan,New Haven,9.8,9.724540000000001,9.23944,7.535220000000001
318,Detroit,11/15/2025,13.2,Michigan,New Haven,13.2,13.09836,12.444959999999998,10.14948
319,Detroit,11/16/2025,2.5,Michigan,New Haven,2.5,2.48075,2.3569999999999998,1.92225
320,Detroit,11/17/2025,3.8,Michigan,New Haven,3.8,3.7707399999999995,3.5826399999999996,2.92182
321,Detroit,11/18/2025,8.7,Michigan,New Haven,8.7,8.633009999999999,8.202359999999999,6.68943
322,Detroit,11/19/2025,4.7,Michigan,New Haven,4.7,4.66381,4.43116,3.61383
323,Detroit,11/20/2025,12.9,Michigan,New Haven,12.9,12.80067,12.16212,9.91881
324,Detroit,11/21/2025,15.5,Michigan,New Haven,15.5,15.38065,14.6134,11.917950000000001
325,Detroit,11/22/2025,5.4,Michigan,New Haven,5.4,5.35842,5.09112,4.1520600000000005
326,Detroit,11/23/2025,6.3,Michigan,New Haven,6.3,6.2514899999999995,5.93964,4.84407
327,Detroit,11/24/2025,6.6,Michigan,New Haven,6.6,6.54918,6.222479999999999,5.07474
328,Detroit,11/25/2025,8.2,Michigan,New Haven,8.2,8.136859999999999,7.730959999999999,6.30498
329,Detroit,11/26/2025,4.8,Michigan,New Haven,4.8,4.763039999999999,4.52544,3.69072
330,Detroit,11/27/2025,0.7,Michigan,New Haven,0.7,0.69461,0.65996,0.53823
331,Detroit,11/28/2025,1.4,Michigan,New Haven,1.4,1.38922,1.31992,1.07646
332,Detroit,11/29/2025,4.1,Michigan,New Haven,4.1,4.068429999999999,3.8654799999999994,3.15249
333,Detroit,11/30/2025,3.7,Michigan,New Haven,3.7,3.67151,3.48836,2.84493
334,Detroit,12/01/2025,3.8,Michigan,New Haven,3.8,3.7707399999999995,3.5826399999999996,2.92182
335,Detroit,12/02/2025,8.1,Michigan,New Haven,8.1,8.03763,7.636679999999999,6.22809
336,Detroit,12/03/2025,19.9,Michigan,New Haven,19.9,19.746769999999998,18.761719999999997,15.30111
337,Detroit,12/04/2025,6.0,Michigan,New Haven,6.0,5.953799999999999,5.6568,4.6134
338,Detroit,12/05/2025,13.8,Michigan,New Haven,13.8,13.69374,13.01064,10.61082
339,Detroit,12/06/2025,16.3,Michigan,New Haven,16.3,16.17449,15.36764,12.53307
340,Detroit,12/07/2025,6.6,Michigan,New Haven,6.6,6.54918,6.222479999999999,5.07474
341,Detroit,12/08/2025,3.6,Michigan,New Haven,3.6,3.57228,3.3940799999999998,2.76804
342,Detroit,12/09/2025,10.2,Michigan,New Haven,10.2,10.121459999999999,9.61656,7.842779999999999
343,Detroit,12/10/2025,6.2,Michigan,New Haven,6.2,6.15226,5.84536,4.767180000000001
344,Detroit,12/11/2025,2.1,Michigan,New Haven,2.1,2.08383,1.97988,1.6146900000000002
345,Detroit,12/12/2025,6.1,Michigan,New Haven,6.1,6.05303,5.751079999999999,4.69029
346,Detroit,12/13/2025,7.4,Michigan,New Haven,7.4,7.34302,6.97672,5.68986
347,Detroit,12/14/2025,3.8,Michigan,New Haven,3.8,3.7707399999999995,3.5826399999999996,2.92182
348,Detroit,12/15/2025,6.4,Michigan,New Haven,6.4,6.35072,6.03392,4.920960000000001
349,Detroit,12/16/2025,14.5,Michigan,New Haven,14.5,14.388349999999999,13.6706,11.14905
350,Detroit,12/17/2025,12.5,Michigan,New Haven,12.5,12.403749999999999,11.785,9.61125
351,Detroit,12/18/2025,11.5,Michigan,New Haven,11.5,11.41145,10.8422,8.84235
352,Detroit,12/19/2025,3.6,Michigan,New Haven,3.6,3.57228,3.3940799999999998,2.76804
353,Detroit,12/20/2025,5.7,Michigan,New Haven,5.7,5.65611,5.37396,4.3827300000000005
354,Detroit,12/21/2025,5.5,Michigan,New Haven,5.5,5.45765,5.1854,4.22895
355,Detroit,12/22/2025,9.2,Michigan,New Haven,9.2,9.129159999999999,8.67376,7.07388
356,Detroit,12/23/2025,9.2,Michigan,New Haven,9.2,9.129159999999999,8.67376,7.07388
357,Detroit,12/24/2025,11.1,Michigan,New Haven,11.1,11.014529999999999,10.465079999999999,8.53479
358,Detroit,12/25/2025,7.6,Michigan,New Haven,7.6,7.541479999999999,7.165279999999999,5.84364
359,Detroit,12/26/2025,3.3,Michigan,New Haven,3.3,3.27459,3.1112399999999996,2.53737
360,Detroit,12/27/2025,5.2,Michigan,New Haven,5.2,5.15996,4.90256,3.9982800000000003
361,Detroit,12/28/2025,7.0,Michigan,New Haven,7.0,6.9460999999999995,6.5996,5.3823
362,Detroit,12/29/2025,1.6,Michigan,New Haven,1.6,1.58768,1.50848,1.2302400000000002
363,Detroit,12/30/2025,2.0,Michigan,New Haven,2.0,1.9846,1.8856,1.5378
364,Detroit,12/31/2025,6.4,Michigan,New Haven,6.4,6.35072,6.03392,4.920960000000001
365,Detroit,01/01/2025,2.9,Michigan,Oak Park,2.9,2.8776699999999997,2.73412,2.22981
366,Detroit,01/02/2025,4.9,Michigan,Oak Park,4.9,4.8622700000000005,4.61972,3.7676100000000003
367,Detroit,01/03/2025,3.9,Michigan,Oak Park,3.9,3.86997,3.67692,2.99871
368,Detroit,01/04/2025,2.2,Michigan,Oak Park,2.2,2.1830600000000002,2.07416,1.6915800000000003
369,Detroit,01/05/2025,3.8,Michigan,Oak Park,3.8,3.7707399999999995,3.5826399999999996,2.92182
370,Detroit,01/06/2025,2.7,Michigan,Oak Park,2.7,2.67921,2.54556,2.0760300000000003
371,Detroit,01/07/2025,1.8,Michigan,Oak Park,1.8,1.78614,1.6970399999999999,1.38402
372,Detroit,01/08/2025,2.5,Michigan,Oak Park,2.5,2.48075,2.3569999999999998,1.92225
373,Detroit,01/09/2025,4.8,Michigan,Oak Park,4.8,4.763039999999999,4.52544,3.69072
374,Detroit,01/10/2025,22.7,Michigan,Oak Park,22.7,22.525209999999998,21.40156,17.45403
375,Detroit,01/11/2025,15.9,Michigan,Oak Park,15.9,15.777569999999999,14.99052,12.22551
376,Detroit,01/12/2025,15.6,Michigan,Oak Park,15.6,15.47988,14.70768,11.99484
377,Detroit,01/13/2025,7.0,Michigan,Oak Park,7.0,6.9460999999999995,6.5996,5.3823
378,Detroit,01/14/2025,5.9,Michigan,Oak Park,5.9,5.85457,5.56252,4.536510000000001
379,Detroit,01/15/2025,6.2,Michigan,Oak Park,6.2,6.15226,5.84536,4.767180000000001
380,Detroit,01/16/2025,15.4,Michigan,Oak Park,15.4,15.281419999999999,14.51912,11.84106
381,Detroit,01/17/2025,9.9,Michigan,Oak Park,9.9,9.82377,9.33372,7.61211
382,Detroit,01/18/2025,5.5,Michigan,Oak Park,5.5,5.45765,5.1854,4.22895
383,Detroit,01/19/2025,2.8,Michigan,Oak Park,2.8,2.77844,2.63984,2.15292
384,Detroit,01/20/2025,3.6,Michigan,Oak Park,3.6,3.57228,3.3940799999999998,2.76804
385,Detroit,01/21/2025,4.8,Michigan,Oak Park,4.8,4.763039999999999,4.52544,3.69072
386,Detroit,01/22/2025,7.5,Michigan,Oak Park,7.5,7.44225,7.071,5.76675
387,Detroit,01/23/2025,8.7,Michigan,Oak Park,8.7,8.633009999999999,8.202359999999999,6.68943
388,Detroit,01/24/2025,7.9,Michigan,Oak Park,7.9,7.83917,7.44812,6.0743100000000005
389,Detroit,01/25/2025,11.9,Michigan,Oak Park,11.9,11.80837,11.21932,9.14991
390,Detroit,01/26/2025,4.6,Michigan,Oak Park,4.6,4.564579999999999,4.33688,3.53694
391,Detroit,01/27/2025,5.9,Michigan,Oak Park,5.9,5.85457,5.56252,4.536510000000001
392,Detroit,01/28/2025,4.2,Michigan,Oak Park,4.2,4.16766,3.95976,3.2293800000000004
393,Detroit,01/29/2025,3.3,Michigan,Oak Park,3.3,3.27459,3.1112399999999996,2.53737
394,Detroit,01/30/2025,7.6,Michigan,Oak Park,7.6,7.541479999999999,7.165279999999999,5.84364
395,Detroit,01/31/2025,11.4,Michigan,Oak Park,11.4,11.31222,10.74792,8.765460000000001
396,Detroit,02/01/2025,3.2,Michigan,Oak Park,3.2,3.17536,3.01696,2.4604800000000004
397,Detroit,02/02/2025,10.1,Michigan,Oak Park,10.1,10.022229999999999,9.522279999999999,7.76589
398,Detroit,02/03/2025,22.0,Michigan,Oak Park,22.0,21.8306,20.7416,16.9158
399,Detroit,02/04/2025,3.6,Michigan,Oak Park,3.6,3.57228,3.3940799999999998,2.76804
400,Detroit,02/05/2025,3.3,Michigan,Oak Park,3.3,3.27459,3.1112399999999996,2.53737
401,Detroit,02/06/2025,7.5,Michigan,Oak Park,7.5,7.44225,7.071,5.76675
402,Detroit,02/07/2025,5.6,Michigan,Oak Park,5.6,5.55688,5.27968,4.30584
403,Detroit,02/08/2025,11.1,Michigan,Oak Park,11.1,11.014529999999999,10.465079999999999,8.53479
404,Detroit,02/09/2025,7.4,Michigan,Oak Park,7.4,7.34302,6.97672,5.68986
405,Detroit,02/10/2025,10.2,Michigan,Oak Park,10.2,10.121459999999999,9.61656,7.842779999999999
406,Detroit,02/11/2025,11.6,Michigan,Oak Park,11.6,11.510679999999999,10.93648,8.91924
407,Detroit,02/12/2025,10.3,Michigan,Oak Park,10.3,10.220690000000001,9.710840000000001,7.919670000000001
408,Detroit,02/13/2025,5.2,Michigan,Oak Park,5.2,5.15996,4.90256,3.9982800000000003
409,Detroit,02/14/2025,14.8,Michigan,Oak Park,14.8,14.68604,13.95344,11.37972
410,Detroit,02/15/2025,17.0,Michigan,Oak Park,17.0,16.8691,16.0276,13.0713
411,Detroit,02/16/2025,6.4,Michigan,Oak Park,6.4,6.35072,6.03392,4.920960000000001
412,Detroit,02/17/2025,3.1,Michigan,Oak Park,3.1,3.07613,2.92268,2.3835900000000003
413,Detroit,02/18/2025,4.2,Michigan,Oak Park,4.2,4.16766,3.95976,3.2293800000000004
414,Detroit,02/19/2025,4.2,Michigan,Oak Park,4.2,4.16766,3.95976,3.2293800000000004
415,Detroit,02/20/2025,4.0,Michigan,Oak Park,4.0,3.9692,3.7712,3.0756
416,Detroit,02/21/2025,4.3,Michigan,Oak Park,4.3,4.26689,4.05404,3.30627
417,Detroit,02/22/2025,14.5,Michigan,Oak Park,14.5,14.388349999999999,13.6706,11.14905
418,Detroit,02/23/2025,16.2,Michigan,Oak Park,16.2,16.07526,15.273359999999998,12.45618
419,Detroit,02/24/2025,13.1,Michigan,Oak Park,13.1,12.99913,12.350679999999999,10.07259
420,Detroit,02/25/2025,6.8,Michigan,Oak Park,6.8,6.74764,6.41104,5.22852
421,Detroit,02/26/2025,9.8,Michigan,Oak Park,9.8,9.724540000000001,9.23944,7.535220000000001
422,Detroit,02/27/2025,9.9,Michigan,Oak Park,9.9,9.82377,9.33372,7.61211
423,Detroit,02/28/2025,4.6,Michigan,Oak Park,4.6,4.564579999999999,4.33688,3.53694
424,Detroit,03/01/2025,2.3,Michigan,Oak Park,2.3,2.2822899999999997,2.16844,1.76847
425,Detroit,03/02/2025,4.4,Michigan,Oak Park,4.4,4.3661200000000004,4.14832,3.3831600000000006
426,Detroit,03/03/2025,11.3,Michigan,Oak Park,11.3,11.21299,10.653640000000001,8.68857
427,Detroit,03/04/2025,10.9,Michigan,Oak Park,10.9,10.81607,10.27652,8.38101
428,Detroit,03/05/2025,5.6,Michigan,Oak Park,5.6,5.55688,5.27968,4.30584
429,Detroit,03/06/2025,1.6,Michigan,Oak Park,1.6,1.58768,1.50848,1.2302400000000002
430,Detroit,03/07/2025,5.3,Michigan,Oak Park,5.3,5.259189999999999,4.99684,4.07517
431,Detroit,03/08/2025,3.4,Michigan,Oak Park,3.4,3.37382,3.20552,2.61426
432,Detroit,03/09/2025,4.4,Michigan,Oak Park,4.4,4.3661200000000004,4.14832,3.3831600000000006
433,Detroit,03/10/2025,5.6,Michigan,Oak Park,5.6,5.55688,5.27968,4.30584
434,Detroit,03/11/2025,4.6,Michigan,Oak Park,4.6,4.564579999999999,4.33688,3.53694
435,Detroit,03/12/2025,3.0,Michigan,Oak Park,3.0,2.9768999999999997,2.8284,2.3067
436,Detroit,03/13/2025,8.3,Michigan,Oak Park,8.3,8.23609,7.825240000000001,6.381870000000001
437,Detroit,03/14/2025,13.4,Michigan,Oak Park,13.4,13.29682,12.63352,10.30326
438,Detroit,03/15/2025,9.4,Michigan,Oak Park,9.4,9.32762,8.86232,7.22766
439,Detroit,03/16/2025,3.6,Michigan,Oak Park,3.6,3.57228,3.3940799999999998,2.76804
440,Detroit,03/17/2025,3.6,Michigan,Oak Park,3.6,3.57228,3.3940799999999998,2.76804
441,Detroit,03/18/2025,6.2,Michigan,Oak Park,6.2,6.15226,5.84536,4.767180000000001
442,Detroit,03/19/2025,8.2,Michigan,Oak Park,8.2,8.136859999999999,7.730959999999999,6.30498
443,Detroit,03/20/2025,3.1,Michigan,Oak Park,3.1,3.07613,2.92268,2.3835900000000003
444,Detroit,03/21/2025,4.5,Michigan,Oak Park,4.5,4.46535,4.2425999999999995,3.4600500000000003
445,Detroit,03/22/2025,2.9,Michigan,Oak Park,2.9,2.8776699999999997,2.73412,2.22981
446,Detroit,03/23/2025,5.3,Michigan,Oak Park,5.3,5.259189999999999,4.99684,4.07517
447,Detroit,03/24/2025,4.4,Michigan,Oak Park,4.4,4.3661200000000004,4.14832,3.3831600000000006
448,Detroit,03/25/2025,2.9,Michigan,Oak Park,2.9,2.8776699999999997,2.73412,2.22981
449,Detroit,03/26/2025,3.4,Michigan,Oak Park,3.4,3.37382,3.20552,2.61426
450,Detroit,03/27/2025,7.6,Michigan,Oak Park,7.6,7.541479999999999,7.165279999999999,5.84364
451,Detroit,03/28/2025,10.1,Michigan,Oak Park,10.1,10.022229999999999,9.522279999999999,7.76589
452,Detroit,03/29/2025,9.0,Michigan,Oak Park,9.0,8.9307,8.485199999999999,6.920100000000001
453,Detroit,03/30/2025,9.4,Michigan,Oak Park,9.4,9.32762,8.86232,7.22766
454,Detroit,03/31/2025,2.4,Michigan,Oak Park,2.4,2.3815199999999996,2.26272,1.84536
455,Detroit,04/01/2025,3.1,Michigan,Oak Park,3.1,3.07613,2.92268,2.3835900000000003
456,Detroit,04/02/2025,4.9,Michigan,Oak Park,4.9,4.8622700000000005,4.61972,3.7676100000000003
457,Detroit,04/03/2025,3.6,Michigan,Oak Park,3.6,3.57228,3.3940799999999998,2.76804
458,Detroit,04/04/2025,3.7,Michigan,Oak Park,3.7,3.67151,3.48836,2.84493
459,Detroit,04/05/2025,3.8,Michigan,Oak Park,3.8,3.7707399999999995,3.5826399999999996,2.92182
460,Detroit,04/06/2025,3.4,Michigan,Oak Park,3.4,3.37382,3.20552,2.61426
461,Detroit,04/07/2025,4.3,Michigan,Oak Park,4.3,4.26689,4.05404,3.30627
462,Detroit,04/08/2025,2.9,Michigan,Oak Park,2.9,2.8776699999999997,2.73412,2.22981
463,Detroit,04/09/2025,7.3,Michigan,Oak Park,7.3,7.24379,6.88244,5.61297
464,Detroit,04/10/2025,7.9,Michigan,Oak Park,7.9,7.83917,7.44812,6.0743100000000005
465,Detroit,04/11/2025,5.9,Michigan,Oak Park,5.9,5.85457,5.56252,4.536510000000001
466,Detroit,04/12/2025,4.9,Michigan,Oak Park,4.9,4.8622700000000005,4.61972,3.7676100000000003
467,Detroit,04/13/2025,7.2,Michigan,Oak Park,7.2,7.14456,6.7881599999999995,5.53608
468,Detroit,04/14/2025,5.4,Michigan,Oak Park,5.4,5.35842,5.09112,4.1520600000000005
469,Detroit,04/15/2025,1.7,Michigan,Oak Park,1.7,1.68691,1.60276,1.30713
470,Detroit,04/16/2025,2.2,Michigan,Oak Park,2.2,2.1830600000000002,2.07416,1.6915800000000003
471,Detroit,04/17/2025,7.0,Michigan,Oak Park,7.0,6.9460999999999995,6.5996,5.3823
472,Detroit,04/18/2025,12.3,Michigan,Oak Park,12.3,12.20529,11.596440000000001,9.45747
473,Detroit,04/19/2025,9.5,Michigan,Oak Park,9.5,9.42685,8.9566,7.30455
474,Detroit,04/20/2025,3.8,Michigan,Oak Park,3.8,3.7707399999999995,3.5826399999999996,2.92182
475,Detroit,04/21/2025,3.8,Michigan,Oak Park,3.8,3.7707399999999995,3.5826399999999996,2.92182
476,Detroit,04/22/2025,3.1,Michigan,Oak Park,3.1,3.07613,2.92268,2.3835900000000003
477,Detroit,04/23/2025,8.7,Michigan,Oak Park,8.7,8.633009999999999,8.202359999999999,6.68943
478,Detroit,04/24/2025,10.8,Michigan,Oak Park,10.8,10.71684,10.18224,8.304120000000001
479,Detroit,04/25/2025,9.9,Michigan,Oak Park,9.9,9.82377,9.33372,7.61211
480,Detroit,04/26/2025,3.4,Michigan,Oak Park,3.4,3.37382,3.20552,2.61426
481,Detroit,04/27/2025,4.7,Michigan,Oak Park,4.7,4.66381,4.43116,3.61383
482,Detroit,04/28/2025,4.8,Michigan,Oak Park,4.8,4.763039999999999,4.52544,3.69072
483,Detroit,04/29/2025,6.8,Michigan,Oak Park,6.8,6.74764,6.41104,5.22852
484,Detroit,04/30/2025,3.5,Michigan,Oak Park,3.5,3.4730499999999997,3.2998,2.69115
485,Detroit,05/01/2025,6.1,Michigan,Oak Park,6.1,6.05303,5.751079999999999,4.69029
486,Detroit,05/02/2025,5.7,Michigan,Oak Park,5.7,5.65611,5.37396,4.3827300000000005
487,Detroit,05/03/2025,2.5,Michigan,Oak Park,2.5,2.48075,2.3569999999999998,1.92225
488,Detroit,05/04/2025,3.2,Michigan,Oak Park,3.2,3.17536,3.01696,2.4604800000000004
489,Detroit,05/05/2025,7.2,Michigan,Oak Park,7.2,7.14456,6.7881599999999995,5.53608
490,Detroit,05/06/2025,7.9,Michigan,Oak Park,7.9,7.83917,7.44812,6.0743100000000005
491,Detroit,05/07/2025,5.1,Michigan,Oak Park,5.1,5.0607299999999995,4.80828,3.9213899999999997
492,Detroit,05/08/2025,2.9,Michigan,Oak Park,2.9,2.8776699999999997,2.73412,2.22981
493,Detroit,05/09/2025,3.6,Michigan,Oak Park,3.6,3.57228,3.3940799999999998,2.76804
494,Detroit,05/10/2025,6.3,Michigan,Oak Park,6.3,6.2514899999999995,5.93964,4.84407
495,Detroit,05/11/2025,4.1,Michigan,Oak Park,4.1,4.068429999999999,3.8654799999999994,3.15249
496,Detroit,05/12/2025,6.8,Michigan,Oak Park,6.8,6.74764,6.41104,5.22852
497,Detroit,05/13/2025,4.0,Michigan,Oak Park,4.0,3.9692,3.7712,3.0756
498,Detroit,05/14/2025,4.4,Michigan,Oak Park,4.4,4.3661200000000004,4.14832,3.3831600000000006
499,Detroit,05/15/2025,7.1,Michigan,Oak Park,7.1,7.045329999999999,6.693879999999999,5.4591899999999995
500,Detroit,05/16/2025,6.3,Michigan,Oak Park,6.3,6.2514899999999995,5.93964,4.84407
501,Detroit,05/17/2025,3.4,Michigan,Oak Park,3.4,3.37382,3.20552,2.61426
502,Detroit,05/18/2025,2.7,Michigan,Oak Park,2.7,2.67921,2.54556,2.0760300000000003
503,Detroit,05/19/2025,2.9,Michigan,Oak Park,2.9,2.8776699999999997,2.73412,2.22981
504,Detroit,05/20/2025,3.7,Michigan,Oak Park,3.7,3.67151,3.48836,2.84493
505,Detroit,05/21/2025,3.9,Michigan,Oak Park,3.9,3.86997,3.67692,2.99871
506,Detroit,05/22/2025,1.5,Michigan,Oak Park,1.5,1.4884499999999998,1.4142,1.15335
507,Detroit,05/23/2025,1.2,Michigan,Oak Park,1.2,1.1907599999999998,1.13136,0.92268
508,Detroit,05/24/2025,1.8,Michigan,Oak Park,1.8,1.78614,1.6970399999999999,1.38402
509,Detroit,05/25/2025,5.7,Michigan,Oak Park,5.7,5.65611,5.37396,4.3827300000000005
510,Detroit,05/26/2025,5.0,Michigan,Oak Park,5.0,4.9615,4.7139999999999995,3.8445
511,Detroit,05/27/2025,4.8,Michigan,Oak Park,4.8,4.763039999999999,4.52544,3.69072
512,Detroit,05/28/2025,3.6,Michigan,Oak Park,3.6,3.57228,3.3940799999999998,2.76804
513,Detroit,05/29/2025,6.8,Michigan,Oak Park,6.8,6.74764,6.41104,5.22852
514,Detroit,05/30/2025,6.9,Michigan,Oak Park,6.9,6.84687,6.50532,5.30541
515,Detroit,05/31/2025,6.1,Michigan,Oak Park,6.1,6.05303,5.751079999999999,4.69029
516,Detroit,06/01/2025,4.2,Michigan,Oak Park,4.2,4.16766,3.95976,3.2293800000000004
517,Detroit,06/02/2025,6.4,Michigan,Oak Park,6.4,6.35072,6.03392,4.920960000000001
518,Detroit,06/03/2025,16.6,Michigan,Oak Park,16.6,16.47218,15.650480000000002,12.763740000000002
519,Detroit,06/04/2025,19.6,Michigan,Oak Park,19.6,19.449080000000002,18.47888,15.070440000000001
520,Detroit,06/05/2025,49.8,Michigan,Oak Park,49.8,49.41654,46.95144,38.29122
521,Detroit,06/06/2025,55.3,Michigan,Oak Park,55.3,54.87418999999999,52.13683999999999,42.52017
522,Detroit,06/07/2025,21.3,Michigan,Oak Park,21.3,21.13599,20.08164,16.377570000000002
523,Detroit,06/08/2025,37.9,Michigan,Oak Park,37.9,37.608169999999994,35.732119999999995,29.14131
524,Detroit,06/09/2025,23.0,Michigan,Oak Park,23.0,22.8229,21.6844,17.6847
525,Detroit,06/10/2025,13.8,Michigan,Oak Park,13.8,13.69374,13.01064,10.61082
526,Detroit,06/11/2025,23.8,Michigan,Oak Park,23.8,23.61674,22.43864,18.29982
527,Detroit,06/12/2025,23.2,Michigan,Oak Park,23.2,23.021359999999998,21.87296,17.83848
528,Detroit,06/13/2025,8.2,Michigan,Oak Park,8.2,8.136859999999999,7.730959999999999,6.30498
529,Detroit,06/14/2025,8.4,Michigan,Oak Park,8.4,8.33532,7.91952,6.458760000000001
530,Detroit,06/15/2025,8.4,Michigan,Oak Park,8.4,8.33532,7.91952,6.458760000000001
531,Detroit,06/16/2025,8.0,Michigan,Oak Park,8.0,7.9384,7.5424,6.1512
532,Detroit,06/17/2025,7.3,Michigan,Oak Park,7.3,7.24379,6.88244,5.61297
533,Detroit,06/18/2025,5.8,Michigan,Oak Park,5.8,5.7553399999999995,5.46824,4.45962
534,Detroit,06/19/2025,3.8,Michigan,Oak Park,3.8,3.7707399999999995,3.5826399999999996,2.92182
535,Detroit,06/20/2025,8.4,Michigan,Oak Park,8.4,8.33532,7.91952,6.458760000000001
536,Detroit,06/21/2025,9.0,Michigan,Oak Park,9.0,8.9307,8.485199999999999,6.920100000000001
537,Detroit,06/22/2025,9.5,Michigan,Oak Park,9.5,9.42685,8.9566,7.30455
538,Detroit,06/23/2025,11.4,Michigan,Oak Park,11.4,11.31222,10.74792,8.765460000000001
539,Detroit,06/24/2025,9.0,Michigan,Oak Park,9.0,8.9307,8.485199999999999,6.920100000000001
540,Detroit,06/25/2025,7.8,Michigan,Oak Park,7.8,7.73994,7.35384,5.99742
541,Detroit,06/26/2025,7.8,Michigan,Oak Park,7.8,7.73994,7.35384,5.99742
542,Detroit,06/27/2025,8.5,Michigan,Oak Park,8.5,8.43455,8.0138,6.53565
543,Detroit,06/28/2025,3.9,Michigan,Oak Park,3.9,3.86997,3.67692,2.99871
544,Detroit,06/29/2025,6.6,Michigan,Oak Park,6.6,6.54918,6.222479999999999,5.07474
545,Detroit,06/30/2025,5.4,Michigan,Oak Park,5.4,5.35842,5.09112,4.1520600000000005
546,Detroit,07/01/2025,4.9,Michigan,Oak Park,4.9,4.8622700000000005,4.61972,3.7676100000000003
547,Detroit,07/02/2025,9.6,Michigan,Oak Park,9.6,9.526079999999999,9.05088,7.38144
548,Detroit,07/03/2025,13.0,Michigan,Oak Park,13.0,12.899899999999999,12.2564,9.995700000000001
549,Detroit,07/04/2025,21.6,Michigan,Oak Park,21.6,21.43368,20.36448,16.608240000000002
550,Detroit,07/05/2025,26.4,Michigan,Oak Park,26.4,26.19672,24.889919999999996,20.29896
551,Detroit,07/06/2025,11.2,Michigan,Oak Park,11.2,11.11376,10.55936,8.61168
552,Detroit,07/07/2025,4.2,Michigan,Oak Park,4.2,4.16766,3.95976,3.2293800000000004
553,Detroit,07/08/2025,17.1,Michigan,Oak Park,17.1,16.96833,16.12188,13.148190000000001
554,Detroit,07/09/2025,10.0,Michigan,Oak Park,10.0,9.923,9.427999999999999,7.689
555,Detroit,07/10/2025,8.3,Michigan,Oak Park,8.3,8.23609,7.825240000000001,6.381870000000001
556,Detroit,07/11/2025,9.2,Michigan,Oak Park,9.2,9.129159999999999,8.67376,7.07388
557,Detroit,07/12/2025,7.6,Michigan,Oak Park,7.6,7.541479999999999,7.165279999999999,5.84364
558,Detroit,07/13/2025,16.0,Michigan,Oak Park,16.0,15.8768,15.0848,12.3024
559,Detroit,07/14/2025,30.3,Michigan,Oak Park,30.3,30.06669,28.56684,23.29767
560,Detroit,07/15/2025,41.3,Michigan,Oak Park,41.3,40.981989999999996,38.937639999999995,31.75557
561,Detroit,07/16/2025,16.6,Michigan,Oak Park,16.6,16.47218,15.650480000000002,12.763740000000002
562,Detroit,07/17/2025,3.0,Michigan,Oak Park,3.0,2.9768999999999997,2.8284,2.3067
563,Detroit,07/18/2025,2.6,Michigan,Oak Park,2.6,2.57998,2.45128,1.9991400000000001
564,Detroit,07/19/2025,5.2,Michigan,Oak Park,5.2,5.15996,4.90256,3.9982800000000003
565,Detroit,07/20/2025,5.2,Michigan,Oak Park,5.2,5.15996,4.90256,3.9982800000000003
566,Detroit,07/21/2025,10.7,Michigan,Oak Park,10.7,10.617609999999999,10.087959999999999,8.22723
567,Detroit,07/22/2025,4.0,Michigan,Oak Park,4.0,3.9692,3.7712,3.0756
568,Detroit,07/23/2025,6.6,Michigan,Oak Park,6.6,6.54918,6.222479999999999,5.07474
569,Detroit,07/24/2025,12.1,Michigan,Oak Park,12.1,12.006829999999999,11.407879999999999,9.30369
570,Detroit,07/25/2025,7.1,Michigan,Oak Park,7.1,7.045329999999999,6.693879999999999,5.4591899999999995
571,Detroit,07/26/2025,11.8,Michigan,Oak Park,11.8,11.70914,11.12504,9.073020000000001
572,Detroit,07/27/2025,7.3,Michigan,Oak Park,7.3,7.24379,6.88244,5.61297
573,Detroit,07/28/2025,6.3,Michigan,Oak Park,6.3,6.2514899999999995,5.93964,4.84407
574,Detroit,07/29/2025,7.8,Michigan,Oak Park,7.8,7.73994,7.35384,5.99742
575,Detroit,07/30/2025,18.4,Michigan,Oak Park,18.4,18.258319999999998,17.34752,14.14776
576,Detroit,07/31/2025,51.8,Michigan,Oak Park,51.8,51.40114,48.837039999999995,39.82902
577,Detroit,08/01/2025,12.9,Michigan,Oak Park,12.9,12.80067,12.16212,9.91881
578,Detroit,08/02/2025,11.5,Michigan,Oak Park,11.5,11.41145,10.8422,8.84235
579,Detroit,08/03/2025,36.1,Michigan,Oak Park,36.1,35.82203,34.03508,27.75729
580,Detroit,08/04/2025,56.1,Michigan,Oak Park,56.1,55.66803,52.89108,43.135290000000005
581,Detroit,08/05/2025,34.3,Michigan,Oak Park,34.3,34.035889999999995,32.33804,26.373269999999998
582,Detroit,08/06/2025,27.7,Michigan,Oak Park,27.7,27.48671,26.11556,21.29853
583,Detroit,08/07/2025,20.0,Michigan,Oak Park,20.0,19.846,18.855999999999998,15.378
584,Detroit,08/08/2025,11.8,Michigan,Oak Park,11.8,11.70914,11.12504,9.073020000000001
585,Detroit,08/09/2025,11.8,Michigan,Oak Park,11.8,11.70914,11.12504,9.073020000000001
586,Detroit,08/10/2025,12.1,Michigan,Oak Park,12.1,12.006829999999999,11.407879999999999,9.30369
587,Detroit,08/11/2025,10.5,Michigan,Oak Park,10.5,10.41915,9.8994,8.073450000000001
588,Detroit,08/12/2025,8.5,Michigan,Oak Park,8.5,8.43455,8.0138,6.53565
589,Detroit,08/13/2025,7.7,Michigan,Oak Park,7.7,7.6407099999999994,7.25956,5.92053
590,Detroit,08/14/2025,23.3,Michigan,Oak Park,23.3,23.12059,21.96724,17.915370000000003
591,Detroit,08/15/2025,23.1,Michigan,Oak Park,23.1,22.92213,21.77868,17.76159
592,Detroit,08/16/2025,16.6,Michigan,Oak Park,16.6,16.47218,15.650480000000002,12.763740000000002
593,Detroit,08/17/2025,5.4,Michigan,Oak Park,5.4,5.35842,5.09112,4.1520600000000005
594,Detroit,08/18/2025,2.5,Michigan,Oak Park,2.5,2.48075,2.3569999999999998,1.92225
595,Detroit,08/19/2025,4.3,Michigan,Oak Park,4.3,4.26689,4.05404,3.30627
596,Detroit,08/20/2025,2.2,Michigan,Oak Park,2.2,2.1830600000000002,2.07416,1.6915800000000003
597,Detroit,08/21/2025,3.7,Michigan,Oak Park,3.7,3.67151,3.48836,2.84493
598,Detroit,08/22/2025,4.7,Michigan,Oak Park,4.7,4.66381,4.43116,3.61383
599,Detroit,08/23/2025,6.2,Michigan,Oak Park,6.2,6.15226,5.84536,4.767180000000001
600,Detroit,08/24/2025,3.4,Michigan,Oak Park,3.4,3.37382,3.20552,2.61426
601,Detroit,08/25/2025,2.4,Michigan,Oak Park,2.4,2.3815199999999996,2.26272,1.84536
602,Detroit,08/26/2025,3.7,Michigan,Oak Park,3.7,3.67151,3.48836,2.84493
603,Detroit,08/27/2025,4.5,Michigan,Oak Park,4.5,4.46535,4.2425999999999995,3.4600500000000003
604,Detroit,08/28/2025,5.1,Michigan,Oak Park,5.1,5.0607299999999995,4.80828,3.9213899999999997
605,Detroit,08/29/2025,2.7,Michigan,Oak Park,2.7,2.67921,2.54556,2.0760300000000003
606,Detroit,08/30/2025,4.7,Michigan,Oak Park,4.7,4.66381,4.43116,3.61383
607,Detroit,08/31/2025,6.6,Michigan,Oak Park,6.6,6.54918,6.222479999999999,5.07474
608,Detroit,09/01/2025,6.5,Michigan,Oak Park,6.5,6.449949999999999,6.1282,4.997850000000001
609,Detroit,09/02/2025,6.4,Michigan,Oak Park,6.4,6.35072,6.03392,4.920960000000001
610,Detroit,09/03/2025,7.3,Michigan,Oak Park,7.3,7.24379,6.88244,5.61297
611,Detroit,09/04/2025,5.7,Michigan,Oak Park,5.7,5.65611,5.37396,4.3827300000000005
612,Detroit,09/05/2025,7.4,Michigan,Oak Park,7.4,7.34302,6.97672,5.68986
613,Detroit,09/06/2025,3.6,Michigan,Oak Park,3.6,3.57228,3.3940799999999998,2.76804
614,Detroit,09/07/2025,3.7,Michigan,Oak Park,3.7,3.67151,3.48836,2.84493
615,Detroit,09/08/2025,4.0,Michigan,Oak Park,4.0,3.9692,3.7712,3.0756
616,Detroit,09/09/2025,5.8,Michigan,Oak Park,5.8,5.7553399999999995,5.46824,4.45962
617,Detroit,09/10/2025,7.8,Michigan,Oak Park,7.8,7.73994,7.35384,5.99742
618,Detroit,09/11/2025,9.2,Michigan,Oak Park,9.2,9.129159999999999,8.67376,7.07388
619,Detroit,09/12/2025,8.9,Michigan,Oak Park,8.9,8.83147,8.39092,6.843210000000001
620,Detroit,09/13/2025,16.4,Michigan,Oak Park,16.4,16.273719999999997,15.461919999999997,12.60996
621,Detroit,09/14/2025,17.8,Michigan,Oak Park,17.8,17.66294,16.78184,13.686420000000002
622,Detroit,09/15/2025,10.1,Michigan,Oak Park,10.1,10.022229999999999,9.522279999999999,7.76589
623,Detroit,09/16/2025,8.1,Michigan,Oak Park,8.1,8.03763,7.636679999999999,6.22809
624,Detroit,09/17/2025,9.7,Michigan,Oak Park,9.7,9.625309999999999,9.145159999999999,7.45833
625,Detroit,09/18/2025,11.3,Michigan,Oak Park,11.3,11.21299,10.653640000000001,8.68857
626,Detroit,09/19/2025,5.7,Michigan,Oak Park,5.7,5.65611,5.37396,4.3827300000000005
627,Detroit,09/20/2025,3.4,Michigan,Oak Park,3.4,3.37382,3.20552,2.61426
628,Detroit,09/21/2025,6.6,Michigan,Oak Park,6.6,6.54918,6.222479999999999,5.07474
629,Detroit,09/22/2025,8.2,Michigan,Oak Park,8.2,8.136859999999999,7.730959999999999,6.30498
630,Detroit,09/23/2025,6.3,Michigan,Oak Park,6.3,6.2514899999999995,5.93964,4.84407
631,Detroit,09/24/2025,6.6,Michigan,Oak Park,6.6,6.54918,6.222479999999999,5.07474
632,Detroit,09/25/2025,6.1,Michigan,Oak Park,6.1,6.05303,5.751079999999999,4.69029
633,Detroit,09/26/2025,6.0,Michigan,Oak Park,6.0,5.953799999999999,5.6568,4.6134
634,Detroit,09/27/2025,10.5,Michigan,Oak Park,10.5,10.41915,9.8994,8.073450000000001
635,Detroit,09/28/2025,9.4,Michigan,Oak Park,9.4,9.32762,8.86232,7.22766
636,Detroit,09/29/2025,6.7,Michigan,Oak Park,6.7,6.64841,6.31676,5.15163
637,Detroit,09/30/2025,5.6,Michigan,Oak Park,5.6,5.55688,5.27968,4.30584
638,Detroit,10/01/2025,4.3,Michigan,Oak Park,4.3,4.26689,4.05404,3.30627
639,Detroit,10/02/2025,4.9,Michigan,Oak Park,4.9,4.8622700000000005,4.61972,3.7676100000000003
640,Detroit,10/03/2025,9.7,Michigan,Oak Park,9.7,9.625309999999999,9.145159999999999,7.45833
641,Detroit,10/04/2025,12.7,Michigan,Oak Park,12.7,12.60221,11.973559999999999,9.76503
642,Detroit,10/05/2025,11.4,Michigan,Oak Park,11.4,11.31222,10.74792,8.765460000000001
643,Detroit,10/06/2025,5.4,Michigan,Oak Park,5.4,5.35842,5.09112,4.1520600000000005
644,Detroit,10/07/2025,3.0,Michigan,Oak Park,3.0,2.9768999999999997,2.8284,2.3067
645,Detroit,10/08/2025,2.5,Michigan,Oak Park,2.5,2.48075,2.3569999999999998,1.92225
646,Detroit,10/09/2025,2.6,Michigan,Oak Park,2.6,2.57998,2.45128,1.9991400000000001
647,Detroit,10/10/2025,4.6,Michigan,Oak Park,4.6,4.564579999999999,4.33688,3.53694
648,Detroit,10/11/2025,4.0,Michigan,Oak Park,4.0,3.9692,3.7712,3.0756
649,Detroit,10/12/2025,6.3,Michigan,Oak Park,6.3,6.2514899999999995,5.93964,4.84407
650,Detroit,10/13/2025,5.3,Michigan,Oak Park,5.3,5.259189999999999,4.99684,4.07517
651,Detroit,10/14/2025,6.1,Michigan,Oak Park,6.1,6.05303,5.751079999999999,4.69029
652,Detroit,10/15/2025,2.0,Michigan,Oak Park,2.0,1.9846,1.8856,1.5378
653,Detroit,10/16/2025,3.1,Michigan,Oak Park,3.1,3.07613,2.92268,2.3835900000000003
654,Detroit,10/17/2025,4.9,Michigan,Oak Park,4.9,4.8622700000000005,4.61972,3.7676100000000003
655,Detroit,10/18/2025,8.7,Michigan,Oak Park,8.7,8.633009999999999,8.202359999999999,6.68943
656,Detroit,10/19/2025,5.3,Michigan,Oak Park,5.3,5.259189999999999,4.99684,4.07517
657,Detroit,10/20/2025,3.6,Michigan,Oak Park,3.6,3.57228,3.3940799999999998,2.76804
658,Detroit,10/21/2025,2.9,Michigan,Oak Park,2.9,2.8776699999999997,2.73412,2.22981
659,Detroit,10/22/2025,1.7,Michigan,Oak Park,1.7,1.68691,1.60276,1.30713
660,Detroit,10/23/2025,0.9,Michigan,Oak Park,0.9,0.89307,0.8485199999999999,0.69201
661,Detroit,10/24/2025,1.7,Michigan,Oak Park,1.7,1.68691,1.60276,1.30713
662,Detroit,10/25/2025,5.2,Michigan,Oak Park,5.2,5.15996,4.90256,3.9982800000000003
663,Detroit,10/26/2025,5.0,Michigan,Oak Park,5.0,4.9615,4.7139999999999995,3.8445
664,Detroit,10/27/2025,3.6,Michigan,Oak Park,3.6,3.57228,3.3940799999999998,2.76804
665,Detroit,10/28/2025,3.4,Michigan,Oak Park,3.4,3.37382,3.20552,2.61426
666,Detroit,10/29/2025,4.9,Michigan,Oak Park,4.9,4.8622700000000005,4.61972,3.7676100000000003
667,Detroit,10/30/2025,4.3,Michigan,Oak Park,4.3,4.26689,4.05404,3.30627
668,Detroit,10/31/2025,3.0,Michigan,Oak Park,3.0,2.9768999999999997,2.8284,2.3067
669,Detroit,11/01/2025,9.1,Michigan,Oak Park,9.1,9.029929999999998,8.57948,6.99699
670,Detroit,11/02/2025,13.2,Michigan,Oak Park,13.2,13.09836,12.444959999999998,10.14948
671,Detroit,11/03/2025,5.2,Michigan,Oak Park,5.2,5.15996,4.90256,3.9982800000000003
672,Detroit,11/04/2025,3.6,Michigan,Oak Park,3.6,3.57228,3.3940799999999998,2.76804
673,Detroit,11/05/2025,5.4,Michigan,Oak Park,5.4,5.35842,5.09112,4.1520600000000005
674,Detroit,11/06/2025,4.0,Michigan,Oak Park,4.0,3.9692,3.7712,3.0756
675,Detroit,11/07/2025,6.6,Michigan,Oak Park,6.6,6.54918,6.222479999999999,5.07474
676,Detroit,11/08/2025,3.0,Michigan,Oak Park,3.0,2.9768999999999997,2.8284,2.3067
677,Detroit,11/09/2025,2.8,Michigan,Oak Park,2.8,2.77844,2.63984,2.15292
678,Detroit,11/10/2025,1.3,Michigan,Oak Park,1.3,1.28999,1.22564,0.9995700000000001
679,Detroit,11/11/2025,4.0,Michigan,Oak Park,4.0,3.9692,3.7712,3.0756
680,Detroit,11/12/2025,4.7,Michigan,Oak Park,4.7,4.66381,4.43116,3.61383
681,Detroit,11/13/2025,3.7,Michigan,Oak Park,3.7,3.67151,3.48836,2.84493
682,Detroit,11/14/2025,10.8,Michigan,Oak Park,10.8,10.71684,10.18224,8.304120000000001
683,Detroit,11/15/2025,15.6,Michigan,Oak Park,15.6,15.47988,14.70768,11.99484
684,Detroit,11/16/2025,2.1,Michigan,Oak Park,2.1,2.08383,1.97988,1.6146900000000002
685,Detroit,11/17/2025,3.5,Michigan,Oak Park,3.5,3.4730499999999997,3.2998,2.69115
686,Detroit,11/18/2025,8.4,Michigan,Oak Park,8.4,8.33532,7.91952,6.458760000000001
687,Detroit,11/19/2025,6.2,Michigan,Oak Park,6.2,6.15226,5.84536,4.767180000000001
688,Detroit,11/20/2025,17.2,Michigan,Oak Park,17.2,17.06756,16.21616,13.22508
689,Detroit,11/21/2025,13.4,Michigan,Oak Park,13.4,13.29682,12.63352,10.30326
690,Detroit,11/22/2025,5.9,Michigan,Oak Park,5.9,5.85457,5.56252,4.536510000000001
691,Detroit,11/23/2025,6.0,Michigan,Oak Park,6.0,5.953799999999999,5.6568,4.6134
692,Detroit,11/24/2025,8.8,Michigan,Oak Park,8.8,8.732240000000001,8.29664,6.766320000000001
693,Detroit,11/25/2025,10.4,Michigan,Oak Park,10.4,10.31992,9.80512,7.996560000000001
694,Detroit,11/26/2025,4.1,Michigan,Oak Park,4.1,4.068429999999999,3.8654799999999994,3.15249
695,Detroit,11/27/2025,1.1,Michigan,Oak Park,1.1,1.0915300000000001,1.03708,0.8457900000000002
696,Detroit,11/28/2025,1.3,Michigan,Oak Park,1.3,1.28999,1.22564,0.9995700000000001
697,Detroit,11/29/2025,4.8,Michigan,Oak Park,4.8,4.763039999999999,4.52544,3.69072
698,Detroit,11/30/2025,4.7,Michigan,Oak Park,4.7,4.66381,4.43116,3.61383
699,Detroit,12/01/2025,4.0,Michigan,Oak Park,4.0,3.9692,3.7712,3.0756
700,Detroit,12/02/2025,8.8,Michigan,Oak Park,8.8,8.732240000000001,8.29664,6.766320000000001
701,Detroit,12/03/2025,19.2,Michigan,Oak Park,19.2,19.052159999999997,18.10176,14.76288
702,Detroit,12/04/2025,8.6,Michigan,Oak Park,8.6,8.53378,8.10808,6.61254
703,Detroit,12/05/2025,14.3,Michigan,Oak Park,14.3,14.18989,13.48204,10.995270000000001
704,Detroit,12/06/2025,17.3,Michigan,Oak Park,17.3,17.16679,16.31044,13.30197
705,Detroit,12/07/2025,6.9,Michigan,Oak Park,6.9,6.84687,6.50532,5.30541
706,Detroit,12/08/2025,5.1,Michigan,Oak Park,5.1,5.0607299999999995,4.80828,3.9213899999999997
707,Detroit,12/09/2025,10.4,Michigan,Oak Park,10.4,10.31992,9.80512,7.996560000000001
708,Detroit,12/10/2025,6.1,Michigan,Oak Park,6.1,6.05303,5.751079999999999,4.69029
709,Detroit,12/11/2025,2.0,Michigan,Oak Park,2.0,1.9846,1.8856,1.5378
710,Detroit,12/12/2025,5.5,Michigan,Oak Park,5.5,5.45765,5.1854,4.22895
711,Detroit,12/13/2025,7.4,Michigan,Oak Park,7.4,7.34302,6.97672,5.68986
712,Detroit,12/14/2025,3.0,Michigan,Oak Park,3.0,2.9768999999999997,2.8284,2.3067
713,Detroit,12/15/2025,5.8,Michigan,Oak Park,5.8,5.7553399999999995,5.46824,4.45962
714,Detroit,12/16/2025,13.2,Michigan,Oak Park,13.2,13.09836,12.444959999999998,10.14948
715,Detroit,12/17/2025,12.2,Michigan,Oak Park,12.2,12.10606,11.502159999999998,9.38058
716,Detroit,12/18/2025,11.7,Michigan,Oak Park,11.7,11.60991,11.030759999999999,8.996129999999999
717,Detroit,12/19/2025,4.0,Michigan,Oak Park,4.0,3.9692,3.7712,3.0756
718,Detroit,12/20/2025,5.7,Michigan,Oak Park,5.7,5.65611,5.37396,4.3827300000000005
719,Detroit,12/21/2025,6.1,Michigan,Oak Park,6.1,6.05303,5.751079999999999,4.69029
720,Detroit,12/22/2025,9.5,Michigan,Oak Park,9.5,9.42685,8.9566,7.30455
721,Detroit,12/23/2025,9.0,Michigan,Oak Park,9.0,8.9307,8.485199999999999,6.920100000000001
722,Detroit,12/24/2025,12.6,Michigan,Oak Park,12.6,12.502979999999999,11.87928,9.68814
723,Detroit,12/25/2025,10.3,Michigan,Oak Park,10.3,10.220690000000001,9.710840000000001,7.919670000000001
724,Detroit,12/26/2025,4.4,Michigan,Oak Park,4.4,4.3661200000000004,4.14832,3.3831600000000006
725,Detroit,12/27/2025,5.7,Michigan,Oak Park,5.7,5.65611,5.37396,4.3827300000000005
726,Detroit,12/28/2025,9.5,Michigan,Oak Park,9.5,9.42685,8.9566,7.30455
727,Detroit,12/29/2025,1.8,Michigan,Oak Park,1.8,1.78614,1.6970399999999999,1.38402
728,Detroit,12/30/2025,2.4,Michigan,Oak Park,2.4,2.3815199999999996,2.26272,1.84536
729,Detroit,12/31/2025,7.3,Michigan,Oak Park,7.3,7.24379,6.88244,5.61297
730,Detroit,01/01/2025,2.1,Michigan,Port Huron,2.1,2.08383,1.97988,1.6146900000000002
731,Detroit,01/02/2025,4.4,Michigan,Port Huron,4.4,4.3661200000000004,4.14832,3.3831600000000006
732,Detroit,01/03/2025,2.9,Michigan,Port Huron,2.9,2.8776699999999997,2.73412,2.22981
733,Detroit,01/04/2025,2.0,Michigan,Port Huron,2.0,1.9846,1.8856,1.5378
734,Detroit,01/05/2025,3.0,Michigan,Port Huron,3.0,2.9768999999999997,2.8284,2.3067
735,Detroit,01/06/2025,2.3,Michigan,Port Huron,2.3,2.2822899999999997,2.16844,1.76847
736,Detroit,01/07/2025,1.6,Michigan,Port Huron,1.6,1.58768,1.50848,1.2302400000000002
737,Detroit,01/08/2025,2.6,Michigan,Port Huron,2.6,2.57998,2.45128,1.9991400000000001
738,Detroit,01/09/2025,5.1,Michigan,Port Huron,5.1,5.0607299999999995,4.80828,3.9213899999999997
739,Detroit,01/10/2025,17.9,Michigan,Port Huron,17.9,17.762169999999998,16.876119999999997,13.763309999999999
740,Detroit,01/11/2025,15.5,Michigan,Port Huron,15.5,15.38065,14.6134,11.917950000000001
741,Detroit,01/12/2025,13.7,Michigan,Port Huron,13.7,13.594509999999998,12.91636,10.53393
742,Detroit,01/13/2025,6.3,Michigan,Port Huron,6.3,6.2514899999999995,5.93964,4.84407
743,Detroit,01/14/2025,5.1,Michigan,Port Huron,5.1,5.0607299999999995,4.80828,3.9213899999999997
744,Detroit,01/15/2025,5.4,Michigan,Port Huron,5.4,5.35842,5.09112,4.1520600000000005
745,Detroit,01/16/2025,14.4,Michigan,Port Huron,14.4,14.28912,13.576319999999999,11.07216
746,Detroit,01/17/2025,7.8,Michigan,Port Huron,7.8,7.73994,7.35384,5.99742
747,Detroit,01/18/2025,5.4,Michigan,Port Huron,5.4,5.35842,5.09112,4.1520600000000005
748,Detroit,01/19/2025,2.9,Michigan,Port Huron,2.9,2.8776699999999997,2.73412,2.22981
749,Detroit,01/20/2025,3.2,Michigan,Port Huron,3.2,3.17536,3.01696,2.4604800000000004
750,Detroit,01/21/2025,5.3,Michigan,Port Huron,5.3,5.259189999999999,4.99684,4.07517
751,Detroit,01/22/2025,7.0,Michigan,Port Huron,7.0,6.9460999999999995,6.5996,5.3823
752,Detroit,01/23/2025,9.5,Michigan,Port Huron,9.5,9.42685,8.9566,7.30455
753,Detroit,01/24/2025,7.2,Michigan,Port Huron,7.2,7.14456,6.7881599999999995,5.53608
754,Detroit,01/25/2025,13.9,Michigan,Port Huron,13.9,13.79297,13.10492,10.687710000000001
755,Detroit,01/26/2025,4.1,Michigan,Port Huron,4.1,4.068429999999999,3.8654799999999994,3.15249
756,Detroit,01/27/2025,4.6,Michigan,Port Huron,4.6,4.564579999999999,4.33688,3.53694
757,Detroit,01/28/2025,3.3,Michigan,Port Huron,3.3,3.27459,3.1112399999999996,2.53737
758,Detroit,01/29/2025,2.2,Michigan,Port Huron,2.2,2.1830600000000002,2.07416,1.6915800000000003
759,Detroit,01/30/2025,6.6,Michigan,Port Huron,6.6,6.54918,6.222479999999999,5.07474
760,Detroit,01/31/2025,13.5,Michigan,Port Huron,13.5,13.396049999999999,12.7278,10.38015
761,Detroit,02/01/2025,2.2,Michigan,Port Huron,2.2,2.1830600000000002,2.07416,1.6915800000000003
762,Detroit,02/02/2025,8.2,Michigan,Port Huron,8.2,8.136859999999999,7.730959999999999,6.30498
763,Detroit,02/03/2025,13.4,Michigan,Port Huron,13.4,13.29682,12.63352,10.30326
764,Detroit,02/04/2025,3.4,Michigan,Port Huron,3.4,3.37382,3.20552,2.61426
765,Detroit,02/05/2025,3.6,Michigan,Port Huron,3.6,3.57228,3.3940799999999998,2.76804
766,Detroit,02/06/2025,7.3,Michigan,Port Huron,7.3,7.24379,6.88244,5.61297
767,Detroit,02/07/2025,5.2,Michigan,Port Huron,5.2,5.15996,4.90256,3.9982800000000003
768,Detroit,02/08/2025,10.9,Michigan,Port Huron,10.9,10.81607,10.27652,8.38101
769,Detroit,02/09/2025,6.2,Michigan,Port Huron,6.2,6.15226,5.84536,4.767180000000001
770,Detroit,02/10/2025,10.3,Michigan,Port Huron,10.3,10.220690000000001,9.710840000000001,7.919670000000001
771,Detroit,02/11/2025,11.3,Michigan,Port Huron,11.3,11.21299,10.653640000000001,8.68857
772,Detroit,02/12/2025,8.0,Michigan,Port Huron,8.0,7.9384,7.5424,6.1512
773,Detroit,02/13/2025,6.0,Michigan,Port Huron,6.0,5.953799999999999,5.6568,4.6134
774,Detroit,02/14/2025,11.5,Michigan,Port Huron,11.5,11.41145,10.8422,8.84235
775,Detroit,02/15/2025,14.6,Michigan,Port Huron,14.6,14.48758,13.76488,11.22594
776,Detroit,02/16/2025,7.4,Michigan,Port Huron,7.4,7.34302,6.97672,5.68986
777,Detroit,02/17/2025,5.7,Michigan,Port Huron,5.7,5.65611,5.37396,4.3827300000000005
778,Detroit,02/18/2025,5.3,Michigan,Port Huron,5.3,5.259189999999999,4.99684,4.07517
779,Detroit,02/19/2025,4.7,Michigan,Port Huron,4.7,4.66381,4.43116,3.61383
780,Detroit,02/20/2025,4.8,Michigan,Port Huron,4.8,4.763039999999999,4.52544,3.69072
781,Detroit,02/21/2025,3.4,Michigan,Port Huron,3.4,3.37382,3.20552,2.61426
782,Detroit,02/22/2025,14.0,Michigan,Port Huron,14.0,13.892199999999999,13.1992,10.7646
783,Detroit,02/23/2025,17.7,Michigan,Port Huron,17.7,17.563709999999997,16.687559999999998,13.60953
784,Detroit,02/24/2025,14.6,Michigan,Port Huron,14.6,14.48758,13.76488,11.22594
785,Detroit,02/25/2025,9.2,Michigan,Port Huron,9.2,9.129159999999999,8.67376,7.07388
786,Detroit,02/26/2025,9.6,Michigan,Port Huron,9.6,9.526079999999999,9.05088,7.38144
787,Detroit,02/27/2025,15.4,Michigan,Port Huron,15.4,15.281419999999999,14.51912,11.84106
788,Detroit,03/01/2025,2.5,Michigan,Port Huron,2.5,2.48075,2.3569999999999998,1.92225
789,Detroit,03/02/2025,2.7,Michigan,Port Huron,2.7,2.67921,2.54556,2.0760300000000003
790,Detroit,03/03/2025,8.1,Michigan,Port Huron,8.1,8.03763,7.636679999999999,6.22809
791,Detroit,03/04/2025,8.9,Michigan,Port Huron,8.9,8.83147,8.39092,6.843210000000001
792,Detroit,03/05/2025,5.8,Michigan,Port Huron,5.8,5.7553399999999995,5.46824,4.45962
793,Detroit,03/06/2025,1.1,Michigan,Port Huron,1.1,1.0915300000000001,1.03708,0.8457900000000002
794,Detroit,03/07/2025,4.5,Michigan,Port Huron,4.5,4.46535,4.2425999999999995,3.4600500000000003
795,Detroit,03/08/2025,2.2,Michigan,Port Huron,2.2,2.1830600000000002,2.07416,1.6915800000000003
796,Detroit,03/09/2025,4.2,Michigan,Port Huron,4.2,4.16766,3.95976,3.2293800000000004
797,Detroit,03/10/2025,6.3,Michigan,Port Huron,6.3,6.2514899999999995,5.93964,4.84407
798,Detroit,03/11/2025,3.9,Michigan,Port Huron,3.9,3.86997,3.67692,2.99871
799,Detroit,03/12/2025,3.6,Michigan,Port Huron,3.6,3.57228,3.3940799999999998,2.76804
800,Detroit,03/13/2025,10.6,Michigan,Port Huron,10.6,10.518379999999999,9.99368,8.15034
801,Detroit,03/14/2025,11.5,Michigan,Port Huron,11.5,11.41145,10.8422,8.84235
802,Detroit,03/15/2025,9.4,Michigan,Port Huron,9.4,9.32762,8.86232,7.22766
803,Detroit,03/16/2025,3.7,Michigan,Port Huron,3.7,3.67151,3.48836,2.84493
804,Detroit,03/17/2025,2.4,Michigan,Port Huron,2.4,2.3815199999999996,2.26272,1.84536
805,Detroit,03/18/2025,6.0,Michigan,Port Huron,6.0,5.953799999999999,5.6568,4.6134
806,Detroit,03/19/2025,9.3,Michigan,Port Huron,9.3,9.228390000000001,8.768040000000001,7.1507700000000005
807,Detroit,03/20/2025,3.9,Michigan,Port Huron,3.9,3.86997,3.67692,2.99871
808,Detroit,03/21/2025,4.3,Michigan,Port Huron,4.3,4.26689,4.05404,3.30627
809,Detroit,03/22/2025,2.7,Michigan,Port Huron,2.7,2.67921,2.54556,2.0760300000000003
810,Detroit,03/23/2025,3.6,Michigan,Port Huron,3.6,3.57228,3.3940799999999998,2.76804
811,Detroit,03/24/2025,4.2,Michigan,Port Huron,4.2,4.16766,3.95976,3.2293800000000004
812,Detroit,03/25/2025,2.4,Michigan,Port Huron,2.4,2.3815199999999996,2.26272,1.84536
813,Detroit,03/26/2025,2.8,Michigan,Port Huron,2.8,2.77844,2.63984,2.15292
814,Detroit,03/27/2025,7.9,Michigan,Port Huron,7.9,7.83917,7.44812,6.0743100000000005
815,Detroit,03/28/2025,10.8,Michigan,Port Huron,10.8,10.71684,10.18224,8.304120000000001
816,Detroit,03/29/2025,8.0,Michigan,Port Huron,8.0,7.9384,7.5424,6.1512
817,Detroit,03/30/2025,8.5,Michigan,Port Huron,8.5,8.43455,8.0138,6.53565
818,Detroit,03/31/2025,3.2,Michigan,Port Huron,3.2,3.17536,3.01696,2.4604800000000004
819,Detroit,04/01/2025,2.7,Michigan,Port Huron,2.7,2.67921,2.54556,2.0760300000000003
820,Detroit,04/02/2025,4.5,Michigan,Port Huron,4.5,4.46535,4.2425999999999995,3.4600500000000003
821,Detroit,04/03/2025,3.3,Michigan,Port Huron,3.3,3.27459,3.1112399999999996,2.53737
822,Detroit,04/04/2025,2.6,Michigan,Port Huron,2.6,2.57998,2.45128,1.9991400000000001
823,Detroit,04/05/2025,3.6,Michigan,Port Huron,3.6,3.57228,3.3940799999999998,2.76804
824,Detroit,04/06/2025,2.8,Michigan,Port Huron,2.8,2.77844,2.63984,2.15292
825,Detroit,04/07/2025,3.4,Michigan,Port Huron,3.4,3.37382,3.20552,2.61426
826,Detroit,04/08/2025,2.6,Michigan,Port Huron,2.6,2.57998,2.45128,1.9991400000000001
827,Detroit,04/09/2025,6.8,Michigan,Port Huron,6.8,6.74764,6.41104,5.22852
828,Detroit,04/10/2025,8.0,Michigan,Port Huron,8.0,7.9384,7.5424,6.1512
829,Detroit,04/11/2025,5.1,Michigan,Port Huron,5.1,5.0607299999999995,4.80828,3.9213899999999997
830,Detroit,04/12/2025,4.8,Michigan,Port Huron,4.8,4.763039999999999,4.52544,3.69072
831,Detroit,04/13/2025,8.2,Michigan,Port Huron,8.2,8.136859999999999,7.730959999999999,6.30498
832,Detroit,04/14/2025,5.3,Michigan,Port Huron,5.3,5.259189999999999,4.99684,4.07517
833,Detroit,04/15/2025,1.5,Michigan,Port Huron,1.5,1.4884499999999998,1.4142,1.15335
834,Detroit,04/16/2025,1.9,Michigan,Port Huron,1.9,1.8853699999999998,1.7913199999999998,1.46091
835,Detroit,04/17/2025,7.6,Michigan,Port Huron,7.6,7.541479999999999,7.165279999999999,5.84364
836,Detroit,04/18/2025,12.2,Michigan,Port Huron,12.2,12.10606,11.502159999999998,9.38058
837,Detroit,04/19/2025,9.1,Michigan,Port Huron,9.1,9.029929999999998,8.57948,6.99699
838,Detroit,04/20/2025,2.4,Michigan,Port Huron,2.4,2.3815199999999996,2.26272,1.84536
839,Detroit,04/21/2025,4.2,Michigan,Port Huron,4.2,4.16766,3.95976,3.2293800000000004
840,Detroit,04/22/2025,2.6,Michigan,Port Huron,2.6,2.57998,2.45128,1.9991400000000001
841,Detroit,04/23/2025,9.6,Michigan,Port Huron,9.6,9.526079999999999,9.05088,7.38144
842,Detroit,04/24/2025,12.1,Michigan,Port Huron,12.1,12.006829999999999,11.407879999999999,9.30369
843,Detroit,04/25/2025,8.4,Michigan,Port Huron,8.4,8.33532,7.91952,6.458760000000001
844,Detroit,04/26/2025,2.6,Michigan,Port Huron,2.6,2.57998,2.45128,1.9991400000000001
845,Detroit,04/27/2025,4.4,Michigan,Port Huron,4.4,4.3661200000000004,4.14832,3.3831600000000006
846,Detroit,04/28/2025,5.3,Michigan,Port Huron,5.3,5.259189999999999,4.99684,4.07517
847,Detroit,04/29/2025,6.6,Michigan,Port Huron,6.6,6.54918,6.222479999999999,5.07474
848,Detroit,04/30/2025,1.9,Michigan,Port Huron,1.9,1.8853699999999998,1.7913199999999998,1.46091
849,Detroit,05/01/2025,6.7,Michigan,Port Huron,6.7,6.64841,6.31676,5.15163
850,Detroit,05/02/2025,3.0,Michigan,Port Huron,3.0,2.9768999999999997,2.8284,2.3067
851,Detroit,05/03/2025,2.7,Michigan,Port Huron,2.7,2.67921,2.54556,2.0760300000000003
852,Detroit,05/04/2025,2.9,Michigan,Port Huron,2.9,2.8776699999999997,2.73412,2.22981
853,Detroit,05/05/2025,5.4,Michigan,Port Huron,5.4,5.35842,5.09112,4.1520600000000005
854,Detroit,05/06/2025,6.6,Michigan,Port Huron,6.6,6.54918,6.222479999999999,5.07474
855,Detroit,05/07/2025,4.2,Michigan,Port Huron,4.2,4.16766,3.95976,3.2293800000000004
856,Detroit,05/08/2025,2.7,Michigan,Port Huron,2.7,2.67921,2.54556,2.0760300000000003
857,Detroit,05/09/2025,3.5,Michigan,Port Huron,3.5,3.4730499999999997,3.2998,2.69115
858,Detroit,05/10/2025,5.8,Michigan,Port Huron,5.8,5.7553399999999995,5.46824,4.45962
859,Detroit,05/11/2025,4.5,Michigan,Port Huron,4.5,4.46535,4.2425999999999995,3.4600500000000003
860,Detroit,05/12/2025,9.0,Michigan,Port Huron,9.0,8.9307,8.485199999999999,6.920100000000001
861,Detroit,05/13/2025,4.8,Michigan,Port Huron,4.8,4.763039999999999,4.52544,3.69072
862,Detroit,05/14/2025,3.0,Michigan,Port Huron,3.0,2.9768999999999997,2.8284,2.3067
863,Detroit,05/15/2025,5.9,Michigan,Port Huron,5.9,5.85457,5.56252,4.536510000000001
864,Detroit,05/16/2025,5.8,Michigan,Port Huron,5.8,5.7553399999999995,5.46824,4.45962
865,Detroit,05/17/2025,3.9,Michigan,Port Huron,3.9,3.86997,3.67692,2.99871
866,Detroit,05/18/2025,2.6,Michigan,Port Huron,2.6,2.57998,2.45128,1.9991400000000001
867,Detroit,05/19/2025,2.1,Michigan,Port Huron,2.1,2.08383,1.97988,1.6146900000000002
868,Detroit,05/20/2025,4.0,Michigan,Port Huron,4.0,3.9692,3.7712,3.0756
869,Detroit,05/21/2025,4.3,Michigan,Port Huron,4.3,4.26689,4.05404,3.30627
870,Detroit,05/22/2025,1.1,Michigan,Port Huron,1.1,1.0915300000000001,1.03708,0.8457900000000002
871,Detroit,05/23/2025,1.5,Michigan,Port Huron,1.5,1.4884499999999998,1.4142,1.15335
872,Detroit,05/24/2025,3.3,Michigan,Port Huron,3.3,3.27459,3.1112399999999996,2.53737
873,Detroit,05/25/2025,8.2,Michigan,Port Huron,8.2,8.136859999999999,7.730959999999999,6.30498
874,Detroit,05/26/2025,7.2,Michigan,Port Huron,7.2,7.14456,6.7881599999999995,5.53608
875,Detroit,05/27/2025,6.1,Michigan,Port Huron,6.1,6.05303,5.751079999999999,4.69029
876,Detroit,05/28/2025,3.7,Michigan,Port Huron,3.7,3.67151,3.48836,2.84493
877,Detroit,05/29/2025,6.6,Michigan,Port Huron,6.6,6.54918,6.222479999999999,5.07474
878,Detroit,05/30/2025,6.9,Michigan,Port Huron,6.9,6.84687,6.50532,5.30541
879,Detroit,05/31/2025,3.7,Michigan,Port Huron,3.7,3.67151,3.48836,2.84493
880,Detroit,06/01/2025,4.2,Michigan,Port Huron,4.2,4.16766,3.95976,3.2293800000000004
881,Detroit,06/02/2025,5.3,Michigan,Port Huron,5.3,5.259189999999999,4.99684,4.07517
882,Detroit,06/03/2025,15.5,Michigan,Port Huron,15.5,15.38065,14.6134,11.917950000000001
883,Detroit,06/04/2025,32.4,Michigan,Port Huron,32.4,32.15052,30.546719999999997,24.91236
884,Detroit,06/05/2025,52.7,Michigan,Port Huron,52.7,52.29421,49.68556,40.52103
885,Detroit,06/06/2025,30.3,Michigan,Port Huron,30.3,30.06669,28.56684,23.29767
886,Detroit,06/07/2025,28.8,Michigan,Port Huron,28.8,28.57824,27.152639999999998,22.14432
887,Detroit,06/08/2025,36.1,Michigan,Port Huron,36.1,35.82203,34.03508,27.75729
888,Detroit,06/09/2025,24.3,Michigan,Port Huron,24.3,24.11289,22.91004,18.68427
889,Detroit,06/10/2025,12.8,Michigan,Port Huron,12.8,12.70144,12.06784,9.841920000000002
890,Detroit,06/11/2025,22.8,Michigan,Port Huron,22.8,22.62444,21.49584,17.530920000000002
891,Detroit,06/12/2025,21.7,Michigan,Port Huron,21.7,21.532909999999998,20.458759999999998,16.68513
892,Detroit,06/13/2025,6.2,Michigan,Port Huron,6.2,6.15226,5.84536,4.767180000000001
893,Detroit,06/14/2025,6.0,Michigan,Port Huron,6.0,5.953799999999999,5.6568,4.6134
894,Detroit,06/15/2025,6.3,Michigan,Port Huron,6.3,6.2514899999999995,5.93964,4.84407
895,Detroit,06/16/2025,8.2,Michigan,Port Huron,8.2,8.136859999999999,7.730959999999999,6.30498
896,Detroit,06/17/2025,8.1,Michigan,Port Huron,8.1,8.03763,7.636679999999999,6.22809
897,Detroit,06/18/2025,6.3,Michigan,Port Huron,6.3,6.2514899999999995,5.93964,4.84407
898,Detroit,06/19/2025,4.0,Michigan,Port Huron,4.0,3.9692,3.7712,3.0756
899,Detroit,06/20/2025,8.4,Michigan,Port Huron,8.4,8.33532,7.91952,6.458760000000001
900,Detroit,06/21/2025,9.1,Michigan,Port Huron,9.1,9.029929999999998,8.57948,6.99699
901,Detroit,06/22/2025,10.7,Michigan,Port Huron,10.7,10.617609999999999,10.087959999999999,8.22723
902,Detroit,06/23/2025,12.6,Michigan,Port Huron,12.6,12.502979999999999,11.87928,9.68814
903,Detroit,06/24/2025,10.5,Michigan,Port Huron,10.5,10.41915,9.8994,8.073450000000001
904,Detroit,06/25/2025,8.4,Michigan,Port Huron,8.4,8.33532,7.91952,6.458760000000001
905,Detroit,06/26/2025,11.8,Michigan,Port Huron,11.8,11.70914,11.12504,9.073020000000001
906,Detroit,06/27/2025,8.8,Michigan,Port Huron,8.8,8.732240000000001,8.29664,6.766320000000001
907,Detroit,06/28/2025,5.1,Michigan,Port Huron,5.1,5.0607299999999995,4.80828,3.9213899999999997
908,Detroit,06/29/2025,7.9,Michigan,Port Huron,7.9,7.83917,7.44812,6.0743100000000005
909,Detroit,06/30/2025,6.5,Michigan,Port Huron,6.5,6.449949999999999,6.1282,4.997850000000001
910,Detroit,07/01/2025,5.7,Michigan,Port Huron,5.7,5.65611,5.37396,4.3827300000000005
911,Detroit,07/02/2025,10.3,Michigan,Port Huron,10.3,10.220690000000001,9.710840000000001,7.919670000000001
912,Detroit,07/03/2025,16.4,Michigan,Port Huron,16.4,16.273719999999997,15.461919999999997,12.60996
913,Detroit,07/04/2025,12.7,Michigan,Port Huron,12.7,12.60221,11.973559999999999,9.76503
914,Detroit,07/05/2025,12.9,Michigan,Port Huron,12.9,12.80067,12.16212,9.91881
915,Detroit,07/06/2025,12.0,Michigan,Port Huron,12.0,11.907599999999999,11.3136,9.2268
916,Detroit,07/07/2025,5.3,Michigan,Port Huron,5.3,5.259189999999999,4.99684,4.07517
917,Detroit,07/08/2025,10.0,Michigan,Port Huron,10.0,9.923,9.427999999999999,7.689
918,Detroit,07/09/2025,11.7,Michigan,Port Huron,11.7,11.60991,11.030759999999999,8.996129999999999
919,Detroit,07/10/2025,9.5,Michigan,Port Huron,9.5,9.42685,8.9566,7.30455
920,Detroit,07/11/2025,9.1,Michigan,Port Huron,9.1,9.029929999999998,8.57948,6.99699
921,Detroit,07/12/2025,7.6,Michigan,Port Huron,7.6,7.541479999999999,7.165279999999999,5.84364
922,Detroit,07/13/2025,26.2,Michigan,Port Huron,26.2,25.99826,24.701359999999998,20.14518
923,Detroit,07/14/2025,39.0,Michigan,Port Huron,39.0,38.6997,36.7692,29.9871
924,Detroit,07/15/2025,38.6,Michigan,Port Huron,38.6,38.30278,36.39208,29.679540000000003
925,Detroit,07/16/2025,20.2,Michigan,Port Huron,20.2,20.044459999999997,19.044559999999997,15.53178
926,Detroit,07/17/2025,3.2,Michigan,Port Huron,3.2,3.17536,3.01696,2.4604800000000004
927,Detroit,07/18/2025,3.4,Michigan,Port Huron,3.4,3.37382,3.20552,2.61426
928,Detroit,07/19/2025,5.6,Michigan,Port Huron,5.6,5.55688,5.27968,4.30584
929,Detroit,07/20/2025,5.4,Michigan,Port Huron,5.4,5.35842,5.09112,4.1520600000000005
930,Detroit,07/21/2025,6.4,Michigan,Port Huron,6.4,6.35072,6.03392,4.920960000000001
931,Detroit,07/22/2025,4.5,Michigan,Port Huron,4.5,4.46535,4.2425999999999995,3.4600500000000003
932,Detroit,07/23/2025,5.7,Michigan,Port Huron,5.7,5.65611,5.37396,4.3827300000000005
933,Detroit,07/24/2025,12.7,Michigan,Port Huron,12.7,12.60221,11.973559999999999,9.76503
934,Detroit,07/25/2025,12.1,Michigan,Port Huron,12.1,12.006829999999999,11.407879999999999,9.30369
935,Detroit,07/26/2025,11.5,Michigan,Port Huron,11.5,11.41145,10.8422,8.84235
936,Detroit,07/27/2025,8.5,Michigan,Port Huron,8.5,8.43455,8.0138,6.53565
937,Detroit,07/28/2025,8.6,Michigan,Port Huron,8.6,8.53378,8.10808,6.61254
938,Detroit,07/29/2025,8.3,Michigan,Port Huron,8.3,8.23609,7.825240000000001,6.381870000000001
939,Detroit,07/30/2025,24.6,Michigan,Port Huron,24.6,24.41058,23.192880000000002,18.91494
940,Detroit,07/31/2025,47.8,Michigan,Port Huron,47.8,47.43194,45.065839999999994,36.75342
941,Detroit,08/01/2025,10.6,Michigan,Port Huron,10.6,10.518379999999999,9.99368,8.15034
942,Detroit,08/02/2025,11.6,Michigan,Port Huron,11.6,11.510679999999999,10.93648,8.91924
943,Detroit,08/03/2025,44.4,Michigan,Port Huron,44.4,44.058119999999995,41.860319999999994,34.13916
944,Detroit,08/04/2025,57.6,Michigan,Port Huron,57.6,57.15648,54.305279999999996,44.28864
945,Detroit,08/05/2025,36.2,Michigan,Port Huron,36.2,35.921260000000004,34.12936,27.834180000000003
946,Detroit,08/06/2025,35.0,Michigan,Port Huron,35.0,34.7305,32.998,26.9115
947,Detroit,08/07/2025,18.3,Michigan,Port Huron,18.3,18.15909,17.25324,14.070870000000001
948,Detroit,08/08/2025,14.2,Michigan,Port Huron,14.2,14.090659999999998,13.387759999999998,10.918379999999999
949,Detroit,08/09/2025,11.9,Michigan,Port Huron,11.9,11.80837,11.21932,9.14991
950,Detroit,08/10/2025,14.2,Michigan,Port Huron,14.2,14.090659999999998,13.387759999999998,10.918379999999999
951,Detroit,08/11/2025,11.9,Michigan,Port Huron,11.9,11.80837,11.21932,9.14991
952,Detroit,08/12/2025,7.9,Michigan,Port Huron,7.9,7.83917,7.44812,6.0743100000000005
953,Detroit,08/13/2025,7.1,Michigan,Port Huron,7.1,7.045329999999999,6.693879999999999,5.4591899999999995
954,Detroit,08/14/2025,23.7,Michigan,Port Huron,23.7,23.517509999999998,22.344359999999998,18.22293
955,Detroit,08/15/2025,25.1,Michigan,Port Huron,25.1,24.90673,23.66428,19.299390000000002
956,Detroit,08/16/2025,17.8,Michigan,Port Huron,17.8,17.66294,16.78184,13.686420000000002
957,Detroit,08/17/2025,4.8,Michigan,Port Huron,4.8,4.763039999999999,4.52544,3.69072
958,Detroit,08/18/2025,2.8,Michigan,Port Huron,2.8,2.77844,2.63984,2.15292
959,Detroit,08/19/2025,4.1,Michigan,Port Huron,4.1,4.068429999999999,3.8654799999999994,3.15249
960,Detroit,08/20/2025,2.1,Michigan,Port Huron,2.1,2.08383,1.97988,1.6146900000000002
961,Detroit,08/21/2025,3.3,Michigan,Port Huron,3.3,3.27459,3.1112399999999996,2.53737
962,Detroit,08/22/2025,4.4,Michigan,Port Huron,4.4,4.3661200000000004,4.14832,3.3831600000000006
963,Detroit,08/23/2025,5.5,Michigan,Port Huron,5.5,5.45765,5.1854,4.22895
964,Detroit,08/24/2025,3.5,Michigan,Port Huron,3.5,3.4730499999999997,3.2998,2.69115
965,Detroit,08/25/2025,2.3,Michigan,Port Huron,2.3,2.2822899999999997,2.16844,1.76847
966,Detroit,08/26/2025,3.7,Michigan,Port Huron,3.7,3.67151,3.48836,2.84493
967,Detroit,08/27/2025,4.2,Michigan,Port Huron,4.2,4.16766,3.95976,3.2293800000000004
968,Detroit,08/28/2025,4.6,Michigan,Port Huron,4.6,4.564579999999999,4.33688,3.53694
969,Detroit,08/29/2025,2.0,Michigan,Port Huron,2.0,1.9846,1.8856,1.5378
970,Detroit,08/30/2025,4.1,Michigan,Port Huron,4.1,4.068429999999999,3.8654799999999994,3.15249
971,Detroit,08/31/2025,6.6,Michigan,Port Huron,6.6,6.54918,6.222479999999999,5.07474
972,Detroit,09/01/2025,6.4,Michigan,Port Huron,6.4,6.35072,6.03392,4.920960000000001
973,Detroit,09/02/2025,6.3,Michigan,Port Huron,6.3,6.2514899999999995,5.93964,4.84407
974,Detroit,09/03/2025,6.4,Michigan,Port Huron,6.4,6.35072,6.03392,4.920960000000001
975,Detroit,09/04/2025,4.6,Michigan,Port Huron,4.6,4.564579999999999,4.33688,3.53694
976,Detroit,09/05/2025,6.5,Michigan,Port Huron,6.5,6.449949999999999,6.1282,4.997850000000001
977,Detroit,09/06/2025,3.4,Michigan,Port Huron,3.4,3.37382,3.20552,2.61426
978,Detroit,09/07/2025,3.3,Michigan,Port Huron,3.3,3.27459,3.1112399999999996,2.53737
979,Detroit,09/08/2025,3.3,Michigan,Port Huron,3.3,3.27459,3.1112399999999996,2.53737
980,Detroit,09/09/2025,4.6,Michigan,Port Huron,4.6,4.564579999999999,4.33688,3.53694
981,Detroit,09/10/2025,6.8,Michigan,Port Huron,6.8,6.74764,6.41104,5.22852
982,Detroit,09/11/2025,7.3,Michigan,Port Huron,7.3,7.24379,6.88244,5.61297
983,Detroit,09/12/2025,7.0,Michigan,Port Huron,7.0,6.9460999999999995,6.5996,5.3823
984,Detroit,09/13/2025,13.4,Michigan,Port Huron,13.4,13.29682,12.63352,10.30326
985,Detroit,09/14/2025,16.9,Michigan,Port Huron,16.9,16.769869999999997,15.933319999999998,12.99441
986,Detroit,09/15/2025,10.3,Michigan,Port Huron,10.3,10.220690000000001,9.710840000000001,7.919670000000001
987,Detroit,09/16/2025,7.0,Michigan,Port Huron,7.0,6.9460999999999995,6.5996,5.3823
988,Detroit,09/17/2025,8.0,Michigan,Port Huron,8.0,7.9384,7.5424,6.1512
989,Detroit,09/18/2025,11.0,Michigan,Port Huron,11.0,10.9153,10.3708,8.4579
990,Detroit,09/19/2025,3.6,Michigan,Port Huron,3.6,3.57228,3.3940799999999998,2.76804
991,Detroit,09/20/2025,3.6,Michigan,Port Huron,3.6,3.57228,3.3940799999999998,2.76804
992,Detroit,09/21/2025,6.2,Michigan,Port Huron,6.2,6.15226,5.84536,4.767180000000001
993,Detroit,09/22/2025,8.2,Michigan,Port Huron,8.2,8.136859999999999,7.730959999999999,6.30498
994,Detroit,09/23/2025,7.5,Michigan,Port Huron,7.5,7.44225,7.071,5.76675
995,Detroit,09/24/2025,6.5,Michigan,Port Huron,6.5,6.449949999999999,6.1282,4.997850000000001
996,Detroit,09/25/2025,5.4,Michigan,Port Huron,5.4,5.35842,5.09112,4.1520600000000005
997,Detroit,09/26/2025,6.1,Michigan,Port Huron,6.1,6.05303,5.751079999999999,4.69029
998,Detroit,09/27/2025,8.7,Michigan,Port Huron,8.7,8.633009999999999,8.202359999999999,6.68943
999,Detroit,09/28/2025,5.7,Michigan,Port Huron,5.7,5.65611,5.37396,4.3827300000000005
1000,Detroit,09/29/2025,6.7,Michigan,Port Huron,6.7,6.64841,6.31676,5.15163
1001,Detroit,09/30/2025,5.0,Michigan,Port Huron,5.0,4.9615,4.7139999999999995,3.8445
1002,Detroit,10/01/2025,4.2,Michigan,Port Huron,4.2,4.16766,3.95976,3.2293800000000004
1003,Detroit,10/02/2025,4.0,Michigan,Port Huron,4.0,3.9692,3.7712,3.0756
1004,Detroit,10/03/2025,7.2,Michigan,Port Huron,7.2,7.14456,6.7881599999999995,5.53608
1005,Detroit,10/04/2025,10.7,Michigan,Port Huron,10.7,10.617609999999999,10.087959999999999,8.22723
1006,Detroit,10/05/2025,11.0,Michigan,Port Huron,11.0,10.9153,10.3708,8.4579
1007,Detroit,10/06/2025,5.7,Michigan,Port Huron,5.7,5.65611,5.37396,4.3827300000000005
1008,Detroit,10/07/2025,2.4,Michigan,Port Huron,2.4,2.3815199999999996,2.26272,1.84536
1009,Detroit,10/08/2025,2.1,Michigan,Port Huron,2.1,2.08383,1.97988,1.6146900000000002
1010,Detroit,10/09/2025,3.5,Michigan,Port Huron,3.5,3.4730499999999997,3.2998,2.69115
1011,Detroit,10/10/2025,3.8,Michigan,Port Huron,3.8,3.7707399999999995,3.5826399999999996,2.92182
1012,Detroit,10/11/2025,4.5,Michigan,Port Huron,4.5,4.46535,4.2425999999999995,3.4600500000000003
1013,Detroit,10/12/2025,7.9,Michigan,Port Huron,7.9,7.83917,7.44812,6.0743100000000005
1014,Detroit,10/13/2025,5.3,Michigan,Port Huron,5.3,5.259189999999999,4.99684,4.07517
1015,Detroit,10/14/2025,5.6,Michigan,Port Huron,5.6,5.55688,5.27968,4.30584
1016,Detroit,10/15/2025,1.2,Michigan,Port Huron,1.2,1.1907599999999998,1.13136,0.92268
1017,Detroit,10/16/2025,2.9,Michigan,Port Huron,2.9,2.8776699999999997,2.73412,2.22981
1018,Detroit,10/17/2025,3.5,Michigan,Port Huron,3.5,3.4730499999999997,3.2998,2.69115
1019,Detroit,10/18/2025,9.3,Michigan,Port Huron,9.3,9.228390000000001,8.768040000000001,7.1507700000000005
1020,Detroit,10/19/2025,6.2,Michigan,Port Huron,6.2,6.15226,5.84536,4.767180000000001
1021,Detroit,10/20/2025,3.1,Michigan,Port Huron,3.1,3.07613,2.92268,2.3835900000000003
1022,Detroit,10/21/2025,2.8,Michigan,Port Huron,2.8,2.77844,2.63984,2.15292
1023,Detroit,10/22/2025,1.6,Michigan,Port Huron,1.6,1.58768,1.50848,1.2302400000000002
1024,Detroit,10/23/2025,1.1,Michigan,Port Huron,1.1,1.0915300000000001,1.03708,0.8457900000000002
1025,Detroit,10/24/2025,1.9,Michigan,Port Huron,1.9,1.8853699999999998,1.7913199999999998,1.46091
1026,Detroit,10/25/2025,4.7,Michigan,Port Huron,4.7,4.66381,4.43116,3.61383
1027,Detroit,10/26/2025,4.7,Michigan,Port Huron,4.7,4.66381,4.43116,3.61383
1028,Detroit,10/27/2025,4.5,Michigan,Port Huron,4.5,4.46535,4.2425999999999995,3.4600500000000003
1029,Detroit,10/28/2025,4.6,Michigan,Port Huron,4.6,4.564579999999999,4.33688,3.53694
1030,Detroit,10/29/2025,6.9,Michigan,Port Huron,6.9,6.84687,6.50532,5.30541
1031,Detroit,10/30/2025,4.0,Michigan,Port Huron,4.0,3.9692,3.7712,3.0756
1032,Detroit,10/31/2025,2.9,Michigan,Port Huron,2.9,2.8776699999999997,2.73412,2.22981
1033,Detroit,11/01/2025,7.8,Michigan,Port Huron,7.8,7.73994,7.35384,5.99742
1034,Detroit,11/02/2025,10.1,Michigan,Port Huron,10.1,10.022229999999999,9.522279999999999,7.76589
1035,Detroit,11/03/2025,4.8,Michigan,Port Huron,4.8,4.763039999999999,4.52544,3.69072
1036,Detroit,11/04/2025,3.1,Michigan,Port Huron,3.1,3.07613,2.92268,2.3835900000000003
1037,Detroit,11/05/2025,5.1,Michigan,Port Huron,5.1,5.0607299999999995,4.80828,3.9213899999999997
1038,Detroit,11/06/2025,3.1,Michigan,Port Huron,3.1,3.07613,2.92268,2.3835900000000003
1039,Detroit,11/07/2025,6.3,Michigan,Port Huron,6.3,6.2514899999999995,5.93964,4.84407
1040,Detroit,11/08/2025,2.6,Michigan,Port Huron,2.6,2.57998,2.45128,1.9991400000000001
1041,Detroit,11/09/2025,1.8,Michigan,Port Huron,1.8,1.78614,1.6970399999999999,1.38402
1042,Detroit,11/10/2025,0.9,Michigan,Port Huron,0.9,0.89307,0.8485199999999999,0.69201
1043,Detroit,11/11/2025,3.5,Michigan,Port Huron,3.5,3.4730499999999997,3.2998,2.69115
1044,Detroit,11/12/2025,6.7,Michigan,Port Huron,6.7,6.64841,6.31676,5.15163
1045,Detroit,11/13/2025,5.8,Michigan,Port Huron,5.8,5.7553399999999995,5.46824,4.45962
1046,Detroit,11/14/2025,6.2,Michigan,Port Huron,6.2,6.15226,5.84536,4.767180000000001
1047,Detroit,11/15/2025,12.2,Michigan,Port Huron,12.2,12.10606,11.502159999999998,9.38058
1048,Detroit,11/16/2025,2.1,Michigan,Port Huron,2.1,2.08383,1.97988,1.6146900000000002
1049,Detroit,11/17/2025,3.7,Michigan,Port Huron,3.7,3.67151,3.48836,2.84493
1050,Detroit,11/18/2025,10.8,Michigan,Port Huron,10.8,10.71684,10.18224,8.304120000000001
1051,Detroit,11/19/2025,6.3,Michigan,Port Huron,6.3,6.2514899999999995,5.93964,4.84407
1052,Detroit,11/20/2025,11.3,Michigan,Port Huron,11.3,11.21299,10.653640000000001,8.68857
1053,Detroit,11/21/2025,14.1,Michigan,Port Huron,14.1,13.99143,13.293479999999999,10.84149
1054,Detroit,11/22/2025,5.3,Michigan,Port Huron,5.3,5.259189999999999,4.99684,4.07517
1055,Detroit,11/23/2025,6.4,Michigan,Port Huron,6.4,6.35072,6.03392,4.920960000000001
1056,Detroit,11/24/2025,6.2,Michigan,Port Huron,6.2,6.15226,5.84536,4.767180000000001
1057,Detroit,11/25/2025,9.1,Michigan,Port Huron,9.1,9.029929999999998,8.57948,6.99699
1058,Detroit,11/26/2025,5.2,Michigan,Port Huron,5.2,5.15996,4.90256,3.9982800000000003
1059,Detroit,11/27/2025,0.6,Michigan,Port Huron,0.6,0.5953799999999999,0.56568,0.46134
1060,Detroit,11/28/2025,1.2,Michigan,Port Huron,1.2,1.1907599999999998,1.13136,0.92268
1061,Detroit,11/29/2025,3.4,Michigan,Port Huron,3.4,3.37382,3.20552,2.61426
1062,Detroit,11/30/2025,3.6,Michigan,Port Huron,3.6,3.57228,3.3940799999999998,2.76804
1063,Detroit,12/01/2025,3.4,Michigan,Port Huron,3.4,3.37382,3.20552,2.61426
1064,Detroit,12/02/2025,7.0,Michigan,Port Huron,7.0,6.9460999999999995,6.5996,5.3823
1065,Detroit,12/03/2025,19.5,Michigan,Port Huron,19.5,19.34985,18.3846,14.99355
1066,Detroit,12/04/2025,5.8,Michigan,Port Huron,5.8,5.7553399999999995,5.46824,4.45962
1067,Detroit,12/05/2025,10.4,Michigan,Port Huron,10.4,10.31992,9.80512,7.996560000000001
1068,Detroit,12/06/2025,15.6,Michigan,Port Huron,15.6,15.47988,14.70768,11.99484
1069,Detroit,12/07/2025,7.0,Michigan,Port Huron,7.0,6.9460999999999995,6.5996,5.3823
1070,Detroit,12/08/2025,3.5,Michigan,Port Huron,3.5,3.4730499999999997,3.2998,2.69115
1071,Detroit,12/09/2025,10.7,Michigan,Port Huron,10.7,10.617609999999999,10.087959999999999,8.22723
1072,Detroit,12/10/2025,6.2,Michigan,Port Huron,6.2,6.15226,5.84536,4.767180000000001
1073,Detroit,12/11/2025,2.4,Michigan,Port Huron,2.4,2.3815199999999996,2.26272,1.84536
1074,Detroit,12/12/2025,4.8,Michigan,Port Huron,4.8,4.763039999999999,4.52544,3.69072
1075,Detroit,12/13/2025,7.4,Michigan,Port Huron,7.4,7.34302,6.97672,5.68986
1076,Detroit,12/14/2025,3.2,Michigan,Port Huron,3.2,3.17536,3.01696,2.4604800000000004
1077,Detroit,12/15/2025,6.2,Michigan,Port Huron,6.2,6.15226,5.84536,4.767180000000001
1078,Detroit,12/16/2025,14.0,Michigan,Port Huron,14.0,13.892199999999999,13.1992,10.7646
1079,Detroit,12/17/2025,13.0,Michigan,Port Huron,13.0,12.899899999999999,12.2564,9.995700000000001
1080,Detroit,12/18/2025,13.0,Michigan,Port Huron,13.0,12.899899999999999,12.2564,9.995700000000001
1081,Detroit,12/19/2025,3.3,Michigan,Port Huron,3.3,3.27459,3.1112399999999996,2.53737
1082,Detroit,12/20/2025,5.7,Michigan,Port Huron,5.7,5.65611,5.37396,4.3827300000000005
1083,Detroit,12/21/2025,5.4,Michigan,Port Huron,5.4,5.35842,5.09112,4.1520600000000005
1084,Detroit,12/22/2025,8.1,Michigan,Port Huron,8.1,8.03763,7.636679999999999,6.22809
1085,Detroit,12/23/2025,9.5,Michigan,Port Huron,9.5,9.42685,8.9566,7.30455
1086,Detroit,12/24/2025,9.5,Michigan,Port Huron,9.5,9.42685,8.9566,7.30455
1087,Detroit,12/25/2025,6.6,Michigan,Port Huron,6.6,6.54918,6.222479999999999,5.07474
1088,Detroit,12/26/2025,3.6,Michigan,Port Huron,3.6,3.57228,3.3940799999999998,2.76804
1089,Detroit,12/27/2025,5.1,Michigan,Port Huron,5.1,5.0607299999999995,4.80828,3.9213899999999997
1090,Detroit,12/28/2025,7.3,Michigan,Port Huron,7.3,7.24379,6.88244,5.61297
1091,Detroit,12/29/2025,1.6,Michigan,Port Huron,1.6,1.58768,1.50848,1.2302400000000002
1092,Detroit,12/30/2025,1.7,Michigan,Port Huron,1.7,1.68691,1.60276,1.30713
1093,Detroit,12/31/2025,4.8,Michigan,Port Huron,4.8,4.763039999999999,4.52544,3.69072
1094,Detroit,01/01/2025,3.0,Michigan,Allen Park,3.0,2.9768999999999997,2.8284,2.3067
1095,Detroit,01/02/2025,4.7,Michigan,Allen Park,4.7,4.66381,4.43116,3.61383
1096,Detroit,01/03/2025,4.1,Michigan,Allen Park,4.1,4.068429999999999,3.8654799999999994,3.15249
1097,Detroit,01/04/2025,2.2,Michigan,Allen Park,2.2,2.1830600000000002,2.07416,1.6915800000000003
1098,Detroit,01/05/2025,4.3,Michigan,Allen Park,4.3,4.26689,4.05404,3.30627
1099,Detroit,01/06/2025,3.2,Michigan,Allen Park,3.2,3.17536,3.01696,2.4604800000000004
1100,Detroit,01/07/2025,2.1,Michigan,Allen Park,2.1,2.08383,1.97988,1.6146900000000002
1101,Detroit,01/08/2025,2.3,Michigan,Allen Park,2.3,2.2822899999999997,2.16844,1.76847
1102,Detroit,01/09/2025,5.8,Michigan,Allen Park,5.8,5.7553399999999995,5.46824,4.45962
1103,Detroit,01/10/2025,20.2,Michigan,Allen Park,20.2,20.044459999999997,19.044559999999997,15.53178
1104,Detroit,01/11/2025,15.3,Michigan,Allen Park,15.3,15.18219,14.42484,11.764170000000002
1105,Detroit,01/12/2025,13.9,Michigan,Allen Park,13.9,13.79297,13.10492,10.687710000000001
1106,Detroit,01/13/2025,6.9,Michigan,Allen Park,6.9,6.84687,6.50532,5.30541
1107,Detroit,01/14/2025,5.9,Michigan,Allen Park,5.9,5.85457,5.56252,4.536510000000001
1108,Detroit,01/15/2025,6.8,Michigan,Allen Park,6.8,6.74764,6.41104,5.22852
1109,Detroit,01/16/2025,14.8,Michigan,Allen Park,14.8,14.68604,13.95344,11.37972
1110,Detroit,01/17/2025,9.6,Michigan,Allen Park,9.6,9.526079999999999,9.05088,7.38144
1111,Detroit,01/18/2025,4.9,Michigan,Allen Park,4.9,4.8622700000000005,4.61972,3.7676100000000003
1112,Detroit,01/19/2025,2.8,Michigan,Allen Park,2.8,2.77844,2.63984,2.15292
1113,Detroit,01/20/2025,3.6,Michigan,Allen Park,3.6,3.57228,3.3940799999999998,2.76804
1114,Detroit,01/21/2025,5.2,Michigan,Allen Park,5.2,5.15996,4.90256,3.9982800000000003
1115,Detroit,01/22/2025,6.3,Michigan,Allen Park,6.3,6.2514899999999995,5.93964,4.84407
1116,Detroit,01/23/2025,8.1,Michigan,Allen Park,8.1,8.03763,7.636679999999999,6.22809
1117,Detroit,01/24/2025,8.8,Michigan,Allen Park,8.8,8.732240000000001,8.29664,6.766320000000001
1118,Detroit,01/25/2025,10.5,Michigan,Allen Park,10.5,10.41915,9.8994,8.073450000000001
1119,Detroit,01/26/2025,5.3,Michigan,Allen Park,5.3,5.259189999999999,4.99684,4.07517
1120,Detroit,01/27/2025,5.7,Michigan,Allen Park,5.7,5.65611,5.37396,4.3827300000000005
1121,Detroit,01/28/2025,4.3,Michigan,Allen Park,4.3,4.26689,4.05404,3.30627
1122,Detroit,01/29/2025,3.5,Michigan,Allen Park,3.5,3.4730499999999997,3.2998,2.69115
1123,Detroit,01/30/2025,6.5,Michigan,Allen Park,6.5,6.449949999999999,6.1282,4.997850000000001
1124,Detroit,01/31/2025,9.1,Michigan,Allen Park,9.1,9.029929999999998,8.57948,6.99699
1125,Detroit,02/01/2025,2.9,Michigan,Allen Park,2.9,2.8776699999999997,2.73412,2.22981
1126,Detroit,02/02/2025,10.7,Michigan,Allen Park,10.7,10.617609999999999,10.087959999999999,8.22723
1127,Detroit,02/03/2025,17.2,Michigan,Allen Park,17.2,17.06756,16.21616,13.22508
1128,Detroit,02/04/2025,3.7,Michigan,Allen Park,3.7,3.67151,3.48836,2.84493
1129,Detroit,02/05/2025,3.4,Michigan,Allen Park,3.4,3.37382,3.20552,2.61426
1130,Detroit,02/06/2025,6.9,Michigan,Allen Park,6.9,6.84687,6.50532,5.30541
1131,Detroit,02/07/2025,5.6,Michigan,Allen Park,5.6,5.55688,5.27968,4.30584
1132,Detroit,02/08/2025,10.2,Michigan,Allen Park,10.2,10.121459999999999,9.61656,7.842779999999999
1133,Detroit,02/09/2025,8.0,Michigan,Allen Park,8.0,7.9384,7.5424,6.1512
1134,Detroit,02/10/2025,9.7,Michigan,Allen Park,9.7,9.625309999999999,9.145159999999999,7.45833
1135,Detroit,02/11/2025,11.0,Michigan,Allen Park,11.0,10.9153,10.3708,8.4579
1136,Detroit,02/12/2025,10.8,Michigan,Allen Park,10.8,10.71684,10.18224,8.304120000000001
1137,Detroit,02/13/2025,6.4,Michigan,Allen Park,6.4,6.35072,6.03392,4.920960000000001
1138,Detroit,02/14/2025,12.5,Michigan,Allen Park,12.5,12.403749999999999,11.785,9.61125
1139,Detroit,02/15/2025,17.2,Michigan,Allen Park,17.2,17.06756,16.21616,13.22508
1140,Detroit,02/16/2025,7.0,Michigan,Allen Park,7.0,6.9460999999999995,6.5996,5.3823
1141,Detroit,02/17/2025,4.1,Michigan,Allen Park,4.1,4.068429999999999,3.8654799999999994,3.15249
1142,Detroit,02/18/2025,6.2,Michigan,Allen Park,6.2,6.15226,5.84536,4.767180000000001
1143,Detroit,02/19/2025,5.4,Michigan,Allen Park,5.4,5.35842,5.09112,4.1520600000000005
1144,Detroit,02/20/2025,5.0,Michigan,Allen Park,5.0,4.9615,4.7139999999999995,3.8445
1145,Detroit,02/21/2025,5.6,Michigan,Allen Park,5.6,5.55688,5.27968,4.30584
1146,Detroit,02/22/2025,13.1,Michigan,Allen Park,13.1,12.99913,12.350679999999999,10.07259
1147,Detroit,02/23/2025,14.1,Michigan,Allen Park,14.1,13.99143,13.293479999999999,10.84149
1148,Detroit,02/24/2025,11.7,Michigan,Allen Park,11.7,11.60991,11.030759999999999,8.996129999999999
1149,Detroit,02/25/2025,7.0,Michigan,Allen Park,7.0,6.9460999999999995,6.5996,5.3823
1150,Detroit,02/26/2025,9.5,Michigan,Allen Park,9.5,9.42685,8.9566,7.30455
1151,Detroit,02/27/2025,10.9,Michigan,Allen Park,10.9,10.81607,10.27652,8.38101
1152,Detroit,02/28/2025,4.4,Michigan,Allen Park,4.4,4.3661200000000004,4.14832,3.3831600000000006
1153,Detroit,03/01/2025,2.2,Michigan,Allen Park,2.2,2.1830600000000002,2.07416,1.6915800000000003
1154,Detroit,03/02/2025,4.1,Michigan,Allen Park,4.1,4.068429999999999,3.8654799999999994,3.15249
1155,Detroit,03/03/2025,10.3,Michigan,Allen Park,10.3,10.220690000000001,9.710840000000001,7.919670000000001
1156,Detroit,03/04/2025,9.4,Michigan,Allen Park,9.4,9.32762,8.86232,7.22766
1157,Detroit,03/05/2025,4.4,Michigan,Allen Park,4.4,4.3661200000000004,4.14832,3.3831600000000006
1158,Detroit,03/06/2025,1.8,Michigan,Allen Park,1.8,1.78614,1.6970399999999999,1.38402
1159,Detroit,03/07/2025,5.2,Michigan,Allen Park,5.2,5.15996,4.90256,3.9982800000000003
1160,Detroit,03/08/2025,3.5,Michigan,Allen Park,3.5,3.4730499999999997,3.2998,2.69115
1161,Detroit,03/09/2025,4.5,Michigan,Allen Park,4.5,4.46535,4.2425999999999995,3.4600500000000003
1162,Detroit,03/10/2025,5.5,Michigan,Allen Park,5.5,5.45765,5.1854,4.22895
1163,Detroit,03/11/2025,4.8,Michigan,Allen Park,4.8,4.763039999999999,4.52544,3.69072
1164,Detroit,03/12/2025,2.8,Michigan,Allen Park,2.8,2.77844,2.63984,2.15292
1165,Detroit,03/13/2025,6.8,Michigan,Allen Park,6.8,6.74764,6.41104,5.22852
1166,Detroit,03/14/2025,9.9,Michigan,Allen Park,9.9,9.82377,9.33372,7.61211
1167,Detroit,03/15/2025,6.8,Michigan,Allen Park,6.8,6.74764,6.41104,5.22852
1168,Detroit,03/16/2025,3.3,Michigan,Allen Park,3.3,3.27459,3.1112399999999996,2.53737
1169,Detroit,03/17/2025,3.3,Michigan,Allen Park,3.3,3.27459,3.1112399999999996,2.53737
1170,Detroit,03/18/2025,5.0,Michigan,Allen Park,5.0,4.9615,4.7139999999999995,3.8445
1171,Detroit,03/19/2025,7.2,Michigan,Allen Park,7.2,7.14456,6.7881599999999995,5.53608
1172,Detroit,03/20/2025,3.3,Michigan,Allen Park,3.3,3.27459,3.1112399999999996,2.53737
1173,Detroit,03/21/2025,4.2,Michigan,Allen Park,4.2,4.16766,3.95976,3.2293800000000004
1174,Detroit,03/22/2025,2.9,Michigan,Allen Park,2.9,2.8776699999999997,2.73412,2.22981
1175,Detroit,03/23/2025,4.0,Michigan,Allen Park,4.0,3.9692,3.7712,3.0756
1176,Detroit,03/24/2025,4.8,Michigan,Allen Park,4.8,4.763039999999999,4.52544,3.69072
1177,Detroit,03/25/2025,3.1,Michigan,Allen Park,3.1,3.07613,2.92268,2.3835900000000003
1178,Detroit,03/26/2025,3.2,Michigan,Allen Park,3.2,3.17536,3.01696,2.4604800000000004
1179,Detroit,03/27/2025,7.6,Michigan,Allen Park,7.6,7.541479999999999,7.165279999999999,5.84364
1180,Detroit,03/28/2025,9.5,Michigan,Allen Park,9.5,9.42685,8.9566,7.30455
1181,Detroit,03/29/2025,9.5,Michigan,Allen Park,9.5,9.42685,8.9566,7.30455
1182,Detroit,03/30/2025,7.6,Michigan,Allen Park,7.6,7.541479999999999,7.165279999999999,5.84364
1183,Detroit,03/31/2025,2.3,Michigan,Allen Park,2.3,2.2822899999999997,2.16844,1.76847
1184,Detroit,04/01/2025,3.1,Michigan,Allen Park,3.1,3.07613,2.92268,2.3835900000000003
1185,Detroit,04/02/2025,4.7,Michigan,Allen Park,4.7,4.66381,4.43116,3.61383
1186,Detroit,04/03/2025,3.6,Michigan,Allen Park,3.6,3.57228,3.3940799999999998,2.76804
1187,Detroit,04/04/2025,3.3,Michigan,Allen Park,3.3,3.27459,3.1112399999999996,2.53737
1188,Detroit,04/05/2025,3.7,Michigan,Allen Park,3.7,3.67151,3.48836,2.84493
1189,Detroit,04/06/2025,3.1,Michigan,Allen Park,3.1,3.07613,2.92268,2.3835900000000003
1190,Detroit,04/07/2025,4.1,Michigan,Allen Park,4.1,4.068429999999999,3.8654799999999994,3.15249
1191,Detroit,04/08/2025,2.9,Michigan,Allen Park,2.9,2.8776699999999997,2.73412,2.22981
1192,Detroit,04/09/2025,6.1,Michigan,Allen Park,6.1,6.05303,5.751079999999999,4.69029
1193,Detroit,04/10/2025,6.9,Michigan,Allen Park,6.9,6.84687,6.50532,5.30541
1194,Detroit,04/11/2025,6.3,Michigan,Allen Park,6.3,6.2514899999999995,5.93964,4.84407
1195,Detroit,04/12/2025,5.4,Michigan,Allen Park,5.4,5.35842,5.09112,4.1520600000000005
1196,Detroit,04/13/2025,5.9,Michigan,Allen Park,5.9,5.85457,5.56252,4.536510000000001
1197,Detroit,04/14/2025,5.0,Michigan,Allen Park,5.0,4.9615,4.7139999999999995,3.8445
1198,Detroit,04/15/2025,1.8,Michigan,Allen Park,1.8,1.78614,1.6970399999999999,1.38402
1199,Detroit,04/16/2025,2.7,Michigan,Allen Park,2.7,2.67921,2.54556,2.0760300000000003
1200,Detroit,04/17/2025,6.3,Michigan,Allen Park,6.3,6.2514899999999995,5.93964,4.84407
1201,Detroit,04/18/2025,10.5,Michigan,Allen Park,10.5,10.41915,9.8994,8.073450000000001
1202,Detroit,04/19/2025,8.7,Michigan,Allen Park,8.7,8.633009999999999,8.202359999999999,6.68943
1203,Detroit,04/20/2025,2.7,Michigan,Allen Park,2.7,2.67921,2.54556,2.0760300000000003
1204,Detroit,04/21/2025,3.6,Michigan,Allen Park,3.6,3.57228,3.3940799999999998,2.76804
1205,Detroit,04/22/2025,2.6,Michigan,Allen Park,2.6,2.57998,2.45128,1.9991400000000001
1206,Detroit,04/23/2025,7.9,Michigan,Allen Park,7.9,7.83917,7.44812,6.0743100000000005
1207,Detroit,04/24/2025,10.5,Michigan,Allen Park,10.5,10.41915,9.8994,8.073450000000001
1208,Detroit,04/25/2025,9.2,Michigan,Allen Park,9.2,9.129159999999999,8.67376,7.07388
1209,Detroit,04/26/2025,3.4,Michigan,Allen Park,3.4,3.37382,3.20552,2.61426
1210,Detroit,04/27/2025,4.3,Michigan,Allen Park,4.3,4.26689,4.05404,3.30627
1211,Detroit,04/28/2025,4.0,Michigan,Allen Park,4.0,3.9692,3.7712,3.0756
1212,Detroit,04/29/2025,6.9,Michigan,Allen Park,6.9,6.84687,6.50532,5.30541
1213,Detroit,04/30/2025,4.2,Michigan,Allen Park,4.2,4.16766,3.95976,3.2293800000000004
1214,Detroit,05/01/2025,4.3,Michigan,Allen Park,4.3,4.26689,4.05404,3.30627
1215,Detroit,05/02/2025,6.2,Michigan,Allen Park,6.2,6.15226,5.84536,4.767180000000001
1216,Detroit,05/03/2025,2.8,Michigan,Allen Park,2.8,2.77844,2.63984,2.15292
1217,Detroit,05/04/2025,3.6,Michigan,Allen Park,3.6,3.57228,3.3940799999999998,2.76804
1218,Detroit,05/05/2025,6.2,Michigan,Allen Park,6.2,6.15226,5.84536,4.767180000000001
1219,Detroit,05/06/2025,9.9,Michigan,Allen Park,9.9,9.82377,9.33372,7.61211
1220,Detroit,05/07/2025,5.4,Michigan,Allen Park,5.4,5.35842,5.09112,4.1520600000000005
1221,Detroit,05/08/2025,3.2,Michigan,Allen Park,3.2,3.17536,3.01696,2.4604800000000004
1222,Detroit,05/09/2025,3.7,Michigan,Allen Park,3.7,3.67151,3.48836,2.84493
1223,Detroit,05/10/2025,5.5,Michigan,Allen Park,5.5,5.45765,5.1854,4.22895
1224,Detroit,05/11/2025,3.5,Michigan,Allen Park,3.5,3.4730499999999997,3.2998,2.69115
1225,Detroit,05/12/2025,5.5,Michigan,Allen Park,5.5,5.45765,5.1854,4.22895
1226,Detroit,05/13/2025,3.3,Michigan,Allen Park,3.3,3.27459,3.1112399999999996,2.53737
1227,Detroit,05/14/2025,3.5,Michigan,Allen Park,3.5,3.4730499999999997,3.2998,2.69115
1228,Detroit,05/15/2025,5.3,Michigan,Allen Park,5.3,5.259189999999999,4.99684,4.07517
1229,Detroit,05/16/2025,5.7,Michigan,Allen Park,5.7,5.65611,5.37396,4.3827300000000005
1230,Detroit,05/17/2025,3.6,Michigan,Allen Park,3.6,3.57228,3.3940799999999998,2.76804
1231,Detroit,05/18/2025,2.7,Michigan,Allen Park,2.7,2.67921,2.54556,2.0760300000000003
1232,Detroit,05/19/2025,3.3,Michigan,Allen Park,3.3,3.27459,3.1112399999999996,2.53737
1233,Detroit,05/20/2025,2.8,Michigan,Allen Park,2.8,2.77844,2.63984,2.15292
1234,Detroit,05/21/2025,4.1,Michigan,Allen Park,4.1,4.068429999999999,3.8654799999999994,3.15249
1235,Detroit,05/22/2025,2.0,Michigan,Allen Park,2.0,1.9846,1.8856,1.5378
1236,Detroit,05/23/2025,1.5,Michigan,Allen Park,1.5,1.4884499999999998,1.4142,1.15335
1237,Detroit,05/24/2025,2.5,Michigan,Allen Park,2.5,2.48075,2.3569999999999998,1.92225
1238,Detroit,05/25/2025,7.9,Michigan,Allen Park,7.9,7.83917,7.44812,6.0743100000000005
1239,Detroit,05/26/2025,5.7,Michigan,Allen Park,5.7,5.65611,5.37396,4.3827300000000005
1240,Detroit,05/27/2025,4.7,Michigan,Allen Park,4.7,4.66381,4.43116,3.61383
1241,Detroit,05/28/2025,2.8,Michigan,Allen Park,2.8,2.77844,2.63984,2.15292
1242,Detroit,05/29/2025,7.1,Michigan,Allen Park,7.1,7.045329999999999,6.693879999999999,5.4591899999999995
1243,Detroit,05/30/2025,6.3,Michigan,Allen Park,6.3,6.2514899999999995,5.93964,4.84407
1244,Detroit,05/31/2025,6.1,Michigan,Allen Park,6.1,6.05303,5.751079999999999,4.69029
1245,Detroit,06/01/2025,4.5,Michigan,Allen Park,4.5,4.46535,4.2425999999999995,3.4600500000000003
1246,Detroit,06/02/2025,4.8,Michigan,Allen Park,4.8,4.763039999999999,4.52544,3.69072
1247,Detroit,06/03/2025,13.9,Michigan,Allen Park,13.9,13.79297,13.10492,10.687710000000001
1248,Detroit,06/04/2025,20.1,Michigan,Allen Park,20.1,19.945230000000002,18.95028,15.454890000000002
1249,Detroit,06/05/2025,39.4,Michigan,Allen Park,39.4,39.096619999999994,37.146319999999996,30.29466
1250,Detroit,06/06/2025,53.4,Michigan,Allen Park,53.4,52.98882,50.34552,41.05926
1251,Detroit,06/07/2025,21.4,Michigan,Allen Park,21.4,21.235219999999998,20.175919999999998,16.45446
1252,Detroit,06/08/2025,35.2,Michigan,Allen Park,35.2,34.928960000000004,33.18656,27.065280000000005
1253,Detroit,06/09/2025,18.6,Michigan,Allen Park,18.6,18.456780000000002,17.536080000000002,14.301540000000001
1254,Detroit,06/10/2025,12.9,Michigan,Allen Park,12.9,12.80067,12.16212,9.91881
1255,Detroit,06/11/2025,18.6,Michigan,Allen Park,18.6,18.456780000000002,17.536080000000002,14.301540000000001
1256,Detroit,06/12/2025,21.2,Michigan,Allen Park,21.2,21.036759999999997,19.98736,16.30068
1257,Detroit,06/13/2025,8.5,Michigan,Allen Park,8.5,8.43455,8.0138,6.53565
1258,Detroit,06/14/2025,7.7,Michigan,Allen Park,7.7,7.6407099999999994,7.25956,5.92053
1259,Detroit,06/15/2025,8.5,Michigan,Allen Park,8.5,8.43455,8.0138,6.53565
1260,Detroit,06/16/2025,7.9,Michigan,Allen Park,7.9,7.83917,7.44812,6.0743100000000005
1261,Detroit,06/17/2025,5.7,Michigan,Allen Park,5.7,5.65611,5.37396,4.3827300000000005
1262,Detroit,06/18/2025,5.1,Michigan,Allen Park,5.1,5.0607299999999995,4.80828,3.9213899999999997
1263,Detroit,06/19/2025,3.6,Michigan,Allen Park,3.6,3.57228,3.3940799999999998,2.76804
1264,Detroit,06/20/2025,7.4,Michigan,Allen Park,7.4,7.34302,6.97672,5.68986
1265,Detroit,06/21/2025,8.3,Michigan,Allen Park,8.3,8.23609,7.825240000000001,6.381870000000001
1266,Detroit,06/22/2025,9.7,Michigan,Allen Park,9.7,9.625309999999999,9.145159999999999,7.45833
1267,Detroit,06/23/2025,11.5,Michigan,Allen Park,11.5,11.41145,10.8422,8.84235
1268,Detroit,06/24/2025,9.9,Michigan,Allen Park,9.9,9.82377,9.33372,7.61211
1269,Detroit,06/25/2025,9.7,Michigan,Allen Park,9.7,9.625309999999999,9.145159999999999,7.45833
1270,Detroit,06/26/2025,6.6,Michigan,Allen Park,6.6,6.54918,6.222479999999999,5.07474
1271,Detroit,06/27/2025,7.0,Michigan,Allen Park,7.0,6.9460999999999995,6.5996,5.3823
1272,Detroit,06/28/2025,4.2,Michigan,Allen Park,4.2,4.16766,3.95976,3.2293800000000004
1273,Detroit,06/29/2025,5.2,Michigan,Allen Park,5.2,5.15996,4.90256,3.9982800000000003
1274,Detroit,06/30/2025,5.3,Michigan,Allen Park,5.3,5.259189999999999,4.99684,4.07517
1275,Detroit,07/01/2025,5.7,Michigan,Allen Park,5.7,5.65611,5.37396,4.3827300000000005
1276,Detroit,07/02/2025,9.3,Michigan,Allen Park,9.3,9.228390000000001,8.768040000000001,7.1507700000000005
1277,Detroit,07/03/2025,11.3,Michigan,Allen Park,11.3,11.21299,10.653640000000001,8.68857
1278,Detroit,07/04/2025,19.9,Michigan,Allen Park,19.9,19.746769999999998,18.761719999999997,15.30111
1279,Detroit,07/05/2025,17.2,Michigan,Allen Park,17.2,17.06756,16.21616,13.22508
1280,Detroit,07/06/2025,10.8,Michigan,Allen Park,10.8,10.71684,10.18224,8.304120000000001
1281,Detroit,07/07/2025,4.2,Michigan,Allen Park,4.2,4.16766,3.95976,3.2293800000000004
1282,Detroit,07/08/2025,16.5,Michigan,Allen Park,16.5,16.37295,15.556199999999999,12.68685
1283,Detroit,07/09/2025,10.7,Michigan,Allen Park,10.7,10.617609999999999,10.087959999999999,8.22723
1284,Detroit,07/10/2025,8.9,Michigan,Allen Park,8.9,8.83147,8.39092,6.843210000000001
1285,Detroit,07/11/2025,8.5,Michigan,Allen Park,8.5,8.43455,8.0138,6.53565
1286,Detroit,07/12/2025,8.1,Michigan,Allen Park,8.1,8.03763,7.636679999999999,6.22809
1287,Detroit,07/13/2025,10.8,Michigan,Allen Park,10.8,10.71684,10.18224,8.304120000000001
1288,Detroit,07/14/2025,27.4,Michigan,Allen Park,27.4,27.189019999999996,25.83272,21.06786
1289,Detroit,07/15/2025,38.4,Michigan,Allen Park,38.4,38.104319999999994,36.20352,29.52576
1290,Detroit,07/16/2025,15.4,Michigan,Allen Park,15.4,15.281419999999999,14.51912,11.84106
1291,Detroit,07/17/2025,3.4,Michigan,Allen Park,3.4,3.37382,3.20552,2.61426
1292,Detroit,07/18/2025,2.4,Michigan,Allen Park,2.4,2.3815199999999996,2.26272,1.84536
1293,Detroit,07/19/2025,5.3,Michigan,Allen Park,5.3,5.259189999999999,4.99684,4.07517
1294,Detroit,07/20/2025,5.1,Michigan,Allen Park,5.1,5.0607299999999995,4.80828,3.9213899999999997
1295,Detroit,07/21/2025,10.1,Michigan,Allen Park,10.1,10.022229999999999,9.522279999999999,7.76589
1296,Detroit,07/22/2025,3.8,Michigan,Allen Park,3.8,3.7707399999999995,3.5826399999999996,2.92182
1297,Detroit,07/23/2025,5.3,Michigan,Allen Park,5.3,5.259189999999999,4.99684,4.07517
1298,Detroit,07/24/2025,11.7,Michigan,Allen Park,11.7,11.60991,11.030759999999999,8.996129999999999
1299,Detroit,07/25/2025,5.6,Michigan,Allen Park,5.6,5.55688,5.27968,4.30584
1300,Detroit,07/26/2025,9.6,Michigan,Allen Park,9.6,9.526079999999999,9.05088,7.38144
1301,Detroit,07/27/2025,5.9,Michigan,Allen Park,5.9,5.85457,5.56252,4.536510000000001
1302,Detroit,07/28/2025,5.8,Michigan,Allen Park,5.8,5.7553399999999995,5.46824,4.45962
1303,Detroit,07/29/2025,7.8,Michigan,Allen Park,7.8,7.73994,7.35384,5.99742
1304,Detroit,07/30/2025,16.4,Michigan,Allen Park,16.4,16.273719999999997,15.461919999999997,12.60996
1305,Detroit,07/31/2025,42.7,Michigan,Allen Park,42.7,42.37121,40.25756,32.83203
1306,Detroit,08/01/2025,15.3,Michigan,Allen Park,15.3,15.18219,14.42484,11.764170000000002
1307,Detroit,08/02/2025,8.8,Michigan,Allen Park,8.8,8.732240000000001,8.29664,6.766320000000001
1308,Detroit,08/03/2025,27.4,Michigan,Allen Park,27.4,27.189019999999996,25.83272,21.06786
1309,Detroit,08/04/2025,48.7,Michigan,Allen Park,48.7,48.32501,45.91436,37.44543
1310,Detroit,08/05/2025,30.4,Michigan,Allen Park,30.4,30.165919999999996,28.661119999999997,23.37456
1311,Detroit,08/06/2025,22.1,Michigan,Allen Park,22.1,21.92983,20.83588,16.992690000000003
1312,Detroit,08/07/2025,16.4,Michigan,Allen Park,16.4,16.273719999999997,15.461919999999997,12.60996
1313,Detroit,08/08/2025,10.2,Michigan,Allen Park,10.2,10.121459999999999,9.61656,7.842779999999999
1314,Detroit,08/09/2025,11.4,Michigan,Allen Park,11.4,11.31222,10.74792,8.765460000000001
1315,Detroit,08/10/2025,11.9,Michigan,Allen Park,11.9,11.80837,11.21932,9.14991
1316,Detroit,08/11/2025,10.2,Michigan,Allen Park,10.2,10.121459999999999,9.61656,7.842779999999999
1317,Detroit,08/12/2025,9.0,Michigan,Allen Park,9.0,8.9307,8.485199999999999,6.920100000000001
1318,Detroit,08/13/2025,7.9,Michigan,Allen Park,7.9,7.83917,7.44812,6.0743100000000005
1319,Detroit,08/14/2025,20.7,Michigan,Allen Park,20.7,20.540609999999997,19.51596,15.91623
1320,Detroit,08/15/2025,20.4,Michigan,Allen Park,20.4,20.242919999999998,19.23312,15.685559999999999
1321,Detroit,08/16/2025,14.8,Michigan,Allen Park,14.8,14.68604,13.95344,11.37972
1322,Detroit,08/17/2025,5.4,Michigan,Allen Park,5.4,5.35842,5.09112,4.1520600000000005
1323,Detroit,08/18/2025,2.7,Michigan,Allen Park,2.7,2.67921,2.54556,2.0760300000000003
1324,Detroit,08/19/2025,4.2,Michigan,Allen Park,4.2,4.16766,3.95976,3.2293800000000004
1325,Detroit,08/20/2025,2.2,Michigan,Allen Park,2.2,2.1830600000000002,2.07416,1.6915800000000003
1326,Detroit,08/21/2025,4.2,Michigan,Allen Park,4.2,4.16766,3.95976,3.2293800000000004
1327,Detroit,08/22/2025,5.9,Michigan,Allen Park,5.9,5.85457,5.56252,4.536510000000001
1328,Detroit,08/23/2025,5.3,Michigan,Allen Park,5.3,5.259189999999999,4.99684,4.07517
1329,Detroit,08/24/2025,3.2,Michigan,Allen Park,3.2,3.17536,3.01696,2.4604800000000004
1330,Detroit,08/25/2025,2.7,Michigan,Allen Park,2.7,2.67921,2.54556,2.0760300000000003
1331,Detroit,08/26/2025,3.8,Michigan,Allen Park,3.8,3.7707399999999995,3.5826399999999996,2.92182
1332,Detroit,08/27/2025,4.4,Michigan,Allen Park,4.4,4.3661200000000004,4.14832,3.3831600000000006
1333,Detroit,08/28/2025,5.2,Michigan,Allen Park,5.2,5.15996,4.90256,3.9982800000000003
1334,Detroit,08/29/2025,2.8,Michigan,Allen Park,2.8,2.77844,2.63984,2.15292
1335,Detroit,08/30/2025,6.8,Michigan,Allen Park,6.8,6.74764,6.41104,5.22852
1336,Detroit,08/31/2025,13.1,Michigan,Allen Park,13.1,12.99913,12.350679999999999,10.07259
1337,Detroit,09/01/2025,11.0,Michigan,Allen Park,11.0,10.9153,10.3708,8.4579
1338,Detroit,09/02/2025,6.1,Michigan,Allen Park,6.1,6.05303,5.751079999999999,4.69029
1339,Detroit,09/03/2025,6.0,Michigan,Allen Park,6.0,5.953799999999999,5.6568,4.6134
1340,Detroit,09/04/2025,5.9,Michigan,Allen Park,5.9,5.85457,5.56252,4.536510000000001
1341,Detroit,09/05/2025,7.3,Michigan,Allen Park,7.3,7.24379,6.88244,5.61297
1342,Detroit,09/06/2025,4.0,Michigan,Allen Park,4.0,3.9692,3.7712,3.0756
1343,Detroit,09/07/2025,4.1,Michigan,Allen Park,4.1,4.068429999999999,3.8654799999999994,3.15249
1344,Detroit,09/08/2025,3.6,Michigan,Allen Park,3.6,3.57228,3.3940799999999998,2.76804
1345,Detroit,09/09/2025,4.4,Michigan,Allen Park,4.4,4.3661200000000004,4.14832,3.3831600000000006
1346,Detroit,09/10/2025,7.0,Michigan,Allen Park,7.0,6.9460999999999995,6.5996,5.3823
1347,Detroit,09/11/2025,11.5,Michigan,Allen Park,11.5,11.41145,10.8422,8.84235
1348,Detroit,09/12/2025,10.1,Michigan,Allen Park,10.1,10.022229999999999,9.522279999999999,7.76589
1349,Detroit,09/13/2025,15.9,Michigan,Allen Park,15.9,15.777569999999999,14.99052,12.22551
1350,Detroit,09/14/2025,20.7,Michigan,Allen Park,20.7,20.540609999999997,19.51596,15.91623
1351,Detroit,09/15/2025,11.1,Michigan,Allen Park,11.1,11.014529999999999,10.465079999999999,8.53479
1352,Detroit,09/16/2025,8.9,Michigan,Allen Park,8.9,8.83147,8.39092,6.843210000000001
1353,Detroit,09/17/2025,9.2,Michigan,Allen Park,9.2,9.129159999999999,8.67376,7.07388
1354,Detroit,09/18/2025,11.6,Michigan,Allen Park,11.6,11.510679999999999,10.93648,8.91924
1355,Detroit,09/19/2025,6.4,Michigan,Allen Park,6.4,6.35072,6.03392,4.920960000000001
1356,Detroit,09/20/2025,3.6,Michigan,Allen Park,3.6,3.57228,3.3940799999999998,2.76804
1357,Detroit,09/21/2025,6.3,Michigan,Allen Park,6.3,6.2514899999999995,5.93964,4.84407
1358,Detroit,09/22/2025,6.7,Michigan,Allen Park,6.7,6.64841,6.31676,5.15163
1359,Detroit,09/23/2025,7.5,Michigan,Allen Park,7.5,7.44225,7.071,5.76675
1360,Detroit,09/24/2025,6.9,Michigan,Allen Park,6.9,6.84687,6.50532,5.30541
1361,Detroit,09/25/2025,6.6,Michigan,Allen Park,6.6,6.54918,6.222479999999999,5.07474
1362,Detroit,09/26/2025,5.5,Michigan,Allen Park,5.5,5.45765,5.1854,4.22895
1363,Detroit,09/27/2025,9.1,Michigan,Allen Park,9.1,9.029929999999998,8.57948,6.99699
1364,Detroit,09/28/2025,9.6,Michigan,Allen Park,9.6,9.526079999999999,9.05088,7.38144
1365,Detroit,09/29/2025,7.0,Michigan,Allen Park,7.0,6.9460999999999995,6.5996,5.3823
1366,Detroit,09/30/2025,7.6,Michigan,Allen Park,7.6,7.541479999999999,7.165279999999999,5.84364
1367,Detroit,10/01/2025,4.6,Michigan,Allen Park,4.6,4.564579999999999,4.33688,3.53694
1368,Detroit,10/02/2025,4.3,Michigan,Allen Park,4.3,4.26689,4.05404,3.30627
1369,Detroit,10/03/2025,9.0,Michigan,Allen Park,9.0,8.9307,8.485199999999999,6.920100000000001
1370,Detroit,10/04/2025,10.9,Michigan,Allen Park,10.9,10.81607,10.27652,8.38101
1371,Detroit,10/05/2025,9.6,Michigan,Allen Park,9.6,9.526079999999999,9.05088,7.38144
1372,Detroit,10/06/2025,5.3,Michigan,Allen Park,5.3,5.259189999999999,4.99684,4.07517
1373,Detroit,10/07/2025,3.1,Michigan,Allen Park,3.1,3.07613,2.92268,2.3835900000000003
1374,Detroit,10/08/2025,2.8,Michigan,Allen Park,2.8,2.77844,2.63984,2.15292
1375,Detroit,10/09/2025,2.9,Michigan,Allen Park,2.9,2.8776699999999997,2.73412,2.22981
1376,Detroit,10/10/2025,4.3,Michigan,Allen Park,4.3,4.26689,4.05404,3.30627
1377,Detroit,10/11/2025,4.0,Michigan,Allen Park,4.0,3.9692,3.7712,3.0756
1378,Detroit,10/12/2025,5.6,Michigan,Allen Park,5.6,5.55688,5.27968,4.30584
1379,Detroit,10/13/2025,5.6,Michigan,Allen Park,5.6,5.55688,5.27968,4.30584
1380,Detroit,10/14/2025,8.7,Michigan,Allen Park,8.7,8.633009999999999,8.202359999999999,6.68943
1381,Detroit,10/15/2025,2.2,Michigan,Allen Park,2.2,2.1830600000000002,2.07416,1.6915800000000003
1382,Detroit,10/16/2025,3.4,Michigan,Allen Park,3.4,3.37382,3.20552,2.61426
1383,Detroit,10/17/2025,5.0,Michigan,Allen Park,5.0,4.9615,4.7139999999999995,3.8445
1384,Detroit,10/18/2025,7.9,Michigan,Allen Park,7.9,7.83917,7.44812,6.0743100000000005
1385,Detroit,10/19/2025,4.8,Michigan,Allen Park,4.8,4.763039999999999,4.52544,3.69072
1386,Detroit,10/20/2025,3.1,Michigan,Allen Park,3.1,3.07613,2.92268,2.3835900000000003
1387,Detroit,10/21/2025,2.8,Michigan,Allen Park,2.8,2.77844,2.63984,2.15292
1388,Detroit,10/22/2025,2.0,Michigan,Allen Park,2.0,1.9846,1.8856,1.5378
1389,Detroit,10/23/2025,1.2,Michigan,Allen Park,1.2,1.1907599999999998,1.13136,0.92268
1390,Detroit,10/24/2025,2.2,Michigan,Allen Park,2.2,2.1830600000000002,2.07416,1.6915800000000003
1391,Detroit,10/25/2025,5.4,Michigan,Allen Park,5.4,5.35842,5.09112,4.1520600000000005
1392,Detroit,10/26/2025,6.3,Michigan,Allen Park,6.3,6.2514899999999995,5.93964,4.84407
1393,Detroit,10/27/2025,3.8,Michigan,Allen Park,3.8,3.7707399999999995,3.5826399999999996,2.92182
1394,Detroit,10/28/2025,3.0,Michigan,Allen Park,3.0,2.9768999999999997,2.8284,2.3067
1395,Detroit,10/29/2025,4.7,Michigan,Allen Park,4.7,4.66381,4.43116,3.61383
1396,Detroit,10/30/2025,4.4,Michigan,Allen Park,4.4,4.3661200000000004,4.14832,3.3831600000000006
1397,Detroit,10/31/2025,3.3,Michigan,Allen Park,3.3,3.27459,3.1112399999999996,2.53737
1398,Detroit,11/01/2025,12.9,Michigan,Allen Park,12.9,12.80067,12.16212,9.91881
1399,Detroit,11/02/2025,16.3,Michigan,Allen Park,16.3,16.17449,15.36764,12.53307
1400,Detroit,11/03/2025,5.1,Michigan,Allen Park,5.1,5.0607299999999995,4.80828,3.9213899999999997
1401,Detroit,11/04/2025,4.3,Michigan,Allen Park,4.3,4.26689,4.05404,3.30627
1402,Detroit,11/05/2025,5.3,Michigan,Allen Park,5.3,5.259189999999999,4.99684,4.07517
1403,Detroit,11/06/2025,3.4,Michigan,Allen Park,3.4,3.37382,3.20552,2.61426
1404,Detroit,11/07/2025,6.4,Michigan,Allen Park,6.4,6.35072,6.03392,4.920960000000001
1405,Detroit,11/08/2025,3.5,Michigan,Allen Park,3.5,3.4730499999999997,3.2998,2.69115
1406,Detroit,11/09/2025,4.4,Michigan,Allen Park,4.4,4.3661200000000004,4.14832,3.3831600000000006
1407,Detroit,11/10/2025,1.7,Michigan,Allen Park,1.7,1.68691,1.60276,1.30713
1408,Detroit,11/11/2025,4.1,Michigan,Allen Park,4.1,4.068429999999999,3.8654799999999994,3.15249
1409,Detroit,11/12/2025,4.7,Michigan,Allen Park,4.7,4.66381,4.43116,3.61383
1410,Detroit,11/13/2025,4.0,Michigan,Allen Park,4.0,3.9692,3.7712,3.0756
1411,Detroit,11/14/2025,10.3,Michigan,Allen Park,10.3,10.220690000000001,9.710840000000001,7.919670000000001
1412,Detroit,11/15/2025,13.5,Michigan,Allen Park,13.5,13.396049999999999,12.7278,10.38015
1413,Detroit,11/16/2025,2.2,Michigan,Allen Park,2.2,2.1830600000000002,2.07416,1.6915800000000003
1414,Detroit,11/17/2025,5.0,Michigan,Allen Park,5.0,4.9615,4.7139999999999995,3.8445
1415,Detroit,11/18/2025,11.7,Michigan,Allen Park,11.7,11.60991,11.030759999999999,8.996129999999999
1416,Detroit,11/19/2025,6.1,Michigan,Allen Park,6.1,6.05303,5.751079999999999,4.69029
1417,Detroit,11/20/2025,13.0,Michigan,Allen Park,13.0,12.899899999999999,12.2564,9.995700000000001
1418,Detroit,11/21/2025,12.3,Michigan,Allen Park,12.3,12.20529,11.596440000000001,9.45747
1419,Detroit,11/22/2025,5.6,Michigan,Allen Park,5.6,5.55688,5.27968,4.30584
1420,Detroit,11/23/2025,6.1,Michigan,Allen Park,6.1,6.05303,5.751079999999999,4.69029
1421,Detroit,11/24/2025,6.7,Michigan,Allen Park,6.7,6.64841,6.31676,5.15163
1422,Detroit,11/25/2025,7.4,Michigan,Allen Park,7.4,7.34302,6.97672,5.68986
1423,Detroit,11/26/2025,3.8,Michigan,Allen Park,3.8,3.7707399999999995,3.5826399999999996,2.92182
1424,Detroit,11/27/2025,1.4,Michigan,Allen Park,1.4,1.38922,1.31992,1.07646
1425,Detroit,11/28/2025,1.6,Michigan,Allen Park,1.6,1.58768,1.50848,1.2302400000000002
1426,Detroit,11/29/2025,4.2,Michigan,Allen Park,4.2,4.16766,3.95976,3.2293800000000004
1427,Detroit,11/30/2025,4.7,Michigan,Allen Park,4.7,4.66381,4.43116,3.61383
1428,Detroit,12/01/2025,3.6,Michigan,Allen Park,3.6,3.57228,3.3940799999999998,2.76804
1429,Detroit,12/02/2025,10.3,Michigan,Allen Park,10.3,10.220690000000001,9.710840000000001,7.919670000000001
1430,Detroit,12/03/2025,18.2,Michigan,Allen Park,18.2,18.059859999999997,17.15896,13.99398
1431,Detroit,12/04/2025,8.1,Michigan,Allen Park,8.1,8.03763,7.636679999999999,6.22809
1432,Detroit,12/05/2025,15.4,Michigan,Allen Park,15.4,15.281419999999999,14.51912,11.84106
1433,Detroit,12/06/2025,16.6,Michigan,Allen Park,16.6,16.47218,15.650480000000002,12.763740000000002
1434,Detroit,12/07/2025,8.0,Michigan,Allen Park,8.0,7.9384,7.5424,6.1512
1435,Detroit,12/08/2025,3.6,Michigan,Allen Park,3.6,3.57228,3.3940799999999998,2.76804
1436,Detroit,12/09/2025,9.1,Michigan,Allen Park,9.1,9.029929999999998,8.57948,6.99699
1437,Detroit,12/10/2025,5.4,Michigan,Allen Park,5.4,5.35842,5.09112,4.1520600000000005
1438,Detroit,12/11/2025,2.6,Michigan,Allen Park,2.6,2.57998,2.45128,1.9991400000000001
1439,Detroit,12/12/2025,6.2,Michigan,Allen Park,6.2,6.15226,5.84536,4.767180000000001
1440,Detroit,12/13/2025,7.8,Michigan,Allen Park,7.8,7.73994,7.35384,5.99742
1441,Detroit,12/14/2025,3.4,Michigan,Allen Park,3.4,3.37382,3.20552,2.61426
1442,Detroit,12/15/2025,6.5,Michigan,Allen Park,6.5,6.449949999999999,6.1282,4.997850000000001
1443,Detroit,12/16/2025,12.9,Michigan,Allen Park,12.9,12.80067,12.16212,9.91881
1444,Detroit,12/17/2025,11.7,Michigan,Allen Park,11.7,11.60991,11.030759999999999,8.996129999999999
1445,Detroit,12/18/2025,9.6,Michigan,Allen Park,9.6,9.526079999999999,9.05088,7.38144
1446,Detroit,12/19/2025,4.6,Michigan,Allen Park,4.6,4.564579999999999,4.33688,3.53694
1447,Detroit,12/20/2025,5.4,Michigan,Allen Park,5.4,5.35842,5.09112,4.1520600000000005
1448,Detroit,12/21/2025,5.9,Michigan,Allen Park,5.9,5.85457,5.56252,4.536510000000001
1449,Detroit,12/22/2025,7.8,Michigan,Allen Park,7.8,7.73994,7.35384,5.99742
1450,Detroit,12/23/2025,9.1,Michigan,Allen Park,9.1,9.029929999999998,8.57948,6.99699
1451,Detroit,12/24/2025,11.7,Michigan,Allen Park,11.7,11.60991,11.030759999999999,8.996129999999999
1452,Detroit,12/25/2025,9.2,Michigan,Allen Park,9.2,9.129159999999999,8.67376,7.07388
1453,Detroit,12/26/2025,5.1,Michigan,Allen Park,5.1,5.0607299999999995,4.80828,3.9213899999999997
1454,Detroit,12/27/2025,5.6,Michigan,Allen Park,5.6,5.55688,5.27968,4.30584
1455,Detroit,12/28/2025,9.4,Michigan,Allen Park,9.4,9.32762,8.86232,7.22766
1456,Detroit,12/29/2025,2.3,Michigan,Allen Park,2.3,2.2822899999999997,2.16844,1.76847
1457,Detroit,12/30/2025,3.3,Michigan,Allen Park,3.3,3.27459,3.1112399999999996,2.53737
1458,Detroit,12/31/2025,5.8,Michigan,Allen Park,5.8,5.7553399999999995,5.46824,4.45962
1459,Detroit,01/01/2025,2.1,Michigan,Allen Park,2.1,2.08383,1.97988,1.6146900000000002
1460,Detroit,01/05/2025,4.3,Michigan,Allen Park,4.3,4.26689,4.05404,3.30627
1461,Detroit,01/11/2025,14.7,Michigan,Allen Park,14.7,14.586809999999998,13.85916,11.30283
1462,Detroit,01/14/2025,7.8,Michigan,Allen Park,7.8,7.73994,7.35384,5.99742
1463,Detroit,01/19/2025,1.9,Michigan,Allen Park,1.9,1.8853699999999998,1.7913199999999998,1.46091
1464,Detroit,01/22/2025,7.6,Michigan,Allen Park,7.6,7.541479999999999,7.165279999999999,5.84364
1465,Detroit,01/25/2025,11.4,Michigan,Allen Park,11.4,11.31222,10.74792,8.765460000000001
1466,Detroit,01/28/2025,3.9,Michigan,Allen Park,3.9,3.86997,3.67692,2.99871
1467,Detroit,01/31/2025,9.2,Michigan,Allen Park,9.2,9.129159999999999,8.67376,7.07388
1468,Detroit,02/03/2025,17.2,Michigan,Allen Park,17.2,17.06756,16.21616,13.22508
1469,Detroit,02/06/2025,6.5,Michigan,Allen Park,6.5,6.449949999999999,6.1282,4.997850000000001
1470,Detroit,02/09/2025,7.5,Michigan,Allen Park,7.5,7.44225,7.071,5.76675
1471,Detroit,02/12/2025,11.6,Michigan,Allen Park,11.6,11.510679999999999,10.93648,8.91924
1472,Detroit,02/15/2025,16.5,Michigan,Allen Park,16.5,16.37295,15.556199999999999,12.68685
1473,Detroit,02/18/2025,6.7,Michigan,Allen Park,6.7,6.64841,6.31676,5.15163
1474,Detroit,02/21/2025,4.9,Michigan,Allen Park,4.9,4.8622700000000005,4.61972,3.7676100000000003
1475,Detroit,02/24/2025,13.2,Michigan,Allen Park,13.2,13.09836,12.444959999999998,10.14948
1476,Detroit,02/27/2025,11.5,Michigan,Allen Park,11.5,11.41145,10.8422,8.84235
1477,Detroit,03/02/2025,3.9,Michigan,Allen Park,3.9,3.86997,3.67692,2.99871
1478,Detroit,03/05/2025,3.9,Michigan,Allen Park,3.9,3.86997,3.67692,2.99871
1479,Detroit,03/11/2025,4.9,Michigan,Allen Park,4.9,4.8622700000000005,4.61972,3.7676100000000003
1480,Detroit,03/14/2025,8.4,Michigan,Allen Park,8.4,8.33532,7.91952,6.458760000000001
1481,Detroit,03/17/2025,2.8,Michigan,Allen Park,2.8,2.77844,2.63984,2.15292
1482,Detroit,03/26/2025,2.7,Michigan,Allen Park,2.7,2.67921,2.54556,2.0760300000000003
1483,Detroit,03/29/2025,9.5,Michigan,Allen Park,9.5,9.42685,8.9566,7.30455
1484,Detroit,04/01/2025,2.7,Michigan,Allen Park,2.7,2.67921,2.54556,2.0760300000000003
1485,Detroit,04/04/2025,2.8,Michigan,Allen Park,2.8,2.77844,2.63984,2.15292
1486,Detroit,04/07/2025,4.0,Michigan,Allen Park,4.0,3.9692,3.7712,3.0756
1487,Detroit,04/13/2025,6.2,Michigan,Allen Park,6.2,6.15226,5.84536,4.767180000000001
1488,Detroit,04/16/2025,2.3,Michigan,Allen Park,2.3,2.2822899999999997,2.16844,1.76847
1489,Detroit,04/19/2025,8.3,Michigan,Allen Park,8.3,8.23609,7.825240000000001,6.381870000000001
1490,Detroit,04/22/2025,2.6,Michigan,Allen Park,2.6,2.57998,2.45128,1.9991400000000001
1491,Detroit,04/25/2025,7.7,Michigan,Allen Park,7.7,7.6407099999999994,7.25956,5.92053
1492,Detroit,04/28/2025,4.5,Michigan,Allen Park,4.5,4.46535,4.2425999999999995,3.4600500000000003
1493,Detroit,05/01/2025,4.0,Michigan,Allen Park,4.0,3.9692,3.7712,3.0756
1494,Detroit,05/04/2025,3.9,Michigan,Allen Park,3.9,3.86997,3.67692,2.99871
1495,Detroit,05/07/2025,4.6,Michigan,Allen Park,4.6,4.564579999999999,4.33688,3.53694
1496,Detroit,05/10/2025,6.1,Michigan,Allen Park,6.1,6.05303,5.751079999999999,4.69029
1497,Detroit,05/13/2025,3.4,Michigan,Allen Park,3.4,3.37382,3.20552,2.61426
1498,Detroit,05/16/2025,5.5,Michigan,Allen Park,5.5,5.45765,5.1854,4.22895
1499,Detroit,05/19/2025,2.7,Michigan,Allen Park,2.7,2.67921,2.54556,2.0760300000000003
1500,Detroit,05/22/2025,1.6,Michigan,Allen Park,1.6,1.58768,1.50848,1.2302400000000002
1501,Detroit,05/25/2025,9.1,Michigan,Allen Park,9.1,9.029929999999998,8.57948,6.99699
1502,Detroit,05/28/2025,2.0,Michigan,Allen Park,2.0,1.9846,1.8856,1.5378
1503,Detroit,05/31/2025,4.8,Michigan,Allen Park,4.8,4.763039999999999,4.52544,3.69072
1504,Detroit,06/03/2025,14.3,Michigan,Allen Park,14.3,14.18989,13.48204,10.995270000000001
1505,Detroit,06/06/2025,44.7,Michigan,Allen Park,44.7,44.35581,42.14316,34.36983
1506,Detroit,06/09/2025,16.0,Michigan,Allen Park,16.0,15.8768,15.0848,12.3024
1507,Detroit,06/12/2025,18.2,Michigan,Allen Park,18.2,18.059859999999997,17.15896,13.99398
1508,Detroit,06/15/2025,9.5,Michigan,Allen Park,9.5,9.42685,8.9566,7.30455
1509,Detroit,06/18/2025,5.8,Michigan,Allen Park,5.8,5.7553399999999995,5.46824,4.45962
1510,Detroit,06/21/2025,10.1,Michigan,Allen Park,10.1,10.022229999999999,9.522279999999999,7.76589
1511,Detroit,06/24/2025,12.0,Michigan,Allen Park,12.0,11.907599999999999,11.3136,9.2268
1512,Detroit,06/30/2025,7.0,Michigan,Allen Park,7.0,6.9460999999999995,6.5996,5.3823
1513,Detroit,07/03/2025,10.0,Michigan,Allen Park,10.0,9.923,9.427999999999999,7.689
1514,Detroit,07/06/2025,11.8,Michigan,Allen Park,11.8,11.70914,11.12504,9.073020000000001
1515,Detroit,07/12/2025,10.1,Michigan,Allen Park,10.1,10.022229999999999,9.522279999999999,7.76589
1516,Detroit,07/15/2025,33.4,Michigan,Allen Park,33.4,33.14282,31.48952,25.681259999999998
1517,Detroit,07/24/2025,13.3,Michigan,Allen Park,13.3,13.19759,12.53924,10.226370000000001
1518,Detroit,07/27/2025,6.7,Michigan,Allen Park,6.7,6.64841,6.31676,5.15163
1519,Detroit,07/30/2025,17.5,Michigan,Allen Park,17.5,17.36525,16.499,13.45575
1520,Detroit,08/02/2025,9.7,Michigan,Allen Park,9.7,9.625309999999999,9.145159999999999,7.45833
1521,Detroit,08/05/2025,27.5,Michigan,Allen Park,27.5,27.288249999999998,25.927,21.144750000000002
1522,Detroit,08/08/2025,10.7,Michigan,Allen Park,10.7,10.617609999999999,10.087959999999999,8.22723
1523,Detroit,08/11/2025,11.2,Michigan,Allen Park,11.2,11.11376,10.55936,8.61168
1524,Detroit,08/14/2025,17.9,Michigan,Allen Park,17.9,17.762169999999998,16.876119999999997,13.763309999999999
1525,Detroit,08/17/2025,7.1,Michigan,Allen Park,7.1,7.045329999999999,6.693879999999999,5.4591899999999995
1526,Detroit,08/20/2025,2.4,Michigan,Allen Park,2.4,2.3815199999999996,2.26272,1.84536
1527,Detroit,08/23/2025,6.7,Michigan,Allen Park,6.7,6.64841,6.31676,5.15163
1528,Detroit,08/26/2025,4.0,Michigan,Allen Park,4.0,3.9692,3.7712,3.0756
1529,Detroit,08/29/2025,2.9,Michigan,Allen Park,2.9,2.8776699999999997,2.73412,2.22981
1530,Detroit,09/04/2025,5.4,Michigan,Allen Park,5.4,5.35842,5.09112,4.1520600000000005
1531,Detroit,09/07/2025,4.4,Michigan,Allen Park,4.4,4.3661200000000004,4.14832,3.3831600000000006
1532,Detroit,09/10/2025,8.6,Michigan,Allen Park,8.6,8.53378,8.10808,6.61254
1533,Detroit,09/13/2025,15.7,Michigan,Allen Park,15.7,15.579109999999998,14.80196,12.07173
1534,Detroit,09/16/2025,9.7,Michigan,Allen Park,9.7,9.625309999999999,9.145159999999999,7.45833
1535,Detroit,09/19/2025,7.0,Michigan,Allen Park,7.0,6.9460999999999995,6.5996,5.3823
1536,Detroit,09/22/2025,7.8,Michigan,Allen Park,7.8,7.73994,7.35384,5.99742
1537,Detroit,09/25/2025,6.7,Michigan,Allen Park,6.7,6.64841,6.31676,5.15163
1538,Detroit,09/28/2025,10.3,Michigan,Allen Park,10.3,10.220690000000001,9.710840000000001,7.919670000000001
1539,Detroit,10/01/2025,5.2,Michigan,Allen Park,5.2,5.15996,4.90256,3.9982800000000003
1540,Detroit,10/04/2025,11.9,Michigan,Allen Park,11.9,11.80837,11.21932,9.14991
1541,Detroit,10/07/2025,3.3,Michigan,Allen Park,3.3,3.27459,3.1112399999999996,2.53737
1542,Detroit,10/10/2025,5.1,Michigan,Allen Park,5.1,5.0607299999999995,4.80828,3.9213899999999997
1543,Detroit,10/13/2025,6.0,Michigan,Allen Park,6.0,5.953799999999999,5.6568,4.6134
1544,Detroit,10/16/2025,4.5,Michigan,Allen Park,4.5,4.46535,4.2425999999999995,3.4600500000000003
1545,Detroit,10/19/2025,5.0,Michigan,Allen Park,5.0,4.9615,4.7139999999999995,3.8445
1546,Detroit,10/22/2025,1.7,Michigan,Allen Park,1.7,1.68691,1.60276,1.30713
1547,Detroit,10/25/2025,6.3,Michigan,Allen Park,6.3,6.2514899999999995,5.93964,4.84407
1548,Detroit,10/28/2025,2.7,Michigan,Allen Park,2.7,2.67921,2.54556,2.0760300000000003
1549,Detroit,10/31/2025,3.5,Michigan,Allen Park,3.5,3.4730499999999997,3.2998,2.69115
1550,Detroit,11/03/2025,3.9,Michigan,Allen Park,3.9,3.86997,3.67692,2.99871
1551,Detroit,11/06/2025,3.6,Michigan,Allen Park,3.6,3.57228,3.3940799999999998,2.76804
1552,Detroit,11/09/2025,3.7,Michigan,Allen Park,3.7,3.67151,3.48836,2.84493
1553,Detroit,11/12/2025,4.1,Michigan,Allen Park,4.1,4.068429999999999,3.8654799999999994,3.15249
1554,Detroit,11/15/2025,13.0,Michigan,Allen Park,13.0,12.899899999999999,12.2564,9.995700000000001
1555,Detroit,11/18/2025,12.9,Michigan,Allen Park,12.9,12.80067,12.16212,9.91881
1556,Detroit,11/21/2025,12.3,Michigan,Allen Park,12.3,12.20529,11.596440000000001,9.45747
1557,Detroit,11/24/2025,7.2,Michigan,Allen Park,7.2,7.14456,6.7881599999999995,5.53608
1558,Detroit,11/27/2025,1.0,Michigan,Allen Park,1.0,0.9923,0.9428,0.7689
1559,Detroit,11/30/2025,4.1,Michigan,Allen Park,4.1,4.068429999999999,3.8654799999999994,3.15249
1560,Detroit,12/03/2025,19.7,Michigan,Allen Park,19.7,19.548309999999997,18.573159999999998,15.14733
1561,Detroit,12/06/2025,17.6,Michigan,Allen Park,17.6,17.464480000000002,16.59328,13.532640000000002
1562,Detroit,12/09/2025,9.7,Michigan,Allen Park,9.7,9.625309999999999,9.145159999999999,7.45833
1563,Detroit,12/12/2025,5.8,Michigan,Allen Park,5.8,5.7553399999999995,5.46824,4.45962
1564,Detroit,12/15/2025,7.7,Michigan,Allen Park,7.7,7.6407099999999994,7.25956,5.92053
1565,Detroit,12/18/2025,9.5,Michigan,Allen Park,9.5,9.42685,8.9566,7.30455
1566,Detroit,12/21/2025,6.2,Michigan,Allen Park,6.2,6.15226,5.84536,4.767180000000001
1567,Detroit,12/24/2025,11.9,Michigan,Allen Park,11.9,11.80837,11.21932,9.14991
1568,Detroit,12/27/2025,4.8,Michigan,Allen Park,4.8,4.763039999999999,4.52544,3.69072
1569,Detroit,01/01/2025,3.2,Michigan,Detroit-Southwest,3.2,3.17536,3.01696,2.4604800000000004
1570,Detroit,01/02/2025,5.2,Michigan,Detroit-Southwest,5.2,5.15996,4.90256,3.9982800000000003
1571,Detroit,01/03/2025,4.7,Michigan,Detroit-Southwest,4.7,4.66381,4.43116,3.61383
1572,Detroit,01/04/2025,2.6,Michigan,Detroit-Southwest,2.6,2.57998,2.45128,1.9991400000000001
1573,Detroit,01/05/2025,4.4,Michigan,Detroit-Southwest,4.4,4.3661200000000004,4.14832,3.3831600000000006
1574,Detroit,01/06/2025,3.5,Michigan,Detroit-Southwest,3.5,3.4730499999999997,3.2998,2.69115
1575,Detroit,01/07/2025,3.0,Michigan,Detroit-Southwest,3.0,2.9768999999999997,2.8284,2.3067
1576,Detroit,01/08/2025,3.6,Michigan,Detroit-Southwest,3.6,3.57228,3.3940799999999998,2.76804
1577,Detroit,01/09/2025,6.1,Michigan,Detroit-Southwest,6.1,6.05303,5.751079999999999,4.69029
1578,Detroit,01/10/2025,24.3,Michigan,Detroit-Southwest,24.3,24.11289,22.91004,18.68427
1579,Detroit,01/11/2025,16.9,Michigan,Detroit-Southwest,16.9,16.769869999999997,15.933319999999998,12.99441
1580,Detroit,01/12/2025,15.1,Michigan,Detroit-Southwest,15.1,14.98373,14.236279999999999,11.61039
1581,Detroit,01/13/2025,7.8,Michigan,Detroit-Southwest,7.8,7.73994,7.35384,5.99742
1582,Detroit,01/14/2025,6.5,Michigan,Detroit-Southwest,6.5,6.449949999999999,6.1282,4.997850000000001
1583,Detroit,01/15/2025,7.4,Michigan,Detroit-Southwest,7.4,7.34302,6.97672,5.68986
1584,Detroit,01/16/2025,16.9,Michigan,Detroit-Southwest,16.9,16.769869999999997,15.933319999999998,12.99441
1585,Detroit,01/17/2025,12.7,Michigan,Detroit-Southwest,12.7,12.60221,11.973559999999999,9.76503
1586,Detroit,01/18/2025,6.2,Michigan,Detroit-Southwest,6.2,6.15226,5.84536,4.767180000000001
1587,Detroit,01/19/2025,3.3,Michigan,Detroit-Southwest,3.3,3.27459,3.1112399999999996,2.53737
1588,Detroit,01/20/2025,4.3,Michigan,Detroit-Southwest,4.3,4.26689,4.05404,3.30627
1589,Detroit,01/21/2025,5.8,Michigan,Detroit-Southwest,5.8,5.7553399999999995,5.46824,4.45962
1590,Detroit,01/22/2025,9.8,Michigan,Detroit-Southwest,9.8,9.724540000000001,9.23944,7.535220000000001
1591,Detroit,01/23/2025,9.2,Michigan,Detroit-Southwest,9.2,9.129159999999999,8.67376,7.07388
1592,Detroit,01/24/2025,9.4,Michigan,Detroit-Southwest,9.4,9.32762,8.86232,7.22766
1593,Detroit,01/25/2025,12.8,Michigan,Detroit-Southwest,12.8,12.70144,12.06784,9.841920000000002
1594,Detroit,01/26/2025,5.6,Michigan,Detroit-Southwest,5.6,5.55688,5.27968,4.30584
1595,Detroit,01/27/2025,6.7,Michigan,Detroit-Southwest,6.7,6.64841,6.31676,5.15163
1596,Detroit,01/28/2025,5.1,Michigan,Detroit-Southwest,5.1,5.0607299999999995,4.80828,3.9213899999999997
1597,Detroit,01/29/2025,4.2,Michigan,Detroit-Southwest,4.2,4.16766,3.95976,3.2293800000000004
1598,Detroit,01/30/2025,9.8,Michigan,Detroit-Southwest,9.8,9.724540000000001,9.23944,7.535220000000001
1599,Detroit,01/31/2025,11.4,Michigan,Detroit-Southwest,11.4,11.31222,10.74792,8.765460000000001
1600,Detroit,02/01/2025,3.1,Michigan,Detroit-Southwest,3.1,3.07613,2.92268,2.3835900000000003
1601,Detroit,02/02/2025,11.0,Michigan,Detroit-Southwest,11.0,10.9153,10.3708,8.4579
1602,Detroit,02/03/2025,19.6,Michigan,Detroit-Southwest,19.6,19.449080000000002,18.47888,15.070440000000001
1603,Detroit,02/04/2025,4.8,Michigan,Detroit-Southwest,4.8,4.763039999999999,4.52544,3.69072
1604,Detroit,02/05/2025,3.9,Michigan,Detroit-Southwest,3.9,3.86997,3.67692,2.99871
1605,Detroit,02/06/2025,7.8,Michigan,Detroit-Southwest,7.8,7.73994,7.35384,5.99742
1606,Detroit,02/07/2025,6.8,Michigan,Detroit-Southwest,6.8,6.74764,6.41104,5.22852
1607,Detroit,02/08/2025,10.8,Michigan,Detroit-Southwest,10.8,10.71684,10.18224,8.304120000000001
1608,Detroit,02/09/2025,8.4,Michigan,Detroit-Southwest,8.4,8.33532,7.91952,6.458760000000001
1609,Detroit,02/10/2025,10.1,Michigan,Detroit-Southwest,10.1,10.022229999999999,9.522279999999999,7.76589
1610,Detroit,02/11/2025,11.1,Michigan,Detroit-Southwest,11.1,11.014529999999999,10.465079999999999,8.53479
1611,Detroit,02/12/2025,11.0,Michigan,Detroit-Southwest,11.0,10.9153,10.3708,8.4579
1612,Detroit,02/13/2025,6.7,Michigan,Detroit-Southwest,6.7,6.64841,6.31676,5.15163
1613,Detroit,02/14/2025,14.7,Michigan,Detroit-Southwest,14.7,14.586809999999998,13.85916,11.30283
1614,Detroit,02/15/2025,18.7,Michigan,Detroit-Southwest,18.7,18.556009999999997,17.63036,14.37843
1615,Detroit,02/16/2025,7.7,Michigan,Detroit-Southwest,7.7,7.6407099999999994,7.25956,5.92053
1616,Detroit,02/17/2025,3.7,Michigan,Detroit-Southwest,3.7,3.67151,3.48836,2.84493
1617,Detroit,02/18/2025,5.3,Michigan,Detroit-Southwest,5.3,5.259189999999999,4.99684,4.07517
1618,Detroit,02/19/2025,5.7,Michigan,Detroit-Southwest,5.7,5.65611,5.37396,4.3827300000000005
1619,Detroit,02/20/2025,5.4,Michigan,Detroit-Southwest,5.4,5.35842,5.09112,4.1520600000000005
1620,Detroit,02/21/2025,5.8,Michigan,Detroit-Southwest,5.8,5.7553399999999995,5.46824,4.45962
1621,Detroit,02/22/2025,15.7,Michigan,Detroit-Southwest,15.7,15.579109999999998,14.80196,12.07173
1622,Detroit,02/23/2025,17.2,Michigan,Detroit-Southwest,17.2,17.06756,16.21616,13.22508
1623,Detroit,02/24/2025,16.7,Michigan,Detroit-Southwest,16.7,16.57141,15.74476,12.840629999999999
1624,Detroit,02/25/2025,10.1,Michigan,Detroit-Southwest,10.1,10.022229999999999,9.522279999999999,7.76589
1625,Detroit,02/26/2025,10.6,Michigan,Detroit-Southwest,10.6,10.518379999999999,9.99368,8.15034
1626,Detroit,02/27/2025,11.0,Michigan,Detroit-Southwest,11.0,10.9153,10.3708,8.4579
1627,Detroit,02/28/2025,6.9,Michigan,Detroit-Southwest,6.9,6.84687,6.50532,5.30541
1628,Detroit,03/01/2025,3.2,Michigan,Detroit-Southwest,3.2,3.17536,3.01696,2.4604800000000004
1629,Detroit,03/02/2025,4.7,Michigan,Detroit-Southwest,4.7,4.66381,4.43116,3.61383
1630,Detroit,03/03/2025,14.7,Michigan,Detroit-Southwest,14.7,14.586809999999998,13.85916,11.30283
1631,Detroit,03/04/2025,11.1,Michigan,Detroit-Southwest,11.1,11.014529999999999,10.465079999999999,8.53479
1632,Detroit,03/05/2025,5.9,Michigan,Detroit-Southwest,5.9,5.85457,5.56252,4.536510000000001
1633,Detroit,03/06/2025,2.6,Michigan,Detroit-Southwest,2.6,2.57998,2.45128,1.9991400000000001
1634,Detroit,03/07/2025,6.7,Michigan,Detroit-Southwest,6.7,6.64841,6.31676,5.15163
1635,Detroit,03/08/2025,4.1,Michigan,Detroit-Southwest,4.1,4.068429999999999,3.8654799999999994,3.15249
1636,Detroit,03/09/2025,5.4,Michigan,Detroit-Southwest,5.4,5.35842,5.09112,4.1520600000000005
1637,Detroit,03/10/2025,15.0,Michigan,Detroit-Southwest,15.0,14.8845,14.142,11.5335
1638,Detroit,03/11/2025,7.0,Michigan,Detroit-Southwest,7.0,6.9460999999999995,6.5996,5.3823
1639,Detroit,03/12/2025,3.9,Michigan,Detroit-Southwest,3.9,3.86997,3.67692,2.99871
1640,Detroit,03/13/2025,7.3,Michigan,Detroit-Southwest,7.3,7.24379,6.88244,5.61297
1641,Detroit,03/14/2025,12.5,Michigan,Detroit-Southwest,12.5,12.403749999999999,11.785,9.61125
1642,Detroit,03/15/2025,10.6,Michigan,Detroit-Southwest,10.6,10.518379999999999,9.99368,8.15034
1643,Detroit,03/16/2025,4.2,Michigan,Detroit-Southwest,4.2,4.16766,3.95976,3.2293800000000004
1644,Detroit,03/17/2025,5.2,Michigan,Detroit-Southwest,5.2,5.15996,4.90256,3.9982800000000003
1645,Detroit,03/18/2025,12.9,Michigan,Detroit-Southwest,12.9,12.80067,12.16212,9.91881
1646,Detroit,03/19/2025,17.4,Michigan,Detroit-Southwest,17.4,17.266019999999997,16.404719999999998,13.37886
1647,Detroit,03/20/2025,4.5,Michigan,Detroit-Southwest,4.5,4.46535,4.2425999999999995,3.4600500000000003
1648,Detroit,03/21/2025,5.6,Michigan,Detroit-Southwest,5.6,5.55688,5.27968,4.30584
1649,Detroit,03/22/2025,3.4,Michigan,Detroit-Southwest,3.4,3.37382,3.20552,2.61426
1650,Detroit,03/23/2025,4.5,Michigan,Detroit-Southwest,4.5,4.46535,4.2425999999999995,3.4600500000000003
1651,Detroit,03/24/2025,5.6,Michigan,Detroit-Southwest,5.6,5.55688,5.27968,4.30584
1652,Detroit,03/25/2025,3.8,Michigan,Detroit-Southwest,3.8,3.7707399999999995,3.5826399999999996,2.92182
1653,Detroit,03/26/2025,3.7,Michigan,Detroit-Southwest,3.7,3.67151,3.48836,2.84493
1654,Detroit,03/27/2025,10.6,Michigan,Detroit-Southwest,10.6,10.518379999999999,9.99368,8.15034
1655,Detroit,03/28/2025,13.4,Michigan,Detroit-Southwest,13.4,13.29682,12.63352,10.30326
1656,Detroit,03/29/2025,11.9,Michigan,Detroit-Southwest,11.9,11.80837,11.21932,9.14991
1657,Detroit,03/30/2025,11.1,Michigan,Detroit-Southwest,11.1,11.014529999999999,10.465079999999999,8.53479
1658,Detroit,03/31/2025,3.6,Michigan,Detroit-Southwest,3.6,3.57228,3.3940799999999998,2.76804
1659,Detroit,04/01/2025,3.4,Michigan,Detroit-Southwest,3.4,3.37382,3.20552,2.61426
1660,Detroit,04/02/2025,5.3,Michigan,Detroit-Southwest,5.3,5.259189999999999,4.99684,4.07517
1661,Detroit,04/03/2025,4.2,Michigan,Detroit-Southwest,4.2,4.16766,3.95976,3.2293800000000004
1662,Detroit,04/04/2025,3.7,Michigan,Detroit-Southwest,3.7,3.67151,3.48836,2.84493
1663,Detroit,04/05/2025,4.3,Michigan,Detroit-Southwest,4.3,4.26689,4.05404,3.30627
1664,Detroit,04/06/2025,3.4,Michigan,Detroit-Southwest,3.4,3.37382,3.20552,2.61426
1665,Detroit,04/07/2025,5.5,Michigan,Detroit-Southwest,5.5,5.45765,5.1854,4.22895
1666,Detroit,04/08/2025,3.8,Michigan,Detroit-Southwest,3.8,3.7707399999999995,3.5826399999999996,2.92182
1667,Detroit,04/09/2025,10.4,Michigan,Detroit-Southwest,10.4,10.31992,9.80512,7.996560000000001
1668,Detroit,04/10/2025,7.7,Michigan,Detroit-Southwest,7.7,7.6407099999999994,7.25956,5.92053
1669,Detroit,04/11/2025,6.8,Michigan,Detroit-Southwest,6.8,6.74764,6.41104,5.22852
1670,Detroit,04/12/2025,6.7,Michigan,Detroit-Southwest,6.7,6.64841,6.31676,5.15163
1671,Detroit,04/13/2025,8.7,Michigan,Detroit-Southwest,8.7,8.633009999999999,8.202359999999999,6.68943
1672,Detroit,04/14/2025,8.7,Michigan,Detroit-Southwest,8.7,8.633009999999999,8.202359999999999,6.68943
1673,Detroit,04/15/2025,5.5,Michigan,Detroit-Southwest,5.5,5.45765,5.1854,4.22895
1674,Detroit,04/16/2025,3.3,Michigan,Detroit-Southwest,3.3,3.27459,3.1112399999999996,2.53737
1675,Detroit,04/17/2025,9.0,Michigan,Detroit-Southwest,9.0,8.9307,8.485199999999999,6.920100000000001
1676,Detroit,04/18/2025,15.6,Michigan,Detroit-Southwest,15.6,15.47988,14.70768,11.99484
1677,Detroit,04/19/2025,10.1,Michigan,Detroit-Southwest,10.1,10.022229999999999,9.522279999999999,7.76589
1678,Detroit,04/20/2025,2.9,Michigan,Detroit-Southwest,2.9,2.8776699999999997,2.73412,2.22981
1679,Detroit,04/21/2025,11.9,Michigan,Detroit-Southwest,11.9,11.80837,11.21932,9.14991
1680,Detroit,04/22/2025,5.8,Michigan,Detroit-Southwest,5.8,5.7553399999999995,5.46824,4.45962
1681,Detroit,04/23/2025,20.5,Michigan,Detroit-Southwest,20.5,20.34215,19.3274,15.762450000000001
1682,Detroit,04/24/2025,26.4,Michigan,Detroit-Southwest,26.4,26.19672,24.889919999999996,20.29896
1683,Detroit,04/25/2025,26.7,Michigan,Detroit-Southwest,26.7,26.49441,25.17276,20.52963
1684,Detroit,04/26/2025,3.5,Michigan,Detroit-Southwest,3.5,3.4730499999999997,3.2998,2.69115
1685,Detroit,04/27/2025,6.2,Michigan,Detroit-Southwest,6.2,6.15226,5.84536,4.767180000000001
1686,Detroit,04/28/2025,16.8,Michigan,Detroit-Southwest,16.8,16.67064,15.83904,12.917520000000001
1687,Detroit,04/29/2025,20.3,Michigan,Detroit-Southwest,20.3,20.14369,19.138840000000002,15.608670000000002
1688,Detroit,04/30/2025,4.5,Michigan,Detroit-Southwest,4.5,4.46535,4.2425999999999995,3.4600500000000003
1689,Detroit,05/01/2025,5.7,Michigan,Detroit-Southwest,5.7,5.65611,5.37396,4.3827300000000005
1690,Detroit,05/02/2025,7.2,Michigan,Detroit-Southwest,7.2,7.14456,6.7881599999999995,5.53608
1691,Detroit,05/03/2025,3.0,Michigan,Detroit-Southwest,3.0,2.9768999999999997,2.8284,2.3067
1692,Detroit,05/04/2025,3.7,Michigan,Detroit-Southwest,3.7,3.67151,3.48836,2.84493
1693,Detroit,05/05/2025,6.6,Michigan,Detroit-Southwest,6.6,6.54918,6.222479999999999,5.07474
1694,Detroit,05/06/2025,8.3,Michigan,Detroit-Southwest,8.3,8.23609,7.825240000000001,6.381870000000001
1695,Detroit,05/07/2025,9.8,Michigan,Detroit-Southwest,9.8,9.724540000000001,9.23944,7.535220000000001
1696,Detroit,05/08/2025,3.5,Michigan,Detroit-Southwest,3.5,3.4730499999999997,3.2998,2.69115
1697,Detroit,05/09/2025,4.9,Michigan,Detroit-Southwest,4.9,4.8622700000000005,4.61972,3.7676100000000003
1698,Detroit,05/10/2025,7.2,Michigan,Detroit-Southwest,7.2,7.14456,6.7881599999999995,5.53608
1699,Detroit,05/11/2025,3.8,Michigan,Detroit-Southwest,3.8,3.7707399999999995,3.5826399999999996,2.92182
1700,Detroit,05/12/2025,8.6,Michigan,Detroit-Southwest,8.6,8.53378,8.10808,6.61254
1701,Detroit,05/13/2025,4.3,Michigan,Detroit-Southwest,4.3,4.26689,4.05404,3.30627
1702,Detroit,05/14/2025,5.2,Michigan,Detroit-Southwest,5.2,5.15996,4.90256,3.9982800000000003
1703,Detroit,05/15/2025,8.5,Michigan,Detroit-Southwest,8.5,8.43455,8.0138,6.53565
1704,Detroit,05/16/2025,10.8,Michigan,Detroit-Southwest,10.8,10.71684,10.18224,8.304120000000001
1705,Detroit,05/17/2025,4.7,Michigan,Detroit-Southwest,4.7,4.66381,4.43116,3.61383
1706,Detroit,05/18/2025,3.4,Michigan,Detroit-Southwest,3.4,3.37382,3.20552,2.61426
1707,Detroit,05/19/2025,3.4,Michigan,Detroit-Southwest,3.4,3.37382,3.20552,2.61426
1708,Detroit,05/20/2025,3.5,Michigan,Detroit-Southwest,3.5,3.4730499999999997,3.2998,2.69115
1709,Detroit,05/21/2025,4.3,Michigan,Detroit-Southwest,4.3,4.26689,4.05404,3.30627
1710,Detroit,05/22/2025,2.5,Michigan,Detroit-Southwest,2.5,2.48075,2.3569999999999998,1.92225
1711,Detroit,05/23/2025,2.5,Michigan,Detroit-Southwest,2.5,2.48075,2.3569999999999998,1.92225
1712,Detroit,05/24/2025,3.6,Michigan,Detroit-Southwest,3.6,3.57228,3.3940799999999998,2.76804
1713,Detroit,05/25/2025,7.6,Michigan,Detroit-Southwest,7.6,7.541479999999999,7.165279999999999,5.84364
1714,Detroit,05/26/2025,5.1,Michigan,Detroit-Southwest,5.1,5.0607299999999995,4.80828,3.9213899999999997
1715,Detroit,05/27/2025,5.9,Michigan,Detroit-Southwest,5.9,5.85457,5.56252,4.536510000000001
1716,Detroit,05/28/2025,3.8,Michigan,Detroit-Southwest,3.8,3.7707399999999995,3.5826399999999996,2.92182
1717,Detroit,05/29/2025,8.5,Michigan,Detroit-Southwest,8.5,8.43455,8.0138,6.53565
1718,Detroit,05/30/2025,9.9,Michigan,Detroit-Southwest,9.9,9.82377,9.33372,7.61211
1719,Detroit,05/31/2025,6.5,Michigan,Detroit-Southwest,6.5,6.449949999999999,6.1282,4.997850000000001
1720,Detroit,06/01/2025,5.1,Michigan,Detroit-Southwest,5.1,5.0607299999999995,4.80828,3.9213899999999997
1721,Detroit,06/02/2025,9.8,Michigan,Detroit-Southwest,9.8,9.724540000000001,9.23944,7.535220000000001
1722,Detroit,06/03/2025,23.3,Michigan,Detroit-Southwest,23.3,23.12059,21.96724,17.915370000000003
1723,Detroit,06/04/2025,28.7,Michigan,Detroit-Southwest,28.7,28.47901,27.058359999999997,22.06743
1724,Detroit,06/05/2025,40.5,Michigan,Detroit-Southwest,40.5,40.18815,38.1834,31.14045
1725,Detroit,06/06/2025,53.4,Michigan,Detroit-Southwest,53.4,52.98882,50.34552,41.05926
1726,Detroit,06/07/2025,21.9,Michigan,Detroit-Southwest,21.9,21.73137,20.647319999999997,16.83891
1727,Detroit,06/08/2025,36.2,Michigan,Detroit-Southwest,36.2,35.921260000000004,34.12936,27.834180000000003
1728,Detroit,06/09/2025,22.2,Michigan,Detroit-Southwest,22.2,22.029059999999998,20.930159999999997,17.06958
1729,Detroit,06/10/2025,14.8,Michigan,Detroit-Southwest,14.8,14.68604,13.95344,11.37972
1730,Detroit,06/11/2025,24.6,Michigan,Detroit-Southwest,24.6,24.41058,23.192880000000002,18.91494
1731,Detroit,06/12/2025,23.3,Michigan,Detroit-Southwest,23.3,23.12059,21.96724,17.915370000000003
1732,Detroit,06/13/2025,8.6,Michigan,Detroit-Southwest,8.6,8.53378,8.10808,6.61254
1733,Detroit,06/14/2025,7.8,Michigan,Detroit-Southwest,7.8,7.73994,7.35384,5.99742
1734,Detroit,06/15/2025,8.6,Michigan,Detroit-Southwest,8.6,8.53378,8.10808,6.61254
1735,Detroit,06/16/2025,8.4,Michigan,Detroit-Southwest,8.4,8.33532,7.91952,6.458760000000001
1736,Detroit,06/17/2025,9.9,Michigan,Detroit-Southwest,9.9,9.82377,9.33372,7.61211
1737,Detroit,06/18/2025,9.3,Michigan,Detroit-Southwest,9.3,9.228390000000001,8.768040000000001,7.1507700000000005
1738,Detroit,06/19/2025,4.4,Michigan,Detroit-Southwest,4.4,4.3661200000000004,4.14832,3.3831600000000006
1739,Detroit,06/20/2025,8.8,Michigan,Detroit-Southwest,8.8,8.732240000000001,8.29664,6.766320000000001
1740,Detroit,06/21/2025,11.2,Michigan,Detroit-Southwest,11.2,11.11376,10.55936,8.61168
1741,Detroit,06/22/2025,11.0,Michigan,Detroit-Southwest,11.0,10.9153,10.3708,8.4579
1742,Detroit,06/23/2025,16.2,Michigan,Detroit-Southwest,16.2,16.07526,15.273359999999998,12.45618
1743,Detroit,06/24/2025,12.4,Michigan,Detroit-Southwest,12.4,12.30452,11.69072,9.534360000000001
1744,Detroit,06/25/2025,9.3,Michigan,Detroit-Southwest,9.3,9.228390000000001,8.768040000000001,7.1507700000000005
1745,Detroit,06/26/2025,8.2,Michigan,Detroit-Southwest,8.2,8.136859999999999,7.730959999999999,6.30498
1746,Detroit,06/27/2025,10.1,Michigan,Detroit-Southwest,10.1,10.022229999999999,9.522279999999999,7.76589
1747,Detroit,06/28/2025,5.3,Michigan,Detroit-Southwest,5.3,5.259189999999999,4.99684,4.07517
1748,Detroit,06/29/2025,5.5,Michigan,Detroit-Southwest,5.5,5.45765,5.1854,4.22895
1749,Detroit,06/30/2025,7.2,Michigan,Detroit-Southwest,7.2,7.14456,6.7881599999999995,5.53608
1750,Detroit,07/01/2025,7.5,Michigan,Detroit-Southwest,7.5,7.44225,7.071,5.76675
1751,Detroit,07/02/2025,13.4,Michigan,Detroit-Southwest,13.4,13.29682,12.63352,10.30326
1752,Detroit,07/03/2025,14.4,Michigan,Detroit-Southwest,14.4,14.28912,13.576319999999999,11.07216
1753,Detroit,07/04/2025,13.2,Michigan,Detroit-Southwest,13.2,13.09836,12.444959999999998,10.14948
1754,Detroit,07/05/2025,15.4,Michigan,Detroit-Southwest,15.4,15.281419999999999,14.51912,11.84106
1755,Detroit,07/06/2025,12.5,Michigan,Detroit-Southwest,12.5,12.403749999999999,11.785,9.61125
1756,Detroit,07/07/2025,5.1,Michigan,Detroit-Southwest,5.1,5.0607299999999995,4.80828,3.9213899999999997
1757,Detroit,07/08/2025,19.6,Michigan,Detroit-Southwest,19.6,19.449080000000002,18.47888,15.070440000000001
1758,Detroit,07/09/2025,12.1,Michigan,Detroit-Southwest,12.1,12.006829999999999,11.407879999999999,9.30369
1759,Detroit,07/10/2025,11.5,Michigan,Detroit-Southwest,11.5,11.41145,10.8422,8.84235
1760,Detroit,07/11/2025,10.1,Michigan,Detroit-Southwest,10.1,10.022229999999999,9.522279999999999,7.76589
1761,Detroit,07/12/2025,10.2,Michigan,Detroit-Southwest,10.2,10.121459999999999,9.61656,7.842779999999999
1762,Detroit,07/13/2025,12.4,Michigan,Detroit-Southwest,12.4,12.30452,11.69072,9.534360000000001
1763,Detroit,07/14/2025,30.1,Michigan,Detroit-Southwest,30.1,29.86823,28.37828,23.143890000000003
1764,Detroit,07/15/2025,42.1,Michigan,Detroit-Southwest,42.1,41.77583,39.69188,32.37069
1765,Detroit,07/16/2025,18.4,Michigan,Detroit-Southwest,18.4,18.258319999999998,17.34752,14.14776
1766,Detroit,07/17/2025,4.3,Michigan,Detroit-Southwest,4.3,4.26689,4.05404,3.30627
1767,Detroit,07/18/2025,3.0,Michigan,Detroit-Southwest,3.0,2.9768999999999997,2.8284,2.3067
1768,Detroit,07/19/2025,6.8,Michigan,Detroit-Southwest,6.8,6.74764,6.41104,5.22852
1769,Detroit,07/20/2025,5.8,Michigan,Detroit-Southwest,5.8,5.7553399999999995,5.46824,4.45962
1770,Detroit,07/21/2025,10.9,Michigan,Detroit-Southwest,10.9,10.81607,10.27652,8.38101
1771,Detroit,07/22/2025,4.5,Michigan,Detroit-Southwest,4.5,4.46535,4.2425999999999995,3.4600500000000003
1772,Detroit,07/23/2025,8.8,Michigan,Detroit-Southwest,8.8,8.732240000000001,8.29664,6.766320000000001
1773,Detroit,07/24/2025,17.5,Michigan,Detroit-Southwest,17.5,17.36525,16.499,13.45575
1774,Detroit,07/25/2025,7.5,Michigan,Detroit-Southwest,7.5,7.44225,7.071,5.76675
1775,Detroit,07/26/2025,10.4,Michigan,Detroit-Southwest,10.4,10.31992,9.80512,7.996560000000001
1776,Detroit,07/27/2025,7.0,Michigan,Detroit-Southwest,7.0,6.9460999999999995,6.5996,5.3823
1777,Detroit,07/28/2025,9.2,Michigan,Detroit-Southwest,9.2,9.129159999999999,8.67376,7.07388
1778,Detroit,07/29/2025,10.2,Michigan,Detroit-Southwest,10.2,10.121459999999999,9.61656,7.842779999999999
1779,Detroit,07/30/2025,20.5,Michigan,Detroit-Southwest,20.5,20.34215,19.3274,15.762450000000001
1780,Detroit,07/31/2025,46.9,Michigan,Detroit-Southwest,46.9,46.538869999999996,44.21732,36.06141
1781,Detroit,08/01/2025,16.4,Michigan,Detroit-Southwest,16.4,16.273719999999997,15.461919999999997,12.60996
1782,Detroit,08/02/2025,8.7,Michigan,Detroit-Southwest,8.7,8.633009999999999,8.202359999999999,6.68943
1783,Detroit,08/03/2025,28.3,Michigan,Detroit-Southwest,28.3,28.08209,26.68124,21.759870000000003
1784,Detroit,08/04/2025,57.0,Michigan,Detroit-Southwest,57.0,56.561099999999996,53.739599999999996,43.8273
1785,Detroit,08/05/2025,34.6,Michigan,Detroit-Southwest,34.6,34.33358,32.62088,26.60394
1786,Detroit,08/06/2025,24.2,Michigan,Detroit-Southwest,24.2,24.013659999999998,22.815759999999997,18.60738
1787,Detroit,08/07/2025,18.6,Michigan,Detroit-Southwest,18.6,18.456780000000002,17.536080000000002,14.301540000000001
1788,Detroit,08/08/2025,13.2,Michigan,Detroit-Southwest,13.2,13.09836,12.444959999999998,10.14948
1789,Detroit,08/09/2025,14.3,Michigan,Detroit-Southwest,14.3,14.18989,13.48204,10.995270000000001
1790,Detroit,08/10/2025,14.3,Michigan,Detroit-Southwest,14.3,14.18989,13.48204,10.995270000000001
1791,Detroit,08/11/2025,17.7,Michigan,Detroit-Southwest,17.7,17.563709999999997,16.687559999999998,13.60953
1792,Detroit,08/12/2025,12.3,Michigan,Detroit-Southwest,12.3,12.20529,11.596440000000001,9.45747
1793,Detroit,08/13/2025,9.4,Michigan,Detroit-Southwest,9.4,9.32762,8.86232,7.22766
1794,Detroit,08/14/2025,23.4,Michigan,Detroit-Southwest,23.4,23.21982,22.061519999999998,17.992259999999998
1795,Detroit,08/15/2025,24.3,Michigan,Detroit-Southwest,24.3,24.11289,22.91004,18.68427
1796,Detroit,08/16/2025,17.2,Michigan,Detroit-Southwest,17.2,17.06756,16.21616,13.22508
1797,Detroit,08/17/2025,6.3,Michigan,Detroit-Southwest,6.3,6.2514899999999995,5.93964,4.84407
1798,Detroit,08/18/2025,3.5,Michigan,Detroit-Southwest,3.5,3.4730499999999997,3.2998,2.69115
1799,Detroit,08/19/2025,5.6,Michigan,Detroit-Southwest,5.6,5.55688,5.27968,4.30584
1800,Detroit,08/20/2025,2.6,Michigan,Detroit-Southwest,2.6,2.57998,2.45128,1.9991400000000001
1801,Detroit,08/21/2025,5.5,Michigan,Detroit-Southwest,5.5,5.45765,5.1854,4.22895
1802,Detroit,08/22/2025,5.7,Michigan,Detroit-Southwest,5.7,5.65611,5.37396,4.3827300000000005
1803,Detroit,08/23/2025,7.7,Michigan,Detroit-Southwest,7.7,7.6407099999999994,7.25956,5.92053
1804,Detroit,08/24/2025,4.1,Michigan,Detroit-Southwest,4.1,4.068429999999999,3.8654799999999994,3.15249
1805,Detroit,08/25/2025,3.4,Michigan,Detroit-Southwest,3.4,3.37382,3.20552,2.61426
1806,Detroit,08/26/2025,5.3,Michigan,Detroit-Southwest,5.3,5.259189999999999,4.99684,4.07517
1807,Detroit,08/27/2025,6.2,Michigan,Detroit-Southwest,6.2,6.15226,5.84536,4.767180000000001
1808,Detroit,08/28/2025,7.5,Michigan,Detroit-Southwest,7.5,7.44225,7.071,5.76675
1809,Detroit,08/29/2025,2.9,Michigan,Detroit-Southwest,2.9,2.8776699999999997,2.73412,2.22981
1810,Detroit,08/30/2025,6.9,Michigan,Detroit-Southwest,6.9,6.84687,6.50532,5.30541
1811,Detroit,08/31/2025,9.9,Michigan,Detroit-Southwest,9.9,9.82377,9.33372,7.61211
1812,Detroit,09/01/2025,7.5,Michigan,Detroit-Southwest,7.5,7.44225,7.071,5.76675
1813,Detroit,09/02/2025,7.4,Michigan,Detroit-Southwest,7.4,7.34302,6.97672,5.68986
1814,Detroit,09/03/2025,9.7,Michigan,Detroit-Southwest,9.7,9.625309999999999,9.145159999999999,7.45833
1815,Detroit,09/04/2025,6.9,Michigan,Detroit-Southwest,6.9,6.84687,6.50532,5.30541
1816,Detroit,09/05/2025,10.4,Michigan,Detroit-Southwest,10.4,10.31992,9.80512,7.996560000000001
1817,Detroit,09/06/2025,5.4,Michigan,Detroit-Southwest,5.4,5.35842,5.09112,4.1520600000000005
1818,Detroit,09/07/2025,6.3,Michigan,Detroit-Southwest,6.3,6.2514899999999995,5.93964,4.84407
1819,Detroit,09/08/2025,5.6,Michigan,Detroit-Southwest,5.6,5.55688,5.27968,4.30584
1820,Detroit,09/09/2025,6.3,Michigan,Detroit-Southwest,6.3,6.2514899999999995,5.93964,4.84407
1821,Detroit,09/10/2025,10.0,Michigan,Detroit-Southwest,10.0,9.923,9.427999999999999,7.689
1822,Detroit,09/11/2025,12.7,Michigan,Detroit-Southwest,12.7,12.60221,11.973559999999999,9.76503
1823,Detroit,09/12/2025,11.2,Michigan,Detroit-Southwest,11.2,11.11376,10.55936,8.61168
1824,Detroit,09/13/2025,18.9,Michigan,Detroit-Southwest,18.9,18.754469999999998,17.81892,14.53221
1825,Detroit,09/14/2025,18.7,Michigan,Detroit-Southwest,18.7,18.556009999999997,17.63036,14.37843
1826,Detroit,09/15/2025,11.4,Michigan,Detroit-Southwest,11.4,11.31222,10.74792,8.765460000000001
1827,Detroit,09/16/2025,9.0,Michigan,Detroit-Southwest,9.0,8.9307,8.485199999999999,6.920100000000001
1828,Detroit,09/17/2025,11.0,Michigan,Detroit-Southwest,11.0,10.9153,10.3708,8.4579
1829,Detroit,09/18/2025,14.2,Michigan,Detroit-Southwest,14.2,14.090659999999998,13.387759999999998,10.918379999999999
1830,Detroit,09/19/2025,6.1,Michigan,Detroit-Southwest,6.1,6.05303,5.751079999999999,4.69029
1831,Detroit,09/20/2025,3.7,Michigan,Detroit-Southwest,3.7,3.67151,3.48836,2.84493
1832,Detroit,09/21/2025,7.1,Michigan,Detroit-Southwest,7.1,7.045329999999999,6.693879999999999,5.4591899999999995
1833,Detroit,09/22/2025,8.1,Michigan,Detroit-Southwest,8.1,8.03763,7.636679999999999,6.22809
1834,Detroit,09/23/2025,10.7,Michigan,Detroit-Southwest,10.7,10.617609999999999,10.087959999999999,8.22723
1835,Detroit,09/24/2025,7.3,Michigan,Detroit-Southwest,7.3,7.24379,6.88244,5.61297
1836,Detroit,09/25/2025,7.5,Michigan,Detroit-Southwest,7.5,7.44225,7.071,5.76675
1837,Detroit,09/26/2025,6.8,Michigan,Detroit-Southwest,6.8,6.74764,6.41104,5.22852
1838,Detroit,09/27/2025,11.8,Michigan,Detroit-Southwest,11.8,11.70914,11.12504,9.073020000000001
1839,Detroit,09/28/2025,9.2,Michigan,Detroit-Southwest,9.2,9.129159999999999,8.67376,7.07388
1840,Detroit,09/29/2025,8.0,Michigan,Detroit-Southwest,8.0,7.9384,7.5424,6.1512
1841,Detroit,09/30/2025,9.1,Michigan,Detroit-Southwest,9.1,9.029929999999998,8.57948,6.99699
1842,Detroit,10/01/2025,4.5,Michigan,Detroit-Southwest,4.5,4.46535,4.2425999999999995,3.4600500000000003
1843,Detroit,10/02/2025,4.7,Michigan,Detroit-Southwest,4.7,4.66381,4.43116,3.61383
1844,Detroit,10/03/2025,15.1,Michigan,Detroit-Southwest,15.1,14.98373,14.236279999999999,11.61039
1845,Detroit,10/04/2025,14.2,Michigan,Detroit-Southwest,14.2,14.090659999999998,13.387759999999998,10.918379999999999
1846,Detroit,10/05/2025,11.4,Michigan,Detroit-Southwest,11.4,11.31222,10.74792,8.765460000000001
1847,Detroit,10/06/2025,6.7,Michigan,Detroit-Southwest,6.7,6.64841,6.31676,5.15163
1848,Detroit,10/07/2025,3.6,Michigan,Detroit-Southwest,3.6,3.57228,3.3940799999999998,2.76804
1849,Detroit,10/08/2025,3.3,Michigan,Detroit-Southwest,3.3,3.27459,3.1112399999999996,2.53737
1850,Detroit,10/09/2025,3.5,Michigan,Detroit-Southwest,3.5,3.4730499999999997,3.2998,2.69115
1851,Detroit,10/10/2025,8.5,Michigan,Detroit-Southwest,8.5,8.43455,8.0138,6.53565
1852,Detroit,10/11/2025,5.8,Michigan,Detroit-Southwest,5.8,5.7553399999999995,5.46824,4.45962
1853,Detroit,10/12/2025,5.7,Michigan,Detroit-Southwest,5.7,5.65611,5.37396,4.3827300000000005
1854,Detroit,10/13/2025,5.7,Michigan,Detroit-Southwest,5.7,5.65611,5.37396,4.3827300000000005
1855,Detroit,10/14/2025,10.0,Michigan,Detroit-Southwest,10.0,9.923,9.427999999999999,7.689
1856,Detroit,10/15/2025,2.6,Michigan,Detroit-Southwest,2.6,2.57998,2.45128,1.9991400000000001
1857,Detroit,10/16/2025,5.4,Michigan,Detroit-Southwest,5.4,5.35842,5.09112,4.1520600000000005
1858,Detroit,10/17/2025,6.8,Michigan,Detroit-Southwest,6.8,6.74764,6.41104,5.22852
1859,Detroit,10/18/2025,11.4,Michigan,Detroit-Southwest,11.4,11.31222,10.74792,8.765460000000001
1860,Detroit,10/19/2025,5.9,Michigan,Detroit-Southwest,5.9,5.85457,5.56252,4.536510000000001
1861,Detroit,10/20/2025,3.4,Michigan,Detroit-Southwest,3.4,3.37382,3.20552,2.61426
1862,Detroit,10/21/2025,3.9,Michigan,Detroit-Southwest,3.9,3.86997,3.67692,2.99871
1863,Detroit,10/22/2025,2.7,Michigan,Detroit-Southwest,2.7,2.67921,2.54556,2.0760300000000003
1864,Detroit,10/23/2025,1.5,Michigan,Detroit-Southwest,1.5,1.4884499999999998,1.4142,1.15335
1865,Detroit,10/24/2025,3.0,Michigan,Detroit-Southwest,3.0,2.9768999999999997,2.8284,2.3067
1866,Detroit,10/25/2025,5.6,Michigan,Detroit-Southwest,5.6,5.55688,5.27968,4.30584
1867,Detroit,10/26/2025,5.3,Michigan,Detroit-Southwest,5.3,5.259189999999999,4.99684,4.07517
1868,Detroit,10/27/2025,3.8,Michigan,Detroit-Southwest,3.8,3.7707399999999995,3.5826399999999996,2.92182
1869,Detroit,10/28/2025,3.7,Michigan,Detroit-Southwest,3.7,3.67151,3.48836,2.84493
1870,Detroit,10/29/2025,5.0,Michigan,Detroit-Southwest,5.0,4.9615,4.7139999999999995,3.8445
1871,Detroit,10/30/2025,5.0,Michigan,Detroit-Southwest,5.0,4.9615,4.7139999999999995,3.8445
1872,Detroit,10/31/2025,3.9,Michigan,Detroit-Southwest,3.9,3.86997,3.67692,2.99871
1873,Detroit,11/01/2025,12.5,Michigan,Detroit-Southwest,12.5,12.403749999999999,11.785,9.61125
1874,Detroit,11/02/2025,17.7,Michigan,Detroit-Southwest,17.7,17.563709999999997,16.687559999999998,13.60953
1875,Detroit,11/03/2025,6.5,Michigan,Detroit-Southwest,6.5,6.449949999999999,6.1282,4.997850000000001
1876,Detroit,11/04/2025,5.3,Michigan,Detroit-Southwest,5.3,5.259189999999999,4.99684,4.07517
1877,Detroit,11/05/2025,7.9,Michigan,Detroit-Southwest,7.9,7.83917,7.44812,6.0743100000000005
1878,Detroit,11/06/2025,4.6,Michigan,Detroit-Southwest,4.6,4.564579999999999,4.33688,3.53694
1879,Detroit,11/07/2025,8.4,Michigan,Detroit-Southwest,8.4,8.33532,7.91952,6.458760000000001
1880,Detroit,11/08/2025,3.9,Michigan,Detroit-Southwest,3.9,3.86997,3.67692,2.99871
1881,Detroit,11/09/2025,4.8,Michigan,Detroit-Southwest,4.8,4.763039999999999,4.52544,3.69072
1882,Detroit,11/10/2025,2.3,Michigan,Detroit-Southwest,2.3,2.2822899999999997,2.16844,1.76847
1883,Detroit,11/11/2025,5.1,Michigan,Detroit-Southwest,5.1,5.0607299999999995,4.80828,3.9213899999999997
1884,Detroit,11/12/2025,5.6,Michigan,Detroit-Southwest,5.6,5.55688,5.27968,4.30584
1885,Detroit,11/13/2025,5.3,Michigan,Detroit-Southwest,5.3,5.259189999999999,4.99684,4.07517
1886,Detroit,11/14/2025,12.4,Michigan,Detroit-Southwest,12.4,12.30452,11.69072,9.534360000000001
1887,Detroit,11/15/2025,16.7,Michigan,Detroit-Southwest,16.7,16.57141,15.74476,12.840629999999999
1888,Detroit,11/16/2025,2.8,Michigan,Detroit-Southwest,2.8,2.77844,2.63984,2.15292
1889,Detroit,11/17/2025,5.4,Michigan,Detroit-Southwest,5.4,5.35842,5.09112,4.1520600000000005
1890,Detroit,11/18/2025,11.4,Michigan,Detroit-Southwest,11.4,11.31222,10.74792,8.765460000000001
1891,Detroit,11/19/2025,6.2,Michigan,Detroit-Southwest,6.2,6.15226,5.84536,4.767180000000001
1892,Detroit,11/20/2025,14.9,Michigan,Detroit-Southwest,14.9,14.78527,14.04772,11.456610000000001
1893,Detroit,11/21/2025,14.1,Michigan,Detroit-Southwest,14.1,13.99143,13.293479999999999,10.84149
1894,Detroit,11/22/2025,6.9,Michigan,Detroit-Southwest,6.9,6.84687,6.50532,5.30541
1895,Detroit,11/23/2025,7.2,Michigan,Detroit-Southwest,7.2,7.14456,6.7881599999999995,5.53608
1896,Detroit,11/24/2025,10.0,Michigan,Detroit-Southwest,10.0,9.923,9.427999999999999,7.689
1897,Detroit,11/25/2025,10.1,Michigan,Detroit-Southwest,10.1,10.022229999999999,9.522279999999999,7.76589
1898,Detroit,11/26/2025,5.2,Michigan,Detroit-Southwest,5.2,5.15996,4.90256,3.9982800000000003
1899,Detroit,11/27/2025,1.5,Michigan,Detroit-Southwest,1.5,1.4884499999999998,1.4142,1.15335
1900,Detroit,11/28/2025,2.0,Michigan,Detroit-Southwest,2.0,1.9846,1.8856,1.5378
1901,Detroit,11/29/2025,4.6,Michigan,Detroit-Southwest,4.6,4.564579999999999,4.33688,3.53694
1902,Detroit,11/30/2025,5.8,Michigan,Detroit-Southwest,5.8,5.7553399999999995,5.46824,4.45962
1903,Detroit,12/01/2025,4.2,Michigan,Detroit-Southwest,4.2,4.16766,3.95976,3.2293800000000004
1904,Detroit,12/02/2025,11.1,Michigan,Detroit-Southwest,11.1,11.014529999999999,10.465079999999999,8.53479
1905,Detroit,12/03/2025,20.4,Michigan,Detroit-Southwest,20.4,20.242919999999998,19.23312,15.685559999999999
1906,Detroit,12/04/2025,7.2,Michigan,Detroit-Southwest,7.2,7.14456,6.7881599999999995,5.53608
1907,Detroit,12/05/2025,16.3,Michigan,Detroit-Southwest,16.3,16.17449,15.36764,12.53307
1908,Detroit,12/06/2025,19.5,Michigan,Detroit-Southwest,19.5,19.34985,18.3846,14.99355
1909,Detroit,12/07/2025,9.2,Michigan,Detroit-Southwest,9.2,9.129159999999999,8.67376,7.07388
1910,Detroit,12/08/2025,3.6,Michigan,Detroit-Southwest,3.6,3.57228,3.3940799999999998,2.76804
1911,Detroit,12/09/2025,11.8,Michigan,Detroit-Southwest,11.8,11.70914,11.12504,9.073020000000001
1912,Detroit,12/10/2025,7.0,Michigan,Detroit-Southwest,7.0,6.9460999999999995,6.5996,5.3823
1913,Detroit,12/11/2025,2.9,Michigan,Detroit-Southwest,2.9,2.8776699999999997,2.73412,2.22981
1914,Detroit,12/12/2025,6.6,Michigan,Detroit-Southwest,6.6,6.54918,6.222479999999999,5.07474
1915,Detroit,12/13/2025,8.8,Michigan,Detroit-Southwest,8.8,8.732240000000001,8.29664,6.766320000000001
1916,Detroit,12/14/2025,3.7,Michigan,Detroit-Southwest,3.7,3.67151,3.48836,2.84493
1917,Detroit,12/15/2025,7.5,Michigan,Detroit-Southwest,7.5,7.44225,7.071,5.76675
1918,Detroit,12/16/2025,16.8,Michigan,Detroit-Southwest,16.8,16.67064,15.83904,12.917520000000001
1919,Detroit,12/17/2025,14.9,Michigan,Detroit-Southwest,14.9,14.78527,14.04772,11.456610000000001
1920,Detroit,12/18/2025,11.6,Michigan,Detroit-Southwest,11.6,11.510679999999999,10.93648,8.91924
1921,Detroit,12/19/2025,5.0,Michigan,Detroit-Southwest,5.0,4.9615,4.7139999999999995,3.8445
1922,Detroit,12/20/2025,7.2,Michigan,Detroit-Southwest,7.2,7.14456,6.7881599999999995,5.53608
1923,Detroit,12/21/2025,5.9,Michigan,Detroit-Southwest,5.9,5.85457,5.56252,4.536510000000001
1924,Detroit,12/22/2025,10.0,Michigan,Detroit-Southwest,10.0,9.923,9.427999999999999,7.689
1925,Detroit,12/23/2025,10.7,Michigan,Detroit-Southwest,10.7,10.617609999999999,10.087959999999999,8.22723
1926,Detroit,12/24/2025,12.8,Michigan,Detroit-Southwest,12.8,12.70144,12.06784,9.841920000000002
1927,Detroit,12/25/2025,10.5,Michigan,Detroit-Southwest,10.5,10.41915,9.8994,8.073450000000001
1928,Detroit,12/26/2025,5.3,Michigan,Detroit-Southwest,5.3,5.259189999999999,4.99684,4.07517
1929,Detroit,12/27/2025,5.7,Michigan,Detroit-Southwest,5.7,5.65611,5.37396,4.3827300000000005
1930,Detroit,12/28/2025,11.0,Michigan,Detroit-Southwest,11.0,10.9153,10.3708,8.4579
1931,Detroit,12/29/2025,2.6,Michigan,Detroit-Southwest,2.6,2.57998,2.45128,1.9991400000000001
1932,Detroit,12/30/2025,3.6,Michigan,Detroit-Southwest,3.6,3.57228,3.3940799999999998,2.76804
1933,Detroit,12/31/2025,7.6,Michigan,Detroit-Southwest,7.6,7.541479999999999,7.165279999999999,5.84364
1934,Detroit,01/01/2025,3.2,Michigan,Detroit-Southwest,3.2,3.17536,3.01696,2.4604800000000004
1935,Detroit,01/02/2025,5.3,Michigan,Detroit-Southwest,5.3,5.259189999999999,4.99684,4.07517
1936,Detroit,01/03/2025,4.7,Michigan,Detroit-Southwest,4.7,4.66381,4.43116,3.61383
1937,Detroit,01/04/2025,2.7,Michigan,Detroit-Southwest,2.7,2.67921,2.54556,2.0760300000000003
1938,Detroit,01/05/2025,4.5,Michigan,Detroit-Southwest,4.5,4.46535,4.2425999999999995,3.4600500000000003
1939,Detroit,01/06/2025,3.5,Michigan,Detroit-Southwest,3.5,3.4730499999999997,3.2998,2.69115
1940,Detroit,01/07/2025,3.0,Michigan,Detroit-Southwest,3.0,2.9768999999999997,2.8284,2.3067
1941,Detroit,01/08/2025,3.6,Michigan,Detroit-Southwest,3.6,3.57228,3.3940799999999998,2.76804
1942,Detroit,01/09/2025,6.2,Michigan,Detroit-Southwest,6.2,6.15226,5.84536,4.767180000000001
1943,Detroit,01/10/2025,24.3,Michigan,Detroit-Southwest,24.3,24.11289,22.91004,18.68427
1944,Detroit,01/11/2025,17.0,Michigan,Detroit-Southwest,17.0,16.8691,16.0276,13.0713
1945,Detroit,01/12/2025,15.2,Michigan,Detroit-Southwest,15.2,15.082959999999998,14.330559999999998,11.68728
1946,Detroit,01/13/2025,7.9,Michigan,Detroit-Southwest,7.9,7.83917,7.44812,6.0743100000000005
1947,Detroit,01/14/2025,6.5,Michigan,Detroit-Southwest,6.5,6.449949999999999,6.1282,4.997850000000001
1948,Detroit,01/15/2025,7.5,Michigan,Detroit-Southwest,7.5,7.44225,7.071,5.76675
1949,Detroit,01/16/2025,16.9,Michigan,Detroit-Southwest,16.9,16.769869999999997,15.933319999999998,12.99441
1950,Detroit,01/17/2025,12.7,Michigan,Detroit-Southwest,12.7,12.60221,11.973559999999999,9.76503
1951,Detroit,01/18/2025,6.3,Michigan,Detroit-Southwest,6.3,6.2514899999999995,5.93964,4.84407
1952,Detroit,01/19/2025,3.3,Michigan,Detroit-Southwest,3.3,3.27459,3.1112399999999996,2.53737
1953,Detroit,01/20/2025,4.3,Michigan,Detroit-Southwest,4.3,4.26689,4.05404,3.30627
1954,Detroit,01/21/2025,5.9,Michigan,Detroit-Southwest,5.9,5.85457,5.56252,4.536510000000001
1955,Detroit,01/22/2025,9.8,Michigan,Detroit-Southwest,9.8,9.724540000000001,9.23944,7.535220000000001
1956,Detroit,01/23/2025,9.4,Michigan,Detroit-Southwest,9.4,9.32762,8.86232,7.22766
1957,Detroit,01/24/2025,9.5,Michigan,Detroit-Southwest,9.5,9.42685,8.9566,7.30455
1958,Detroit,01/25/2025,12.8,Michigan,Detroit-Southwest,12.8,12.70144,12.06784,9.841920000000002
1959,Detroit,01/26/2025,5.7,Michigan,Detroit-Southwest,5.7,5.65611,5.37396,4.3827300000000005
1960,Detroit,01/27/2025,6.8,Michigan,Detroit-Southwest,6.8,6.74764,6.41104,5.22852
1961,Detroit,01/28/2025,5.1,Michigan,Detroit-Southwest,5.1,5.0607299999999995,4.80828,3.9213899999999997
1962,Detroit,01/29/2025,4.2,Michigan,Detroit-Southwest,4.2,4.16766,3.95976,3.2293800000000004
1963,Detroit,01/30/2025,9.9,Michigan,Detroit-Southwest,9.9,9.82377,9.33372,7.61211
1964,Detroit,01/31/2025,11.4,Michigan,Detroit-Southwest,11.4,11.31222,10.74792,8.765460000000001
1965,Detroit,02/01/2025,3.2,Michigan,Detroit-Southwest,3.2,3.17536,3.01696,2.4604800000000004
1966,Detroit,02/02/2025,11.1,Michigan,Detroit-Southwest,11.1,11.014529999999999,10.465079999999999,8.53479
1967,Detroit,02/03/2025,19.7,Michigan,Detroit-Southwest,19.7,19.548309999999997,18.573159999999998,15.14733
1968,Detroit,02/04/2025,4.8,Michigan,Detroit-Southwest,4.8,4.763039999999999,4.52544,3.69072
1969,Detroit,02/05/2025,4.0,Michigan,Detroit-Southwest,4.0,3.9692,3.7712,3.0756
1970,Detroit,02/06/2025,7.8,Michigan,Detroit-Southwest,7.8,7.73994,7.35384,5.99742
1971,Detroit,02/07/2025,6.8,Michigan,Detroit-Southwest,6.8,6.74764,6.41104,5.22852
1972,Detroit,02/08/2025,10.9,Michigan,Detroit-Southwest,10.9,10.81607,10.27652,8.38101
1973,Detroit,02/09/2025,8.5,Michigan,Detroit-Southwest,8.5,8.43455,8.0138,6.53565
1974,Detroit,02/10/2025,10.1,Michigan,Detroit-Southwest,10.1,10.022229999999999,9.522279999999999,7.76589
1975,Detroit,02/11/2025,11.1,Michigan,Detroit-Southwest,11.1,11.014529999999999,10.465079999999999,8.53479
1976,Detroit,02/12/2025,11.1,Michigan,Detroit-Southwest,11.1,11.014529999999999,10.465079999999999,8.53479
1977,Detroit,02/13/2025,6.8,Michigan,Detroit-Southwest,6.8,6.74764,6.41104,5.22852
1978,Detroit,02/14/2025,14.8,Michigan,Detroit-Southwest,14.8,14.68604,13.95344,11.37972
1979,Detroit,02/15/2025,18.7,Michigan,Detroit-Southwest,18.7,18.556009999999997,17.63036,14.37843
1980,Detroit,02/16/2025,7.8,Michigan,Detroit-Southwest,7.8,7.73994,7.35384,5.99742
1981,Detroit,02/17/2025,3.8,Michigan,Detroit-Southwest,3.8,3.7707399999999995,3.5826399999999996,2.92182
1982,Detroit,02/18/2025,5.4,Michigan,Detroit-Southwest,5.4,5.35842,5.09112,4.1520600000000005
1983,Detroit,02/19/2025,5.7,Michigan,Detroit-Southwest,5.7,5.65611,5.37396,4.3827300000000005
1984,Detroit,02/20/2025,5.4,Michigan,Detroit-Southwest,5.4,5.35842,5.09112,4.1520600000000005
1985,Detroit,02/21/2025,5.8,Michigan,Detroit-Southwest,5.8,5.7553399999999995,5.46824,4.45962
1986,Detroit,02/22/2025,15.7,Michigan,Detroit-Southwest,15.7,15.579109999999998,14.80196,12.07173
1987,Detroit,02/23/2025,17.2,Michigan,Detroit-Southwest,17.2,17.06756,16.21616,13.22508
1988,Detroit,02/24/2025,16.8,Michigan,Detroit-Southwest,16.8,16.67064,15.83904,12.917520000000001
1989,Detroit,02/25/2025,10.2,Michigan,Detroit-Southwest,10.2,10.121459999999999,9.61656,7.842779999999999
1990,Detroit,02/26/2025,10.6,Michigan,Detroit-Southwest,10.6,10.518379999999999,9.99368,8.15034
1991,Detroit,02/27/2025,11.0,Michigan,Detroit-Southwest,11.0,10.9153,10.3708,8.4579
1992,Detroit,02/28/2025,6.9,Michigan,Detroit-Southwest,6.9,6.84687,6.50532,5.30541
1993,Detroit,03/01/2025,3.3,Michigan,Detroit-Southwest,3.3,3.27459,3.1112399999999996,2.53737
1994,Detroit,03/02/2025,4.7,Michigan,Detroit-Southwest,4.7,4.66381,4.43116,3.61383
1995,Detroit,03/03/2025,14.7,Michigan,Detroit-Southwest,14.7,14.586809999999998,13.85916,11.30283
1996,Detroit,03/04/2025,11.2,Michigan,Detroit-Southwest,11.2,11.11376,10.55936,8.61168
1997,Detroit,03/05/2025,6.0,Michigan,Detroit-Southwest,6.0,5.953799999999999,5.6568,4.6134
1998,Detroit,03/06/2025,2.6,Michigan,Detroit-Southwest,2.6,2.57998,2.45128,1.9991400000000001
1999,Detroit,03/07/2025,6.7,Michigan,Detroit-Southwest,6.7,6.64841,6.31676,5.15163
2000,Detroit,03/08/2025,4.2,Michigan,Detroit-Southwest,4.2,4.16766,3.95976,3.2293800000000004
2001,Detroit,03/09/2025,5.4,Michigan,Detroit-Southwest,5.4,5.35842,5.09112,4.1520600000000005
2002,Detroit,03/10/2025,15.1,Michigan,Detroit-Southwest,15.1,14.98373,14.236279999999999,11.61039
2003,Detroit,03/11/2025,7.0,Michigan,Detroit-Southwest,7.0,6.9460999999999995,6.5996,5.3823
2004,Detroit,03/12/2025,3.9,Michigan,Detroit-Southwest,3.9,3.86997,3.67692,2.99871
2005,Detroit,03/13/2025,7.4,Michigan,Detroit-Southwest,7.4,7.34302,6.97672,5.68986
2006,Detroit,03/14/2025,12.5,Michigan,Detroit-Southwest,12.5,12.403749999999999,11.785,9.61125
2007,Detroit,03/15/2025,10.6,Michigan,Detroit-Southwest,10.6,10.518379999999999,9.99368,8.15034
2008,Detroit,03/16/2025,4.2,Michigan,Detroit-Southwest,4.2,4.16766,3.95976,3.2293800000000004
2009,Detroit,03/17/2025,5.3,Michigan,Detroit-Southwest,5.3,5.259189999999999,4.99684,4.07517
2010,Detroit,03/18/2025,12.9,Michigan,Detroit-Southwest,12.9,12.80067,12.16212,9.91881
2011,Detroit,03/19/2025,17.4,Michigan,Detroit-Southwest,17.4,17.266019999999997,16.404719999999998,13.37886
2012,Detroit,03/20/2025,4.5,Michigan,Detroit-Southwest,4.5,4.46535,4.2425999999999995,3.4600500000000003
2013,Detroit,03/21/2025,5.7,Michigan,Detroit-Southwest,5.7,5.65611,5.37396,4.3827300000000005
2014,Detroit,03/22/2025,3.4,Michigan,Detroit-Southwest,3.4,3.37382,3.20552,2.61426
2015,Detroit,03/23/2025,4.5,Michigan,Detroit-Southwest,4.5,4.46535,4.2425999999999995,3.4600500000000003
2016,Detroit,03/24/2025,5.7,Michigan,Detroit-Southwest,5.7,5.65611,5.37396,4.3827300000000005
2017,Detroit,03/25/2025,3.9,Michigan,Detroit-Southwest,3.9,3.86997,3.67692,2.99871
2018,Detroit,03/26/2025,3.7,Michigan,Detroit-Southwest,3.7,3.67151,3.48836,2.84493
2019,Detroit,03/27/2025,10.7,Michigan,Detroit-Southwest,10.7,10.617609999999999,10.087959999999999,8.22723
2020,Detroit,03/28/2025,13.5,Michigan,Detroit-Southwest,13.5,13.396049999999999,12.7278,10.38015
2021,Detroit,03/29/2025,11.9,Michigan,Detroit-Southwest,11.9,11.80837,11.21932,9.14991
2022,Detroit,03/30/2025,11.2,Michigan,Detroit-Southwest,11.2,11.11376,10.55936,8.61168
2023,Detroit,03/31/2025,3.7,Michigan,Detroit-Southwest,3.7,3.67151,3.48836,2.84493
2024,Detroit,04/01/2025,3.4,Michigan,Detroit-Southwest,3.4,3.37382,3.20552,2.61426
2025,Detroit,04/02/2025,5.4,Michigan,Detroit-Southwest,5.4,5.35842,5.09112,4.1520600000000005
2026,Detroit,04/03/2025,4.3,Michigan,Detroit-Southwest,4.3,4.26689,4.05404,3.30627
2027,Detroit,04/04/2025,3.8,Michigan,Detroit-Southwest,3.8,3.7707399999999995,3.5826399999999996,2.92182
2028,Detroit,04/05/2025,4.4,Michigan,Detroit-Southwest,4.4,4.3661200000000004,4.14832,3.3831600000000006
2029,Detroit,04/06/2025,3.5,Michigan,Detroit-Southwest,3.5,3.4730499999999997,3.2998,2.69115
2030,Detroit,01/01/2025,2.8,Michigan,East 7 Mile,2.8,2.77844,2.63984,2.15292
2031,Detroit,01/02/2025,4.8,Michigan,East 7 Mile,4.8,4.763039999999999,4.52544,3.69072
2032,Detroit,01/03/2025,4.1,Michigan,East 7 Mile,4.1,4.068429999999999,3.8654799999999994,3.15249
2033,Detroit,01/04/2025,2.6,Michigan,East 7 Mile,2.6,2.57998,2.45128,1.9991400000000001
2034,Detroit,01/05/2025,3.7,Michigan,East 7 Mile,3.7,3.67151,3.48836,2.84493
2035,Detroit,01/06/2025,2.6,Michigan,East 7 Mile,2.6,2.57998,2.45128,1.9991400000000001
2036,Detroit,01/07/2025,2.0,Michigan,East 7 Mile,2.0,1.9846,1.8856,1.5378
2037,Detroit,01/08/2025,2.8,Michigan,East 7 Mile,2.8,2.77844,2.63984,2.15292
2038,Detroit,01/09/2025,5.2,Michigan,East 7 Mile,5.2,5.15996,4.90256,3.9982800000000003
2039,Detroit,01/10/2025,21.2,Michigan,East 7 Mile,21.2,21.036759999999997,19.98736,16.30068
2040,Detroit,01/11/2025,15.9,Michigan,East 7 Mile,15.9,15.777569999999999,14.99052,12.22551
2041,Detroit,01/12/2025,14.2,Michigan,East 7 Mile,14.2,14.090659999999998,13.387759999999998,10.918379999999999
2042,Detroit,01/13/2025,7.0,Michigan,East 7 Mile,7.0,6.9460999999999995,6.5996,5.3823
2043,Detroit,01/14/2025,6.1,Michigan,East 7 Mile,6.1,6.05303,5.751079999999999,4.69029
2044,Detroit,01/15/2025,6.3,Michigan,East 7 Mile,6.3,6.2514899999999995,5.93964,4.84407
2045,Detroit,01/16/2025,16.1,Michigan,East 7 Mile,16.1,15.976030000000002,15.17908,12.379290000000001
2046,Detroit,01/17/2025,10.3,Michigan,East 7 Mile,10.3,10.220690000000001,9.710840000000001,7.919670000000001
2047,Detroit,01/18/2025,5.1,Michigan,East 7 Mile,5.1,5.0607299999999995,4.80828,3.9213899999999997
2048,Detroit,01/19/2025,2.8,Michigan,East 7 Mile,2.8,2.77844,2.63984,2.15292
2049,Detroit,01/20/2025,3.5,Michigan,East 7 Mile,3.5,3.4730499999999997,3.2998,2.69115
2050,Detroit,01/21/2025,4.9,Michigan,East 7 Mile,4.9,4.8622700000000005,4.61972,3.7676100000000003
2051,Detroit,01/22/2025,7.0,Michigan,East 7 Mile,7.0,6.9460999999999995,6.5996,5.3823
2052,Detroit,01/23/2025,8.5,Michigan,East 7 Mile,8.5,8.43455,8.0138,6.53565
2053,Detroit,01/24/2025,8.1,Michigan,East 7 Mile,8.1,8.03763,7.636679999999999,6.22809
2054,Detroit,01/25/2025,11.6,Michigan,East 7 Mile,11.6,11.510679999999999,10.93648,8.91924
2055,Detroit,01/26/2025,5.0,Michigan,East 7 Mile,5.0,4.9615,4.7139999999999995,3.8445
2056,Detroit,01/27/2025,5.6,Michigan,East 7 Mile,5.6,5.55688,5.27968,4.30584
2057,Detroit,01/28/2025,4.0,Michigan,East 7 Mile,4.0,3.9692,3.7712,3.0756
2058,Detroit,01/29/2025,3.2,Michigan,East 7 Mile,3.2,3.17536,3.01696,2.4604800000000004
2059,Detroit,01/30/2025,6.0,Michigan,East 7 Mile,6.0,5.953799999999999,5.6568,4.6134
2060,Detroit,01/31/2025,9.9,Michigan,East 7 Mile,9.9,9.82377,9.33372,7.61211
2061,Detroit,02/01/2025,2.8,Michigan,East 7 Mile,2.8,2.77844,2.63984,2.15292
2062,Detroit,02/02/2025,10.1,Michigan,East 7 Mile,10.1,10.022229999999999,9.522279999999999,7.76589
2063,Detroit,02/03/2025,19.9,Michigan,East 7 Mile,19.9,19.746769999999998,18.761719999999997,15.30111
2064,Detroit,02/04/2025,3.6,Michigan,East 7 Mile,3.6,3.57228,3.3940799999999998,2.76804
2065,Detroit,02/05/2025,3.0,Michigan,East 7 Mile,3.0,2.9768999999999997,2.8284,2.3067
2066,Detroit,02/06/2025,7.3,Michigan,East 7 Mile,7.3,7.24379,6.88244,5.61297
2067,Detroit,02/07/2025,5.9,Michigan,East 7 Mile,5.9,5.85457,5.56252,4.536510000000001
2068,Detroit,02/08/2025,10.2,Michigan,East 7 Mile,10.2,10.121459999999999,9.61656,7.842779999999999
2069,Detroit,02/09/2025,7.8,Michigan,East 7 Mile,7.8,7.73994,7.35384,5.99742
2070,Detroit,02/10/2025,9.6,Michigan,East 7 Mile,9.6,9.526079999999999,9.05088,7.38144
2071,Detroit,02/11/2025,10.2,Michigan,East 7 Mile,10.2,10.121459999999999,9.61656,7.842779999999999
2072,Detroit,02/12/2025,9.8,Michigan,East 7 Mile,9.8,9.724540000000001,9.23944,7.535220000000001
2073,Detroit,02/13/2025,5.5,Michigan,East 7 Mile,5.5,5.45765,5.1854,4.22895
2074,Detroit,02/14/2025,13.5,Michigan,East 7 Mile,13.5,13.396049999999999,12.7278,10.38015
2075,Detroit,02/15/2025,15.0,Michigan,East 7 Mile,15.0,14.8845,14.142,11.5335
2076,Detroit,02/16/2025,7.1,Michigan,East 7 Mile,7.1,7.045329999999999,6.693879999999999,5.4591899999999995
2077,Detroit,02/17/2025,3.1,Michigan,East 7 Mile,3.1,3.07613,2.92268,2.3835900000000003
2078,Detroit,02/18/2025,4.8,Michigan,East 7 Mile,4.8,4.763039999999999,4.52544,3.69072
2079,Detroit,02/19/2025,4.5,Michigan,East 7 Mile,4.5,4.46535,4.2425999999999995,3.4600500000000003
2080,Detroit,02/20/2025,4.4,Michigan,East 7 Mile,4.4,4.3661200000000004,4.14832,3.3831600000000006
2081,Detroit,02/21/2025,4.8,Michigan,East 7 Mile,4.8,4.763039999999999,4.52544,3.69072
2082,Detroit,02/22/2025,13.3,Michigan,East 7 Mile,13.3,13.19759,12.53924,10.226370000000001
2083,Detroit,02/23/2025,15.6,Michigan,East 7 Mile,15.6,15.47988,14.70768,11.99484
2084,Detroit,02/24/2025,13.2,Michigan,East 7 Mile,13.2,13.09836,12.444959999999998,10.14948
2085,Detroit,02/25/2025,7.8,Michigan,East 7 Mile,7.8,7.73994,7.35384,5.99742
2086,Detroit,02/26/2025,8.6,Michigan,East 7 Mile,8.6,8.53378,8.10808,6.61254
2087,Detroit,02/27/2025,10.4,Michigan,East 7 Mile,10.4,10.31992,9.80512,7.996560000000001
2088,Detroit,02/28/2025,4.5,Michigan,East 7 Mile,4.5,4.46535,4.2425999999999995,3.4600500000000003
2089,Detroit,03/01/2025,2.4,Michigan,East 7 Mile,2.4,2.3815199999999996,2.26272,1.84536
2090,Detroit,03/02/2025,4.0,Michigan,East 7 Mile,4.0,3.9692,3.7712,3.0756
2091,Detroit,03/03/2025,10.3,Michigan,East 7 Mile,10.3,10.220690000000001,9.710840000000001,7.919670000000001
2092,Detroit,03/04/2025,9.1,Michigan,East 7 Mile,9.1,9.029929999999998,8.57948,6.99699
2093,Detroit,03/05/2025,5.0,Michigan,East 7 Mile,5.0,4.9615,4.7139999999999995,3.8445
2094,Detroit,03/06/2025,1.7,Michigan,East 7 Mile,1.7,1.68691,1.60276,1.30713
2095,Detroit,03/07/2025,5.5,Michigan,East 7 Mile,5.5,5.45765,5.1854,4.22895
2096,Detroit,03/08/2025,3.4,Michigan,East 7 Mile,3.4,3.37382,3.20552,2.61426
2097,Detroit,03/09/2025,4.6,Michigan,East 7 Mile,4.6,4.564579999999999,4.33688,3.53694
2098,Detroit,03/10/2025,6.9,Michigan,East 7 Mile,6.9,6.84687,6.50532,5.30541
2099,Detroit,03/11/2025,4.8,Michigan,East 7 Mile,4.8,4.763039999999999,4.52544,3.69072
2100,Detroit,03/12/2025,2.6,Michigan,East 7 Mile,2.6,2.57998,2.45128,1.9991400000000001
2101,Detroit,03/13/2025,6.2,Michigan,East 7 Mile,6.2,6.15226,5.84536,4.767180000000001
2102,Detroit,03/14/2025,11.0,Michigan,East 7 Mile,11.0,10.9153,10.3708,8.4579
2103,Detroit,03/15/2025,7.6,Michigan,East 7 Mile,7.6,7.541479999999999,7.165279999999999,5.84364
2104,Detroit,03/16/2025,3.4,Michigan,East 7 Mile,3.4,3.37382,3.20552,2.61426
2105,Detroit,03/17/2025,3.3,Michigan,East 7 Mile,3.3,3.27459,3.1112399999999996,2.53737
2106,Detroit,03/18/2025,5.7,Michigan,East 7 Mile,5.7,5.65611,5.37396,4.3827300000000005
2107,Detroit,03/19/2025,8.7,Michigan,East 7 Mile,8.7,8.633009999999999,8.202359999999999,6.68943
2108,Detroit,03/20/2025,3.5,Michigan,East 7 Mile,3.5,3.4730499999999997,3.2998,2.69115
2109,Detroit,03/21/2025,4.7,Michigan,East 7 Mile,4.7,4.66381,4.43116,3.61383
2110,Detroit,03/22/2025,2.9,Michigan,East 7 Mile,2.9,2.8776699999999997,2.73412,2.22981
2111,Detroit,03/23/2025,4.1,Michigan,East 7 Mile,4.1,4.068429999999999,3.8654799999999994,3.15249
2112,Detroit,03/24/2025,4.6,Michigan,East 7 Mile,4.6,4.564579999999999,4.33688,3.53694
2113,Detroit,03/25/2025,3.1,Michigan,East 7 Mile,3.1,3.07613,2.92268,2.3835900000000003
2114,Detroit,03/26/2025,3.4,Michigan,East 7 Mile,3.4,3.37382,3.20552,2.61426
2115,Detroit,03/27/2025,9.1,Michigan,East 7 Mile,9.1,9.029929999999998,8.57948,6.99699
2116,Detroit,03/28/2025,9.3,Michigan,East 7 Mile,9.3,9.228390000000001,8.768040000000001,7.1507700000000005
2117,Detroit,03/29/2025,9.1,Michigan,East 7 Mile,9.1,9.029929999999998,8.57948,6.99699
2118,Detroit,03/30/2025,7.4,Michigan,East 7 Mile,7.4,7.34302,6.97672,5.68986
2119,Detroit,03/31/2025,2.6,Michigan,East 7 Mile,2.6,2.57998,2.45128,1.9991400000000001
2120,Detroit,04/01/2025,3.0,Michigan,East 7 Mile,3.0,2.9768999999999997,2.8284,2.3067
2121,Detroit,04/02/2025,4.6,Michigan,East 7 Mile,4.6,4.564579999999999,4.33688,3.53694
2122,Detroit,04/03/2025,3.7,Michigan,East 7 Mile,3.7,3.67151,3.48836,2.84493
2123,Detroit,04/04/2025,3.4,Michigan,East 7 Mile,3.4,3.37382,3.20552,2.61426
2124,Detroit,04/05/2025,4.0,Michigan,East 7 Mile,4.0,3.9692,3.7712,3.0756
2125,Detroit,04/06/2025,3.3,Michigan,East 7 Mile,3.3,3.27459,3.1112399999999996,2.53737
2126,Detroit,04/07/2025,4.4,Michigan,East 7 Mile,4.4,4.3661200000000004,4.14832,3.3831600000000006
2127,Detroit,04/08/2025,2.9,Michigan,East 7 Mile,2.9,2.8776699999999997,2.73412,2.22981
2128,Detroit,04/09/2025,5.9,Michigan,East 7 Mile,5.9,5.85457,5.56252,4.536510000000001
2129,Detroit,04/10/2025,7.5,Michigan,East 7 Mile,7.5,7.44225,7.071,5.76675
2130,Detroit,04/11/2025,5.7,Michigan,East 7 Mile,5.7,5.65611,5.37396,4.3827300000000005
2131,Detroit,04/12/2025,5.2,Michigan,East 7 Mile,5.2,5.15996,4.90256,3.9982800000000003
2132,Detroit,04/13/2025,6.5,Michigan,East 7 Mile,6.5,6.449949999999999,6.1282,4.997850000000001
2133,Detroit,04/14/2025,5.4,Michigan,East 7 Mile,5.4,5.35842,5.09112,4.1520600000000005
2134,Detroit,04/15/2025,1.8,Michigan,East 7 Mile,1.8,1.78614,1.6970399999999999,1.38402
2135,Detroit,04/16/2025,2.3,Michigan,East 7 Mile,2.3,2.2822899999999997,2.16844,1.76847
2136,Detroit,04/17/2025,6.2,Michigan,East 7 Mile,6.2,6.15226,5.84536,4.767180000000001
2137,Detroit,04/18/2025,10.6,Michigan,East 7 Mile,10.6,10.518379999999999,9.99368,8.15034
2138,Detroit,04/19/2025,8.3,Michigan,East 7 Mile,8.3,8.23609,7.825240000000001,6.381870000000001
2139,Detroit,04/20/2025,3.2,Michigan,East 7 Mile,3.2,3.17536,3.01696,2.4604800000000004
2140,Detroit,04/21/2025,3.7,Michigan,East 7 Mile,3.7,3.67151,3.48836,2.84493
2141,Detroit,04/22/2025,2.9,Michigan,East 7 Mile,2.9,2.8776699999999997,2.73412,2.22981
2142,Detroit,04/23/2025,9.5,Michigan,East 7 Mile,9.5,9.42685,8.9566,7.30455
2143,Detroit,04/24/2025,10.7,Michigan,East 7 Mile,10.7,10.617609999999999,10.087959999999999,8.22723
2144,Detroit,04/25/2025,7.8,Michigan,East 7 Mile,7.8,7.73994,7.35384,5.99742
2145,Detroit,04/26/2025,3.6,Michigan,East 7 Mile,3.6,3.57228,3.3940799999999998,2.76804
2146,Detroit,04/27/2025,5.0,Michigan,East 7 Mile,5.0,4.9615,4.7139999999999995,3.8445
2147,Detroit,04/28/2025,4.2,Michigan,East 7 Mile,4.2,4.16766,3.95976,3.2293800000000004
2148,Detroit,04/29/2025,6.3,Michigan,East 7 Mile,6.3,6.2514899999999995,5.93964,4.84407
2149,Detroit,04/30/2025,3.5,Michigan,East 7 Mile,3.5,3.4730499999999997,3.2998,2.69115
2150,Detroit,05/01/2025,4.6,Michigan,East 7 Mile,4.6,4.564579999999999,4.33688,3.53694
2151,Detroit,05/02/2025,4.6,Michigan,East 7 Mile,4.6,4.564579999999999,4.33688,3.53694
2152,Detroit,05/03/2025,2.5,Michigan,East 7 Mile,2.5,2.48075,2.3569999999999998,1.92225
2153,Detroit,05/04/2025,3.2,Michigan,East 7 Mile,3.2,3.17536,3.01696,2.4604800000000004
2154,Detroit,05/05/2025,4.9,Michigan,East 7 Mile,4.9,4.8622700000000005,4.61972,3.7676100000000003
2155,Detroit,05/06/2025,5.4,Michigan,East 7 Mile,5.4,5.35842,5.09112,4.1520600000000005
2156,Detroit,05/07/2025,5.3,Michigan,East 7 Mile,5.3,5.259189999999999,4.99684,4.07517
2157,Detroit,05/08/2025,2.8,Michigan,East 7 Mile,2.8,2.77844,2.63984,2.15292
2158,Detroit,05/09/2025,3.9,Michigan,East 7 Mile,3.9,3.86997,3.67692,2.99871
2159,Detroit,05/10/2025,6.1,Michigan,East 7 Mile,6.1,6.05303,5.751079999999999,4.69029
2160,Detroit,05/11/2025,4.1,Michigan,East 7 Mile,4.1,4.068429999999999,3.8654799999999994,3.15249
2161,Detroit,05/12/2025,6.2,Michigan,East 7 Mile,6.2,6.15226,5.84536,4.767180000000001
2162,Detroit,05/13/2025,3.0,Michigan,East 7 Mile,3.0,2.9768999999999997,2.8284,2.3067
2163,Detroit,05/14/2025,2.7,Michigan,East 7 Mile,2.7,2.67921,2.54556,2.0760300000000003
2164,Detroit,05/15/2025,4.6,Michigan,East 7 Mile,4.6,4.564579999999999,4.33688,3.53694
2165,Detroit,05/16/2025,5.6,Michigan,East 7 Mile,5.6,5.55688,5.27968,4.30584
2166,Detroit,05/17/2025,3.4,Michigan,East 7 Mile,3.4,3.37382,3.20552,2.61426
2167,Detroit,05/18/2025,2.7,Michigan,East 7 Mile,2.7,2.67921,2.54556,2.0760300000000003
2168,Detroit,05/19/2025,2.7,Michigan,East 7 Mile,2.7,2.67921,2.54556,2.0760300000000003
2169,Detroit,05/20/2025,3.3,Michigan,East 7 Mile,3.3,3.27459,3.1112399999999996,2.53737
2170,Detroit,05/21/2025,3.3,Michigan,East 7 Mile,3.3,3.27459,3.1112399999999996,2.53737
2171,Detroit,05/22/2025,1.6,Michigan,East 7 Mile,1.6,1.58768,1.50848,1.2302400000000002
2172,Detroit,05/23/2025,1.5,Michigan,East 7 Mile,1.5,1.4884499999999998,1.4142,1.15335
2173,Detroit,05/24/2025,2.3,Michigan,East 7 Mile,2.3,2.2822899999999997,2.16844,1.76847
2174,Detroit,05/25/2025,5.7,Michigan,East 7 Mile,5.7,5.65611,5.37396,4.3827300000000005
2175,Detroit,05/26/2025,5.6,Michigan,East 7 Mile,5.6,5.55688,5.27968,4.30584
2176,Detroit,05/27/2025,4.6,Michigan,East 7 Mile,4.6,4.564579999999999,4.33688,3.53694
2177,Detroit,05/28/2025,2.9,Michigan,East 7 Mile,2.9,2.8776699999999997,2.73412,2.22981
2178,Detroit,05/29/2025,6.1,Michigan,East 7 Mile,6.1,6.05303,5.751079999999999,4.69029
2179,Detroit,05/30/2025,6.9,Michigan,East 7 Mile,6.9,6.84687,6.50532,5.30541
2180,Detroit,05/31/2025,5.7,Michigan,East 7 Mile,5.7,5.65611,5.37396,4.3827300000000005
2181,Detroit,06/01/2025,5.5,Michigan,East 7 Mile,5.5,5.45765,5.1854,4.22895
2182,Detroit,06/02/2025,6.4,Michigan,East 7 Mile,6.4,6.35072,6.03392,4.920960000000001
2183,Detroit,06/03/2025,14.8,Michigan,East 7 Mile,14.8,14.68604,13.95344,11.37972
2184,Detroit,06/04/2025,19.1,Michigan,East 7 Mile,19.1,18.952930000000002,18.00748,14.685990000000002
2185,Detroit,06/05/2025,41.1,Michigan,East 7 Mile,41.1,40.78353,38.74908,31.60179
2186,Detroit,06/06/2025,52.1,Michigan,East 7 Mile,52.1,51.69883,49.11988,40.05969
2187,Detroit,06/07/2025,21.7,Michigan,East 7 Mile,21.7,21.532909999999998,20.458759999999998,16.68513
2188,Detroit,06/08/2025,35.7,Michigan,East 7 Mile,35.7,35.425110000000004,33.65796,27.449730000000002
2189,Detroit,06/09/2025,20.9,Michigan,East 7 Mile,20.9,20.739069999999998,19.70452,16.07001
2190,Detroit,06/10/2025,12.8,Michigan,East 7 Mile,12.8,12.70144,12.06784,9.841920000000002
2191,Detroit,06/11/2025,21.9,Michigan,East 7 Mile,21.9,21.73137,20.647319999999997,16.83891
2192,Detroit,06/12/2025,22.5,Michigan,East 7 Mile,22.5,22.32675,21.213,17.300250000000002
2193,Detroit,06/13/2025,7.3,Michigan,East 7 Mile,7.3,7.24379,6.88244,5.61297
2194,Detroit,06/14/2025,7.3,Michigan,East 7 Mile,7.3,7.24379,6.88244,5.61297
2195,Detroit,06/15/2025,8.2,Michigan,East 7 Mile,8.2,8.136859999999999,7.730959999999999,6.30498
2196,Detroit,06/16/2025,6.8,Michigan,East 7 Mile,6.8,6.74764,6.41104,5.22852
2197,Detroit,06/17/2025,6.0,Michigan,East 7 Mile,6.0,5.953799999999999,5.6568,4.6134
2198,Detroit,06/18/2025,5.6,Michigan,East 7 Mile,5.6,5.55688,5.27968,4.30584
2199,Detroit,06/19/2025,3.4,Michigan,East 7 Mile,3.4,3.37382,3.20552,2.61426
2200,Detroit,06/20/2025,7.1,Michigan,East 7 Mile,7.1,7.045329999999999,6.693879999999999,5.4591899999999995
2201,Detroit,06/21/2025,8.1,Michigan,East 7 Mile,8.1,8.03763,7.636679999999999,6.22809
2202,Detroit,06/22/2025,9.0,Michigan,East 7 Mile,9.0,8.9307,8.485199999999999,6.920100000000001
2203,Detroit,06/23/2025,10.5,Michigan,East 7 Mile,10.5,10.41915,9.8994,8.073450000000001
2204,Detroit,06/24/2025,8.2,Michigan,East 7 Mile,8.2,8.136859999999999,7.730959999999999,6.30498
2205,Detroit,06/25/2025,7.1,Michigan,East 7 Mile,7.1,7.045329999999999,6.693879999999999,5.4591899999999995
2206,Detroit,06/26/2025,7.2,Michigan,East 7 Mile,7.2,7.14456,6.7881599999999995,5.53608
2207,Detroit,06/27/2025,6.6,Michigan,East 7 Mile,6.6,6.54918,6.222479999999999,5.07474
2208,Detroit,06/28/2025,4.1,Michigan,East 7 Mile,4.1,4.068429999999999,3.8654799999999994,3.15249
2209,Detroit,06/29/2025,4.8,Michigan,East 7 Mile,4.8,4.763039999999999,4.52544,3.69072
2210,Detroit,06/30/2025,4.8,Michigan,East 7 Mile,4.8,4.763039999999999,4.52544,3.69072
2211,Detroit,07/01/2025,4.6,Michigan,East 7 Mile,4.6,4.564579999999999,4.33688,3.53694
2212,Detroit,07/02/2025,9.2,Michigan,East 7 Mile,9.2,9.129159999999999,8.67376,7.07388
2213,Detroit,07/03/2025,12.8,Michigan,East 7 Mile,12.8,12.70144,12.06784,9.841920000000002
2214,Detroit,07/04/2025,21.2,Michigan,East 7 Mile,21.2,21.036759999999997,19.98736,16.30068
2215,Detroit,07/05/2025,12.3,Michigan,East 7 Mile,12.3,12.20529,11.596440000000001,9.45747
2216,Detroit,07/06/2025,9.8,Michigan,East 7 Mile,9.8,9.724540000000001,9.23944,7.535220000000001
2217,Detroit,07/07/2025,3.7,Michigan,East 7 Mile,3.7,3.67151,3.48836,2.84493
2218,Detroit,07/08/2025,14.9,Michigan,East 7 Mile,14.9,14.78527,14.04772,11.456610000000001
2219,Detroit,07/09/2025,9.3,Michigan,East 7 Mile,9.3,9.228390000000001,8.768040000000001,7.1507700000000005
2220,Detroit,07/10/2025,8.6,Michigan,East 7 Mile,8.6,8.53378,8.10808,6.61254
2221,Detroit,07/11/2025,7.5,Michigan,East 7 Mile,7.5,7.44225,7.071,5.76675
2222,Detroit,07/12/2025,6.5,Michigan,East 7 Mile,6.5,6.449949999999999,6.1282,4.997850000000001
2223,Detroit,07/13/2025,12.2,Michigan,East 7 Mile,12.2,12.10606,11.502159999999998,9.38058
2224,Detroit,07/14/2025,25.8,Michigan,East 7 Mile,25.8,25.60134,24.32424,19.83762
2225,Detroit,07/15/2025,37.1,Michigan,East 7 Mile,37.1,36.81433,34.97788,28.526190000000003
2226,Detroit,07/16/2025,14.3,Michigan,East 7 Mile,14.3,14.18989,13.48204,10.995270000000001
2227,Detroit,07/17/2025,2.8,Michigan,East 7 Mile,2.8,2.77844,2.63984,2.15292
2228,Detroit,07/18/2025,2.5,Michigan,East 7 Mile,2.5,2.48075,2.3569999999999998,1.92225
2229,Detroit,07/19/2025,4.5,Michigan,East 7 Mile,4.5,4.46535,4.2425999999999995,3.4600500000000003
2230,Detroit,07/20/2025,4.5,Michigan,East 7 Mile,4.5,4.46535,4.2425999999999995,3.4600500000000003
2231,Detroit,07/21/2025,8.2,Michigan,East 7 Mile,8.2,8.136859999999999,7.730959999999999,6.30498
2232,Detroit,07/22/2025,3.4,Michigan,East 7 Mile,3.4,3.37382,3.20552,2.61426
2233,Detroit,07/23/2025,6.0,Michigan,East 7 Mile,6.0,5.953799999999999,5.6568,4.6134
2234,Detroit,07/24/2025,10.9,Michigan,East 7 Mile,10.9,10.81607,10.27652,8.38101
2235,Detroit,07/25/2025,6.2,Michigan,East 7 Mile,6.2,6.15226,5.84536,4.767180000000001
2236,Detroit,07/26/2025,9.1,Michigan,East 7 Mile,9.1,9.029929999999998,8.57948,6.99699
2237,Detroit,07/27/2025,5.9,Michigan,East 7 Mile,5.9,5.85457,5.56252,4.536510000000001
2238,Detroit,07/28/2025,4.9,Michigan,East 7 Mile,4.9,4.8622700000000005,4.61972,3.7676100000000003
2239,Detroit,07/29/2025,6.7,Michigan,East 7 Mile,6.7,6.64841,6.31676,5.15163
2240,Detroit,07/30/2025,16.5,Michigan,East 7 Mile,16.5,16.37295,15.556199999999999,12.68685
2241,Detroit,07/31/2025,44.2,Michigan,East 7 Mile,44.2,43.85966,41.67176,33.985380000000006
2242,Detroit,08/01/2025,12.6,Michigan,East 7 Mile,12.6,12.502979999999999,11.87928,9.68814
2243,Detroit,08/02/2025,8.0,Michigan,East 7 Mile,8.0,7.9384,7.5424,6.1512
2244,Detroit,08/03/2025,28.1,Michigan,East 7 Mile,28.1,27.88363,26.49268,21.606090000000002
2245,Detroit,08/04/2025,52.0,Michigan,East 7 Mile,52.0,51.599599999999995,49.0256,39.982800000000005
2246,Detroit,08/05/2025,29.9,Michigan,East 7 Mile,29.9,29.669769999999996,28.189719999999998,22.99011
2247,Detroit,08/06/2025,22.9,Michigan,East 7 Mile,22.9,22.72367,21.59012,17.60781
2248,Detroit,08/07/2025,14.7,Michigan,East 7 Mile,14.7,14.586809999999998,13.85916,11.30283
2249,Detroit,08/08/2025,9.9,Michigan,East 7 Mile,9.9,9.82377,9.33372,7.61211
2250,Detroit,08/09/2025,10.5,Michigan,East 7 Mile,10.5,10.41915,9.8994,8.073450000000001
2251,Detroit,08/10/2025,11.4,Michigan,East 7 Mile,11.4,11.31222,10.74792,8.765460000000001
2252,Detroit,08/11/2025,9.5,Michigan,East 7 Mile,9.5,9.42685,8.9566,7.30455
2253,Detroit,08/12/2025,7.4,Michigan,East 7 Mile,7.4,7.34302,6.97672,5.68986
2254,Detroit,08/13/2025,6.7,Michigan,East 7 Mile,6.7,6.64841,6.31676,5.15163
2255,Detroit,08/14/2025,20.0,Michigan,East 7 Mile,20.0,19.846,18.855999999999998,15.378
2256,Detroit,08/15/2025,22.2,Michigan,East 7 Mile,22.2,22.029059999999998,20.930159999999997,17.06958
2257,Detroit,08/16/2025,14.1,Michigan,East 7 Mile,14.1,13.99143,13.293479999999999,10.84149
2258,Detroit,08/17/2025,4.3,Michigan,East 7 Mile,4.3,4.26689,4.05404,3.30627
2259,Detroit,08/18/2025,2.0,Michigan,East 7 Mile,2.0,1.9846,1.8856,1.5378
2260,Detroit,08/19/2025,3.4,Michigan,East 7 Mile,3.4,3.37382,3.20552,2.61426
2261,Detroit,08/20/2025,1.8,Michigan,East 7 Mile,1.8,1.78614,1.6970399999999999,1.38402
2262,Detroit,08/21/2025,3.5,Michigan,East 7 Mile,3.5,3.4730499999999997,3.2998,2.69115
2263,Detroit,08/22/2025,3.1,Michigan,East 7 Mile,3.1,3.07613,2.92268,2.3835900000000003
2264,Detroit,08/23/2025,4.6,Michigan,East 7 Mile,4.6,4.564579999999999,4.33688,3.53694
2265,Detroit,08/24/2025,3.4,Michigan,East 7 Mile,3.4,3.37382,3.20552,2.61426
2266,Detroit,08/25/2025,2.3,Michigan,East 7 Mile,2.3,2.2822899999999997,2.16844,1.76847
2267,Detroit,08/26/2025,3.8,Michigan,East 7 Mile,3.8,3.7707399999999995,3.5826399999999996,2.92182
2268,Detroit,08/27/2025,4.3,Michigan,East 7 Mile,4.3,4.26689,4.05404,3.30627
2269,Detroit,08/28/2025,4.8,Michigan,East 7 Mile,4.8,4.763039999999999,4.52544,3.69072
2270,Detroit,08/29/2025,3.0,Michigan,East 7 Mile,3.0,2.9768999999999997,2.8284,2.3067
2271,Detroit,08/30/2025,4.6,Michigan,East 7 Mile,4.6,4.564579999999999,4.33688,3.53694
2272,Detroit,08/31/2025,7.5,Michigan,East 7 Mile,7.5,7.44225,7.071,5.76675
2273,Detroit,09/01/2025,6.8,Michigan,East 7 Mile,6.8,6.74764,6.41104,5.22852
2274,Detroit,09/02/2025,5.7,Michigan,East 7 Mile,5.7,5.65611,5.37396,4.3827300000000005
2275,Detroit,09/03/2025,6.0,Michigan,East 7 Mile,6.0,5.953799999999999,5.6568,4.6134
2276,Detroit,09/04/2025,5.5,Michigan,East 7 Mile,5.5,5.45765,5.1854,4.22895
2277,Detroit,09/05/2025,7.1,Michigan,East 7 Mile,7.1,7.045329999999999,6.693879999999999,5.4591899999999995
2278,Detroit,09/06/2025,3.5,Michigan,East 7 Mile,3.5,3.4730499999999997,3.2998,2.69115
2279,Detroit,09/07/2025,4.2,Michigan,East 7 Mile,4.2,4.16766,3.95976,3.2293800000000004
2280,Detroit,09/08/2025,3.2,Michigan,East 7 Mile,3.2,3.17536,3.01696,2.4604800000000004
2281,Detroit,09/09/2025,4.5,Michigan,East 7 Mile,4.5,4.46535,4.2425999999999995,3.4600500000000003
2282,Detroit,09/10/2025,7.6,Michigan,East 7 Mile,7.6,7.541479999999999,7.165279999999999,5.84364
2283,Detroit,09/11/2025,9.2,Michigan,East 7 Mile,9.2,9.129159999999999,8.67376,7.07388
2284,Detroit,09/12/2025,8.5,Michigan,East 7 Mile,8.5,8.43455,8.0138,6.53565
2285,Detroit,09/13/2025,13.8,Michigan,East 7 Mile,13.8,13.69374,13.01064,10.61082
2286,Detroit,09/14/2025,16.1,Michigan,East 7 Mile,16.1,15.976030000000002,15.17908,12.379290000000001
2287,Detroit,09/15/2025,8.4,Michigan,East 7 Mile,8.4,8.33532,7.91952,6.458760000000001
2288,Detroit,09/16/2025,7.4,Michigan,East 7 Mile,7.4,7.34302,6.97672,5.68986
2289,Detroit,09/17/2025,8.6,Michigan,East 7 Mile,8.6,8.53378,8.10808,6.61254
2290,Detroit,09/18/2025,11.1,Michigan,East 7 Mile,11.1,11.014529999999999,10.465079999999999,8.53479
2291,Detroit,09/20/2025,3.0,Michigan,East 7 Mile,3.0,2.9768999999999997,2.8284,2.3067
2292,Detroit,09/21/2025,5.5,Michigan,East 7 Mile,5.5,5.45765,5.1854,4.22895
2293,Detroit,09/22/2025,6.6,Michigan,East 7 Mile,6.6,6.54918,6.222479999999999,5.07474
2294,Detroit,09/23/2025,6.2,Michigan,East 7 Mile,6.2,6.15226,5.84536,4.767180000000001
2295,Detroit,09/24/2025,5.2,Michigan,East 7 Mile,5.2,5.15996,4.90256,3.9982800000000003
2296,Detroit,09/25/2025,4.9,Michigan,East 7 Mile,4.9,4.8622700000000005,4.61972,3.7676100000000003
2297,Detroit,09/26/2025,5.8,Michigan,East 7 Mile,5.8,5.7553399999999995,5.46824,4.45962
2298,Detroit,09/27/2025,8.0,Michigan,East 7 Mile,8.0,7.9384,7.5424,6.1512
2299,Detroit,09/28/2025,8.5,Michigan,East 7 Mile,8.5,8.43455,8.0138,6.53565
2300,Detroit,09/29/2025,6.3,Michigan,East 7 Mile,6.3,6.2514899999999995,5.93964,4.84407
2301,Detroit,09/30/2025,6.0,Michigan,East 7 Mile,6.0,5.953799999999999,5.6568,4.6134
2302,Detroit,10/01/2025,4.0,Michigan,East 7 Mile,4.0,3.9692,3.7712,3.0756
2303,Detroit,10/02/2025,4.3,Michigan,East 7 Mile,4.3,4.26689,4.05404,3.30627
2304,Detroit,10/03/2025,9.1,Michigan,East 7 Mile,9.1,9.029929999999998,8.57948,6.99699
2305,Detroit,10/04/2025,11.1,Michigan,East 7 Mile,11.1,11.014529999999999,10.465079999999999,8.53479
2306,Detroit,10/05/2025,9.9,Michigan,East 7 Mile,9.9,9.82377,9.33372,7.61211
2307,Detroit,10/06/2025,5.4,Michigan,East 7 Mile,5.4,5.35842,5.09112,4.1520600000000005
2308,Detroit,10/07/2025,2.7,Michigan,East 7 Mile,2.7,2.67921,2.54556,2.0760300000000003
2309,Detroit,10/08/2025,2.6,Michigan,East 7 Mile,2.6,2.57998,2.45128,1.9991400000000001
2310,Detroit,10/09/2025,2.5,Michigan,East 7 Mile,2.5,2.48075,2.3569999999999998,1.92225
2311,Detroit,10/10/2025,5.6,Michigan,East 7 Mile,5.6,5.55688,5.27968,4.30584
2312,Detroit,10/11/2025,3.8,Michigan,East 7 Mile,3.8,3.7707399999999995,3.5826399999999996,2.92182
2313,Detroit,10/12/2025,5.2,Michigan,East 7 Mile,5.2,5.15996,4.90256,3.9982800000000003
2314,Detroit,10/13/2025,4.9,Michigan,East 7 Mile,4.9,4.8622700000000005,4.61972,3.7676100000000003
2315,Detroit,10/14/2025,6.2,Michigan,East 7 Mile,6.2,6.15226,5.84536,4.767180000000001
2316,Detroit,10/15/2025,2.0,Michigan,East 7 Mile,2.0,1.9846,1.8856,1.5378
2317,Detroit,10/16/2025,3.4,Michigan,East 7 Mile,3.4,3.37382,3.20552,2.61426
2318,Detroit,10/17/2025,5.7,Michigan,East 7 Mile,5.7,5.65611,5.37396,4.3827300000000005
2319,Detroit,10/18/2025,7.5,Michigan,East 7 Mile,7.5,7.44225,7.071,5.76675
2320,Detroit,10/19/2025,4.1,Michigan,East 7 Mile,4.1,4.068429999999999,3.8654799999999994,3.15249
2321,Detroit,10/20/2025,3.2,Michigan,East 7 Mile,3.2,3.17536,3.01696,2.4604800000000004
2322,Detroit,10/21/2025,2.9,Michigan,East 7 Mile,2.9,2.8776699999999997,2.73412,2.22981
2323,Detroit,10/22/2025,1.9,Michigan,East 7 Mile,1.9,1.8853699999999998,1.7913199999999998,1.46091
2324,Detroit,10/23/2025,1.1,Michigan,East 7 Mile,1.1,1.0915300000000001,1.03708,0.8457900000000002
2325,Detroit,10/24/2025,1.7,Michigan,East 7 Mile,1.7,1.68691,1.60276,1.30713
2326,Detroit,10/25/2025,7.6,Michigan,East 7 Mile,7.6,7.541479999999999,7.165279999999999,5.84364
2327,Detroit,10/26/2025,6.1,Michigan,East 7 Mile,6.1,6.05303,5.751079999999999,4.69029
2328,Detroit,10/27/2025,3.3,Michigan,East 7 Mile,3.3,3.27459,3.1112399999999996,2.53737
2329,Detroit,10/28/2025,3.1,Michigan,East 7 Mile,3.1,3.07613,2.92268,2.3835900000000003
2330,Detroit,10/29/2025,4.5,Michigan,East 7 Mile,4.5,4.46535,4.2425999999999995,3.4600500000000003
2331,Detroit,10/30/2025,4.4,Michigan,East 7 Mile,4.4,4.3661200000000004,4.14832,3.3831600000000006
2332,Detroit,10/31/2025,3.6,Michigan,East 7 Mile,3.6,3.57228,3.3940799999999998,2.76804
2333,Detroit,11/01/2025,10.4,Michigan,East 7 Mile,10.4,10.31992,9.80512,7.996560000000001
2334,Detroit,11/02/2025,15.0,Michigan,East 7 Mile,15.0,14.8845,14.142,11.5335
2335,Detroit,11/03/2025,5.2,Michigan,East 7 Mile,5.2,5.15996,4.90256,3.9982800000000003
2336,Detroit,11/04/2025,3.6,Michigan,East 7 Mile,3.6,3.57228,3.3940799999999998,2.76804
2337,Detroit,11/05/2025,5.4,Michigan,East 7 Mile,5.4,5.35842,5.09112,4.1520600000000005
2338,Detroit,11/06/2025,3.5,Michigan,East 7 Mile,3.5,3.4730499999999997,3.2998,2.69115
2339,Detroit,11/07/2025,6.7,Michigan,East 7 Mile,6.7,6.64841,6.31676,5.15163
2340,Detroit,11/08/2025,3.0,Michigan,East 7 Mile,3.0,2.9768999999999997,2.8284,2.3067
2341,Detroit,11/09/2025,3.8,Michigan,East 7 Mile,3.8,3.7707399999999995,3.5826399999999996,2.92182
2342,Detroit,11/10/2025,1.4,Michigan,East 7 Mile,1.4,1.38922,1.31992,1.07646
2343,Detroit,11/11/2025,4.2,Michigan,East 7 Mile,4.2,4.16766,3.95976,3.2293800000000004
2344,Detroit,11/12/2025,4.9,Michigan,East 7 Mile,4.9,4.8622700000000005,4.61972,3.7676100000000003
2345,Detroit,11/13/2025,4.2,Michigan,East 7 Mile,4.2,4.16766,3.95976,3.2293800000000004
2346,Detroit,11/14/2025,9.6,Michigan,East 7 Mile,9.6,9.526079999999999,9.05088,7.38144
2347,Detroit,11/15/2025,13.6,Michigan,East 7 Mile,13.6,13.49528,12.82208,10.45704
2348,Detroit,11/16/2025,2.2,Michigan,East 7 Mile,2.2,2.1830600000000002,2.07416,1.6915800000000003
2349,Detroit,11/17/2025,3.3,Michigan,East 7 Mile,3.3,3.27459,3.1112399999999996,2.53737
2350,Detroit,11/18/2025,8.2,Michigan,East 7 Mile,8.2,8.136859999999999,7.730959999999999,6.30498
2351,Detroit,11/19/2025,5.8,Michigan,East 7 Mile,5.8,5.7553399999999995,5.46824,4.45962
2352,Detroit,11/20/2025,16.7,Michigan,East 7 Mile,16.7,16.57141,15.74476,12.840629999999999
2353,Detroit,11/21/2025,12.8,Michigan,East 7 Mile,12.8,12.70144,12.06784,9.841920000000002
2354,Detroit,11/22/2025,5.4,Michigan,East 7 Mile,5.4,5.35842,5.09112,4.1520600000000005
2355,Detroit,11/23/2025,6.1,Michigan,East 7 Mile,6.1,6.05303,5.751079999999999,4.69029
2356,Detroit,11/24/2025,6.2,Michigan,East 7 Mile,6.2,6.15226,5.84536,4.767180000000001
2357,Detroit,11/25/2025,8.2,Michigan,East 7 Mile,8.2,8.136859999999999,7.730959999999999,6.30498
2358,Detroit,11/26/2025,4.0,Michigan,East 7 Mile,4.0,3.9692,3.7712,3.0756
2359,Detroit,11/27/2025,1.1,Michigan,East 7 Mile,1.1,1.0915300000000001,1.03708,0.8457900000000002
2360,Detroit,11/28/2025,1.3,Michigan,East 7 Mile,1.3,1.28999,1.22564,0.9995700000000001
2361,Detroit,11/29/2025,4.4,Michigan,East 7 Mile,4.4,4.3661200000000004,4.14832,3.3831600000000006
2362,Detroit,11/30/2025,4.8,Michigan,East 7 Mile,4.8,4.763039999999999,4.52544,3.69072
2363,Detroit,12/01/2025,3.6,Michigan,East 7 Mile,3.6,3.57228,3.3940799999999998,2.76804
2364,Detroit,12/02/2025,8.8,Michigan,East 7 Mile,8.8,8.732240000000001,8.29664,6.766320000000001
2365,Detroit,12/03/2025,19.2,Michigan,East 7 Mile,19.2,19.052159999999997,18.10176,14.76288
2366,Detroit,12/04/2025,6.4,Michigan,East 7 Mile,6.4,6.35072,6.03392,4.920960000000001
2367,Detroit,12/05/2025,13.6,Michigan,East 7 Mile,13.6,13.49528,12.82208,10.45704
2368,Detroit,12/06/2025,16.9,Michigan,East 7 Mile,16.9,16.769869999999997,15.933319999999998,12.99441
2369,Detroit,12/07/2025,7.4,Michigan,East 7 Mile,7.4,7.34302,6.97672,5.68986
2370,Detroit,12/08/2025,3.7,Michigan,East 7 Mile,3.7,3.67151,3.48836,2.84493
2371,Detroit,12/09/2025,9.9,Michigan,East 7 Mile,9.9,9.82377,9.33372,7.61211
2372,Detroit,12/10/2025,5.7,Michigan,East 7 Mile,5.7,5.65611,5.37396,4.3827300000000005
2373,Detroit,12/11/2025,2.2,Michigan,East 7 Mile,2.2,2.1830600000000002,2.07416,1.6915800000000003
2374,Detroit,12/12/2025,5.9,Michigan,East 7 Mile,5.9,5.85457,5.56252,4.536510000000001
2375,Detroit,12/13/2025,7.6,Michigan,East 7 Mile,7.6,7.541479999999999,7.165279999999999,5.84364
2376,Detroit,12/14/2025,3.2,Michigan,East 7 Mile,3.2,3.17536,3.01696,2.4604800000000004
2377,Detroit,12/15/2025,6.1,Michigan,East 7 Mile,6.1,6.05303,5.751079999999999,4.69029
2378,Detroit,12/16/2025,14.0,Michigan,East 7 Mile,14.0,13.892199999999999,13.1992,10.7646
2379,Detroit,12/17/2025,11.9,Michigan,East 7 Mile,11.9,11.80837,11.21932,9.14991
2380,Detroit,12/18/2025,10.1,Michigan,East 7 Mile,10.1,10.022229999999999,9.522279999999999,7.76589
2381,Detroit,12/19/2025,3.8,Michigan,East 7 Mile,3.8,3.7707399999999995,3.5826399999999996,2.92182
2382,Detroit,12/20/2025,5.5,Michigan,East 7 Mile,5.5,5.45765,5.1854,4.22895
2383,Detroit,12/21/2025,5.5,Michigan,East 7 Mile,5.5,5.45765,5.1854,4.22895
2384,Detroit,12/22/2025,8.4,Michigan,East 7 Mile,8.4,8.33532,7.91952,6.458760000000001
2385,Detroit,12/23/2025,9.2,Michigan,East 7 Mile,9.2,9.129159999999999,8.67376,7.07388
2386,Detroit,12/24/2025,11.9,Michigan,East 7 Mile,11.9,11.80837,11.21932,9.14991
2387,Detroit,12/25/2025,9.7,Michigan,East 7 Mile,9.7,9.625309999999999,9.145159999999999,7.45833
2388,Detroit,12/26/2025,4.1,Michigan,East 7 Mile,4.1,4.068429999999999,3.8654799999999994,3.15249
2389,Detroit,12/27/2025,4.7,Michigan,East 7 Mile,4.7,4.66381,4.43116,3.61383
2390,Detroit,12/28/2025,8.4,Michigan,East 7 Mile,8.4,8.33532,7.91952,6.458760000000001
2391,Detroit,12/29/2025,1.9,Michigan,East 7 Mile,1.9,1.8853699999999998,1.7913199999999998,1.46091
2392,Detroit,12/30/2025,2.5,Michigan,East 7 Mile,2.5,2.48075,2.3569999999999998,1.92225
2393,Detroit,12/31/2025,7.3,Michigan,East 7 Mile,7.3,7.24379,6.88244,5.61297
2394,Detroit,01/31/2025,10.1,Michigan,PROPERTY OWNED BY DEARBORN PUBLIC SCHOOLS,10.1,10.022229999999999,9.522279999999999,7.76589
2395,Detroit,02/03/2025,17.9,Michigan,PROPERTY OWNED BY DEARBORN PUBLIC SCHOOLS,17.9,17.762169999999998,16.876119999999997,13.763309999999999
2396,Detroit,02/06/2025,8.1,Michigan,PROPERTY OWNED BY DEARBORN PUBLIC SCHOOLS,8.1,8.03763,7.636679999999999,6.22809
2397,Detroit,02/09/2025,7.2,Michigan,PROPERTY OWNED BY DEARBORN PUBLIC SCHOOLS,7.2,7.14456,6.7881599999999995,5.53608
2398,Detroit,02/15/2025,16.7,Michigan,PROPERTY OWNED BY DEARBORN PUBLIC SCHOOLS,16.7,16.57141,15.74476,12.840629999999999
2399,Detroit,02/18/2025,5.3,Michigan,PROPERTY OWNED BY DEARBORN PUBLIC SCHOOLS,5.3,5.259189999999999,4.99684,4.07517
2400,Detroit,02/21/2025,5.2,Michigan,PROPERTY OWNED BY DEARBORN PUBLIC SCHOOLS,5.2,5.15996,4.90256,3.9982800000000003
2401,Detroit,03/05/2025,5.3,Michigan,PROPERTY OWNED BY DEARBORN PUBLIC SCHOOLS,5.3,5.259189999999999,4.99684,4.07517
2402,Detroit,03/20/2025,6.4,Michigan,PROPERTY OWNED BY DEARBORN PUBLIC SCHOOLS,6.4,6.35072,6.03392,4.920960000000001
2403,Detroit,03/23/2025,4.2,Michigan,PROPERTY OWNED BY DEARBORN PUBLIC SCHOOLS,4.2,4.16766,3.95976,3.2293800000000004
2404,Detroit,03/26/2025,4.1,Michigan,PROPERTY OWNED BY DEARBORN PUBLIC SCHOOLS,4.1,4.068429999999999,3.8654799999999994,3.15249
2405,Detroit,03/29/2025,14.8,Michigan,PROPERTY OWNED BY DEARBORN PUBLIC SCHOOLS,14.8,14.68604,13.95344,11.37972
2406,Detroit,04/01/2025,3.0,Michigan,PROPERTY OWNED BY DEARBORN PUBLIC SCHOOLS,3.0,2.9768999999999997,2.8284,2.3067
2407,Detroit,04/04/2025,2.9,Michigan,PROPERTY OWNED BY DEARBORN PUBLIC SCHOOLS,2.9,2.8776699999999997,2.73412,2.22981
2408,Detroit,04/10/2025,6.7,Michigan,PROPERTY OWNED BY DEARBORN PUBLIC SCHOOLS,6.7,6.64841,6.31676,5.15163
2409,Detroit,04/13/2025,7.7,Michigan,PROPERTY OWNED BY DEARBORN PUBLIC SCHOOLS,7.7,7.6407099999999994,7.25956,5.92053
2410,Detroit,04/19/2025,10.3,Michigan,PROPERTY OWNED BY DEARBORN PUBLIC SCHOOLS,10.3,10.220690000000001,9.710840000000001,7.919670000000001
2411,Detroit,04/22/2025,4.2,Michigan,PROPERTY OWNED BY DEARBORN PUBLIC SCHOOLS,4.2,4.16766,3.95976,3.2293800000000004
2412,Detroit,04/25/2025,8.4,Michigan,PROPERTY OWNED BY DEARBORN PUBLIC SCHOOLS,8.4,8.33532,7.91952,6.458760000000001
2413,Detroit,04/28/2025,6.3,Michigan,PROPERTY OWNED BY DEARBORN PUBLIC SCHOOLS,6.3,6.2514899999999995,5.93964,4.84407
2414,Detroit,05/01/2025,6.4,Michigan,PROPERTY OWNED BY DEARBORN PUBLIC SCHOOLS,6.4,6.35072,6.03392,4.920960000000001
2415,Detroit,05/04/2025,3.5,Michigan,PROPERTY OWNED BY DEARBORN PUBLIC SCHOOLS,3.5,3.4730499999999997,3.2998,2.69115
2416,Detroit,05/07/2025,5.7,Michigan,PROPERTY OWNED BY DEARBORN PUBLIC SCHOOLS,5.7,5.65611,5.37396,4.3827300000000005
2417,Detroit,05/10/2025,7.8,Michigan,PROPERTY OWNED BY DEARBORN PUBLIC SCHOOLS,7.8,7.73994,7.35384,5.99742
2418,Detroit,05/13/2025,4.2,Michigan,PROPERTY OWNED BY DEARBORN PUBLIC SCHOOLS,4.2,4.16766,3.95976,3.2293800000000004
2419,Detroit,05/16/2025,7.2,Michigan,PROPERTY OWNED BY DEARBORN PUBLIC SCHOOLS,7.2,7.14456,6.7881599999999995,5.53608
2420,Detroit,05/22/2025,1.6,Michigan,PROPERTY OWNED BY DEARBORN PUBLIC SCHOOLS,1.6,1.58768,1.50848,1.2302400000000002
2421,Detroit,05/25/2025,6.7,Michigan,PROPERTY OWNED BY DEARBORN PUBLIC SCHOOLS,6.7,6.64841,6.31676,5.15163
2422,Detroit,05/28/2025,2.7,Michigan,PROPERTY OWNED BY DEARBORN PUBLIC SCHOOLS,2.7,2.67921,2.54556,2.0760300000000003
2423,Detroit,05/31/2025,5.1,Michigan,PROPERTY OWNED BY DEARBORN PUBLIC SCHOOLS,5.1,5.0607299999999995,4.80828,3.9213899999999997
2424,Detroit,06/03/2025,15.7,Michigan,PROPERTY OWNED BY DEARBORN PUBLIC SCHOOLS,15.7,15.579109999999998,14.80196,12.07173
2425,Detroit,06/06/2025,42.4,Michigan,PROPERTY OWNED BY DEARBORN PUBLIC SCHOOLS,42.4,42.073519999999995,39.97472,32.60136
2426,Detroit,06/09/2025,18.5,Michigan,PROPERTY OWNED BY DEARBORN PUBLIC SCHOOLS,18.5,18.35755,17.4418,14.22465
2427,Detroit,06/12/2025,17.6,Michigan,PROPERTY OWNED BY DEARBORN PUBLIC SCHOOLS,17.6,17.464480000000002,16.59328,13.532640000000002
2428,Detroit,06/15/2025,8.5,Michigan,PROPERTY OWNED BY DEARBORN PUBLIC SCHOOLS,8.5,8.43455,8.0138,6.53565
2429,Detroit,06/18/2025,9.7,Michigan,PROPERTY OWNED BY DEARBORN PUBLIC SCHOOLS,9.7,9.625309999999999,9.145159999999999,7.45833
2430,Detroit,06/21/2025,12.0,Michigan,PROPERTY OWNED BY DEARBORN PUBLIC SCHOOLS,12.0,11.907599999999999,11.3136,9.2268
2431,Detroit,06/24/2025,14.7,Michigan,PROPERTY OWNED BY DEARBORN PUBLIC SCHOOLS,14.7,14.586809999999998,13.85916,11.30283
2432,Detroit,06/27/2025,10.2,Michigan,PROPERTY OWNED BY DEARBORN PUBLIC SCHOOLS,10.2,10.121459999999999,9.61656,7.842779999999999
2433,Detroit,06/30/2025,8.0,Michigan,PROPERTY OWNED BY DEARBORN PUBLIC SCHOOLS,8.0,7.9384,7.5424,6.1512
2434,Detroit,07/03/2025,10.6,Michigan,PROPERTY OWNED BY DEARBORN PUBLIC SCHOOLS,10.6,10.518379999999999,9.99368,8.15034
2435,Detroit,07/06/2025,14.6,Michigan,PROPERTY OWNED BY DEARBORN PUBLIC SCHOOLS,14.6,14.48758,13.76488,11.22594
2436,Detroit,07/09/2025,11.2,Michigan,PROPERTY OWNED BY DEARBORN PUBLIC SCHOOLS,11.2,11.11376,10.55936,8.61168
2437,Detroit,07/12/2025,10.7,Michigan,PROPERTY OWNED BY DEARBORN PUBLIC SCHOOLS,10.7,10.617609999999999,10.087959999999999,8.22723
2438,Detroit,07/15/2025,33.9,Michigan,PROPERTY OWNED BY DEARBORN PUBLIC SCHOOLS,33.9,33.63897,31.960919999999998,26.06571
2439,Detroit,07/21/2025,8.2,Michigan,PROPERTY OWNED BY DEARBORN PUBLIC SCHOOLS,8.2,8.136859999999999,7.730959999999999,6.30498
2440,Detroit,07/24/2025,16.5,Michigan,PROPERTY OWNED BY DEARBORN PUBLIC SCHOOLS,16.5,16.37295,15.556199999999999,12.68685
2441,Detroit,07/27/2025,7.8,Michigan,PROPERTY OWNED BY DEARBORN PUBLIC SCHOOLS,7.8,7.73994,7.35384,5.99742
2442,Detroit,07/30/2025,18.2,Michigan,PROPERTY OWNED BY DEARBORN PUBLIC SCHOOLS,18.2,18.059859999999997,17.15896,13.99398
2443,Detroit,08/02/2025,8.1,Michigan,PROPERTY OWNED BY DEARBORN PUBLIC SCHOOLS,8.1,8.03763,7.636679999999999,6.22809
2444,Detroit,08/05/2025,27.2,Michigan,PROPERTY OWNED BY DEARBORN PUBLIC SCHOOLS,27.2,26.99056,25.64416,20.91408
2445,Detroit,08/08/2025,12.2,Michigan,PROPERTY OWNED BY DEARBORN PUBLIC SCHOOLS,12.2,12.10606,11.502159999999998,9.38058
2446,Detroit,08/11/2025,12.7,Michigan,PROPERTY OWNED BY DEARBORN PUBLIC SCHOOLS,12.7,12.60221,11.973559999999999,9.76503
2447,Detroit,08/14/2025,16.5,Michigan,PROPERTY OWNED BY DEARBORN PUBLIC SCHOOLS,16.5,16.37295,15.556199999999999,12.68685
2448,Detroit,08/20/2025,2.9,Michigan,PROPERTY OWNED BY DEARBORN PUBLIC SCHOOLS,2.9,2.8776699999999997,2.73412,2.22981
2449,Detroit,08/23/2025,6.7,Michigan,PROPERTY OWNED BY DEARBORN PUBLIC SCHOOLS,6.7,6.64841,6.31676,5.15163
2450,Detroit,09/07/2025,4.5,Michigan,PROPERTY OWNED BY DEARBORN PUBLIC SCHOOLS,4.5,4.46535,4.2425999999999995,3.4600500000000003
2451,Detroit,09/10/2025,10.9,Michigan,PROPERTY OWNED BY DEARBORN PUBLIC SCHOOLS,10.9,10.81607,10.27652,8.38101
2452,Detroit,09/13/2025,15.5,Michigan,PROPERTY OWNED BY DEARBORN PUBLIC SCHOOLS,15.5,15.38065,14.6134,11.917950000000001
2453,Detroit,09/16/2025,9.7,Michigan,PROPERTY OWNED BY DEARBORN PUBLIC SCHOOLS,9.7,9.625309999999999,9.145159999999999,7.45833
2454,Detroit,09/19/2025,5.6,Michigan,PROPERTY OWNED BY DEARBORN PUBLIC SCHOOLS,5.6,5.55688,5.27968,4.30584
2455,Detroit,09/22/2025,8.2,Michigan,PROPERTY OWNED BY DEARBORN PUBLIC SCHOOLS,8.2,8.136859999999999,7.730959999999999,6.30498
2456,Detroit,09/28/2025,9.0,Michigan,PROPERTY OWNED BY DEARBORN PUBLIC SCHOOLS,9.0,8.9307,8.485199999999999,6.920100000000001
2457,Detroit,10/01/2025,4.9,Michigan,PROPERTY OWNED BY DEARBORN PUBLIC SCHOOLS,4.9,4.8622700000000005,4.61972,3.7676100000000003
2458,Detroit,10/04/2025,13.2,Michigan,PROPERTY OWNED BY DEARBORN PUBLIC SCHOOLS,13.2,13.09836,12.444959999999998,10.14948
2459,Detroit,10/07/2025,3.0,Michigan,PROPERTY OWNED BY DEARBORN PUBLIC SCHOOLS,3.0,2.9768999999999997,2.8284,2.3067
2460,Detroit,10/10/2025,6.7,Michigan,PROPERTY OWNED BY DEARBORN PUBLIC SCHOOLS,6.7,6.64841,6.31676,5.15163
2461,Detroit,10/13/2025,6.0,Michigan,PROPERTY OWNED BY DEARBORN PUBLIC SCHOOLS,6.0,5.953799999999999,5.6568,4.6134
2462,Detroit,10/16/2025,5.6,Michigan,PROPERTY OWNED BY DEARBORN PUBLIC SCHOOLS,5.6,5.55688,5.27968,4.30584
2463,Detroit,10/19/2025,4.7,Michigan,PROPERTY OWNED BY DEARBORN PUBLIC SCHOOLS,4.7,4.66381,4.43116,3.61383
2464,Detroit,10/22/2025,1.9,Michigan,PROPERTY OWNED BY DEARBORN PUBLIC SCHOOLS,1.9,1.8853699999999998,1.7913199999999998,1.46091
2465,Detroit,10/25/2025,6.5,Michigan,PROPERTY OWNED BY DEARBORN PUBLIC SCHOOLS,6.5,6.449949999999999,6.1282,4.997850000000001
2466,Detroit,10/31/2025,3.5,Michigan,PROPERTY OWNED BY DEARBORN PUBLIC SCHOOLS,3.5,3.4730499999999997,3.2998,2.69115
2467,Detroit,11/03/2025,3.8,Michigan,PROPERTY OWNED BY DEARBORN PUBLIC SCHOOLS,3.8,3.7707399999999995,3.5826399999999996,2.92182
2468,Detroit,11/06/2025,4.1,Michigan,PROPERTY OWNED BY DEARBORN PUBLIC SCHOOLS,4.1,4.068429999999999,3.8654799999999994,3.15249
2469,Detroit,11/09/2025,3.2,Michigan,PROPERTY OWNED BY DEARBORN PUBLIC SCHOOLS,3.2,3.17536,3.01696,2.4604800000000004
2470,Detroit,11/12/2025,4.5,Michigan,PROPERTY OWNED BY DEARBORN PUBLIC SCHOOLS,4.5,4.46535,4.2425999999999995,3.4600500000000003
2471,Detroit,11/18/2025,12.4,Michigan,PROPERTY OWNED BY DEARBORN PUBLIC SCHOOLS,12.4,12.30452,11.69072,9.534360000000001
2472,Detroit,11/21/2025,12.0,Michigan,PROPERTY OWNED BY DEARBORN PUBLIC SCHOOLS,12.0,11.907599999999999,11.3136,9.2268
2473,Detroit,11/24/2025,12.4,Michigan,PROPERTY OWNED BY DEARBORN PUBLIC SCHOOLS,12.4,12.30452,11.69072,9.534360000000001
2474,Detroit,12/06/2025,17.0,Michigan,PROPERTY OWNED BY DEARBORN PUBLIC SCHOOLS,17.0,16.8691,16.0276,13.0713
2475,Detroit,12/09/2025,10.9,Michigan,PROPERTY OWNED BY DEARBORN PUBLIC SCHOOLS,10.9,10.81607,10.27652,8.38101
2476,Detroit,12/11/2025,2.2,Michigan,PROPERTY OWNED BY DEARBORN PUBLIC SCHOOLS,2.2,2.1830600000000002,2.07416,1.6915800000000003
2477,Detroit,12/12/2025,4.8,Michigan,PROPERTY OWNED BY DEARBORN PUBLIC SCHOOLS,4.8,4.763039999999999,4.52544,3.69072
2478,Detroit,12/15/2025,7.0,Michigan,PROPERTY OWNED BY DEARBORN PUBLIC SCHOOLS,7.0,6.9460999999999995,6.5996,5.3823
2479,Detroit,12/18/2025,12.8,Michigan,PROPERTY OWNED BY DEARBORN PUBLIC SCHOOLS,12.8,12.70144,12.06784,9.841920000000002
2480,Detroit,12/21/2025,5.7,Michigan,PROPERTY OWNED BY DEARBORN PUBLIC SCHOOLS,5.7,5.65611,5.37396,4.3827300000000005
2481,Detroit,12/24/2025,13.6,Michigan,PROPERTY OWNED BY DEARBORN PUBLIC SCHOOLS,13.6,13.49528,12.82208,10.45704
2482,Detroit,12/27/2025,4.8,Michigan,PROPERTY OWNED BY DEARBORN PUBLIC SCHOOLS,4.8,4.763039999999999,4.52544,3.69072
2483,Detroit,12/30/2025,3.5,Michigan,PROPERTY OWNED BY DEARBORN PUBLIC SCHOOLS,3.5,3.4730499999999997,3.2998,2.69115
2484,Detroit,01/01/2025,2.2,Michigan,PROPERTY OWNED BY DEARBORN PUBLIC SCHOOLS,2.2,2.1830600000000002,2.07416,1.6915800000000003
2485,Detroit,01/13/2025,8.7,Michigan,PROPERTY OWNED BY DEARBORN PUBLIC SCHOOLS,8.7,8.633009999999999,8.202359999999999,6.68943
2486,Detroit,01/25/2025,15.3,Michigan,PROPERTY OWNED BY DEARBORN PUBLIC SCHOOLS,15.3,15.18219,14.42484,11.764170000000002
2487,Detroit,02/05/2025,3.3,Michigan,PROPERTY OWNED BY DEARBORN PUBLIC SCHOOLS,3.3,3.27459,3.1112399999999996,2.53737
2488,Detroit,02/06/2025,8.3,Michigan,PROPERTY OWNED BY DEARBORN PUBLIC SCHOOLS,8.3,8.23609,7.825240000000001,6.381870000000001
2489,Detroit,02/12/2025,9.9,Michigan,PROPERTY OWNED BY DEARBORN PUBLIC SCHOOLS,9.9,9.82377,9.33372,7.61211
2490,Detroit,02/18/2025,5.6,Michigan,PROPERTY OWNED BY DEARBORN PUBLIC SCHOOLS,5.6,5.55688,5.27968,4.30584
2491,Detroit,02/24/2025,17.9,Michigan,PROPERTY OWNED BY DEARBORN PUBLIC SCHOOLS,17.9,17.762169999999998,16.876119999999997,13.763309999999999
2492,Detroit,03/08/2025,6.1,Michigan,PROPERTY OWNED BY DEARBORN PUBLIC SCHOOLS,6.1,6.05303,5.751079999999999,4.69029
2493,Detroit,03/14/2025,11.1,Michigan,PROPERTY OWNED BY DEARBORN PUBLIC SCHOOLS,11.1,11.014529999999999,10.465079999999999,8.53479
2494,Detroit,03/20/2025,5.2,Michigan,PROPERTY OWNED BY DEARBORN PUBLIC SCHOOLS,5.2,5.15996,4.90256,3.9982800000000003
2495,Detroit,03/26/2025,4.1,Michigan,PROPERTY OWNED BY DEARBORN PUBLIC SCHOOLS,4.1,4.068429999999999,3.8654799999999994,3.15249
2496,Detroit,04/01/2025,3.5,Michigan,PROPERTY OWNED BY DEARBORN PUBLIC SCHOOLS,3.5,3.4730499999999997,3.2998,2.69115
2497,Detroit,04/07/2025,6.0,Michigan,PROPERTY OWNED BY DEARBORN PUBLIC SCHOOLS,6.0,5.953799999999999,5.6568,4.6134
2498,Detroit,04/13/2025,7.7,Michigan,PROPERTY OWNED BY DEARBORN PUBLIC SCHOOLS,7.7,7.6407099999999994,7.25956,5.92053
2499,Detroit,04/25/2025,8.4,Michigan,PROPERTY OWNED BY DEARBORN PUBLIC SCHOOLS,8.4,8.33532,7.91952,6.458760000000001
2500,Detroit,05/01/2025,6.2,Michigan,PROPERTY OWNED BY DEARBORN PUBLIC SCHOOLS,6.2,6.15226,5.84536,4.767180000000001
2501,Detroit,05/07/2025,8.4,Michigan,PROPERTY OWNED BY DEARBORN PUBLIC SCHOOLS,8.4,8.33532,7.91952,6.458760000000001
2502,Detroit,05/13/2025,4.2,Michigan,PROPERTY OWNED BY DEARBORN PUBLIC SCHOOLS,4.2,4.16766,3.95976,3.2293800000000004
2503,Detroit,05/25/2025,6.7,Michigan,PROPERTY OWNED BY DEARBORN PUBLIC SCHOOLS,6.7,6.64841,6.31676,5.15163
2504,Detroit,05/31/2025,5.1,Michigan,PROPERTY OWNED BY DEARBORN PUBLIC SCHOOLS,5.1,5.0607299999999995,4.80828,3.9213899999999997
2505,Detroit,06/06/2025,42.0,Michigan,PROPERTY OWNED BY DEARBORN PUBLIC SCHOOLS,42.0,41.6766,39.5976,32.293800000000005
2506,Detroit,06/12/2025,18.0,Michigan,PROPERTY OWNED BY DEARBORN PUBLIC SCHOOLS,18.0,17.8614,16.970399999999998,13.840200000000001
2507,Detroit,06/18/2025,9.9,Michigan,PROPERTY OWNED BY DEARBORN PUBLIC SCHOOLS,9.9,9.82377,9.33372,7.61211
2508,Detroit,06/24/2025,15.1,Michigan,PROPERTY OWNED BY DEARBORN PUBLIC SCHOOLS,15.1,14.98373,14.236279999999999,11.61039
2509,Detroit,06/30/2025,11.2,Michigan,PROPERTY OWNED BY DEARBORN PUBLIC SCHOOLS,11.2,11.11376,10.55936,8.61168
2510,Detroit,07/07/2025,4.2,Michigan,PROPERTY OWNED BY DEARBORN PUBLIC SCHOOLS,4.2,4.16766,3.95976,3.2293800000000004
2511,Detroit,07/13/2025,11.6,Michigan,PROPERTY OWNED BY DEARBORN PUBLIC SCHOOLS,11.6,11.510679999999999,10.93648,8.91924
2512,Detroit,07/18/2025,2.5,Michigan,PROPERTY OWNED BY DEARBORN PUBLIC SCHOOLS,2.5,2.48075,2.3569999999999998,1.92225
2513,Detroit,07/30/2025,18.2,Michigan,PROPERTY OWNED BY DEARBORN PUBLIC SCHOOLS,18.2,18.059859999999997,17.15896,13.99398
2514,Detroit,08/05/2025,27.0,Michigan,PROPERTY OWNED BY DEARBORN PUBLIC SCHOOLS,27.0,26.792099999999998,25.4556,20.7603
2515,Detroit,08/06/2025,22.3,Michigan,PROPERTY OWNED BY DEARBORN PUBLIC SCHOOLS,22.3,22.12829,21.02444,17.14647
2516,Detroit,09/16/2025,9.9,Michigan,PROPERTY OWNED BY DEARBORN PUBLIC SCHOOLS,9.9,9.82377,9.33372,7.61211
2517,Detroit,09/22/2025,8.5,Michigan,PROPERTY OWNED BY DEARBORN PUBLIC SCHOOLS,8.5,8.43455,8.0138,6.53565
2518,Detroit,09/28/2025,9.2,Michigan,PROPERTY OWNED BY DEARBORN PUBLIC SCHOOLS,9.2,9.129159999999999,8.67376,7.07388
2519,Detroit,10/04/2025,13.2,Michigan,PROPERTY OWNED BY DEARBORN PUBLIC SCHOOLS,13.2,13.09836,12.444959999999998,10.14948
2520,Detroit,10/16/2025,5.7,Michigan,PROPERTY OWNED BY DEARBORN PUBLIC SCHOOLS,5.7,5.65611,5.37396,4.3827300000000005
2521,Detroit,11/03/2025,3.8,Michigan,PROPERTY OWNED BY DEARBORN PUBLIC SCHOOLS,3.8,3.7707399999999995,3.5826399999999996,2.92182
2522,Detroit,11/09/2025,3.2,Michigan,PROPERTY OWNED BY DEARBORN PUBLIC SCHOOLS,3.2,3.17536,3.01696,2.4604800000000004
2523,Detroit,12/09/2025,10.7,Michigan,PROPERTY OWNED BY DEARBORN PUBLIC SCHOOLS,10.7,10.617609999999999,10.087959999999999,8.22723
2524,Detroit,12/15/2025,7.7,Michigan,PROPERTY OWNED BY DEARBORN PUBLIC SCHOOLS,7.7,7.6407099999999994,7.25956,5.92053
2525,Detroit,12/21/2025,6.0,Michigan,PROPERTY OWNED BY DEARBORN PUBLIC SCHOOLS,6.0,5.953799999999999,5.6568,4.6134
2526,Detroit,12/27/2025,5.1,Michigan,PROPERTY OWNED BY DEARBORN PUBLIC SCHOOLS,5.1,5.0607299999999995,4.80828,3.9213899999999997
2527,Detroit,01/01/2025,3.0,Michigan,PROPERTY OWNED BY DEARBORN PUBLIC SCHOOLS,3.0,2.9768999999999997,2.8284,2.3067
2528,Detroit,01/02/2025,5.2,Michigan,PROPERTY OWNED BY DEARBORN PUBLIC SCHOOLS,5.2,5.15996,4.90256,3.9982800000000003
2529,Detroit,01/03/2025,4.7,Michigan,PROPERTY OWNED BY DEARBORN PUBLIC SCHOOLS,4.7,4.66381,4.43116,3.61383
2530,Detroit,01/04/2025,2.6,Michigan,PROPERTY OWNED BY DEARBORN PUBLIC SCHOOLS,2.6,2.57998,2.45128,1.9991400000000001
2531,Detroit,01/05/2025,4.1,Michigan,PROPERTY OWNED BY DEARBORN PUBLIC SCHOOLS,4.1,4.068429999999999,3.8654799999999994,3.15249
2532,Detroit,01/06/2025,3.4,Michigan,PROPERTY OWNED BY DEARBORN PUBLIC SCHOOLS,3.4,3.37382,3.20552,2.61426
2533,Detroit,01/07/2025,3.0,Michigan,PROPERTY OWNED BY DEARBORN PUBLIC SCHOOLS,3.0,2.9768999999999997,2.8284,2.3067
2534,Detroit,01/08/2025,3.5,Michigan,PROPERTY OWNED BY DEARBORN PUBLIC SCHOOLS,3.5,3.4730499999999997,3.2998,2.69115
2535,Detroit,01/09/2025,6.1,Michigan,PROPERTY OWNED BY DEARBORN PUBLIC SCHOOLS,6.1,6.05303,5.751079999999999,4.69029
2536,Detroit,01/10/2025,23.2,Michigan,PROPERTY OWNED BY DEARBORN PUBLIC SCHOOLS,23.2,23.021359999999998,21.87296,17.83848
2537,Detroit,01/11/2025,16.5,Michigan,PROPERTY OWNED BY DEARBORN PUBLIC SCHOOLS,16.5,16.37295,15.556199999999999,12.68685
2538,Detroit,01/12/2025,14.9,Michigan,PROPERTY OWNED BY DEARBORN PUBLIC SCHOOLS,14.9,14.78527,14.04772,11.456610000000001
2539,Detroit,01/13/2025,8.0,Michigan,PROPERTY OWNED BY DEARBORN PUBLIC SCHOOLS,8.0,7.9384,7.5424,6.1512
2540,Detroit,01/14/2025,6.3,Michigan,PROPERTY OWNED BY DEARBORN PUBLIC SCHOOLS,6.3,6.2514899999999995,5.93964,4.84407
2541,Detroit,01/15/2025,7.6,Michigan,PROPERTY OWNED BY DEARBORN PUBLIC SCHOOLS,7.6,7.541479999999999,7.165279999999999,5.84364
2542,Detroit,01/16/2025,18.6,Michigan,PROPERTY OWNED BY DEARBORN PUBLIC SCHOOLS,18.6,18.456780000000002,17.536080000000002,14.301540000000001
2543,Detroit,01/17/2025,11.6,Michigan,PROPERTY OWNED BY DEARBORN PUBLIC SCHOOLS,11.6,11.510679999999999,10.93648,8.91924
2544,Detroit,01/18/2025,5.5,Michigan,PROPERTY OWNED BY DEARBORN PUBLIC SCHOOLS,5.5,5.45765,5.1854,4.22895
2545,Detroit,01/19/2025,3.1,Michigan,PROPERTY OWNED BY DEARBORN PUBLIC SCHOOLS,3.1,3.07613,2.92268,2.3835900000000003
2546,Detroit,01/20/2025,4.3,Michigan,PROPERTY OWNED BY DEARBORN PUBLIC SCHOOLS,4.3,4.26689,4.05404,3.30627
2547,Detroit,01/21/2025,6.1,Michigan,PROPERTY OWNED BY DEARBORN PUBLIC SCHOOLS,6.1,6.05303,5.751079999999999,4.69029
2548,Detroit,01/22/2025,9.4,Michigan,PROPERTY OWNED BY DEARBORN PUBLIC SCHOOLS,9.4,9.32762,8.86232,7.22766
2549,Detroit,01/23/2025,10.0,Michigan,PROPERTY OWNED BY DEARBORN PUBLIC SCHOOLS,10.0,9.923,9.427999999999999,7.689
2550,Detroit,01/24/2025,9.7,Michigan,PROPERTY OWNED BY DEARBORN PUBLIC SCHOOLS,9.7,9.625309999999999,9.145159999999999,7.45833
2551,Detroit,01/25/2025,13.3,Michigan,PROPERTY OWNED BY DEARBORN PUBLIC SCHOOLS,13.3,13.19759,12.53924,10.226370000000001
2552,Detroit,01/26/2025,5.6,Michigan,PROPERTY OWNED BY DEARBORN PUBLIC SCHOOLS,5.6,5.55688,5.27968,4.30584
2553,Detroit,01/27/2025,7.6,Michigan,PROPERTY OWNED BY DEARBORN PUBLIC SCHOOLS,7.6,7.541479999999999,7.165279999999999,5.84364
2554,Detroit,01/28/2025,5.1,Michigan,PROPERTY OWNED BY DEARBORN PUBLIC SCHOOLS,5.1,5.0607299999999995,4.80828,3.9213899999999997
2555,Detroit,01/29/2025,3.9,Michigan,PROPERTY OWNED BY DEARBORN PUBLIC SCHOOLS,3.9,3.86997,3.67692,2.99871
2556,Detroit,01/30/2025,8.2,Michigan,PROPERTY OWNED BY DEARBORN PUBLIC SCHOOLS,8.2,8.136859999999999,7.730959999999999,6.30498
2557,Detroit,01/31/2025,10.2,Michigan,PROPERTY OWNED BY DEARBORN PUBLIC SCHOOLS,10.2,10.121459999999999,9.61656,7.842779999999999
2558,Detroit,02/01/2025,3.0,Michigan,PROPERTY OWNED BY DEARBORN PUBLIC SCHOOLS,3.0,2.9768999999999997,2.8284,2.3067
2559,Detroit,02/02/2025,10.7,Michigan,PROPERTY OWNED BY DEARBORN PUBLIC SCHOOLS,10.7,10.617609999999999,10.087959999999999,8.22723
2560,Detroit,02/03/2025,18.6,Michigan,PROPERTY OWNED BY DEARBORN PUBLIC SCHOOLS,18.6,18.456780000000002,17.536080000000002,14.301540000000001
2561,Detroit,02/04/2025,4.3,Michigan,PROPERTY OWNED BY DEARBORN PUBLIC SCHOOLS,4.3,4.26689,4.05404,3.30627
2562,Detroit,02/05/2025,3.6,Michigan,PROPERTY OWNED BY DEARBORN PUBLIC SCHOOLS,3.6,3.57228,3.3940799999999998,2.76804
2563,Detroit,02/06/2025,8.0,Michigan,PROPERTY OWNED BY DEARBORN PUBLIC SCHOOLS,8.0,7.9384,7.5424,6.1512
2564,Detroit,02/07/2025,7.2,Michigan,PROPERTY OWNED BY DEARBORN PUBLIC SCHOOLS,7.2,7.14456,6.7881599999999995,5.53608
2565,Detroit,02/08/2025,10.3,Michigan,PROPERTY OWNED BY DEARBORN PUBLIC SCHOOLS,10.3,10.220690000000001,9.710840000000001,7.919670000000001
2566,Detroit,02/09/2025,7.8,Michigan,PROPERTY OWNED BY DEARBORN PUBLIC SCHOOLS,7.8,7.73994,7.35384,5.99742
2567,Detroit,02/10/2025,9.8,Michigan,PROPERTY OWNED BY DEARBORN PUBLIC SCHOOLS,9.8,9.724540000000001,9.23944,7.535220000000001
2568,Detroit,02/11/2025,10.7,Michigan,PROPERTY OWNED BY DEARBORN PUBLIC SCHOOLS,10.7,10.617609999999999,10.087959999999999,8.22723
2569,Detroit,02/12/2025,10.4,Michigan,PROPERTY OWNED BY DEARBORN PUBLIC SCHOOLS,10.4,10.31992,9.80512,7.996560000000001
2570,Detroit,02/13/2025,6.3,Michigan,PROPERTY OWNED BY DEARBORN PUBLIC SCHOOLS,6.3,6.2514899999999995,5.93964,4.84407
2571,Detroit,02/14/2025,14.3,Michigan,PROPERTY OWNED BY DEARBORN PUBLIC SCHOOLS,14.3,14.18989,13.48204,10.995270000000001
2572,Detroit,02/15/2025,18.0,Michigan,PROPERTY OWNED BY DEARBORN PUBLIC SCHOOLS,18.0,17.8614,16.970399999999998,13.840200000000001
2573,Detroit,02/16/2025,7.0,Michigan,PROPERTY OWNED BY DEARBORN PUBLIC SCHOOLS,7.0,6.9460999999999995,6.5996,5.3823
2574,Detroit,02/17/2025,3.7,Michigan,PROPERTY OWNED BY DEARBORN PUBLIC SCHOOLS,3.7,3.67151,3.48836,2.84493
2575,Detroit,02/18/2025,5.7,Michigan,PROPERTY OWNED BY DEARBORN PUBLIC SCHOOLS,5.7,5.65611,5.37396,4.3827300000000005
2576,Detroit,02/19/2025,6.2,Michigan,PROPERTY OWNED BY DEARBORN PUBLIC SCHOOLS,6.2,6.15226,5.84536,4.767180000000001
2577,Detroit,02/20/2025,5.1,Michigan,PROPERTY OWNED BY DEARBORN PUBLIC SCHOOLS,5.1,5.0607299999999995,4.80828,3.9213899999999997
2578,Detroit,02/21/2025,5.9,Michigan,PROPERTY OWNED BY DEARBORN PUBLIC SCHOOLS,5.9,5.85457,5.56252,4.536510000000001
2579,Detroit,02/22/2025,15.6,Michigan,PROPERTY OWNED BY DEARBORN PUBLIC SCHOOLS,15.6,15.47988,14.70768,11.99484
2580,Detroit,02/23/2025,17.2,Michigan,PROPERTY OWNED BY DEARBORN PUBLIC SCHOOLS,17.2,17.06756,16.21616,13.22508
2581,Detroit,02/24/2025,15.2,Michigan,PROPERTY OWNED BY DEARBORN PUBLIC SCHOOLS,15.2,15.082959999999998,14.330559999999998,11.68728
2582,Detroit,02/25/2025,9.0,Michigan,PROPERTY OWNED BY DEARBORN PUBLIC SCHOOLS,9.0,8.9307,8.485199999999999,6.920100000000001
2583,Detroit,02/26/2025,10.5,Michigan,PROPERTY OWNED BY DEARBORN PUBLIC SCHOOLS,10.5,10.41915,9.8994,8.073450000000001
2584,Detroit,02/27/2025,10.9,Michigan,PROPERTY OWNED BY DEARBORN PUBLIC SCHOOLS,10.9,10.81607,10.27652,8.38101
2585,Detroit,02/28/2025,6.1,Michigan,PROPERTY OWNED BY DEARBORN PUBLIC SCHOOLS,6.1,6.05303,5.751079999999999,4.69029
2586,Detroit,03/01/2025,2.9,Michigan,PROPERTY OWNED BY DEARBORN PUBLIC SCHOOLS,2.9,2.8776699999999997,2.73412,2.22981
2587,Detroit,03/02/2025,6.4,Michigan,PROPERTY OWNED BY DEARBORN PUBLIC SCHOOLS,6.4,6.35072,6.03392,4.920960000000001
2588,Detroit,03/03/2025,13.7,Michigan,PROPERTY OWNED BY DEARBORN PUBLIC SCHOOLS,13.7,13.594509999999998,12.91636,10.53393
2589,Detroit,03/04/2025,11.6,Michigan,PROPERTY OWNED BY DEARBORN PUBLIC SCHOOLS,11.6,11.510679999999999,10.93648,8.91924
2590,Detroit,03/05/2025,7.3,Michigan,PROPERTY OWNED BY DEARBORN PUBLIC SCHOOLS,7.3,7.24379,6.88244,5.61297
2591,Detroit,03/06/2025,2.6,Michigan,PROPERTY OWNED BY DEARBORN PUBLIC SCHOOLS,2.6,2.57998,2.45128,1.9991400000000001
2592,Detroit,03/07/2025,7.4,Michigan,PROPERTY OWNED BY DEARBORN PUBLIC SCHOOLS,7.4,7.34302,6.97672,5.68986
2593,Detroit,03/08/2025,5.1,Michigan,PROPERTY OWNED BY DEARBORN PUBLIC SCHOOLS,5.1,5.0607299999999995,4.80828,3.9213899999999997
2594,Detroit,03/09/2025,7.2,Michigan,PROPERTY OWNED BY DEARBORN PUBLIC SCHOOLS,7.2,7.14456,6.7881599999999995,5.53608
2595,Detroit,03/10/2025,9.5,Michigan,PROPERTY OWNED BY DEARBORN PUBLIC SCHOOLS,9.5,9.42685,8.9566,7.30455
2596,Detroit,03/11/2025,6.4,Michigan,PROPERTY OWNED BY DEARBORN PUBLIC SCHOOLS,6.4,6.35072,6.03392,4.920960000000001
2597,Detroit,03/12/2025,3.2,Michigan,PROPERTY OWNED BY DEARBORN PUBLIC SCHOOLS,3.2,3.17536,3.01696,2.4604800000000004
2598,Detroit,03/13/2025,7.9,Michigan,PROPERTY OWNED BY DEARBORN PUBLIC SCHOOLS,7.9,7.83917,7.44812,6.0743100000000005
2599,Detroit,03/14/2025,12.1,Michigan,PROPERTY OWNED BY DEARBORN PUBLIC SCHOOLS,12.1,12.006829999999999,11.407879999999999,9.30369
2600,Detroit,03/15/2025,9.0,Michigan,PROPERTY OWNED BY DEARBORN PUBLIC SCHOOLS,9.0,8.9307,8.485199999999999,6.920100000000001
2601,Detroit,03/16/2025,4.7,Michigan,PROPERTY OWNED BY DEARBORN PUBLIC SCHOOLS,4.7,4.66381,4.43116,3.61383
2602,Detroit,03/17/2025,4.3,Michigan,PROPERTY OWNED BY DEARBORN PUBLIC SCHOOLS,4.3,4.26689,4.05404,3.30627
2603,Detroit,03/18/2025,7.0,Michigan,PROPERTY OWNED BY DEARBORN PUBLIC SCHOOLS,7.0,6.9460999999999995,6.5996,5.3823
2604,Detroit,03/19/2025,11.3,Michigan,PROPERTY OWNED BY DEARBORN PUBLIC SCHOOLS,11.3,11.21299,10.653640000000001,8.68857
2605,Detroit,03/20/2025,5.3,Michigan,PROPERTY OWNED BY DEARBORN PUBLIC SCHOOLS,5.3,5.259189999999999,4.99684,4.07517
2606,Detroit,03/21/2025,7.3,Michigan,PROPERTY OWNED BY DEARBORN PUBLIC SCHOOLS,7.3,7.24379,6.88244,5.61297
2607,Detroit,03/22/2025,4.0,Michigan,PROPERTY OWNED BY DEARBORN PUBLIC SCHOOLS,4.0,3.9692,3.7712,3.0756
2608,Detroit,03/23/2025,4.4,Michigan,PROPERTY OWNED BY DEARBORN PUBLIC SCHOOLS,4.4,4.3661200000000004,4.14832,3.3831600000000006
2609,Detroit,03/24/2025,6.2,Michigan,PROPERTY OWNED BY DEARBORN PUBLIC SCHOOLS,6.2,6.15226,5.84536,4.767180000000001
2610,Detroit,03/25/2025,3.7,Michigan,PROPERTY OWNED BY DEARBORN PUBLIC SCHOOLS,3.7,3.67151,3.48836,2.84493
2611,Detroit,03/26/2025,4.1,Michigan,PROPERTY OWNED BY DEARBORN PUBLIC SCHOOLS,4.1,4.068429999999999,3.8654799999999994,3.15249
2612,Detroit,03/27/2025,9.3,Michigan,PROPERTY OWNED BY DEARBORN PUBLIC SCHOOLS,9.3,9.228390000000001,8.768040000000001,7.1507700000000005
2613,Detroit,03/28/2025,12.8,Michigan,PROPERTY OWNED BY DEARBORN PUBLIC SCHOOLS,12.8,12.70144,12.06784,9.841920000000002
2614,Detroit,03/29/2025,12.8,Michigan,PROPERTY OWNED BY DEARBORN PUBLIC SCHOOLS,12.8,12.70144,12.06784,9.841920000000002
2615,Detroit,03/30/2025,10.9,Michigan,PROPERTY OWNED BY DEARBORN PUBLIC SCHOOLS,10.9,10.81607,10.27652,8.38101
2616,Detroit,03/31/2025,3.2,Michigan,PROPERTY OWNED BY DEARBORN PUBLIC SCHOOLS,3.2,3.17536,3.01696,2.4604800000000004
2617,Detroit,04/01/2025,3.5,Michigan,PROPERTY OWNED BY DEARBORN PUBLIC SCHOOLS,3.5,3.4730499999999997,3.2998,2.69115
2618,Detroit,04/02/2025,5.2,Michigan,PROPERTY OWNED BY DEARBORN PUBLIC SCHOOLS,5.2,5.15996,4.90256,3.9982800000000003
2619,Detroit,04/03/2025,5.1,Michigan,PROPERTY OWNED BY DEARBORN PUBLIC SCHOOLS,5.1,5.0607299999999995,4.80828,3.9213899999999997
2620,Detroit,04/04/2025,3.5,Michigan,PROPERTY OWNED BY DEARBORN PUBLIC SCHOOLS,3.5,3.4730499999999997,3.2998,2.69115
2621,Detroit,04/05/2025,4.2,Michigan,PROPERTY OWNED BY DEARBORN PUBLIC SCHOOLS,4.2,4.16766,3.95976,3.2293800000000004
2622,Detroit,04/06/2025,3.2,Michigan,PROPERTY OWNED BY DEARBORN PUBLIC SCHOOLS,3.2,3.17536,3.01696,2.4604800000000004
2623,Detroit,04/07/2025,6.2,Michigan,PROPERTY OWNED BY DEARBORN PUBLIC SCHOOLS,6.2,6.15226,5.84536,4.767180000000001
2624,Detroit,04/08/2025,3.4,Michigan,PROPERTY OWNED BY DEARBORN PUBLIC SCHOOLS,3.4,3.37382,3.20552,2.61426
2625,Detroit,04/09/2025,8.0,Michigan,PROPERTY OWNED BY DEARBORN PUBLIC SCHOOLS,8.0,7.9384,7.5424,6.1512
2626,Detroit,04/10/2025,7.6,Michigan,PROPERTY OWNED BY DEARBORN PUBLIC SCHOOLS,7.6,7.541479999999999,7.165279999999999,5.84364
2627,Detroit,04/11/2025,6.6,Michigan,PROPERTY OWNED BY DEARBORN PUBLIC SCHOOLS,6.6,6.54918,6.222479999999999,5.07474
2628,Detroit,04/12/2025,5.6,Michigan,PROPERTY OWNED BY DEARBORN PUBLIC SCHOOLS,5.6,5.55688,5.27968,4.30584
2629,Detroit,04/13/2025,7.0,Michigan,PROPERTY OWNED BY DEARBORN PUBLIC SCHOOLS,7.0,6.9460999999999995,6.5996,5.3823
2630,Detroit,04/14/2025,7.1,Michigan,PROPERTY OWNED BY DEARBORN PUBLIC SCHOOLS,7.1,7.045329999999999,6.693879999999999,5.4591899999999995
2631,Detroit,04/15/2025,2.8,Michigan,PROPERTY OWNED BY DEARBORN PUBLIC SCHOOLS,2.8,2.77844,2.63984,2.15292
2632,Detroit,04/16/2025,2.9,Michigan,PROPERTY OWNED BY DEARBORN PUBLIC SCHOOLS,2.9,2.8776699999999997,2.73412,2.22981
2633,Detroit,04/17/2025,7.8,Michigan,PROPERTY OWNED BY DEARBORN PUBLIC SCHOOLS,7.8,7.73994,7.35384,5.99742
2634,Detroit,04/18/2025,14.4,Michigan,PROPERTY OWNED BY DEARBORN PUBLIC SCHOOLS,14.4,14.28912,13.576319999999999,11.07216
2635,Detroit,04/19/2025,10.3,Michigan,PROPERTY OWNED BY DEARBORN PUBLIC SCHOOLS,10.3,10.220690000000001,9.710840000000001,7.919670000000001
2636,Detroit,04/20/2025,6.0,Michigan,PROPERTY OWNED BY DEARBORN PUBLIC SCHOOLS,6.0,5.953799999999999,5.6568,4.6134
2637,Detroit,04/21/2025,6.8,Michigan,PROPERTY OWNED BY DEARBORN PUBLIC SCHOOLS,6.8,6.74764,6.41104,5.22852
2638,Detroit,04/22/2025,4.0,Michigan,PROPERTY OWNED BY DEARBORN PUBLIC SCHOOLS,4.0,3.9692,3.7712,3.0756
2639,Detroit,04/23/2025,10.5,Michigan,PROPERTY OWNED BY DEARBORN PUBLIC SCHOOLS,10.5,10.41915,9.8994,8.073450000000001
2640,Detroit,04/24/2025,13.9,Michigan,PROPERTY OWNED BY DEARBORN PUBLIC SCHOOLS,13.9,13.79297,13.10492,10.687710000000001
2641,Detroit,04/25/2025,11.1,Michigan,PROPERTY OWNED BY DEARBORN PUBLIC SCHOOLS,11.1,11.014529999999999,10.465079999999999,8.53479
2642,Detroit,04/26/2025,3.9,Michigan,PROPERTY OWNED BY DEARBORN PUBLIC SCHOOLS,3.9,3.86997,3.67692,2.99871
2643,Detroit,04/27/2025,5.4,Michigan,PROPERTY OWNED BY DEARBORN PUBLIC SCHOOLS,5.4,5.35842,5.09112,4.1520600000000005
2644,Detroit,04/28/2025,6.0,Michigan,PROPERTY OWNED BY DEARBORN PUBLIC SCHOOLS,6.0,5.953799999999999,5.6568,4.6134
2645,Detroit,04/29/2025,11.7,Michigan,PROPERTY OWNED BY DEARBORN PUBLIC SCHOOLS,11.7,11.60991,11.030759999999999,8.996129999999999
2646,Detroit,04/30/2025,4.6,Michigan,PROPERTY OWNED BY DEARBORN PUBLIC SCHOOLS,4.6,4.564579999999999,4.33688,3.53694
2647,Detroit,05/01/2025,5.8,Michigan,PROPERTY OWNED BY DEARBORN PUBLIC SCHOOLS,5.8,5.7553399999999995,5.46824,4.45962
2648,Detroit,05/02/2025,7.8,Michigan,PROPERTY OWNED BY DEARBORN PUBLIC SCHOOLS,7.8,7.73994,7.35384,5.99742
2649,Detroit,05/03/2025,2.6,Michigan,PROPERTY OWNED BY DEARBORN PUBLIC SCHOOLS,2.6,2.57998,2.45128,1.9991400000000001
2650,Detroit,05/04/2025,3.6,Michigan,PROPERTY OWNED BY DEARBORN PUBLIC SCHOOLS,3.6,3.57228,3.3940799999999998,2.76804
2651,Detroit,05/05/2025,6.7,Michigan,PROPERTY OWNED BY DEARBORN PUBLIC SCHOOLS,6.7,6.64841,6.31676,5.15163
2652,Detroit,05/06/2025,9.3,Michigan,PROPERTY OWNED BY DEARBORN PUBLIC SCHOOLS,9.3,9.228390000000001,8.768040000000001,7.1507700000000005
2653,Detroit,05/07/2025,6.7,Michigan,PROPERTY OWNED BY DEARBORN PUBLIC SCHOOLS,6.7,6.64841,6.31676,5.15163
2654,Detroit,05/08/2025,3.3,Michigan,PROPERTY OWNED BY DEARBORN PUBLIC SCHOOLS,3.3,3.27459,3.1112399999999996,2.53737
2655,Detroit,05/09/2025,5.1,Michigan,PROPERTY OWNED BY DEARBORN PUBLIC SCHOOLS,5.1,5.0607299999999995,4.80828,3.9213899999999997
2656,Detroit,05/10/2025,6.9,Michigan,PROPERTY OWNED BY DEARBORN PUBLIC SCHOOLS,6.9,6.84687,6.50532,5.30541
2657,Detroit,05/11/2025,3.8,Michigan,PROPERTY OWNED BY DEARBORN PUBLIC SCHOOLS,3.8,3.7707399999999995,3.5826399999999996,2.92182
2658,Detroit,05/12/2025,8.0,Michigan,PROPERTY OWNED BY DEARBORN PUBLIC SCHOOLS,8.0,7.9384,7.5424,6.1512
2659,Detroit,05/13/2025,4.3,Michigan,PROPERTY OWNED BY DEARBORN PUBLIC SCHOOLS,4.3,4.26689,4.05404,3.30627
2660,Detroit,05/14/2025,4.7,Michigan,PROPERTY OWNED BY DEARBORN PUBLIC SCHOOLS,4.7,4.66381,4.43116,3.61383
2661,Detroit,05/15/2025,8.2,Michigan,PROPERTY OWNED BY DEARBORN PUBLIC SCHOOLS,8.2,8.136859999999999,7.730959999999999,6.30498
2662,Detroit,05/16/2025,7.5,Michigan,PROPERTY OWNED BY DEARBORN PUBLIC SCHOOLS,7.5,7.44225,7.071,5.76675
2663,Detroit,05/17/2025,4.6,Michigan,PROPERTY OWNED BY DEARBORN PUBLIC SCHOOLS,4.6,4.564579999999999,4.33688,3.53694
2664,Detroit,05/18/2025,3.0,Michigan,PROPERTY OWNED BY DEARBORN PUBLIC SCHOOLS,3.0,2.9768999999999997,2.8284,2.3067
2665,Detroit,05/19/2025,3.2,Michigan,PROPERTY OWNED BY DEARBORN PUBLIC SCHOOLS,3.2,3.17536,3.01696,2.4604800000000004
2666,Detroit,05/20/2025,3.2,Michigan,PROPERTY OWNED BY DEARBORN PUBLIC SCHOOLS,3.2,3.17536,3.01696,2.4604800000000004
2667,Detroit,05/21/2025,4.1,Michigan,PROPERTY OWNED BY DEARBORN PUBLIC SCHOOLS,4.1,4.068429999999999,3.8654799999999994,3.15249
2668,Detroit,05/22/2025,2.1,Michigan,PROPERTY OWNED BY DEARBORN PUBLIC SCHOOLS,2.1,2.08383,1.97988,1.6146900000000002
2669,Detroit,05/23/2025,2.1,Michigan,PROPERTY OWNED BY DEARBORN PUBLIC SCHOOLS,2.1,2.08383,1.97988,1.6146900000000002
2670,Detroit,05/24/2025,2.6,Michigan,PROPERTY OWNED BY DEARBORN PUBLIC SCHOOLS,2.6,2.57998,2.45128,1.9991400000000001
2671,Detroit,05/25/2025,6.7,Michigan,PROPERTY OWNED BY DEARBORN PUBLIC SCHOOLS,6.7,6.64841,6.31676,5.15163
2672,Detroit,05/26/2025,5.0,Michigan,PROPERTY OWNED BY DEARBORN PUBLIC SCHOOLS,5.0,4.9615,4.7139999999999995,3.8445
2673,Detroit,05/27/2025,5.6,Michigan,PROPERTY OWNED BY DEARBORN PUBLIC SCHOOLS,5.6,5.55688,5.27968,4.30584
2674,Detroit,05/28/2025,3.6,Michigan,PROPERTY OWNED BY DEARBORN PUBLIC SCHOOLS,3.6,3.57228,3.3940799999999998,2.76804
2675,Detroit,05/29/2025,9.2,Michigan,PROPERTY OWNED BY DEARBORN PUBLIC SCHOOLS,9.2,9.129159999999999,8.67376,7.07388
2676,Detroit,05/30/2025,7.7,Michigan,PROPERTY OWNED BY DEARBORN PUBLIC SCHOOLS,7.7,7.6407099999999994,7.25956,5.92053
2677,Detroit,05/31/2025,6.5,Michigan,PROPERTY OWNED BY DEARBORN PUBLIC SCHOOLS,6.5,6.449949999999999,6.1282,4.997850000000001
2678,Detroit,06/01/2025,4.5,Michigan,PROPERTY OWNED BY DEARBORN PUBLIC SCHOOLS,4.5,4.46535,4.2425999999999995,3.4600500000000003
2679,Detroit,06/02/2025,6.8,Michigan,PROPERTY OWNED BY DEARBORN PUBLIC SCHOOLS,6.8,6.74764,6.41104,5.22852
2680,Detroit,06/03/2025,17.6,Michigan,PROPERTY OWNED BY DEARBORN PUBLIC SCHOOLS,17.6,17.464480000000002,16.59328,13.532640000000002
2681,Detroit,06/04/2025,24.7,Michigan,PROPERTY OWNED BY DEARBORN PUBLIC SCHOOLS,24.7,24.509809999999998,23.28716,18.99183
2682,Detroit,06/05/2025,45.2,Michigan,PROPERTY OWNED BY DEARBORN PUBLIC SCHOOLS,45.2,44.85196,42.614560000000004,34.75428
2683,Detroit,06/06/2025,55.6,Michigan,PROPERTY OWNED BY DEARBORN PUBLIC SCHOOLS,55.6,55.17188,52.41968,42.750840000000004
2684,Detroit,06/07/2025,21.7,Michigan,PROPERTY OWNED BY DEARBORN PUBLIC SCHOOLS,21.7,21.532909999999998,20.458759999999998,16.68513
2685,Detroit,06/08/2025,37.5,Michigan,PROPERTY OWNED BY DEARBORN PUBLIC SCHOOLS,37.5,37.21125,35.355,28.833750000000002
2686,Detroit,06/09/2025,22.8,Michigan,PROPERTY OWNED BY DEARBORN PUBLIC SCHOOLS,22.8,22.62444,21.49584,17.530920000000002
2687,Detroit,06/10/2025,15.6,Michigan,PROPERTY OWNED BY DEARBORN PUBLIC SCHOOLS,15.6,15.47988,14.70768,11.99484
2688,Detroit,06/11/2025,23.7,Michigan,PROPERTY OWNED BY DEARBORN PUBLIC SCHOOLS,23.7,23.517509999999998,22.344359999999998,18.22293
2689,Detroit,06/12/2025,23.0,Michigan,PROPERTY OWNED BY DEARBORN PUBLIC SCHOOLS,23.0,22.8229,21.6844,17.6847
2690,Detroit,06/13/2025,8.8,Michigan,PROPERTY OWNED BY DEARBORN PUBLIC SCHOOLS,8.8,8.732240000000001,8.29664,6.766320000000001
2691,Detroit,06/14/2025,8.2,Michigan,PROPERTY OWNED BY DEARBORN PUBLIC SCHOOLS,8.2,8.136859999999999,7.730959999999999,6.30498
2692,Detroit,06/15/2025,8.9,Michigan,PROPERTY OWNED BY DEARBORN PUBLIC SCHOOLS,8.9,8.83147,8.39092,6.843210000000001
2693,Detroit,06/16/2025,9.6,Michigan,PROPERTY OWNED BY DEARBORN PUBLIC SCHOOLS,9.6,9.526079999999999,9.05088,7.38144
2694,Detroit,06/17/2025,9.0,Michigan,PROPERTY OWNED BY DEARBORN PUBLIC SCHOOLS,9.0,8.9307,8.485199999999999,6.920100000000001
2695,Detroit,06/18/2025,8.2,Michigan,PROPERTY OWNED BY DEARBORN PUBLIC SCHOOLS,8.2,8.136859999999999,7.730959999999999,6.30498
2696,Detroit,06/19/2025,4.5,Michigan,PROPERTY OWNED BY DEARBORN PUBLIC SCHOOLS,4.5,4.46535,4.2425999999999995,3.4600500000000003
2697,Detroit,06/20/2025,9.3,Michigan,PROPERTY OWNED BY DEARBORN PUBLIC SCHOOLS,9.3,9.228390000000001,8.768040000000001,7.1507700000000005
2698,Detroit,06/21/2025,11.0,Michigan,PROPERTY OWNED BY DEARBORN PUBLIC SCHOOLS,11.0,10.9153,10.3708,8.4579
2699,Detroit,06/22/2025,12.2,Michigan,PROPERTY OWNED BY DEARBORN PUBLIC SCHOOLS,12.2,12.10606,11.502159999999998,9.38058
2700,Detroit,06/23/2025,15.5,Michigan,PROPERTY OWNED BY DEARBORN PUBLIC SCHOOLS,15.5,15.38065,14.6134,11.917950000000001
2701,Detroit,06/24/2025,12.5,Michigan,PROPERTY OWNED BY DEARBORN PUBLIC SCHOOLS,12.5,12.403749999999999,11.785,9.61125
2702,Detroit,06/25/2025,11.1,Michigan,PROPERTY OWNED BY DEARBORN PUBLIC SCHOOLS,11.1,11.014529999999999,10.465079999999999,8.53479
2703,Detroit,06/26/2025,8.8,Michigan,PROPERTY OWNED BY DEARBORN PUBLIC SCHOOLS,8.8,8.732240000000001,8.29664,6.766320000000001
2704,Detroit,06/27/2025,9.3,Michigan,PROPERTY OWNED BY DEARBORN PUBLIC SCHOOLS,9.3,9.228390000000001,8.768040000000001,7.1507700000000005
2705,Detroit,06/28/2025,4.8,Michigan,PROPERTY OWNED BY DEARBORN PUBLIC SCHOOLS,4.8,4.763039999999999,4.52544,3.69072
2706,Detroit,06/29/2025,6.3,Michigan,PROPERTY OWNED BY DEARBORN PUBLIC SCHOOLS,6.3,6.2514899999999995,5.93964,4.84407
2707,Detroit,06/30/2025,6.9,Michigan,PROPERTY OWNED BY DEARBORN PUBLIC SCHOOLS,6.9,6.84687,6.50532,5.30541
2708,Detroit,07/01/2025,6.1,Michigan,PROPERTY OWNED BY DEARBORN PUBLIC SCHOOLS,6.1,6.05303,5.751079999999999,4.69029
2709,Detroit,07/02/2025,10.8,Michigan,PROPERTY OWNED BY DEARBORN PUBLIC SCHOOLS,10.8,10.71684,10.18224,8.304120000000001
2710,Detroit,07/03/2025,13.4,Michigan,PROPERTY OWNED BY DEARBORN PUBLIC SCHOOLS,13.4,13.29682,12.63352,10.30326
2711,Detroit,07/04/2025,16.1,Michigan,PROPERTY OWNED BY DEARBORN PUBLIC SCHOOLS,16.1,15.976030000000002,15.17908,12.379290000000001
2712,Detroit,07/05/2025,16.6,Michigan,PROPERTY OWNED BY DEARBORN PUBLIC SCHOOLS,16.6,16.47218,15.650480000000002,12.763740000000002
2713,Detroit,07/06/2025,14.8,Michigan,PROPERTY OWNED BY DEARBORN PUBLIC SCHOOLS,14.8,14.68604,13.95344,11.37972
2714,Detroit,07/07/2025,5.3,Michigan,PROPERTY OWNED BY DEARBORN PUBLIC SCHOOLS,5.3,5.259189999999999,4.99684,4.07517
2715,Detroit,07/08/2025,20.2,Michigan,PROPERTY OWNED BY DEARBORN PUBLIC SCHOOLS,20.2,20.044459999999997,19.044559999999997,15.53178
2716,Detroit,07/09/2025,13.1,Michigan,PROPERTY OWNED BY DEARBORN PUBLIC SCHOOLS,13.1,12.99913,12.350679999999999,10.07259
2717,Detroit,07/10/2025,10.7,Michigan,PROPERTY OWNED BY DEARBORN PUBLIC SCHOOLS,10.7,10.617609999999999,10.087959999999999,8.22723
2718,Detroit,07/11/2025,10.8,Michigan,PROPERTY OWNED BY DEARBORN PUBLIC SCHOOLS,10.8,10.71684,10.18224,8.304120000000001
2719,Detroit,07/12/2025,9.8,Michigan,PROPERTY OWNED BY DEARBORN PUBLIC SCHOOLS,9.8,9.724540000000001,9.23944,7.535220000000001
2720,Detroit,07/13/2025,12.7,Michigan,PROPERTY OWNED BY DEARBORN PUBLIC SCHOOLS,12.7,12.60221,11.973559999999999,9.76503
2721,Detroit,07/14/2025,29.9,Michigan,PROPERTY OWNED BY DEARBORN PUBLIC SCHOOLS,29.9,29.669769999999996,28.189719999999998,22.99011
2722,Detroit,07/15/2025,44.0,Michigan,PROPERTY OWNED BY DEARBORN PUBLIC SCHOOLS,44.0,43.6612,41.4832,33.8316
2723,Detroit,07/16/2025,17.6,Michigan,PROPERTY OWNED BY DEARBORN PUBLIC SCHOOLS,17.6,17.464480000000002,16.59328,13.532640000000002
2724,Detroit,07/17/2025,4.5,Michigan,PROPERTY OWNED BY DEARBORN PUBLIC SCHOOLS,4.5,4.46535,4.2425999999999995,3.4600500000000003
2725,Detroit,07/18/2025,2.8,Michigan,PROPERTY OWNED BY DEARBORN PUBLIC SCHOOLS,2.8,2.77844,2.63984,2.15292
2726,Detroit,07/19/2025,6.3,Michigan,PROPERTY OWNED BY DEARBORN PUBLIC SCHOOLS,6.3,6.2514899999999995,5.93964,4.84407
2727,Detroit,07/20/2025,6.0,Michigan,PROPERTY OWNED BY DEARBORN PUBLIC SCHOOLS,6.0,5.953799999999999,5.6568,4.6134
2728,Detroit,07/21/2025,10.4,Michigan,PROPERTY OWNED BY DEARBORN PUBLIC SCHOOLS,10.4,10.31992,9.80512,7.996560000000001
2729,Detroit,07/22/2025,4.4,Michigan,PROPERTY OWNED BY DEARBORN PUBLIC SCHOOLS,4.4,4.3661200000000004,4.14832,3.3831600000000006
2730,Detroit,07/23/2025,7.1,Michigan,PROPERTY OWNED BY DEARBORN PUBLIC SCHOOLS,7.1,7.045329999999999,6.693879999999999,5.4591899999999995
2731,Detroit,07/24/2025,15.2,Michigan,PROPERTY OWNED BY DEARBORN PUBLIC SCHOOLS,15.2,15.082959999999998,14.330559999999998,11.68728
2732,Detroit,07/25/2025,7.6,Michigan,PROPERTY OWNED BY DEARBORN PUBLIC SCHOOLS,7.6,7.541479999999999,7.165279999999999,5.84364
2733,Detroit,07/26/2025,10.3,Michigan,PROPERTY OWNED BY DEARBORN PUBLIC SCHOOLS,10.3,10.220690000000001,9.710840000000001,7.919670000000001
2734,Detroit,07/27/2025,7.3,Michigan,PROPERTY OWNED BY DEARBORN PUBLIC SCHOOLS,7.3,7.24379,6.88244,5.61297
2735,Detroit,07/28/2025,6.9,Michigan,PROPERTY OWNED BY DEARBORN PUBLIC SCHOOLS,6.9,6.84687,6.50532,5.30541
2736,Detroit,07/29/2025,9.4,Michigan,PROPERTY OWNED BY DEARBORN PUBLIC SCHOOLS,9.4,9.32762,8.86232,7.22766
2737,Detroit,07/30/2025,19.8,Michigan,PROPERTY OWNED BY DEARBORN PUBLIC SCHOOLS,19.8,19.64754,18.66744,15.22422
2738,Detroit,07/31/2025,46.2,Michigan,PROPERTY OWNED BY DEARBORN PUBLIC SCHOOLS,46.2,45.84426,43.55736,35.52318
2739,Detroit,08/01/2025,15.3,Michigan,PROPERTY OWNED BY DEARBORN PUBLIC SCHOOLS,15.3,15.18219,14.42484,11.764170000000002
2740,Detroit,08/02/2025,8.4,Michigan,PROPERTY OWNED BY DEARBORN PUBLIC SCHOOLS,8.4,8.33532,7.91952,6.458760000000001
2741,Detroit,08/03/2025,26.9,Michigan,PROPERTY OWNED BY DEARBORN PUBLIC SCHOOLS,26.9,26.69287,25.36132,20.68341
2742,Detroit,08/04/2025,54.3,Michigan,PROPERTY OWNED BY DEARBORN PUBLIC SCHOOLS,54.3,53.88189,51.194039999999994,41.75127
2743,Detroit,08/05/2025,33.6,Michigan,PROPERTY OWNED BY DEARBORN PUBLIC SCHOOLS,33.6,33.34128,31.67808,25.835040000000003
2744,Detroit,08/06/2025,25.6,Michigan,PROPERTY OWNED BY DEARBORN PUBLIC SCHOOLS,25.6,25.40288,24.13568,19.683840000000004
2745,Detroit,08/07/2025,18.2,Michigan,PROPERTY OWNED BY DEARBORN PUBLIC SCHOOLS,18.2,18.059859999999997,17.15896,13.99398
2746,Detroit,08/08/2025,13.3,Michigan,PROPERTY OWNED BY DEARBORN PUBLIC SCHOOLS,13.3,13.19759,12.53924,10.226370000000001
2747,Detroit,08/09/2025,13.1,Michigan,PROPERTY OWNED BY DEARBORN PUBLIC SCHOOLS,13.1,12.99913,12.350679999999999,10.07259
2748,Detroit,08/10/2025,13.7,Michigan,PROPERTY OWNED BY DEARBORN PUBLIC SCHOOLS,13.7,13.594509999999998,12.91636,10.53393
2749,Detroit,08/11/2025,12.4,Michigan,PROPERTY OWNED BY DEARBORN PUBLIC SCHOOLS,12.4,12.30452,11.69072,9.534360000000001
2750,Detroit,08/12/2025,10.6,Michigan,PROPERTY OWNED BY DEARBORN PUBLIC SCHOOLS,10.6,10.518379999999999,9.99368,8.15034
2751,Detroit,08/13/2025,8.7,Michigan,PROPERTY OWNED BY DEARBORN PUBLIC SCHOOLS,8.7,8.633009999999999,8.202359999999999,6.68943
2752,Detroit,08/14/2025,21.8,Michigan,PROPERTY OWNED BY DEARBORN PUBLIC SCHOOLS,21.8,21.63214,20.55304,16.76202
2753,Detroit,08/15/2025,24.2,Michigan,PROPERTY OWNED BY DEARBORN PUBLIC SCHOOLS,24.2,24.013659999999998,22.815759999999997,18.60738
2754,Detroit,08/16/2025,17.7,Michigan,PROPERTY OWNED BY DEARBORN PUBLIC SCHOOLS,17.7,17.563709999999997,16.687559999999998,13.60953
2755,Detroit,08/17/2025,6.0,Michigan,PROPERTY OWNED BY DEARBORN PUBLIC SCHOOLS,6.0,5.953799999999999,5.6568,4.6134
2756,Detroit,08/18/2025,3.0,Michigan,PROPERTY OWNED BY DEARBORN PUBLIC SCHOOLS,3.0,2.9768999999999997,2.8284,2.3067
2757,Detroit,08/19/2025,5.4,Michigan,PROPERTY OWNED BY DEARBORN PUBLIC SCHOOLS,5.4,5.35842,5.09112,4.1520600000000005
2758,Detroit,08/20/2025,2.9,Michigan,PROPERTY OWNED BY DEARBORN PUBLIC SCHOOLS,2.9,2.8776699999999997,2.73412,2.22981
2759,Detroit,08/21/2025,5.6,Michigan,PROPERTY OWNED BY DEARBORN PUBLIC SCHOOLS,5.6,5.55688,5.27968,4.30584
2760,Detroit,08/22/2025,6.8,Michigan,PROPERTY OWNED BY DEARBORN PUBLIC SCHOOLS,6.8,6.74764,6.41104,5.22852
2761,Detroit,08/23/2025,6.5,Michigan,PROPERTY OWNED BY DEARBORN PUBLIC SCHOOLS,6.5,6.449949999999999,6.1282,4.997850000000001
2762,Detroit,08/24/2025,3.7,Michigan,PROPERTY OWNED BY DEARBORN PUBLIC SCHOOLS,3.7,3.67151,3.48836,2.84493
2763,Detroit,08/25/2025,3.0,Michigan,PROPERTY OWNED BY DEARBORN PUBLIC SCHOOLS,3.0,2.9768999999999997,2.8284,2.3067
2764,Detroit,08/26/2025,4.4,Michigan,PROPERTY OWNED BY DEARBORN PUBLIC SCHOOLS,4.4,4.3661200000000004,4.14832,3.3831600000000006
2765,Detroit,08/27/2025,5.0,Michigan,PROPERTY OWNED BY DEARBORN PUBLIC SCHOOLS,5.0,4.9615,4.7139999999999995,3.8445
2766,Detroit,08/28/2025,6.2,Michigan,PROPERTY OWNED BY DEARBORN PUBLIC SCHOOLS,6.2,6.15226,5.84536,4.767180000000001
2767,Detroit,08/29/2025,4.3,Michigan,PROPERTY OWNED BY DEARBORN PUBLIC SCHOOLS,4.3,4.26689,4.05404,3.30627
2768,Detroit,08/30/2025,5.6,Michigan,PROPERTY OWNED BY DEARBORN PUBLIC SCHOOLS,5.6,5.55688,5.27968,4.30584
2769,Detroit,08/31/2025,8.8,Michigan,PROPERTY OWNED BY DEARBORN PUBLIC SCHOOLS,8.8,8.732240000000001,8.29664,6.766320000000001
2770,Detroit,09/01/2025,7.1,Michigan,PROPERTY OWNED BY DEARBORN PUBLIC SCHOOLS,7.1,7.045329999999999,6.693879999999999,5.4591899999999995
2771,Detroit,09/02/2025,7.1,Michigan,PROPERTY OWNED BY DEARBORN PUBLIC SCHOOLS,7.1,7.045329999999999,6.693879999999999,5.4591899999999995
2772,Detroit,09/03/2025,7.7,Michigan,PROPERTY OWNED BY DEARBORN PUBLIC SCHOOLS,7.7,7.6407099999999994,7.25956,5.92053
2773,Detroit,09/04/2025,6.3,Michigan,PROPERTY OWNED BY DEARBORN PUBLIC SCHOOLS,6.3,6.2514899999999995,5.93964,4.84407
2774,Detroit,09/05/2025,9.4,Michigan,PROPERTY OWNED BY DEARBORN PUBLIC SCHOOLS,9.4,9.32762,8.86232,7.22766
2775,Detroit,09/06/2025,4.0,Michigan,PROPERTY OWNED BY DEARBORN PUBLIC SCHOOLS,4.0,3.9692,3.7712,3.0756
2776,Detroit,09/07/2025,4.5,Michigan,PROPERTY OWNED BY DEARBORN PUBLIC SCHOOLS,4.5,4.46535,4.2425999999999995,3.4600500000000003
2777,Detroit,09/08/2025,6.7,Michigan,PROPERTY OWNED BY DEARBORN PUBLIC SCHOOLS,6.7,6.64841,6.31676,5.15163
2778,Detroit,09/09/2025,5.5,Michigan,PROPERTY OWNED BY DEARBORN PUBLIC SCHOOLS,5.5,5.45765,5.1854,4.22895
2779,Detroit,09/10/2025,10.9,Michigan,PROPERTY OWNED BY DEARBORN PUBLIC SCHOOLS,10.9,10.81607,10.27652,8.38101
2780,Detroit,09/11/2025,16.0,Michigan,PROPERTY OWNED BY DEARBORN PUBLIC SCHOOLS,16.0,15.8768,15.0848,12.3024
2781,Detroit,09/12/2025,12.6,Michigan,PROPERTY OWNED BY DEARBORN PUBLIC SCHOOLS,12.6,12.502979999999999,11.87928,9.68814
2782,Detroit,09/13/2025,19.3,Michigan,PROPERTY OWNED BY DEARBORN PUBLIC SCHOOLS,19.3,19.15139,18.19604,14.839770000000001
2783,Detroit,09/14/2025,21.3,Michigan,PROPERTY OWNED BY DEARBORN PUBLIC SCHOOLS,21.3,21.13599,20.08164,16.377570000000002
2784,Detroit,09/15/2025,12.9,Michigan,PROPERTY OWNED BY DEARBORN PUBLIC SCHOOLS,12.9,12.80067,12.16212,9.91881
2785,Detroit,09/16/2025,9.9,Michigan,PROPERTY OWNED BY DEARBORN PUBLIC SCHOOLS,9.9,9.82377,9.33372,7.61211
2786,Detroit,09/17/2025,11.9,Michigan,PROPERTY OWNED BY DEARBORN PUBLIC SCHOOLS,11.9,11.80837,11.21932,9.14991
2787,Detroit,09/18/2025,13.7,Michigan,PROPERTY OWNED BY DEARBORN PUBLIC SCHOOLS,13.7,13.594509999999998,12.91636,10.53393
2788,Detroit,09/19/2025,6.3,Michigan,PROPERTY OWNED BY DEARBORN PUBLIC SCHOOLS,6.3,6.2514899999999995,5.93964,4.84407
2789,Detroit,09/20/2025,3.5,Michigan,PROPERTY OWNED BY DEARBORN PUBLIC SCHOOLS,3.5,3.4730499999999997,3.2998,2.69115
2790,Detroit,09/21/2025,7.5,Michigan,PROPERTY OWNED BY DEARBORN PUBLIC SCHOOLS,7.5,7.44225,7.071,5.76675
2791,Detroit,09/22/2025,8.3,Michigan,PROPERTY OWNED BY DEARBORN PUBLIC SCHOOLS,8.3,8.23609,7.825240000000001,6.381870000000001
2792,Detroit,09/23/2025,9.4,Michigan,PROPERTY OWNED BY DEARBORN PUBLIC SCHOOLS,9.4,9.32762,8.86232,7.22766
2793,Detroit,09/24/2025,7.4,Michigan,PROPERTY OWNED BY DEARBORN PUBLIC SCHOOLS,7.4,7.34302,6.97672,5.68986
2794,Detroit,09/25/2025,7.3,Michigan,PROPERTY OWNED BY DEARBORN PUBLIC SCHOOLS,7.3,7.24379,6.88244,5.61297
2795,Detroit,09/26/2025,6.4,Michigan,PROPERTY OWNED BY DEARBORN PUBLIC SCHOOLS,6.4,6.35072,6.03392,4.920960000000001
2796,Detroit,09/27/2025,9.5,Michigan,PROPERTY OWNED BY DEARBORN PUBLIC SCHOOLS,9.5,9.42685,8.9566,7.30455
2797,Detroit,09/28/2025,9.4,Michigan,PROPERTY OWNED BY DEARBORN PUBLIC SCHOOLS,9.4,9.32762,8.86232,7.22766
2798,Detroit,09/29/2025,9.8,Michigan,PROPERTY OWNED BY DEARBORN PUBLIC SCHOOLS,9.8,9.724540000000001,9.23944,7.535220000000001
2799,Detroit,09/30/2025,9.0,Michigan,PROPERTY OWNED BY DEARBORN PUBLIC SCHOOLS,9.0,8.9307,8.485199999999999,6.920100000000001
2800,Detroit,10/01/2025,5.0,Michigan,PROPERTY OWNED BY DEARBORN PUBLIC SCHOOLS,5.0,4.9615,4.7139999999999995,3.8445
2801,Detroit,10/02/2025,5.1,Michigan,PROPERTY OWNED BY DEARBORN PUBLIC SCHOOLS,5.1,5.0607299999999995,4.80828,3.9213899999999997
2802,Detroit,10/03/2025,16.7,Michigan,PROPERTY OWNED BY DEARBORN PUBLIC SCHOOLS,16.7,16.57141,15.74476,12.840629999999999
2803,Detroit,10/04/2025,14.3,Michigan,PROPERTY OWNED BY DEARBORN PUBLIC SCHOOLS,14.3,14.18989,13.48204,10.995270000000001
2804,Detroit,10/05/2025,11.7,Michigan,PROPERTY OWNED BY DEARBORN PUBLIC SCHOOLS,11.7,11.60991,11.030759999999999,8.996129999999999
2805,Detroit,10/06/2025,6.2,Michigan,PROPERTY OWNED BY DEARBORN PUBLIC SCHOOLS,6.2,6.15226,5.84536,4.767180000000001
2806,Detroit,10/07/2025,3.5,Michigan,PROPERTY OWNED BY DEARBORN PUBLIC SCHOOLS,3.5,3.4730499999999997,3.2998,2.69115
2807,Detroit,10/08/2025,4.1,Michigan,PROPERTY OWNED BY DEARBORN PUBLIC SCHOOLS,4.1,4.068429999999999,3.8654799999999994,3.15249
2808,Detroit,10/09/2025,3.8,Michigan,PROPERTY OWNED BY DEARBORN PUBLIC SCHOOLS,3.8,3.7707399999999995,3.5826399999999996,2.92182
2809,Detroit,10/10/2025,7.2,Michigan,PROPERTY OWNED BY DEARBORN PUBLIC SCHOOLS,7.2,7.14456,6.7881599999999995,5.53608
2810,Detroit,10/11/2025,4.6,Michigan,PROPERTY OWNED BY DEARBORN PUBLIC SCHOOLS,4.6,4.564579999999999,4.33688,3.53694
2811,Detroit,10/12/2025,6.1,Michigan,PROPERTY OWNED BY DEARBORN PUBLIC SCHOOLS,6.1,6.05303,5.751079999999999,4.69029
2812,Detroit,10/13/2025,6.2,Michigan,PROPERTY OWNED BY DEARBORN PUBLIC SCHOOLS,6.2,6.15226,5.84536,4.767180000000001
2813,Detroit,10/14/2025,12.4,Michigan,PROPERTY OWNED BY DEARBORN PUBLIC SCHOOLS,12.4,12.30452,11.69072,9.534360000000001
2814,Detroit,10/15/2025,2.6,Michigan,PROPERTY OWNED BY DEARBORN PUBLIC SCHOOLS,2.6,2.57998,2.45128,1.9991400000000001
2815,Detroit,10/16/2025,5.5,Michigan,PROPERTY OWNED BY DEARBORN PUBLIC SCHOOLS,5.5,5.45765,5.1854,4.22895
2816,Detroit,10/17/2025,6.7,Michigan,PROPERTY OWNED BY DEARBORN PUBLIC SCHOOLS,6.7,6.64841,6.31676,5.15163
2817,Detroit,10/18/2025,9.2,Michigan,PROPERTY OWNED BY DEARBORN PUBLIC SCHOOLS,9.2,9.129159999999999,8.67376,7.07388
2818,Detroit,10/19/2025,5.7,Michigan,PROPERTY OWNED BY DEARBORN PUBLIC SCHOOLS,5.7,5.65611,5.37396,4.3827300000000005
2819,Detroit,10/20/2025,4.4,Michigan,PROPERTY OWNED BY DEARBORN PUBLIC SCHOOLS,4.4,4.3661200000000004,4.14832,3.3831600000000006
2820,Detroit,10/21/2025,3.2,Michigan,PROPERTY OWNED BY DEARBORN PUBLIC SCHOOLS,3.2,3.17536,3.01696,2.4604800000000004
2821,Detroit,10/22/2025,2.4,Michigan,PROPERTY OWNED BY DEARBORN PUBLIC SCHOOLS,2.4,2.3815199999999996,2.26272,1.84536
2822,Detroit,10/23/2025,1.8,Michigan,PROPERTY OWNED BY DEARBORN PUBLIC SCHOOLS,1.8,1.78614,1.6970399999999999,1.38402
2823,Detroit,10/24/2025,2.8,Michigan,PROPERTY OWNED BY DEARBORN PUBLIC SCHOOLS,2.8,2.77844,2.63984,2.15292
2824,Detroit,10/25/2025,6.1,Michigan,PROPERTY OWNED BY DEARBORN PUBLIC SCHOOLS,6.1,6.05303,5.751079999999999,4.69029
2825,Detroit,10/26/2025,5.8,Michigan,PROPERTY OWNED BY DEARBORN PUBLIC SCHOOLS,5.8,5.7553399999999995,5.46824,4.45962
2826,Detroit,10/27/2025,4.3,Michigan,PROPERTY OWNED BY DEARBORN PUBLIC SCHOOLS,4.3,4.26689,4.05404,3.30627
2827,Detroit,10/28/2025,3.5,Michigan,PROPERTY OWNED BY DEARBORN PUBLIC SCHOOLS,3.5,3.4730499999999997,3.2998,2.69115
2828,Detroit,10/29/2025,5.7,Michigan,PROPERTY OWNED BY DEARBORN PUBLIC SCHOOLS,5.7,5.65611,5.37396,4.3827300000000005
2829,Detroit,10/30/2025,4.8,Michigan,PROPERTY OWNED BY DEARBORN PUBLIC SCHOOLS,4.8,4.763039999999999,4.52544,3.69072
2830,Detroit,10/31/2025,3.6,Michigan,PROPERTY OWNED BY DEARBORN PUBLIC SCHOOLS,3.6,3.57228,3.3940799999999998,2.76804
2831,Detroit,11/01/2025,10.6,Michigan,PROPERTY OWNED BY DEARBORN PUBLIC SCHOOLS,10.6,10.518379999999999,9.99368,8.15034
2832,Detroit,11/02/2025,15.6,Michigan,PROPERTY OWNED BY DEARBORN PUBLIC SCHOOLS,15.6,15.47988,14.70768,11.99484
2833,Detroit,11/03/2025,5.5,Michigan,PROPERTY OWNED BY DEARBORN PUBLIC SCHOOLS,5.5,5.45765,5.1854,4.22895
2834,Detroit,11/04/2025,4.1,Michigan,PROPERTY OWNED BY DEARBORN PUBLIC SCHOOLS,4.1,4.068429999999999,3.8654799999999994,3.15249
2835,Detroit,11/05/2025,6.6,Michigan,PROPERTY OWNED BY DEARBORN PUBLIC SCHOOLS,6.6,6.54918,6.222479999999999,5.07474
2836,Detroit,11/06/2025,4.7,Michigan,PROPERTY OWNED BY DEARBORN PUBLIC SCHOOLS,4.7,4.66381,4.43116,3.61383
2837,Detroit,11/07/2025,7.5,Michigan,PROPERTY OWNED BY DEARBORN PUBLIC SCHOOLS,7.5,7.44225,7.071,5.76675
2838,Detroit,11/08/2025,3.5,Michigan,PROPERTY OWNED BY DEARBORN PUBLIC SCHOOLS,3.5,3.4730499999999997,3.2998,2.69115
2839,Detroit,11/09/2025,4.3,Michigan,PROPERTY OWNED BY DEARBORN PUBLIC SCHOOLS,4.3,4.26689,4.05404,3.30627
2840,Detroit,11/10/2025,2.6,Michigan,PROPERTY OWNED BY DEARBORN PUBLIC SCHOOLS,2.6,2.57998,2.45128,1.9991400000000001
2841,Detroit,11/11/2025,4.6,Michigan,PROPERTY OWNED BY DEARBORN PUBLIC SCHOOLS,4.6,4.564579999999999,4.33688,3.53694
2842,Detroit,11/12/2025,5.2,Michigan,PROPERTY OWNED BY DEARBORN PUBLIC SCHOOLS,5.2,5.15996,4.90256,3.9982800000000003
2843,Detroit,11/13/2025,4.5,Michigan,PROPERTY OWNED BY DEARBORN PUBLIC SCHOOLS,4.5,4.46535,4.2425999999999995,3.4600500000000003
2844,Detroit,11/14/2025,13.8,Michigan,PROPERTY OWNED BY DEARBORN PUBLIC SCHOOLS,13.8,13.69374,13.01064,10.61082
2845,Detroit,11/15/2025,17.5,Michigan,PROPERTY OWNED BY DEARBORN PUBLIC SCHOOLS,17.5,17.36525,16.499,13.45575
2846,Detroit,11/16/2025,2.6,Michigan,PROPERTY OWNED BY DEARBORN PUBLIC SCHOOLS,2.6,2.57998,2.45128,1.9991400000000001
2847,Detroit,11/17/2025,5.5,Michigan,PROPERTY OWNED BY DEARBORN PUBLIC SCHOOLS,5.5,5.45765,5.1854,4.22895
2848,Detroit,11/18/2025,12.1,Michigan,PROPERTY OWNED BY DEARBORN PUBLIC SCHOOLS,12.1,12.006829999999999,11.407879999999999,9.30369
2849,Detroit,11/19/2025,7.0,Michigan,PROPERTY OWNED BY DEARBORN PUBLIC SCHOOLS,7.0,6.9460999999999995,6.5996,5.3823
2850,Detroit,11/20/2025,17.3,Michigan,PROPERTY OWNED BY DEARBORN PUBLIC SCHOOLS,17.3,17.16679,16.31044,13.30197
2851,Detroit,11/21/2025,13.0,Michigan,PROPERTY OWNED BY DEARBORN PUBLIC SCHOOLS,13.0,12.899899999999999,12.2564,9.995700000000001
2852,Detroit,11/22/2025,6.3,Michigan,PROPERTY OWNED BY DEARBORN PUBLIC SCHOOLS,6.3,6.2514899999999995,5.93964,4.84407
2853,Detroit,11/23/2025,6.5,Michigan,PROPERTY OWNED BY DEARBORN PUBLIC SCHOOLS,6.5,6.449949999999999,6.1282,4.997850000000001
2854,Detroit,11/24/2025,14.1,Michigan,PROPERTY OWNED BY DEARBORN PUBLIC SCHOOLS,14.1,13.99143,13.293479999999999,10.84149
2855,Detroit,11/25/2025,12.5,Michigan,PROPERTY OWNED BY DEARBORN PUBLIC SCHOOLS,12.5,12.403749999999999,11.785,9.61125
2856,Detroit,11/26/2025,4.3,Michigan,PROPERTY OWNED BY DEARBORN PUBLIC SCHOOLS,4.3,4.26689,4.05404,3.30627
2857,Detroit,11/27/2025,1.3,Michigan,PROPERTY OWNED BY DEARBORN PUBLIC SCHOOLS,1.3,1.28999,1.22564,0.9995700000000001
2858,Detroit,11/28/2025,1.9,Michigan,PROPERTY OWNED BY DEARBORN PUBLIC SCHOOLS,1.9,1.8853699999999998,1.7913199999999998,1.46091
2859,Detroit,11/29/2025,5.0,Michigan,PROPERTY OWNED BY DEARBORN PUBLIC SCHOOLS,5.0,4.9615,4.7139999999999995,3.8445
2860,Detroit,11/30/2025,5.4,Michigan,PROPERTY OWNED BY DEARBORN PUBLIC SCHOOLS,5.4,5.35842,5.09112,4.1520600000000005
2861,Detroit,12/01/2025,5.0,Michigan,PROPERTY OWNED BY DEARBORN PUBLIC SCHOOLS,5.0,4.9615,4.7139999999999995,3.8445
2862,Detroit,12/02/2025,10.7,Michigan,PROPERTY OWNED BY DEARBORN PUBLIC SCHOOLS,10.7,10.617609999999999,10.087959999999999,8.22723
2863,Detroit,12/03/2025,19.4,Michigan,PROPERTY OWNED BY DEARBORN PUBLIC SCHOOLS,19.4,19.250619999999998,18.290319999999998,14.91666
2864,Detroit,12/04/2025,8.0,Michigan,PROPERTY OWNED BY DEARBORN PUBLIC SCHOOLS,8.0,7.9384,7.5424,6.1512
2865,Detroit,12/05/2025,16.0,Michigan,PROPERTY OWNED BY DEARBORN PUBLIC SCHOOLS,16.0,15.8768,15.0848,12.3024
2866,Detroit,12/06/2025,17.9,Michigan,PROPERTY OWNED BY DEARBORN PUBLIC SCHOOLS,17.9,17.762169999999998,16.876119999999997,13.763309999999999
2867,Detroit,12/07/2025,8.0,Michigan,PROPERTY OWNED BY DEARBORN PUBLIC SCHOOLS,8.0,7.9384,7.5424,6.1512
2868,Detroit,12/08/2025,4.0,Michigan,PROPERTY OWNED BY DEARBORN PUBLIC SCHOOLS,4.0,3.9692,3.7712,3.0756
2869,Detroit,12/09/2025,10.6,Michigan,PROPERTY OWNED BY DEARBORN PUBLIC SCHOOLS,10.6,10.518379999999999,9.99368,8.15034
2870,Detroit,12/10/2025,6.8,Michigan,PROPERTY OWNED BY DEARBORN PUBLIC SCHOOLS,6.8,6.74764,6.41104,5.22852
2871,Detroit,12/11/2025,3.1,Michigan,PROPERTY OWNED BY DEARBORN PUBLIC SCHOOLS,3.1,3.07613,2.92268,2.3835900000000003
2872,Detroit,12/12/2025,6.1,Michigan,PROPERTY OWNED BY DEARBORN PUBLIC SCHOOLS,6.1,6.05303,5.751079999999999,4.69029
2873,Detroit,12/13/2025,8.6,Michigan,PROPERTY OWNED BY DEARBORN PUBLIC SCHOOLS,8.6,8.53378,8.10808,6.61254
2874,Detroit,12/14/2025,3.4,Michigan,PROPERTY OWNED BY DEARBORN PUBLIC SCHOOLS,3.4,3.37382,3.20552,2.61426
2875,Detroit,12/15/2025,6.8,Michigan,PROPERTY OWNED BY DEARBORN PUBLIC SCHOOLS,6.8,6.74764,6.41104,5.22852
2876,Detroit,12/16/2025,15.4,Michigan,PROPERTY OWNED BY DEARBORN PUBLIC SCHOOLS,15.4,15.281419999999999,14.51912,11.84106
2877,Detroit,12/17/2025,15.0,Michigan,PROPERTY OWNED BY DEARBORN PUBLIC SCHOOLS,15.0,14.8845,14.142,11.5335
2878,Detroit,12/18/2025,14.5,Michigan,PROPERTY OWNED BY DEARBORN PUBLIC SCHOOLS,14.5,14.388349999999999,13.6706,11.14905
2879,Detroit,12/19/2025,4.9,Michigan,PROPERTY OWNED BY DEARBORN PUBLIC SCHOOLS,4.9,4.8622700000000005,4.61972,3.7676100000000003
2880,Detroit,12/20/2025,5.9,Michigan,PROPERTY OWNED BY DEARBORN PUBLIC SCHOOLS,5.9,5.85457,5.56252,4.536510000000001
2881,Detroit,12/21/2025,5.6,Michigan,PROPERTY OWNED BY DEARBORN PUBLIC SCHOOLS,5.6,5.55688,5.27968,4.30584
2882,Detroit,12/22/2025,11.6,Michigan,PROPERTY OWNED BY DEARBORN PUBLIC SCHOOLS,11.6,11.510679999999999,10.93648,8.91924
2883,Detroit,12/23/2025,10.9,Michigan,PROPERTY OWNED BY DEARBORN PUBLIC SCHOOLS,10.9,10.81607,10.27652,8.38101
2884,Detroit,12/24/2025,15.0,Michigan,PROPERTY OWNED BY DEARBORN PUBLIC SCHOOLS,15.0,14.8845,14.142,11.5335
2885,Detroit,12/25/2025,10.0,Michigan,PROPERTY OWNED BY DEARBORN PUBLIC SCHOOLS,10.0,9.923,9.427999999999999,7.689
2886,Detroit,12/26/2025,5.0,Michigan,PROPERTY OWNED BY DEARBORN PUBLIC SCHOOLS,5.0,4.9615,4.7139999999999995,3.8445
2887,Detroit,12/27/2025,5.9,Michigan,PROPERTY OWNED BY DEARBORN PUBLIC SCHOOLS,5.9,5.85457,5.56252,4.536510000000001
2888,Detroit,12/28/2025,11.0,Michigan,PROPERTY OWNED BY DEARBORN PUBLIC SCHOOLS,11.0,10.9153,10.3708,8.4579
2889,Detroit,12/29/2025,2.5,Michigan,PROPERTY OWNED BY DEARBORN PUBLIC SCHOOLS,2.5,2.48075,2.3569999999999998,1.92225
2890,Detroit,12/30/2025,3.7,Michigan,PROPERTY OWNED BY DEARBORN PUBLIC SCHOOLS,3.7,3.67151,3.48836,2.84493
2891,Detroit,12/31/2025,7.0,Michigan,PROPERTY OWNED BY DEARBORN PUBLIC SCHOOLS,7.0,6.9460999999999995,6.5996,5.3823
2892,Detroit,01/01/2025,7.7,Michigan,Eliza Howell-NR,7.7,7.6407099999999994,7.25956,5.92053
2893,Detroit,01/02/2025,9.7,Michigan,Eliza Howell-NR,9.7,9.625309999999999,9.145159999999999,7.45833
2894,Detroit,01/03/2025,8.7,Michigan,Eliza Howell-NR,8.7,8.633009999999999,8.202359999999999,6.68943
2895,Detroit,01/04/2025,6.3,Michigan,Eliza Howell-NR,6.3,6.2514899999999995,5.93964,4.84407
2896,Detroit,01/05/2025,8.6,Michigan,Eliza Howell-NR,8.6,8.53378,8.10808,6.61254
2897,Detroit,01/06/2025,7.0,Michigan,Eliza Howell-NR,7.0,6.9460999999999995,6.5996,5.3823
2898,Detroit,01/07/2025,5.4,Michigan,Eliza Howell-NR,5.4,5.35842,5.09112,4.1520600000000005
2899,Detroit,01/08/2025,6.2,Michigan,Eliza Howell-NR,6.2,6.15226,5.84536,4.767180000000001
2900,Detroit,01/09/2025,10.4,Michigan,Eliza Howell-NR,10.4,10.31992,9.80512,7.996560000000001
2901,Detroit,01/10/2025,28.9,Michigan,Eliza Howell-NR,28.9,28.677469999999996,27.24692,22.22121
2902,Detroit,01/11/2025,20.3,Michigan,Eliza Howell-NR,20.3,20.14369,19.138840000000002,15.608670000000002
2903,Detroit,01/12/2025,20.0,Michigan,Eliza Howell-NR,20.0,19.846,18.855999999999998,15.378
2904,Detroit,01/13/2025,13.8,Michigan,Eliza Howell-NR,13.8,13.69374,13.01064,10.61082
2905,Detroit,01/14/2025,12.9,Michigan,Eliza Howell-NR,12.9,12.80067,12.16212,9.91881
2906,Detroit,01/15/2025,15.1,Michigan,Eliza Howell-NR,15.1,14.98373,14.236279999999999,11.61039
2907,Detroit,01/16/2025,21.9,Michigan,Eliza Howell-NR,21.9,21.73137,20.647319999999997,16.83891
2908,Detroit,01/17/2025,15.8,Michigan,Eliza Howell-NR,15.8,15.67834,14.89624,12.148620000000001
2909,Detroit,01/18/2025,9.8,Michigan,Eliza Howell-NR,9.8,9.724540000000001,9.23944,7.535220000000001
2910,Detroit,01/19/2025,7.3,Michigan,Eliza Howell-NR,7.3,7.24379,6.88244,5.61297
2911,Detroit,01/20/2025,11.7,Michigan,Eliza Howell-NR,11.7,11.60991,11.030759999999999,8.996129999999999
2912,Detroit,01/21/2025,16.2,Michigan,Eliza Howell-NR,16.2,16.07526,15.273359999999998,12.45618
2913,Detroit,01/22/2025,15.7,Michigan,Eliza Howell-NR,15.7,15.579109999999998,14.80196,12.07173
2914,Detroit,01/23/2025,16.5,Michigan,Eliza Howell-NR,16.5,16.37295,15.556199999999999,12.68685
2915,Detroit,01/24/2025,19.9,Michigan,Eliza Howell-NR,19.9,19.746769999999998,18.761719999999997,15.30111
2916,Detroit,01/25/2025,19.2,Michigan,Eliza Howell-NR,19.2,19.052159999999997,18.10176,14.76288
2917,Detroit,01/26/2025,8.5,Michigan,Eliza Howell-NR,8.5,8.43455,8.0138,6.53565
2918,Detroit,01/27/2025,13.5,Michigan,Eliza Howell-NR,13.5,13.396049999999999,12.7278,10.38015
2919,Detroit,01/28/2025,9.5,Michigan,Eliza Howell-NR,9.5,9.42685,8.9566,7.30455
2920,Detroit,01/29/2025,7.0,Michigan,Eliza Howell-NR,7.0,6.9460999999999995,6.5996,5.3823
2921,Detroit,01/30/2025,8.6,Michigan,Eliza Howell-NR,8.6,8.53378,8.10808,6.61254
2922,Detroit,01/31/2025,7.4,Michigan,Eliza Howell-NR,7.4,7.34302,6.97672,5.68986
2923,Detroit,02/01/2025,6.4,Michigan,Eliza Howell-NR,6.4,6.35072,6.03392,4.920960000000001
2924,Detroit,02/02/2025,8.5,Michigan,Eliza Howell-NR,8.5,8.43455,8.0138,6.53565
2925,Detroit,02/03/2025,10.0,Michigan,Eliza Howell-NR,10.0,9.923,9.427999999999999,7.689
2926,Detroit,02/04/2025,5.8,Michigan,Eliza Howell-NR,5.8,5.7553399999999995,5.46824,4.45962
2927,Detroit,02/05/2025,6.8,Michigan,Eliza Howell-NR,6.8,6.74764,6.41104,5.22852
2928,Detroit,02/06/2025,6.4,Michigan,Eliza Howell-NR,6.4,6.35072,6.03392,4.920960000000001
2929,Detroit,02/07/2025,10.1,Michigan,Eliza Howell-NR,10.1,10.022229999999999,9.522279999999999,7.76589
2930,Detroit,02/08/2025,7.9,Michigan,Eliza Howell-NR,7.9,7.83917,7.44812,6.0743100000000005
2931,Detroit,02/09/2025,7.5,Michigan,Eliza Howell-NR,7.5,7.44225,7.071,5.76675
2932,Detroit,02/10/2025,15.0,Michigan,Eliza Howell-NR,15.0,14.8845,14.142,11.5335
2933,Detroit,02/11/2025,18.2,Michigan,Eliza Howell-NR,18.2,18.059859999999997,17.15896,13.99398
2934,Detroit,02/12/2025,13.9,Michigan,Eliza Howell-NR,13.9,13.79297,13.10492,10.687710000000001
2935,Detroit,02/13/2025,12.7,Michigan,Eliza Howell-NR,12.7,12.60221,11.973559999999999,9.76503
2936,Detroit,02/14/2025,26.5,Michigan,Eliza Howell-NR,26.5,26.295949999999998,24.984199999999998,20.37585
2937,Detroit,02/15/2025,22.3,Michigan,Eliza Howell-NR,22.3,22.12829,21.02444,17.14647
2938,Detroit,02/16/2025,11.7,Michigan,Eliza Howell-NR,11.7,11.60991,11.030759999999999,8.996129999999999
2939,Detroit,02/17/2025,10.7,Michigan,Eliza Howell-NR,10.7,10.617609999999999,10.087959999999999,8.22723
2940,Detroit,02/18/2025,14.0,Michigan,Eliza Howell-NR,14.0,13.892199999999999,13.1992,10.7646
2941,Detroit,02/19/2025,8.5,Michigan,Eliza Howell-NR,8.5,8.43455,8.0138,6.53565
2942,Detroit,02/20/2025,10.8,Michigan,Eliza Howell-NR,10.8,10.71684,10.18224,8.304120000000001
2943,Detroit,02/21/2025,9.8,Michigan,Eliza Howell-NR,9.8,9.724540000000001,9.23944,7.535220000000001
2944,Detroit,02/22/2025,22.9,Michigan,Eliza Howell-NR,22.9,22.72367,21.59012,17.60781
2945,Detroit,02/23/2025,22.7,Michigan,Eliza Howell-NR,22.7,22.525209999999998,21.40156,17.45403
2946,Detroit,02/24/2025,20.1,Michigan,Eliza Howell-NR,20.1,19.945230000000002,18.95028,15.454890000000002
2947,Detroit,02/25/2025,12.3,Michigan,Eliza Howell-NR,12.3,12.20529,11.596440000000001,9.45747
2948,Detroit,02/26/2025,16.3,Michigan,Eliza Howell-NR,16.3,16.17449,15.36764,12.53307
2949,Detroit,02/27/2025,15.7,Michigan,Eliza Howell-NR,15.7,15.579109999999998,14.80196,12.07173
2950,Detroit,02/28/2025,10.6,Michigan,Eliza Howell-NR,10.6,10.518379999999999,9.99368,8.15034
2951,Detroit,03/01/2025,6.5,Michigan,Eliza Howell-NR,6.5,6.449949999999999,6.1282,4.997850000000001
2952,Detroit,03/02/2025,9.0,Michigan,Eliza Howell-NR,9.0,8.9307,8.485199999999999,6.920100000000001
2953,Detroit,03/03/2025,17.3,Michigan,Eliza Howell-NR,17.3,17.16679,16.31044,13.30197
2954,Detroit,03/04/2025,16.3,Michigan,Eliza Howell-NR,16.3,16.17449,15.36764,12.53307
2955,Detroit,03/05/2025,10.0,Michigan,Eliza Howell-NR,10.0,9.923,9.427999999999999,7.689
2956,Detroit,03/06/2025,6.6,Michigan,Eliza Howell-NR,6.6,6.54918,6.222479999999999,5.07474
2957,Detroit,03/07/2025,12.0,Michigan,Eliza Howell-NR,12.0,11.907599999999999,11.3136,9.2268
2958,Detroit,03/08/2025,8.2,Michigan,Eliza Howell-NR,8.2,8.136859999999999,7.730959999999999,6.30498
2959,Detroit,03/09/2025,8.4,Michigan,Eliza Howell-NR,8.4,8.33532,7.91952,6.458760000000001
2960,Detroit,03/10/2025,11.6,Michigan,Eliza Howell-NR,11.6,11.510679999999999,10.93648,8.91924
2961,Detroit,03/11/2025,9.3,Michigan,Eliza Howell-NR,9.3,9.228390000000001,8.768040000000001,7.1507700000000005
2962,Detroit,03/12/2025,6.4,Michigan,Eliza Howell-NR,6.4,6.35072,6.03392,4.920960000000001
2963,Detroit,03/13/2025,15.2,Michigan,Eliza Howell-NR,15.2,15.082959999999998,14.330559999999998,11.68728
2964,Detroit,03/14/2025,18.6,Michigan,Eliza Howell-NR,18.6,18.456780000000002,17.536080000000002,14.301540000000001
2965,Detroit,03/15/2025,11.3,Michigan,Eliza Howell-NR,11.3,11.21299,10.653640000000001,8.68857
2966,Detroit,03/16/2025,7.3,Michigan,Eliza Howell-NR,7.3,7.24379,6.88244,5.61297
2967,Detroit,03/17/2025,8.5,Michigan,Eliza Howell-NR,8.5,8.43455,8.0138,6.53565
2968,Detroit,03/18/2025,11.4,Michigan,Eliza Howell-NR,11.4,11.31222,10.74792,8.765460000000001
2969,Detroit,03/19/2025,12.2,Michigan,Eliza Howell-NR,12.2,12.10606,11.502159999999998,9.38058
2970,Detroit,03/20/2025,6.1,Michigan,Eliza Howell-NR,6.1,6.05303,5.751079999999999,4.69029
2971,Detroit,03/21/2025,8.5,Michigan,Eliza Howell-NR,8.5,8.43455,8.0138,6.53565
2972,Detroit,03/22/2025,8.5,Michigan,Eliza Howell-NR,8.5,8.43455,8.0138,6.53565
2973,Detroit,03/23/2025,9.9,Michigan,Eliza Howell-NR,9.9,9.82377,9.33372,7.61211
2974,Detroit,03/24/2025,9.0,Michigan,Eliza Howell-NR,9.0,8.9307,8.485199999999999,6.920100000000001
2975,Detroit,03/25/2025,7.4,Michigan,Eliza Howell-NR,7.4,7.34302,6.97672,5.68986
2976,Detroit,03/26/2025,7.5,Michigan,Eliza Howell-NR,7.5,7.44225,7.071,5.76675
2977,Detroit,03/27/2025,13.7,Michigan,Eliza Howell-NR,13.7,13.594509999999998,12.91636,10.53393
2978,Detroit,03/28/2025,14.4,Michigan,Eliza Howell-NR,14.4,14.28912,13.576319999999999,11.07216
2979,Detroit,03/29/2025,10.4,Michigan,Eliza Howell-NR,10.4,10.31992,9.80512,7.996560000000001
2980,Detroit,03/30/2025,8.1,Michigan,Eliza Howell-NR,8.1,8.03763,7.636679999999999,6.22809
2981,Detroit,03/31/2025,5.1,Michigan,Eliza Howell-NR,5.1,5.0607299999999995,4.80828,3.9213899999999997
2982,Detroit,04/01/2025,7.6,Michigan,Eliza Howell-NR,7.6,7.541479999999999,7.165279999999999,5.84364
2983,Detroit,04/02/2025,11.0,Michigan,Eliza Howell-NR,11.0,10.9153,10.3708,8.4579
2984,Detroit,04/03/2025,6.2,Michigan,Eliza Howell-NR,6.2,6.15226,5.84536,4.767180000000001
2985,Detroit,04/04/2025,7.9,Michigan,Eliza Howell-NR,7.9,7.83917,7.44812,6.0743100000000005
2986,Detroit,04/05/2025,7.7,Michigan,Eliza Howell-NR,7.7,7.6407099999999994,7.25956,5.92053
2987,Detroit,04/06/2025,7.8,Michigan,Eliza Howell-NR,7.8,7.73994,7.35384,5.99742
2988,Detroit,04/07/2025,9.4,Michigan,Eliza Howell-NR,9.4,9.32762,8.86232,7.22766
2989,Detroit,04/08/2025,7.6,Michigan,Eliza Howell-NR,7.6,7.541479999999999,7.165279999999999,5.84364
2990,Detroit,04/11/2025,9.6,Michigan,Eliza Howell-NR,9.6,9.526079999999999,9.05088,7.38144
2991,Detroit,04/12/2025,10.7,Michigan,Eliza Howell-NR,10.7,10.617609999999999,10.087959999999999,8.22723
2992,Detroit,04/13/2025,11.5,Michigan,Eliza Howell-NR,11.5,11.41145,10.8422,8.84235
2993,Detroit,04/14/2025,9.1,Michigan,Eliza Howell-NR,9.1,9.029929999999998,8.57948,6.99699
2994,Detroit,04/15/2025,5.1,Michigan,Eliza Howell-NR,5.1,5.0607299999999995,4.80828,3.9213899999999997
2995,Detroit,04/16/2025,7.0,Michigan,Eliza Howell-NR,7.0,6.9460999999999995,6.5996,5.3823
2996,Detroit,04/17/2025,11.2,Michigan,Eliza Howell-NR,11.2,11.11376,10.55936,8.61168
2997,Detroit,04/18/2025,14.7,Michigan,Eliza Howell-NR,14.7,14.586809999999998,13.85916,11.30283
2998,Detroit,04/19/2025,11.0,Michigan,Eliza Howell-NR,11.0,10.9153,10.3708,8.4579
2999,Detroit,04/20/2025,6.4,Michigan,Eliza Howell-NR,6.4,6.35072,6.03392,4.920960000000001
3000,Detroit,04/21/2025,7.8,Michigan,Eliza Howell-NR,7.8,7.73994,7.35384,5.99742
3001,Detroit,04/22/2025,6.7,Michigan,Eliza Howell-NR,6.7,6.64841,6.31676,5.15163
3002,Detroit,04/23/2025,12.7,Michigan,Eliza Howell-NR,12.7,12.60221,11.973559999999999,9.76503
3003,Detroit,04/24/2025,15.1,Michigan,Eliza Howell-NR,15.1,14.98373,14.236279999999999,11.61039
3004,Detroit,04/25/2025,11.2,Michigan,Eliza Howell-NR,11.2,11.11376,10.55936,8.61168
3005,Detroit,04/26/2025,6.3,Michigan,Eliza Howell-NR,6.3,6.2514899999999995,5.93964,4.84407
3006,Detroit,04/27/2025,9.3,Michigan,Eliza Howell-NR,9.3,9.228390000000001,8.768040000000001,7.1507700000000005
3007,Detroit,04/28/2025,9.4,Michigan,Eliza Howell-NR,9.4,9.32762,8.86232,7.22766
3008,Detroit,04/29/2025,8.9,Michigan,Eliza Howell-NR,8.9,8.83147,8.39092,6.843210000000001
3009,Detroit,04/30/2025,7.3,Michigan,Eliza Howell-NR,7.3,7.24379,6.88244,5.61297
3010,Detroit,05/01/2025,9.7,Michigan,Eliza Howell-NR,9.7,9.625309999999999,9.145159999999999,7.45833
3011,Detroit,05/02/2025,8.4,Michigan,Eliza Howell-NR,8.4,8.33532,7.91952,6.458760000000001
3012,Detroit,05/03/2025,7.2,Michigan,Eliza Howell-NR,7.2,7.14456,6.7881599999999995,5.53608
3013,Detroit,05/04/2025,6.6,Michigan,Eliza Howell-NR,6.6,6.54918,6.222479999999999,5.07474
3014,Detroit,05/05/2025,9.0,Michigan,Eliza Howell-NR,9.0,8.9307,8.485199999999999,6.920100000000001
3015,Detroit,05/06/2025,9.7,Michigan,Eliza Howell-NR,9.7,9.625309999999999,9.145159999999999,7.45833
3016,Detroit,05/07/2025,8.1,Michigan,Eliza Howell-NR,8.1,8.03763,7.636679999999999,6.22809
3017,Detroit,05/08/2025,6.2,Michigan,Eliza Howell-NR,6.2,6.15226,5.84536,4.767180000000001
3018,Detroit,05/09/2025,7.6,Michigan,Eliza Howell-NR,7.6,7.541479999999999,7.165279999999999,5.84364
3019,Detroit,05/10/2025,10.0,Michigan,Eliza Howell-NR,10.0,9.923,9.427999999999999,7.689
3020,Detroit,05/11/2025,8.5,Michigan,Eliza Howell-NR,8.5,8.43455,8.0138,6.53565
3021,Detroit,05/13/2025,7.4,Michigan,Eliza Howell-NR,7.4,7.34302,6.97672,5.68986
3022,Detroit,05/14/2025,8.8,Michigan,Eliza Howell-NR,8.8,8.732240000000001,8.29664,6.766320000000001
3023,Detroit,05/15/2025,10.6,Michigan,Eliza Howell-NR,10.6,10.518379999999999,9.99368,8.15034
3024,Detroit,05/16/2025,10.7,Michigan,Eliza Howell-NR,10.7,10.617609999999999,10.087959999999999,8.22723
3025,Detroit,05/17/2025,7.1,Michigan,Eliza Howell-NR,7.1,7.045329999999999,6.693879999999999,5.4591899999999995
3026,Detroit,05/18/2025,5.3,Michigan,Eliza Howell-NR,5.3,5.259189999999999,4.99684,4.07517
3027,Detroit,05/19/2025,6.8,Michigan,Eliza Howell-NR,6.8,6.74764,6.41104,5.22852
3028,Detroit,05/20/2025,7.4,Michigan,Eliza Howell-NR,7.4,7.34302,6.97672,5.68986
3029,Detroit,05/21/2025,7.1,Michigan,Eliza Howell-NR,7.1,7.045329999999999,6.693879999999999,5.4591899999999995
3030,Detroit,05/22/2025,6.0,Michigan,Eliza Howell-NR,6.0,5.953799999999999,5.6568,4.6134
3031,Detroit,05/23/2025,5.6,Michigan,Eliza Howell-NR,5.6,5.55688,5.27968,4.30584
3032,Detroit,05/24/2025,7.4,Michigan,Eliza Howell-NR,7.4,7.34302,6.97672,5.68986
3033,Detroit,05/25/2025,10.7,Michigan,Eliza Howell-NR,10.7,10.617609999999999,10.087959999999999,8.22723
3034,Detroit,05/26/2025,11.0,Michigan,Eliza Howell-NR,11.0,10.9153,10.3708,8.4579
3035,Detroit,05/27/2025,10.0,Michigan,Eliza Howell-NR,10.0,9.923,9.427999999999999,7.689
3036,Detroit,05/28/2025,7.0,Michigan,Eliza Howell-NR,7.0,6.9460999999999995,6.5996,5.3823
3037,Detroit,05/29/2025,10.1,Michigan,Eliza Howell-NR,10.1,10.022229999999999,9.522279999999999,7.76589
3038,Detroit,05/30/2025,9.5,Michigan,Eliza Howell-NR,9.5,9.42685,8.9566,7.30455
3039,Detroit,05/31/2025,8.0,Michigan,Eliza Howell-NR,8.0,7.9384,7.5424,6.1512
3040,Detroit,06/01/2025,10.1,Michigan,Eliza Howell-NR,10.1,10.022229999999999,9.522279999999999,7.76589
3041,Detroit,06/02/2025,13.0,Michigan,Eliza Howell-NR,13.0,12.899899999999999,12.2564,9.995700000000001
3042,Detroit,06/03/2025,20.3,Michigan,Eliza Howell-NR,20.3,20.14369,19.138840000000002,15.608670000000002
3043,Detroit,06/04/2025,21.7,Michigan,Eliza Howell-NR,21.7,21.532909999999998,20.458759999999998,16.68513
3044,Detroit,06/05/2025,39.6,Michigan,Eliza Howell-NR,39.6,39.29508,37.33488,30.44844
3045,Detroit,06/06/2025,50.4,Michigan,Eliza Howell-NR,50.4,50.011919999999996,47.51712,38.75256
3046,Detroit,06/07/2025,21.8,Michigan,Eliza Howell-NR,21.8,21.63214,20.55304,16.76202
3047,Detroit,06/08/2025,36.2,Michigan,Eliza Howell-NR,36.2,35.921260000000004,34.12936,27.834180000000003
3048,Detroit,06/09/2025,27.4,Michigan,Eliza Howell-NR,27.4,27.189019999999996,25.83272,21.06786
3049,Detroit,06/10/2025,17.1,Michigan,Eliza Howell-NR,17.1,16.96833,16.12188,13.148190000000001
3050,Detroit,06/11/2025,22.1,Michigan,Eliza Howell-NR,22.1,21.92983,20.83588,16.992690000000003
3051,Detroit,06/12/2025,23.1,Michigan,Eliza Howell-NR,23.1,22.92213,21.77868,17.76159
3052,Detroit,06/13/2025,11.5,Michigan,Eliza Howell-NR,11.5,11.41145,10.8422,8.84235
3053,Detroit,06/14/2025,10.8,Michigan,Eliza Howell-NR,10.8,10.71684,10.18224,8.304120000000001
3054,Detroit,06/15/2025,11.8,Michigan,Eliza Howell-NR,11.8,11.70914,11.12504,9.073020000000001
3055,Detroit,06/16/2025,12.8,Michigan,Eliza Howell-NR,12.8,12.70144,12.06784,9.841920000000002
3056,Detroit,06/17/2025,11.7,Michigan,Eliza Howell-NR,11.7,11.60991,11.030759999999999,8.996129999999999
3057,Detroit,06/18/2025,10.6,Michigan,Eliza Howell-NR,10.6,10.518379999999999,9.99368,8.15034
3058,Detroit,06/19/2025,5.6,Michigan,Eliza Howell-NR,5.6,5.55688,5.27968,4.30584
3059,Detroit,06/20/2025,11.2,Michigan,Eliza Howell-NR,11.2,11.11376,10.55936,8.61168
3060,Detroit,06/21/2025,13.0,Michigan,Eliza Howell-NR,13.0,12.899899999999999,12.2564,9.995700000000001
3061,Detroit,06/22/2025,13.6,Michigan,Eliza Howell-NR,13.6,13.49528,12.82208,10.45704
3062,Detroit,06/23/2025,16.4,Michigan,Eliza Howell-NR,16.4,16.273719999999997,15.461919999999997,12.60996
3063,Detroit,06/24/2025,13.8,Michigan,Eliza Howell-NR,13.8,13.69374,13.01064,10.61082
3064,Detroit,06/25/2025,12.5,Michigan,Eliza Howell-NR,12.5,12.403749999999999,11.785,9.61125
3065,Detroit,06/26/2025,12.1,Michigan,Eliza Howell-NR,12.1,12.006829999999999,11.407879999999999,9.30369
3066,Detroit,06/27/2025,12.9,Michigan,Eliza Howell-NR,12.9,12.80067,12.16212,9.91881
3067,Detroit,06/28/2025,5.5,Michigan,Eliza Howell-NR,5.5,5.45765,5.1854,4.22895
3068,Detroit,06/29/2025,9.5,Michigan,Eliza Howell-NR,9.5,9.42685,8.9566,7.30455
3069,Detroit,06/30/2025,9.4,Michigan,Eliza Howell-NR,9.4,9.32762,8.86232,7.22766
3070,Detroit,07/01/2025,7.7,Michigan,Eliza Howell-NR,7.7,7.6407099999999994,7.25956,5.92053
3071,Detroit,07/02/2025,10.0,Michigan,Eliza Howell-NR,10.0,9.923,9.427999999999999,7.689
3072,Detroit,07/03/2025,12.8,Michigan,Eliza Howell-NR,12.8,12.70144,12.06784,9.841920000000002
3073,Detroit,07/04/2025,25.9,Michigan,Eliza Howell-NR,25.9,25.70057,24.418519999999997,19.91451
3074,Detroit,07/05/2025,41.7,Michigan,Eliza Howell-NR,41.7,41.37891,39.31476,32.06313
3075,Detroit,07/06/2025,13.2,Michigan,Eliza Howell-NR,13.2,13.09836,12.444959999999998,10.14948
3076,Detroit,07/07/2025,5.0,Michigan,Eliza Howell-NR,5.0,4.9615,4.7139999999999995,3.8445
3077,Detroit,07/08/2025,16.6,Michigan,Eliza Howell-NR,16.6,16.47218,15.650480000000002,12.763740000000002
3078,Detroit,07/09/2025,11.0,Michigan,Eliza Howell-NR,11.0,10.9153,10.3708,8.4579
3079,Detroit,07/10/2025,10.5,Michigan,Eliza Howell-NR,10.5,10.41915,9.8994,8.073450000000001
3080,Detroit,07/11/2025,13.1,Michigan,Eliza Howell-NR,13.1,12.99913,12.350679999999999,10.07259
3081,Detroit,07/12/2025,12.3,Michigan,Eliza Howell-NR,12.3,12.20529,11.596440000000001,9.45747
3082,Detroit,07/13/2025,15.5,Michigan,Eliza Howell-NR,15.5,15.38065,14.6134,11.917950000000001
3083,Detroit,07/14/2025,26.6,Michigan,Eliza Howell-NR,26.6,26.39518,25.07848,20.452740000000002
3084,Detroit,07/15/2025,37.0,Michigan,Eliza Howell-NR,37.0,36.7151,34.8836,28.4493
3085,Detroit,07/16/2025,18.7,Michigan,Eliza Howell-NR,18.7,18.556009999999997,17.63036,14.37843
3086,Detroit,07/17/2025,4.0,Michigan,Eliza Howell-NR,4.0,3.9692,3.7712,3.0756
3087,Detroit,07/18/2025,5.9,Michigan,Eliza Howell-NR,5.9,5.85457,5.56252,4.536510000000001
3088,Detroit,07/19/2025,8.3,Michigan,Eliza Howell-NR,8.3,8.23609,7.825240000000001,6.381870000000001
3089,Detroit,07/20/2025,6.5,Michigan,Eliza Howell-NR,6.5,6.449949999999999,6.1282,4.997850000000001
3090,Detroit,07/21/2025,10.9,Michigan,Eliza Howell-NR,10.9,10.81607,10.27652,8.38101
3091,Detroit,07/22/2025,8.4,Michigan,Eliza Howell-NR,8.4,8.33532,7.91952,6.458760000000001
3092,Detroit,07/23/2025,10.1,Michigan,Eliza Howell-NR,10.1,10.022229999999999,9.522279999999999,7.76589
3093,Detroit,07/24/2025,16.1,Michigan,Eliza Howell-NR,16.1,15.976030000000002,15.17908,12.379290000000001
3094,Detroit,07/25/2025,9.1,Michigan,Eliza Howell-NR,9.1,9.029929999999998,8.57948,6.99699
3095,Detroit,07/26/2025,12.0,Michigan,Eliza Howell-NR,12.0,11.907599999999999,11.3136,9.2268
3096,Detroit,07/27/2025,8.9,Michigan,Eliza Howell-NR,8.9,8.83147,8.39092,6.843210000000001
3097,Detroit,07/28/2025,6.7,Michigan,Eliza Howell-NR,6.7,6.64841,6.31676,5.15163
3098,Detroit,07/29/2025,6.2,Michigan,Eliza Howell-NR,6.2,6.15226,5.84536,4.767180000000001
3099,Detroit,07/30/2025,13.5,Michigan,Eliza Howell-NR,13.5,13.396049999999999,12.7278,10.38015
3100,Detroit,07/31/2025,38.8,Michigan,Eliza Howell-NR,38.8,38.501239999999996,36.580639999999995,29.83332
3101,Detroit,08/01/2025,10.5,Michigan,Eliza Howell-NR,10.5,10.41915,9.8994,8.073450000000001
3102,Detroit,08/02/2025,12.1,Michigan,Eliza Howell-NR,12.1,12.006829999999999,11.407879999999999,9.30369
3103,Detroit,08/03/2025,31.9,Michigan,Eliza Howell-NR,31.9,31.654369999999997,30.075319999999998,24.52791
3104,Detroit,08/04/2025,46.5,Michigan,Eliza Howell-NR,46.5,46.14195,43.840199999999996,35.75385
3105,Detroit,08/05/2025,28.5,Michigan,Eliza Howell-NR,28.5,28.280549999999998,26.869799999999998,21.91365
3106,Detroit,08/06/2025,21.7,Michigan,Eliza Howell-NR,21.7,21.532909999999998,20.458759999999998,16.68513
3107,Detroit,08/07/2025,16.6,Michigan,Eliza Howell-NR,16.6,16.47218,15.650480000000002,12.763740000000002
3108,Detroit,08/08/2025,12.1,Michigan,Eliza Howell-NR,12.1,12.006829999999999,11.407879999999999,9.30369
3109,Detroit,08/09/2025,10.9,Michigan,Eliza Howell-NR,10.9,10.81607,10.27652,8.38101
3110,Detroit,08/10/2025,12.1,Michigan,Eliza Howell-NR,12.1,12.006829999999999,11.407879999999999,9.30369
3111,Detroit,08/11/2025,10.7,Michigan,Eliza Howell-NR,10.7,10.617609999999999,10.087959999999999,8.22723
3112,Detroit,08/12/2025,9.2,Michigan,Eliza Howell-NR,9.2,9.129159999999999,8.67376,7.07388
3113,Detroit,08/13/2025,6.0,Michigan,Eliza Howell-NR,6.0,5.953799999999999,5.6568,4.6134
3114,Detroit,08/14/2025,17.1,Michigan,Eliza Howell-NR,17.1,16.96833,16.12188,13.148190000000001
3115,Detroit,08/15/2025,17.7,Michigan,Eliza Howell-NR,17.7,17.563709999999997,16.687559999999998,13.60953
3116,Detroit,08/16/2025,14.0,Michigan,Eliza Howell-NR,14.0,13.892199999999999,13.1992,10.7646
3117,Detroit,08/17/2025,1.5,Michigan,Eliza Howell-NR,1.5,1.4884499999999998,1.4142,1.15335
3118,Detroit,08/18/2025,3.0,Michigan,Eliza Howell-NR,3.0,2.9768999999999997,2.8284,2.3067
3119,Detroit,08/19/2025,3.4,Michigan,Eliza Howell-NR,3.4,3.37382,3.20552,2.61426
3120,Detroit,08/20/2025,0.1,Michigan,Eliza Howell-NR,0.1,0.09923,0.09428,0.07689000000000001
3121,Detroit,08/21/2025,3.5,Michigan,Eliza Howell-NR,3.5,3.4730499999999997,3.2998,2.69115
3122,Detroit,08/22/2025,5.8,Michigan,Eliza Howell-NR,5.8,5.7553399999999995,5.46824,4.45962
3123,Detroit,08/23/2025,5.6,Michigan,Eliza Howell-NR,5.6,5.55688,5.27968,4.30584
3124,Detroit,08/24/2025,2.9,Michigan,Eliza Howell-NR,2.9,2.8776699999999997,2.73412,2.22981
3125,Detroit,08/25/2025,3.5,Michigan,Eliza Howell-NR,3.5,3.4730499999999997,3.2998,2.69115
3126,Detroit,08/26/2025,4.3,Michigan,Eliza Howell-NR,4.3,4.26689,4.05404,3.30627
3127,Detroit,08/27/2025,5.3,Michigan,Eliza Howell-NR,5.3,5.259189999999999,4.99684,4.07517
3128,Detroit,08/28/2025,5.0,Michigan,Eliza Howell-NR,5.0,4.9615,4.7139999999999995,3.8445
3129,Detroit,08/29/2025,2.7,Michigan,Eliza Howell-NR,2.7,2.67921,2.54556,2.0760300000000003
3130,Detroit,08/30/2025,6.2,Michigan,Eliza Howell-NR,6.2,6.15226,5.84536,4.767180000000001
3131,Detroit,08/31/2025,11.0,Michigan,Eliza Howell-NR,11.0,10.9153,10.3708,8.4579
3132,Detroit,09/01/2025,8.3,Michigan,Eliza Howell-NR,8.3,8.23609,7.825240000000001,6.381870000000001
3133,Detroit,09/02/2025,8.2,Michigan,Eliza Howell-NR,8.2,8.136859999999999,7.730959999999999,6.30498
3134,Detroit,09/03/2025,9.7,Michigan,Eliza Howell-NR,9.7,9.625309999999999,9.145159999999999,7.45833
3135,Detroit,09/04/2025,6.3,Michigan,Eliza Howell-NR,6.3,6.2514899999999995,5.93964,4.84407
3136,Detroit,09/05/2025,7.9,Michigan,Eliza Howell-NR,7.9,7.83917,7.44812,6.0743100000000005
3137,Detroit,09/06/2025,4.9,Michigan,Eliza Howell-NR,4.9,4.8622700000000005,4.61972,3.7676100000000003
3138,Detroit,09/07/2025,5.2,Michigan,Eliza Howell-NR,5.2,5.15996,4.90256,3.9982800000000003
3139,Detroit,09/08/2025,6.0,Michigan,Eliza Howell-NR,6.0,5.953799999999999,5.6568,4.6134
3140,Detroit,09/09/2025,7.7,Michigan,Eliza Howell-NR,7.7,7.6407099999999994,7.25956,5.92053
3141,Detroit,09/10/2025,8.7,Michigan,Eliza Howell-NR,8.7,8.633009999999999,8.202359999999999,6.68943
3142,Detroit,09/11/2025,12.1,Michigan,Eliza Howell-NR,12.1,12.006829999999999,11.407879999999999,9.30369
3143,Detroit,09/12/2025,9.4,Michigan,Eliza Howell-NR,9.4,9.32762,8.86232,7.22766
3144,Detroit,09/13/2025,16.6,Michigan,Eliza Howell-NR,16.6,16.47218,15.650480000000002,12.763740000000002
3145,Detroit,09/14/2025,17.9,Michigan,Eliza Howell-NR,17.9,17.762169999999998,16.876119999999997,13.763309999999999
3146,Detroit,09/15/2025,9.5,Michigan,Eliza Howell-NR,9.5,9.42685,8.9566,7.30455
3147,Detroit,09/16/2025,7.7,Michigan,Eliza Howell-NR,7.7,7.6407099999999994,7.25956,5.92053
3148,Detroit,09/17/2025,9.8,Michigan,Eliza Howell-NR,9.8,9.724540000000001,9.23944,7.535220000000001
3149,Detroit,09/18/2025,10.0,Michigan,Eliza Howell-NR,10.0,9.923,9.427999999999999,7.689
3150,Detroit,09/19/2025,4.9,Michigan,Eliza Howell-NR,4.9,4.8622700000000005,4.61972,3.7676100000000003
3151,Detroit,09/20/2025,1.9,Michigan,Eliza Howell-NR,1.9,1.8853699999999998,1.7913199999999998,1.46091
3152,Detroit,09/21/2025,7.1,Michigan,Eliza Howell-NR,7.1,7.045329999999999,6.693879999999999,5.4591899999999995
3153,Detroit,09/22/2025,8.4,Michigan,Eliza Howell-NR,8.4,8.33532,7.91952,6.458760000000001
3154,Detroit,09/23/2025,6.7,Michigan,Eliza Howell-NR,6.7,6.64841,6.31676,5.15163
3155,Detroit,09/24/2025,5.0,Michigan,Eliza Howell-NR,5.0,4.9615,4.7139999999999995,3.8445
3156,Detroit,09/25/2025,4.2,Michigan,Eliza Howell-NR,4.2,4.16766,3.95976,3.2293800000000004
3157,Detroit,09/26/2025,5.3,Michigan,Eliza Howell-NR,5.3,5.259189999999999,4.99684,4.07517
3158,Detroit,09/27/2025,10.6,Michigan,Eliza Howell-NR,10.6,10.518379999999999,9.99368,8.15034
3159,Detroit,09/28/2025,9.3,Michigan,Eliza Howell-NR,9.3,9.228390000000001,8.768040000000001,7.1507700000000005
3160,Detroit,09/29/2025,9.5,Michigan,Eliza Howell-NR,9.5,9.42685,8.9566,7.30455
3161,Detroit,09/30/2025,7.1,Michigan,Eliza Howell-NR,7.1,7.045329999999999,6.693879999999999,5.4591899999999995
3162,Detroit,10/01/2025,6.3,Michigan,Eliza Howell-NR,6.3,6.2514899999999995,5.93964,4.84407
3163,Detroit,10/02/2025,7.6,Michigan,Eliza Howell-NR,7.6,7.541479999999999,7.165279999999999,5.84364
3164,Detroit,10/03/2025,11.7,Michigan,Eliza Howell-NR,11.7,11.60991,11.030759999999999,8.996129999999999
3165,Detroit,10/04/2025,13.7,Michigan,Eliza Howell-NR,13.7,13.594509999999998,12.91636,10.53393
3166,Detroit,10/05/2025,10.6,Michigan,Eliza Howell-NR,10.6,10.518379999999999,9.99368,8.15034
3167,Detroit,10/06/2025,7.3,Michigan,Eliza Howell-NR,7.3,7.24379,6.88244,5.61297
3168,Detroit,10/07/2025,2.1,Michigan,Eliza Howell-NR,2.1,2.08383,1.97988,1.6146900000000002
3169,Detroit,10/08/2025,2.9,Michigan,Eliza Howell-NR,2.9,2.8776699999999997,2.73412,2.22981
3170,Detroit,10/09/2025,5.2,Michigan,Eliza Howell-NR,5.2,5.15996,4.90256,3.9982800000000003
3171,Detroit,10/10/2025,6.7,Michigan,Eliza Howell-NR,6.7,6.64841,6.31676,5.15163
3172,Detroit,10/11/2025,5.9,Michigan,Eliza Howell-NR,5.9,5.85457,5.56252,4.536510000000001
3173,Detroit,10/12/2025,7.7,Michigan,Eliza Howell-NR,7.7,7.6407099999999994,7.25956,5.92053
3174,Detroit,10/13/2025,6.5,Michigan,Eliza Howell-NR,6.5,6.449949999999999,6.1282,4.997850000000001
3175,Detroit,10/15/2025,4.0,Michigan,Eliza Howell-NR,4.0,3.9692,3.7712,3.0756
3176,Detroit,10/18/2025,11.3,Michigan,Eliza Howell-NR,11.3,11.21299,10.653640000000001,8.68857
3177,Detroit,10/19/2025,9.0,Michigan,Eliza Howell-NR,9.0,8.9307,8.485199999999999,6.920100000000001
3178,Detroit,10/20/2025,9.4,Michigan,Eliza Howell-NR,9.4,9.32762,8.86232,7.22766
3179,Detroit,10/21/2025,9.2,Michigan,Eliza Howell-NR,9.2,9.129159999999999,8.67376,7.07388
3180,Detroit,10/22/2025,8.8,Michigan,Eliza Howell-NR,8.8,8.732240000000001,8.29664,6.766320000000001
3181,Detroit,10/23/2025,7.3,Michigan,Eliza Howell-NR,7.3,7.24379,6.88244,5.61297
3182,Detroit,10/24/2025,6.5,Michigan,Eliza Howell-NR,6.5,6.449949999999999,6.1282,4.997850000000001
3183,Detroit,10/25/2025,10.0,Michigan,Eliza Howell-NR,10.0,9.923,9.427999999999999,7.689
3184,Detroit,10/26/2025,10.2,Michigan,Eliza Howell-NR,10.2,10.121459999999999,9.61656,7.842779999999999
3185,Detroit,10/27/2025,7.6,Michigan,Eliza Howell-NR,7.6,7.541479999999999,7.165279999999999,5.84364
3186,Detroit,10/28/2025,8.7,Michigan,Eliza Howell-NR,8.7,8.633009999999999,8.202359999999999,6.68943
3187,Detroit,10/29/2025,8.9,Michigan,Eliza Howell-NR,8.9,8.83147,8.39092,6.843210000000001
3188,Detroit,10/30/2025,9.5,Michigan,Eliza Howell-NR,9.5,9.42685,8.9566,7.30455
3189,Detroit,10/31/2025,8.2,Michigan,Eliza Howell-NR,8.2,8.136859999999999,7.730959999999999,6.30498
3190,Detroit,11/01/2025,13.8,Michigan,Eliza Howell-NR,13.8,13.69374,13.01064,10.61082
3191,Detroit,11/02/2025,20.7,Michigan,Eliza Howell-NR,20.7,20.540609999999997,19.51596,15.91623
3192,Detroit,11/03/2025,10.4,Michigan,Eliza Howell-NR,10.4,10.31992,9.80512,7.996560000000001
3193,Detroit,11/04/2025,10.2,Michigan,Eliza Howell-NR,10.2,10.121459999999999,9.61656,7.842779999999999
3194,Detroit,11/05/2025,10.9,Michigan,Eliza Howell-NR,10.9,10.81607,10.27652,8.38101
3195,Detroit,11/06/2025,8.5,Michigan,Eliza Howell-NR,8.5,8.43455,8.0138,6.53565
3196,Detroit,11/07/2025,12.1,Michigan,Eliza Howell-NR,12.1,12.006829999999999,11.407879999999999,9.30369
3197,Detroit,11/08/2025,8.0,Michigan,Eliza Howell-NR,8.0,7.9384,7.5424,6.1512
3198,Detroit,11/09/2025,9.0,Michigan,Eliza Howell-NR,9.0,8.9307,8.485199999999999,6.920100000000001
3199,Detroit,11/10/2025,6.4,Michigan,Eliza Howell-NR,6.4,6.35072,6.03392,4.920960000000001
3200,Detroit,11/11/2025,10.4,Michigan,Eliza Howell-NR,10.4,10.31992,9.80512,7.996560000000001
3201,Detroit,11/12/2025,11.7,Michigan,Eliza Howell-NR,11.7,11.60991,11.030759999999999,8.996129999999999
3202,Detroit,11/13/2025,11.7,Michigan,Eliza Howell-NR,11.7,11.60991,11.030759999999999,8.996129999999999
3203,Detroit,11/14/2025,16.8,Michigan,Eliza Howell-NR,16.8,16.67064,15.83904,12.917520000000001
3204,Detroit,11/15/2025,22.2,Michigan,Eliza Howell-NR,22.2,22.029059999999998,20.930159999999997,17.06958
3205,Detroit,11/16/2025,7.0,Michigan,Eliza Howell-NR,7.0,6.9460999999999995,6.5996,5.3823
3206,Detroit,11/17/2025,10.1,Michigan,Eliza Howell-NR,10.1,10.022229999999999,9.522279999999999,7.76589
3207,Detroit,11/18/2025,16.6,Michigan,Eliza Howell-NR,16.6,16.47218,15.650480000000002,12.763740000000002
3208,Detroit,11/19/2025,11.4,Michigan,Eliza Howell-NR,11.4,11.31222,10.74792,8.765460000000001
3209,Detroit,11/20/2025,23.0,Michigan,Eliza Howell-NR,23.0,22.8229,21.6844,17.6847
3210,Detroit,11/21/2025,17.2,Michigan,Eliza Howell-NR,17.2,17.06756,16.21616,13.22508
3211,Detroit,11/22/2025,10.7,Michigan,Eliza Howell-NR,10.7,10.617609999999999,10.087959999999999,8.22723
3212,Detroit,11/23/2025,10.9,Michigan,Eliza Howell-NR,10.9,10.81607,10.27652,8.38101
3213,Detroit,11/24/2025,12.4,Michigan,Eliza Howell-NR,12.4,12.30452,11.69072,9.534360000000001
3214,Detroit,11/25/2025,14.7,Michigan,Eliza Howell-NR,14.7,14.586809999999998,13.85916,11.30283
3215,Detroit,11/26/2025,9.7,Michigan,Eliza Howell-NR,9.7,9.625309999999999,9.145159999999999,7.45833
3216,Detroit,11/27/2025,7.1,Michigan,Eliza Howell-NR,7.1,7.045329999999999,6.693879999999999,5.4591899999999995
3217,Detroit,11/28/2025,6.2,Michigan,Eliza Howell-NR,6.2,6.15226,5.84536,4.767180000000001
3218,Detroit,11/29/2025,9.0,Michigan,Eliza Howell-NR,9.0,8.9307,8.485199999999999,6.920100000000001
3219,Detroit,11/30/2025,9.0,Michigan,Eliza Howell-NR,9.0,8.9307,8.485199999999999,6.920100000000001
3220,Detroit,12/01/2025,10.6,Michigan,Eliza Howell-NR,10.6,10.518379999999999,9.99368,8.15034
3221,Detroit,12/02/2025,17.7,Michigan,Eliza Howell-NR,17.7,17.563709999999997,16.687559999999998,13.60953
3222,Detroit,12/03/2025,25.7,Michigan,Eliza Howell-NR,25.7,25.50211,24.22996,19.76073
3223,Detroit,12/04/2025,12.7,Michigan,Eliza Howell-NR,12.7,12.60221,11.973559999999999,9.76503
3224,Detroit,12/05/2025,25.2,Michigan,Eliza Howell-NR,25.2,25.005959999999998,23.75856,19.37628
3225,Detroit,12/06/2025,23.6,Michigan,Eliza Howell-NR,23.6,23.41828,22.25008,18.146040000000003
3226,Detroit,12/09/2025,18.5,Michigan,Eliza Howell-NR,18.5,18.35755,17.4418,14.22465
3227,Detroit,12/10/2025,11.5,Michigan,Eliza Howell-NR,11.5,11.41145,10.8422,8.84235
3228,Detroit,12/11/2025,7.8,Michigan,Eliza Howell-NR,7.8,7.73994,7.35384,5.99742
3229,Detroit,12/12/2025,12.8,Michigan,Eliza Howell-NR,12.8,12.70144,12.06784,9.841920000000002
3230,Detroit,12/13/2025,13.3,Michigan,Eliza Howell-NR,13.3,13.19759,12.53924,10.226370000000001
3231,Detroit,12/14/2025,9.2,Michigan,Eliza Howell-NR,9.2,9.129159999999999,8.67376,7.07388
3232,Detroit,12/15/2025,17.3,Michigan,Eliza Howell-NR,17.3,17.16679,16.31044,13.30197
3233,Detroit,12/16/2025,23.0,Michigan,Eliza Howell-NR,23.0,22.8229,21.6844,17.6847
3234,Detroit,12/17/2025,19.4,Michigan,Eliza Howell-NR,19.4,19.250619999999998,18.290319999999998,14.91666
3235,Detroit,12/18/2025,17.2,Michigan,Eliza Howell-NR,17.2,17.06756,16.21616,13.22508
3236,Detroit,12/19/2025,11.7,Michigan,Eliza Howell-NR,11.7,11.60991,11.030759999999999,8.996129999999999
3237,Detroit,12/20/2025,12.1,Michigan,Eliza Howell-NR,12.1,12.006829999999999,11.407879999999999,9.30369
3238,Detroit,12/21/2025,12.2,Michigan,Eliza Howell-NR,12.2,12.10606,11.502159999999998,9.38058
3239,Detroit,12/22/2025,17.5,Michigan,Eliza Howell-NR,17.5,17.36525,16.499,13.45575
3240,Detroit,12/23/2025,17.1,Michigan,Eliza Howell-NR,17.1,16.96833,16.12188,13.148190000000001
3241,Detroit,12/24/2025,17.8,Michigan,Eliza Howell-NR,17.8,17.66294,16.78184,13.686420000000002
3242,Detroit,12/25/2025,13.8,Michigan,Eliza Howell-NR,13.8,13.69374,13.01064,10.61082
3243,Detroit,12/26/2025,10.0,Michigan,Eliza Howell-NR,10.0,9.923,9.427999999999999,7.689
3244,Detroit,12/27/2025,12.1,Michigan,Eliza Howell-NR,12.1,12.006829999999999,11.407879999999999,9.30369
3245,Detroit,12/28/2025,15.5,Michigan,Eliza Howell-NR,15.5,15.38065,14.6134,11.917950000000001
3246,Detroit,12/29/2025,12.1,Michigan,Eliza Howell-NR,12.1,12.006829999999999,11.407879999999999,9.30369
3247,Detroit,12/30/2025,10.0,Michigan,Eliza Howell-NR,10.0,9.923,9.427999999999999,7.689
3248,Detroit,12/31/2025,14.7,Michigan,Eliza Howell-NR,14.7,14.586809999999998,13.85916,11.30283
3249,Detroit,01/01/2025,3.2,Michigan,NMH48217 NEW MT HERMAN CHURCH,3.2,3.17536,3.01696,2.4604800000000004
3250,Detroit,01/02/2025,5.1,Michigan,NMH48217 NEW MT HERMAN CHURCH,5.1,5.0607299999999995,4.80828,3.9213899999999997
3251,Detroit,01/03/2025,4.5,Michigan,NMH48217 NEW MT HERMAN CHURCH,4.5,4.46535,4.2425999999999995,3.4600500000000003
3252,Detroit,01/04/2025,2.2,Michigan,NMH48217 NEW MT HERMAN CHURCH,2.2,2.1830600000000002,2.07416,1.6915800000000003
3253,Detroit,01/05/2025,4.4,Michigan,NMH48217 NEW MT HERMAN CHURCH,4.4,4.3661200000000004,4.14832,3.3831600000000006
3254,Detroit,01/06/2025,3.4,Michigan,NMH48217 NEW MT HERMAN CHURCH,3.4,3.37382,3.20552,2.61426
3255,Detroit,01/07/2025,2.3,Michigan,NMH48217 NEW MT HERMAN CHURCH,2.3,2.2822899999999997,2.16844,1.76847
3256,Detroit,01/08/2025,2.7,Michigan,NMH48217 NEW MT HERMAN CHURCH,2.7,2.67921,2.54556,2.0760300000000003
3257,Detroit,01/09/2025,5.6,Michigan,NMH48217 NEW MT HERMAN CHURCH,5.6,5.55688,5.27968,4.30584
3258,Detroit,01/10/2025,21.9,Michigan,NMH48217 NEW MT HERMAN CHURCH,21.9,21.73137,20.647319999999997,16.83891
3259,Detroit,01/11/2025,16.8,Michigan,NMH48217 NEW MT HERMAN CHURCH,16.8,16.67064,15.83904,12.917520000000001
3260,Detroit,01/12/2025,14.6,Michigan,NMH48217 NEW MT HERMAN CHURCH,14.6,14.48758,13.76488,11.22594
3261,Detroit,01/13/2025,7.3,Michigan,NMH48217 NEW MT HERMAN CHURCH,7.3,7.24379,6.88244,5.61297
3262,Detroit,01/14/2025,5.9,Michigan,NMH48217 NEW MT HERMAN CHURCH,5.9,5.85457,5.56252,4.536510000000001
3263,Detroit,01/15/2025,6.8,Michigan,NMH48217 NEW MT HERMAN CHURCH,6.8,6.74764,6.41104,5.22852
3264,Detroit,01/16/2025,16.4,Michigan,NMH48217 NEW MT HERMAN CHURCH,16.4,16.273719999999997,15.461919999999997,12.60996
3265,Detroit,01/17/2025,10.6,Michigan,NMH48217 NEW MT HERMAN CHURCH,10.6,10.518379999999999,9.99368,8.15034
3266,Detroit,01/18/2025,5.1,Michigan,NMH48217 NEW MT HERMAN CHURCH,5.1,5.0607299999999995,4.80828,3.9213899999999997
3267,Detroit,01/19/2025,3.1,Michigan,NMH48217 NEW MT HERMAN CHURCH,3.1,3.07613,2.92268,2.3835900000000003
3268,Detroit,01/20/2025,3.6,Michigan,NMH48217 NEW MT HERMAN CHURCH,3.6,3.57228,3.3940799999999998,2.76804
3269,Detroit,01/21/2025,5.2,Michigan,NMH48217 NEW MT HERMAN CHURCH,5.2,5.15996,4.90256,3.9982800000000003
3270,Detroit,01/22/2025,6.9,Michigan,NMH48217 NEW MT HERMAN CHURCH,6.9,6.84687,6.50532,5.30541
3271,Detroit,01/23/2025,8.7,Michigan,NMH48217 NEW MT HERMAN CHURCH,8.7,8.633009999999999,8.202359999999999,6.68943
3272,Detroit,01/24/2025,8.7,Michigan,NMH48217 NEW MT HERMAN CHURCH,8.7,8.633009999999999,8.202359999999999,6.68943
3273,Detroit,01/25/2025,11.5,Michigan,NMH48217 NEW MT HERMAN CHURCH,11.5,11.41145,10.8422,8.84235
3274,Detroit,01/26/2025,5.4,Michigan,NMH48217 NEW MT HERMAN CHURCH,5.4,5.35842,5.09112,4.1520600000000005
3275,Detroit,01/27/2025,5.5,Michigan,NMH48217 NEW MT HERMAN CHURCH,5.5,5.45765,5.1854,4.22895
3276,Detroit,01/28/2025,4.1,Michigan,NMH48217 NEW MT HERMAN CHURCH,4.1,4.068429999999999,3.8654799999999994,3.15249
3277,Detroit,01/29/2025,3.8,Michigan,NMH48217 NEW MT HERMAN CHURCH,3.8,3.7707399999999995,3.5826399999999996,2.92182
3278,Detroit,01/30/2025,6.5,Michigan,NMH48217 NEW MT HERMAN CHURCH,6.5,6.449949999999999,6.1282,4.997850000000001
3279,Detroit,01/31/2025,10.2,Michigan,NMH48217 NEW MT HERMAN CHURCH,10.2,10.121459999999999,9.61656,7.842779999999999
3280,Detroit,02/01/2025,3.1,Michigan,NMH48217 NEW MT HERMAN CHURCH,3.1,3.07613,2.92268,2.3835900000000003
3281,Detroit,02/02/2025,11.1,Michigan,NMH48217 NEW MT HERMAN CHURCH,11.1,11.014529999999999,10.465079999999999,8.53479
3282,Detroit,02/03/2025,18.7,Michigan,NMH48217 NEW MT HERMAN CHURCH,18.7,18.556009999999997,17.63036,14.37843
3283,Detroit,02/04/2025,4.2,Michigan,NMH48217 NEW MT HERMAN CHURCH,4.2,4.16766,3.95976,3.2293800000000004
3284,Detroit,02/05/2025,3.6,Michigan,NMH48217 NEW MT HERMAN CHURCH,3.6,3.57228,3.3940799999999998,2.76804
3285,Detroit,02/06/2025,7.6,Michigan,NMH48217 NEW MT HERMAN CHURCH,7.6,7.541479999999999,7.165279999999999,5.84364
3286,Detroit,02/07/2025,5.9,Michigan,NMH48217 NEW MT HERMAN CHURCH,5.9,5.85457,5.56252,4.536510000000001
3287,Detroit,02/08/2025,11.1,Michigan,NMH48217 NEW MT HERMAN CHURCH,11.1,11.014529999999999,10.465079999999999,8.53479
3288,Detroit,02/09/2025,8.4,Michigan,NMH48217 NEW MT HERMAN CHURCH,8.4,8.33532,7.91952,6.458760000000001
3289,Detroit,02/10/2025,9.8,Michigan,NMH48217 NEW MT HERMAN CHURCH,9.8,9.724540000000001,9.23944,7.535220000000001
3290,Detroit,02/11/2025,12.0,Michigan,NMH48217 NEW MT HERMAN CHURCH,12.0,11.907599999999999,11.3136,9.2268
3291,Detroit,02/12/2025,12.5,Michigan,NMH48217 NEW MT HERMAN CHURCH,12.5,12.403749999999999,11.785,9.61125
3292,Detroit,02/13/2025,6.6,Michigan,NMH48217 NEW MT HERMAN CHURCH,6.6,6.54918,6.222479999999999,5.07474
3293,Detroit,02/14/2025,13.5,Michigan,NMH48217 NEW MT HERMAN CHURCH,13.5,13.396049999999999,12.7278,10.38015
3294,Detroit,02/15/2025,19.1,Michigan,NMH48217 NEW MT HERMAN CHURCH,19.1,18.952930000000002,18.00748,14.685990000000002
3295,Detroit,02/16/2025,7.7,Michigan,NMH48217 NEW MT HERMAN CHURCH,7.7,7.6407099999999994,7.25956,5.92053
3296,Detroit,02/17/2025,3.5,Michigan,NMH48217 NEW MT HERMAN CHURCH,3.5,3.4730499999999997,3.2998,2.69115
3297,Detroit,02/18/2025,5.2,Michigan,NMH48217 NEW MT HERMAN CHURCH,5.2,5.15996,4.90256,3.9982800000000003
3298,Detroit,02/19/2025,4.9,Michigan,NMH48217 NEW MT HERMAN CHURCH,4.9,4.8622700000000005,4.61972,3.7676100000000003
3299,Detroit,02/20/2025,5.2,Michigan,NMH48217 NEW MT HERMAN CHURCH,5.2,5.15996,4.90256,3.9982800000000003
3300,Detroit,02/21/2025,5.6,Michigan,NMH48217 NEW MT HERMAN CHURCH,5.6,5.55688,5.27968,4.30584
3301,Detroit,02/22/2025,14.2,Michigan,NMH48217 NEW MT HERMAN CHURCH,14.2,14.090659999999998,13.387759999999998,10.918379999999999
3302,Detroit,02/23/2025,15.6,Michigan,NMH48217 NEW MT HERMAN CHURCH,15.6,15.47988,14.70768,11.99484
3303,Detroit,02/24/2025,13.8,Michigan,NMH48217 NEW MT HERMAN CHURCH,13.8,13.69374,13.01064,10.61082
3304,Detroit,02/25/2025,8.2,Michigan,NMH48217 NEW MT HERMAN CHURCH,8.2,8.136859999999999,7.730959999999999,6.30498
3305,Detroit,02/26/2025,10.5,Michigan,NMH48217 NEW MT HERMAN CHURCH,10.5,10.41915,9.8994,8.073450000000001
3306,Detroit,02/27/2025,11.5,Michigan,NMH48217 NEW MT HERMAN CHURCH,11.5,11.41145,10.8422,8.84235
3307,Detroit,02/28/2025,4.7,Michigan,NMH48217 NEW MT HERMAN CHURCH,4.7,4.66381,4.43116,3.61383
3308,Detroit,03/01/2025,2.5,Michigan,NMH48217 NEW MT HERMAN CHURCH,2.5,2.48075,2.3569999999999998,1.92225
3309,Detroit,03/02/2025,4.7,Michigan,NMH48217 NEW MT HERMAN CHURCH,4.7,4.66381,4.43116,3.61383
3310,Detroit,03/03/2025,11.3,Michigan,NMH48217 NEW MT HERMAN CHURCH,11.3,11.21299,10.653640000000001,8.68857
3311,Detroit,03/04/2025,9.7,Michigan,NMH48217 NEW MT HERMAN CHURCH,9.7,9.625309999999999,9.145159999999999,7.45833
3312,Detroit,03/05/2025,4.7,Michigan,NMH48217 NEW MT HERMAN CHURCH,4.7,4.66381,4.43116,3.61383
3313,Detroit,03/06/2025,2.2,Michigan,NMH48217 NEW MT HERMAN CHURCH,2.2,2.1830600000000002,2.07416,1.6915800000000003
3314,Detroit,03/07/2025,5.6,Michigan,NMH48217 NEW MT HERMAN CHURCH,5.6,5.55688,5.27968,4.30584
3315,Detroit,03/08/2025,3.9,Michigan,NMH48217 NEW MT HERMAN CHURCH,3.9,3.86997,3.67692,2.99871
3316,Detroit,03/09/2025,5.0,Michigan,NMH48217 NEW MT HERMAN CHURCH,5.0,4.9615,4.7139999999999995,3.8445
3317,Detroit,03/10/2025,6.0,Michigan,NMH48217 NEW MT HERMAN CHURCH,6.0,5.953799999999999,5.6568,4.6134
3318,Detroit,03/11/2025,9.9,Michigan,NMH48217 NEW MT HERMAN CHURCH,9.9,9.82377,9.33372,7.61211
3319,Detroit,03/12/2025,6.9,Michigan,NMH48217 NEW MT HERMAN CHURCH,6.9,6.84687,6.50532,5.30541
3320,Detroit,03/13/2025,7.0,Michigan,NMH48217 NEW MT HERMAN CHURCH,7.0,6.9460999999999995,6.5996,5.3823
3321,Detroit,03/14/2025,10.9,Michigan,NMH48217 NEW MT HERMAN CHURCH,10.9,10.81607,10.27652,8.38101
3322,Detroit,03/15/2025,7.2,Michigan,NMH48217 NEW MT HERMAN CHURCH,7.2,7.14456,6.7881599999999995,5.53608
3323,Detroit,03/16/2025,3.5,Michigan,NMH48217 NEW MT HERMAN CHURCH,3.5,3.4730499999999997,3.2998,2.69115
3324,Detroit,03/17/2025,3.5,Michigan,NMH48217 NEW MT HERMAN CHURCH,3.5,3.4730499999999997,3.2998,2.69115
3325,Detroit,03/18/2025,5.3,Michigan,NMH48217 NEW MT HERMAN CHURCH,5.3,5.259189999999999,4.99684,4.07517
3326,Detroit,03/19/2025,7.7,Michigan,NMH48217 NEW MT HERMAN CHURCH,7.7,7.6407099999999994,7.25956,5.92053
3327,Detroit,03/20/2025,3.4,Michigan,NMH48217 NEW MT HERMAN CHURCH,3.4,3.37382,3.20552,2.61426
3328,Detroit,03/21/2025,4.3,Michigan,NMH48217 NEW MT HERMAN CHURCH,4.3,4.26689,4.05404,3.30627
3329,Detroit,03/22/2025,3.9,Michigan,NMH48217 NEW MT HERMAN CHURCH,3.9,3.86997,3.67692,2.99871
3330,Detroit,03/23/2025,4.2,Michigan,NMH48217 NEW MT HERMAN CHURCH,4.2,4.16766,3.95976,3.2293800000000004
3331,Detroit,03/24/2025,5.0,Michigan,NMH48217 NEW MT HERMAN CHURCH,5.0,4.9615,4.7139999999999995,3.8445
3332,Detroit,03/25/2025,3.2,Michigan,NMH48217 NEW MT HERMAN CHURCH,3.2,3.17536,3.01696,2.4604800000000004
3333,Detroit,03/26/2025,3.4,Michigan,NMH48217 NEW MT HERMAN CHURCH,3.4,3.37382,3.20552,2.61426
3334,Detroit,03/27/2025,9.0,Michigan,NMH48217 NEW MT HERMAN CHURCH,9.0,8.9307,8.485199999999999,6.920100000000001
3335,Detroit,03/28/2025,11.5,Michigan,NMH48217 NEW MT HERMAN CHURCH,11.5,11.41145,10.8422,8.84235
3336,Detroit,03/29/2025,10.3,Michigan,NMH48217 NEW MT HERMAN CHURCH,10.3,10.220690000000001,9.710840000000001,7.919670000000001
3337,Detroit,03/30/2025,8.3,Michigan,NMH48217 NEW MT HERMAN CHURCH,8.3,8.23609,7.825240000000001,6.381870000000001
3338,Detroit,03/31/2025,2.6,Michigan,NMH48217 NEW MT HERMAN CHURCH,2.6,2.57998,2.45128,1.9991400000000001
3339,Detroit,04/01/2025,3.4,Michigan,NMH48217 NEW MT HERMAN CHURCH,3.4,3.37382,3.20552,2.61426
3340,Detroit,04/02/2025,5.3,Michigan,NMH48217 NEW MT HERMAN CHURCH,5.3,5.259189999999999,4.99684,4.07517
3341,Detroit,04/03/2025,3.7,Michigan,NMH48217 NEW MT HERMAN CHURCH,3.7,3.67151,3.48836,2.84493
3342,Detroit,04/04/2025,4.1,Michigan,NMH48217 NEW MT HERMAN CHURCH,4.1,4.068429999999999,3.8654799999999994,3.15249
3343,Detroit,04/05/2025,4.5,Michigan,NMH48217 NEW MT HERMAN CHURCH,4.5,4.46535,4.2425999999999995,3.4600500000000003
3344,Detroit,04/06/2025,3.5,Michigan,NMH48217 NEW MT HERMAN CHURCH,3.5,3.4730499999999997,3.2998,2.69115
3345,Detroit,04/07/2025,4.3,Michigan,NMH48217 NEW MT HERMAN CHURCH,4.3,4.26689,4.05404,3.30627
3346,Detroit,04/08/2025,3.2,Michigan,NMH48217 NEW MT HERMAN CHURCH,3.2,3.17536,3.01696,2.4604800000000004
3347,Detroit,04/09/2025,6.2,Michigan,NMH48217 NEW MT HERMAN CHURCH,6.2,6.15226,5.84536,4.767180000000001
3348,Detroit,04/10/2025,8.0,Michigan,NMH48217 NEW MT HERMAN CHURCH,8.0,7.9384,7.5424,6.1512
3349,Detroit,04/11/2025,6.5,Michigan,NMH48217 NEW MT HERMAN CHURCH,6.5,6.449949999999999,6.1282,4.997850000000001
3350,Detroit,04/12/2025,4.9,Michigan,NMH48217 NEW MT HERMAN CHURCH,4.9,4.8622700000000005,4.61972,3.7676100000000003
3351,Detroit,04/13/2025,7.3,Michigan,NMH48217 NEW MT HERMAN CHURCH,7.3,7.24379,6.88244,5.61297
3352,Detroit,04/14/2025,5.0,Michigan,NMH48217 NEW MT HERMAN CHURCH,5.0,4.9615,4.7139999999999995,3.8445
3353,Detroit,04/15/2025,2.0,Michigan,NMH48217 NEW MT HERMAN CHURCH,2.0,1.9846,1.8856,1.5378
3354,Detroit,04/16/2025,2.9,Michigan,NMH48217 NEW MT HERMAN CHURCH,2.9,2.8776699999999997,2.73412,2.22981
3355,Detroit,04/17/2025,7.6,Michigan,NMH48217 NEW MT HERMAN CHURCH,7.6,7.541479999999999,7.165279999999999,5.84364
3356,Detroit,04/18/2025,11.6,Michigan,NMH48217 NEW MT HERMAN CHURCH,11.6,11.510679999999999,10.93648,8.91924
3357,Detroit,04/19/2025,10.2,Michigan,NMH48217 NEW MT HERMAN CHURCH,10.2,10.121459999999999,9.61656,7.842779999999999
3358,Detroit,04/20/2025,3.3,Michigan,NMH48217 NEW MT HERMAN CHURCH,3.3,3.27459,3.1112399999999996,2.53737
3359,Detroit,04/21/2025,3.8,Michigan,NMH48217 NEW MT HERMAN CHURCH,3.8,3.7707399999999995,3.5826399999999996,2.92182
3360,Detroit,04/22/2025,2.9,Michigan,NMH48217 NEW MT HERMAN CHURCH,2.9,2.8776699999999997,2.73412,2.22981
3361,Detroit,04/23/2025,9.6,Michigan,NMH48217 NEW MT HERMAN CHURCH,9.6,9.526079999999999,9.05088,7.38144
3362,Detroit,04/24/2025,11.7,Michigan,NMH48217 NEW MT HERMAN CHURCH,11.7,11.60991,11.030759999999999,8.996129999999999
3363,Detroit,04/25/2025,9.8,Michigan,NMH48217 NEW MT HERMAN CHURCH,9.8,9.724540000000001,9.23944,7.535220000000001
3364,Detroit,04/26/2025,3.8,Michigan,NMH48217 NEW MT HERMAN CHURCH,3.8,3.7707399999999995,3.5826399999999996,2.92182
3365,Detroit,04/27/2025,5.8,Michigan,NMH48217 NEW MT HERMAN CHURCH,5.8,5.7553399999999995,5.46824,4.45962
3366,Detroit,04/28/2025,4.3,Michigan,NMH48217 NEW MT HERMAN CHURCH,4.3,4.26689,4.05404,3.30627
3367,Detroit,04/29/2025,4.4,Michigan,NMH48217 NEW MT HERMAN CHURCH,4.4,4.3661200000000004,4.14832,3.3831600000000006
3368,Detroit,04/30/2025,0.6,Michigan,NMH48217 NEW MT HERMAN CHURCH,0.6,0.5953799999999999,0.56568,0.46134
3369,Detroit,05/01/2025,0.6,Michigan,NMH48217 NEW MT HERMAN CHURCH,0.6,0.5953799999999999,0.56568,0.46134
3370,Detroit,05/02/2025,1.0,Michigan,NMH48217 NEW MT HERMAN CHURCH,1.0,0.9923,0.9428,0.7689
3371,Detroit,05/03/2025,0.2,Michigan,NMH48217 NEW MT HERMAN CHURCH,0.2,0.19846,0.18856,0.15378000000000003
3372,Detroit,05/04/2025,0.3,Michigan,NMH48217 NEW MT HERMAN CHURCH,0.3,0.29768999999999995,0.28284,0.23067
3373,Detroit,05/05/2025,0.7,Michigan,NMH48217 NEW MT HERMAN CHURCH,0.7,0.69461,0.65996,0.53823
3374,Detroit,05/06/2025,3.3,Michigan,NMH48217 NEW MT HERMAN CHURCH,3.3,3.27459,3.1112399999999996,2.53737
3375,Detroit,05/07/2025,6.4,Michigan,NMH48217 NEW MT HERMAN CHURCH,6.4,6.35072,6.03392,4.920960000000001
3376,Detroit,05/08/2025,3.5,Michigan,NMH48217 NEW MT HERMAN CHURCH,3.5,3.4730499999999997,3.2998,2.69115
3377,Detroit,05/09/2025,5.1,Michigan,NMH48217 NEW MT HERMAN CHURCH,5.1,5.0607299999999995,4.80828,3.9213899999999997
3378,Detroit,05/10/2025,6.1,Michigan,NMH48217 NEW MT HERMAN CHURCH,6.1,6.05303,5.751079999999999,4.69029
3379,Detroit,05/11/2025,4.7,Michigan,NMH48217 NEW MT HERMAN CHURCH,4.7,4.66381,4.43116,3.61383
3380,Detroit,05/12/2025,6.9,Michigan,NMH48217 NEW MT HERMAN CHURCH,6.9,6.84687,6.50532,5.30541
3381,Detroit,05/13/2025,4.4,Michigan,NMH48217 NEW MT HERMAN CHURCH,4.4,4.3661200000000004,4.14832,3.3831600000000006
3382,Detroit,05/14/2025,3.7,Michigan,NMH48217 NEW MT HERMAN CHURCH,3.7,3.67151,3.48836,2.84493
3383,Detroit,05/15/2025,5.5,Michigan,NMH48217 NEW MT HERMAN CHURCH,5.5,5.45765,5.1854,4.22895
3384,Detroit,05/16/2025,6.0,Michigan,NMH48217 NEW MT HERMAN CHURCH,6.0,5.953799999999999,5.6568,4.6134
3385,Detroit,05/17/2025,3.9,Michigan,NMH48217 NEW MT HERMAN CHURCH,3.9,3.86997,3.67692,2.99871
3386,Detroit,05/18/2025,3.1,Michigan,NMH48217 NEW MT HERMAN CHURCH,3.1,3.07613,2.92268,2.3835900000000003
3387,Detroit,05/19/2025,3.5,Michigan,NMH48217 NEW MT HERMAN CHURCH,3.5,3.4730499999999997,3.2998,2.69115
3388,Detroit,05/20/2025,3.2,Michigan,NMH48217 NEW MT HERMAN CHURCH,3.2,3.17536,3.01696,2.4604800000000004
3389,Detroit,05/21/2025,4.3,Michigan,NMH48217 NEW MT HERMAN CHURCH,4.3,4.26689,4.05404,3.30627
3390,Detroit,05/22/2025,2.2,Michigan,NMH48217 NEW MT HERMAN CHURCH,2.2,2.1830600000000002,2.07416,1.6915800000000003
3391,Detroit,05/23/2025,1.8,Michigan,NMH48217 NEW MT HERMAN CHURCH,1.8,1.78614,1.6970399999999999,1.38402
3392,Detroit,05/24/2025,3.0,Michigan,NMH48217 NEW MT HERMAN CHURCH,3.0,2.9768999999999997,2.8284,2.3067
3393,Detroit,05/25/2025,10.7,Michigan,NMH48217 NEW MT HERMAN CHURCH,10.7,10.617609999999999,10.087959999999999,8.22723
3394,Detroit,05/26/2025,5.9,Michigan,NMH48217 NEW MT HERMAN CHURCH,5.9,5.85457,5.56252,4.536510000000001
3395,Detroit,05/27/2025,5.9,Michigan,NMH48217 NEW MT HERMAN CHURCH,5.9,5.85457,5.56252,4.536510000000001
3396,Detroit,05/28/2025,3.1,Michigan,NMH48217 NEW MT HERMAN CHURCH,3.1,3.07613,2.92268,2.3835900000000003
3397,Detroit,05/29/2025,7.0,Michigan,NMH48217 NEW MT HERMAN CHURCH,7.0,6.9460999999999995,6.5996,5.3823
3398,Detroit,05/30/2025,6.9,Michigan,NMH48217 NEW MT HERMAN CHURCH,6.9,6.84687,6.50532,5.30541
3399,Detroit,05/31/2025,6.6,Michigan,NMH48217 NEW MT HERMAN CHURCH,6.6,6.54918,6.222479999999999,5.07474
3400,Detroit,06/01/2025,5.4,Michigan,NMH48217 NEW MT HERMAN CHURCH,5.4,5.35842,5.09112,4.1520600000000005
3401,Detroit,06/02/2025,6.1,Michigan,NMH48217 NEW MT HERMAN CHURCH,6.1,6.05303,5.751079999999999,4.69029
3402,Detroit,06/03/2025,14.7,Michigan,NMH48217 NEW MT HERMAN CHURCH,14.7,14.586809999999998,13.85916,11.30283
3403,Detroit,06/04/2025,21.6,Michigan,NMH48217 NEW MT HERMAN CHURCH,21.6,21.43368,20.36448,16.608240000000002
3404,Detroit,06/05/2025,42.4,Michigan,NMH48217 NEW MT HERMAN CHURCH,42.4,42.073519999999995,39.97472,32.60136
3405,Detroit,06/06/2025,56.1,Michigan,NMH48217 NEW MT HERMAN CHURCH,56.1,55.66803,52.89108,43.135290000000005
3406,Detroit,06/07/2025,21.5,Michigan,NMH48217 NEW MT HERMAN CHURCH,21.5,21.33445,20.2702,16.53135
3407,Detroit,06/08/2025,37.8,Michigan,NMH48217 NEW MT HERMAN CHURCH,37.8,37.508939999999996,35.63784,29.06442
3408,Detroit,06/09/2025,19.7,Michigan,NMH48217 NEW MT HERMAN CHURCH,19.7,19.548309999999997,18.573159999999998,15.14733
3409,Detroit,06/10/2025,13.4,Michigan,NMH48217 NEW MT HERMAN CHURCH,13.4,13.29682,12.63352,10.30326
3410,Detroit,06/11/2025,19.8,Michigan,NMH48217 NEW MT HERMAN CHURCH,19.8,19.64754,18.66744,15.22422
3411,Detroit,06/12/2025,23.7,Michigan,NMH48217 NEW MT HERMAN CHURCH,23.7,23.517509999999998,22.344359999999998,18.22293
3412,Detroit,06/13/2025,9.7,Michigan,NMH48217 NEW MT HERMAN CHURCH,9.7,9.625309999999999,9.145159999999999,7.45833
3413,Detroit,06/14/2025,8.6,Michigan,NMH48217 NEW MT HERMAN CHURCH,8.6,8.53378,8.10808,6.61254
3414,Detroit,06/15/2025,9.4,Michigan,NMH48217 NEW MT HERMAN CHURCH,9.4,9.32762,8.86232,7.22766
3415,Detroit,06/16/2025,9.1,Michigan,NMH48217 NEW MT HERMAN CHURCH,9.1,9.029929999999998,8.57948,6.99699
3416,Detroit,06/17/2025,6.4,Michigan,NMH48217 NEW MT HERMAN CHURCH,6.4,6.35072,6.03392,4.920960000000001
3417,Detroit,06/18/2025,5.5,Michigan,NMH48217 NEW MT HERMAN CHURCH,5.5,5.45765,5.1854,4.22895
3418,Detroit,06/19/2025,3.8,Michigan,NMH48217 NEW MT HERMAN CHURCH,3.8,3.7707399999999995,3.5826399999999996,2.92182
3419,Detroit,06/20/2025,8.3,Michigan,NMH48217 NEW MT HERMAN CHURCH,8.3,8.23609,7.825240000000001,6.381870000000001
3420,Detroit,06/21/2025,9.0,Michigan,NMH48217 NEW MT HERMAN CHURCH,9.0,8.9307,8.485199999999999,6.920100000000001
3421,Detroit,06/22/2025,10.5,Michigan,NMH48217 NEW MT HERMAN CHURCH,10.5,10.41915,9.8994,8.073450000000001
3422,Detroit,06/23/2025,12.2,Michigan,NMH48217 NEW MT HERMAN CHURCH,12.2,12.10606,11.502159999999998,9.38058
3423,Detroit,06/24/2025,10.3,Michigan,NMH48217 NEW MT HERMAN CHURCH,10.3,10.220690000000001,9.710840000000001,7.919670000000001
3424,Detroit,06/25/2025,9.8,Michigan,NMH48217 NEW MT HERMAN CHURCH,9.8,9.724540000000001,9.23944,7.535220000000001
3425,Detroit,06/26/2025,7.4,Michigan,NMH48217 NEW MT HERMAN CHURCH,7.4,7.34302,6.97672,5.68986
3426,Detroit,06/27/2025,7.6,Michigan,NMH48217 NEW MT HERMAN CHURCH,7.6,7.541479999999999,7.165279999999999,5.84364
3427,Detroit,06/28/2025,4.7,Michigan,NMH48217 NEW MT HERMAN CHURCH,4.7,4.66381,4.43116,3.61383
3428,Detroit,06/29/2025,5.2,Michigan,NMH48217 NEW MT HERMAN CHURCH,5.2,5.15996,4.90256,3.9982800000000003
3429,Detroit,06/30/2025,5.5,Michigan,NMH48217 NEW MT HERMAN CHURCH,5.5,5.45765,5.1854,4.22895
3430,Detroit,07/01/2025,6.0,Michigan,NMH48217 NEW MT HERMAN CHURCH,6.0,5.953799999999999,5.6568,4.6134
3431,Detroit,07/02/2025,10.4,Michigan,NMH48217 NEW MT HERMAN CHURCH,10.4,10.31992,9.80512,7.996560000000001
3432,Detroit,07/03/2025,13.3,Michigan,NMH48217 NEW MT HERMAN CHURCH,13.3,13.19759,12.53924,10.226370000000001
3433,Detroit,07/04/2025,20.5,Michigan,NMH48217 NEW MT HERMAN CHURCH,20.5,20.34215,19.3274,15.762450000000001
3434,Detroit,07/05/2025,17.0,Michigan,NMH48217 NEW MT HERMAN CHURCH,17.0,16.8691,16.0276,13.0713
3435,Detroit,07/06/2025,11.7,Michigan,NMH48217 NEW MT HERMAN CHURCH,11.7,11.60991,11.030759999999999,8.996129999999999
3436,Detroit,07/07/2025,4.5,Michigan,NMH48217 NEW MT HERMAN CHURCH,4.5,4.46535,4.2425999999999995,3.4600500000000003
3437,Detroit,07/08/2025,17.6,Michigan,NMH48217 NEW MT HERMAN CHURCH,17.6,17.464480000000002,16.59328,13.532640000000002
3438,Detroit,07/09/2025,11.2,Michigan,NMH48217 NEW MT HERMAN CHURCH,11.2,11.11376,10.55936,8.61168
3439,Detroit,07/10/2025,10.3,Michigan,NMH48217 NEW MT HERMAN CHURCH,10.3,10.220690000000001,9.710840000000001,7.919670000000001
3440,Detroit,07/11/2025,8.6,Michigan,NMH48217 NEW MT HERMAN CHURCH,8.6,8.53378,8.10808,6.61254
3441,Detroit,07/12/2025,8.3,Michigan,NMH48217 NEW MT HERMAN CHURCH,8.3,8.23609,7.825240000000001,6.381870000000001
3442,Detroit,07/13/2025,11.1,Michigan,NMH48217 NEW MT HERMAN CHURCH,11.1,11.014529999999999,10.465079999999999,8.53479
3443,Detroit,07/14/2025,28.6,Michigan,NMH48217 NEW MT HERMAN CHURCH,28.6,28.37978,26.96408,21.990540000000003
3444,Detroit,07/15/2025,39.8,Michigan,NMH48217 NEW MT HERMAN CHURCH,39.8,39.493539999999996,37.523439999999994,30.60222
3445,Detroit,07/16/2025,15.4,Michigan,NMH48217 NEW MT HERMAN CHURCH,15.4,15.281419999999999,14.51912,11.84106
3446,Detroit,07/17/2025,3.5,Michigan,NMH48217 NEW MT HERMAN CHURCH,3.5,3.4730499999999997,3.2998,2.69115
3447,Detroit,07/18/2025,2.7,Michigan,NMH48217 NEW MT HERMAN CHURCH,2.7,2.67921,2.54556,2.0760300000000003
3448,Detroit,07/19/2025,6.1,Michigan,NMH48217 NEW MT HERMAN CHURCH,6.1,6.05303,5.751079999999999,4.69029
3449,Detroit,07/20/2025,5.3,Michigan,NMH48217 NEW MT HERMAN CHURCH,5.3,5.259189999999999,4.99684,4.07517
3450,Detroit,07/21/2025,10.6,Michigan,NMH48217 NEW MT HERMAN CHURCH,10.6,10.518379999999999,9.99368,8.15034
3451,Detroit,07/22/2025,4.0,Michigan,NMH48217 NEW MT HERMAN CHURCH,4.0,3.9692,3.7712,3.0756
3452,Detroit,07/23/2025,5.4,Michigan,NMH48217 NEW MT HERMAN CHURCH,5.4,5.35842,5.09112,4.1520600000000005
3453,Detroit,07/24/2025,11.8,Michigan,NMH48217 NEW MT HERMAN CHURCH,11.8,11.70914,11.12504,9.073020000000001
3454,Detroit,07/25/2025,6.2,Michigan,NMH48217 NEW MT HERMAN CHURCH,6.2,6.15226,5.84536,4.767180000000001
3455,Detroit,07/26/2025,9.3,Michigan,NMH48217 NEW MT HERMAN CHURCH,9.3,9.228390000000001,8.768040000000001,7.1507700000000005
3456,Detroit,07/27/2025,6.1,Michigan,NMH48217 NEW MT HERMAN CHURCH,6.1,6.05303,5.751079999999999,4.69029
3457,Detroit,07/28/2025,5.6,Michigan,NMH48217 NEW MT HERMAN CHURCH,5.6,5.55688,5.27968,4.30584
3458,Detroit,07/29/2025,8.0,Michigan,NMH48217 NEW MT HERMAN CHURCH,8.0,7.9384,7.5424,6.1512
3459,Detroit,07/30/2025,17.5,Michigan,NMH48217 NEW MT HERMAN CHURCH,17.5,17.36525,16.499,13.45575
3460,Detroit,07/31/2025,44.4,Michigan,NMH48217 NEW MT HERMAN CHURCH,44.4,44.058119999999995,41.860319999999994,34.13916
3461,Detroit,08/01/2025,15.7,Michigan,NMH48217 NEW MT HERMAN CHURCH,15.7,15.579109999999998,14.80196,12.07173
3462,Detroit,08/02/2025,8.6,Michigan,NMH48217 NEW MT HERMAN CHURCH,8.6,8.53378,8.10808,6.61254
3463,Detroit,08/03/2025,24.6,Michigan,NMH48217 NEW MT HERMAN CHURCH,24.6,24.41058,23.192880000000002,18.91494
3464,Detroit,08/04/2025,50.8,Michigan,NMH48217 NEW MT HERMAN CHURCH,50.8,50.40884,47.894239999999996,39.06012
3465,Detroit,08/05/2025,32.3,Michigan,NMH48217 NEW MT HERMAN CHURCH,32.3,32.051289999999995,30.452439999999996,24.835469999999997
3466,Detroit,08/06/2025,23.3,Michigan,NMH48217 NEW MT HERMAN CHURCH,23.3,23.12059,21.96724,17.915370000000003
3467,Detroit,08/07/2025,16.1,Michigan,NMH48217 NEW MT HERMAN CHURCH,16.1,15.976030000000002,15.17908,12.379290000000001
3468,Detroit,08/08/2025,10.1,Michigan,NMH48217 NEW MT HERMAN CHURCH,10.1,10.022229999999999,9.522279999999999,7.76589
3469,Detroit,08/09/2025,12.1,Michigan,NMH48217 NEW MT HERMAN CHURCH,12.1,12.006829999999999,11.407879999999999,9.30369
3470,Detroit,08/10/2025,12.6,Michigan,NMH48217 NEW MT HERMAN CHURCH,12.6,12.502979999999999,11.87928,9.68814
3471,Detroit,08/11/2025,10.6,Michigan,NMH48217 NEW MT HERMAN CHURCH,10.6,10.518379999999999,9.99368,8.15034
3472,Detroit,08/12/2025,9.0,Michigan,NMH48217 NEW MT HERMAN CHURCH,9.0,8.9307,8.485199999999999,6.920100000000001
3473,Detroit,08/13/2025,7.9,Michigan,NMH48217 NEW MT HERMAN CHURCH,7.9,7.83917,7.44812,6.0743100000000005
3474,Detroit,08/14/2025,21.3,Michigan,NMH48217 NEW MT HERMAN CHURCH,21.3,21.13599,20.08164,16.377570000000002
3475,Detroit,08/15/2025,21.7,Michigan,NMH48217 NEW MT HERMAN CHURCH,21.7,21.532909999999998,20.458759999999998,16.68513
3476,Detroit,08/16/2025,15.0,Michigan,NMH48217 NEW MT HERMAN CHURCH,15.0,14.8845,14.142,11.5335
3477,Detroit,08/17/2025,5.8,Michigan,NMH48217 NEW MT HERMAN CHURCH,5.8,5.7553399999999995,5.46824,4.45962
3478,Detroit,08/18/2025,2.9,Michigan,NMH48217 NEW MT HERMAN CHURCH,2.9,2.8776699999999997,2.73412,2.22981
3479,Detroit,08/19/2025,4.3,Michigan,NMH48217 NEW MT HERMAN CHURCH,4.3,4.26689,4.05404,3.30627
3480,Detroit,08/20/2025,2.4,Michigan,NMH48217 NEW MT HERMAN CHURCH,2.4,2.3815199999999996,2.26272,1.84536
3481,Detroit,08/21/2025,4.9,Michigan,NMH48217 NEW MT HERMAN CHURCH,4.9,4.8622700000000005,4.61972,3.7676100000000003
3482,Detroit,08/22/2025,5.6,Michigan,NMH48217 NEW MT HERMAN CHURCH,5.6,5.55688,5.27968,4.30584
3483,Detroit,08/23/2025,5.8,Michigan,NMH48217 NEW MT HERMAN CHURCH,5.8,5.7553399999999995,5.46824,4.45962
3484,Detroit,08/24/2025,3.7,Michigan,NMH48217 NEW MT HERMAN CHURCH,3.7,3.67151,3.48836,2.84493
3485,Detroit,08/25/2025,3.0,Michigan,NMH48217 NEW MT HERMAN CHURCH,3.0,2.9768999999999997,2.8284,2.3067
3486,Detroit,08/26/2025,4.1,Michigan,NMH48217 NEW MT HERMAN CHURCH,4.1,4.068429999999999,3.8654799999999994,3.15249
3487,Detroit,08/27/2025,4.7,Michigan,NMH48217 NEW MT HERMAN CHURCH,4.7,4.66381,4.43116,3.61383
3488,Detroit,08/28/2025,5.3,Michigan,NMH48217 NEW MT HERMAN CHURCH,5.3,5.259189999999999,4.99684,4.07517
3489,Detroit,08/29/2025,2.8,Michigan,NMH48217 NEW MT HERMAN CHURCH,2.8,2.77844,2.63984,2.15292
3490,Detroit,08/30/2025,6.7,Michigan,NMH48217 NEW MT HERMAN CHURCH,6.7,6.64841,6.31676,5.15163
3491,Detroit,08/31/2025,11.7,Michigan,NMH48217 NEW MT HERMAN CHURCH,11.7,11.60991,11.030759999999999,8.996129999999999
3492,Detroit,09/01/2025,8.6,Michigan,NMH48217 NEW MT HERMAN CHURCH,8.6,8.53378,8.10808,6.61254
3493,Detroit,09/02/2025,6.2,Michigan,NMH48217 NEW MT HERMAN CHURCH,6.2,6.15226,5.84536,4.767180000000001
3494,Detroit,09/03/2025,6.1,Michigan,NMH48217 NEW MT HERMAN CHURCH,6.1,6.05303,5.751079999999999,4.69029
3495,Detroit,09/04/2025,6.2,Michigan,NMH48217 NEW MT HERMAN CHURCH,6.2,6.15226,5.84536,4.767180000000001
3496,Detroit,09/05/2025,7.7,Michigan,NMH48217 NEW MT HERMAN CHURCH,7.7,7.6407099999999994,7.25956,5.92053
3497,Detroit,09/06/2025,4.5,Michigan,NMH48217 NEW MT HERMAN CHURCH,4.5,4.46535,4.2425999999999995,3.4600500000000003
3498,Detroit,09/07/2025,5.7,Michigan,NMH48217 NEW MT HERMAN CHURCH,5.7,5.65611,5.37396,4.3827300000000005
3499,Detroit,09/08/2025,4.1,Michigan,NMH48217 NEW MT HERMAN CHURCH,4.1,4.068429999999999,3.8654799999999994,3.15249
3500,Detroit,09/09/2025,4.0,Michigan,NMH48217 NEW MT HERMAN CHURCH,4.0,3.9692,3.7712,3.0756
3501,Detroit,09/10/2025,7.5,Michigan,NMH48217 NEW MT HERMAN CHURCH,7.5,7.44225,7.071,5.76675
3502,Detroit,09/11/2025,13.8,Michigan,NMH48217 NEW MT HERMAN CHURCH,13.8,13.69374,13.01064,10.61082
3503,Detroit,09/12/2025,11.6,Michigan,NMH48217 NEW MT HERMAN CHURCH,11.6,11.510679999999999,10.93648,8.91924
3504,Detroit,09/13/2025,16.9,Michigan,NMH48217 NEW MT HERMAN CHURCH,16.9,16.769869999999997,15.933319999999998,12.99441
3505,Detroit,09/14/2025,17.9,Michigan,NMH48217 NEW MT HERMAN CHURCH,17.9,17.762169999999998,16.876119999999997,13.763309999999999
3506,Detroit,09/15/2025,11.9,Michigan,NMH48217 NEW MT HERMAN CHURCH,11.9,11.80837,11.21932,9.14991
3507,Detroit,09/16/2025,9.9,Michigan,NMH48217 NEW MT HERMAN CHURCH,9.9,9.82377,9.33372,7.61211
3508,Detroit,09/17/2025,12.1,Michigan,NMH48217 NEW MT HERMAN CHURCH,12.1,12.006829999999999,11.407879999999999,9.30369
3509,Detroit,09/18/2025,12.6,Michigan,NMH48217 NEW MT HERMAN CHURCH,12.6,12.502979999999999,11.87928,9.68814
3510,Detroit,09/19/2025,7.3,Michigan,NMH48217 NEW MT HERMAN CHURCH,7.3,7.24379,6.88244,5.61297
3511,Detroit,09/20/2025,4.7,Michigan,NMH48217 NEW MT HERMAN CHURCH,4.7,4.66381,4.43116,3.61383
3512,Detroit,09/21/2025,6.7,Michigan,NMH48217 NEW MT HERMAN CHURCH,6.7,6.64841,6.31676,5.15163
3513,Detroit,09/22/2025,6.9,Michigan,NMH48217 NEW MT HERMAN CHURCH,6.9,6.84687,6.50532,5.30541
3514,Detroit,09/23/2025,8.1,Michigan,NMH48217 NEW MT HERMAN CHURCH,8.1,8.03763,7.636679999999999,6.22809
3515,Detroit,09/24/2025,7.9,Michigan,NMH48217 NEW MT HERMAN CHURCH,7.9,7.83917,7.44812,6.0743100000000005
3516,Detroit,09/25/2025,6.7,Michigan,NMH48217 NEW MT HERMAN CHURCH,6.7,6.64841,6.31676,5.15163
3517,Detroit,09/26/2025,5.9,Michigan,NMH48217 NEW MT HERMAN CHURCH,5.9,5.85457,5.56252,4.536510000000001
3518,Detroit,09/27/2025,9.5,Michigan,NMH48217 NEW MT HERMAN CHURCH,9.5,9.42685,8.9566,7.30455
3519,Detroit,09/28/2025,10.6,Michigan,NMH48217 NEW MT HERMAN CHURCH,10.6,10.518379999999999,9.99368,8.15034
3520,Detroit,09/29/2025,8.9,Michigan,NMH48217 NEW MT HERMAN CHURCH,8.9,8.83147,8.39092,6.843210000000001
3521,Detroit,09/30/2025,8.0,Michigan,NMH48217 NEW MT HERMAN CHURCH,8.0,7.9384,7.5424,6.1512
3522,Detroit,10/01/2025,5.1,Michigan,NMH48217 NEW MT HERMAN CHURCH,5.1,5.0607299999999995,4.80828,3.9213899999999997
3523,Detroit,10/02/2025,4.7,Michigan,NMH48217 NEW MT HERMAN CHURCH,4.7,4.66381,4.43116,3.61383
3524,Detroit,10/03/2025,10.1,Michigan,NMH48217 NEW MT HERMAN CHURCH,10.1,10.022229999999999,9.522279999999999,7.76589
3525,Detroit,10/04/2025,12.0,Michigan,NMH48217 NEW MT HERMAN CHURCH,12.0,11.907599999999999,11.3136,9.2268
3526,Detroit,10/05/2025,10.6,Michigan,NMH48217 NEW MT HERMAN CHURCH,10.6,10.518379999999999,9.99368,8.15034
3527,Detroit,10/06/2025,5.4,Michigan,NMH48217 NEW MT HERMAN CHURCH,5.4,5.35842,5.09112,4.1520600000000005
3528,Detroit,10/07/2025,3.1,Michigan,NMH48217 NEW MT HERMAN CHURCH,3.1,3.07613,2.92268,2.3835900000000003
3529,Detroit,10/08/2025,3.2,Michigan,NMH48217 NEW MT HERMAN CHURCH,3.2,3.17536,3.01696,2.4604800000000004
3530,Detroit,10/09/2025,3.9,Michigan,NMH48217 NEW MT HERMAN CHURCH,3.9,3.86997,3.67692,2.99871
3531,Detroit,10/10/2025,4.9,Michigan,NMH48217 NEW MT HERMAN CHURCH,4.9,4.8622700000000005,4.61972,3.7676100000000003
3532,Detroit,10/11/2025,4.3,Michigan,NMH48217 NEW MT HERMAN CHURCH,4.3,4.26689,4.05404,3.30627
3533,Detroit,10/12/2025,6.6,Michigan,NMH48217 NEW MT HERMAN CHURCH,6.6,6.54918,6.222479999999999,5.07474
3534,Detroit,10/13/2025,6.4,Michigan,NMH48217 NEW MT HERMAN CHURCH,6.4,6.35072,6.03392,4.920960000000001
3535,Detroit,10/14/2025,9.0,Michigan,NMH48217 NEW MT HERMAN CHURCH,9.0,8.9307,8.485199999999999,6.920100000000001
3536,Detroit,10/15/2025,2.6,Michigan,NMH48217 NEW MT HERMAN CHURCH,2.6,2.57998,2.45128,1.9991400000000001
3537,Detroit,10/16/2025,4.4,Michigan,NMH48217 NEW MT HERMAN CHURCH,4.4,4.3661200000000004,4.14832,3.3831600000000006
3538,Detroit,10/17/2025,4.9,Michigan,NMH48217 NEW MT HERMAN CHURCH,4.9,4.8622700000000005,4.61972,3.7676100000000003
3539,Detroit,10/18/2025,8.4,Michigan,NMH48217 NEW MT HERMAN CHURCH,8.4,8.33532,7.91952,6.458760000000001
3540,Detroit,10/19/2025,5.2,Michigan,NMH48217 NEW MT HERMAN CHURCH,5.2,5.15996,4.90256,3.9982800000000003
3541,Detroit,10/20/2025,3.4,Michigan,NMH48217 NEW MT HERMAN CHURCH,3.4,3.37382,3.20552,2.61426
3542,Detroit,10/21/2025,2.9,Michigan,NMH48217 NEW MT HERMAN CHURCH,2.9,2.8776699999999997,2.73412,2.22981
3543,Detroit,10/22/2025,2.1,Michigan,NMH48217 NEW MT HERMAN CHURCH,2.1,2.08383,1.97988,1.6146900000000002
3544,Detroit,10/23/2025,1.2,Michigan,NMH48217 NEW MT HERMAN CHURCH,1.2,1.1907599999999998,1.13136,0.92268
3545,Detroit,10/24/2025,2.6,Michigan,NMH48217 NEW MT HERMAN CHURCH,2.6,2.57998,2.45128,1.9991400000000001
3546,Detroit,10/25/2025,5.3,Michigan,NMH48217 NEW MT HERMAN CHURCH,5.3,5.259189999999999,4.99684,4.07517
3547,Detroit,10/26/2025,6.0,Michigan,NMH48217 NEW MT HERMAN CHURCH,6.0,5.953799999999999,5.6568,4.6134
3548,Detroit,10/27/2025,6.4,Michigan,NMH48217 NEW MT HERMAN CHURCH,6.4,6.35072,6.03392,4.920960000000001
3549,Detroit,10/28/2025,5.0,Michigan,NMH48217 NEW MT HERMAN CHURCH,5.0,4.9615,4.7139999999999995,3.8445
3550,Detroit,10/29/2025,6.5,Michigan,NMH48217 NEW MT HERMAN CHURCH,6.5,6.449949999999999,6.1282,4.997850000000001
3551,Detroit,10/30/2025,5.3,Michigan,NMH48217 NEW MT HERMAN CHURCH,5.3,5.259189999999999,4.99684,4.07517
3552,Detroit,10/31/2025,4.2,Michigan,NMH48217 NEW MT HERMAN CHURCH,4.2,4.16766,3.95976,3.2293800000000004
3553,Detroit,11/01/2025,14.2,Michigan,NMH48217 NEW MT HERMAN CHURCH,14.2,14.090659999999998,13.387759999999998,10.918379999999999
3554,Detroit,11/02/2025,18.9,Michigan,NMH48217 NEW MT HERMAN CHURCH,18.9,18.754469999999998,17.81892,14.53221
3555,Detroit,11/03/2025,5.6,Michigan,NMH48217 NEW MT HERMAN CHURCH,5.6,5.55688,5.27968,4.30584
3556,Detroit,11/04/2025,3.9,Michigan,NMH48217 NEW MT HERMAN CHURCH,3.9,3.86997,3.67692,2.99871
3557,Detroit,11/05/2025,5.9,Michigan,NMH48217 NEW MT HERMAN CHURCH,5.9,5.85457,5.56252,4.536510000000001
3558,Detroit,11/06/2025,3.9,Michigan,NMH48217 NEW MT HERMAN CHURCH,3.9,3.86997,3.67692,2.99871
3559,Detroit,11/07/2025,7.1,Michigan,NMH48217 NEW MT HERMAN CHURCH,7.1,7.045329999999999,6.693879999999999,5.4591899999999995
3560,Detroit,11/08/2025,3.8,Michigan,NMH48217 NEW MT HERMAN CHURCH,3.8,3.7707399999999995,3.5826399999999996,2.92182
3561,Detroit,11/09/2025,4.7,Michigan,NMH48217 NEW MT HERMAN CHURCH,4.7,4.66381,4.43116,3.61383
3562,Detroit,11/10/2025,2.0,Michigan,NMH48217 NEW MT HERMAN CHURCH,2.0,1.9846,1.8856,1.5378
3563,Detroit,11/11/2025,4.5,Michigan,NMH48217 NEW MT HERMAN CHURCH,4.5,4.46535,4.2425999999999995,3.4600500000000003
3564,Detroit,11/12/2025,5.1,Michigan,NMH48217 NEW MT HERMAN CHURCH,5.1,5.0607299999999995,4.80828,3.9213899999999997
3565,Detroit,11/13/2025,6.7,Michigan,NMH48217 NEW MT HERMAN CHURCH,6.7,6.64841,6.31676,5.15163
3566,Detroit,11/14/2025,10.9,Michigan,NMH48217 NEW MT HERMAN CHURCH,10.9,10.81607,10.27652,8.38101
3567,Detroit,11/15/2025,15.8,Michigan,NMH48217 NEW MT HERMAN CHURCH,15.8,15.67834,14.89624,12.148620000000001
3568,Detroit,11/16/2025,2.4,Michigan,NMH48217 NEW MT HERMAN CHURCH,2.4,2.3815199999999996,2.26272,1.84536
3569,Detroit,11/17/2025,4.8,Michigan,NMH48217 NEW MT HERMAN CHURCH,4.8,4.763039999999999,4.52544,3.69072
3570,Detroit,11/18/2025,14.2,Michigan,NMH48217 NEW MT HERMAN CHURCH,14.2,14.090659999999998,13.387759999999998,10.918379999999999
3571,Detroit,11/19/2025,6.9,Michigan,NMH48217 NEW MT HERMAN CHURCH,6.9,6.84687,6.50532,5.30541
3572,Detroit,11/20/2025,14.9,Michigan,NMH48217 NEW MT HERMAN CHURCH,14.9,14.78527,14.04772,11.456610000000001
3573,Detroit,11/21/2025,13.2,Michigan,NMH48217 NEW MT HERMAN CHURCH,13.2,13.09836,12.444959999999998,10.14948
3574,Detroit,11/22/2025,6.5,Michigan,NMH48217 NEW MT HERMAN CHURCH,6.5,6.449949999999999,6.1282,4.997850000000001
3575,Detroit,11/23/2025,6.8,Michigan,NMH48217 NEW MT HERMAN CHURCH,6.8,6.74764,6.41104,5.22852
3576,Detroit,11/24/2025,7.5,Michigan,NMH48217 NEW MT HERMAN CHURCH,7.5,7.44225,7.071,5.76675
3577,Detroit,11/25/2025,8.1,Michigan,NMH48217 NEW MT HERMAN CHURCH,8.1,8.03763,7.636679999999999,6.22809
3578,Detroit,11/26/2025,4.0,Michigan,NMH48217 NEW MT HERMAN CHURCH,4.0,3.9692,3.7712,3.0756
3579,Detroit,11/27/2025,1.5,Michigan,NMH48217 NEW MT HERMAN CHURCH,1.5,1.4884499999999998,1.4142,1.15335
3580,Detroit,11/28/2025,1.9,Michigan,NMH48217 NEW MT HERMAN CHURCH,1.9,1.8853699999999998,1.7913199999999998,1.46091
3581,Detroit,11/29/2025,4.7,Michigan,NMH48217 NEW MT HERMAN CHURCH,4.7,4.66381,4.43116,3.61383
3582,Detroit,11/30/2025,5.3,Michigan,NMH48217 NEW MT HERMAN CHURCH,5.3,5.259189999999999,4.99684,4.07517
3583,Detroit,12/01/2025,4.1,Michigan,NMH48217 NEW MT HERMAN CHURCH,4.1,4.068429999999999,3.8654799999999994,3.15249
3584,Detroit,12/02/2025,11.3,Michigan,NMH48217 NEW MT HERMAN CHURCH,11.3,11.21299,10.653640000000001,8.68857
3585,Detroit,12/03/2025,19.2,Michigan,NMH48217 NEW MT HERMAN CHURCH,19.2,19.052159999999997,18.10176,14.76288
3586,Detroit,12/04/2025,8.0,Michigan,NMH48217 NEW MT HERMAN CHURCH,8.0,7.9384,7.5424,6.1512
3587,Detroit,12/05/2025,16.3,Michigan,NMH48217 NEW MT HERMAN CHURCH,16.3,16.17449,15.36764,12.53307
3588,Detroit,12/06/2025,18.2,Michigan,NMH48217 NEW MT HERMAN CHURCH,18.2,18.059859999999997,17.15896,13.99398
3589,Detroit,12/07/2025,8.3,Michigan,NMH48217 NEW MT HERMAN CHURCH,8.3,8.23609,7.825240000000001,6.381870000000001
3590,Detroit,12/08/2025,3.7,Michigan,NMH48217 NEW MT HERMAN CHURCH,3.7,3.67151,3.48836,2.84493
3591,Detroit,12/09/2025,9.9,Michigan,NMH48217 NEW MT HERMAN CHURCH,9.9,9.82377,9.33372,7.61211
3592,Detroit,12/10/2025,6.0,Michigan,NMH48217 NEW MT HERMAN CHURCH,6.0,5.953799999999999,5.6568,4.6134
3593,Detroit,12/11/2025,2.5,Michigan,NMH48217 NEW MT HERMAN CHURCH,2.5,2.48075,2.3569999999999998,1.92225
3594,Detroit,12/12/2025,6.3,Michigan,NMH48217 NEW MT HERMAN CHURCH,6.3,6.2514899999999995,5.93964,4.84407
3595,Detroit,12/13/2025,8.5,Michigan,NMH48217 NEW MT HERMAN CHURCH,8.5,8.43455,8.0138,6.53565
3596,Detroit,12/14/2025,3.6,Michigan,NMH48217 NEW MT HERMAN CHURCH,3.6,3.57228,3.3940799999999998,2.76804
3597,Detroit,12/15/2025,6.5,Michigan,NMH48217 NEW MT HERMAN CHURCH,6.5,6.449949999999999,6.1282,4.997850000000001
3598,Detroit,12/16/2025,14.4,Michigan,NMH48217 NEW MT HERMAN CHURCH,14.4,14.28912,13.576319999999999,11.07216
3599,Detroit,12/17/2025,13.3,Michigan,NMH48217 NEW MT HERMAN CHURCH,13.3,13.19759,12.53924,10.226370000000001
3600,Detroit,12/18/2025,10.6,Michigan,NMH48217 NEW MT HERMAN CHURCH,10.6,10.518379999999999,9.99368,8.15034
3601,Detroit,12/19/2025,4.7,Michigan,NMH48217 NEW MT HERMAN CHURCH,4.7,4.66381,4.43116,3.61383
3602,Detroit,12/20/2025,5.8,Michigan,NMH48217 NEW MT HERMAN CHURCH,5.8,5.7553399999999995,5.46824,4.45962
3603,Detroit,12/21/2025,8.5,Michigan,NMH48217 NEW MT HERMAN CHURCH,8.5,8.43455,8.0138,6.53565
3604,Detroit,12/22/2025,8.8,Michigan,NMH48217 NEW MT HERMAN CHURCH,8.8,8.732240000000001,8.29664,6.766320000000001
3605,Detroit,12/23/2025,10.1,Michigan,NMH48217 NEW MT HERMAN CHURCH,10.1,10.022229999999999,9.522279999999999,7.76589
3606,Detroit,12/24/2025,12.8,Michigan,NMH48217 NEW MT HERMAN CHURCH,12.8,12.70144,12.06784,9.841920000000002
3607,Detroit,12/25/2025,10.0,Michigan,NMH48217 NEW MT HERMAN CHURCH,10.0,9.923,9.427999999999999,7.689
3608,Detroit,12/26/2025,5.7,Michigan,NMH48217 NEW MT HERMAN CHURCH,5.7,5.65611,5.37396,4.3827300000000005
3609,Detroit,12/27/2025,5.7,Michigan,NMH48217 NEW MT HERMAN CHURCH,5.7,5.65611,5.37396,4.3827300000000005
3610,Detroit,12/28/2025,10.7,Michigan,NMH48217 NEW MT HERMAN CHURCH,10.7,10.617609999999999,10.087959999999999,8.22723
3611,Detroit,12/29/2025,2.5,Michigan,NMH48217 NEW MT HERMAN CHURCH,2.5,2.48075,2.3569999999999998,1.92225
3612,Detroit,12/30/2025,3.7,Michigan,NMH48217 NEW MT HERMAN CHURCH,3.7,3.67151,3.48836,2.84493
3613,Detroit,12/31/2025,6.8,Michigan,NMH48217 NEW MT HERMAN CHURCH,6.8,6.74764,6.41104,5.22852
3614,Detroit,01/01/2025,3.2,Michigan,DP4th - Detroit Police 4th Precinct (near GHIB),3.2,3.17536,3.01696,2.4604800000000004
3615,Detroit,01/02/2025,5.3,Michigan,DP4th - Detroit Police 4th Precinct (near GHIB),5.3,5.259189999999999,4.99684,4.07517
3616,Detroit,01/03/2025,7.2,Michigan,DP4th - Detroit Police 4th Precinct (near GHIB),7.2,7.14456,6.7881599999999995,5.53608
3617,Detroit,01/04/2025,3.3,Michigan,DP4th - Detroit Police 4th Precinct (near GHIB),3.3,3.27459,3.1112399999999996,2.53737
3618,Detroit,01/05/2025,4.7,Michigan,DP4th - Detroit Police 4th Precinct (near GHIB),4.7,4.66381,4.43116,3.61383
3619,Detroit,01/06/2025,4.3,Michigan,DP4th - Detroit Police 4th Precinct (near GHIB),4.3,4.26689,4.05404,3.30627
3620,Detroit,01/07/2025,3.5,Michigan,DP4th - Detroit Police 4th Precinct (near GHIB),3.5,3.4730499999999997,3.2998,2.69115
3621,Detroit,01/08/2025,4.1,Michigan,DP4th - Detroit Police 4th Precinct (near GHIB),4.1,4.068429999999999,3.8654799999999994,3.15249
3622,Detroit,01/09/2025,7.1,Michigan,DP4th - Detroit Police 4th Precinct (near GHIB),7.1,7.045329999999999,6.693879999999999,5.4591899999999995
3623,Detroit,01/10/2025,25.4,Michigan,DP4th - Detroit Police 4th Precinct (near GHIB),25.4,25.20442,23.947119999999998,19.53006
3624,Detroit,01/11/2025,17.9,Michigan,DP4th - Detroit Police 4th Precinct (near GHIB),17.9,17.762169999999998,16.876119999999997,13.763309999999999
3625,Detroit,01/12/2025,15.0,Michigan,DP4th - Detroit Police 4th Precinct (near GHIB),15.0,14.8845,14.142,11.5335
3626,Detroit,01/13/2025,8.2,Michigan,DP4th - Detroit Police 4th Precinct (near GHIB),8.2,8.136859999999999,7.730959999999999,6.30498
3627,Detroit,01/14/2025,7.2,Michigan,DP4th - Detroit Police 4th Precinct (near GHIB),7.2,7.14456,6.7881599999999995,5.53608
3628,Detroit,01/15/2025,9.2,Michigan,DP4th - Detroit Police 4th Precinct (near GHIB),9.2,9.129159999999999,8.67376,7.07388
3629,Detroit,01/16/2025,18.1,Michigan,DP4th - Detroit Police 4th Precinct (near GHIB),18.1,17.960630000000002,17.06468,13.917090000000002
3630,Detroit,01/17/2025,12.0,Michigan,DP4th - Detroit Police 4th Precinct (near GHIB),12.0,11.907599999999999,11.3136,9.2268
3631,Detroit,01/18/2025,6.3,Michigan,DP4th - Detroit Police 4th Precinct (near GHIB),6.3,6.2514899999999995,5.93964,4.84407
3632,Detroit,01/19/2025,3.2,Michigan,DP4th - Detroit Police 4th Precinct (near GHIB),3.2,3.17536,3.01696,2.4604800000000004
3633,Detroit,01/20/2025,4.4,Michigan,DP4th - Detroit Police 4th Precinct (near GHIB),4.4,4.3661200000000004,4.14832,3.3831600000000006
3634,Detroit,01/21/2025,6.4,Michigan,DP4th - Detroit Police 4th Precinct (near GHIB),6.4,6.35072,6.03392,4.920960000000001
3635,Detroit,01/22/2025,8.9,Michigan,DP4th - Detroit Police 4th Precinct (near GHIB),8.9,8.83147,8.39092,6.843210000000001
3636,Detroit,01/23/2025,10.5,Michigan,DP4th - Detroit Police 4th Precinct (near GHIB),10.5,10.41915,9.8994,8.073450000000001
3637,Detroit,01/24/2025,11.1,Michigan,DP4th - Detroit Police 4th Precinct (near GHIB),11.1,11.014529999999999,10.465079999999999,8.53479
3638,Detroit,01/25/2025,13.4,Michigan,DP4th - Detroit Police 4th Precinct (near GHIB),13.4,13.29682,12.63352,10.30326
3639,Detroit,01/26/2025,6.1,Michigan,DP4th - Detroit Police 4th Precinct (near GHIB),6.1,6.05303,5.751079999999999,4.69029
3640,Detroit,01/27/2025,8.2,Michigan,DP4th - Detroit Police 4th Precinct (near GHIB),8.2,8.136859999999999,7.730959999999999,6.30498
3641,Detroit,01/28/2025,6.2,Michigan,DP4th - Detroit Police 4th Precinct (near GHIB),6.2,6.15226,5.84536,4.767180000000001
3642,Detroit,01/29/2025,4.3,Michigan,DP4th - Detroit Police 4th Precinct (near GHIB),4.3,4.26689,4.05404,3.30627
3643,Detroit,01/30/2025,10.7,Michigan,DP4th - Detroit Police 4th Precinct (near GHIB),10.7,10.617609999999999,10.087959999999999,8.22723
3644,Detroit,01/31/2025,11.7,Michigan,DP4th - Detroit Police 4th Precinct (near GHIB),11.7,11.60991,11.030759999999999,8.996129999999999
3645,Detroit,02/01/2025,3.3,Michigan,DP4th - Detroit Police 4th Precinct (near GHIB),3.3,3.27459,3.1112399999999996,2.53737
3646,Detroit,02/02/2025,10.8,Michigan,DP4th - Detroit Police 4th Precinct (near GHIB),10.8,10.71684,10.18224,8.304120000000001
3647,Detroit,02/03/2025,19.8,Michigan,DP4th - Detroit Police 4th Precinct (near GHIB),19.8,19.64754,18.66744,15.22422
3648,Detroit,02/04/2025,4.7,Michigan,DP4th - Detroit Police 4th Precinct (near GHIB),4.7,4.66381,4.43116,3.61383
3649,Detroit,02/05/2025,7.3,Michigan,DP4th - Detroit Police 4th Precinct (near GHIB),7.3,7.24379,6.88244,5.61297
3650,Detroit,02/06/2025,8.1,Michigan,DP4th - Detroit Police 4th Precinct (near GHIB),8.1,8.03763,7.636679999999999,6.22809
3651,Detroit,02/07/2025,7.2,Michigan,DP4th - Detroit Police 4th Precinct (near GHIB),7.2,7.14456,6.7881599999999995,5.53608
3652,Detroit,02/08/2025,12.1,Michigan,DP4th - Detroit Police 4th Precinct (near GHIB),12.1,12.006829999999999,11.407879999999999,9.30369
3653,Detroit,02/09/2025,9.0,Michigan,DP4th - Detroit Police 4th Precinct (near GHIB),9.0,8.9307,8.485199999999999,6.920100000000001
3654,Detroit,02/10/2025,12.3,Michigan,DP4th - Detroit Police 4th Precinct (near GHIB),12.3,12.20529,11.596440000000001,9.45747
3655,Detroit,02/11/2025,14.2,Michigan,DP4th - Detroit Police 4th Precinct (near GHIB),14.2,14.090659999999998,13.387759999999998,10.918379999999999
3656,Detroit,02/12/2025,16.1,Michigan,DP4th - Detroit Police 4th Precinct (near GHIB),16.1,15.976030000000002,15.17908,12.379290000000001
3657,Detroit,02/13/2025,7.3,Michigan,DP4th - Detroit Police 4th Precinct (near GHIB),7.3,7.24379,6.88244,5.61297
3658,Detroit,02/14/2025,16.4,Michigan,DP4th - Detroit Police 4th Precinct (near GHIB),16.4,16.273719999999997,15.461919999999997,12.60996
3659,Detroit,02/15/2025,18.8,Michigan,DP4th - Detroit Police 4th Precinct (near GHIB),18.8,18.65524,17.72464,14.45532
3660,Detroit,02/16/2025,8.1,Michigan,DP4th - Detroit Police 4th Precinct (near GHIB),8.1,8.03763,7.636679999999999,6.22809
3661,Detroit,02/17/2025,4.7,Michigan,DP4th - Detroit Police 4th Precinct (near GHIB),4.7,4.66381,4.43116,3.61383
3662,Detroit,02/18/2025,6.4,Michigan,DP4th - Detroit Police 4th Precinct (near GHIB),6.4,6.35072,6.03392,4.920960000000001
3663,Detroit,02/19/2025,6.8,Michigan,DP4th - Detroit Police 4th Precinct (near GHIB),6.8,6.74764,6.41104,5.22852
3664,Detroit,02/20/2025,5.9,Michigan,DP4th - Detroit Police 4th Precinct (near GHIB),5.9,5.85457,5.56252,4.536510000000001
3665,Detroit,02/21/2025,7.0,Michigan,DP4th - Detroit Police 4th Precinct (near GHIB),7.0,6.9460999999999995,6.5996,5.3823
3666,Detroit,02/22/2025,17.6,Michigan,DP4th - Detroit Police 4th Precinct (near GHIB),17.6,17.464480000000002,16.59328,13.532640000000002
3667,Detroit,02/23/2025,18.3,Michigan,DP4th - Detroit Police 4th Precinct (near GHIB),18.3,18.15909,17.25324,14.070870000000001
3668,Detroit,02/24/2025,18.0,Michigan,DP4th - Detroit Police 4th Precinct (near GHIB),18.0,17.8614,16.970399999999998,13.840200000000001
3669,Detroit,02/25/2025,10.6,Michigan,DP4th - Detroit Police 4th Precinct (near GHIB),10.6,10.518379999999999,9.99368,8.15034
3670,Detroit,02/26/2025,11.2,Michigan,DP4th - Detroit Police 4th Precinct (near GHIB),11.2,11.11376,10.55936,8.61168
3671,Detroit,02/27/2025,11.6,Michigan,DP4th - Detroit Police 4th Precinct (near GHIB),11.6,11.510679999999999,10.93648,8.91924
3672,Detroit,02/28/2025,7.5,Michigan,DP4th - Detroit Police 4th Precinct (near GHIB),7.5,7.44225,7.071,5.76675
3673,Detroit,03/01/2025,3.1,Michigan,DP4th - Detroit Police 4th Precinct (near GHIB),3.1,3.07613,2.92268,2.3835900000000003
3674,Detroit,03/02/2025,6.5,Michigan,DP4th - Detroit Police 4th Precinct (near GHIB),6.5,6.449949999999999,6.1282,4.997850000000001
3675,Detroit,03/03/2025,16.6,Michigan,DP4th - Detroit Police 4th Precinct (near GHIB),16.6,16.47218,15.650480000000002,12.763740000000002
3676,Detroit,03/04/2025,11.3,Michigan,DP4th - Detroit Police 4th Precinct (near GHIB),11.3,11.21299,10.653640000000001,8.68857
3677,Detroit,03/05/2025,5.7,Michigan,DP4th - Detroit Police 4th Precinct (near GHIB),5.7,5.65611,5.37396,4.3827300000000005
3678,Detroit,03/06/2025,3.3,Michigan,DP4th - Detroit Police 4th Precinct (near GHIB),3.3,3.27459,3.1112399999999996,2.53737
3679,Detroit,03/07/2025,8.9,Michigan,DP4th - Detroit Police 4th Precinct (near GHIB),8.9,8.83147,8.39092,6.843210000000001
3680,Detroit,03/08/2025,4.4,Michigan,DP4th - Detroit Police 4th Precinct (near GHIB),4.4,4.3661200000000004,4.14832,3.3831600000000006
3681,Detroit,03/09/2025,5.6,Michigan,DP4th - Detroit Police 4th Precinct (near GHIB),5.6,5.55688,5.27968,4.30584
3682,Detroit,03/10/2025,11.5,Michigan,DP4th - Detroit Police 4th Precinct (near GHIB),11.5,11.41145,10.8422,8.84235
3683,Detroit,03/11/2025,10.6,Michigan,DP4th - Detroit Police 4th Precinct (near GHIB),10.6,10.518379999999999,9.99368,8.15034
3684,Detroit,03/12/2025,7.6,Michigan,DP4th - Detroit Police 4th Precinct (near GHIB),7.6,7.541479999999999,7.165279999999999,5.84364
3685,Detroit,03/13/2025,14.2,Michigan,DP4th - Detroit Police 4th Precinct (near GHIB),14.2,14.090659999999998,13.387759999999998,10.918379999999999
3686,Detroit,03/14/2025,16.3,Michigan,DP4th - Detroit Police 4th Precinct (near GHIB),16.3,16.17449,15.36764,12.53307
3687,Detroit,03/15/2025,8.2,Michigan,DP4th - Detroit Police 4th Precinct (near GHIB),8.2,8.136859999999999,7.730959999999999,6.30498
3688,Detroit,03/16/2025,3.9,Michigan,DP4th - Detroit Police 4th Precinct (near GHIB),3.9,3.86997,3.67692,2.99871
3689,Detroit,03/17/2025,4.7,Michigan,DP4th - Detroit Police 4th Precinct (near GHIB),4.7,4.66381,4.43116,3.61383
3690,Detroit,03/18/2025,6.9,Michigan,DP4th - Detroit Police 4th Precinct (near GHIB),6.9,6.84687,6.50532,5.30541
3691,Detroit,03/19/2025,9.2,Michigan,DP4th - Detroit Police 4th Precinct (near GHIB),9.2,9.129159999999999,8.67376,7.07388
3692,Detroit,03/20/2025,4.4,Michigan,DP4th - Detroit Police 4th Precinct (near GHIB),4.4,4.3661200000000004,4.14832,3.3831600000000006
3693,Detroit,03/21/2025,7.7,Michigan,DP4th - Detroit Police 4th Precinct (near GHIB),7.7,7.6407099999999994,7.25956,5.92053
3694,Detroit,03/22/2025,3.4,Michigan,DP4th - Detroit Police 4th Precinct (near GHIB),3.4,3.37382,3.20552,2.61426
3695,Detroit,03/23/2025,4.3,Michigan,DP4th - Detroit Police 4th Precinct (near GHIB),4.3,4.26689,4.05404,3.30627
3696,Detroit,03/24/2025,5.7,Michigan,DP4th - Detroit Police 4th Precinct (near GHIB),5.7,5.65611,5.37396,4.3827300000000005
3697,Detroit,03/25/2025,4.1,Michigan,DP4th - Detroit Police 4th Precinct (near GHIB),4.1,4.068429999999999,3.8654799999999994,3.15249
3698,Detroit,03/26/2025,4.1,Michigan,DP4th - Detroit Police 4th Precinct (near GHIB),4.1,4.068429999999999,3.8654799999999994,3.15249
3699,Detroit,03/27/2025,11.3,Michigan,DP4th - Detroit Police 4th Precinct (near GHIB),11.3,11.21299,10.653640000000001,8.68857
3700,Detroit,03/28/2025,13.9,Michigan,DP4th - Detroit Police 4th Precinct (near GHIB),13.9,13.79297,13.10492,10.687710000000001
3701,Detroit,03/29/2025,12.0,Michigan,DP4th - Detroit Police 4th Precinct (near GHIB),12.0,11.907599999999999,11.3136,9.2268
3702,Detroit,03/30/2025,8.9,Michigan,DP4th - Detroit Police 4th Precinct (near GHIB),8.9,8.83147,8.39092,6.843210000000001
3703,Detroit,03/31/2025,3.6,Michigan,DP4th - Detroit Police 4th Precinct (near GHIB),3.6,3.57228,3.3940799999999998,2.76804
3704,Detroit,04/01/2025,5.0,Michigan,DP4th - Detroit Police 4th Precinct (near GHIB),5.0,4.9615,4.7139999999999995,3.8445
3705,Detroit,04/02/2025,5.5,Michigan,DP4th - Detroit Police 4th Precinct (near GHIB),5.5,5.45765,5.1854,4.22895
3706,Detroit,04/03/2025,4.5,Michigan,DP4th - Detroit Police 4th Precinct (near GHIB),4.5,4.46535,4.2425999999999995,3.4600500000000003
3707,Detroit,04/04/2025,7.2,Michigan,DP4th - Detroit Police 4th Precinct (near GHIB),7.2,7.14456,6.7881599999999995,5.53608
3708,Detroit,04/05/2025,4.7,Michigan,DP4th - Detroit Police 4th Precinct (near GHIB),4.7,4.66381,4.43116,3.61383
3709,Detroit,04/06/2025,3.4,Michigan,DP4th - Detroit Police 4th Precinct (near GHIB),3.4,3.37382,3.20552,2.61426
3710,Detroit,04/07/2025,5.8,Michigan,DP4th - Detroit Police 4th Precinct (near GHIB),5.8,5.7553399999999995,5.46824,4.45962
3711,Detroit,04/08/2025,3.9,Michigan,DP4th - Detroit Police 4th Precinct (near GHIB),3.9,3.86997,3.67692,2.99871
3712,Detroit,04/09/2025,8.4,Michigan,DP4th - Detroit Police 4th Precinct (near GHIB),8.4,8.33532,7.91952,6.458760000000001
3713,Detroit,04/10/2025,7.7,Michigan,DP4th - Detroit Police 4th Precinct (near GHIB),7.7,7.6407099999999994,7.25956,5.92053
3714,Detroit,04/11/2025,7.2,Michigan,DP4th - Detroit Police 4th Precinct (near GHIB),7.2,7.14456,6.7881599999999995,5.53608
3715,Detroit,04/12/2025,6.2,Michigan,DP4th - Detroit Police 4th Precinct (near GHIB),6.2,6.15226,5.84536,4.767180000000001
3716,Detroit,04/13/2025,7.0,Michigan,DP4th - Detroit Police 4th Precinct (near GHIB),7.0,6.9460999999999995,6.5996,5.3823
3717,Detroit,04/14/2025,8.2,Michigan,DP4th - Detroit Police 4th Precinct (near GHIB),8.2,8.136859999999999,7.730959999999999,6.30498
3718,Detroit,04/15/2025,3.2,Michigan,DP4th - Detroit Police 4th Precinct (near GHIB),3.2,3.17536,3.01696,2.4604800000000004
3719,Detroit,04/16/2025,3.2,Michigan,DP4th - Detroit Police 4th Precinct (near GHIB),3.2,3.17536,3.01696,2.4604800000000004
3720,Detroit,04/17/2025,8.5,Michigan,DP4th - Detroit Police 4th Precinct (near GHIB),8.5,8.43455,8.0138,6.53565
3721,Detroit,04/18/2025,14.1,Michigan,DP4th - Detroit Police 4th Precinct (near GHIB),14.1,13.99143,13.293479999999999,10.84149
3722,Detroit,04/19/2025,10.2,Michigan,DP4th - Detroit Police 4th Precinct (near GHIB),10.2,10.121459999999999,9.61656,7.842779999999999
3723,Detroit,04/20/2025,3.1,Michigan,DP4th - Detroit Police 4th Precinct (near GHIB),3.1,3.07613,2.92268,2.3835900000000003
3724,Detroit,04/21/2025,6.5,Michigan,DP4th - Detroit Police 4th Precinct (near GHIB),6.5,6.449949999999999,6.1282,4.997850000000001
3725,Detroit,04/22/2025,3.7,Michigan,DP4th - Detroit Police 4th Precinct (near GHIB),3.7,3.67151,3.48836,2.84493
3726,Detroit,04/23/2025,12.9,Michigan,DP4th - Detroit Police 4th Precinct (near GHIB),12.9,12.80067,12.16212,9.91881
3727,Detroit,04/24/2025,16.0,Michigan,DP4th - Detroit Police 4th Precinct (near GHIB),16.0,15.8768,15.0848,12.3024
3728,Detroit,04/25/2025,13.2,Michigan,DP4th - Detroit Police 4th Precinct (near GHIB),13.2,13.09836,12.444959999999998,10.14948
3729,Detroit,04/26/2025,3.6,Michigan,DP4th - Detroit Police 4th Precinct (near GHIB),3.6,3.57228,3.3940799999999998,2.76804
3730,Detroit,04/27/2025,5.9,Michigan,DP4th - Detroit Police 4th Precinct (near GHIB),5.9,5.85457,5.56252,4.536510000000001
3731,Detroit,04/28/2025,5.4,Michigan,DP4th - Detroit Police 4th Precinct (near GHIB),5.4,5.35842,5.09112,4.1520600000000005
3732,Detroit,04/29/2025,10.0,Michigan,DP4th - Detroit Police 4th Precinct (near GHIB),10.0,9.923,9.427999999999999,7.689
3733,Detroit,04/30/2025,5.9,Michigan,DP4th - Detroit Police 4th Precinct (near GHIB),5.9,5.85457,5.56252,4.536510000000001
3734,Detroit,05/01/2025,5.8,Michigan,DP4th - Detroit Police 4th Precinct (near GHIB),5.8,5.7553399999999995,5.46824,4.45962
3735,Detroit,05/02/2025,7.5,Michigan,DP4th - Detroit Police 4th Precinct (near GHIB),7.5,7.44225,7.071,5.76675
3736,Detroit,05/03/2025,3.1,Michigan,DP4th - Detroit Police 4th Precinct (near GHIB),3.1,3.07613,2.92268,2.3835900000000003
3737,Detroit,05/04/2025,4.0,Michigan,DP4th - Detroit Police 4th Precinct (near GHIB),4.0,3.9692,3.7712,3.0756
3738,Detroit,05/05/2025,7.1,Michigan,DP4th - Detroit Police 4th Precinct (near GHIB),7.1,7.045329999999999,6.693879999999999,5.4591899999999995
3739,Detroit,05/06/2025,9.2,Michigan,DP4th - Detroit Police 4th Precinct (near GHIB),9.2,9.129159999999999,8.67376,7.07388
3740,Detroit,05/07/2025,8.2,Michigan,DP4th - Detroit Police 4th Precinct (near GHIB),8.2,8.136859999999999,7.730959999999999,6.30498
3741,Detroit,05/08/2025,4.7,Michigan,DP4th - Detroit Police 4th Precinct (near GHIB),4.7,4.66381,4.43116,3.61383
3742,Detroit,05/09/2025,5.3,Michigan,DP4th - Detroit Police 4th Precinct (near GHIB),5.3,5.259189999999999,4.99684,4.07517
3743,Detroit,05/10/2025,7.8,Michigan,DP4th - Detroit Police 4th Precinct (near GHIB),7.8,7.73994,7.35384,5.99742
3744,Detroit,05/11/2025,4.0,Michigan,DP4th - Detroit Police 4th Precinct (near GHIB),4.0,3.9692,3.7712,3.0756
3745,Detroit,05/12/2025,9.5,Michigan,DP4th - Detroit Police 4th Precinct (near GHIB),9.5,9.42685,8.9566,7.30455
3746,Detroit,05/13/2025,4.6,Michigan,DP4th - Detroit Police 4th Precinct (near GHIB),4.6,4.564579999999999,4.33688,3.53694
3747,Detroit,05/14/2025,5.6,Michigan,DP4th - Detroit Police 4th Precinct (near GHIB),5.6,5.55688,5.27968,4.30584
3748,Detroit,05/15/2025,8.9,Michigan,DP4th - Detroit Police 4th Precinct (near GHIB),8.9,8.83147,8.39092,6.843210000000001
3749,Detroit,05/16/2025,8.7,Michigan,DP4th - Detroit Police 4th Precinct (near GHIB),8.7,8.633009999999999,8.202359999999999,6.68943
3750,Detroit,05/17/2025,4.6,Michigan,DP4th - Detroit Police 4th Precinct (near GHIB),4.6,4.564579999999999,4.33688,3.53694
3751,Detroit,05/18/2025,3.3,Michigan,DP4th - Detroit Police 4th Precinct (near GHIB),3.3,3.27459,3.1112399999999996,2.53737
3752,Detroit,05/19/2025,4.9,Michigan,DP4th - Detroit Police 4th Precinct (near GHIB),4.9,4.8622700000000005,4.61972,3.7676100000000003
3753,Detroit,05/20/2025,6.0,Michigan,DP4th - Detroit Police 4th Precinct (near GHIB),6.0,5.953799999999999,5.6568,4.6134
3754,Detroit,05/21/2025,4.6,Michigan,DP4th - Detroit Police 4th Precinct (near GHIB),4.6,4.564579999999999,4.33688,3.53694
3755,Detroit,05/22/2025,2.5,Michigan,DP4th - Detroit Police 4th Precinct (near GHIB),2.5,2.48075,2.3569999999999998,1.92225
3756,Detroit,05/23/2025,2.7,Michigan,DP4th - Detroit Police 4th Precinct (near GHIB),2.7,2.67921,2.54556,2.0760300000000003
3757,Detroit,05/24/2025,5.0,Michigan,DP4th - Detroit Police 4th Precinct (near GHIB),5.0,4.9615,4.7139999999999995,3.8445
3758,Detroit,05/25/2025,9.5,Michigan,DP4th - Detroit Police 4th Precinct (near GHIB),9.5,9.42685,8.9566,7.30455
3759,Detroit,05/26/2025,5.2,Michigan,DP4th - Detroit Police 4th Precinct (near GHIB),5.2,5.15996,4.90256,3.9982800000000003
3760,Detroit,05/27/2025,6.7,Michigan,DP4th - Detroit Police 4th Precinct (near GHIB),6.7,6.64841,6.31676,5.15163
3761,Detroit,05/28/2025,4.7,Michigan,DP4th - Detroit Police 4th Precinct (near GHIB),4.7,4.66381,4.43116,3.61383
3762,Detroit,05/29/2025,9.3,Michigan,DP4th - Detroit Police 4th Precinct (near GHIB),9.3,9.228390000000001,8.768040000000001,7.1507700000000005
3763,Detroit,05/30/2025,8.6,Michigan,DP4th - Detroit Police 4th Precinct (near GHIB),8.6,8.53378,8.10808,6.61254
3764,Detroit,05/31/2025,6.7,Michigan,DP4th - Detroit Police 4th Precinct (near GHIB),6.7,6.64841,6.31676,5.15163
3765,Detroit,06/01/2025,5.8,Michigan,DP4th - Detroit Police 4th Precinct (near GHIB),5.8,5.7553399999999995,5.46824,4.45962
3766,Detroit,06/02/2025,7.6,Michigan,DP4th - Detroit Police 4th Precinct (near GHIB),7.6,7.541479999999999,7.165279999999999,5.84364
3767,Detroit,06/03/2025,16.9,Michigan,DP4th - Detroit Police 4th Precinct (near GHIB),16.9,16.769869999999997,15.933319999999998,12.99441
3768,Detroit,06/04/2025,24.9,Michigan,DP4th - Detroit Police 4th Precinct (near GHIB),24.9,24.70827,23.47572,19.14561
3769,Detroit,06/05/2025,42.8,Michigan,DP4th - Detroit Police 4th Precinct (near GHIB),42.8,42.470439999999996,40.351839999999996,32.90892
3770,Detroit,06/06/2025,55.2,Michigan,DP4th - Detroit Police 4th Precinct (near GHIB),55.2,54.77496,52.04256,42.44328
3771,Detroit,06/07/2025,22.6,Michigan,DP4th - Detroit Police 4th Precinct (near GHIB),22.6,22.42598,21.307280000000002,17.37714
3772,Detroit,06/08/2025,37.3,Michigan,DP4th - Detroit Police 4th Precinct (near GHIB),37.3,37.012789999999995,35.166439999999994,28.679969999999997
3773,Detroit,06/09/2025,22.8,Michigan,DP4th - Detroit Police 4th Precinct (near GHIB),22.8,22.62444,21.49584,17.530920000000002
3774,Detroit,06/10/2025,15.4,Michigan,DP4th - Detroit Police 4th Precinct (near GHIB),15.4,15.281419999999999,14.51912,11.84106
3775,Detroit,06/11/2025,23.2,Michigan,DP4th - Detroit Police 4th Precinct (near GHIB),23.2,23.021359999999998,21.87296,17.83848
3776,Detroit,06/12/2025,25.4,Michigan,DP4th - Detroit Police 4th Precinct (near GHIB),25.4,25.20442,23.947119999999998,19.53006
3777,Detroit,06/13/2025,10.6,Michigan,DP4th - Detroit Police 4th Precinct (near GHIB),10.6,10.518379999999999,9.99368,8.15034
3778,Detroit,06/14/2025,8.4,Michigan,DP4th - Detroit Police 4th Precinct (near GHIB),8.4,8.33532,7.91952,6.458760000000001
3779,Detroit,06/15/2025,9.2,Michigan,DP4th - Detroit Police 4th Precinct (near GHIB),9.2,9.129159999999999,8.67376,7.07388
3780,Detroit,06/16/2025,9.0,Michigan,DP4th - Detroit Police 4th Precinct (near GHIB),9.0,8.9307,8.485199999999999,6.920100000000001
3781,Detroit,06/17/2025,10.1,Michigan,DP4th - Detroit Police 4th Precinct (near GHIB),10.1,10.022229999999999,9.522279999999999,7.76589
3782,Detroit,06/18/2025,8.0,Michigan,DP4th - Detroit Police 4th Precinct (near GHIB),8.0,7.9384,7.5424,6.1512
3783,Detroit,06/19/2025,4.3,Michigan,DP4th - Detroit Police 4th Precinct (near GHIB),4.3,4.26689,4.05404,3.30627
3784,Detroit,06/20/2025,11.0,Michigan,DP4th - Detroit Police 4th Precinct (near GHIB),11.0,10.9153,10.3708,8.4579
3785,Detroit,06/21/2025,10.4,Michigan,DP4th - Detroit Police 4th Precinct (near GHIB),10.4,10.31992,9.80512,7.996560000000001
3786,Detroit,06/22/2025,11.7,Michigan,DP4th - Detroit Police 4th Precinct (near GHIB),11.7,11.60991,11.030759999999999,8.996129999999999
3787,Detroit,06/23/2025,14.6,Michigan,DP4th - Detroit Police 4th Precinct (near GHIB),14.6,14.48758,13.76488,11.22594
3788,Detroit,06/24/2025,12.5,Michigan,DP4th - Detroit Police 4th Precinct (near GHIB),12.5,12.403749999999999,11.785,9.61125
3789,Detroit,06/25/2025,10.1,Michigan,DP4th - Detroit Police 4th Precinct (near GHIB),10.1,10.022229999999999,9.522279999999999,7.76589
3790,Detroit,06/26/2025,9.5,Michigan,DP4th - Detroit Police 4th Precinct (near GHIB),9.5,9.42685,8.9566,7.30455
3791,Detroit,06/27/2025,10.3,Michigan,DP4th - Detroit Police 4th Precinct (near GHIB),10.3,10.220690000000001,9.710840000000001,7.919670000000001
3792,Detroit,06/28/2025,5.4,Michigan,DP4th - Detroit Police 4th Precinct (near GHIB),5.4,5.35842,5.09112,4.1520600000000005
3793,Detroit,06/29/2025,5.6,Michigan,DP4th - Detroit Police 4th Precinct (near GHIB),5.6,5.55688,5.27968,4.30584
3794,Detroit,06/30/2025,7.7,Michigan,DP4th - Detroit Police 4th Precinct (near GHIB),7.7,7.6407099999999994,7.25956,5.92053
3795,Detroit,07/01/2025,6.9,Michigan,DP4th - Detroit Police 4th Precinct (near GHIB),6.9,6.84687,6.50532,5.30541
3796,Detroit,07/02/2025,11.9,Michigan,DP4th - Detroit Police 4th Precinct (near GHIB),11.9,11.80837,11.21932,9.14991
3797,Detroit,07/03/2025,14.5,Michigan,DP4th - Detroit Police 4th Precinct (near GHIB),14.5,14.388349999999999,13.6706,11.14905
3798,Detroit,07/04/2025,14.1,Michigan,DP4th - Detroit Police 4th Precinct (near GHIB),14.1,13.99143,13.293479999999999,10.84149
3799,Detroit,07/05/2025,15.1,Michigan,DP4th - Detroit Police 4th Precinct (near GHIB),15.1,14.98373,14.236279999999999,11.61039
3800,Detroit,07/06/2025,13.1,Michigan,DP4th - Detroit Police 4th Precinct (near GHIB),13.1,12.99913,12.350679999999999,10.07259
3801,Detroit,07/07/2025,5.3,Michigan,DP4th - Detroit Police 4th Precinct (near GHIB),5.3,5.259189999999999,4.99684,4.07517
3802,Detroit,07/08/2025,19.4,Michigan,DP4th - Detroit Police 4th Precinct (near GHIB),19.4,19.250619999999998,18.290319999999998,14.91666
3803,Detroit,07/09/2025,13.3,Michigan,DP4th - Detroit Police 4th Precinct (near GHIB),13.3,13.19759,12.53924,10.226370000000001
3804,Detroit,07/10/2025,12.7,Michigan,DP4th - Detroit Police 4th Precinct (near GHIB),12.7,12.60221,11.973559999999999,9.76503
3805,Detroit,07/11/2025,11.2,Michigan,DP4th - Detroit Police 4th Precinct (near GHIB),11.2,11.11376,10.55936,8.61168
3806,Detroit,07/12/2025,9.5,Michigan,DP4th - Detroit Police 4th Precinct (near GHIB),9.5,9.42685,8.9566,7.30455
3807,Detroit,07/13/2025,13.2,Michigan,DP4th - Detroit Police 4th Precinct (near GHIB),13.2,13.09836,12.444959999999998,10.14948
3808,Detroit,07/14/2025,30.9,Michigan,DP4th - Detroit Police 4th Precinct (near GHIB),30.9,30.662069999999996,29.13252,23.75901
3809,Detroit,07/15/2025,44.6,Michigan,DP4th - Detroit Police 4th Precinct (near GHIB),44.6,44.25658,42.04888,34.29294
3810,Detroit,07/16/2025,17.1,Michigan,DP4th - Detroit Police 4th Precinct (near GHIB),17.1,16.96833,16.12188,13.148190000000001
3811,Detroit,07/17/2025,4.8,Michigan,DP4th - Detroit Police 4th Precinct (near GHIB),4.8,4.763039999999999,4.52544,3.69072
3812,Detroit,07/18/2025,3.4,Michigan,DP4th - Detroit Police 4th Precinct (near GHIB),3.4,3.37382,3.20552,2.61426
3813,Detroit,07/19/2025,5.3,Michigan,DP4th - Detroit Police 4th Precinct (near GHIB),5.3,5.259189999999999,4.99684,4.07517
3814,Detroit,07/20/2025,6.1,Michigan,DP4th - Detroit Police 4th Precinct (near GHIB),6.1,6.05303,5.751079999999999,4.69029
3815,Detroit,07/21/2025,11.5,Michigan,DP4th - Detroit Police 4th Precinct (near GHIB),11.5,11.41145,10.8422,8.84235
3816,Detroit,07/22/2025,5.9,Michigan,DP4th - Detroit Police 4th Precinct (near GHIB),5.9,5.85457,5.56252,4.536510000000001
3817,Detroit,07/23/2025,8.1,Michigan,DP4th - Detroit Police 4th Precinct (near GHIB),8.1,8.03763,7.636679999999999,6.22809
3818,Detroit,07/24/2025,13.5,Michigan,DP4th - Detroit Police 4th Precinct (near GHIB),13.5,13.396049999999999,12.7278,10.38015
3819,Detroit,07/25/2025,7.9,Michigan,DP4th - Detroit Police 4th Precinct (near GHIB),7.9,7.83917,7.44812,6.0743100000000005
3820,Detroit,07/26/2025,9.9,Michigan,DP4th - Detroit Police 4th Precinct (near GHIB),9.9,9.82377,9.33372,7.61211
3821,Detroit,07/27/2025,6.9,Michigan,DP4th - Detroit Police 4th Precinct (near GHIB),6.9,6.84687,6.50532,5.30541
3822,Detroit,07/28/2025,7.5,Michigan,DP4th - Detroit Police 4th Precinct (near GHIB),7.5,7.44225,7.071,5.76675
3823,Detroit,07/29/2025,9.5,Michigan,DP4th - Detroit Police 4th Precinct (near GHIB),9.5,9.42685,8.9566,7.30455
3824,Detroit,07/30/2025,20.5,Michigan,DP4th - Detroit Police 4th Precinct (near GHIB),20.5,20.34215,19.3274,15.762450000000001
3825,Detroit,07/31/2025,46.2,Michigan,DP4th - Detroit Police 4th Precinct (near GHIB),46.2,45.84426,43.55736,35.52318
3826,Detroit,08/01/2025,16.2,Michigan,DP4th - Detroit Police 4th Precinct (near GHIB),16.2,16.07526,15.273359999999998,12.45618
3827,Detroit,08/02/2025,8.7,Michigan,DP4th - Detroit Police 4th Precinct (near GHIB),8.7,8.633009999999999,8.202359999999999,6.68943
3828,Detroit,08/03/2025,24.9,Michigan,DP4th - Detroit Police 4th Precinct (near GHIB),24.9,24.70827,23.47572,19.14561
3829,Detroit,08/04/2025,56.7,Michigan,DP4th - Detroit Police 4th Precinct (near GHIB),56.7,56.26341,53.45676,43.596630000000005
3830,Detroit,08/05/2025,34.8,Michigan,DP4th - Detroit Police 4th Precinct (near GHIB),34.8,34.532039999999995,32.809439999999995,26.75772
3831,Detroit,08/06/2025,25.9,Michigan,DP4th - Detroit Police 4th Precinct (near GHIB),25.9,25.70057,24.418519999999997,19.91451
3832,Detroit,08/07/2025,18.4,Michigan,DP4th - Detroit Police 4th Precinct (near GHIB),18.4,18.258319999999998,17.34752,14.14776
3833,Detroit,08/08/2025,12.5,Michigan,DP4th - Detroit Police 4th Precinct (near GHIB),12.5,12.403749999999999,11.785,9.61125
3834,Detroit,08/09/2025,12.6,Michigan,DP4th - Detroit Police 4th Precinct (near GHIB),12.6,12.502979999999999,11.87928,9.68814
3835,Detroit,08/10/2025,13.5,Michigan,DP4th - Detroit Police 4th Precinct (near GHIB),13.5,13.396049999999999,12.7278,10.38015
3836,Detroit,08/11/2025,12.9,Michigan,DP4th - Detroit Police 4th Precinct (near GHIB),12.9,12.80067,12.16212,9.91881
3837,Detroit,08/12/2025,11.9,Michigan,DP4th - Detroit Police 4th Precinct (near GHIB),11.9,11.80837,11.21932,9.14991
3838,Detroit,08/13/2025,9.3,Michigan,DP4th - Detroit Police 4th Precinct (near GHIB),9.3,9.228390000000001,8.768040000000001,7.1507700000000005
3839,Detroit,08/14/2025,24.6,Michigan,DP4th - Detroit Police 4th Precinct (near GHIB),24.6,24.41058,23.192880000000002,18.91494
3840,Detroit,08/15/2025,28.5,Michigan,DP4th - Detroit Police 4th Precinct (near GHIB),28.5,28.280549999999998,26.869799999999998,21.91365
3841,Detroit,08/16/2025,16.8,Michigan,DP4th - Detroit Police 4th Precinct (near GHIB),16.8,16.67064,15.83904,12.917520000000001
3842,Detroit,08/17/2025,6.8,Michigan,DP4th - Detroit Police 4th Precinct (near GHIB),6.8,6.74764,6.41104,5.22852
3843,Detroit,08/18/2025,4.7,Michigan,DP4th - Detroit Police 4th Precinct (near GHIB),4.7,4.66381,4.43116,3.61383
3844,Detroit,08/19/2025,5.8,Michigan,DP4th - Detroit Police 4th Precinct (near GHIB),5.8,5.7553399999999995,5.46824,4.45962
3845,Detroit,08/20/2025,2.8,Michigan,DP4th - Detroit Police 4th Precinct (near GHIB),2.8,2.77844,2.63984,2.15292
3846,Detroit,08/21/2025,6.5,Michigan,DP4th - Detroit Police 4th Precinct (near GHIB),6.5,6.449949999999999,6.1282,4.997850000000001
3847,Detroit,08/22/2025,6.7,Michigan,DP4th - Detroit Police 4th Precinct (near GHIB),6.7,6.64841,6.31676,5.15163
3848,Detroit,08/23/2025,7.9,Michigan,DP4th - Detroit Police 4th Precinct (near GHIB),7.9,7.83917,7.44812,6.0743100000000005
3849,Detroit,08/24/2025,4.4,Michigan,DP4th - Detroit Police 4th Precinct (near GHIB),4.4,4.3661200000000004,4.14832,3.3831600000000006
3850,Detroit,08/25/2025,3.9,Michigan,DP4th - Detroit Police 4th Precinct (near GHIB),3.9,3.86997,3.67692,2.99871
3851,Detroit,08/26/2025,5.8,Michigan,DP4th - Detroit Police 4th Precinct (near GHIB),5.8,5.7553399999999995,5.46824,4.45962
3852,Detroit,08/27/2025,5.9,Michigan,DP4th - Detroit Police 4th Precinct (near GHIB),5.9,5.85457,5.56252,4.536510000000001
3853,Detroit,08/28/2025,7.2,Michigan,DP4th - Detroit Police 4th Precinct (near GHIB),7.2,7.14456,6.7881599999999995,5.53608
3854,Detroit,08/29/2025,2.9,Michigan,DP4th - Detroit Police 4th Precinct (near GHIB),2.9,2.8776699999999997,2.73412,2.22981
3855,Detroit,08/30/2025,6.0,Michigan,DP4th - Detroit Police 4th Precinct (near GHIB),6.0,5.953799999999999,5.6568,4.6134
3856,Detroit,08/31/2025,9.6,Michigan,DP4th - Detroit Police 4th Precinct (near GHIB),9.6,9.526079999999999,9.05088,7.38144
3857,Detroit,09/01/2025,6.8,Michigan,DP4th - Detroit Police 4th Precinct (near GHIB),6.8,6.74764,6.41104,5.22852
3858,Detroit,09/02/2025,7.2,Michigan,DP4th - Detroit Police 4th Precinct (near GHIB),7.2,7.14456,6.7881599999999995,5.53608
3859,Detroit,09/03/2025,9.2,Michigan,DP4th - Detroit Police 4th Precinct (near GHIB),9.2,9.129159999999999,8.67376,7.07388
3860,Detroit,09/04/2025,6.8,Michigan,DP4th - Detroit Police 4th Precinct (near GHIB),6.8,6.74764,6.41104,5.22852
3861,Detroit,09/05/2025,9.0,Michigan,DP4th - Detroit Police 4th Precinct (near GHIB),9.0,8.9307,8.485199999999999,6.920100000000001
3862,Detroit,09/06/2025,5.3,Michigan,DP4th - Detroit Police 4th Precinct (near GHIB),5.3,5.259189999999999,4.99684,4.07517
3863,Detroit,09/07/2025,6.6,Michigan,DP4th - Detroit Police 4th Precinct (near GHIB),6.6,6.54918,6.222479999999999,5.07474
3864,Detroit,09/08/2025,4.7,Michigan,DP4th - Detroit Police 4th Precinct (near GHIB),4.7,4.66381,4.43116,3.61383
3865,Detroit,09/09/2025,6.1,Michigan,DP4th - Detroit Police 4th Precinct (near GHIB),6.1,6.05303,5.751079999999999,4.69029
3866,Detroit,09/10/2025,10.3,Michigan,DP4th - Detroit Police 4th Precinct (near GHIB),10.3,10.220690000000001,9.710840000000001,7.919670000000001
3867,Detroit,09/11/2025,12.6,Michigan,DP4th - Detroit Police 4th Precinct (near GHIB),12.6,12.502979999999999,11.87928,9.68814
3868,Detroit,09/12/2025,11.5,Michigan,DP4th - Detroit Police 4th Precinct (near GHIB),11.5,11.41145,10.8422,8.84235
3869,Detroit,09/13/2025,18.1,Michigan,DP4th - Detroit Police 4th Precinct (near GHIB),18.1,17.960630000000002,17.06468,13.917090000000002
3870,Detroit,09/14/2025,18.4,Michigan,DP4th - Detroit Police 4th Precinct (near GHIB),18.4,18.258319999999998,17.34752,14.14776
3871,Detroit,09/15/2025,12.9,Michigan,DP4th - Detroit Police 4th Precinct (near GHIB),12.9,12.80067,12.16212,9.91881
3872,Detroit,09/16/2025,10.3,Michigan,DP4th - Detroit Police 4th Precinct (near GHIB),10.3,10.220690000000001,9.710840000000001,7.919670000000001
3873,Detroit,09/17/2025,11.1,Michigan,DP4th - Detroit Police 4th Precinct (near GHIB),11.1,11.014529999999999,10.465079999999999,8.53479
3874,Detroit,09/18/2025,14.7,Michigan,DP4th - Detroit Police 4th Precinct (near GHIB),14.7,14.586809999999998,13.85916,11.30283
3875,Detroit,09/19/2025,7.1,Michigan,DP4th - Detroit Police 4th Precinct (near GHIB),7.1,7.045329999999999,6.693879999999999,5.4591899999999995
3876,Detroit,09/20/2025,3.8,Michigan,DP4th - Detroit Police 4th Precinct (near GHIB),3.8,3.7707399999999995,3.5826399999999996,2.92182
3877,Detroit,09/21/2025,7.2,Michigan,DP4th - Detroit Police 4th Precinct (near GHIB),7.2,7.14456,6.7881599999999995,5.53608
3878,Detroit,09/22/2025,8.4,Michigan,DP4th - Detroit Police 4th Precinct (near GHIB),8.4,8.33532,7.91952,6.458760000000001
3879,Detroit,09/23/2025,10.6,Michigan,DP4th - Detroit Police 4th Precinct (near GHIB),10.6,10.518379999999999,9.99368,8.15034
3880,Detroit,09/24/2025,7.3,Michigan,DP4th - Detroit Police 4th Precinct (near GHIB),7.3,7.24379,6.88244,5.61297
3881,Detroit,09/25/2025,6.7,Michigan,DP4th - Detroit Police 4th Precinct (near GHIB),6.7,6.64841,6.31676,5.15163
3882,Detroit,09/26/2025,7.6,Michigan,DP4th - Detroit Police 4th Precinct (near GHIB),7.6,7.541479999999999,7.165279999999999,5.84364
3883,Detroit,09/27/2025,9.7,Michigan,DP4th - Detroit Police 4th Precinct (near GHIB),9.7,9.625309999999999,9.145159999999999,7.45833
3884,Detroit,09/28/2025,9.6,Michigan,DP4th - Detroit Police 4th Precinct (near GHIB),9.6,9.526079999999999,9.05088,7.38144
3885,Detroit,09/29/2025,9.8,Michigan,DP4th - Detroit Police 4th Precinct (near GHIB),9.8,9.724540000000001,9.23944,7.535220000000001
3886,Detroit,09/30/2025,9.2,Michigan,DP4th - Detroit Police 4th Precinct (near GHIB),9.2,9.129159999999999,8.67376,7.07388
3887,Detroit,10/01/2025,6.4,Michigan,DP4th - Detroit Police 4th Precinct (near GHIB),6.4,6.35072,6.03392,4.920960000000001
3888,Detroit,10/02/2025,7.0,Michigan,DP4th - Detroit Police 4th Precinct (near GHIB),7.0,6.9460999999999995,6.5996,5.3823
3889,Detroit,10/03/2025,16.4,Michigan,DP4th - Detroit Police 4th Precinct (near GHIB),16.4,16.273719999999997,15.461919999999997,12.60996
3890,Detroit,10/04/2025,12.8,Michigan,DP4th - Detroit Police 4th Precinct (near GHIB),12.8,12.70144,12.06784,9.841920000000002
3891,Detroit,10/05/2025,11.5,Michigan,DP4th - Detroit Police 4th Precinct (near GHIB),11.5,11.41145,10.8422,8.84235
3892,Detroit,10/06/2025,6.6,Michigan,DP4th - Detroit Police 4th Precinct (near GHIB),6.6,6.54918,6.222479999999999,5.07474
3893,Detroit,10/07/2025,3.7,Michigan,DP4th - Detroit Police 4th Precinct (near GHIB),3.7,3.67151,3.48836,2.84493
3894,Detroit,10/08/2025,3.3,Michigan,DP4th - Detroit Police 4th Precinct (near GHIB),3.3,3.27459,3.1112399999999996,2.53737
3895,Detroit,10/09/2025,4.6,Michigan,DP4th - Detroit Police 4th Precinct (near GHIB),4.6,4.564579999999999,4.33688,3.53694
3896,Detroit,10/10/2025,7.5,Michigan,DP4th - Detroit Police 4th Precinct (near GHIB),7.5,7.44225,7.071,5.76675
3897,Detroit,10/11/2025,6.2,Michigan,DP4th - Detroit Police 4th Precinct (near GHIB),6.2,6.15226,5.84536,4.767180000000001
3898,Detroit,10/12/2025,6.2,Michigan,DP4th - Detroit Police 4th Precinct (near GHIB),6.2,6.15226,5.84536,4.767180000000001
3899,Detroit,10/13/2025,8.3,Michigan,DP4th - Detroit Police 4th Precinct (near GHIB),8.3,8.23609,7.825240000000001,6.381870000000001
3900,Detroit,10/14/2025,11.5,Michigan,DP4th - Detroit Police 4th Precinct (near GHIB),11.5,11.41145,10.8422,8.84235
3901,Detroit,10/15/2025,3.6,Michigan,DP4th - Detroit Police 4th Precinct (near GHIB),3.6,3.57228,3.3940799999999998,2.76804
3902,Detroit,10/16/2025,5.4,Michigan,DP4th - Detroit Police 4th Precinct (near GHIB),5.4,5.35842,5.09112,4.1520600000000005
3903,Detroit,10/17/2025,6.4,Michigan,DP4th - Detroit Police 4th Precinct (near GHIB),6.4,6.35072,6.03392,4.920960000000001
3904,Detroit,10/18/2025,8.6,Michigan,DP4th - Detroit Police 4th Precinct (near GHIB),8.6,8.53378,8.10808,6.61254
3905,Detroit,10/19/2025,5.2,Michigan,DP4th - Detroit Police 4th Precinct (near GHIB),5.2,5.15996,4.90256,3.9982800000000003
3906,Detroit,10/20/2025,3.8,Michigan,DP4th - Detroit Police 4th Precinct (near GHIB),3.8,3.7707399999999995,3.5826399999999996,2.92182
3907,Detroit,10/21/2025,3.8,Michigan,DP4th - Detroit Police 4th Precinct (near GHIB),3.8,3.7707399999999995,3.5826399999999996,2.92182
3908,Detroit,10/22/2025,2.7,Michigan,DP4th - Detroit Police 4th Precinct (near GHIB),2.7,2.67921,2.54556,2.0760300000000003
3909,Detroit,10/23/2025,2.2,Michigan,DP4th - Detroit Police 4th Precinct (near GHIB),2.2,2.1830600000000002,2.07416,1.6915800000000003
3910,Detroit,10/24/2025,3.6,Michigan,DP4th - Detroit Police 4th Precinct (near GHIB),3.6,3.57228,3.3940799999999998,2.76804
3911,Detroit,10/25/2025,4.9,Michigan,DP4th - Detroit Police 4th Precinct (near GHIB),4.9,4.8622700000000005,4.61972,3.7676100000000003
3912,Detroit,10/26/2025,5.3,Michigan,DP4th - Detroit Police 4th Precinct (near GHIB),5.3,5.259189999999999,4.99684,4.07517
3913,Detroit,10/27/2025,5.4,Michigan,DP4th - Detroit Police 4th Precinct (near GHIB),5.4,5.35842,5.09112,4.1520600000000005
3914,Detroit,10/28/2025,5.7,Michigan,DP4th - Detroit Police 4th Precinct (near GHIB),5.7,5.65611,5.37396,4.3827300000000005
3915,Detroit,10/29/2025,6.3,Michigan,DP4th - Detroit Police 4th Precinct (near GHIB),6.3,6.2514899999999995,5.93964,4.84407
3916,Detroit,10/30/2025,5.3,Michigan,DP4th - Detroit Police 4th Precinct (near GHIB),5.3,5.259189999999999,4.99684,4.07517
3917,Detroit,10/31/2025,4.9,Michigan,DP4th - Detroit Police 4th Precinct (near GHIB),4.9,4.8622700000000005,4.61972,3.7676100000000003
3918,Detroit,11/01/2025,12.9,Michigan,DP4th - Detroit Police 4th Precinct (near GHIB),12.9,12.80067,12.16212,9.91881
3919,Detroit,11/02/2025,18.6,Michigan,DP4th - Detroit Police 4th Precinct (near GHIB),18.6,18.456780000000002,17.536080000000002,14.301540000000001
3920,Detroit,11/03/2025,6.7,Michigan,DP4th - Detroit Police 4th Precinct (near GHIB),6.7,6.64841,6.31676,5.15163
3921,Detroit,11/04/2025,4.6,Michigan,DP4th - Detroit Police 4th Precinct (near GHIB),4.6,4.564579999999999,4.33688,3.53694
3922,Detroit,11/05/2025,7.6,Michigan,DP4th - Detroit Police 4th Precinct (near GHIB),7.6,7.541479999999999,7.165279999999999,5.84364
3923,Detroit,11/08/2025,4.0,Michigan,DP4th - Detroit Police 4th Precinct (near GHIB),4.0,3.9692,3.7712,3.0756
3924,Detroit,11/09/2025,4.8,Michigan,DP4th - Detroit Police 4th Precinct (near GHIB),4.8,4.763039999999999,4.52544,3.69072
3925,Detroit,11/10/2025,2.2,Michigan,DP4th - Detroit Police 4th Precinct (near GHIB),2.2,2.1830600000000002,2.07416,1.6915800000000003
3926,Detroit,11/11/2025,6.0,Michigan,DP4th - Detroit Police 4th Precinct (near GHIB),6.0,5.953799999999999,5.6568,4.6134
3927,Detroit,11/12/2025,5.7,Michigan,DP4th - Detroit Police 4th Precinct (near GHIB),5.7,5.65611,5.37396,4.3827300000000005
3928,Detroit,11/13/2025,8.4,Michigan,DP4th - Detroit Police 4th Precinct (near GHIB),8.4,8.33532,7.91952,6.458760000000001
3929,Detroit,11/14/2025,15.7,Michigan,DP4th - Detroit Police 4th Precinct (near GHIB),15.7,15.579109999999998,14.80196,12.07173
3930,Detroit,11/15/2025,15.6,Michigan,DP4th - Detroit Police 4th Precinct (near GHIB),15.6,15.47988,14.70768,11.99484
3931,Detroit,11/16/2025,2.8,Michigan,DP4th - Detroit Police 4th Precinct (near GHIB),2.8,2.77844,2.63984,2.15292
3932,Detroit,11/17/2025,6.5,Michigan,DP4th - Detroit Police 4th Precinct (near GHIB),6.5,6.449949999999999,6.1282,4.997850000000001
3933,Detroit,11/18/2025,10.9,Michigan,DP4th - Detroit Police 4th Precinct (near GHIB),10.9,10.81607,10.27652,8.38101
3934,Detroit,11/19/2025,8.5,Michigan,DP4th - Detroit Police 4th Precinct (near GHIB),8.5,8.43455,8.0138,6.53565
3935,Detroit,11/20/2025,16.6,Michigan,DP4th - Detroit Police 4th Precinct (near GHIB),16.6,16.47218,15.650480000000002,12.763740000000002
3936,Detroit,11/21/2025,15.0,Michigan,DP4th - Detroit Police 4th Precinct (near GHIB),15.0,14.8845,14.142,11.5335
3937,Detroit,11/22/2025,6.7,Michigan,DP4th - Detroit Police 4th Precinct (near GHIB),6.7,6.64841,6.31676,5.15163
3938,Detroit,11/23/2025,7.3,Michigan,DP4th - Detroit Police 4th Precinct (near GHIB),7.3,7.24379,6.88244,5.61297
3939,Detroit,11/24/2025,12.3,Michigan,DP4th - Detroit Police 4th Precinct (near GHIB),12.3,12.20529,11.596440000000001,9.45747
3940,Detroit,11/25/2025,10.8,Michigan,DP4th - Detroit Police 4th Precinct (near GHIB),10.8,10.71684,10.18224,8.304120000000001
3941,Detroit,11/26/2025,5.1,Michigan,DP4th - Detroit Police 4th Precinct (near GHIB),5.1,5.0607299999999995,4.80828,3.9213899999999997
3942,Detroit,11/27/2025,1.6,Michigan,DP4th - Detroit Police 4th Precinct (near GHIB),1.6,1.58768,1.50848,1.2302400000000002
3943,Detroit,11/28/2025,2.2,Michigan,DP4th - Detroit Police 4th Precinct (near GHIB),2.2,2.1830600000000002,2.07416,1.6915800000000003
3944,Detroit,11/29/2025,4.8,Michigan,DP4th - Detroit Police 4th Precinct (near GHIB),4.8,4.763039999999999,4.52544,3.69072
3945,Detroit,11/30/2025,5.4,Michigan,DP4th - Detroit Police 4th Precinct (near GHIB),5.4,5.35842,5.09112,4.1520600000000005
3946,Detroit,12/01/2025,4.8,Michigan,DP4th - Detroit Police 4th Precinct (near GHIB),4.8,4.763039999999999,4.52544,3.69072
3947,Detroit,12/02/2025,11.4,Michigan,DP4th - Detroit Police 4th Precinct (near GHIB),11.4,11.31222,10.74792,8.765460000000001
3948,Detroit,12/03/2025,20.3,Michigan,DP4th - Detroit Police 4th Precinct (near GHIB),20.3,20.14369,19.138840000000002,15.608670000000002
3949,Detroit,12/04/2025,8.3,Michigan,DP4th - Detroit Police 4th Precinct (near GHIB),8.3,8.23609,7.825240000000001,6.381870000000001
3950,Detroit,12/05/2025,18.4,Michigan,DP4th - Detroit Police 4th Precinct (near GHIB),18.4,18.258319999999998,17.34752,14.14776
3951,Detroit,12/06/2025,19.2,Michigan,DP4th - Detroit Police 4th Precinct (near GHIB),19.2,19.052159999999997,18.10176,14.76288
3952,Detroit,12/07/2025,8.9,Michigan,DP4th - Detroit Police 4th Precinct (near GHIB),8.9,8.83147,8.39092,6.843210000000001
3953,Detroit,12/08/2025,5.4,Michigan,DP4th - Detroit Police 4th Precinct (near GHIB),5.4,5.35842,5.09112,4.1520600000000005
3954,Detroit,12/09/2025,11.0,Michigan,DP4th - Detroit Police 4th Precinct (near GHIB),11.0,10.9153,10.3708,8.4579
3955,Detroit,12/10/2025,6.5,Michigan,DP4th - Detroit Police 4th Precinct (near GHIB),6.5,6.449949999999999,6.1282,4.997850000000001
3956,Detroit,12/11/2025,3.0,Michigan,DP4th - Detroit Police 4th Precinct (near GHIB),3.0,2.9768999999999997,2.8284,2.3067
3957,Detroit,12/12/2025,8.3,Michigan,DP4th - Detroit Police 4th Precinct (near GHIB),8.3,8.23609,7.825240000000001,6.381870000000001
3958,Detroit,12/13/2025,9.1,Michigan,DP4th - Detroit Police 4th Precinct (near GHIB),9.1,9.029929999999998,8.57948,6.99699
3959,Detroit,12/14/2025,4.5,Michigan,DP4th - Detroit Police 4th Precinct (near GHIB),4.5,4.46535,4.2425999999999995,3.4600500000000003
3960,Detroit,12/15/2025,9.0,Michigan,DP4th - Detroit Police 4th Precinct (near GHIB),9.0,8.9307,8.485199999999999,6.920100000000001
3961,Detroit,12/16/2025,18.3,Michigan,DP4th - Detroit Police 4th Precinct (near GHIB),18.3,18.15909,17.25324,14.070870000000001
3962,Detroit,12/17/2025,13.7,Michigan,DP4th - Detroit Police 4th Precinct (near GHIB),13.7,13.594509999999998,12.91636,10.53393
3963,Detroit,12/18/2025,10.8,Michigan,DP4th - Detroit Police 4th Precinct (near GHIB),10.8,10.71684,10.18224,8.304120000000001
3964,Detroit,12/19/2025,5.2,Michigan,DP4th - Detroit Police 4th Precinct (near GHIB),5.2,5.15996,4.90256,3.9982800000000003
3965,Detroit,12/20/2025,6.2,Michigan,DP4th - Detroit Police 4th Precinct (near GHIB),6.2,6.15226,5.84536,4.767180000000001
3966,Detroit,12/21/2025,6.5,Michigan,DP4th - Detroit Police 4th Precinct (near GHIB),6.5,6.449949999999999,6.1282,4.997850000000001
3967,Detroit,12/22/2025,10.4,Michigan,DP4th - Detroit Police 4th Precinct (near GHIB),10.4,10.31992,9.80512,7.996560000000001
3968,Detroit,12/23/2025,12.4,Michigan,DP4th - Detroit Police 4th Precinct (near GHIB),12.4,12.30452,11.69072,9.534360000000001
3969,Detroit,12/24/2025,13.5,Michigan,DP4th - Detroit Police 4th Precinct (near GHIB),13.5,13.396049999999999,12.7278,10.38015
3970,Detroit,12/25/2025,10.1,Michigan,DP4th - Detroit Police 4th Precinct (near GHIB),10.1,10.022229999999999,9.522279999999999,7.76589
3971,Detroit,12/26/2025,5.1,Michigan,DP4th - Detroit Police 4th Precinct (near GHIB),5.1,5.0607299999999995,4.80828,3.9213899999999997
3972,Detroit,12/27/2025,5.6,Michigan,DP4th - Detroit Police 4th Precinct (near GHIB),5.6,5.55688,5.27968,4.30584
3973,Detroit,12/28/2025,9.8,Michigan,DP4th - Detroit Police 4th Precinct (near GHIB),9.8,9.724540000000001,9.23944,7.535220000000001
3974,Detroit,12/29/2025,2.8,Michigan,DP4th - Detroit Police 4th Precinct (near GHIB),2.8,2.77844,2.63984,2.15292
3975,Detroit,12/30/2025,4.1,Michigan,DP4th - Detroit Police 4th Precinct (near GHIB),4.1,4.068429999999999,3.8654799999999994,3.15249
3976,Detroit,12/31/2025,7.4,Michigan,DP4th - Detroit Police 4th Precinct (near GHIB),7.4,7.34302,6.97672,5.68986
3977,Detroit,01/01/2025,3.0,Michigan,TRINITY ST MARKS - Gordy Howe International Bridge (GHIB),3.0,2.9768999999999997,2.8284,2.3067
3978,Detroit,01/02/2025,5.5,Michigan,TRINITY ST MARKS - Gordy Howe International Bridge (GHIB),5.5,5.45765,5.1854,4.22895
3979,Detroit,01/03/2025,4.7,Michigan,TRINITY ST MARKS - Gordy Howe International Bridge (GHIB),4.7,4.66381,4.43116,3.61383
3980,Detroit,01/04/2025,3.3,Michigan,TRINITY ST MARKS - Gordy Howe International Bridge (GHIB),3.3,3.27459,3.1112399999999996,2.53737
3981,Detroit,01/05/2025,5.1,Michigan,TRINITY ST MARKS - Gordy Howe International Bridge (GHIB),5.1,5.0607299999999995,4.80828,3.9213899999999997
3982,Detroit,01/06/2025,3.8,Michigan,TRINITY ST MARKS - Gordy Howe International Bridge (GHIB),3.8,3.7707399999999995,3.5826399999999996,2.92182
3983,Detroit,01/07/2025,3.8,Michigan,TRINITY ST MARKS - Gordy Howe International Bridge (GHIB),3.8,3.7707399999999995,3.5826399999999996,2.92182
3984,Detroit,01/08/2025,4.2,Michigan,TRINITY ST MARKS - Gordy Howe International Bridge (GHIB),4.2,4.16766,3.95976,3.2293800000000004
3985,Detroit,01/09/2025,7.4,Michigan,TRINITY ST MARKS - Gordy Howe International Bridge (GHIB),7.4,7.34302,6.97672,5.68986
3986,Detroit,01/10/2025,24.2,Michigan,TRINITY ST MARKS - Gordy Howe International Bridge (GHIB),24.2,24.013659999999998,22.815759999999997,18.60738
3987,Detroit,01/11/2025,17.3,Michigan,TRINITY ST MARKS - Gordy Howe International Bridge (GHIB),17.3,17.16679,16.31044,13.30197
3988,Detroit,01/12/2025,14.9,Michigan,TRINITY ST MARKS - Gordy Howe International Bridge (GHIB),14.9,14.78527,14.04772,11.456610000000001
3989,Detroit,01/13/2025,7.6,Michigan,TRINITY ST MARKS - Gordy Howe International Bridge (GHIB),7.6,7.541479999999999,7.165279999999999,5.84364
3990,Detroit,01/14/2025,6.3,Michigan,TRINITY ST MARKS - Gordy Howe International Bridge (GHIB),6.3,6.2514899999999995,5.93964,4.84407
3991,Detroit,01/15/2025,7.8,Michigan,TRINITY ST MARKS - Gordy Howe International Bridge (GHIB),7.8,7.73994,7.35384,5.99742
3992,Detroit,01/16/2025,16.5,Michigan,TRINITY ST MARKS - Gordy Howe International Bridge (GHIB),16.5,16.37295,15.556199999999999,12.68685
3993,Detroit,01/17/2025,12.9,Michigan,TRINITY ST MARKS - Gordy Howe International Bridge (GHIB),12.9,12.80067,12.16212,9.91881
3994,Detroit,01/18/2025,5.7,Michigan,TRINITY ST MARKS - Gordy Howe International Bridge (GHIB),5.7,5.65611,5.37396,4.3827300000000005
3995,Detroit,01/19/2025,3.3,Michigan,TRINITY ST MARKS - Gordy Howe International Bridge (GHIB),3.3,3.27459,3.1112399999999996,2.53737
3996,Detroit,01/20/2025,5.0,Michigan,TRINITY ST MARKS - Gordy Howe International Bridge (GHIB),5.0,4.9615,4.7139999999999995,3.8445
3997,Detroit,01/21/2025,6.4,Michigan,TRINITY ST MARKS - Gordy Howe International Bridge (GHIB),6.4,6.35072,6.03392,4.920960000000001
3998,Detroit,01/22/2025,7.5,Michigan,TRINITY ST MARKS - Gordy Howe International Bridge (GHIB),7.5,7.44225,7.071,5.76675
3999,Detroit,01/23/2025,8.9,Michigan,TRINITY ST MARKS - Gordy Howe International Bridge (GHIB),8.9,8.83147,8.39092,6.843210000000001
4000,Detroit,01/24/2025,9.5,Michigan,TRINITY ST MARKS - Gordy Howe International Bridge (GHIB),9.5,9.42685,8.9566,7.30455
4001,Detroit,01/25/2025,12.2,Michigan,TRINITY ST MARKS - Gordy Howe International Bridge (GHIB),12.2,12.10606,11.502159999999998,9.38058
4002,Detroit,01/26/2025,6.5,Michigan,TRINITY ST MARKS - Gordy Howe International Bridge (GHIB),6.5,6.449949999999999,6.1282,4.997850000000001
4003,Detroit,01/27/2025,6.6,Michigan,TRINITY ST MARKS - Gordy Howe International Bridge (GHIB),6.6,6.54918,6.222479999999999,5.07474
4004,Detroit,01/28/2025,5.4,Michigan,TRINITY ST MARKS - Gordy Howe International Bridge (GHIB),5.4,5.35842,5.09112,4.1520600000000005
4005,Detroit,01/29/2025,4.9,Michigan,TRINITY ST MARKS - Gordy Howe International Bridge (GHIB),4.9,4.8622700000000005,4.61972,3.7676100000000003
4006,Detroit,01/30/2025,7.7,Michigan,TRINITY ST MARKS - Gordy Howe International Bridge (GHIB),7.7,7.6407099999999994,7.25956,5.92053
4007,Detroit,01/31/2025,11.2,Michigan,TRINITY ST MARKS - Gordy Howe International Bridge (GHIB),11.2,11.11376,10.55936,8.61168
4008,Detroit,02/01/2025,3.1,Michigan,TRINITY ST MARKS - Gordy Howe International Bridge (GHIB),3.1,3.07613,2.92268,2.3835900000000003
4009,Detroit,02/02/2025,10.5,Michigan,TRINITY ST MARKS - Gordy Howe International Bridge (GHIB),10.5,10.41915,9.8994,8.073450000000001
4010,Detroit,02/03/2025,18.3,Michigan,TRINITY ST MARKS - Gordy Howe International Bridge (GHIB),18.3,18.15909,17.25324,14.070870000000001
4011,Detroit,02/04/2025,5.3,Michigan,TRINITY ST MARKS - Gordy Howe International Bridge (GHIB),5.3,5.259189999999999,4.99684,4.07517
4012,Detroit,02/05/2025,5.4,Michigan,TRINITY ST MARKS - Gordy Howe International Bridge (GHIB),5.4,5.35842,5.09112,4.1520600000000005
4013,Detroit,02/06/2025,7.8,Michigan,TRINITY ST MARKS - Gordy Howe International Bridge (GHIB),7.8,7.73994,7.35384,5.99742
4014,Detroit,02/07/2025,10.2,Michigan,TRINITY ST MARKS - Gordy Howe International Bridge (GHIB),10.2,10.121459999999999,9.61656,7.842779999999999
4015,Detroit,02/08/2025,11.1,Michigan,TRINITY ST MARKS - Gordy Howe International Bridge (GHIB),11.1,11.014529999999999,10.465079999999999,8.53479
4016,Detroit,02/09/2025,8.1,Michigan,TRINITY ST MARKS - Gordy Howe International Bridge (GHIB),8.1,8.03763,7.636679999999999,6.22809
4017,Detroit,02/10/2025,11.4,Michigan,TRINITY ST MARKS - Gordy Howe International Bridge (GHIB),11.4,11.31222,10.74792,8.765460000000001
4018,Detroit,02/11/2025,13.5,Michigan,TRINITY ST MARKS - Gordy Howe International Bridge (GHIB),13.5,13.396049999999999,12.7278,10.38015
4019,Detroit,02/12/2025,12.2,Michigan,TRINITY ST MARKS - Gordy Howe International Bridge (GHIB),12.2,12.10606,11.502159999999998,9.38058
4020,Detroit,02/13/2025,6.4,Michigan,TRINITY ST MARKS - Gordy Howe International Bridge (GHIB),6.4,6.35072,6.03392,4.920960000000001
4021,Detroit,02/14/2025,16.0,Michigan,TRINITY ST MARKS - Gordy Howe International Bridge (GHIB),16.0,15.8768,15.0848,12.3024
4022,Detroit,02/15/2025,19.4,Michigan,TRINITY ST MARKS - Gordy Howe International Bridge (GHIB),19.4,19.250619999999998,18.290319999999998,14.91666
4023,Detroit,02/16/2025,7.4,Michigan,TRINITY ST MARKS - Gordy Howe International Bridge (GHIB),7.4,7.34302,6.97672,5.68986
4024,Detroit,02/17/2025,4.1,Michigan,TRINITY ST MARKS - Gordy Howe International Bridge (GHIB),4.1,4.068429999999999,3.8654799999999994,3.15249
4025,Detroit,02/18/2025,6.0,Michigan,TRINITY ST MARKS - Gordy Howe International Bridge (GHIB),6.0,5.953799999999999,5.6568,4.6134
4026,Detroit,02/19/2025,7.3,Michigan,TRINITY ST MARKS - Gordy Howe International Bridge (GHIB),7.3,7.24379,6.88244,5.61297
4027,Detroit,02/20/2025,5.0,Michigan,TRINITY ST MARKS - Gordy Howe International Bridge (GHIB),5.0,4.9615,4.7139999999999995,3.8445
4028,Detroit,02/21/2025,5.8,Michigan,TRINITY ST MARKS - Gordy Howe International Bridge (GHIB),5.8,5.7553399999999995,5.46824,4.45962
4029,Detroit,02/22/2025,15.0,Michigan,TRINITY ST MARKS - Gordy Howe International Bridge (GHIB),15.0,14.8845,14.142,11.5335
4030,Detroit,02/23/2025,16.7,Michigan,TRINITY ST MARKS - Gordy Howe International Bridge (GHIB),16.7,16.57141,15.74476,12.840629999999999
4031,Detroit,02/24/2025,15.5,Michigan,TRINITY ST MARKS - Gordy Howe International Bridge (GHIB),15.5,15.38065,14.6134,11.917950000000001
4032,Detroit,02/25/2025,10.4,Michigan,TRINITY ST MARKS - Gordy Howe International Bridge (GHIB),10.4,10.31992,9.80512,7.996560000000001
4033,Detroit,02/26/2025,11.0,Michigan,TRINITY ST MARKS - Gordy Howe International Bridge (GHIB),11.0,10.9153,10.3708,8.4579
4034,Detroit,02/27/2025,11.5,Michigan,TRINITY ST MARKS - Gordy Howe International Bridge (GHIB),11.5,11.41145,10.8422,8.84235
4035,Detroit,02/28/2025,6.3,Michigan,TRINITY ST MARKS - Gordy Howe International Bridge (GHIB),6.3,6.2514899999999995,5.93964,4.84407
4036,Detroit,03/01/2025,2.9,Michigan,TRINITY ST MARKS - Gordy Howe International Bridge (GHIB),2.9,2.8776699999999997,2.73412,2.22981
4037,Detroit,03/02/2025,5.3,Michigan,TRINITY ST MARKS - Gordy Howe International Bridge (GHIB),5.3,5.259189999999999,4.99684,4.07517
4038,Detroit,03/03/2025,13.4,Michigan,TRINITY ST MARKS - Gordy Howe International Bridge (GHIB),13.4,13.29682,12.63352,10.30326
4039,Detroit,03/04/2025,12.5,Michigan,TRINITY ST MARKS - Gordy Howe International Bridge (GHIB),12.5,12.403749999999999,11.785,9.61125
4040,Detroit,03/05/2025,6.0,Michigan,TRINITY ST MARKS - Gordy Howe International Bridge (GHIB),6.0,5.953799999999999,5.6568,4.6134
4041,Detroit,03/06/2025,3.4,Michigan,TRINITY ST MARKS - Gordy Howe International Bridge (GHIB),3.4,3.37382,3.20552,2.61426
4042,Detroit,03/07/2025,7.3,Michigan,TRINITY ST MARKS - Gordy Howe International Bridge (GHIB),7.3,7.24379,6.88244,5.61297
4043,Detroit,03/08/2025,4.4,Michigan,TRINITY ST MARKS - Gordy Howe International Bridge (GHIB),4.4,4.3661200000000004,4.14832,3.3831600000000006
4044,Detroit,03/09/2025,5.2,Michigan,TRINITY ST MARKS - Gordy Howe International Bridge (GHIB),5.2,5.15996,4.90256,3.9982800000000003
4045,Detroit,03/10/2025,8.5,Michigan,TRINITY ST MARKS - Gordy Howe International Bridge (GHIB),8.5,8.43455,8.0138,6.53565
4046,Detroit,03/11/2025,6.5,Michigan,TRINITY ST MARKS - Gordy Howe International Bridge (GHIB),6.5,6.449949999999999,6.1282,4.997850000000001
4047,Detroit,03/12/2025,5.3,Michigan,TRINITY ST MARKS - Gordy Howe International Bridge (GHIB),5.3,5.259189999999999,4.99684,4.07517
4048,Detroit,03/13/2025,11.5,Michigan,TRINITY ST MARKS - Gordy Howe International Bridge (GHIB),11.5,11.41145,10.8422,8.84235
4049,Detroit,03/14/2025,13.7,Michigan,TRINITY ST MARKS - Gordy Howe International Bridge (GHIB),13.7,13.594509999999998,12.91636,10.53393
4050,Detroit,03/15/2025,10.4,Michigan,TRINITY ST MARKS - Gordy Howe International Bridge (GHIB),10.4,10.31992,9.80512,7.996560000000001
4051,Detroit,03/16/2025,4.3,Michigan,TRINITY ST MARKS - Gordy Howe International Bridge (GHIB),4.3,4.26689,4.05404,3.30627
4052,Detroit,03/17/2025,4.6,Michigan,TRINITY ST MARKS - Gordy Howe International Bridge (GHIB),4.6,4.564579999999999,4.33688,3.53694
4053,Detroit,03/18/2025,7.5,Michigan,TRINITY ST MARKS - Gordy Howe International Bridge (GHIB),7.5,7.44225,7.071,5.76675
4054,Detroit,03/19/2025,10.2,Michigan,TRINITY ST MARKS - Gordy Howe International Bridge (GHIB),10.2,10.121459999999999,9.61656,7.842779999999999
4055,Detroit,03/20/2025,4.6,Michigan,TRINITY ST MARKS - Gordy Howe International Bridge (GHIB),4.6,4.564579999999999,4.33688,3.53694
4056,Detroit,03/21/2025,5.1,Michigan,TRINITY ST MARKS - Gordy Howe International Bridge (GHIB),5.1,5.0607299999999995,4.80828,3.9213899999999997
4057,Detroit,03/22/2025,3.4,Michigan,TRINITY ST MARKS - Gordy Howe International Bridge (GHIB),3.4,3.37382,3.20552,2.61426
4058,Detroit,03/23/2025,4.6,Michigan,TRINITY ST MARKS - Gordy Howe International Bridge (GHIB),4.6,4.564579999999999,4.33688,3.53694
4059,Detroit,03/24/2025,5.6,Michigan,TRINITY ST MARKS - Gordy Howe International Bridge (GHIB),5.6,5.55688,5.27968,4.30584
4060,Detroit,03/25/2025,4.0,Michigan,TRINITY ST MARKS - Gordy Howe International Bridge (GHIB),4.0,3.9692,3.7712,3.0756
4061,Detroit,03/26/2025,4.3,Michigan,TRINITY ST MARKS - Gordy Howe International Bridge (GHIB),4.3,4.26689,4.05404,3.30627
4062,Detroit,03/27/2025,10.9,Michigan,TRINITY ST MARKS - Gordy Howe International Bridge (GHIB),10.9,10.81607,10.27652,8.38101
4063,Detroit,03/28/2025,15.7,Michigan,TRINITY ST MARKS - Gordy Howe International Bridge (GHIB),15.7,15.579109999999998,14.80196,12.07173
4064,Detroit,03/29/2025,12.1,Michigan,TRINITY ST MARKS - Gordy Howe International Bridge (GHIB),12.1,12.006829999999999,11.407879999999999,9.30369
4065,Detroit,03/30/2025,12.6,Michigan,TRINITY ST MARKS - Gordy Howe International Bridge (GHIB),12.6,12.502979999999999,11.87928,9.68814
4066,Detroit,03/31/2025,3.6,Michigan,TRINITY ST MARKS - Gordy Howe International Bridge (GHIB),3.6,3.57228,3.3940799999999998,2.76804
4067,Detroit,04/01/2025,4.1,Michigan,TRINITY ST MARKS - Gordy Howe International Bridge (GHIB),4.1,4.068429999999999,3.8654799999999994,3.15249
4068,Detroit,04/02/2025,5.5,Michigan,TRINITY ST MARKS - Gordy Howe International Bridge (GHIB),5.5,5.45765,5.1854,4.22895
4069,Detroit,04/03/2025,4.4,Michigan,TRINITY ST MARKS - Gordy Howe International Bridge (GHIB),4.4,4.3661200000000004,4.14832,3.3831600000000006
4070,Detroit,04/04/2025,4.2,Michigan,TRINITY ST MARKS - Gordy Howe International Bridge (GHIB),4.2,4.16766,3.95976,3.2293800000000004
4071,Detroit,04/05/2025,4.5,Michigan,TRINITY ST MARKS - Gordy Howe International Bridge (GHIB),4.5,4.46535,4.2425999999999995,3.4600500000000003
4072,Detroit,04/06/2025,3.5,Michigan,TRINITY ST MARKS - Gordy Howe International Bridge (GHIB),3.5,3.4730499999999997,3.2998,2.69115
4073,Detroit,04/07/2025,5.6,Michigan,TRINITY ST MARKS - Gordy Howe International Bridge (GHIB),5.6,5.55688,5.27968,4.30584
4074,Detroit,04/08/2025,3.5,Michigan,TRINITY ST MARKS - Gordy Howe International Bridge (GHIB),3.5,3.4730499999999997,3.2998,2.69115
4075,Detroit,04/09/2025,7.9,Michigan,TRINITY ST MARKS - Gordy Howe International Bridge (GHIB),7.9,7.83917,7.44812,6.0743100000000005
4076,Detroit,04/10/2025,8.1,Michigan,TRINITY ST MARKS - Gordy Howe International Bridge (GHIB),8.1,8.03763,7.636679999999999,6.22809
4077,Detroit,04/11/2025,8.2,Michigan,TRINITY ST MARKS - Gordy Howe International Bridge (GHIB),8.2,8.136859999999999,7.730959999999999,6.30498
4078,Detroit,04/12/2025,6.1,Michigan,TRINITY ST MARKS - Gordy Howe International Bridge (GHIB),6.1,6.05303,5.751079999999999,4.69029
4079,Detroit,04/13/2025,7.0,Michigan,TRINITY ST MARKS - Gordy Howe International Bridge (GHIB),7.0,6.9460999999999995,6.5996,5.3823
4080,Detroit,04/14/2025,6.7,Michigan,TRINITY ST MARKS - Gordy Howe International Bridge (GHIB),6.7,6.64841,6.31676,5.15163
4081,Detroit,04/15/2025,4.1,Michigan,TRINITY ST MARKS - Gordy Howe International Bridge (GHIB),4.1,4.068429999999999,3.8654799999999994,3.15249
4082,Detroit,04/16/2025,3.1,Michigan,TRINITY ST MARKS - Gordy Howe International Bridge (GHIB),3.1,3.07613,2.92268,2.3835900000000003
4083,Detroit,04/17/2025,7.8,Michigan,TRINITY ST MARKS - Gordy Howe International Bridge (GHIB),7.8,7.73994,7.35384,5.99742
4084,Detroit,04/18/2025,12.4,Michigan,TRINITY ST MARKS - Gordy Howe International Bridge (GHIB),12.4,12.30452,11.69072,9.534360000000001
4085,Detroit,04/19/2025,9.5,Michigan,TRINITY ST MARKS - Gordy Howe International Bridge (GHIB),9.5,9.42685,8.9566,7.30455
4086,Detroit,04/20/2025,3.0,Michigan,TRINITY ST MARKS - Gordy Howe International Bridge (GHIB),3.0,2.9768999999999997,2.8284,2.3067
4087,Detroit,04/21/2025,5.2,Michigan,TRINITY ST MARKS - Gordy Howe International Bridge (GHIB),5.2,5.15996,4.90256,3.9982800000000003
4088,Detroit,04/22/2025,3.5,Michigan,TRINITY ST MARKS - Gordy Howe International Bridge (GHIB),3.5,3.4730499999999997,3.2998,2.69115
4089,Detroit,04/23/2025,11.1,Michigan,TRINITY ST MARKS - Gordy Howe International Bridge (GHIB),11.1,11.014529999999999,10.465079999999999,8.53479
4090,Detroit,04/24/2025,12.8,Michigan,TRINITY ST MARKS - Gordy Howe International Bridge (GHIB),12.8,12.70144,12.06784,9.841920000000002
4091,Detroit,04/25/2025,10.5,Michigan,TRINITY ST MARKS - Gordy Howe International Bridge (GHIB),10.5,10.41915,9.8994,8.073450000000001
4092,Detroit,04/26/2025,4.3,Michigan,TRINITY ST MARKS - Gordy Howe International Bridge (GHIB),4.3,4.26689,4.05404,3.30627
4093,Detroit,04/27/2025,6.8,Michigan,TRINITY ST MARKS - Gordy Howe International Bridge (GHIB),6.8,6.74764,6.41104,5.22852
4094,Detroit,04/28/2025,4.4,Michigan,TRINITY ST MARKS - Gordy Howe International Bridge (GHIB),4.4,4.3661200000000004,4.14832,3.3831600000000006
4095,Detroit,04/29/2025,8.1,Michigan,TRINITY ST MARKS - Gordy Howe International Bridge (GHIB),8.1,8.03763,7.636679999999999,6.22809
4096,Detroit,04/30/2025,4.8,Michigan,TRINITY ST MARKS - Gordy Howe International Bridge (GHIB),4.8,4.763039999999999,4.52544,3.69072
4097,Detroit,05/01/2025,5.7,Michigan,TRINITY ST MARKS - Gordy Howe International Bridge (GHIB),5.7,5.65611,5.37396,4.3827300000000005
4098,Detroit,05/02/2025,6.8,Michigan,TRINITY ST MARKS - Gordy Howe International Bridge (GHIB),6.8,6.74764,6.41104,5.22852
4099,Detroit,05/03/2025,3.2,Michigan,TRINITY ST MARKS - Gordy Howe International Bridge (GHIB),3.2,3.17536,3.01696,2.4604800000000004
4100,Detroit,05/04/2025,3.7,Michigan,TRINITY ST MARKS - Gordy Howe International Bridge (GHIB),3.7,3.67151,3.48836,2.84493
4101,Detroit,05/05/2025,6.3,Michigan,TRINITY ST MARKS - Gordy Howe International Bridge (GHIB),6.3,6.2514899999999995,5.93964,4.84407
4102,Detroit,05/06/2025,7.8,Michigan,TRINITY ST MARKS - Gordy Howe International Bridge (GHIB),7.8,7.73994,7.35384,5.99742
4103,Detroit,05/07/2025,6.5,Michigan,TRINITY ST MARKS - Gordy Howe International Bridge (GHIB),6.5,6.449949999999999,6.1282,4.997850000000001
4104,Detroit,05/08/2025,4.1,Michigan,TRINITY ST MARKS - Gordy Howe International Bridge (GHIB),4.1,4.068429999999999,3.8654799999999994,3.15249
4105,Detroit,05/09/2025,5.1,Michigan,TRINITY ST MARKS - Gordy Howe International Bridge (GHIB),5.1,5.0607299999999995,4.80828,3.9213899999999997
4106,Detroit,05/10/2025,7.2,Michigan,TRINITY ST MARKS - Gordy Howe International Bridge (GHIB),7.2,7.14456,6.7881599999999995,5.53608
4107,Detroit,05/11/2025,4.1,Michigan,TRINITY ST MARKS - Gordy Howe International Bridge (GHIB),4.1,4.068429999999999,3.8654799999999994,3.15249
4108,Detroit,05/12/2025,10.4,Michigan,TRINITY ST MARKS - Gordy Howe International Bridge (GHIB),10.4,10.31992,9.80512,7.996560000000001
4109,Detroit,05/13/2025,4.4,Michigan,TRINITY ST MARKS - Gordy Howe International Bridge (GHIB),4.4,4.3661200000000004,4.14832,3.3831600000000006
4110,Detroit,05/14/2025,4.2,Michigan,TRINITY ST MARKS - Gordy Howe International Bridge (GHIB),4.2,4.16766,3.95976,3.2293800000000004
4111,Detroit,05/15/2025,6.4,Michigan,TRINITY ST MARKS - Gordy Howe International Bridge (GHIB),6.4,6.35072,6.03392,4.920960000000001
4112,Detroit,05/16/2025,8.1,Michigan,TRINITY ST MARKS - Gordy Howe International Bridge (GHIB),8.1,8.03763,7.636679999999999,6.22809
4113,Detroit,05/17/2025,4.8,Michigan,TRINITY ST MARKS - Gordy Howe International Bridge (GHIB),4.8,4.763039999999999,4.52544,3.69072
4114,Detroit,05/18/2025,3.5,Michigan,TRINITY ST MARKS - Gordy Howe International Bridge (GHIB),3.5,3.4730499999999997,3.2998,2.69115
4115,Detroit,05/19/2025,3.6,Michigan,TRINITY ST MARKS - Gordy Howe International Bridge (GHIB),3.6,3.57228,3.3940799999999998,2.76804
4116,Detroit,05/20/2025,4.5,Michigan,TRINITY ST MARKS - Gordy Howe International Bridge (GHIB),4.5,4.46535,4.2425999999999995,3.4600500000000003
4117,Detroit,05/21/2025,4.3,Michigan,TRINITY ST MARKS - Gordy Howe International Bridge (GHIB),4.3,4.26689,4.05404,3.30627
4118,Detroit,05/22/2025,2.7,Michigan,TRINITY ST MARKS - Gordy Howe International Bridge (GHIB),2.7,2.67921,2.54556,2.0760300000000003
4119,Detroit,05/23/2025,3.1,Michigan,TRINITY ST MARKS - Gordy Howe International Bridge (GHIB),3.1,3.07613,2.92268,2.3835900000000003
4120,Detroit,05/24/2025,4.7,Michigan,TRINITY ST MARKS - Gordy Howe International Bridge (GHIB),4.7,4.66381,4.43116,3.61383
4121,Detroit,05/25/2025,7.7,Michigan,TRINITY ST MARKS - Gordy Howe International Bridge (GHIB),7.7,7.6407099999999994,7.25956,5.92053
4122,Detroit,05/26/2025,5.0,Michigan,TRINITY ST MARKS - Gordy Howe International Bridge (GHIB),5.0,4.9615,4.7139999999999995,3.8445
4123,Detroit,05/27/2025,6.4,Michigan,TRINITY ST MARKS - Gordy Howe International Bridge (GHIB),6.4,6.35072,6.03392,4.920960000000001
4124,Detroit,05/28/2025,4.1,Michigan,TRINITY ST MARKS - Gordy Howe International Bridge (GHIB),4.1,4.068429999999999,3.8654799999999994,3.15249
4125,Detroit,05/29/2025,8.0,Michigan,TRINITY ST MARKS - Gordy Howe International Bridge (GHIB),8.0,7.9384,7.5424,6.1512
4126,Detroit,05/30/2025,8.4,Michigan,TRINITY ST MARKS - Gordy Howe International Bridge (GHIB),8.4,8.33532,7.91952,6.458760000000001
4127,Detroit,05/31/2025,7.0,Michigan,TRINITY ST MARKS - Gordy Howe International Bridge (GHIB),7.0,6.9460999999999995,6.5996,5.3823
4128,Detroit,06/01/2025,5.6,Michigan,TRINITY ST MARKS - Gordy Howe International Bridge (GHIB),5.6,5.55688,5.27968,4.30584
4129,Detroit,06/02/2025,7.3,Michigan,TRINITY ST MARKS - Gordy Howe International Bridge (GHIB),7.3,7.24379,6.88244,5.61297
4130,Detroit,06/03/2025,16.7,Michigan,TRINITY ST MARKS - Gordy Howe International Bridge (GHIB),16.7,16.57141,15.74476,12.840629999999999
4131,Detroit,06/04/2025,23.4,Michigan,TRINITY ST MARKS - Gordy Howe International Bridge (GHIB),23.4,23.21982,22.061519999999998,17.992259999999998
4132,Detroit,06/05/2025,42.2,Michigan,TRINITY ST MARKS - Gordy Howe International Bridge (GHIB),42.2,41.87506,39.78616,32.44758
4133,Detroit,06/06/2025,56.3,Michigan,TRINITY ST MARKS - Gordy Howe International Bridge (GHIB),56.3,55.86648999999999,53.07964,43.28907
4134,Detroit,06/07/2025,23.2,Michigan,TRINITY ST MARKS - Gordy Howe International Bridge (GHIB),23.2,23.021359999999998,21.87296,17.83848
4135,Detroit,06/08/2025,37.7,Michigan,TRINITY ST MARKS - Gordy Howe International Bridge (GHIB),37.7,37.409710000000004,35.54356,28.987530000000003
4136,Detroit,06/09/2025,22.1,Michigan,TRINITY ST MARKS - Gordy Howe International Bridge (GHIB),22.1,21.92983,20.83588,16.992690000000003
4137,Detroit,06/10/2025,15.5,Michigan,TRINITY ST MARKS - Gordy Howe International Bridge (GHIB),15.5,15.38065,14.6134,11.917950000000001
4138,Detroit,06/11/2025,12.8,Michigan,TRINITY ST MARKS - Gordy Howe International Bridge (GHIB),12.8,12.70144,12.06784,9.841920000000002
4139,Detroit,06/12/2025,10.1,Michigan,TRINITY ST MARKS - Gordy Howe International Bridge (GHIB),10.1,10.022229999999999,9.522279999999999,7.76589
4140,Detroit,06/13/2025,4.1,Michigan,TRINITY ST MARKS - Gordy Howe International Bridge (GHIB),4.1,4.068429999999999,3.8654799999999994,3.15249
4141,Detroit,06/14/2025,3.7,Michigan,TRINITY ST MARKS - Gordy Howe International Bridge (GHIB),3.7,3.67151,3.48836,2.84493
4142,Detroit,06/15/2025,3.8,Michigan,TRINITY ST MARKS - Gordy Howe International Bridge (GHIB),3.8,3.7707399999999995,3.5826399999999996,2.92182
4143,Detroit,06/16/2025,3.3,Michigan,TRINITY ST MARKS - Gordy Howe International Bridge (GHIB),3.3,3.27459,3.1112399999999996,2.53737
4144,Detroit,06/17/2025,2.9,Michigan,TRINITY ST MARKS - Gordy Howe International Bridge (GHIB),2.9,2.8776699999999997,2.73412,2.22981
4145,Detroit,06/18/2025,2.6,Michigan,TRINITY ST MARKS - Gordy Howe International Bridge (GHIB),2.6,2.57998,2.45128,1.9991400000000001
4146,Detroit,06/19/2025,1.8,Michigan,TRINITY ST MARKS - Gordy Howe International Bridge (GHIB),1.8,1.78614,1.6970399999999999,1.38402
4147,Detroit,06/20/2025,3.4,Michigan,TRINITY ST MARKS - Gordy Howe International Bridge (GHIB),3.4,3.37382,3.20552,2.61426
4148,Detroit,06/21/2025,3.5,Michigan,TRINITY ST MARKS - Gordy Howe International Bridge (GHIB),3.5,3.4730499999999997,3.2998,2.69115
4149,Detroit,06/22/2025,3.6,Michigan,TRINITY ST MARKS - Gordy Howe International Bridge (GHIB),3.6,3.57228,3.3940799999999998,2.76804
4150,Detroit,06/23/2025,3.4,Michigan,TRINITY ST MARKS - Gordy Howe International Bridge (GHIB),3.4,3.37382,3.20552,2.61426
4151,Detroit,06/24/2025,3.7,Michigan,TRINITY ST MARKS - Gordy Howe International Bridge (GHIB),3.7,3.67151,3.48836,2.84493
4152,Detroit,06/25/2025,3.8,Michigan,TRINITY ST MARKS - Gordy Howe International Bridge (GHIB),3.8,3.7707399999999995,3.5826399999999996,2.92182
4153,Detroit,06/26/2025,3.4,Michigan,TRINITY ST MARKS - Gordy Howe International Bridge (GHIB),3.4,3.37382,3.20552,2.61426
4154,Detroit,06/27/2025,3.8,Michigan,TRINITY ST MARKS - Gordy Howe International Bridge (GHIB),3.8,3.7707399999999995,3.5826399999999996,2.92182
4155,Detroit,06/28/2025,2.3,Michigan,TRINITY ST MARKS - Gordy Howe International Bridge (GHIB),2.3,2.2822899999999997,2.16844,1.76847
4156,Detroit,06/29/2025,2.6,Michigan,TRINITY ST MARKS - Gordy Howe International Bridge (GHIB),2.6,2.57998,2.45128,1.9991400000000001
4157,Detroit,06/30/2025,3.2,Michigan,TRINITY ST MARKS - Gordy Howe International Bridge (GHIB),3.2,3.17536,3.01696,2.4604800000000004
4158,Detroit,07/01/2025,3.1,Michigan,TRINITY ST MARKS - Gordy Howe International Bridge (GHIB),3.1,3.07613,2.92268,2.3835900000000003
4159,Detroit,07/02/2025,4.3,Michigan,TRINITY ST MARKS - Gordy Howe International Bridge (GHIB),4.3,4.26689,4.05404,3.30627
4160,Detroit,07/03/2025,5.3,Michigan,TRINITY ST MARKS - Gordy Howe International Bridge (GHIB),5.3,5.259189999999999,4.99684,4.07517
4161,Detroit,07/04/2025,4.7,Michigan,TRINITY ST MARKS - Gordy Howe International Bridge (GHIB),4.7,4.66381,4.43116,3.61383
4162,Detroit,07/05/2025,5.1,Michigan,TRINITY ST MARKS - Gordy Howe International Bridge (GHIB),5.1,5.0607299999999995,4.80828,3.9213899999999997
4163,Detroit,07/06/2025,5.0,Michigan,TRINITY ST MARKS - Gordy Howe International Bridge (GHIB),5.0,4.9615,4.7139999999999995,3.8445
4164,Detroit,07/07/2025,2.0,Michigan,TRINITY ST MARKS - Gordy Howe International Bridge (GHIB),2.0,1.9846,1.8856,1.5378
4165,Detroit,07/08/2025,5.7,Michigan,TRINITY ST MARKS - Gordy Howe International Bridge (GHIB),5.7,5.65611,5.37396,4.3827300000000005
4166,Detroit,07/09/2025,4.3,Michigan,TRINITY ST MARKS - Gordy Howe International Bridge (GHIB),4.3,4.26689,4.05404,3.30627
4167,Detroit,07/10/2025,7.5,Michigan,TRINITY ST MARKS - Gordy Howe International Bridge (GHIB),7.5,7.44225,7.071,5.76675
4168,Detroit,07/11/2025,12.6,Michigan,TRINITY ST MARKS - Gordy Howe International Bridge (GHIB),12.6,12.502979999999999,11.87928,9.68814
4169,Detroit,07/12/2025,14.7,Michigan,TRINITY ST MARKS - Gordy Howe International Bridge (GHIB),14.7,14.586809999999998,13.85916,11.30283
4170,Detroit,07/13/2025,13.2,Michigan,TRINITY ST MARKS - Gordy Howe International Bridge (GHIB),13.2,13.09836,12.444959999999998,10.14948
4171,Detroit,07/14/2025,32.8,Michigan,TRINITY ST MARKS - Gordy Howe International Bridge (GHIB),32.8,32.547439999999995,30.923839999999995,25.21992
4172,Detroit,07/15/2025,46.0,Michigan,TRINITY ST MARKS - Gordy Howe International Bridge (GHIB),46.0,45.6458,43.3688,35.3694
4173,Detroit,07/16/2025,18.4,Michigan,TRINITY ST MARKS - Gordy Howe International Bridge (GHIB),18.4,18.258319999999998,17.34752,14.14776
4174,Detroit,07/17/2025,5.6,Michigan,TRINITY ST MARKS - Gordy Howe International Bridge (GHIB),5.6,5.55688,5.27968,4.30584
4175,Detroit,07/18/2025,4.8,Michigan,TRINITY ST MARKS - Gordy Howe International Bridge (GHIB),4.8,4.763039999999999,4.52544,3.69072
4176,Detroit,07/19/2025,6.6,Michigan,TRINITY ST MARKS - Gordy Howe International Bridge (GHIB),6.6,6.54918,6.222479999999999,5.07474
4177,Detroit,07/20/2025,6.8,Michigan,TRINITY ST MARKS - Gordy Howe International Bridge (GHIB),6.8,6.74764,6.41104,5.22852
4178,Detroit,07/21/2025,12.0,Michigan,TRINITY ST MARKS - Gordy Howe International Bridge (GHIB),12.0,11.907599999999999,11.3136,9.2268
4179,Detroit,07/22/2025,4.6,Michigan,TRINITY ST MARKS - Gordy Howe International Bridge (GHIB),4.6,4.564579999999999,4.33688,3.53694
4180,Detroit,07/23/2025,7.5,Michigan,TRINITY ST MARKS - Gordy Howe International Bridge (GHIB),7.5,7.44225,7.071,5.76675
4181,Detroit,07/24/2025,14.4,Michigan,TRINITY ST MARKS - Gordy Howe International Bridge (GHIB),14.4,14.28912,13.576319999999999,11.07216
4182,Detroit,07/25/2025,8.4,Michigan,TRINITY ST MARKS - Gordy Howe International Bridge (GHIB),8.4,8.33532,7.91952,6.458760000000001
4183,Detroit,07/26/2025,11.3,Michigan,TRINITY ST MARKS - Gordy Howe International Bridge (GHIB),11.3,11.21299,10.653640000000001,8.68857
4184,Detroit,07/27/2025,7.3,Michigan,TRINITY ST MARKS - Gordy Howe International Bridge (GHIB),7.3,7.24379,6.88244,5.61297
4185,Detroit,07/28/2025,7.8,Michigan,TRINITY ST MARKS - Gordy Howe International Bridge (GHIB),7.8,7.73994,7.35384,5.99742
4186,Detroit,07/29/2025,9.5,Michigan,TRINITY ST MARKS - Gordy Howe International Bridge (GHIB),9.5,9.42685,8.9566,7.30455
4187,Detroit,07/30/2025,20.6,Michigan,TRINITY ST MARKS - Gordy Howe International Bridge (GHIB),20.6,20.441380000000002,19.421680000000002,15.839340000000002
4188,Detroit,07/31/2025,48.2,Michigan,TRINITY ST MARKS - Gordy Howe International Bridge (GHIB),48.2,47.82886,45.44296,37.06098
4189,Detroit,08/01/2025,19.2,Michigan,TRINITY ST MARKS - Gordy Howe International Bridge (GHIB),19.2,19.052159999999997,18.10176,14.76288
4190,Detroit,08/02/2025,11.5,Michigan,TRINITY ST MARKS - Gordy Howe International Bridge (GHIB),11.5,11.41145,10.8422,8.84235
4191,Detroit,08/03/2025,29.0,Michigan,TRINITY ST MARKS - Gordy Howe International Bridge (GHIB),29.0,28.776699999999998,27.3412,22.2981
4192,Detroit,08/04/2025,57.4,Michigan,TRINITY ST MARKS - Gordy Howe International Bridge (GHIB),57.4,56.95802,54.116719999999994,44.13486
4193,Detroit,08/05/2025,35.5,Michigan,TRINITY ST MARKS - Gordy Howe International Bridge (GHIB),35.5,35.22665,33.4694,27.29595
4194,Detroit,08/06/2025,25.0,Michigan,TRINITY ST MARKS - Gordy Howe International Bridge (GHIB),25.0,24.807499999999997,23.57,19.2225
4195,Detroit,08/07/2025,18.3,Michigan,TRINITY ST MARKS - Gordy Howe International Bridge (GHIB),18.3,18.15909,17.25324,14.070870000000001
4196,Detroit,08/08/2025,12.8,Michigan,TRINITY ST MARKS - Gordy Howe International Bridge (GHIB),12.8,12.70144,12.06784,9.841920000000002
4197,Detroit,08/09/2025,13.4,Michigan,TRINITY ST MARKS - Gordy Howe International Bridge (GHIB),13.4,13.29682,12.63352,10.30326
4198,Detroit,08/10/2025,14.2,Michigan,TRINITY ST MARKS - Gordy Howe International Bridge (GHIB),14.2,14.090659999999998,13.387759999999998,10.918379999999999
4199,Detroit,08/11/2025,16.2,Michigan,TRINITY ST MARKS - Gordy Howe International Bridge (GHIB),16.2,16.07526,15.273359999999998,12.45618
4200,Detroit,08/12/2025,12.5,Michigan,TRINITY ST MARKS - Gordy Howe International Bridge (GHIB),12.5,12.403749999999999,11.785,9.61125
4201,Detroit,08/13/2025,9.7,Michigan,TRINITY ST MARKS - Gordy Howe International Bridge (GHIB),9.7,9.625309999999999,9.145159999999999,7.45833
4202,Detroit,08/14/2025,24.8,Michigan,TRINITY ST MARKS - Gordy Howe International Bridge (GHIB),24.8,24.60904,23.38144,19.068720000000003
4203,Detroit,08/15/2025,25.6,Michigan,TRINITY ST MARKS - Gordy Howe International Bridge (GHIB),25.6,25.40288,24.13568,19.683840000000004
4204,Detroit,08/16/2025,20.5,Michigan,TRINITY ST MARKS - Gordy Howe International Bridge (GHIB),20.5,20.34215,19.3274,15.762450000000001
4205,Detroit,08/17/2025,6.5,Michigan,TRINITY ST MARKS - Gordy Howe International Bridge (GHIB),6.5,6.449949999999999,6.1282,4.997850000000001
4206,Detroit,08/18/2025,3.4,Michigan,TRINITY ST MARKS - Gordy Howe International Bridge (GHIB),3.4,3.37382,3.20552,2.61426
4207,Detroit,08/19/2025,6.5,Michigan,TRINITY ST MARKS - Gordy Howe International Bridge (GHIB),6.5,6.449949999999999,6.1282,4.997850000000001
4208,Detroit,08/20/2025,3.8,Michigan,TRINITY ST MARKS - Gordy Howe International Bridge (GHIB),3.8,3.7707399999999995,3.5826399999999996,2.92182
4209,Detroit,08/21/2025,7.4,Michigan,TRINITY ST MARKS - Gordy Howe International Bridge (GHIB),7.4,7.34302,6.97672,5.68986
4210,Detroit,08/22/2025,10.5,Michigan,TRINITY ST MARKS - Gordy Howe International Bridge (GHIB),10.5,10.41915,9.8994,8.073450000000001
4211,Detroit,08/23/2025,8.6,Michigan,TRINITY ST MARKS - Gordy Howe International Bridge (GHIB),8.6,8.53378,8.10808,6.61254
4212,Detroit,08/24/2025,4.0,Michigan,TRINITY ST MARKS - Gordy Howe International Bridge (GHIB),4.0,3.9692,3.7712,3.0756
4213,Detroit,08/25/2025,3.5,Michigan,TRINITY ST MARKS - Gordy Howe International Bridge (GHIB),3.5,3.4730499999999997,3.2998,2.69115
4214,Detroit,08/26/2025,5.1,Michigan,TRINITY ST MARKS - Gordy Howe International Bridge (GHIB),5.1,5.0607299999999995,4.80828,3.9213899999999997
4215,Detroit,08/27/2025,5.8,Michigan,TRINITY ST MARKS - Gordy Howe International Bridge (GHIB),5.8,5.7553399999999995,5.46824,4.45962
4216,Detroit,08/28/2025,6.6,Michigan,TRINITY ST MARKS - Gordy Howe International Bridge (GHIB),6.6,6.54918,6.222479999999999,5.07474
4217,Detroit,08/29/2025,4.0,Michigan,TRINITY ST MARKS - Gordy Howe International Bridge (GHIB),4.0,3.9692,3.7712,3.0756
4218,Detroit,08/30/2025,10.5,Michigan,TRINITY ST MARKS - Gordy Howe International Bridge (GHIB),10.5,10.41915,9.8994,8.073450000000001
4219,Detroit,08/31/2025,13.0,Michigan,TRINITY ST MARKS - Gordy Howe International Bridge (GHIB),13.0,12.899899999999999,12.2564,9.995700000000001
4220,Detroit,09/01/2025,8.4,Michigan,TRINITY ST MARKS - Gordy Howe International Bridge (GHIB),8.4,8.33532,7.91952,6.458760000000001
4221,Detroit,09/02/2025,8.6,Michigan,TRINITY ST MARKS - Gordy Howe International Bridge (GHIB),8.6,8.53378,8.10808,6.61254
4222,Detroit,09/03/2025,9.9,Michigan,TRINITY ST MARKS - Gordy Howe International Bridge (GHIB),9.9,9.82377,9.33372,7.61211
4223,Detroit,09/04/2025,7.6,Michigan,TRINITY ST MARKS - Gordy Howe International Bridge (GHIB),7.6,7.541479999999999,7.165279999999999,5.84364
4224,Detroit,09/05/2025,10.2,Michigan,TRINITY ST MARKS - Gordy Howe International Bridge (GHIB),10.2,10.121459999999999,9.61656,7.842779999999999
4225,Detroit,09/06/2025,5.2,Michigan,TRINITY ST MARKS - Gordy Howe International Bridge (GHIB),5.2,5.15996,4.90256,3.9982800000000003
4226,Detroit,09/07/2025,6.4,Michigan,TRINITY ST MARKS - Gordy Howe International Bridge (GHIB),6.4,6.35072,6.03392,4.920960000000001
4227,Detroit,09/08/2025,7.2,Michigan,TRINITY ST MARKS - Gordy Howe International Bridge (GHIB),7.2,7.14456,6.7881599999999995,5.53608
4228,Detroit,09/09/2025,8.6,Michigan,TRINITY ST MARKS - Gordy Howe International Bridge (GHIB),8.6,8.53378,8.10808,6.61254
4229,Detroit,09/10/2025,11.2,Michigan,TRINITY ST MARKS - Gordy Howe International Bridge (GHIB),11.2,11.11376,10.55936,8.61168
4230,Detroit,09/11/2025,12.8,Michigan,TRINITY ST MARKS - Gordy Howe International Bridge (GHIB),12.8,12.70144,12.06784,9.841920000000002
4231,Detroit,09/12/2025,12.1,Michigan,TRINITY ST MARKS - Gordy Howe International Bridge (GHIB),12.1,12.006829999999999,11.407879999999999,9.30369
4232,Detroit,09/13/2025,19.1,Michigan,TRINITY ST MARKS - Gordy Howe International Bridge (GHIB),19.1,18.952930000000002,18.00748,14.685990000000002
4233,Detroit,09/14/2025,23.6,Michigan,TRINITY ST MARKS - Gordy Howe International Bridge (GHIB),23.6,23.41828,22.25008,18.146040000000003
4234,Detroit,09/15/2025,11.2,Michigan,TRINITY ST MARKS - Gordy Howe International Bridge (GHIB),11.2,11.11376,10.55936,8.61168
4235,Detroit,09/16/2025,9.6,Michigan,TRINITY ST MARKS - Gordy Howe International Bridge (GHIB),9.6,9.526079999999999,9.05088,7.38144
4236,Detroit,09/17/2025,13.0,Michigan,TRINITY ST MARKS - Gordy Howe International Bridge (GHIB),13.0,12.899899999999999,12.2564,9.995700000000001
4237,Detroit,09/18/2025,14.0,Michigan,TRINITY ST MARKS - Gordy Howe International Bridge (GHIB),14.0,13.892199999999999,13.1992,10.7646
4238,Detroit,09/19/2025,7.0,Michigan,TRINITY ST MARKS - Gordy Howe International Bridge (GHIB),7.0,6.9460999999999995,6.5996,5.3823
4239,Detroit,09/20/2025,3.8,Michigan,TRINITY ST MARKS - Gordy Howe International Bridge (GHIB),3.8,3.7707399999999995,3.5826399999999996,2.92182
4240,Detroit,09/21/2025,7.4,Michigan,TRINITY ST MARKS - Gordy Howe International Bridge (GHIB),7.4,7.34302,6.97672,5.68986
4241,Detroit,09/22/2025,10.5,Michigan,TRINITY ST MARKS - Gordy Howe International Bridge (GHIB),10.5,10.41915,9.8994,8.073450000000001
4242,Detroit,09/23/2025,12.9,Michigan,TRINITY ST MARKS - Gordy Howe International Bridge (GHIB),12.9,12.80067,12.16212,9.91881
4243,Detroit,09/24/2025,7.2,Michigan,TRINITY ST MARKS - Gordy Howe International Bridge (GHIB),7.2,7.14456,6.7881599999999995,5.53608
4244,Detroit,09/25/2025,9.4,Michigan,TRINITY ST MARKS - Gordy Howe International Bridge (GHIB),9.4,9.32762,8.86232,7.22766
4245,Detroit,09/26/2025,7.7,Michigan,TRINITY ST MARKS - Gordy Howe International Bridge (GHIB),7.7,7.6407099999999994,7.25956,5.92053
4246,Detroit,09/27/2025,11.3,Michigan,TRINITY ST MARKS - Gordy Howe International Bridge (GHIB),11.3,11.21299,10.653640000000001,8.68857
4247,Detroit,09/28/2025,11.2,Michigan,TRINITY ST MARKS - Gordy Howe International Bridge (GHIB),11.2,11.11376,10.55936,8.61168
4248,Detroit,09/29/2025,10.8,Michigan,TRINITY ST MARKS - Gordy Howe International Bridge (GHIB),10.8,10.71684,10.18224,8.304120000000001
4249,Detroit,09/30/2025,9.4,Michigan,TRINITY ST MARKS - Gordy Howe International Bridge (GHIB),9.4,9.32762,8.86232,7.22766
4250,Detroit,10/01/2025,5.9,Michigan,TRINITY ST MARKS - Gordy Howe International Bridge (GHIB),5.9,5.85457,5.56252,4.536510000000001
4251,Detroit,10/02/2025,6.8,Michigan,TRINITY ST MARKS - Gordy Howe International Bridge (GHIB),6.8,6.74764,6.41104,5.22852
4252,Detroit,10/03/2025,16.3,Michigan,TRINITY ST MARKS - Gordy Howe International Bridge (GHIB),16.3,16.17449,15.36764,12.53307
4253,Detroit,10/04/2025,13.5,Michigan,TRINITY ST MARKS - Gordy Howe International Bridge (GHIB),13.5,13.396049999999999,12.7278,10.38015
4254,Detroit,10/05/2025,13.1,Michigan,TRINITY ST MARKS - Gordy Howe International Bridge (GHIB),13.1,12.99913,12.350679999999999,10.07259
4255,Detroit,10/06/2025,13.5,Michigan,TRINITY ST MARKS - Gordy Howe International Bridge (GHIB),13.5,13.396049999999999,12.7278,10.38015
4256,Detroit,10/07/2025,4.0,Michigan,TRINITY ST MARKS - Gordy Howe International Bridge (GHIB),4.0,3.9692,3.7712,3.0756
4257,Detroit,10/08/2025,4.6,Michigan,TRINITY ST MARKS - Gordy Howe International Bridge (GHIB),4.6,4.564579999999999,4.33688,3.53694
4258,Detroit,10/09/2025,5.1,Michigan,TRINITY ST MARKS - Gordy Howe International Bridge (GHIB),5.1,5.0607299999999995,4.80828,3.9213899999999997
4259,Detroit,10/10/2025,10.5,Michigan,TRINITY ST MARKS - Gordy Howe International Bridge (GHIB),10.5,10.41915,9.8994,8.073450000000001
4260,Detroit,10/11/2025,7.8,Michigan,TRINITY ST MARKS - Gordy Howe International Bridge (GHIB),7.8,7.73994,7.35384,5.99742
4261,Detroit,10/12/2025,6.4,Michigan,TRINITY ST MARKS - Gordy Howe International Bridge (GHIB),6.4,6.35072,6.03392,4.920960000000001
4262,Detroit,10/13/2025,8.2,Michigan,TRINITY ST MARKS - Gordy Howe International Bridge (GHIB),8.2,8.136859999999999,7.730959999999999,6.30498
4263,Detroit,10/14/2025,11.4,Michigan,TRINITY ST MARKS - Gordy Howe International Bridge (GHIB),11.4,11.31222,10.74792,8.765460000000001
4264,Detroit,10/15/2025,3.3,Michigan,TRINITY ST MARKS - Gordy Howe International Bridge (GHIB),3.3,3.27459,3.1112399999999996,2.53737
4265,Detroit,10/16/2025,6.9,Michigan,TRINITY ST MARKS - Gordy Howe International Bridge (GHIB),6.9,6.84687,6.50532,5.30541
4266,Detroit,10/17/2025,7.5,Michigan,TRINITY ST MARKS - Gordy Howe International Bridge (GHIB),7.5,7.44225,7.071,5.76675
4267,Detroit,10/18/2025,10.5,Michigan,TRINITY ST MARKS - Gordy Howe International Bridge (GHIB),10.5,10.41915,9.8994,8.073450000000001
4268,Detroit,10/19/2025,6.2,Michigan,TRINITY ST MARKS - Gordy Howe International Bridge (GHIB),6.2,6.15226,5.84536,4.767180000000001
4269,Detroit,10/20/2025,5.3,Michigan,TRINITY ST MARKS - Gordy Howe International Bridge (GHIB),5.3,5.259189999999999,4.99684,4.07517
4270,Detroit,10/21/2025,4.6,Michigan,TRINITY ST MARKS - Gordy Howe International Bridge (GHIB),4.6,4.564579999999999,4.33688,3.53694
4271,Detroit,10/22/2025,2.5,Michigan,TRINITY ST MARKS - Gordy Howe International Bridge (GHIB),2.5,2.48075,2.3569999999999998,1.92225
4272,Detroit,10/23/2025,2.8,Michigan,TRINITY ST MARKS - Gordy Howe International Bridge (GHIB),2.8,2.77844,2.63984,2.15292
4273,Detroit,10/24/2025,3.9,Michigan,TRINITY ST MARKS - Gordy Howe International Bridge (GHIB),3.9,3.86997,3.67692,2.99871
4274,Detroit,10/25/2025,7.4,Michigan,TRINITY ST MARKS - Gordy Howe International Bridge (GHIB),7.4,7.34302,6.97672,5.68986
4275,Detroit,10/26/2025,6.4,Michigan,TRINITY ST MARKS - Gordy Howe International Bridge (GHIB),6.4,6.35072,6.03392,4.920960000000001
4276,Detroit,10/27/2025,5.2,Michigan,TRINITY ST MARKS - Gordy Howe International Bridge (GHIB),5.2,5.15996,4.90256,3.9982800000000003
4277,Detroit,10/28/2025,4.2,Michigan,TRINITY ST MARKS - Gordy Howe International Bridge (GHIB),4.2,4.16766,3.95976,3.2293800000000004
4278,Detroit,10/29/2025,5.7,Michigan,TRINITY ST MARKS - Gordy Howe International Bridge (GHIB),5.7,5.65611,5.37396,4.3827300000000005
4279,Detroit,10/30/2025,5.0,Michigan,TRINITY ST MARKS - Gordy Howe International Bridge (GHIB),5.0,4.9615,4.7139999999999995,3.8445
4280,Detroit,10/31/2025,4.2,Michigan,TRINITY ST MARKS - Gordy Howe International Bridge (GHIB),4.2,4.16766,3.95976,3.2293800000000004
4281,Detroit,11/01/2025,14.9,Michigan,TRINITY ST MARKS - Gordy Howe International Bridge (GHIB),14.9,14.78527,14.04772,11.456610000000001
4282,Detroit,11/02/2025,18.4,Michigan,TRINITY ST MARKS - Gordy Howe International Bridge (GHIB),18.4,18.258319999999998,17.34752,14.14776
4283,Detroit,11/03/2025,6.0,Michigan,TRINITY ST MARKS - Gordy Howe International Bridge (GHIB),6.0,5.953799999999999,5.6568,4.6134
4284,Detroit,11/04/2025,5.0,Michigan,TRINITY ST MARKS - Gordy Howe International Bridge (GHIB),5.0,4.9615,4.7139999999999995,3.8445
4285,Detroit,11/05/2025,6.9,Michigan,TRINITY ST MARKS - Gordy Howe International Bridge (GHIB),6.9,6.84687,6.50532,5.30541
4286,Detroit,11/06/2025,4.9,Michigan,TRINITY ST MARKS - Gordy Howe International Bridge (GHIB),4.9,4.8622700000000005,4.61972,3.7676100000000003
4287,Detroit,11/07/2025,8.0,Michigan,TRINITY ST MARKS - Gordy Howe International Bridge (GHIB),8.0,7.9384,7.5424,6.1512
4288,Detroit,11/08/2025,4.4,Michigan,TRINITY ST MARKS - Gordy Howe International Bridge (GHIB),4.4,4.3661200000000004,4.14832,3.3831600000000006
4289,Detroit,11/09/2025,4.6,Michigan,TRINITY ST MARKS - Gordy Howe International Bridge (GHIB),4.6,4.564579999999999,4.33688,3.53694
4290,Detroit,11/10/2025,2.5,Michigan,TRINITY ST MARKS - Gordy Howe International Bridge (GHIB),2.5,2.48075,2.3569999999999998,1.92225
4291,Detroit,11/11/2025,5.3,Michigan,TRINITY ST MARKS - Gordy Howe International Bridge (GHIB),5.3,5.259189999999999,4.99684,4.07517
4292,Detroit,11/12/2025,6.9,Michigan,TRINITY ST MARKS - Gordy Howe International Bridge (GHIB),6.9,6.84687,6.50532,5.30541
4293,Detroit,11/13/2025,5.6,Michigan,TRINITY ST MARKS - Gordy Howe International Bridge (GHIB),5.6,5.55688,5.27968,4.30584
4294,Detroit,11/14/2025,15.9,Michigan,TRINITY ST MARKS - Gordy Howe International Bridge (GHIB),15.9,15.777569999999999,14.99052,12.22551
4295,Detroit,11/15/2025,16.8,Michigan,TRINITY ST MARKS - Gordy Howe International Bridge (GHIB),16.8,16.67064,15.83904,12.917520000000001
4296,Detroit,11/16/2025,2.7,Michigan,TRINITY ST MARKS - Gordy Howe International Bridge (GHIB),2.7,2.67921,2.54556,2.0760300000000003
4297,Detroit,11/17/2025,7.3,Michigan,TRINITY ST MARKS - Gordy Howe International Bridge (GHIB),7.3,7.24379,6.88244,5.61297
4298,Detroit,11/18/2025,13.0,Michigan,TRINITY ST MARKS - Gordy Howe International Bridge (GHIB),13.0,12.899899999999999,12.2564,9.995700000000001
4299,Detroit,11/19/2025,7.8,Michigan,TRINITY ST MARKS - Gordy Howe International Bridge (GHIB),7.8,7.73994,7.35384,5.99742
4300,Detroit,11/20/2025,16.6,Michigan,TRINITY ST MARKS - Gordy Howe International Bridge (GHIB),16.6,16.47218,15.650480000000002,12.763740000000002
4301,Detroit,11/21/2025,13.4,Michigan,TRINITY ST MARKS - Gordy Howe International Bridge (GHIB),13.4,13.29682,12.63352,10.30326
4302,Detroit,11/22/2025,7.3,Michigan,TRINITY ST MARKS - Gordy Howe International Bridge (GHIB),7.3,7.24379,6.88244,5.61297
4303,Detroit,11/23/2025,6.4,Michigan,TRINITY ST MARKS - Gordy Howe International Bridge (GHIB),6.4,6.35072,6.03392,4.920960000000001
4304,Detroit,11/24/2025,12.9,Michigan,TRINITY ST MARKS - Gordy Howe International Bridge (GHIB),12.9,12.80067,12.16212,9.91881
4305,Detroit,11/25/2025,10.1,Michigan,TRINITY ST MARKS - Gordy Howe International Bridge (GHIB),10.1,10.022229999999999,9.522279999999999,7.76589
4306,Detroit,11/26/2025,5.5,Michigan,TRINITY ST MARKS - Gordy Howe International Bridge (GHIB),5.5,5.45765,5.1854,4.22895
4307,Detroit,11/27/2025,1.4,Michigan,TRINITY ST MARKS - Gordy Howe International Bridge (GHIB),1.4,1.38922,1.31992,1.07646
4308,Detroit,11/28/2025,2.0,Michigan,TRINITY ST MARKS - Gordy Howe International Bridge (GHIB),2.0,1.9846,1.8856,1.5378
4309,Detroit,11/29/2025,5.1,Michigan,TRINITY ST MARKS - Gordy Howe International Bridge (GHIB),5.1,5.0607299999999995,4.80828,3.9213899999999997
4310,Detroit,11/30/2025,5.4,Michigan,TRINITY ST MARKS - Gordy Howe International Bridge (GHIB),5.4,5.35842,5.09112,4.1520600000000005
4311,Detroit,12/01/2025,4.1,Michigan,TRINITY ST MARKS - Gordy Howe International Bridge (GHIB),4.1,4.068429999999999,3.8654799999999994,3.15249
4312,Detroit,12/02/2025,10.8,Michigan,TRINITY ST MARKS - Gordy Howe International Bridge (GHIB),10.8,10.71684,10.18224,8.304120000000001
4313,Detroit,12/03/2025,19.9,Michigan,TRINITY ST MARKS - Gordy Howe International Bridge (GHIB),19.9,19.746769999999998,18.761719999999997,15.30111
4314,Detroit,12/04/2025,8.2,Michigan,TRINITY ST MARKS - Gordy Howe International Bridge (GHIB),8.2,8.136859999999999,7.730959999999999,6.30498
4315,Detroit,12/05/2025,22.0,Michigan,TRINITY ST MARKS - Gordy Howe International Bridge (GHIB),22.0,21.8306,20.7416,16.9158
4316,Detroit,12/06/2025,19.7,Michigan,TRINITY ST MARKS - Gordy Howe International Bridge (GHIB),19.7,19.548309999999997,18.573159999999998,15.14733
4317,Detroit,12/07/2025,8.7,Michigan,TRINITY ST MARKS - Gordy Howe International Bridge (GHIB),8.7,8.633009999999999,8.202359999999999,6.68943
4318,Detroit,12/08/2025,5.8,Michigan,TRINITY ST MARKS - Gordy Howe International Bridge (GHIB),5.8,5.7553399999999995,5.46824,4.45962
4319,Detroit,12/09/2025,10.9,Michigan,TRINITY ST MARKS - Gordy Howe International Bridge (GHIB),10.9,10.81607,10.27652,8.38101
4320,Detroit,12/10/2025,7.0,Michigan,TRINITY ST MARKS - Gordy Howe International Bridge (GHIB),7.0,6.9460999999999995,6.5996,5.3823
4321,Detroit,12/11/2025,3.0,Michigan,TRINITY ST MARKS - Gordy Howe International Bridge (GHIB),3.0,2.9768999999999997,2.8284,2.3067
4322,Detroit,12/12/2025,9.0,Michigan,TRINITY ST MARKS - Gordy Howe International Bridge (GHIB),9.0,8.9307,8.485199999999999,6.920100000000001
4323,Detroit,12/13/2025,8.6,Michigan,TRINITY ST MARKS - Gordy Howe International Bridge (GHIB),8.6,8.53378,8.10808,6.61254
4324,Detroit,12/14/2025,3.8,Michigan,TRINITY ST MARKS - Gordy Howe International Bridge (GHIB),3.8,3.7707399999999995,3.5826399999999996,2.92182
4325,Detroit,12/15/2025,9.0,Michigan,TRINITY ST MARKS - Gordy Howe International Bridge (GHIB),9.0,8.9307,8.485199999999999,6.920100000000001
4326,Detroit,12/16/2025,20.2,Michigan,TRINITY ST MARKS - Gordy Howe International Bridge (GHIB),20.2,20.044459999999997,19.044559999999997,15.53178
4327,Detroit,12/17/2025,15.9,Michigan,TRINITY ST MARKS - Gordy Howe International Bridge (GHIB),15.9,15.777569999999999,14.99052,12.22551
4328,Detroit,12/18/2025,13.9,Michigan,TRINITY ST MARKS - Gordy Howe International Bridge (GHIB),13.9,13.79297,13.10492,10.687710000000001
4329,Detroit,12/19/2025,5.0,Michigan,TRINITY ST MARKS - Gordy Howe International Bridge (GHIB),5.0,4.9615,4.7139999999999995,3.8445
4330,Detroit,12/20/2025,6.4,Michigan,TRINITY ST MARKS - Gordy Howe International Bridge (GHIB),6.4,6.35072,6.03392,4.920960000000001
4331,Detroit,12/21/2025,8.4,Michigan,TRINITY ST MARKS - Gordy Howe International Bridge (GHIB),8.4,8.33532,7.91952,6.458760000000001
4332,Detroit,12/22/2025,11.9,Michigan,TRINITY ST MARKS - Gordy Howe International Bridge (GHIB),11.9,11.80837,11.21932,9.14991
4333,Detroit,12/23/2025,12.5,Michigan,TRINITY ST MARKS - Gordy Howe International Bridge (GHIB),12.5,12.403749999999999,11.785,9.61125
4334,Detroit,12/24/2025,13.5,Michigan,TRINITY ST MARKS - Gordy Howe International Bridge (GHIB),13.5,13.396049999999999,12.7278,10.38015
4335,Detroit,12/25/2025,10.4,Michigan,TRINITY ST MARKS - Gordy Howe International Bridge (GHIB),10.4,10.31992,9.80512,7.996560000000001
4336,Detroit,12/26/2025,5.2,Michigan,TRINITY ST MARKS - Gordy Howe International Bridge (GHIB),5.2,5.15996,4.90256,3.9982800000000003
4337,Detroit,12/27/2025,5.9,Michigan,TRINITY ST MARKS - Gordy Howe International Bridge (GHIB),5.9,5.85457,5.56252,4.536510000000001
4338,Detroit,12/28/2025,12.4,Michigan,TRINITY ST MARKS - Gordy Howe International Bridge (GHIB),12.4,12.30452,11.69072,9.534360000000001
4339,Detroit,12/29/2025,2.5,Michigan,TRINITY ST MARKS - Gordy Howe International Bridge (GHIB),2.5,2.48075,2.3569999999999998,1.92225
4340,Detroit,12/30/2025,3.9,Michigan,TRINITY ST MARKS - Gordy Howe International Bridge (GHIB),3.9,3.86997,3.67692,2.99871
4341,Detroit,12/31/2025,7.1,Michigan,TRINITY ST MARKS - Gordy Howe International Bridge (GHIB),7.1,7.045329999999999,6.693879999999999,5.4591899999999995
4342,Detroit,01/01/2025,2.9,Michigan,Military Park (GHIB),2.9,2.8776699999999997,2.73412,2.22981
4343,Detroit,01/02/2025,4.9,Michigan,Military Park (GHIB),4.9,4.8622700000000005,4.61972,3.7676100000000003
4344,Detroit,01/03/2025,4.4,Michigan,Military Park (GHIB),4.4,4.3661200000000004,4.14832,3.3831600000000006
4345,Detroit,01/04/2025,3.5,Michigan,Military Park (GHIB),3.5,3.4730499999999997,3.2998,2.69115
4346,Detroit,01/05/2025,4.1,Michigan,Military Park (GHIB),4.1,4.068429999999999,3.8654799999999994,3.15249
4347,Detroit,01/06/2025,3.1,Michigan,Military Park (GHIB),3.1,3.07613,2.92268,2.3835900000000003
4348,Detroit,01/07/2025,3.6,Michigan,Military Park (GHIB),3.6,3.57228,3.3940799999999998,2.76804
4349,Detroit,01/08/2025,3.6,Michigan,Military Park (GHIB),3.6,3.57228,3.3940799999999998,2.76804
4350,Detroit,01/09/2025,6.9,Michigan,Military Park (GHIB),6.9,6.84687,6.50532,5.30541
4351,Detroit,01/10/2025,23.2,Michigan,Military Park (GHIB),23.2,23.021359999999998,21.87296,17.83848
4352,Detroit,01/11/2025,16.4,Michigan,Military Park (GHIB),16.4,16.273719999999997,15.461919999999997,12.60996
4353,Detroit,01/12/2025,14.4,Michigan,Military Park (GHIB),14.4,14.28912,13.576319999999999,11.07216
4354,Detroit,01/13/2025,7.1,Michigan,Military Park (GHIB),7.1,7.045329999999999,6.693879999999999,5.4591899999999995
4355,Detroit,01/14/2025,5.8,Michigan,Military Park (GHIB),5.8,5.7553399999999995,5.46824,4.45962
4356,Detroit,01/15/2025,7.7,Michigan,Military Park (GHIB),7.7,7.6407099999999994,7.25956,5.92053
4357,Detroit,01/16/2025,16.4,Michigan,Military Park (GHIB),16.4,16.273719999999997,15.461919999999997,12.60996
4358,Detroit,01/17/2025,11.1,Michigan,Military Park (GHIB),11.1,11.014529999999999,10.465079999999999,8.53479
4359,Detroit,01/18/2025,5.7,Michigan,Military Park (GHIB),5.7,5.65611,5.37396,4.3827300000000005
4360,Detroit,01/19/2025,3.4,Michigan,Military Park (GHIB),3.4,3.37382,3.20552,2.61426
4361,Detroit,01/20/2025,3.6,Michigan,Military Park (GHIB),3.6,3.57228,3.3940799999999998,2.76804
4362,Detroit,01/21/2025,5.2,Michigan,Military Park (GHIB),5.2,5.15996,4.90256,3.9982800000000003
4363,Detroit,01/22/2025,7.8,Michigan,Military Park (GHIB),7.8,7.73994,7.35384,5.99742
4364,Detroit,01/23/2025,8.5,Michigan,Military Park (GHIB),8.5,8.43455,8.0138,6.53565
4365,Detroit,01/24/2025,8.3,Michigan,Military Park (GHIB),8.3,8.23609,7.825240000000001,6.381870000000001
4366,Detroit,01/25/2025,11.8,Michigan,Military Park (GHIB),11.8,11.70914,11.12504,9.073020000000001
4367,Detroit,01/26/2025,5.2,Michigan,Military Park (GHIB),5.2,5.15996,4.90256,3.9982800000000003
4368,Detroit,01/27/2025,5.7,Michigan,Military Park (GHIB),5.7,5.65611,5.37396,4.3827300000000005
4369,Detroit,01/28/2025,4.5,Michigan,Military Park (GHIB),4.5,4.46535,4.2425999999999995,3.4600500000000003
4370,Detroit,01/29/2025,4.0,Michigan,Military Park (GHIB),4.0,3.9692,3.7712,3.0756
4371,Detroit,01/30/2025,8.8,Michigan,Military Park (GHIB),8.8,8.732240000000001,8.29664,6.766320000000001
4372,Detroit,01/31/2025,10.1,Michigan,Military Park (GHIB),10.1,10.022229999999999,9.522279999999999,7.76589
4373,Detroit,02/01/2025,2.9,Michigan,Military Park (GHIB),2.9,2.8776699999999997,2.73412,2.22981
4374,Detroit,02/02/2025,10.9,Michigan,Military Park (GHIB),10.9,10.81607,10.27652,8.38101
4375,Detroit,02/03/2025,19.3,Michigan,Military Park (GHIB),19.3,19.15139,18.19604,14.839770000000001
4376,Detroit,02/04/2025,4.1,Michigan,Military Park (GHIB),4.1,4.068429999999999,3.8654799999999994,3.15249
4377,Detroit,02/05/2025,3.4,Michigan,Military Park (GHIB),3.4,3.37382,3.20552,2.61426
4378,Detroit,02/06/2025,7.5,Michigan,Military Park (GHIB),7.5,7.44225,7.071,5.76675
4379,Detroit,02/07/2025,6.8,Michigan,Military Park (GHIB),6.8,6.74764,6.41104,5.22852
4380,Detroit,02/08/2025,10.1,Michigan,Military Park (GHIB),10.1,10.022229999999999,9.522279999999999,7.76589
4381,Detroit,02/09/2025,7.9,Michigan,Military Park (GHIB),7.9,7.83917,7.44812,6.0743100000000005
4382,Detroit,02/10/2025,9.7,Michigan,Military Park (GHIB),9.7,9.625309999999999,9.145159999999999,7.45833
4383,Detroit,02/11/2025,10.1,Michigan,Military Park (GHIB),10.1,10.022229999999999,9.522279999999999,7.76589
4384,Detroit,02/12/2025,9.9,Michigan,Military Park (GHIB),9.9,9.82377,9.33372,7.61211
4385,Detroit,02/13/2025,5.9,Michigan,Military Park (GHIB),5.9,5.85457,5.56252,4.536510000000001
4386,Detroit,02/14/2025,13.2,Michigan,Military Park (GHIB),13.2,13.09836,12.444959999999998,10.14948
4387,Detroit,02/15/2025,17.3,Michigan,Military Park (GHIB),17.3,17.16679,16.31044,13.30197
4388,Detroit,02/16/2025,7.1,Michigan,Military Park (GHIB),7.1,7.045329999999999,6.693879999999999,5.4591899999999995
4389,Detroit,02/17/2025,3.1,Michigan,Military Park (GHIB),3.1,3.07613,2.92268,2.3835900000000003
4390,Detroit,02/18/2025,4.9,Michigan,Military Park (GHIB),4.9,4.8622700000000005,4.61972,3.7676100000000003
4391,Detroit,02/19/2025,5.3,Michigan,Military Park (GHIB),5.3,5.259189999999999,4.99684,4.07517
4392,Detroit,02/20/2025,4.6,Michigan,Military Park (GHIB),4.6,4.564579999999999,4.33688,3.53694
4393,Detroit,02/21/2025,5.2,Michigan,Military Park (GHIB),5.2,5.15996,4.90256,3.9982800000000003
4394,Detroit,02/22/2025,13.5,Michigan,Military Park (GHIB),13.5,13.396049999999999,12.7278,10.38015
4395,Detroit,02/23/2025,15.3,Michigan,Military Park (GHIB),15.3,15.18219,14.42484,11.764170000000002
4396,Detroit,02/24/2025,14.2,Michigan,Military Park (GHIB),14.2,14.090659999999998,13.387759999999998,10.918379999999999
4397,Detroit,02/25/2025,9.8,Michigan,Military Park (GHIB),9.8,9.724540000000001,9.23944,7.535220000000001
4398,Detroit,02/26/2025,10.1,Michigan,Military Park (GHIB),10.1,10.022229999999999,9.522279999999999,7.76589
4399,Detroit,02/27/2025,10.3,Michigan,Military Park (GHIB),10.3,10.220690000000001,9.710840000000001,7.919670000000001
4400,Detroit,02/28/2025,5.3,Michigan,Military Park (GHIB),5.3,5.259189999999999,4.99684,4.07517
4401,Detroit,03/01/2025,3.0,Michigan,Military Park (GHIB),3.0,2.9768999999999997,2.8284,2.3067
4402,Detroit,03/02/2025,5.0,Michigan,Military Park (GHIB),5.0,4.9615,4.7139999999999995,3.8445
4403,Detroit,03/03/2025,11.6,Michigan,Military Park (GHIB),11.6,11.510679999999999,10.93648,8.91924
4404,Detroit,03/04/2025,10.4,Michigan,Military Park (GHIB),10.4,10.31992,9.80512,7.996560000000001
4405,Detroit,03/05/2025,5.4,Michigan,Military Park (GHIB),5.4,5.35842,5.09112,4.1520600000000005
4406,Detroit,03/06/2025,2.7,Michigan,Military Park (GHIB),2.7,2.67921,2.54556,2.0760300000000003
4407,Detroit,03/07/2025,6.0,Michigan,Military Park (GHIB),6.0,5.953799999999999,5.6568,4.6134
4408,Detroit,03/08/2025,3.9,Michigan,Military Park (GHIB),3.9,3.86997,3.67692,2.99871
4409,Detroit,03/09/2025,5.3,Michigan,Military Park (GHIB),5.3,5.259189999999999,4.99684,4.07517
4410,Detroit,03/10/2025,9.8,Michigan,Military Park (GHIB),9.8,9.724540000000001,9.23944,7.535220000000001
4411,Detroit,03/11/2025,6.3,Michigan,Military Park (GHIB),6.3,6.2514899999999995,5.93964,4.84407
4412,Detroit,03/12/2025,3.9,Michigan,Military Park (GHIB),3.9,3.86997,3.67692,2.99871
4413,Detroit,03/13/2025,7.3,Michigan,Military Park (GHIB),7.3,7.24379,6.88244,5.61297
4414,Detroit,03/14/2025,11.7,Michigan,Military Park (GHIB),11.7,11.60991,11.030759999999999,8.996129999999999
4415,Detroit,03/15/2025,8.3,Michigan,Military Park (GHIB),8.3,8.23609,7.825240000000001,6.381870000000001
4416,Detroit,03/16/2025,3.8,Michigan,Military Park (GHIB),3.8,3.7707399999999995,3.5826399999999996,2.92182
4417,Detroit,03/17/2025,3.5,Michigan,Military Park (GHIB),3.5,3.4730499999999997,3.2998,2.69115
4418,Detroit,03/18/2025,6.8,Michigan,Military Park (GHIB),6.8,6.74764,6.41104,5.22852
4419,Detroit,03/19/2025,9.3,Michigan,Military Park (GHIB),9.3,9.228390000000001,8.768040000000001,7.1507700000000005
4420,Detroit,03/20/2025,4.3,Michigan,Military Park (GHIB),4.3,4.26689,4.05404,3.30627
4421,Detroit,03/21/2025,5.2,Michigan,Military Park (GHIB),5.2,5.15996,4.90256,3.9982800000000003
4422,Detroit,03/22/2025,3.4,Michigan,Military Park (GHIB),3.4,3.37382,3.20552,2.61426
4423,Detroit,03/23/2025,4.1,Michigan,Military Park (GHIB),4.1,4.068429999999999,3.8654799999999994,3.15249
4424,Detroit,03/24/2025,5.0,Michigan,Military Park (GHIB),5.0,4.9615,4.7139999999999995,3.8445
4425,Detroit,03/25/2025,3.6,Michigan,Military Park (GHIB),3.6,3.57228,3.3940799999999998,2.76804
4426,Detroit,03/26/2025,3.7,Michigan,Military Park (GHIB),3.7,3.67151,3.48836,2.84493
4427,Detroit,03/27/2025,9.1,Michigan,Military Park (GHIB),9.1,9.029929999999998,8.57948,6.99699
4428,Detroit,03/28/2025,12.0,Michigan,Military Park (GHIB),12.0,11.907599999999999,11.3136,9.2268
4429,Detroit,03/29/2025,10.3,Michigan,Military Park (GHIB),10.3,10.220690000000001,9.710840000000001,7.919670000000001
4430,Detroit,03/30/2025,9.0,Michigan,Military Park (GHIB),9.0,8.9307,8.485199999999999,6.920100000000001
4431,Detroit,03/31/2025,4.1,Michigan,Military Park (GHIB),4.1,4.068429999999999,3.8654799999999994,3.15249
4432,Detroit,04/01/2025,3.0,Michigan,Military Park (GHIB),3.0,2.9768999999999997,2.8284,2.3067
4433,Detroit,04/02/2025,5.2,Michigan,Military Park (GHIB),5.2,5.15996,4.90256,3.9982800000000003
4434,Detroit,04/03/2025,3.9,Michigan,Military Park (GHIB),3.9,3.86997,3.67692,2.99871
4435,Detroit,04/04/2025,4.1,Michigan,Military Park (GHIB),4.1,4.068429999999999,3.8654799999999994,3.15249
4436,Detroit,04/05/2025,4.3,Michigan,Military Park (GHIB),4.3,4.26689,4.05404,3.30627
4437,Detroit,04/06/2025,3.4,Michigan,Military Park (GHIB),3.4,3.37382,3.20552,2.61426
4438,Detroit,04/07/2025,5.3,Michigan,Military Park (GHIB),5.3,5.259189999999999,4.99684,4.07517
4439,Detroit,04/08/2025,3.9,Michigan,Military Park (GHIB),3.9,3.86997,3.67692,2.99871
4440,Detroit,04/09/2025,6.9,Michigan,Military Park (GHIB),6.9,6.84687,6.50532,5.30541
4441,Detroit,04/10/2025,7.0,Michigan,Military Park (GHIB),7.0,6.9460999999999995,6.5996,5.3823
4442,Detroit,04/11/2025,6.2,Michigan,Military Park (GHIB),6.2,6.15226,5.84536,4.767180000000001
4443,Detroit,04/12/2025,6.2,Michigan,Military Park (GHIB),6.2,6.15226,5.84536,4.767180000000001
4444,Detroit,04/13/2025,8.7,Michigan,Military Park (GHIB),8.7,8.633009999999999,8.202359999999999,6.68943
4445,Detroit,04/14/2025,6.0,Michigan,Military Park (GHIB),6.0,5.953799999999999,5.6568,4.6134
4446,Detroit,04/15/2025,3.2,Michigan,Military Park (GHIB),3.2,3.17536,3.01696,2.4604800000000004
4447,Detroit,04/16/2025,3.1,Michigan,Military Park (GHIB),3.1,3.07613,2.92268,2.3835900000000003
4448,Detroit,04/17/2025,6.9,Michigan,Military Park (GHIB),6.9,6.84687,6.50532,5.30541
4449,Detroit,04/18/2025,11.7,Michigan,Military Park (GHIB),11.7,11.60991,11.030759999999999,8.996129999999999
4450,Detroit,04/19/2025,9.3,Michigan,Military Park (GHIB),9.3,9.228390000000001,8.768040000000001,7.1507700000000005
4451,Detroit,04/20/2025,3.1,Michigan,Military Park (GHIB),3.1,3.07613,2.92268,2.3835900000000003
4452,Detroit,04/21/2025,4.8,Michigan,Military Park (GHIB),4.8,4.763039999999999,4.52544,3.69072
4453,Detroit,04/22/2025,3.5,Michigan,Military Park (GHIB),3.5,3.4730499999999997,3.2998,2.69115
4454,Detroit,04/23/2025,10.9,Michigan,Military Park (GHIB),10.9,10.81607,10.27652,8.38101
4455,Detroit,04/24/2025,13.8,Michigan,Military Park (GHIB),13.8,13.69374,13.01064,10.61082
4456,Detroit,04/25/2025,10.4,Michigan,Military Park (GHIB),10.4,10.31992,9.80512,7.996560000000001
4457,Detroit,04/26/2025,3.7,Michigan,Military Park (GHIB),3.7,3.67151,3.48836,2.84493
4458,Detroit,04/27/2025,6.8,Michigan,Military Park (GHIB),6.8,6.74764,6.41104,5.22852
4459,Detroit,04/28/2025,4.5,Michigan,Military Park (GHIB),4.5,4.46535,4.2425999999999995,3.4600500000000003
4460,Detroit,04/29/2025,8.9,Michigan,Military Park (GHIB),8.9,8.83147,8.39092,6.843210000000001
4461,Detroit,04/30/2025,4.2,Michigan,Military Park (GHIB),4.2,4.16766,3.95976,3.2293800000000004
4462,Detroit,05/01/2025,5.2,Michigan,Military Park (GHIB),5.2,5.15996,4.90256,3.9982800000000003
4463,Detroit,05/02/2025,6.3,Michigan,Military Park (GHIB),6.3,6.2514899999999995,5.93964,4.84407
4464,Detroit,05/03/2025,2.7,Michigan,Military Park (GHIB),2.7,2.67921,2.54556,2.0760300000000003
4465,Detroit,05/04/2025,3.4,Michigan,Military Park (GHIB),3.4,3.37382,3.20552,2.61426
4466,Detroit,05/05/2025,5.8,Michigan,Military Park (GHIB),5.8,5.7553399999999995,5.46824,4.45962
4467,Detroit,05/06/2025,7.5,Michigan,Military Park (GHIB),7.5,7.44225,7.071,5.76675
4468,Detroit,05/07/2025,6.8,Michigan,Military Park (GHIB),6.8,6.74764,6.41104,5.22852
4469,Detroit,05/08/2025,3.1,Michigan,Military Park (GHIB),3.1,3.07613,2.92268,2.3835900000000003
4470,Detroit,05/09/2025,4.4,Michigan,Military Park (GHIB),4.4,4.3661200000000004,4.14832,3.3831600000000006
4471,Detroit,05/10/2025,7.0,Michigan,Military Park (GHIB),7.0,6.9460999999999995,6.5996,5.3823
4472,Detroit,05/11/2025,3.9,Michigan,Military Park (GHIB),3.9,3.86997,3.67692,2.99871
4473,Detroit,05/12/2025,8.7,Michigan,Military Park (GHIB),8.7,8.633009999999999,8.202359999999999,6.68943
4474,Detroit,05/13/2025,3.8,Michigan,Military Park (GHIB),3.8,3.7707399999999995,3.5826399999999996,2.92182
4475,Detroit,05/14/2025,4.1,Michigan,Military Park (GHIB),4.1,4.068429999999999,3.8654799999999994,3.15249
4476,Detroit,05/15/2025,6.0,Michigan,Military Park (GHIB),6.0,5.953799999999999,5.6568,4.6134
4477,Detroit,05/16/2025,7.3,Michigan,Military Park (GHIB),7.3,7.24379,6.88244,5.61297
4478,Detroit,05/17/2025,4.1,Michigan,Military Park (GHIB),4.1,4.068429999999999,3.8654799999999994,3.15249
4479,Detroit,05/18/2025,3.1,Michigan,Military Park (GHIB),3.1,3.07613,2.92268,2.3835900000000003
4480,Detroit,05/19/2025,3.0,Michigan,Military Park (GHIB),3.0,2.9768999999999997,2.8284,2.3067
4481,Detroit,05/20/2025,3.3,Michigan,Military Park (GHIB),3.3,3.27459,3.1112399999999996,2.53737
4482,Detroit,05/21/2025,3.9,Michigan,Military Park (GHIB),3.9,3.86997,3.67692,2.99871
4483,Detroit,05/22/2025,2.5,Michigan,Military Park (GHIB),2.5,2.48075,2.3569999999999998,1.92225
4484,Detroit,05/23/2025,2.8,Michigan,Military Park (GHIB),2.8,2.77844,2.63984,2.15292
4485,Detroit,05/24/2025,4.4,Michigan,Military Park (GHIB),4.4,4.3661200000000004,4.14832,3.3831600000000006
4486,Detroit,05/25/2025,8.3,Michigan,Military Park (GHIB),8.3,8.23609,7.825240000000001,6.381870000000001
4487,Detroit,05/26/2025,5.5,Michigan,Military Park (GHIB),5.5,5.45765,5.1854,4.22895
4488,Detroit,05/27/2025,5.1,Michigan,Military Park (GHIB),5.1,5.0607299999999995,4.80828,3.9213899999999997
4489,Detroit,05/28/2025,3.6,Michigan,Military Park (GHIB),3.6,3.57228,3.3940799999999998,2.76804
4490,Detroit,05/29/2025,7.1,Michigan,Military Park (GHIB),7.1,7.045329999999999,6.693879999999999,5.4591899999999995
4491,Detroit,05/30/2025,7.7,Michigan,Military Park (GHIB),7.7,7.6407099999999994,7.25956,5.92053
4492,Detroit,05/31/2025,6.7,Michigan,Military Park (GHIB),6.7,6.64841,6.31676,5.15163
4493,Detroit,06/01/2025,5.4,Michigan,Military Park (GHIB),5.4,5.35842,5.09112,4.1520600000000005
4494,Detroit,06/02/2025,7.4,Michigan,Military Park (GHIB),7.4,7.34302,6.97672,5.68986
4495,Detroit,06/03/2025,16.5,Michigan,Military Park (GHIB),16.5,16.37295,15.556199999999999,12.68685
4496,Detroit,06/04/2025,22.3,Michigan,Military Park (GHIB),22.3,22.12829,21.02444,17.14647
4497,Detroit,06/05/2025,40.4,Michigan,Military Park (GHIB),40.4,40.088919999999995,38.089119999999994,31.06356
4498,Detroit,06/06/2025,52.9,Michigan,Military Park (GHIB),52.9,52.49267,49.87412,40.67481
4499,Detroit,06/07/2025,21.4,Michigan,Military Park (GHIB),21.4,21.235219999999998,20.175919999999998,16.45446
4500,Detroit,06/08/2025,36.0,Michigan,Military Park (GHIB),36.0,35.7228,33.940799999999996,27.680400000000002
4501,Detroit,06/09/2025,20.8,Michigan,Military Park (GHIB),20.8,20.63984,19.61024,15.993120000000001
4502,Detroit,06/10/2025,13.6,Michigan,Military Park (GHIB),13.6,13.49528,12.82208,10.45704
4503,Detroit,06/11/2025,20.8,Michigan,Military Park (GHIB),20.8,20.63984,19.61024,15.993120000000001
4504,Detroit,06/12/2025,22.3,Michigan,Military Park (GHIB),22.3,22.12829,21.02444,17.14647
4505,Detroit,06/13/2025,8.5,Michigan,Military Park (GHIB),8.5,8.43455,8.0138,6.53565
4506,Detroit,06/14/2025,7.8,Michigan,Military Park (GHIB),7.8,7.73994,7.35384,5.99742
4507,Detroit,06/15/2025,8.7,Michigan,Military Park (GHIB),8.7,8.633009999999999,8.202359999999999,6.68943
4508,Detroit,06/16/2025,7.7,Michigan,Military Park (GHIB),7.7,7.6407099999999994,7.25956,5.92053
4509,Detroit,06/17/2025,7.3,Michigan,Military Park (GHIB),7.3,7.24379,6.88244,5.61297
4510,Detroit,06/18/2025,7.3,Michigan,Military Park (GHIB),7.3,7.24379,6.88244,5.61297
4511,Detroit,06/19/2025,4.4,Michigan,Military Park (GHIB),4.4,4.3661200000000004,4.14832,3.3831600000000006
4512,Detroit,06/20/2025,8.5,Michigan,Military Park (GHIB),8.5,8.43455,8.0138,6.53565
4513,Detroit,06/21/2025,8.9,Michigan,Military Park (GHIB),8.9,8.83147,8.39092,6.843210000000001
4514,Detroit,06/22/2025,9.9,Michigan,Military Park (GHIB),9.9,9.82377,9.33372,7.61211
4515,Detroit,06/23/2025,13.8,Michigan,Military Park (GHIB),13.8,13.69374,13.01064,10.61082
4516,Detroit,06/24/2025,9.8,Michigan,Military Park (GHIB),9.8,9.724540000000001,9.23944,7.535220000000001
4517,Detroit,06/25/2025,8.1,Michigan,Military Park (GHIB),8.1,8.03763,7.636679999999999,6.22809
4518,Detroit,06/26/2025,7.5,Michigan,Military Park (GHIB),7.5,7.44225,7.071,5.76675
4519,Detroit,06/27/2025,7.7,Michigan,Military Park (GHIB),7.7,7.6407099999999994,7.25956,5.92053
4520,Detroit,06/28/2025,4.7,Michigan,Military Park (GHIB),4.7,4.66381,4.43116,3.61383
4521,Detroit,06/29/2025,4.5,Michigan,Military Park (GHIB),4.5,4.46535,4.2425999999999995,3.4600500000000003
4522,Detroit,06/30/2025,6.0,Michigan,Military Park (GHIB),6.0,5.953799999999999,5.6568,4.6134
4523,Detroit,07/01/2025,5.8,Michigan,Military Park (GHIB),5.8,5.7553399999999995,5.46824,4.45962
4524,Detroit,07/02/2025,9.9,Michigan,Military Park (GHIB),9.9,9.82377,9.33372,7.61211
4525,Detroit,07/03/2025,12.9,Michigan,Military Park (GHIB),12.9,12.80067,12.16212,9.91881
4526,Detroit,07/04/2025,14.8,Michigan,Military Park (GHIB),14.8,14.68604,13.95344,11.37972
4527,Detroit,07/05/2025,15.2,Michigan,Military Park (GHIB),15.2,15.082959999999998,14.330559999999998,11.68728
4528,Detroit,07/06/2025,10.8,Michigan,Military Park (GHIB),10.8,10.71684,10.18224,8.304120000000001
4529,Detroit,07/07/2025,4.5,Michigan,Military Park (GHIB),4.5,4.46535,4.2425999999999995,3.4600500000000003
4530,Detroit,07/08/2025,17.4,Michigan,Military Park (GHIB),17.4,17.266019999999997,16.404719999999998,13.37886
4531,Detroit,07/09/2025,10.8,Michigan,Military Park (GHIB),10.8,10.71684,10.18224,8.304120000000001
4532,Detroit,07/10/2025,10.3,Michigan,Military Park (GHIB),10.3,10.220690000000001,9.710840000000001,7.919670000000001
4533,Detroit,07/11/2025,8.5,Michigan,Military Park (GHIB),8.5,8.43455,8.0138,6.53565
4534,Detroit,07/12/2025,7.8,Michigan,Military Park (GHIB),7.8,7.73994,7.35384,5.99742
4535,Detroit,07/13/2025,12.4,Michigan,Military Park (GHIB),12.4,12.30452,11.69072,9.534360000000001
4536,Detroit,07/14/2025,29.2,Michigan,Military Park (GHIB),29.2,28.97516,27.52976,22.45188
4537,Detroit,07/15/2025,39.9,Michigan,Military Park (GHIB),39.9,39.592769999999994,37.61772,30.67911
4538,Detroit,07/16/2025,15.6,Michigan,Military Park (GHIB),15.6,15.47988,14.70768,11.99484
4539,Detroit,07/17/2025,4.2,Michigan,Military Park (GHIB),4.2,4.16766,3.95976,3.2293800000000004
4540,Detroit,07/18/2025,3.0,Michigan,Military Park (GHIB),3.0,2.9768999999999997,2.8284,2.3067
4541,Detroit,07/19/2025,5.6,Michigan,Military Park (GHIB),5.6,5.55688,5.27968,4.30584
4542,Detroit,07/20/2025,5.5,Michigan,Military Park (GHIB),5.5,5.45765,5.1854,4.22895
4543,Detroit,07/21/2025,10.1,Michigan,Military Park (GHIB),10.1,10.022229999999999,9.522279999999999,7.76589
4544,Detroit,07/22/2025,3.9,Michigan,Military Park (GHIB),3.9,3.86997,3.67692,2.99871
4545,Detroit,07/23/2025,6.4,Michigan,Military Park (GHIB),6.4,6.35072,6.03392,4.920960000000001
4546,Detroit,07/24/2025,12.5,Michigan,Military Park (GHIB),12.5,12.403749999999999,11.785,9.61125
4547,Detroit,07/25/2025,6.8,Michigan,Military Park (GHIB),6.8,6.74764,6.41104,5.22852
4548,Detroit,07/26/2025,9.3,Michigan,Military Park (GHIB),9.3,9.228390000000001,8.768040000000001,7.1507700000000005
4549,Detroit,07/27/2025,6.1,Michigan,Military Park (GHIB),6.1,6.05303,5.751079999999999,4.69029
4550,Detroit,07/28/2025,6.2,Michigan,Military Park (GHIB),6.2,6.15226,5.84536,4.767180000000001
4551,Detroit,07/29/2025,8.0,Michigan,Military Park (GHIB),8.0,7.9384,7.5424,6.1512
4552,Detroit,07/30/2025,17.3,Michigan,Military Park (GHIB),17.3,17.16679,16.31044,13.30197
4553,Detroit,07/31/2025,43.6,Michigan,Military Park (GHIB),43.6,43.26428,41.10608,33.52404
4554,Detroit,08/01/2025,14.6,Michigan,Military Park (GHIB),14.6,14.48758,13.76488,11.22594
4555,Detroit,08/02/2025,7.7,Michigan,Military Park (GHIB),7.7,7.6407099999999994,7.25956,5.92053
4556,Detroit,08/03/2025,24.1,Michigan,Military Park (GHIB),24.1,23.91443,22.72148,18.53049
4557,Detroit,08/04/2025,52.3,Michigan,Military Park (GHIB),52.3,51.89729,49.30844,40.21347
4558,Detroit,08/05/2025,30.8,Michigan,Military Park (GHIB),30.8,30.562839999999998,29.03824,23.68212
4559,Detroit,08/06/2025,22.6,Michigan,Military Park (GHIB),22.6,22.42598,21.307280000000002,17.37714
4560,Detroit,08/07/2025,16.0,Michigan,Military Park (GHIB),16.0,15.8768,15.0848,12.3024
4561,Detroit,08/08/2025,10.6,Michigan,Military Park (GHIB),10.6,10.518379999999999,9.99368,8.15034
4562,Detroit,08/09/2025,11.8,Michigan,Military Park (GHIB),11.8,11.70914,11.12504,9.073020000000001
4563,Detroit,08/10/2025,12.8,Michigan,Military Park (GHIB),12.8,12.70144,12.06784,9.841920000000002
4564,Detroit,08/11/2025,11.6,Michigan,Military Park (GHIB),11.6,11.510679999999999,10.93648,8.91924
4565,Detroit,08/12/2025,9.5,Michigan,Military Park (GHIB),9.5,9.42685,8.9566,7.30455
4566,Detroit,08/13/2025,7.7,Michigan,Military Park (GHIB),7.7,7.6407099999999994,7.25956,5.92053
4567,Detroit,08/14/2025,20.6,Michigan,Military Park (GHIB),20.6,20.441380000000002,19.421680000000002,15.839340000000002
4568,Detroit,08/15/2025,22.6,Michigan,Military Park (GHIB),22.6,22.42598,21.307280000000002,17.37714
4569,Detroit,08/16/2025,15.2,Michigan,Military Park (GHIB),15.2,15.082959999999998,14.330559999999998,11.68728
4570,Detroit,08/17/2025,5.3,Michigan,Military Park (GHIB),5.3,5.259189999999999,4.99684,4.07517
4571,Detroit,08/18/2025,2.8,Michigan,Military Park (GHIB),2.8,2.77844,2.63984,2.15292
4572,Detroit,08/19/2025,4.8,Michigan,Military Park (GHIB),4.8,4.763039999999999,4.52544,3.69072
4573,Detroit,08/20/2025,2.2,Michigan,Military Park (GHIB),2.2,2.1830600000000002,2.07416,1.6915800000000003
4574,Detroit,08/21/2025,4.7,Michigan,Military Park (GHIB),4.7,4.66381,4.43116,3.61383
4575,Detroit,08/22/2025,4.7,Michigan,Military Park (GHIB),4.7,4.66381,4.43116,3.61383
4576,Detroit,08/23/2025,6.2,Michigan,Military Park (GHIB),6.2,6.15226,5.84536,4.767180000000001
4577,Detroit,08/24/2025,3.6,Michigan,Military Park (GHIB),3.6,3.57228,3.3940799999999998,2.76804
4578,Detroit,08/25/2025,3.2,Michigan,Military Park (GHIB),3.2,3.17536,3.01696,2.4604800000000004
4579,Detroit,08/26/2025,5.1,Michigan,Military Park (GHIB),5.1,5.0607299999999995,4.80828,3.9213899999999997
4580,Detroit,08/27/2025,5.9,Michigan,Military Park (GHIB),5.9,5.85457,5.56252,4.536510000000001
4581,Detroit,08/28/2025,5.6,Michigan,Military Park (GHIB),5.6,5.55688,5.27968,4.30584
4582,Detroit,08/29/2025,2.6,Michigan,Military Park (GHIB),2.6,2.57998,2.45128,1.9991400000000001
4583,Detroit,08/30/2025,5.7,Michigan,Military Park (GHIB),5.7,5.65611,5.37396,4.3827300000000005
4584,Detroit,08/31/2025,8.8,Michigan,Military Park (GHIB),8.8,8.732240000000001,8.29664,6.766320000000001
4585,Detroit,09/01/2025,6.6,Michigan,Military Park (GHIB),6.6,6.54918,6.222479999999999,5.07474
4586,Detroit,09/02/2025,6.1,Michigan,Military Park (GHIB),6.1,6.05303,5.751079999999999,4.69029
4587,Detroit,09/03/2025,7.5,Michigan,Military Park (GHIB),7.5,7.44225,7.071,5.76675
4588,Detroit,09/04/2025,6.4,Michigan,Military Park (GHIB),6.4,6.35072,6.03392,4.920960000000001
4589,Detroit,09/05/2025,8.0,Michigan,Military Park (GHIB),8.0,7.9384,7.5424,6.1512
4590,Detroit,09/06/2025,4.4,Michigan,Military Park (GHIB),4.4,4.3661200000000004,4.14832,3.3831600000000006
4591,Detroit,09/07/2025,5.7,Michigan,Military Park (GHIB),5.7,5.65611,5.37396,4.3827300000000005
4592,Detroit,09/08/2025,4.1,Michigan,Military Park (GHIB),4.1,4.068429999999999,3.8654799999999994,3.15249
4593,Detroit,09/09/2025,5.7,Michigan,Military Park (GHIB),5.7,5.65611,5.37396,4.3827300000000005
4594,Detroit,09/10/2025,8.5,Michigan,Military Park (GHIB),8.5,8.43455,8.0138,6.53565
4595,Detroit,09/11/2025,10.8,Michigan,Military Park (GHIB),10.8,10.71684,10.18224,8.304120000000001
4596,Detroit,09/12/2025,9.5,Michigan,Military Park (GHIB),9.5,9.42685,8.9566,7.30455
4597,Detroit,09/13/2025,16.1,Michigan,Military Park (GHIB),16.1,15.976030000000002,15.17908,12.379290000000001
4598,Detroit,09/14/2025,17.3,Michigan,Military Park (GHIB),17.3,17.16679,16.31044,13.30197
4599,Detroit,09/15/2025,11.3,Michigan,Military Park (GHIB),11.3,11.21299,10.653640000000001,8.68857
4600,Detroit,09/16/2025,8.0,Michigan,Military Park (GHIB),8.0,7.9384,7.5424,6.1512
4601,Detroit,09/17/2025,9.6,Michigan,Military Park (GHIB),9.6,9.526079999999999,9.05088,7.38144
4602,Detroit,09/18/2025,13.7,Michigan,Military Park (GHIB),13.7,13.594509999999998,12.91636,10.53393
4603,Detroit,09/19/2025,5.2,Michigan,Military Park (GHIB),5.2,5.15996,4.90256,3.9982800000000003
4604,Detroit,09/20/2025,3.4,Michigan,Military Park (GHIB),3.4,3.37382,3.20552,2.61426
4605,Detroit,09/21/2025,6.5,Michigan,Military Park (GHIB),6.5,6.449949999999999,6.1282,4.997850000000001
4606,Detroit,09/22/2025,7.3,Michigan,Military Park (GHIB),7.3,7.24379,6.88244,5.61297
4607,Detroit,09/23/2025,8.7,Michigan,Military Park (GHIB),8.7,8.633009999999999,8.202359999999999,6.68943
4608,Detroit,09/24/2025,5.9,Michigan,Military Park (GHIB),5.9,5.85457,5.56252,4.536510000000001
4609,Detroit,09/25/2025,6.0,Michigan,Military Park (GHIB),6.0,5.953799999999999,5.6568,4.6134
4610,Detroit,09/26/2025,6.3,Michigan,Military Park (GHIB),6.3,6.2514899999999995,5.93964,4.84407
4611,Detroit,09/27/2025,10.2,Michigan,Military Park (GHIB),10.2,10.121459999999999,9.61656,7.842779999999999
4612,Detroit,09/28/2025,9.4,Michigan,Military Park (GHIB),9.4,9.32762,8.86232,7.22766
4613,Detroit,09/29/2025,7.4,Michigan,Military Park (GHIB),7.4,7.34302,6.97672,5.68986
4614,Detroit,09/30/2025,7.2,Michigan,Military Park (GHIB),7.2,7.14456,6.7881599999999995,5.53608
4615,Detroit,10/01/2025,4.4,Michigan,Military Park (GHIB),4.4,4.3661200000000004,4.14832,3.3831600000000006
4616,Detroit,10/02/2025,4.6,Michigan,Military Park (GHIB),4.6,4.564579999999999,4.33688,3.53694
4617,Detroit,10/03/2025,13.2,Michigan,Military Park (GHIB),13.2,13.09836,12.444959999999998,10.14948
4618,Detroit,10/04/2025,11.9,Michigan,Military Park (GHIB),11.9,11.80837,11.21932,9.14991
4619,Detroit,10/05/2025,10.9,Michigan,Military Park (GHIB),10.9,10.81607,10.27652,8.38101
4620,Detroit,10/06/2025,6.2,Michigan,Military Park (GHIB),6.2,6.15226,5.84536,4.767180000000001
4621,Detroit,10/07/2025,3.3,Michigan,Military Park (GHIB),3.3,3.27459,3.1112399999999996,2.53737
4622,Detroit,10/08/2025,2.8,Michigan,Military Park (GHIB),2.8,2.77844,2.63984,2.15292
4623,Detroit,10/09/2025,3.2,Michigan,Military Park (GHIB),3.2,3.17536,3.01696,2.4604800000000004
4624,Detroit,10/10/2025,6.2,Michigan,Military Park (GHIB),6.2,6.15226,5.84536,4.767180000000001
4625,Detroit,10/11/2025,5.0,Michigan,Military Park (GHIB),5.0,4.9615,4.7139999999999995,3.8445
4626,Detroit,10/12/2025,5.3,Michigan,Military Park (GHIB),5.3,5.259189999999999,4.99684,4.07517
4627,Detroit,10/13/2025,5.4,Michigan,Military Park (GHIB),5.4,5.35842,5.09112,4.1520600000000005
4628,Detroit,10/14/2025,8.6,Michigan,Military Park (GHIB),8.6,8.53378,8.10808,6.61254
4629,Detroit,10/15/2025,2.2,Michigan,Military Park (GHIB),2.2,2.1830600000000002,2.07416,1.6915800000000003
4630,Detroit,10/16/2025,4.5,Michigan,Military Park (GHIB),4.5,4.46535,4.2425999999999995,3.4600500000000003
4631,Detroit,10/17/2025,6.0,Michigan,Military Park (GHIB),6.0,5.953799999999999,5.6568,4.6134
4632,Detroit,10/18/2025,8.9,Michigan,Military Park (GHIB),8.9,8.83147,8.39092,6.843210000000001
4633,Detroit,10/19/2025,5.0,Michigan,Military Park (GHIB),5.0,4.9615,4.7139999999999995,3.8445
4634,Detroit,10/20/2025,3.3,Michigan,Military Park (GHIB),3.3,3.27459,3.1112399999999996,2.53737
4635,Detroit,10/21/2025,3.3,Michigan,Military Park (GHIB),3.3,3.27459,3.1112399999999996,2.53737
4636,Detroit,10/22/2025,2.1,Michigan,Military Park (GHIB),2.1,2.08383,1.97988,1.6146900000000002
4637,Detroit,10/23/2025,1.8,Michigan,Military Park (GHIB),1.8,1.78614,1.6970399999999999,1.38402
4638,Detroit,10/24/2025,3.3,Michigan,Military Park (GHIB),3.3,3.27459,3.1112399999999996,2.53737
4639,Detroit,10/25/2025,5.4,Michigan,Military Park (GHIB),5.4,5.35842,5.09112,4.1520600000000005
4640,Detroit,10/26/2025,5.3,Michigan,Military Park (GHIB),5.3,5.259189999999999,4.99684,4.07517
4641,Detroit,10/27/2025,3.6,Michigan,Military Park (GHIB),3.6,3.57228,3.3940799999999998,2.76804
4642,Detroit,10/28/2025,3.5,Michigan,Military Park (GHIB),3.5,3.4730499999999997,3.2998,2.69115
4643,Detroit,10/29/2025,4.7,Michigan,Military Park (GHIB),4.7,4.66381,4.43116,3.61383
4644,Detroit,10/30/2025,4.8,Michigan,Military Park (GHIB),4.8,4.763039999999999,4.52544,3.69072
4645,Detroit,10/31/2025,4.3,Michigan,Military Park (GHIB),4.3,4.26689,4.05404,3.30627
4646,Detroit,11/01/2025,12.4,Michigan,Military Park (GHIB),12.4,12.30452,11.69072,9.534360000000001
4647,Detroit,11/02/2025,17.1,Michigan,Military Park (GHIB),17.1,16.96833,16.12188,13.148190000000001
4648,Detroit,11/03/2025,6.3,Michigan,Military Park (GHIB),6.3,6.2514899999999995,5.93964,4.84407
4649,Detroit,11/04/2025,4.9,Michigan,Military Park (GHIB),4.9,4.8622700000000005,4.61972,3.7676100000000003
4650,Detroit,11/05/2025,6.4,Michigan,Military Park (GHIB),6.4,6.35072,6.03392,4.920960000000001
4651,Detroit,11/06/2025,4.6,Michigan,Military Park (GHIB),4.6,4.564579999999999,4.33688,3.53694
4652,Detroit,11/07/2025,7.4,Michigan,Military Park (GHIB),7.4,7.34302,6.97672,5.68986
4653,Detroit,11/08/2025,6.4,Michigan,Military Park (GHIB),6.4,6.35072,6.03392,4.920960000000001
4654,Detroit,11/09/2025,4.4,Michigan,Military Park (GHIB),4.4,4.3661200000000004,4.14832,3.3831600000000006
4655,Detroit,11/10/2025,2.1,Michigan,Military Park (GHIB),2.1,2.08383,1.97988,1.6146900000000002
4656,Detroit,11/11/2025,4.6,Michigan,Military Park (GHIB),4.6,4.564579999999999,4.33688,3.53694
4657,Detroit,11/12/2025,5.1,Michigan,Military Park (GHIB),5.1,5.0607299999999995,4.80828,3.9213899999999997
4658,Detroit,11/13/2025,7.2,Michigan,Military Park (GHIB),7.2,7.14456,6.7881599999999995,5.53608
4659,Detroit,11/14/2025,13.3,Michigan,Military Park (GHIB),13.3,13.19759,12.53924,10.226370000000001
4660,Detroit,11/15/2025,15.1,Michigan,Military Park (GHIB),15.1,14.98373,14.236279999999999,11.61039
4661,Detroit,11/16/2025,3.3,Michigan,Military Park (GHIB),3.3,3.27459,3.1112399999999996,2.53737
4662,Detroit,11/17/2025,7.4,Michigan,Military Park (GHIB),7.4,7.34302,6.97672,5.68986
4663,Detroit,11/18/2025,11.6,Michigan,Military Park (GHIB),11.6,11.510679999999999,10.93648,8.91924
4664,Detroit,11/19/2025,6.3,Michigan,Military Park (GHIB),6.3,6.2514899999999995,5.93964,4.84407
4665,Detroit,11/20/2025,14.9,Michigan,Military Park (GHIB),14.9,14.78527,14.04772,11.456610000000001
4666,Detroit,11/21/2025,13.8,Michigan,Military Park (GHIB),13.8,13.69374,13.01064,10.61082
4667,Detroit,11/22/2025,7.2,Michigan,Military Park (GHIB),7.2,7.14456,6.7881599999999995,5.53608
4668,Detroit,11/25/2025,9.4,Michigan,Military Park (GHIB),9.4,9.32762,8.86232,7.22766
4669,Detroit,11/26/2025,4.7,Michigan,Military Park (GHIB),4.7,4.66381,4.43116,3.61383
4670,Detroit,11/27/2025,1.3,Michigan,Military Park (GHIB),1.3,1.28999,1.22564,0.9995700000000001
4671,Detroit,11/28/2025,2.1,Michigan,Military Park (GHIB),2.1,2.08383,1.97988,1.6146900000000002
4672,Detroit,11/29/2025,4.8,Michigan,Military Park (GHIB),4.8,4.763039999999999,4.52544,3.69072
4673,Detroit,11/30/2025,5.1,Michigan,Military Park (GHIB),5.1,5.0607299999999995,4.80828,3.9213899999999997
4674,Detroit,12/01/2025,4.1,Michigan,Military Park (GHIB),4.1,4.068429999999999,3.8654799999999994,3.15249
4675,Detroit,12/02/2025,10.0,Michigan,Military Park (GHIB),10.0,9.923,9.427999999999999,7.689
4676,Detroit,12/03/2025,20.0,Michigan,Military Park (GHIB),20.0,19.846,18.855999999999998,15.378
4677,Detroit,12/04/2025,6.6,Michigan,Military Park (GHIB),6.6,6.54918,6.222479999999999,5.07474
4678,Detroit,12/05/2025,15.6,Michigan,Military Park (GHIB),15.6,15.47988,14.70768,11.99484
4679,Detroit,12/06/2025,18.5,Michigan,Military Park (GHIB),18.5,18.35755,17.4418,14.22465
4680,Detroit,12/07/2025,8.6,Michigan,Military Park (GHIB),8.6,8.53378,8.10808,6.61254
4681,Detroit,12/08/2025,3.8,Michigan,Military Park (GHIB),3.8,3.7707399999999995,3.5826399999999996,2.92182
4682,Detroit,12/09/2025,10.8,Michigan,Military Park (GHIB),10.8,10.71684,10.18224,8.304120000000001
4683,Detroit,12/10/2025,6.2,Michigan,Military Park (GHIB),6.2,6.15226,5.84536,4.767180000000001
4684,Detroit,12/11/2025,2.6,Michigan,Military Park (GHIB),2.6,2.57998,2.45128,1.9991400000000001
4685,Detroit,12/12/2025,6.7,Michigan,Military Park (GHIB),6.7,6.64841,6.31676,5.15163
4686,Detroit,12/13/2025,8.2,Michigan,Military Park (GHIB),8.2,8.136859999999999,7.730959999999999,6.30498
4687,Detroit,12/14/2025,3.8,Michigan,Military Park (GHIB),3.8,3.7707399999999995,3.5826399999999996,2.92182
4688,Detroit,12/15/2025,7.1,Michigan,Military Park (GHIB),7.1,7.045329999999999,6.693879999999999,5.4591899999999995
4689,Detroit,12/16/2025,16.1,Michigan,Military Park (GHIB),16.1,15.976030000000002,15.17908,12.379290000000001
4690,Detroit,12/17/2025,13.6,Michigan,Military Park (GHIB),13.6,13.49528,12.82208,10.45704
4691,Detroit,12/18/2025,10.2,Michigan,Military Park (GHIB),10.2,10.121459999999999,9.61656,7.842779999999999
4692,Detroit,12/19/2025,4.5,Michigan,Military Park (GHIB),4.5,4.46535,4.2425999999999995,3.4600500000000003
4693,Detroit,12/20/2025,6.6,Michigan,Military Park (GHIB),6.6,6.54918,6.222479999999999,5.07474
4694,Detroit,12/21/2025,6.5,Michigan,Military Park (GHIB),6.5,6.449949999999999,6.1282,4.997850000000001
4695,Detroit,12/22/2025,9.5,Michigan,Military Park (GHIB),9.5,9.42685,8.9566,7.30455
4696,Detroit,12/23/2025,10.2,Michigan,Military Park (GHIB),10.2,10.121459999999999,9.61656,7.842779999999999
4697,Detroit,12/24/2025,12.4,Michigan,Military Park (GHIB),12.4,12.30452,11.69072,9.534360000000001
4698,Detroit,12/25/2025,9.7,Michigan,Military Park (GHIB),9.7,9.625309999999999,9.145159999999999,7.45833
4699,Detroit,12/26/2025,5.1,Michigan,Military Park (GHIB),5.1,5.0607299999999995,4.80828,3.9213899999999997
4700,Detroit,12/27/2025,5.4,Michigan,Military Park (GHIB),5.4,5.35842,5.09112,4.1520600000000005
4701,Detroit,12/28/2025,10.7,Michigan,Military Park (GHIB),10.7,10.617609999999999,10.087959999999999,8.22723
4702,Detroit,12/29/2025,2.4,Michigan,Military Park (GHIB),2.4,2.3815199999999996,2.26272,1.84536
4703,Detroit,12/30/2025,3.4,Michigan,Military Park (GHIB),3.4,3.37382,3.20552,2.61426
4704,Detroit,12/31/2025,6.6,Michigan,Military Park (GHIB),6.6,6.54918,6.222479999999999,5.07474
