,City,Date,Daily Mean PM2.5 Concentration,State,Local Site Name,0 filters,10 filters,100 filters,1000 filters
0,Fresno,01/01/2025,64.2,California,Fresno - Garland,64.2,63.70566,60.52776,49.36338000000001
1,Fresno,01/04/2025,10.0,California,Fresno - Garland,10.0,9.923,9.427999999999999,7.689
2,Fresno,01/07/2025,14.8,California,Fresno - Garland,14.8,14.68604,13.95344,11.37972
3,Fresno,01/10/2025,18.2,California,Fresno - Garland,18.2,18.059859999999997,17.15896,13.99398
4,Fresno,01/13/2025,13.6,California,Fresno - Garland,13.6,13.49528,12.82208,10.45704
5,Fresno,01/16/2025,17.7,California,Fresno - Garland,17.7,17.563709999999997,16.687559999999998,13.60953
6,Fresno,01/19/2025,32.1,California,Fresno - Garland,32.1,31.85283,30.26388,24.681690000000003
7,Fresno,01/22/2025,26.3,California,Fresno - Garland,26.3,26.09749,24.79564,20.222070000000002
8,Fresno,01/25/2025,31.0,California,Fresno - Garland,31.0,30.7613,29.2268,23.835900000000002
9,Fresno,01/28/2025,11.3,California,Fresno - Garland,11.3,11.21299,10.653640000000001,8.68857
10,Fresno,01/31/2025,17.0,California,Fresno - Garland,17.0,16.8691,16.0276,13.0713
11,Fresno,02/03/2025,8.4,California,Fresno - Garland,8.4,8.33532,7.91952,6.458760000000001
12,Fresno,02/06/2025,4.9,California,Fresno - Garland,4.9,4.8622700000000005,4.61972,3.7676100000000003
13,Fresno,02/09/2025,8.1,California,Fresno - Garland,8.1,8.03763,7.636679999999999,6.22809
14,Fresno,02/12/2025,5.0,California,Fresno - Garland,5.0,4.9615,4.7139999999999995,3.8445
15,Fresno,02/15/2025,10.7,California,Fresno - Garland,10.7,10.617609999999999,10.087959999999999,8.22723
16,Fresno,02/18/2025,6.1,California,Fresno - Garland,6.1,6.05303,5.751079999999999,4.69029
17,Fresno,02/21/2025,9.3,California,Fresno - Garland,9.3,9.228390000000001,8.768040000000001,7.1507700000000005
18,Fresno,02/24/2025,7.8,California,Fresno - Garland,7.8,7.73994,7.35384,5.99742
19,Fresno,02/27/2025,10.3,California,Fresno - Garland,10.3,10.220690000000001,9.710840000000001,7.919670000000001
20,Fresno,03/02/2025,1.9,California,Fresno - Garland,1.9,1.8853699999999998,1.7913199999999998,1.46091
21,Fresno,03/05/2025,3.8,California,Fresno - Garland,3.8,3.7707399999999995,3.5826399999999996,2.92182
22,Fresno,03/08/2025,6.6,California,Fresno - Garland,6.6,6.54918,6.222479999999999,5.07474
23,Fresno,03/11/2025,6.2,California,Fresno - Garland,6.2,6.15226,5.84536,4.767180000000001
24,Fresno,03/14/2025,3.5,California,Fresno - Garland,3.5,3.4730499999999997,3.2998,2.69115
25,Fresno,03/17/2025,3.1,California,Fresno - Garland,3.1,3.07613,2.92268,2.3835900000000003
26,Fresno,03/20/2025,2.0,California,Fresno - Garland,2.0,1.9846,1.8856,1.5378
27,Fresno,03/23/2025,5.0,California,Fresno - Garland,5.0,4.9615,4.7139999999999995,3.8445
28,Fresno,03/26/2025,6.6,California,Fresno - Garland,6.6,6.54918,6.222479999999999,5.07474
29,Fresno,03/29/2025,3.1,California,Fresno - Garland,3.1,3.07613,2.92268,2.3835900000000003
30,Fresno,04/01/2025,2.1,California,Fresno - Garland,2.1,2.08383,1.97988,1.6146900000000002
31,Fresno,04/04/2025,4.5,California,Fresno - Garland,4.5,4.46535,4.2425999999999995,3.4600500000000003
32,Fresno,04/07/2025,3.2,California,Fresno - Garland,3.2,3.17536,3.01696,2.4604800000000004
33,Fresno,04/10/2025,7.3,California,Fresno - Garland,7.3,7.24379,6.88244,5.61297
34,Fresno,04/13/2025,5.8,California,Fresno - Garland,5.8,5.7553399999999995,5.46824,4.45962
35,Fresno,04/16/2025,7.0,California,Fresno - Garland,7.0,6.9460999999999995,6.5996,5.3823
36,Fresno,04/19/2025,9.0,California,Fresno - Garland,9.0,8.9307,8.485199999999999,6.920100000000001
37,Fresno,04/22/2025,5.9,California,Fresno - Garland,5.9,5.85457,5.56252,4.536510000000001
38,Fresno,04/25/2025,4.2,California,Fresno - Garland,4.2,4.16766,3.95976,3.2293800000000004
39,Fresno,04/28/2025,4.9,California,Fresno - Garland,4.9,4.8622700000000005,4.61972,3.7676100000000003
40,Fresno,05/01/2025,11.0,California,Fresno - Garland,11.0,10.9153,10.3708,8.4579
41,Fresno,05/04/2025,7.4,California,Fresno - Garland,7.4,7.34302,6.97672,5.68986
42,Fresno,05/07/2025,9.7,California,Fresno - Garland,9.7,9.625309999999999,9.145159999999999,7.45833
43,Fresno,05/10/2025,10.3,California,Fresno - Garland,10.3,10.220690000000001,9.710840000000001,7.919670000000001
44,Fresno,05/13/2025,2.7,California,Fresno - Garland,2.7,2.67921,2.54556,2.0760300000000003
45,Fresno,05/16/2025,5.8,California,Fresno - Garland,5.8,5.7553399999999995,5.46824,4.45962
46,Fresno,05/19/2025,6.0,California,Fresno - Garland,6.0,5.953799999999999,5.6568,4.6134
47,Fresno,05/22/2025,5.5,California,Fresno - Garland,5.5,5.45765,5.1854,4.22895
48,Fresno,05/25/2025,4.8,California,Fresno - Garland,4.8,4.763039999999999,4.52544,3.69072
49,Fresno,05/28/2025,6.4,California,Fresno - Garland,6.4,6.35072,6.03392,4.920960000000001
50,Fresno,05/31/2025,14.8,California,Fresno - Garland,14.8,14.68604,13.95344,11.37972
51,Fresno,06/03/2025,7.4,California,Fresno - Garland,7.4,7.34302,6.97672,5.68986
52,Fresno,06/06/2025,6.8,California,Fresno - Garland,6.8,6.74764,6.41104,5.22852
53,Fresno,06/09/2025,7.1,California,Fresno - Garland,7.1,7.045329999999999,6.693879999999999,5.4591899999999995
54,Fresno,06/12/2025,8.6,California,Fresno - Garland,8.6,8.53378,8.10808,6.61254
55,Fresno,06/15/2025,6.8,California,Fresno - Garland,6.8,6.74764,6.41104,5.22852
56,Fresno,06/18/2025,8.2,California,Fresno - Garland,8.2,8.136859999999999,7.730959999999999,6.30498
57,Fresno,06/21/2025,4.8,California,Fresno - Garland,4.8,4.763039999999999,4.52544,3.69072
58,Fresno,06/24/2025,5.5,California,Fresno - Garland,5.5,5.45765,5.1854,4.22895
59,Fresno,06/27/2025,7.8,California,Fresno - Garland,7.8,7.73994,7.35384,5.99742
60,Fresno,06/30/2025,6.8,California,Fresno - Garland,6.8,6.74764,6.41104,5.22852
61,Fresno,07/03/2025,9.0,California,Fresno - Garland,9.0,8.9307,8.485199999999999,6.920100000000001
62,Fresno,07/06/2025,5.7,California,Fresno - Garland,5.7,5.65611,5.37396,4.3827300000000005
63,Fresno,07/09/2025,5.7,California,Fresno - Garland,5.7,5.65611,5.37396,4.3827300000000005
64,Fresno,07/12/2025,14.4,California,Fresno - Garland,14.4,14.28912,13.576319999999999,11.07216
65,Fresno,07/15/2025,9.9,California,Fresno - Garland,9.9,9.82377,9.33372,7.61211
66,Fresno,07/18/2025,6.6,California,Fresno - Garland,6.6,6.54918,6.222479999999999,5.07474
67,Fresno,07/21/2025,4.3,California,Fresno - Garland,4.3,4.26689,4.05404,3.30627
68,Fresno,07/24/2025,4.1,California,Fresno - Garland,4.1,4.068429999999999,3.8654799999999994,3.15249
69,Fresno,07/27/2025,3.7,California,Fresno - Garland,3.7,3.67151,3.48836,2.84493
70,Fresno,01/01/2025,39.5,California,Fresno - Garland,39.5,39.19585,37.2406,30.371550000000003
71,Fresno,01/04/2025,12.5,California,Fresno - Garland,12.5,12.403749999999999,11.785,9.61125
72,Fresno,01/07/2025,20.4,California,Fresno - Garland,20.4,20.242919999999998,19.23312,15.685559999999999
73,Fresno,01/10/2025,19.8,California,Fresno - Garland,19.8,19.64754,18.66744,15.22422
74,Fresno,01/13/2025,15.0,California,Fresno - Garland,15.0,14.8845,14.142,11.5335
75,Fresno,01/16/2025,23.3,California,Fresno - Garland,23.3,23.12059,21.96724,17.915370000000003
76,Fresno,01/19/2025,36.5,California,Fresno - Garland,36.5,36.21895,34.4122,28.06485
77,Fresno,01/22/2025,29.5,California,Fresno - Garland,29.5,29.27285,27.8126,22.68255
78,Fresno,01/25/2025,23.0,California,Fresno - Garland,23.0,22.8229,21.6844,17.6847
79,Fresno,01/28/2025,14.2,California,Fresno - Garland,14.2,14.090659999999998,13.387759999999998,10.918379999999999
80,Fresno,01/31/2025,27.1,California,Fresno - Garland,27.1,26.89133,25.54988,20.837190000000003
81,Fresno,02/03/2025,10.3,California,Fresno - Garland,10.3,10.220690000000001,9.710840000000001,7.919670000000001
82,Fresno,02/06/2025,5.5,California,Fresno - Garland,5.5,5.45765,5.1854,4.22895
83,Fresno,02/09/2025,8.9,California,Fresno - Garland,8.9,8.83147,8.39092,6.843210000000001
84,Fresno,02/12/2025,5.9,California,Fresno - Garland,5.9,5.85457,5.56252,4.536510000000001
85,Fresno,02/15/2025,12.1,California,Fresno - Garland,12.1,12.006829999999999,11.407879999999999,9.30369
86,Fresno,02/21/2025,10.6,California,Fresno - Garland,10.6,10.518379999999999,9.99368,8.15034
87,Fresno,02/24/2025,13.5,California,Fresno - Garland,13.5,13.396049999999999,12.7278,10.38015
88,Fresno,02/27/2025,13.0,California,Fresno - Garland,13.0,12.899899999999999,12.2564,9.995700000000001
89,Fresno,03/02/2025,2.3,California,Fresno - Garland,2.3,2.2822899999999997,2.16844,1.76847
90,Fresno,03/05/2025,5.6,California,Fresno - Garland,5.6,5.55688,5.27968,4.30584
91,Fresno,03/08/2025,7.4,California,Fresno - Garland,7.4,7.34302,6.97672,5.68986
92,Fresno,03/11/2025,8.3,California,Fresno - Garland,8.3,8.23609,7.825240000000001,6.381870000000001
93,Fresno,03/14/2025,3.9,California,Fresno - Garland,3.9,3.86997,3.67692,2.99871
94,Fresno,03/17/2025,3.6,California,Fresno - Garland,3.6,3.57228,3.3940799999999998,2.76804
95,Fresno,03/20/2025,2.3,California,Fresno - Garland,2.3,2.2822899999999997,2.16844,1.76847
96,Fresno,03/23/2025,5.5,California,Fresno - Garland,5.5,5.45765,5.1854,4.22895
97,Fresno,03/26/2025,7.5,California,Fresno - Garland,7.5,7.44225,7.071,5.76675
98,Fresno,03/29/2025,3.9,California,Fresno - Garland,3.9,3.86997,3.67692,2.99871
99,Fresno,04/01/2025,2.3,California,Fresno - Garland,2.3,2.2822899999999997,2.16844,1.76847
100,Fresno,04/04/2025,5.1,California,Fresno - Garland,5.1,5.0607299999999995,4.80828,3.9213899999999997
101,Fresno,04/07/2025,3.5,California,Fresno - Garland,3.5,3.4730499999999997,3.2998,2.69115
102,Fresno,04/10/2025,7.9,California,Fresno - Garland,7.9,7.83917,7.44812,6.0743100000000005
103,Fresno,04/13/2025,6.9,California,Fresno - Garland,6.9,6.84687,6.50532,5.30541
104,Fresno,04/16/2025,8.8,California,Fresno - Garland,8.8,8.732240000000001,8.29664,6.766320000000001
105,Fresno,04/19/2025,9.9,California,Fresno - Garland,9.9,9.82377,9.33372,7.61211
106,Fresno,04/22/2025,7.0,California,Fresno - Garland,7.0,6.9460999999999995,6.5996,5.3823
107,Fresno,04/25/2025,5.3,California,Fresno - Garland,5.3,5.259189999999999,4.99684,4.07517
108,Fresno,04/28/2025,2.9,California,Fresno - Garland,2.9,2.8776699999999997,2.73412,2.22981
109,Fresno,05/01/2025,9.9,California,Fresno - Garland,9.9,9.82377,9.33372,7.61211
110,Fresno,05/04/2025,8.7,California,Fresno - Garland,8.7,8.633009999999999,8.202359999999999,6.68943
111,Fresno,05/07/2025,9.3,California,Fresno - Garland,9.3,9.228390000000001,8.768040000000001,7.1507700000000005
112,Fresno,05/10/2025,11.0,California,Fresno - Garland,11.0,10.9153,10.3708,8.4579
113,Fresno,05/13/2025,3.8,California,Fresno - Garland,3.8,3.7707399999999995,3.5826399999999996,2.92182
114,Fresno,05/16/2025,4.9,California,Fresno - Garland,4.9,4.8622700000000005,4.61972,3.7676100000000003
115,Fresno,05/19/2025,5.8,California,Fresno - Garland,5.8,5.7553399999999995,5.46824,4.45962
116,Fresno,05/22/2025,5.8,California,Fresno - Garland,5.8,5.7553399999999995,5.46824,4.45962
117,Fresno,05/25/2025,5.7,California,Fresno - Garland,5.7,5.65611,5.37396,4.3827300000000005
118,Fresno,05/28/2025,7.1,California,Fresno - Garland,7.1,7.045329999999999,6.693879999999999,5.4591899999999995
119,Fresno,05/31/2025,16.0,California,Fresno - Garland,16.0,15.8768,15.0848,12.3024
120,Fresno,06/03/2025,7.3,California,Fresno - Garland,7.3,7.24379,6.88244,5.61297
121,Fresno,06/06/2025,6.9,California,Fresno - Garland,6.9,6.84687,6.50532,5.30541
122,Fresno,06/09/2025,6.9,California,Fresno - Garland,6.9,6.84687,6.50532,5.30541
123,Fresno,06/12/2025,9.5,California,Fresno - Garland,9.5,9.42685,8.9566,7.30455
124,Fresno,06/15/2025,6.7,California,Fresno - Garland,6.7,6.64841,6.31676,5.15163
125,Fresno,06/18/2025,9.2,California,Fresno - Garland,9.2,9.129159999999999,8.67376,7.07388
126,Fresno,06/21/2025,4.6,California,Fresno - Garland,4.6,4.564579999999999,4.33688,3.53694
127,Fresno,06/24/2025,6.0,California,Fresno - Garland,6.0,5.953799999999999,5.6568,4.6134
128,Fresno,06/27/2025,7.9,California,Fresno - Garland,7.9,7.83917,7.44812,6.0743100000000005
129,Fresno,06/30/2025,6.9,California,Fresno - Garland,6.9,6.84687,6.50532,5.30541
130,Fresno,07/03/2025,10.0,California,Fresno - Garland,10.0,9.923,9.427999999999999,7.689
131,Fresno,07/06/2025,6.5,California,Fresno - Garland,6.5,6.449949999999999,6.1282,4.997850000000001
132,Fresno,07/09/2025,6.8,California,Fresno - Garland,6.8,6.74764,6.41104,5.22852
133,Fresno,07/12/2025,14.8,California,Fresno - Garland,14.8,14.68604,13.95344,11.37972
134,Fresno,07/15/2025,10.8,California,Fresno - Garland,10.8,10.71684,10.18224,8.304120000000001
135,Fresno,07/18/2025,7.1,California,Fresno - Garland,7.1,7.045329999999999,6.693879999999999,5.4591899999999995
136,Fresno,07/21/2025,5.1,California,Fresno - Garland,5.1,5.0607299999999995,4.80828,3.9213899999999997
137,Fresno,07/24/2025,4.3,California,Fresno - Garland,4.3,4.26689,4.05404,3.30627
138,Fresno,07/27/2025,3.8,California,Fresno - Garland,3.8,3.7707399999999995,3.5826399999999996,2.92182
139,Fresno,07/30/2025,5.0,California,Fresno - Garland,5.0,4.9615,4.7139999999999995,3.8445
140,Fresno,08/02/2025,5.8,California,Fresno - Garland,5.8,5.7553399999999995,5.46824,4.45962
141,Fresno,08/05/2025,4.2,California,Fresno - Garland,4.2,4.16766,3.95976,3.2293800000000004
142,Fresno,08/08/2025,9.5,California,Fresno - Garland,9.5,9.42685,8.9566,7.30455
143,Fresno,08/14/2025,1.0,California,Fresno - Garland,1.0,0.9923,0.9428,0.7689
144,Fresno,08/17/2025,2.8,California,Fresno - Garland,2.8,2.77844,2.63984,2.15292
145,Fresno,08/23/2025,16.8,California,Fresno - Garland,16.8,16.67064,15.83904,12.917520000000001
146,Fresno,08/26/2025,11.4,California,Fresno - Garland,11.4,11.31222,10.74792,8.765460000000001
147,Fresno,08/29/2025,8.4,California,Fresno - Garland,8.4,8.33532,7.91952,6.458760000000001
148,Fresno,09/01/2025,10.2,California,Fresno - Garland,10.2,10.121459999999999,9.61656,7.842779999999999
149,Fresno,09/04/2025,14.1,California,Fresno - Garland,14.1,13.99143,13.293479999999999,10.84149
150,Fresno,09/07/2025,6.7,California,Fresno - Garland,6.7,6.64841,6.31676,5.15163
151,Fresno,09/10/2025,3.0,California,Fresno - Garland,3.0,2.9768999999999997,2.8284,2.3067
152,Fresno,09/13/2025,8.1,California,Fresno - Garland,8.1,8.03763,7.636679999999999,6.22809
153,Fresno,09/16/2025,12.8,California,Fresno - Garland,12.8,12.70144,12.06784,9.841920000000002
154,Fresno,09/18/2025,10.8,California,Fresno - Garland,10.8,10.71684,10.18224,8.304120000000001
155,Fresno,09/19/2025,9.4,California,Fresno - Garland,9.4,9.32762,8.86232,7.22766
156,Fresno,09/21/2025,11.0,California,Fresno - Garland,11.0,10.9153,10.3708,8.4579
157,Fresno,09/22/2025,10.3,California,Fresno - Garland,10.3,10.220690000000001,9.710840000000001,7.919670000000001
158,Fresno,09/25/2025,7.3,California,Fresno - Garland,7.3,7.24379,6.88244,5.61297
159,Fresno,09/28/2025,7.1,California,Fresno - Garland,7.1,7.045329999999999,6.693879999999999,5.4591899999999995
160,Fresno,10/01/2025,6.0,California,Fresno - Garland,6.0,5.953799999999999,5.6568,4.6134
161,Fresno,10/04/2025,6.7,California,Fresno - Garland,6.7,6.64841,6.31676,5.15163
162,Fresno,10/07/2025,10.6,California,Fresno - Garland,10.6,10.518379999999999,9.99368,8.15034
163,Fresno,10/10/2025,5.8,California,Fresno - Garland,5.8,5.7553399999999995,5.46824,4.45962
164,Fresno,10/13/2025,5.4,California,Fresno - Garland,5.4,5.35842,5.09112,4.1520600000000005
165,Fresno,10/16/2025,8.5,California,Fresno - Garland,8.5,8.43455,8.0138,6.53565
166,Fresno,10/19/2025,14.4,California,Fresno - Garland,14.4,14.28912,13.576319999999999,11.07216
167,Fresno,10/22/2025,12.1,California,Fresno - Garland,12.1,12.006829999999999,11.407879999999999,9.30369
168,Fresno,10/25/2025,13.8,California,Fresno - Garland,13.8,13.69374,13.01064,10.61082
169,Fresno,10/28/2025,9.5,California,Fresno - Garland,9.5,9.42685,8.9566,7.30455
170,Fresno,10/31/2025,18.1,California,Fresno - Garland,18.1,17.960630000000002,17.06468,13.917090000000002
171,Fresno,11/03/2025,18.0,California,Fresno - Garland,18.0,17.8614,16.970399999999998,13.840200000000001
172,Fresno,11/06/2025,5.1,California,Fresno - Garland,5.1,5.0607299999999995,4.80828,3.9213899999999997
173,Fresno,11/09/2025,13.2,California,Fresno - Garland,13.2,13.09836,12.444959999999998,10.14948
174,Fresno,11/12/2025,13.5,California,Fresno - Garland,13.5,13.396049999999999,12.7278,10.38015
175,Fresno,11/15/2025,7.1,California,Fresno - Garland,7.1,7.045329999999999,6.693879999999999,5.4591899999999995
176,Fresno,11/18/2025,5.7,California,Fresno - Garland,5.7,5.65611,5.37396,4.3827300000000005
177,Fresno,11/21/2025,12.2,California,Fresno - Garland,12.2,12.10606,11.502159999999998,9.38058
178,Fresno,11/24/2025,16.2,California,Fresno - Garland,16.2,16.07526,15.273359999999998,12.45618
179,Fresno,12/03/2025,17.5,California,Fresno - Garland,17.5,17.36525,16.499,13.45575
180,Fresno,12/04/2025,19.5,California,Fresno - Garland,19.5,19.34985,18.3846,14.99355
181,Fresno,12/06/2025,33.4,California,Fresno - Garland,33.4,33.14282,31.48952,25.681259999999998
182,Fresno,12/07/2025,30.6,California,Fresno - Garland,30.6,30.36438,28.84968,23.528340000000004
183,Fresno,12/09/2025,34.2,California,Fresno - Garland,34.2,33.93666,32.24376,26.296380000000003
184,Fresno,12/10/2025,28.4,California,Fresno - Garland,28.4,28.181319999999996,26.775519999999997,21.836759999999998
185,Fresno,12/12/2025,12.5,California,Fresno - Garland,12.5,12.403749999999999,11.785,9.61125
186,Fresno,12/15/2025,14.2,California,Fresno - Garland,14.2,14.090659999999998,13.387759999999998,10.918379999999999
187,Fresno,12/18/2025,18.1,California,Fresno - Garland,18.1,17.960630000000002,17.06468,13.917090000000002
188,Fresno,12/21/2025,6.3,California,Fresno - Garland,6.3,6.2514899999999995,5.93964,4.84407
189,Fresno,12/24/2025,2.4,California,Fresno - Garland,2.4,2.3815199999999996,2.26272,1.84536
190,Fresno,12/27/2025,4.5,California,Fresno - Garland,4.5,4.46535,4.2425999999999995,3.4600500000000003
191,Fresno,12/30/2025,25.3,California,Fresno - Garland,25.3,25.10519,23.85284,19.45317
192,Fresno,01/01/2025,35.6,California,Fresno - Garland,35.6,35.32588,33.56368,27.372840000000004
193,Fresno,01/02/2025,24.9,California,Fresno - Garland,24.9,24.70827,23.47572,19.14561
194,Fresno,01/03/2025,18.0,California,Fresno - Garland,18.0,17.8614,16.970399999999998,13.840200000000001
195,Fresno,01/04/2025,9.0,California,Fresno - Garland,9.0,8.9307,8.485199999999999,6.920100000000001
196,Fresno,01/05/2025,16.3,California,Fresno - Garland,16.3,16.17449,15.36764,12.53307
197,Fresno,01/06/2025,14.0,California,Fresno - Garland,14.0,13.892199999999999,13.1992,10.7646
198,Fresno,01/07/2025,14.9,California,Fresno - Garland,14.9,14.78527,14.04772,11.456610000000001
199,Fresno,01/08/2025,20.2,California,Fresno - Garland,20.2,20.044459999999997,19.044559999999997,15.53178
200,Fresno,01/09/2025,18.1,California,Fresno - Garland,18.1,17.960630000000002,17.06468,13.917090000000002
201,Fresno,01/10/2025,15.3,California,Fresno - Garland,15.3,15.18219,14.42484,11.764170000000002
202,Fresno,01/14/2025,15.9,California,Fresno - Garland,15.9,15.777569999999999,14.99052,12.22551
203,Fresno,01/15/2025,18.8,California,Fresno - Garland,18.8,18.65524,17.72464,14.45532
204,Fresno,01/16/2025,20.2,California,Fresno - Garland,20.2,20.044459999999997,19.044559999999997,15.53178
205,Fresno,01/17/2025,17.9,California,Fresno - Garland,17.9,17.762169999999998,16.876119999999997,13.763309999999999
206,Fresno,01/18/2025,27.5,California,Fresno - Garland,27.5,27.288249999999998,25.927,21.144750000000002
207,Fresno,01/19/2025,29.8,California,Fresno - Garland,29.8,29.57054,28.09544,22.913220000000003
208,Fresno,01/20/2025,28.7,California,Fresno - Garland,28.7,28.47901,27.058359999999997,22.06743
209,Fresno,01/21/2025,26.8,California,Fresno - Garland,26.8,26.59364,25.26704,20.60652
210,Fresno,01/22/2025,25.1,California,Fresno - Garland,25.1,24.90673,23.66428,19.299390000000002
211,Fresno,01/23/2025,28.6,California,Fresno - Garland,28.6,28.37978,26.96408,21.990540000000003
212,Fresno,01/24/2025,22.0,California,Fresno - Garland,22.0,21.8306,20.7416,16.9158
213,Fresno,01/25/2025,19.3,California,Fresno - Garland,19.3,19.15139,18.19604,14.839770000000001
214,Fresno,01/26/2025,4.2,California,Fresno - Garland,4.2,4.16766,3.95976,3.2293800000000004
215,Fresno,01/27/2025,9.7,California,Fresno - Garland,9.7,9.625309999999999,9.145159999999999,7.45833
216,Fresno,01/28/2025,12.3,California,Fresno - Garland,12.3,12.20529,11.596440000000001,9.45747
217,Fresno,01/29/2025,12.4,California,Fresno - Garland,12.4,12.30452,11.69072,9.534360000000001
218,Fresno,01/30/2025,21.5,California,Fresno - Garland,21.5,21.33445,20.2702,16.53135
219,Fresno,01/31/2025,22.3,California,Fresno - Garland,22.3,22.12829,21.02444,17.14647
220,Fresno,02/01/2025,25.5,California,Fresno - Garland,25.5,25.303649999999998,24.0414,19.60695
221,Fresno,02/02/2025,13.1,California,Fresno - Garland,13.1,12.99913,12.350679999999999,10.07259
222,Fresno,02/03/2025,9.1,California,Fresno - Garland,9.1,9.029929999999998,8.57948,6.99699
223,Fresno,02/04/2025,2.3,California,Fresno - Garland,2.3,2.2822899999999997,2.16844,1.76847
224,Fresno,02/05/2025,3.8,California,Fresno - Garland,3.8,3.7707399999999995,3.5826399999999996,2.92182
225,Fresno,02/06/2025,5.9,California,Fresno - Garland,5.9,5.85457,5.56252,4.536510000000001
226,Fresno,02/07/2025,2.8,California,Fresno - Garland,2.8,2.77844,2.63984,2.15292
227,Fresno,02/08/2025,6.5,California,Fresno - Garland,6.5,6.449949999999999,6.1282,4.997850000000001
228,Fresno,02/09/2025,10.0,California,Fresno - Garland,10.0,9.923,9.427999999999999,7.689
229,Fresno,02/10/2025,8.7,California,Fresno - Garland,8.7,8.633009999999999,8.202359999999999,6.68943
230,Fresno,02/11/2025,7.9,California,Fresno - Garland,7.9,7.83917,7.44812,6.0743100000000005
231,Fresno,02/12/2025,5.6,California,Fresno - Garland,5.6,5.55688,5.27968,4.30584
232,Fresno,02/15/2025,11.6,California,Fresno - Garland,11.6,11.510679999999999,10.93648,8.91924
233,Fresno,02/16/2025,9.9,California,Fresno - Garland,9.9,9.82377,9.33372,7.61211
234,Fresno,02/17/2025,4.4,California,Fresno - Garland,4.4,4.3661200000000004,4.14832,3.3831600000000006
235,Fresno,02/18/2025,7.7,California,Fresno - Garland,7.7,7.6407099999999994,7.25956,5.92053
236,Fresno,02/19/2025,11.1,California,Fresno - Garland,11.1,11.014529999999999,10.465079999999999,8.53479
237,Fresno,02/20/2025,8.7,California,Fresno - Garland,8.7,8.633009999999999,8.202359999999999,6.68943
238,Fresno,02/21/2025,10.6,California,Fresno - Garland,10.6,10.518379999999999,9.99368,8.15034
239,Fresno,02/22/2025,13.8,California,Fresno - Garland,13.8,13.69374,13.01064,10.61082
240,Fresno,02/23/2025,14.0,California,Fresno - Garland,14.0,13.892199999999999,13.1992,10.7646
241,Fresno,02/24/2025,9.4,California,Fresno - Garland,9.4,9.32762,8.86232,7.22766
242,Fresno,02/25/2025,8.0,California,Fresno - Garland,8.0,7.9384,7.5424,6.1512
243,Fresno,02/26/2025,15.3,California,Fresno - Garland,15.3,15.18219,14.42484,11.764170000000002
244,Fresno,02/27/2025,13.1,California,Fresno - Garland,13.1,12.99913,12.350679999999999,10.07259
245,Fresno,02/28/2025,9.1,California,Fresno - Garland,9.1,9.029929999999998,8.57948,6.99699
246,Fresno,03/01/2025,8.4,California,Fresno - Garland,8.4,8.33532,7.91952,6.458760000000001
247,Fresno,03/02/2025,2.7,California,Fresno - Garland,2.7,2.67921,2.54556,2.0760300000000003
248,Fresno,03/03/2025,3.6,California,Fresno - Garland,3.6,3.57228,3.3940799999999998,2.76804
249,Fresno,03/04/2025,5.2,California,Fresno - Garland,5.2,5.15996,4.90256,3.9982800000000003
250,Fresno,03/05/2025,3.9,California,Fresno - Garland,3.9,3.86997,3.67692,2.99871
251,Fresno,03/06/2025,2.3,California,Fresno - Garland,2.3,2.2822899999999997,2.16844,1.76847
252,Fresno,03/07/2025,8.6,California,Fresno - Garland,8.6,8.53378,8.10808,6.61254
253,Fresno,03/08/2025,8.6,California,Fresno - Garland,8.6,8.53378,8.10808,6.61254
254,Fresno,03/12/2025,4.1,California,Fresno - Garland,4.1,4.068429999999999,3.8654799999999994,3.15249
255,Fresno,03/13/2025,1.3,California,Fresno - Garland,1.3,1.28999,1.22564,0.9995700000000001
256,Fresno,03/14/2025,3.9,California,Fresno - Garland,3.9,3.86997,3.67692,2.99871
257,Fresno,03/15/2025,8.4,California,Fresno - Garland,8.4,8.33532,7.91952,6.458760000000001
258,Fresno,03/16/2025,7.8,California,Fresno - Garland,7.8,7.73994,7.35384,5.99742
259,Fresno,03/17/2025,3.9,California,Fresno - Garland,3.9,3.86997,3.67692,2.99871
260,Fresno,03/18/2025,2.0,California,Fresno - Garland,2.0,1.9846,1.8856,1.5378
261,Fresno,03/19/2025,5.3,California,Fresno - Garland,5.3,5.259189999999999,4.99684,4.07517
262,Fresno,03/20/2025,2.1,California,Fresno - Garland,2.1,2.08383,1.97988,1.6146900000000002
263,Fresno,03/21/2025,3.7,California,Fresno - Garland,3.7,3.67151,3.48836,2.84493
264,Fresno,03/22/2025,3.6,California,Fresno - Garland,3.6,3.57228,3.3940799999999998,2.76804
265,Fresno,03/23/2025,5.3,California,Fresno - Garland,5.3,5.259189999999999,4.99684,4.07517
266,Fresno,03/24/2025,8.1,California,Fresno - Garland,8.1,8.03763,7.636679999999999,6.22809
267,Fresno,03/25/2025,9.2,California,Fresno - Garland,9.2,9.129159999999999,8.67376,7.07388
268,Fresno,03/26/2025,8.4,California,Fresno - Garland,8.4,8.33532,7.91952,6.458760000000001
269,Fresno,03/27/2025,4.2,California,Fresno - Garland,4.2,4.16766,3.95976,3.2293800000000004
270,Fresno,03/28/2025,4.2,California,Fresno - Garland,4.2,4.16766,3.95976,3.2293800000000004
271,Fresno,03/29/2025,4.2,California,Fresno - Garland,4.2,4.16766,3.95976,3.2293800000000004
272,Fresno,03/30/2025,4.8,California,Fresno - Garland,4.8,4.763039999999999,4.52544,3.69072
273,Fresno,03/31/2025,3.0,California,Fresno - Garland,3.0,2.9768999999999997,2.8284,2.3067
274,Fresno,04/01/2025,3.1,California,Fresno - Garland,3.1,3.07613,2.92268,2.3835900000000003
275,Fresno,04/02/2025,2.0,California,Fresno - Garland,2.0,1.9846,1.8856,1.5378
276,Fresno,04/03/2025,4.5,California,Fresno - Garland,4.5,4.46535,4.2425999999999995,3.4600500000000003
277,Fresno,04/08/2025,2.3,California,Fresno - Garland,2.3,2.2822899999999997,2.16844,1.76847
278,Fresno,04/15/2025,8.9,California,Fresno - Garland,8.9,8.83147,8.39092,6.843210000000001
279,Fresno,04/16/2025,8.8,California,Fresno - Garland,8.8,8.732240000000001,8.29664,6.766320000000001
280,Fresno,04/17/2025,8.0,California,Fresno - Garland,8.0,7.9384,7.5424,6.1512
281,Fresno,04/18/2025,6.5,California,Fresno - Garland,6.5,6.449949999999999,6.1282,4.997850000000001
282,Fresno,04/19/2025,10.7,California,Fresno - Garland,10.7,10.617609999999999,10.087959999999999,8.22723
283,Fresno,04/20/2025,8.9,California,Fresno - Garland,8.9,8.83147,8.39092,6.843210000000001
284,Fresno,04/21/2025,6.2,California,Fresno - Garland,6.2,6.15226,5.84536,4.767180000000001
285,Fresno,04/22/2025,6.2,California,Fresno - Garland,6.2,6.15226,5.84536,4.767180000000001
286,Fresno,04/23/2025,7.3,California,Fresno - Garland,7.3,7.24379,6.88244,5.61297
287,Fresno,04/24/2025,9.7,California,Fresno - Garland,9.7,9.625309999999999,9.145159999999999,7.45833
288,Fresno,04/25/2025,6.6,California,Fresno - Garland,6.6,6.54918,6.222479999999999,5.07474
289,Fresno,04/26/2025,2.8,California,Fresno - Garland,2.8,2.77844,2.63984,2.15292
290,Fresno,04/27/2025,3.0,California,Fresno - Garland,3.0,2.9768999999999997,2.8284,2.3067
291,Fresno,04/28/2025,6.5,California,Fresno - Garland,6.5,6.449949999999999,6.1282,4.997850000000001
292,Fresno,04/29/2025,9.7,California,Fresno - Garland,9.7,9.625309999999999,9.145159999999999,7.45833
293,Fresno,04/30/2025,10.9,California,Fresno - Garland,10.9,10.81607,10.27652,8.38101
294,Fresno,05/01/2025,11.3,California,Fresno - Garland,11.3,11.21299,10.653640000000001,8.68857
295,Fresno,05/02/2025,9.7,California,Fresno - Garland,9.7,9.625309999999999,9.145159999999999,7.45833
296,Fresno,05/03/2025,4.4,California,Fresno - Garland,4.4,4.3661200000000004,4.14832,3.3831600000000006
297,Fresno,05/04/2025,7.9,California,Fresno - Garland,7.9,7.83917,7.44812,6.0743100000000005
298,Fresno,05/05/2025,11.6,California,Fresno - Garland,11.6,11.510679999999999,10.93648,8.91924
299,Fresno,05/06/2025,9.1,California,Fresno - Garland,9.1,9.029929999999998,8.57948,6.99699
300,Fresno,05/07/2025,10.6,California,Fresno - Garland,10.6,10.518379999999999,9.99368,8.15034
301,Fresno,05/08/2025,10.2,California,Fresno - Garland,10.2,10.121459999999999,9.61656,7.842779999999999
302,Fresno,05/09/2025,11.2,California,Fresno - Garland,11.2,11.11376,10.55936,8.61168
303,Fresno,05/10/2025,11.2,California,Fresno - Garland,11.2,11.11376,10.55936,8.61168
304,Fresno,05/11/2025,3.5,California,Fresno - Garland,3.5,3.4730499999999997,3.2998,2.69115
305,Fresno,05/12/2025,3.2,California,Fresno - Garland,3.2,3.17536,3.01696,2.4604800000000004
306,Fresno,05/13/2025,3.4,California,Fresno - Garland,3.4,3.37382,3.20552,2.61426
307,Fresno,05/14/2025,5.6,California,Fresno - Garland,5.6,5.55688,5.27968,4.30584
308,Fresno,05/15/2025,5.2,California,Fresno - Garland,5.2,5.15996,4.90256,3.9982800000000003
309,Fresno,05/16/2025,6.9,California,Fresno - Garland,6.9,6.84687,6.50532,5.30541
310,Fresno,05/17/2025,6.1,California,Fresno - Garland,6.1,6.05303,5.751079999999999,4.69029
311,Fresno,05/18/2025,5.7,California,Fresno - Garland,5.7,5.65611,5.37396,4.3827300000000005
312,Fresno,05/19/2025,7.0,California,Fresno - Garland,7.0,6.9460999999999995,6.5996,5.3823
313,Fresno,05/20/2025,5.0,California,Fresno - Garland,5.0,4.9615,4.7139999999999995,3.8445
314,Fresno,05/21/2025,6.8,California,Fresno - Garland,6.8,6.74764,6.41104,5.22852
315,Fresno,05/22/2025,4.5,California,Fresno - Garland,4.5,4.46535,4.2425999999999995,3.4600500000000003
316,Fresno,05/23/2025,4.2,California,Fresno - Garland,4.2,4.16766,3.95976,3.2293800000000004
317,Fresno,05/24/2025,5.4,California,Fresno - Garland,5.4,5.35842,5.09112,4.1520600000000005
318,Fresno,05/25/2025,5.9,California,Fresno - Garland,5.9,5.85457,5.56252,4.536510000000001
319,Fresno,05/26/2025,3.4,California,Fresno - Garland,3.4,3.37382,3.20552,2.61426
320,Fresno,05/27/2025,5.0,California,Fresno - Garland,5.0,4.9615,4.7139999999999995,3.8445
321,Fresno,05/28/2025,6.6,California,Fresno - Garland,6.6,6.54918,6.222479999999999,5.07474
322,Fresno,05/29/2025,5.6,California,Fresno - Garland,5.6,5.55688,5.27968,4.30584
323,Fresno,05/30/2025,14.1,California,Fresno - Garland,14.1,13.99143,13.293479999999999,10.84149
324,Fresno,05/31/2025,17.0,California,Fresno - Garland,17.0,16.8691,16.0276,13.0713
325,Fresno,06/01/2025,6.8,California,Fresno - Garland,6.8,6.74764,6.41104,5.22852
326,Fresno,06/02/2025,9.7,California,Fresno - Garland,9.7,9.625309999999999,9.145159999999999,7.45833
327,Fresno,06/03/2025,7.5,California,Fresno - Garland,7.5,7.44225,7.071,5.76675
328,Fresno,06/04/2025,8.7,California,Fresno - Garland,8.7,8.633009999999999,8.202359999999999,6.68943
329,Fresno,06/05/2025,8.9,California,Fresno - Garland,8.9,8.83147,8.39092,6.843210000000001
330,Fresno,06/06/2025,8.1,California,Fresno - Garland,8.1,8.03763,7.636679999999999,6.22809
331,Fresno,06/07/2025,7.0,California,Fresno - Garland,7.0,6.9460999999999995,6.5996,5.3823
332,Fresno,06/08/2025,5.6,California,Fresno - Garland,5.6,5.55688,5.27968,4.30584
333,Fresno,06/09/2025,6.5,California,Fresno - Garland,6.5,6.449949999999999,6.1282,4.997850000000001
334,Fresno,06/10/2025,8.5,California,Fresno - Garland,8.5,8.43455,8.0138,6.53565
335,Fresno,06/11/2025,5.3,California,Fresno - Garland,5.3,5.259189999999999,4.99684,4.07517
336,Fresno,06/12/2025,9.0,California,Fresno - Garland,9.0,8.9307,8.485199999999999,6.920100000000001
337,Fresno,06/13/2025,5.0,California,Fresno - Garland,5.0,4.9615,4.7139999999999995,3.8445
338,Fresno,06/14/2025,6.2,California,Fresno - Garland,6.2,6.15226,5.84536,4.767180000000001
339,Fresno,06/15/2025,6.1,California,Fresno - Garland,6.1,6.05303,5.751079999999999,4.69029
340,Fresno,06/16/2025,7.0,California,Fresno - Garland,7.0,6.9460999999999995,6.5996,5.3823
341,Fresno,06/17/2025,7.5,California,Fresno - Garland,7.5,7.44225,7.071,5.76675
342,Fresno,06/18/2025,9.2,California,Fresno - Garland,9.2,9.129159999999999,8.67376,7.07388
343,Fresno,06/19/2025,8.5,California,Fresno - Garland,8.5,8.43455,8.0138,6.53565
344,Fresno,06/20/2025,7.1,California,Fresno - Garland,7.1,7.045329999999999,6.693879999999999,5.4591899999999995
345,Fresno,06/21/2025,5.9,California,Fresno - Garland,5.9,5.85457,5.56252,4.536510000000001
346,Fresno,06/22/2025,3.9,California,Fresno - Garland,3.9,3.86997,3.67692,2.99871
347,Fresno,06/23/2025,5.4,California,Fresno - Garland,5.4,5.35842,5.09112,4.1520600000000005
348,Fresno,06/24/2025,5.0,California,Fresno - Garland,5.0,4.9615,4.7139999999999995,3.8445
349,Fresno,06/25/2025,6.3,California,Fresno - Garland,6.3,6.2514899999999995,5.93964,4.84407
350,Fresno,06/26/2025,6.1,California,Fresno - Garland,6.1,6.05303,5.751079999999999,4.69029
351,Fresno,06/27/2025,8.9,California,Fresno - Garland,8.9,8.83147,8.39092,6.843210000000001
352,Fresno,06/28/2025,11.0,California,Fresno - Garland,11.0,10.9153,10.3708,8.4579
353,Fresno,06/29/2025,8.1,California,Fresno - Garland,8.1,8.03763,7.636679999999999,6.22809
354,Fresno,06/30/2025,6.6,California,Fresno - Garland,6.6,6.54918,6.222479999999999,5.07474
355,Fresno,07/01/2025,7.3,California,Fresno - Garland,7.3,7.24379,6.88244,5.61297
356,Fresno,07/02/2025,8.2,California,Fresno - Garland,8.2,8.136859999999999,7.730959999999999,6.30498
357,Fresno,07/03/2025,9.4,California,Fresno - Garland,9.4,9.32762,8.86232,7.22766
358,Fresno,07/04/2025,9.5,California,Fresno - Garland,9.5,9.42685,8.9566,7.30455
359,Fresno,07/05/2025,7.3,California,Fresno - Garland,7.3,7.24379,6.88244,5.61297
360,Fresno,07/06/2025,5.4,California,Fresno - Garland,5.4,5.35842,5.09112,4.1520600000000005
361,Fresno,07/07/2025,9.1,California,Fresno - Garland,9.1,9.029929999999998,8.57948,6.99699
362,Fresno,07/08/2025,8.6,California,Fresno - Garland,8.6,8.53378,8.10808,6.61254
363,Fresno,07/09/2025,6.0,California,Fresno - Garland,6.0,5.953799999999999,5.6568,4.6134
364,Fresno,07/10/2025,7.5,California,Fresno - Garland,7.5,7.44225,7.071,5.76675
365,Fresno,07/11/2025,14.1,California,Fresno - Garland,14.1,13.99143,13.293479999999999,10.84149
366,Fresno,07/12/2025,15.3,California,Fresno - Garland,15.3,15.18219,14.42484,11.764170000000002
367,Fresno,07/13/2025,10.9,California,Fresno - Garland,10.9,10.81607,10.27652,8.38101
368,Fresno,07/14/2025,10.8,California,Fresno - Garland,10.8,10.71684,10.18224,8.304120000000001
369,Fresno,07/15/2025,9.4,California,Fresno - Garland,9.4,9.32762,8.86232,7.22766
370,Fresno,07/16/2025,7.8,California,Fresno - Garland,7.8,7.73994,7.35384,5.99742
371,Fresno,07/17/2025,6.9,California,Fresno - Garland,6.9,6.84687,6.50532,5.30541
372,Fresno,07/18/2025,6.5,California,Fresno - Garland,6.5,6.449949999999999,6.1282,4.997850000000001
373,Fresno,07/19/2025,6.5,California,Fresno - Garland,6.5,6.449949999999999,6.1282,4.997850000000001
374,Fresno,07/20/2025,5.8,California,Fresno - Garland,5.8,5.7553399999999995,5.46824,4.45962
375,Fresno,07/21/2025,4.0,California,Fresno - Garland,4.0,3.9692,3.7712,3.0756
376,Fresno,07/22/2025,2.6,California,Fresno - Garland,2.6,2.57998,2.45128,1.9991400000000001
377,Fresno,07/23/2025,4.0,California,Fresno - Garland,4.0,3.9692,3.7712,3.0756
378,Fresno,07/24/2025,3.2,California,Fresno - Garland,3.2,3.17536,3.01696,2.4604800000000004
379,Fresno,07/25/2025,4.3,California,Fresno - Garland,4.3,4.26689,4.05404,3.30627
380,Fresno,07/26/2025,3.8,California,Fresno - Garland,3.8,3.7707399999999995,3.5826399999999996,2.92182
381,Fresno,07/27/2025,3.4,California,Fresno - Garland,3.4,3.37382,3.20552,2.61426
382,Fresno,07/28/2025,4.5,California,Fresno - Garland,4.5,4.46535,4.2425999999999995,3.4600500000000003
383,Fresno,07/29/2025,4.5,California,Fresno - Garland,4.5,4.46535,4.2425999999999995,3.4600500000000003
384,Fresno,07/30/2025,5.2,California,Fresno - Garland,5.2,5.15996,4.90256,3.9982800000000003
385,Fresno,07/31/2025,6.7,California,Fresno - Garland,6.7,6.64841,6.31676,5.15163
386,Fresno,08/01/2025,7.4,California,Fresno - Garland,7.4,7.34302,6.97672,5.68986
387,Fresno,08/02/2025,7.0,California,Fresno - Garland,7.0,6.9460999999999995,6.5996,5.3823
388,Fresno,08/03/2025,5.6,California,Fresno - Garland,5.6,5.55688,5.27968,4.30584
389,Fresno,08/04/2025,5.0,California,Fresno - Garland,5.0,4.9615,4.7139999999999995,3.8445
390,Fresno,08/05/2025,4.4,California,Fresno - Garland,4.4,4.3661200000000004,4.14832,3.3831600000000006
391,Fresno,08/06/2025,6.1,California,Fresno - Garland,6.1,6.05303,5.751079999999999,4.69029
392,Fresno,08/07/2025,5.3,California,Fresno - Garland,5.3,5.259189999999999,4.99684,4.07517
393,Fresno,08/08/2025,9.7,California,Fresno - Garland,9.7,9.625309999999999,9.145159999999999,7.45833
394,Fresno,08/09/2025,12.6,California,Fresno - Garland,12.6,12.502979999999999,11.87928,9.68814
395,Fresno,08/10/2025,10.1,California,Fresno - Garland,10.1,10.022229999999999,9.522279999999999,7.76589
396,Fresno,08/11/2025,7.2,California,Fresno - Garland,7.2,7.14456,6.7881599999999995,5.53608
397,Fresno,08/12/2025,7.5,California,Fresno - Garland,7.5,7.44225,7.071,5.76675
398,Fresno,08/13/2025,6.1,California,Fresno - Garland,6.1,6.05303,5.751079999999999,4.69029
399,Fresno,08/14/2025,8.9,California,Fresno - Garland,8.9,8.83147,8.39092,6.843210000000001
400,Fresno,08/15/2025,7.6,California,Fresno - Garland,7.6,7.541479999999999,7.165279999999999,5.84364
401,Fresno,08/16/2025,3.8,California,Fresno - Garland,3.8,3.7707399999999995,3.5826399999999996,2.92182
402,Fresno,08/17/2025,3.5,California,Fresno - Garland,3.5,3.4730499999999997,3.2998,2.69115
403,Fresno,08/18/2025,5.1,California,Fresno - Garland,5.1,5.0607299999999995,4.80828,3.9213899999999997
404,Fresno,08/19/2025,4.4,California,Fresno - Garland,4.4,4.3661200000000004,4.14832,3.3831600000000006
405,Fresno,08/20/2025,7.9,California,Fresno - Garland,7.9,7.83917,7.44812,6.0743100000000005
406,Fresno,08/21/2025,14.9,California,Fresno - Garland,14.9,14.78527,14.04772,11.456610000000001
407,Fresno,08/22/2025,14.5,California,Fresno - Garland,14.5,14.388349999999999,13.6706,11.14905
408,Fresno,08/23/2025,18.2,California,Fresno - Garland,18.2,18.059859999999997,17.15896,13.99398
409,Fresno,08/24/2025,11.5,California,Fresno - Garland,11.5,11.41145,10.8422,8.84235
410,Fresno,08/25/2025,10.4,California,Fresno - Garland,10.4,10.31992,9.80512,7.996560000000001
411,Fresno,08/26/2025,12.0,California,Fresno - Garland,12.0,11.907599999999999,11.3136,9.2268
412,Fresno,08/27/2025,9.8,California,Fresno - Garland,9.8,9.724540000000001,9.23944,7.535220000000001
413,Fresno,08/28/2025,11.0,California,Fresno - Garland,11.0,10.9153,10.3708,8.4579
414,Fresno,08/29/2025,9.5,California,Fresno - Garland,9.5,9.42685,8.9566,7.30455
415,Fresno,08/30/2025,8.5,California,Fresno - Garland,8.5,8.43455,8.0138,6.53565
416,Fresno,08/31/2025,12.2,California,Fresno - Garland,12.2,12.10606,11.502159999999998,9.38058
417,Fresno,09/01/2025,10.9,California,Fresno - Garland,10.9,10.81607,10.27652,8.38101
418,Fresno,09/02/2025,11.7,California,Fresno - Garland,11.7,11.60991,11.030759999999999,8.996129999999999
419,Fresno,09/03/2025,15.9,California,Fresno - Garland,15.9,15.777569999999999,14.99052,12.22551
420,Fresno,09/04/2025,12.2,California,Fresno - Garland,12.2,12.10606,11.502159999999998,9.38058
421,Fresno,09/05/2025,8.8,California,Fresno - Garland,8.8,8.732240000000001,8.29664,6.766320000000001
422,Fresno,09/06/2025,8.6,California,Fresno - Garland,8.6,8.53378,8.10808,6.61254
423,Fresno,09/07/2025,7.9,California,Fresno - Garland,7.9,7.83917,7.44812,6.0743100000000005
424,Fresno,09/08/2025,5.7,California,Fresno - Garland,5.7,5.65611,5.37396,4.3827300000000005
425,Fresno,09/09/2025,3.1,California,Fresno - Garland,3.1,3.07613,2.92268,2.3835900000000003
426,Fresno,09/10/2025,3.4,California,Fresno - Garland,3.4,3.37382,3.20552,2.61426
427,Fresno,09/11/2025,4.7,California,Fresno - Garland,4.7,4.66381,4.43116,3.61383
428,Fresno,09/12/2025,6.7,California,Fresno - Garland,6.7,6.64841,6.31676,5.15163
429,Fresno,09/13/2025,8.8,California,Fresno - Garland,8.8,8.732240000000001,8.29664,6.766320000000001
430,Fresno,09/14/2025,6.2,California,Fresno - Garland,6.2,6.15226,5.84536,4.767180000000001
431,Fresno,09/15/2025,8.1,California,Fresno - Garland,8.1,8.03763,7.636679999999999,6.22809
432,Fresno,09/16/2025,13.2,California,Fresno - Garland,13.2,13.09836,12.444959999999998,10.14948
433,Fresno,09/17/2025,12.7,California,Fresno - Garland,12.7,12.60221,11.973559999999999,9.76503
434,Fresno,09/18/2025,10.4,California,Fresno - Garland,10.4,10.31992,9.80512,7.996560000000001
435,Fresno,09/19/2025,8.8,California,Fresno - Garland,8.8,8.732240000000001,8.29664,6.766320000000001
436,Fresno,09/20/2025,11.1,California,Fresno - Garland,11.1,11.014529999999999,10.465079999999999,8.53479
437,Fresno,09/21/2025,7.4,California,Fresno - Garland,7.4,7.34302,6.97672,5.68986
438,Fresno,09/22/2025,10.8,California,Fresno - Garland,10.8,10.71684,10.18224,8.304120000000001
439,Fresno,09/23/2025,14.1,California,Fresno - Garland,14.1,13.99143,13.293479999999999,10.84149
440,Fresno,09/24/2025,8.5,California,Fresno - Garland,8.5,8.43455,8.0138,6.53565
441,Fresno,09/25/2025,7.9,California,Fresno - Garland,7.9,7.83917,7.44812,6.0743100000000005
442,Fresno,09/26/2025,11.1,California,Fresno - Garland,11.1,11.014529999999999,10.465079999999999,8.53479
443,Fresno,09/27/2025,10.1,California,Fresno - Garland,10.1,10.022229999999999,9.522279999999999,7.76589
444,Fresno,09/28/2025,7.1,California,Fresno - Garland,7.1,7.045329999999999,6.693879999999999,5.4591899999999995
445,Fresno,09/29/2025,7.4,California,Fresno - Garland,7.4,7.34302,6.97672,5.68986
446,Fresno,09/30/2025,7.1,California,Fresno - Garland,7.1,7.045329999999999,6.693879999999999,5.4591899999999995
447,Fresno,10/01/2025,5.0,California,Fresno - Garland,5.0,4.9615,4.7139999999999995,3.8445
448,Fresno,10/02/2025,3.0,California,Fresno - Garland,3.0,2.9768999999999997,2.8284,2.3067
449,Fresno,10/03/2025,4.1,California,Fresno - Garland,4.1,4.068429999999999,3.8654799999999994,3.15249
450,Fresno,10/04/2025,7.7,California,Fresno - Garland,7.7,7.6407099999999994,7.25956,5.92053
451,Fresno,10/05/2025,9.1,California,Fresno - Garland,9.1,9.029929999999998,8.57948,6.99699
452,Fresno,10/06/2025,7.0,California,Fresno - Garland,7.0,6.9460999999999995,6.5996,5.3823
453,Fresno,10/07/2025,11.6,California,Fresno - Garland,11.6,11.510679999999999,10.93648,8.91924
454,Fresno,10/08/2025,11.5,California,Fresno - Garland,11.5,11.41145,10.8422,8.84235
455,Fresno,10/09/2025,9.2,California,Fresno - Garland,9.2,9.129159999999999,8.67376,7.07388
456,Fresno,10/10/2025,8.2,California,Fresno - Garland,8.2,8.136859999999999,7.730959999999999,6.30498
457,Fresno,10/11/2025,3.9,California,Fresno - Garland,3.9,3.86997,3.67692,2.99871
458,Fresno,10/12/2025,6.7,California,Fresno - Garland,6.7,6.64841,6.31676,5.15163
459,Fresno,10/13/2025,7.6,California,Fresno - Garland,7.6,7.541479999999999,7.165279999999999,5.84364
460,Fresno,10/14/2025,2.6,California,Fresno - Garland,2.6,2.57998,2.45128,1.9991400000000001
461,Fresno,10/15/2025,5.6,California,Fresno - Garland,5.6,5.55688,5.27968,4.30584
462,Fresno,10/16/2025,9.1,California,Fresno - Garland,9.1,9.029929999999998,8.57948,6.99699
463,Fresno,10/17/2025,15.6,California,Fresno - Garland,15.6,15.47988,14.70768,11.99484
464,Fresno,10/18/2025,15.8,California,Fresno - Garland,15.8,15.67834,14.89624,12.148620000000001
465,Fresno,10/19/2025,17.8,California,Fresno - Garland,17.8,17.66294,16.78184,13.686420000000002
466,Fresno,10/20/2025,21.2,California,Fresno - Garland,21.2,21.036759999999997,19.98736,16.30068
467,Fresno,10/21/2025,18.9,California,Fresno - Garland,18.9,18.754469999999998,17.81892,14.53221
468,Fresno,10/22/2025,11.4,California,Fresno - Garland,11.4,11.31222,10.74792,8.765460000000001
469,Fresno,10/23/2025,14.6,California,Fresno - Garland,14.6,14.48758,13.76488,11.22594
470,Fresno,10/24/2025,17.7,California,Fresno - Garland,17.7,17.563709999999997,16.687559999999998,13.60953
471,Fresno,10/25/2025,14.7,California,Fresno - Garland,14.7,14.586809999999998,13.85916,11.30283
472,Fresno,10/26/2025,8.5,California,Fresno - Garland,8.5,8.43455,8.0138,6.53565
473,Fresno,10/27/2025,3.4,California,Fresno - Garland,3.4,3.37382,3.20552,2.61426
474,Fresno,10/28/2025,10.1,California,Fresno - Garland,10.1,10.022229999999999,9.522279999999999,7.76589
475,Fresno,10/29/2025,14.7,California,Fresno - Garland,14.7,14.586809999999998,13.85916,11.30283
476,Fresno,10/30/2025,17.5,California,Fresno - Garland,17.5,17.36525,16.499,13.45575
477,Fresno,10/31/2025,20.0,California,Fresno - Garland,20.0,19.846,18.855999999999998,15.378
478,Fresno,11/01/2025,22.4,California,Fresno - Garland,22.4,22.22752,21.11872,17.22336
479,Fresno,11/02/2025,19.9,California,Fresno - Garland,19.9,19.746769999999998,18.761719999999997,15.30111
480,Fresno,11/03/2025,19.1,California,Fresno - Garland,19.1,18.952930000000002,18.00748,14.685990000000002
481,Fresno,11/04/2025,13.8,California,Fresno - Garland,13.8,13.69374,13.01064,10.61082
482,Fresno,11/05/2025,11.8,California,Fresno - Garland,11.8,11.70914,11.12504,9.073020000000001
483,Fresno,11/06/2025,6.3,California,Fresno - Garland,6.3,6.2514899999999995,5.93964,4.84407
484,Fresno,11/07/2025,7.6,California,Fresno - Garland,7.6,7.541479999999999,7.165279999999999,5.84364
485,Fresno,11/08/2025,11.8,California,Fresno - Garland,11.8,11.70914,11.12504,9.073020000000001
486,Fresno,11/09/2025,14.1,California,Fresno - Garland,14.1,13.99143,13.293479999999999,10.84149
487,Fresno,11/10/2025,14.7,California,Fresno - Garland,14.7,14.586809999999998,13.85916,11.30283
488,Fresno,11/11/2025,16.9,California,Fresno - Garland,16.9,16.769869999999997,15.933319999999998,12.99441
489,Fresno,11/12/2025,14.6,California,Fresno - Garland,14.6,14.48758,13.76488,11.22594
490,Fresno,11/13/2025,9.5,California,Fresno - Garland,9.5,9.42685,8.9566,7.30455
491,Fresno,11/14/2025,2.4,California,Fresno - Garland,2.4,2.3815199999999996,2.26272,1.84536
492,Fresno,11/15/2025,5.4,California,Fresno - Garland,5.4,5.35842,5.09112,4.1520600000000005
493,Fresno,11/16/2025,1.0,California,Fresno - Garland,1.0,0.9923,0.9428,0.7689
494,Fresno,11/17/2025,2.3,California,Fresno - Garland,2.3,2.2822899999999997,2.16844,1.76847
495,Fresno,11/18/2025,7.5,California,Fresno - Garland,7.5,7.44225,7.071,5.76675
496,Fresno,11/19/2025,12.2,California,Fresno - Garland,12.2,12.10606,11.502159999999998,9.38058
497,Fresno,11/20/2025,13.2,California,Fresno - Garland,13.2,13.09836,12.444959999999998,10.14948
498,Fresno,11/21/2025,12.7,California,Fresno - Garland,12.7,12.60221,11.973559999999999,9.76503
499,Fresno,11/22/2025,21.1,California,Fresno - Garland,21.1,20.93753,19.89308,16.22379
500,Fresno,11/23/2025,21.5,California,Fresno - Garland,21.5,21.33445,20.2702,16.53135
501,Fresno,11/24/2025,16.3,California,Fresno - Garland,16.3,16.17449,15.36764,12.53307
502,Fresno,11/25/2025,12.1,California,Fresno - Garland,12.1,12.006829999999999,11.407879999999999,9.30369
503,Fresno,11/26/2025,18.9,California,Fresno - Garland,18.9,18.754469999999998,17.81892,14.53221
504,Fresno,11/27/2025,29.5,California,Fresno - Garland,29.5,29.27285,27.8126,22.68255
505,Fresno,11/28/2025,32.0,California,Fresno - Garland,32.0,31.7536,30.1696,24.6048
506,Fresno,11/29/2025,30.5,California,Fresno - Garland,30.5,30.26515,28.755399999999998,23.45145
507,Fresno,11/30/2025,28.3,California,Fresno - Garland,28.3,28.08209,26.68124,21.759870000000003
508,Fresno,12/01/2025,25.8,California,Fresno - Garland,25.8,25.60134,24.32424,19.83762
509,Fresno,12/02/2025,21.8,California,Fresno - Garland,21.8,21.63214,20.55304,16.76202
510,Fresno,12/03/2025,21.0,California,Fresno - Garland,21.0,20.8383,19.7988,16.146900000000002
511,Fresno,12/04/2025,20.3,California,Fresno - Garland,20.3,20.14369,19.138840000000002,15.608670000000002
512,Fresno,12/05/2025,27.2,California,Fresno - Garland,27.2,26.99056,25.64416,20.91408
513,Fresno,12/06/2025,34.5,California,Fresno - Garland,34.5,34.23435,32.5266,26.527050000000003
514,Fresno,12/07/2025,31.0,California,Fresno - Garland,31.0,30.7613,29.2268,23.835900000000002
515,Fresno,12/08/2025,35.5,California,Fresno - Garland,35.5,35.22665,33.4694,27.29595
516,Fresno,12/09/2025,35.1,California,Fresno - Garland,35.1,34.82973,33.09228,26.988390000000003
517,Fresno,12/10/2025,29.6,California,Fresno - Garland,29.6,29.37208,27.90688,22.75944
518,Fresno,12/11/2025,21.9,California,Fresno - Garland,21.9,21.73137,20.647319999999997,16.83891
519,Fresno,12/12/2025,15.1,California,Fresno - Garland,15.1,14.98373,14.236279999999999,11.61039
520,Fresno,12/13/2025,14.6,California,Fresno - Garland,14.6,14.48758,13.76488,11.22594
521,Fresno,12/14/2025,21.5,California,Fresno - Garland,21.5,21.33445,20.2702,16.53135
522,Fresno,12/15/2025,13.5,California,Fresno - Garland,13.5,13.396049999999999,12.7278,10.38015
523,Fresno,12/16/2025,21.2,California,Fresno - Garland,21.2,21.036759999999997,19.98736,16.30068
524,Fresno,12/17/2025,24.6,California,Fresno - Garland,24.6,24.41058,23.192880000000002,18.91494
525,Fresno,12/18/2025,18.7,California,Fresno - Garland,18.7,18.556009999999997,17.63036,14.37843
526,Fresno,12/19/2025,20.5,California,Fresno - Garland,20.5,20.34215,19.3274,15.762450000000001
527,Fresno,12/20/2025,22.4,California,Fresno - Garland,22.4,22.22752,21.11872,17.22336
528,Fresno,12/21/2025,6.3,California,Fresno - Garland,6.3,6.2514899999999995,5.93964,4.84407
529,Fresno,12/22/2025,7.3,California,Fresno - Garland,7.3,7.24379,6.88244,5.61297
530,Fresno,12/23/2025,11.3,California,Fresno - Garland,11.3,11.21299,10.653640000000001,8.68857
531,Fresno,12/24/2025,2.7,California,Fresno - Garland,2.7,2.67921,2.54556,2.0760300000000003
532,Fresno,12/25/2025,2.2,California,Fresno - Garland,2.2,2.1830600000000002,2.07416,1.6915800000000003
533,Fresno,12/26/2025,3.9,California,Fresno - Garland,3.9,3.86997,3.67692,2.99871
534,Fresno,12/27/2025,6.0,California,Fresno - Garland,6.0,5.953799999999999,5.6568,4.6134
535,Fresno,12/28/2025,9.6,California,Fresno - Garland,9.6,9.526079999999999,9.05088,7.38144
536,Fresno,12/29/2025,10.5,California,Fresno - Garland,10.5,10.41915,9.8994,8.073450000000001
537,Fresno,12/30/2025,25.6,California,Fresno - Garland,25.6,25.40288,24.13568,19.683840000000004
538,Fresno,12/31/2025,26.6,California,Fresno - Garland,26.6,26.39518,25.07848,20.452740000000002
539,Fresno,01/01/2025,7.5,California,Table Mountain Air Monitoring Site,7.5,7.44225,7.071,5.76675
540,Fresno,01/02/2025,9.8,California,Table Mountain Air Monitoring Site,9.8,9.724540000000001,9.23944,7.535220000000001
541,Fresno,01/03/2025,6.0,California,Table Mountain Air Monitoring Site,6.0,5.953799999999999,5.6568,4.6134
542,Fresno,01/04/2025,2.4,California,Table Mountain Air Monitoring Site,2.4,2.3815199999999996,2.26272,1.84536
543,Fresno,01/05/2025,4.4,California,Table Mountain Air Monitoring Site,4.4,4.3661200000000004,4.14832,3.3831600000000006
544,Fresno,01/06/2025,6.6,California,Table Mountain Air Monitoring Site,6.6,6.54918,6.222479999999999,5.07474
545,Fresno,01/07/2025,10.4,California,Table Mountain Air Monitoring Site,10.4,10.31992,9.80512,7.996560000000001
546,Fresno,01/08/2025,10.1,California,Table Mountain Air Monitoring Site,10.1,10.022229999999999,9.522279999999999,7.76589
547,Fresno,01/09/2025,6.0,California,Table Mountain Air Monitoring Site,6.0,5.953799999999999,5.6568,4.6134
548,Fresno,01/10/2025,4.3,California,Table Mountain Air Monitoring Site,4.3,4.26689,4.05404,3.30627
549,Fresno,01/11/2025,9.0,California,Table Mountain Air Monitoring Site,9.0,8.9307,8.485199999999999,6.920100000000001
550,Fresno,01/12/2025,9.2,California,Table Mountain Air Monitoring Site,9.2,9.129159999999999,8.67376,7.07388
551,Fresno,01/13/2025,4.3,California,Table Mountain Air Monitoring Site,4.3,4.26689,4.05404,3.30627
552,Fresno,01/14/2025,3.6,California,Table Mountain Air Monitoring Site,3.6,3.57228,3.3940799999999998,2.76804
553,Fresno,01/15/2025,3.2,California,Table Mountain Air Monitoring Site,3.2,3.17536,3.01696,2.4604800000000004
554,Fresno,01/16/2025,4.0,California,Table Mountain Air Monitoring Site,4.0,3.9692,3.7712,3.0756
555,Fresno,01/17/2025,6.5,California,Table Mountain Air Monitoring Site,6.5,6.449949999999999,6.1282,4.997850000000001
556,Fresno,01/18/2025,9.8,California,Table Mountain Air Monitoring Site,9.8,9.724540000000001,9.23944,7.535220000000001
557,Fresno,01/19/2025,10.6,California,Table Mountain Air Monitoring Site,10.6,10.518379999999999,9.99368,8.15034
558,Fresno,01/20/2025,12.7,California,Table Mountain Air Monitoring Site,12.7,12.60221,11.973559999999999,9.76503
559,Fresno,01/21/2025,9.2,California,Table Mountain Air Monitoring Site,9.2,9.129159999999999,8.67376,7.07388
560,Fresno,01/22/2025,10.7,California,Table Mountain Air Monitoring Site,10.7,10.617609999999999,10.087959999999999,8.22723
561,Fresno,01/23/2025,9.1,California,Table Mountain Air Monitoring Site,9.1,9.029929999999998,8.57948,6.99699
562,Fresno,01/24/2025,5.9,California,Table Mountain Air Monitoring Site,5.9,5.85457,5.56252,4.536510000000001
563,Fresno,01/25/2025,7.3,California,Table Mountain Air Monitoring Site,7.3,7.24379,6.88244,5.61297
564,Fresno,01/26/2025,3.7,California,Table Mountain Air Monitoring Site,3.7,3.67151,3.48836,2.84493
565,Fresno,01/27/2025,5.2,California,Table Mountain Air Monitoring Site,5.2,5.15996,4.90256,3.9982800000000003
566,Fresno,01/28/2025,6.1,California,Table Mountain Air Monitoring Site,6.1,6.05303,5.751079999999999,4.69029
567,Fresno,01/29/2025,6.0,California,Table Mountain Air Monitoring Site,6.0,5.953799999999999,5.6568,4.6134
568,Fresno,01/30/2025,7.5,California,Table Mountain Air Monitoring Site,7.5,7.44225,7.071,5.76675
569,Fresno,01/31/2025,12.0,California,Table Mountain Air Monitoring Site,12.0,11.907599999999999,11.3136,9.2268
570,Fresno,02/08/2025,1.8,California,Table Mountain Air Monitoring Site,1.8,1.78614,1.6970399999999999,1.38402
571,Fresno,02/12/2025,4.6,California,Table Mountain Air Monitoring Site,4.6,4.564579999999999,4.33688,3.53694
572,Fresno,02/13/2025,3.0,California,Table Mountain Air Monitoring Site,3.0,2.9768999999999997,2.8284,2.3067
573,Fresno,02/14/2025,1.4,California,Table Mountain Air Monitoring Site,1.4,1.38922,1.31992,1.07646
574,Fresno,02/15/2025,3.2,California,Table Mountain Air Monitoring Site,3.2,3.17536,3.01696,2.4604800000000004
575,Fresno,02/16/2025,4.0,California,Table Mountain Air Monitoring Site,4.0,3.9692,3.7712,3.0756
576,Fresno,02/17/2025,2.6,California,Table Mountain Air Monitoring Site,2.6,2.57998,2.45128,1.9991400000000001
577,Fresno,02/18/2025,4.0,California,Table Mountain Air Monitoring Site,4.0,3.9692,3.7712,3.0756
578,Fresno,02/19/2025,5.8,California,Table Mountain Air Monitoring Site,5.8,5.7553399999999995,5.46824,4.45962
579,Fresno,02/20/2025,6.0,California,Table Mountain Air Monitoring Site,6.0,5.953799999999999,5.6568,4.6134
580,Fresno,02/21/2025,3.4,California,Table Mountain Air Monitoring Site,3.4,3.37382,3.20552,2.61426
581,Fresno,02/22/2025,4.6,California,Table Mountain Air Monitoring Site,4.6,4.564579999999999,4.33688,3.53694
582,Fresno,02/23/2025,4.2,California,Table Mountain Air Monitoring Site,4.2,4.16766,3.95976,3.2293800000000004
583,Fresno,02/24/2025,4.7,California,Table Mountain Air Monitoring Site,4.7,4.66381,4.43116,3.61383
584,Fresno,02/25/2025,7.3,California,Table Mountain Air Monitoring Site,7.3,7.24379,6.88244,5.61297
585,Fresno,02/26/2025,7.7,California,Table Mountain Air Monitoring Site,7.7,7.6407099999999994,7.25956,5.92053
586,Fresno,02/27/2025,5.5,California,Table Mountain Air Monitoring Site,5.5,5.45765,5.1854,4.22895
587,Fresno,02/28/2025,2.7,California,Table Mountain Air Monitoring Site,2.7,2.67921,2.54556,2.0760300000000003
588,Fresno,03/01/2025,3.8,California,Table Mountain Air Monitoring Site,3.8,3.7707399999999995,3.5826399999999996,2.92182
589,Fresno,03/02/2025,1.1,California,Table Mountain Air Monitoring Site,1.1,1.0915300000000001,1.03708,0.8457900000000002
590,Fresno,03/03/2025,2.2,California,Table Mountain Air Monitoring Site,2.2,2.1830600000000002,2.07416,1.6915800000000003
591,Fresno,03/04/2025,3.5,California,Table Mountain Air Monitoring Site,3.5,3.4730499999999997,3.2998,2.69115
592,Fresno,03/05/2025,0.9,California,Table Mountain Air Monitoring Site,0.9,0.89307,0.8485199999999999,0.69201
593,Fresno,03/06/2025,1.7,California,Table Mountain Air Monitoring Site,1.7,1.68691,1.60276,1.30713
594,Fresno,03/07/2025,2.4,California,Table Mountain Air Monitoring Site,2.4,2.3815199999999996,2.26272,1.84536
595,Fresno,03/08/2025,2.5,California,Table Mountain Air Monitoring Site,2.5,2.48075,2.3569999999999998,1.92225
596,Fresno,03/09/2025,2.4,California,Table Mountain Air Monitoring Site,2.4,2.3815199999999996,2.26272,1.84536
597,Fresno,03/10/2025,2.1,California,Table Mountain Air Monitoring Site,2.1,2.08383,1.97988,1.6146900000000002
598,Fresno,03/11/2025,4.7,California,Table Mountain Air Monitoring Site,4.7,4.66381,4.43116,3.61383
599,Fresno,03/12/2025,2.5,California,Table Mountain Air Monitoring Site,2.5,2.48075,2.3569999999999998,1.92225
600,Fresno,03/13/2025,1.1,California,Table Mountain Air Monitoring Site,1.1,1.0915300000000001,1.03708,0.8457900000000002
601,Fresno,03/14/2025,0.8,California,Table Mountain Air Monitoring Site,0.8,0.79384,0.75424,0.6151200000000001
602,Fresno,03/15/2025,2.3,California,Table Mountain Air Monitoring Site,2.3,2.2822899999999997,2.16844,1.76847
603,Fresno,03/16/2025,4.4,California,Table Mountain Air Monitoring Site,4.4,4.3661200000000004,4.14832,3.3831600000000006
604,Fresno,03/17/2025,2.7,California,Table Mountain Air Monitoring Site,2.7,2.67921,2.54556,2.0760300000000003
605,Fresno,03/18/2025,0.7,California,Table Mountain Air Monitoring Site,0.7,0.69461,0.65996,0.53823
606,Fresno,03/19/2025,1.7,California,Table Mountain Air Monitoring Site,1.7,1.68691,1.60276,1.30713
607,Fresno,03/20/2025,2.0,California,Table Mountain Air Monitoring Site,2.0,1.9846,1.8856,1.5378
608,Fresno,03/21/2025,2.2,California,Table Mountain Air Monitoring Site,2.2,2.1830600000000002,2.07416,1.6915800000000003
609,Fresno,03/22/2025,1.5,California,Table Mountain Air Monitoring Site,1.5,1.4884499999999998,1.4142,1.15335
610,Fresno,03/23/2025,3.5,California,Table Mountain Air Monitoring Site,3.5,3.4730499999999997,3.2998,2.69115
611,Fresno,03/24/2025,4.0,California,Table Mountain Air Monitoring Site,4.0,3.9692,3.7712,3.0756
612,Fresno,03/25/2025,2.8,California,Table Mountain Air Monitoring Site,2.8,2.77844,2.63984,2.15292
613,Fresno,03/26/2025,4.7,California,Table Mountain Air Monitoring Site,4.7,4.66381,4.43116,3.61383
614,Fresno,03/27/2025,4.2,California,Table Mountain Air Monitoring Site,4.2,4.16766,3.95976,3.2293800000000004
615,Fresno,03/28/2025,2.9,California,Table Mountain Air Monitoring Site,2.9,2.8776699999999997,2.73412,2.22981
616,Fresno,03/29/2025,2.3,California,Table Mountain Air Monitoring Site,2.3,2.2822899999999997,2.16844,1.76847
617,Fresno,03/30/2025,3.0,California,Table Mountain Air Monitoring Site,3.0,2.9768999999999997,2.8284,2.3067
618,Fresno,03/31/2025,3.0,California,Table Mountain Air Monitoring Site,3.0,2.9768999999999997,2.8284,2.3067
619,Fresno,04/01/2025,2.2,California,Table Mountain Air Monitoring Site,2.2,2.1830600000000002,2.07416,1.6915800000000003
620,Fresno,04/02/2025,0.2,California,Table Mountain Air Monitoring Site,0.2,0.19846,0.18856,0.15378000000000003
621,Fresno,04/03/2025,2.0,California,Table Mountain Air Monitoring Site,2.0,1.9846,1.8856,1.5378
622,Fresno,04/04/2025,1.7,California,Table Mountain Air Monitoring Site,1.7,1.68691,1.60276,1.30713
623,Fresno,04/05/2025,4.0,California,Table Mountain Air Monitoring Site,4.0,3.9692,3.7712,3.0756
624,Fresno,04/06/2025,3.6,California,Table Mountain Air Monitoring Site,3.6,3.57228,3.3940799999999998,2.76804
625,Fresno,04/07/2025,2.0,California,Table Mountain Air Monitoring Site,2.0,1.9846,1.8856,1.5378
626,Fresno,04/08/2025,0.6,California,Table Mountain Air Monitoring Site,0.6,0.5953799999999999,0.56568,0.46134
627,Fresno,04/09/2025,5.7,California,Table Mountain Air Monitoring Site,5.7,5.65611,5.37396,4.3827300000000005
628,Fresno,04/10/2025,7.0,California,Table Mountain Air Monitoring Site,7.0,6.9460999999999995,6.5996,5.3823
629,Fresno,04/11/2025,6.8,California,Table Mountain Air Monitoring Site,6.8,6.74764,6.41104,5.22852
630,Fresno,04/12/2025,4.5,California,Table Mountain Air Monitoring Site,4.5,4.46535,4.2425999999999995,3.4600500000000003
631,Fresno,04/13/2025,6.2,California,Table Mountain Air Monitoring Site,6.2,6.15226,5.84536,4.767180000000001
632,Fresno,04/14/2025,7.2,California,Table Mountain Air Monitoring Site,7.2,7.14456,6.7881599999999995,5.53608
633,Fresno,04/15/2025,9.2,California,Table Mountain Air Monitoring Site,9.2,9.129159999999999,8.67376,7.07388
634,Fresno,04/16/2025,8.0,California,Table Mountain Air Monitoring Site,8.0,7.9384,7.5424,6.1512
635,Fresno,04/17/2025,6.0,California,Table Mountain Air Monitoring Site,6.0,5.953799999999999,5.6568,4.6134
636,Fresno,04/18/2025,6.0,California,Table Mountain Air Monitoring Site,6.0,5.953799999999999,5.6568,4.6134
637,Fresno,04/19/2025,7.5,California,Table Mountain Air Monitoring Site,7.5,7.44225,7.071,5.76675
638,Fresno,04/20/2025,7.7,California,Table Mountain Air Monitoring Site,7.7,7.6407099999999994,7.25956,5.92053
639,Fresno,04/21/2025,5.5,California,Table Mountain Air Monitoring Site,5.5,5.45765,5.1854,4.22895
640,Fresno,04/22/2025,5.1,California,Table Mountain Air Monitoring Site,5.1,5.0607299999999995,4.80828,3.9213899999999997
641,Fresno,04/23/2025,5.7,California,Table Mountain Air Monitoring Site,5.7,5.65611,5.37396,4.3827300000000005
642,Fresno,04/24/2025,6.5,California,Table Mountain Air Monitoring Site,6.5,6.449949999999999,6.1282,4.997850000000001
643,Fresno,04/25/2025,2.7,California,Table Mountain Air Monitoring Site,2.7,2.67921,2.54556,2.0760300000000003
644,Fresno,04/26/2025,0.6,California,Table Mountain Air Monitoring Site,0.6,0.5953799999999999,0.56568,0.46134
645,Fresno,04/27/2025,0.8,California,Table Mountain Air Monitoring Site,0.8,0.79384,0.75424,0.6151200000000001
646,Fresno,04/28/2025,2.2,California,Table Mountain Air Monitoring Site,2.2,2.1830600000000002,2.07416,1.6915800000000003
647,Fresno,04/29/2025,4.0,California,Table Mountain Air Monitoring Site,4.0,3.9692,3.7712,3.0756
648,Fresno,04/30/2025,5.7,California,Table Mountain Air Monitoring Site,5.7,5.65611,5.37396,4.3827300000000005
649,Fresno,05/01/2025,6.4,California,Table Mountain Air Monitoring Site,6.4,6.35072,6.03392,4.920960000000001
650,Fresno,05/02/2025,7.4,California,Table Mountain Air Monitoring Site,7.4,7.34302,6.97672,5.68986
651,Fresno,05/03/2025,2.9,California,Table Mountain Air Monitoring Site,2.9,2.8776699999999997,2.73412,2.22981
652,Fresno,05/04/2025,6.3,California,Table Mountain Air Monitoring Site,6.3,6.2514899999999995,5.93964,4.84407
653,Fresno,05/05/2025,8.6,California,Table Mountain Air Monitoring Site,8.6,8.53378,8.10808,6.61254
654,Fresno,05/06/2025,6.8,California,Table Mountain Air Monitoring Site,6.8,6.74764,6.41104,5.22852
655,Fresno,05/07/2025,8.7,California,Table Mountain Air Monitoring Site,8.7,8.633009999999999,8.202359999999999,6.68943
656,Fresno,05/08/2025,7.7,California,Table Mountain Air Monitoring Site,7.7,7.6407099999999994,7.25956,5.92053
657,Fresno,05/09/2025,8.0,California,Table Mountain Air Monitoring Site,8.0,7.9384,7.5424,6.1512
658,Fresno,05/10/2025,6.4,California,Table Mountain Air Monitoring Site,6.4,6.35072,6.03392,4.920960000000001
659,Fresno,05/11/2025,3.1,California,Table Mountain Air Monitoring Site,3.1,3.07613,2.92268,2.3835900000000003
660,Fresno,05/12/2025,2.3,California,Table Mountain Air Monitoring Site,2.3,2.2822899999999997,2.16844,1.76847
661,Fresno,05/13/2025,1.7,California,Table Mountain Air Monitoring Site,1.7,1.68691,1.60276,1.30713
662,Fresno,05/14/2025,3.1,California,Table Mountain Air Monitoring Site,3.1,3.07613,2.92268,2.3835900000000003
663,Fresno,05/15/2025,3.4,California,Table Mountain Air Monitoring Site,3.4,3.37382,3.20552,2.61426
664,Fresno,05/16/2025,5.3,California,Table Mountain Air Monitoring Site,5.3,5.259189999999999,4.99684,4.07517
665,Fresno,05/17/2025,4.5,California,Table Mountain Air Monitoring Site,4.5,4.46535,4.2425999999999995,3.4600500000000003
666,Fresno,05/18/2025,3.1,California,Table Mountain Air Monitoring Site,3.1,3.07613,2.92268,2.3835900000000003
667,Fresno,05/19/2025,5.5,California,Table Mountain Air Monitoring Site,5.5,5.45765,5.1854,4.22895
668,Fresno,05/20/2025,4.8,California,Table Mountain Air Monitoring Site,4.8,4.763039999999999,4.52544,3.69072
669,Fresno,05/21/2025,4.5,California,Table Mountain Air Monitoring Site,4.5,4.46535,4.2425999999999995,3.4600500000000003
670,Fresno,05/22/2025,5.3,California,Table Mountain Air Monitoring Site,5.3,5.259189999999999,4.99684,4.07517
671,Fresno,05/23/2025,2.8,California,Table Mountain Air Monitoring Site,2.8,2.77844,2.63984,2.15292
672,Fresno,05/24/2025,3.7,California,Table Mountain Air Monitoring Site,3.7,3.67151,3.48836,2.84493
673,Fresno,05/25/2025,4.5,California,Table Mountain Air Monitoring Site,4.5,4.46535,4.2425999999999995,3.4600500000000003
674,Fresno,05/26/2025,3.4,California,Table Mountain Air Monitoring Site,3.4,3.37382,3.20552,2.61426
675,Fresno,05/27/2025,5.0,California,Table Mountain Air Monitoring Site,5.0,4.9615,4.7139999999999995,3.8445
676,Fresno,05/28/2025,7.6,California,Table Mountain Air Monitoring Site,7.6,7.541479999999999,7.165279999999999,5.84364
677,Fresno,05/29/2025,7.3,California,Table Mountain Air Monitoring Site,7.3,7.24379,6.88244,5.61297
678,Fresno,05/30/2025,9.0,California,Table Mountain Air Monitoring Site,9.0,8.9307,8.485199999999999,6.920100000000001
679,Fresno,05/31/2025,11.4,California,Table Mountain Air Monitoring Site,11.4,11.31222,10.74792,8.765460000000001
680,Fresno,06/01/2025,7.0,California,Table Mountain Air Monitoring Site,7.0,6.9460999999999995,6.5996,5.3823
681,Fresno,06/02/2025,7.5,California,Table Mountain Air Monitoring Site,7.5,7.44225,7.071,5.76675
682,Fresno,06/03/2025,7.7,California,Table Mountain Air Monitoring Site,7.7,7.6407099999999994,7.25956,5.92053
683,Fresno,06/04/2025,9.0,California,Table Mountain Air Monitoring Site,9.0,8.9307,8.485199999999999,6.920100000000001
684,Fresno,06/05/2025,9.3,California,Table Mountain Air Monitoring Site,9.3,9.228390000000001,8.768040000000001,7.1507700000000005
685,Fresno,06/06/2025,7.7,California,Table Mountain Air Monitoring Site,7.7,7.6407099999999994,7.25956,5.92053
686,Fresno,06/07/2025,8.3,California,Table Mountain Air Monitoring Site,8.3,8.23609,7.825240000000001,6.381870000000001
687,Fresno,06/08/2025,6.5,California,Table Mountain Air Monitoring Site,6.5,6.449949999999999,6.1282,4.997850000000001
688,Fresno,06/09/2025,7.0,California,Table Mountain Air Monitoring Site,7.0,6.9460999999999995,6.5996,5.3823
689,Fresno,06/10/2025,7.6,California,Table Mountain Air Monitoring Site,7.6,7.541479999999999,7.165279999999999,5.84364
690,Fresno,06/11/2025,6.0,California,Table Mountain Air Monitoring Site,6.0,5.953799999999999,5.6568,4.6134
691,Fresno,06/12/2025,6.5,California,Table Mountain Air Monitoring Site,6.5,6.449949999999999,6.1282,4.997850000000001
692,Fresno,06/13/2025,4.6,California,Table Mountain Air Monitoring Site,4.6,4.564579999999999,4.33688,3.53694
693,Fresno,06/14/2025,1.9,California,Table Mountain Air Monitoring Site,1.9,1.8853699999999998,1.7913199999999998,1.46091
694,Fresno,06/15/2025,4.0,California,Table Mountain Air Monitoring Site,4.0,3.9692,3.7712,3.0756
695,Fresno,06/16/2025,3.9,California,Table Mountain Air Monitoring Site,3.9,3.86997,3.67692,2.99871
696,Fresno,06/17/2025,5.0,California,Table Mountain Air Monitoring Site,5.0,4.9615,4.7139999999999995,3.8445
697,Fresno,06/18/2025,6.9,California,Table Mountain Air Monitoring Site,6.9,6.84687,6.50532,5.30541
698,Fresno,06/19/2025,7.3,California,Table Mountain Air Monitoring Site,7.3,7.24379,6.88244,5.61297
699,Fresno,06/20/2025,6.1,California,Table Mountain Air Monitoring Site,6.1,6.05303,5.751079999999999,4.69029
700,Fresno,06/21/2025,3.2,California,Table Mountain Air Monitoring Site,3.2,3.17536,3.01696,2.4604800000000004
701,Fresno,06/22/2025,2.4,California,Table Mountain Air Monitoring Site,2.4,2.3815199999999996,2.26272,1.84536
702,Fresno,06/23/2025,2.9,California,Table Mountain Air Monitoring Site,2.9,2.8776699999999997,2.73412,2.22981
703,Fresno,06/24/2025,4.3,California,Table Mountain Air Monitoring Site,4.3,4.26689,4.05404,3.30627
704,Fresno,06/25/2025,4.8,California,Table Mountain Air Monitoring Site,4.8,4.763039999999999,4.52544,3.69072
705,Fresno,06/26/2025,6.0,California,Table Mountain Air Monitoring Site,6.0,5.953799999999999,5.6568,4.6134
706,Fresno,06/27/2025,7.5,California,Table Mountain Air Monitoring Site,7.5,7.44225,7.071,5.76675
707,Fresno,06/28/2025,7.3,California,Table Mountain Air Monitoring Site,7.3,7.24379,6.88244,5.61297
708,Fresno,06/29/2025,7.0,California,Table Mountain Air Monitoring Site,7.0,6.9460999999999995,6.5996,5.3823
709,Fresno,06/30/2025,4.8,California,Table Mountain Air Monitoring Site,4.8,4.763039999999999,4.52544,3.69072
710,Fresno,07/01/2025,8.0,California,Table Mountain Air Monitoring Site,8.0,7.9384,7.5424,6.1512
711,Fresno,07/02/2025,8.1,California,Table Mountain Air Monitoring Site,8.1,8.03763,7.636679999999999,6.22809
712,Fresno,07/03/2025,8.0,California,Table Mountain Air Monitoring Site,8.0,7.9384,7.5424,6.1512
713,Fresno,07/04/2025,4.0,California,Table Mountain Air Monitoring Site,4.0,3.9692,3.7712,3.0756
714,Fresno,07/05/2025,5.1,California,Table Mountain Air Monitoring Site,5.1,5.0607299999999995,4.80828,3.9213899999999997
715,Fresno,07/06/2025,5.5,California,Table Mountain Air Monitoring Site,5.5,5.45765,5.1854,4.22895
716,Fresno,07/07/2025,7.9,California,Table Mountain Air Monitoring Site,7.9,7.83917,7.44812,6.0743100000000005
717,Fresno,07/08/2025,7.7,California,Table Mountain Air Monitoring Site,7.7,7.6407099999999994,7.25956,5.92053
718,Fresno,07/09/2025,6.9,California,Table Mountain Air Monitoring Site,6.9,6.84687,6.50532,5.30541
719,Fresno,07/10/2025,6.2,California,Table Mountain Air Monitoring Site,6.2,6.15226,5.84536,4.767180000000001
720,Fresno,07/11/2025,7.9,California,Table Mountain Air Monitoring Site,7.9,7.83917,7.44812,6.0743100000000005
721,Fresno,07/12/2025,11.2,California,Table Mountain Air Monitoring Site,11.2,11.11376,10.55936,8.61168
722,Fresno,07/13/2025,14.1,California,Table Mountain Air Monitoring Site,14.1,13.99143,13.293479999999999,10.84149
723,Fresno,07/14/2025,11.7,California,Table Mountain Air Monitoring Site,11.7,11.60991,11.030759999999999,8.996129999999999
724,Fresno,07/15/2025,11.1,California,Table Mountain Air Monitoring Site,11.1,11.014529999999999,10.465079999999999,8.53479
725,Fresno,07/16/2025,9.0,California,Table Mountain Air Monitoring Site,9.0,8.9307,8.485199999999999,6.920100000000001
726,Fresno,07/17/2025,7.2,California,Table Mountain Air Monitoring Site,7.2,7.14456,6.7881599999999995,5.53608
727,Fresno,07/18/2025,10.0,California,Table Mountain Air Monitoring Site,10.0,9.923,9.427999999999999,7.689
728,Fresno,07/19/2025,7.4,California,Table Mountain Air Monitoring Site,7.4,7.34302,6.97672,5.68986
729,Fresno,07/20/2025,5.2,California,Table Mountain Air Monitoring Site,5.2,5.15996,4.90256,3.9982800000000003
730,Fresno,07/21/2025,4.5,California,Table Mountain Air Monitoring Site,4.5,4.46535,4.2425999999999995,3.4600500000000003
731,Fresno,07/22/2025,3.4,California,Table Mountain Air Monitoring Site,3.4,3.37382,3.20552,2.61426
732,Fresno,07/23/2025,7.8,California,Table Mountain Air Monitoring Site,7.8,7.73994,7.35384,5.99742
733,Fresno,07/24/2025,4.5,California,Table Mountain Air Monitoring Site,4.5,4.46535,4.2425999999999995,3.4600500000000003
734,Fresno,07/25/2025,4.2,California,Table Mountain Air Monitoring Site,4.2,4.16766,3.95976,3.2293800000000004
735,Fresno,07/26/2025,4.3,California,Table Mountain Air Monitoring Site,4.3,4.26689,4.05404,3.30627
736,Fresno,07/27/2025,3.6,California,Table Mountain Air Monitoring Site,3.6,3.57228,3.3940799999999998,2.76804
737,Fresno,07/28/2025,4.6,California,Table Mountain Air Monitoring Site,4.6,4.564579999999999,4.33688,3.53694
738,Fresno,07/29/2025,6.6,California,Table Mountain Air Monitoring Site,6.6,6.54918,6.222479999999999,5.07474
739,Fresno,07/30/2025,5.2,California,Table Mountain Air Monitoring Site,5.2,5.15996,4.90256,3.9982800000000003
740,Fresno,07/31/2025,6.0,California,Table Mountain Air Monitoring Site,6.0,5.953799999999999,5.6568,4.6134
741,Fresno,08/01/2025,6.0,California,Table Mountain Air Monitoring Site,6.0,5.953799999999999,5.6568,4.6134
742,Fresno,08/02/2025,6.2,California,Table Mountain Air Monitoring Site,6.2,6.15226,5.84536,4.767180000000001
743,Fresno,08/03/2025,5.3,California,Table Mountain Air Monitoring Site,5.3,5.259189999999999,4.99684,4.07517
744,Fresno,08/20/2025,6.4,California,Table Mountain Air Monitoring Site,6.4,6.35072,6.03392,4.920960000000001
745,Fresno,08/21/2025,9.5,California,Table Mountain Air Monitoring Site,9.5,9.42685,8.9566,7.30455
746,Fresno,08/22/2025,9.0,California,Table Mountain Air Monitoring Site,9.0,8.9307,8.485199999999999,6.920100000000001
747,Fresno,08/23/2025,14.3,California,Table Mountain Air Monitoring Site,14.3,14.18989,13.48204,10.995270000000001
748,Fresno,08/24/2025,12.2,California,Table Mountain Air Monitoring Site,12.2,12.10606,11.502159999999998,9.38058
749,Fresno,08/25/2025,16.9,California,Table Mountain Air Monitoring Site,16.9,16.769869999999997,15.933319999999998,12.99441
750,Fresno,08/26/2025,19.0,California,Table Mountain Air Monitoring Site,19.0,18.8537,17.9132,14.6091
751,Fresno,08/27/2025,10.5,California,Table Mountain Air Monitoring Site,10.5,10.41915,9.8994,8.073450000000001
752,Fresno,08/28/2025,13.7,California,Table Mountain Air Monitoring Site,13.7,13.594509999999998,12.91636,10.53393
753,Fresno,08/29/2025,9.8,California,Table Mountain Air Monitoring Site,9.8,9.724540000000001,9.23944,7.535220000000001
754,Fresno,08/30/2025,8.8,California,Table Mountain Air Monitoring Site,8.8,8.732240000000001,8.29664,6.766320000000001
755,Fresno,08/31/2025,14.2,California,Table Mountain Air Monitoring Site,14.2,14.090659999999998,13.387759999999998,10.918379999999999
756,Fresno,09/01/2025,18.3,California,Table Mountain Air Monitoring Site,18.3,18.15909,17.25324,14.070870000000001
757,Fresno,09/02/2025,29.3,California,Table Mountain Air Monitoring Site,29.3,29.07439,27.62404,22.52877
758,Fresno,09/03/2025,20.2,California,Table Mountain Air Monitoring Site,20.2,20.044459999999997,19.044559999999997,15.53178
759,Fresno,09/04/2025,14.1,California,Table Mountain Air Monitoring Site,14.1,13.99143,13.293479999999999,10.84149
760,Fresno,09/05/2025,8.8,California,Table Mountain Air Monitoring Site,8.8,8.732240000000001,8.29664,6.766320000000001
761,Fresno,09/06/2025,10.4,California,Table Mountain Air Monitoring Site,10.4,10.31992,9.80512,7.996560000000001
762,Fresno,09/07/2025,6.8,California,Table Mountain Air Monitoring Site,6.8,6.74764,6.41104,5.22852
763,Fresno,09/08/2025,10.0,California,Table Mountain Air Monitoring Site,10.0,9.923,9.427999999999999,7.689
764,Fresno,09/09/2025,3.0,California,Table Mountain Air Monitoring Site,3.0,2.9768999999999997,2.8284,2.3067
765,Fresno,09/10/2025,3.6,California,Table Mountain Air Monitoring Site,3.6,3.57228,3.3940799999999998,2.76804
766,Fresno,09/11/2025,4.7,California,Table Mountain Air Monitoring Site,4.7,4.66381,4.43116,3.61383
767,Fresno,09/12/2025,6.0,California,Table Mountain Air Monitoring Site,6.0,5.953799999999999,5.6568,4.6134
768,Fresno,09/13/2025,8.8,California,Table Mountain Air Monitoring Site,8.8,8.732240000000001,8.29664,6.766320000000001
769,Fresno,09/14/2025,7.2,California,Table Mountain Air Monitoring Site,7.2,7.14456,6.7881599999999995,5.53608
770,Fresno,09/15/2025,11.3,California,Table Mountain Air Monitoring Site,11.3,11.21299,10.653640000000001,8.68857
771,Fresno,09/16/2025,22.1,California,Table Mountain Air Monitoring Site,22.1,21.92983,20.83588,16.992690000000003
772,Fresno,09/17/2025,17.0,California,Table Mountain Air Monitoring Site,17.0,16.8691,16.0276,13.0713
773,Fresno,09/18/2025,9.2,California,Table Mountain Air Monitoring Site,9.2,9.129159999999999,8.67376,7.07388
774,Fresno,09/19/2025,7.6,California,Table Mountain Air Monitoring Site,7.6,7.541479999999999,7.165279999999999,5.84364
775,Fresno,09/20/2025,7.2,California,Table Mountain Air Monitoring Site,7.2,7.14456,6.7881599999999995,5.53608
776,Fresno,09/21/2025,7.6,California,Table Mountain Air Monitoring Site,7.6,7.541479999999999,7.165279999999999,5.84364
777,Fresno,09/22/2025,8.6,California,Table Mountain Air Monitoring Site,8.6,8.53378,8.10808,6.61254
778,Fresno,09/23/2025,9.2,California,Table Mountain Air Monitoring Site,9.2,9.129159999999999,8.67376,7.07388
779,Fresno,09/24/2025,7.8,California,Table Mountain Air Monitoring Site,7.8,7.73994,7.35384,5.99742
780,Fresno,09/25/2025,6.2,California,Table Mountain Air Monitoring Site,6.2,6.15226,5.84536,4.767180000000001
781,Fresno,09/26/2025,6.2,California,Table Mountain Air Monitoring Site,6.2,6.15226,5.84536,4.767180000000001
782,Fresno,09/27/2025,8.0,California,Table Mountain Air Monitoring Site,8.0,7.9384,7.5424,6.1512
783,Fresno,09/28/2025,8.5,California,Table Mountain Air Monitoring Site,8.5,8.43455,8.0138,6.53565
784,Fresno,09/29/2025,7.7,California,Table Mountain Air Monitoring Site,7.7,7.6407099999999994,7.25956,5.92053
785,Fresno,09/30/2025,5.2,California,Table Mountain Air Monitoring Site,5.2,5.15996,4.90256,3.9982800000000003
786,Fresno,10/01/2025,4.7,California,Table Mountain Air Monitoring Site,4.7,4.66381,4.43116,3.61383
787,Fresno,10/02/2025,2.8,California,Table Mountain Air Monitoring Site,2.8,2.77844,2.63984,2.15292
788,Fresno,10/03/2025,1.4,California,Table Mountain Air Monitoring Site,1.4,1.38922,1.31992,1.07646
789,Fresno,10/04/2025,2.2,California,Table Mountain Air Monitoring Site,2.2,2.1830600000000002,2.07416,1.6915800000000003
790,Fresno,10/05/2025,2.1,California,Table Mountain Air Monitoring Site,2.1,2.08383,1.97988,1.6146900000000002
791,Fresno,10/06/2025,3.0,California,Table Mountain Air Monitoring Site,3.0,2.9768999999999997,2.8284,2.3067
792,Fresno,10/07/2025,6.3,California,Table Mountain Air Monitoring Site,6.3,6.2514899999999995,5.93964,4.84407
793,Fresno,10/08/2025,5.8,California,Table Mountain Air Monitoring Site,5.8,5.7553399999999995,5.46824,4.45962
794,Fresno,10/09/2025,5.3,California,Table Mountain Air Monitoring Site,5.3,5.259189999999999,4.99684,4.07517
795,Fresno,10/10/2025,3.8,California,Table Mountain Air Monitoring Site,3.8,3.7707399999999995,3.5826399999999996,2.92182
796,Fresno,10/11/2025,2.0,California,Table Mountain Air Monitoring Site,2.0,1.9846,1.8856,1.5378
797,Fresno,10/12/2025,1.2,California,Table Mountain Air Monitoring Site,1.2,1.1907599999999998,1.13136,0.92268
798,Fresno,10/13/2025,2.6,California,Table Mountain Air Monitoring Site,2.6,2.57998,2.45128,1.9991400000000001
799,Fresno,10/14/2025,0.0,California,Table Mountain Air Monitoring Site,0.0,0.0,0.0,0.0
800,Fresno,10/15/2025,0.7,California,Table Mountain Air Monitoring Site,0.7,0.69461,0.65996,0.53823
801,Fresno,10/16/2025,2.9,California,Table Mountain Air Monitoring Site,2.9,2.8776699999999997,2.73412,2.22981
802,Fresno,10/17/2025,4.1,California,Table Mountain Air Monitoring Site,4.1,4.068429999999999,3.8654799999999994,3.15249
803,Fresno,10/18/2025,4.5,California,Table Mountain Air Monitoring Site,4.5,4.46535,4.2425999999999995,3.4600500000000003
804,Fresno,10/19/2025,4.3,California,Table Mountain Air Monitoring Site,4.3,4.26689,4.05404,3.30627
805,Fresno,10/20/2025,7.5,California,Table Mountain Air Monitoring Site,7.5,7.44225,7.071,5.76675
806,Fresno,10/21/2025,5.9,California,Table Mountain Air Monitoring Site,5.9,5.85457,5.56252,4.536510000000001
807,Fresno,10/22/2025,6.7,California,Table Mountain Air Monitoring Site,6.7,6.64841,6.31676,5.15163
808,Fresno,10/23/2025,7.1,California,Table Mountain Air Monitoring Site,7.1,7.045329999999999,6.693879999999999,5.4591899999999995
809,Fresno,10/24/2025,7.5,California,Table Mountain Air Monitoring Site,7.5,7.44225,7.071,5.76675
810,Fresno,10/25/2025,7.4,California,Table Mountain Air Monitoring Site,7.4,7.34302,6.97672,5.68986
811,Fresno,10/26/2025,7.7,California,Table Mountain Air Monitoring Site,7.7,7.6407099999999994,7.25956,5.92053
812,Fresno,10/27/2025,1.4,California,Table Mountain Air Monitoring Site,1.4,1.38922,1.31992,1.07646
813,Fresno,10/28/2025,3.5,California,Table Mountain Air Monitoring Site,3.5,3.4730499999999997,3.2998,2.69115
814,Fresno,10/29/2025,4.6,California,Table Mountain Air Monitoring Site,4.6,4.564579999999999,4.33688,3.53694
815,Fresno,10/30/2025,5.2,California,Table Mountain Air Monitoring Site,5.2,5.15996,4.90256,3.9982800000000003
816,Fresno,10/31/2025,8.1,California,Table Mountain Air Monitoring Site,8.1,8.03763,7.636679999999999,6.22809
817,Fresno,11/01/2025,10.3,California,Table Mountain Air Monitoring Site,10.3,10.220690000000001,9.710840000000001,7.919670000000001
818,Fresno,11/02/2025,11.3,California,Table Mountain Air Monitoring Site,11.3,11.21299,10.653640000000001,8.68857
819,Fresno,11/03/2025,9.5,California,Table Mountain Air Monitoring Site,9.5,9.42685,8.9566,7.30455
820,Fresno,11/04/2025,10.4,California,Table Mountain Air Monitoring Site,10.4,10.31992,9.80512,7.996560000000001
821,Fresno,11/05/2025,4.3,California,Table Mountain Air Monitoring Site,4.3,4.26689,4.05404,3.30627
822,Fresno,11/06/2025,0.6,California,Table Mountain Air Monitoring Site,0.6,0.5953799999999999,0.56568,0.46134
823,Fresno,11/07/2025,2.0,California,Table Mountain Air Monitoring Site,2.0,1.9846,1.8856,1.5378
824,Fresno,11/08/2025,3.4,California,Table Mountain Air Monitoring Site,3.4,3.37382,3.20552,2.61426
825,Fresno,11/09/2025,2.7,California,Table Mountain Air Monitoring Site,2.7,2.67921,2.54556,2.0760300000000003
826,Fresno,11/10/2025,3.1,California,Table Mountain Air Monitoring Site,3.1,3.07613,2.92268,2.3835900000000003
827,Fresno,11/11/2025,3.6,California,Table Mountain Air Monitoring Site,3.6,3.57228,3.3940799999999998,2.76804
828,Fresno,11/12/2025,5.7,California,Table Mountain Air Monitoring Site,5.7,5.65611,5.37396,4.3827300000000005
829,Fresno,11/13/2025,5.8,California,Table Mountain Air Monitoring Site,5.8,5.7553399999999995,5.46824,4.45962
830,Fresno,11/14/2025,-0.3,California,Table Mountain Air Monitoring Site,-0.3,-0.29768999999999995,-0.28284,-0.23067
831,Fresno,11/15/2025,0.5,California,Table Mountain Air Monitoring Site,0.5,0.49615,0.4714,0.38445
832,Fresno,11/16/2025,-0.8,California,Table Mountain Air Monitoring Site,-0.8,-0.79384,-0.75424,-0.6151200000000001
833,Fresno,11/17/2025,-0.1,California,Table Mountain Air Monitoring Site,-0.1,-0.09923,-0.09428,-0.07689000000000001
834,Fresno,11/18/2025,0.9,California,Table Mountain Air Monitoring Site,0.9,0.89307,0.8485199999999999,0.69201
835,Fresno,11/19/2025,2.2,California,Table Mountain Air Monitoring Site,2.2,2.1830600000000002,2.07416,1.6915800000000003
836,Fresno,11/20/2025,5.0,California,Table Mountain Air Monitoring Site,5.0,4.9615,4.7139999999999995,3.8445
837,Fresno,11/21/2025,4.0,California,Table Mountain Air Monitoring Site,4.0,3.9692,3.7712,3.0756
838,Fresno,11/22/2025,3.4,California,Table Mountain Air Monitoring Site,3.4,3.37382,3.20552,2.61426
839,Fresno,11/23/2025,5.8,California,Table Mountain Air Monitoring Site,5.8,5.7553399999999995,5.46824,4.45962
840,Fresno,11/24/2025,5.9,California,Table Mountain Air Monitoring Site,5.9,5.85457,5.56252,4.536510000000001
841,Fresno,11/25/2025,6.4,California,Table Mountain Air Monitoring Site,6.4,6.35072,6.03392,4.920960000000001
842,Fresno,11/26/2025,7.0,California,Table Mountain Air Monitoring Site,7.0,6.9460999999999995,6.5996,5.3823
843,Fresno,11/27/2025,8.9,California,Table Mountain Air Monitoring Site,8.9,8.83147,8.39092,6.843210000000001
844,Fresno,11/28/2025,10.7,California,Table Mountain Air Monitoring Site,10.7,10.617609999999999,10.087959999999999,8.22723
845,Fresno,11/29/2025,15.5,California,Table Mountain Air Monitoring Site,15.5,15.38065,14.6134,11.917950000000001
846,Fresno,11/30/2025,10.7,California,Table Mountain Air Monitoring Site,10.7,10.617609999999999,10.087959999999999,8.22723
847,Fresno,12/01/2025,12.0,California,Table Mountain Air Monitoring Site,12.0,11.907599999999999,11.3136,9.2268
848,Fresno,12/02/2025,9.4,California,Table Mountain Air Monitoring Site,9.4,9.32762,8.86232,7.22766
849,Fresno,12/03/2025,4.5,California,Table Mountain Air Monitoring Site,4.5,4.46535,4.2425999999999995,3.4600500000000003
850,Fresno,12/04/2025,5.5,California,Table Mountain Air Monitoring Site,5.5,5.45765,5.1854,4.22895
851,Fresno,12/05/2025,9.9,California,Table Mountain Air Monitoring Site,9.9,9.82377,9.33372,7.61211
852,Fresno,12/06/2025,12.0,California,Table Mountain Air Monitoring Site,12.0,11.907599999999999,11.3136,9.2268
853,Fresno,12/07/2025,9.8,California,Table Mountain Air Monitoring Site,9.8,9.724540000000001,9.23944,7.535220000000001
854,Fresno,12/08/2025,10.5,California,Table Mountain Air Monitoring Site,10.5,10.41915,9.8994,8.073450000000001
855,Fresno,12/09/2025,7.0,California,Table Mountain Air Monitoring Site,7.0,6.9460999999999995,6.5996,5.3823
856,Fresno,12/10/2025,1.3,California,Table Mountain Air Monitoring Site,1.3,1.28999,1.22564,0.9995700000000001
857,Fresno,12/11/2025,1.2,California,Table Mountain Air Monitoring Site,1.2,1.1907599999999998,1.13136,0.92268
858,Fresno,12/12/2025,0.5,California,Table Mountain Air Monitoring Site,0.5,0.49615,0.4714,0.38445
859,Fresno,12/13/2025,1.2,California,Table Mountain Air Monitoring Site,1.2,1.1907599999999998,1.13136,0.92268
860,Fresno,12/14/2025,1.7,California,Table Mountain Air Monitoring Site,1.7,1.68691,1.60276,1.30713
861,Fresno,12/15/2025,2.1,California,Table Mountain Air Monitoring Site,2.1,2.08383,1.97988,1.6146900000000002
862,Fresno,12/16/2025,1.7,California,Table Mountain Air Monitoring Site,1.7,1.68691,1.60276,1.30713
863,Fresno,12/17/2025,7.9,California,Table Mountain Air Monitoring Site,7.9,7.83917,7.44812,6.0743100000000005
864,Fresno,12/18/2025,8.3,California,Table Mountain Air Monitoring Site,8.3,8.23609,7.825240000000001,6.381870000000001
865,Fresno,12/20/2025,10.9,California,Table Mountain Air Monitoring Site,10.9,10.81607,10.27652,8.38101
866,Fresno,12/21/2025,1.7,California,Table Mountain Air Monitoring Site,1.7,1.68691,1.60276,1.30713
867,Fresno,12/22/2025,0.9,California,Table Mountain Air Monitoring Site,0.9,0.89307,0.8485199999999999,0.69201
868,Fresno,12/23/2025,2.7,California,Table Mountain Air Monitoring Site,2.7,2.67921,2.54556,2.0760300000000003
869,Fresno,12/24/2025,0.1,California,Table Mountain Air Monitoring Site,0.1,0.09923,0.09428,0.07689000000000001
870,Fresno,12/25/2025,-0.5,California,Table Mountain Air Monitoring Site,-0.5,-0.49615,-0.4714,-0.38445
871,Fresno,12/26/2025,0.3,California,Table Mountain Air Monitoring Site,0.3,0.29768999999999995,0.28284,0.23067
872,Fresno,12/27/2025,0.9,California,Table Mountain Air Monitoring Site,0.9,0.89307,0.8485199999999999,0.69201
873,Fresno,12/28/2025,2.9,California,Table Mountain Air Monitoring Site,2.9,2.8776699999999997,2.73412,2.22981
874,Fresno,12/29/2025,4.3,California,Table Mountain Air Monitoring Site,4.3,4.26689,4.05404,3.30627
875,Fresno,12/30/2025,6.4,California,Table Mountain Air Monitoring Site,6.4,6.35072,6.03392,4.920960000000001
876,Fresno,12/31/2025,7.0,California,Table Mountain Air Monitoring Site,7.0,6.9460999999999995,6.5996,5.3823
877,Fresno,01/01/2025,8.0,California,Huron,8.0,7.9384,7.5424,6.1512
878,Fresno,01/02/2025,4.4,California,Huron,4.4,4.3661200000000004,4.14832,3.3831600000000006
879,Fresno,01/03/2025,9.8,California,Huron,9.8,9.724540000000001,9.23944,7.535220000000001
880,Fresno,01/04/2025,3.0,California,Huron,3.0,2.9768999999999997,2.8284,2.3067
881,Fresno,01/05/2025,4.4,California,Huron,4.4,4.3661200000000004,4.14832,3.3831600000000006
882,Fresno,01/06/2025,6.1,California,Huron,6.1,6.05303,5.751079999999999,4.69029
883,Fresno,01/07/2025,5.8,California,Huron,5.8,5.7553399999999995,5.46824,4.45962
884,Fresno,01/08/2025,3.0,California,Huron,3.0,2.9768999999999997,2.8284,2.3067
885,Fresno,01/09/2025,7.9,California,Huron,7.9,7.83917,7.44812,6.0743100000000005
886,Fresno,01/10/2025,10.6,California,Huron,10.6,10.518379999999999,9.99368,8.15034
887,Fresno,01/11/2025,5.8,California,Huron,5.8,5.7553399999999995,5.46824,4.45962
888,Fresno,01/12/2025,5.5,California,Huron,5.5,5.45765,5.1854,4.22895
889,Fresno,01/13/2025,6.8,California,Huron,6.8,6.74764,6.41104,5.22852
890,Fresno,01/14/2025,8.2,California,Huron,8.2,8.136859999999999,7.730959999999999,6.30498
891,Fresno,01/15/2025,7.3,California,Huron,7.3,7.24379,6.88244,5.61297
892,Fresno,01/16/2025,8.3,California,Huron,8.3,8.23609,7.825240000000001,6.381870000000001
893,Fresno,01/17/2025,12.2,California,Huron,12.2,12.10606,11.502159999999998,9.38058
894,Fresno,01/18/2025,14.0,California,Huron,14.0,13.892199999999999,13.1992,10.7646
895,Fresno,01/19/2025,12.0,California,Huron,12.0,11.907599999999999,11.3136,9.2268
896,Fresno,01/20/2025,13.3,California,Huron,13.3,13.19759,12.53924,10.226370000000001
897,Fresno,01/21/2025,9.6,California,Huron,9.6,9.526079999999999,9.05088,7.38144
898,Fresno,01/22/2025,9.0,California,Huron,9.0,8.9307,8.485199999999999,6.920100000000001
899,Fresno,01/23/2025,14.2,California,Huron,14.2,14.090659999999998,13.387759999999998,10.918379999999999
900,Fresno,01/24/2025,13.7,California,Huron,13.7,13.594509999999998,12.91636,10.53393
901,Fresno,01/25/2025,11.1,California,Huron,11.1,11.014529999999999,10.465079999999999,8.53479
902,Fresno,01/26/2025,5.1,California,Huron,5.1,5.0607299999999995,4.80828,3.9213899999999997
903,Fresno,01/27/2025,5.5,California,Huron,5.5,5.45765,5.1854,4.22895
904,Fresno,01/28/2025,5.8,California,Huron,5.8,5.7553399999999995,5.46824,4.45962
905,Fresno,01/29/2025,8.5,California,Huron,8.5,8.43455,8.0138,6.53565
906,Fresno,01/30/2025,9.5,California,Huron,9.5,9.42685,8.9566,7.30455
907,Fresno,01/31/2025,13.7,California,Huron,13.7,13.594509999999998,12.91636,10.53393
908,Fresno,02/01/2025,14.1,California,Huron,14.1,13.99143,13.293479999999999,10.84149
909,Fresno,02/02/2025,6.7,California,Huron,6.7,6.64841,6.31676,5.15163
910,Fresno,02/03/2025,2.3,California,Huron,2.3,2.2822899999999997,2.16844,1.76847
911,Fresno,02/04/2025,0.7,California,Huron,0.7,0.69461,0.65996,0.53823
912,Fresno,02/05/2025,3.3,California,Huron,3.3,3.27459,3.1112399999999996,2.53737
913,Fresno,02/06/2025,3.2,California,Huron,3.2,3.17536,3.01696,2.4604800000000004
914,Fresno,02/07/2025,2.4,California,Huron,2.4,2.3815199999999996,2.26272,1.84536
915,Fresno,02/08/2025,2.0,California,Huron,2.0,1.9846,1.8856,1.5378
916,Fresno,02/09/2025,2.2,California,Huron,2.2,2.1830600000000002,2.07416,1.6915800000000003
917,Fresno,02/10/2025,1.4,California,Huron,1.4,1.38922,1.31992,1.07646
918,Fresno,02/11/2025,1.5,California,Huron,1.5,1.4884499999999998,1.4142,1.15335
919,Fresno,02/12/2025,2.5,California,Huron,2.5,2.48075,2.3569999999999998,1.92225
920,Fresno,02/13/2025,3.2,California,Huron,3.2,3.17536,3.01696,2.4604800000000004
921,Fresno,02/14/2025,3.3,California,Huron,3.3,3.27459,3.1112399999999996,2.53737
922,Fresno,02/15/2025,5.7,California,Huron,5.7,5.65611,5.37396,4.3827300000000005
923,Fresno,02/16/2025,5.1,California,Huron,5.1,5.0607299999999995,4.80828,3.9213899999999997
924,Fresno,02/17/2025,3.2,California,Huron,3.2,3.17536,3.01696,2.4604800000000004
925,Fresno,02/18/2025,3.2,California,Huron,3.2,3.17536,3.01696,2.4604800000000004
926,Fresno,02/19/2025,2.3,California,Huron,2.3,2.2822899999999997,2.16844,1.76847
927,Fresno,02/20/2025,4.5,California,Huron,4.5,4.46535,4.2425999999999995,3.4600500000000003
928,Fresno,02/21/2025,5.4,California,Huron,5.4,5.35842,5.09112,4.1520600000000005
929,Fresno,02/22/2025,5.4,California,Huron,5.4,5.35842,5.09112,4.1520600000000005
930,Fresno,02/23/2025,5.4,California,Huron,5.4,5.35842,5.09112,4.1520600000000005
931,Fresno,02/24/2025,4.9,California,Huron,4.9,4.8622700000000005,4.61972,3.7676100000000003
932,Fresno,02/25/2025,3.9,California,Huron,3.9,3.86997,3.67692,2.99871
933,Fresno,02/26/2025,3.4,California,Huron,3.4,3.37382,3.20552,2.61426
934,Fresno,02/27/2025,5.7,California,Huron,5.7,5.65611,5.37396,4.3827300000000005
935,Fresno,02/28/2025,6.0,California,Huron,6.0,5.953799999999999,5.6568,4.6134
936,Fresno,03/01/2025,3.3,California,Huron,3.3,3.27459,3.1112399999999996,2.53737
937,Fresno,03/02/2025,1.5,California,Huron,1.5,1.4884499999999998,1.4142,1.15335
938,Fresno,03/03/2025,2.5,California,Huron,2.5,2.48075,2.3569999999999998,1.92225
939,Fresno,03/04/2025,3.2,California,Huron,3.2,3.17536,3.01696,2.4604800000000004
940,Fresno,03/05/2025,2.2,California,Huron,2.2,2.1830600000000002,2.07416,1.6915800000000003
941,Fresno,03/06/2025,1.5,California,Huron,1.5,1.4884499999999998,1.4142,1.15335
942,Fresno,03/07/2025,2.7,California,Huron,2.7,2.67921,2.54556,2.0760300000000003
943,Fresno,03/08/2025,3.8,California,Huron,3.8,3.7707399999999995,3.5826399999999996,2.92182
944,Fresno,03/09/2025,2.7,California,Huron,2.7,2.67921,2.54556,2.0760300000000003
945,Fresno,03/10/2025,2.8,California,Huron,2.8,2.77844,2.63984,2.15292
946,Fresno,03/11/2025,2.1,California,Huron,2.1,2.08383,1.97988,1.6146900000000002
947,Fresno,03/12/2025,2.1,California,Huron,2.1,2.08383,1.97988,1.6146900000000002
948,Fresno,03/13/2025,1.6,California,Huron,1.6,1.58768,1.50848,1.2302400000000002
949,Fresno,03/14/2025,1.2,California,Huron,1.2,1.1907599999999998,1.13136,0.92268
950,Fresno,03/15/2025,6.3,California,Huron,6.3,6.2514899999999995,5.93964,4.84407
951,Fresno,03/16/2025,5.0,California,Huron,5.0,4.9615,4.7139999999999995,3.8445
952,Fresno,03/17/2025,2.5,California,Huron,2.5,2.48075,2.3569999999999998,1.92225
953,Fresno,03/18/2025,2.0,California,Huron,2.0,1.9846,1.8856,1.5378
954,Fresno,03/19/2025,1.7,California,Huron,1.7,1.68691,1.60276,1.30713
955,Fresno,03/20/2025,1.5,California,Huron,1.5,1.4884499999999998,1.4142,1.15335
956,Fresno,03/21/2025,2.1,California,Huron,2.1,2.08383,1.97988,1.6146900000000002
957,Fresno,03/22/2025,2.1,California,Huron,2.1,2.08383,1.97988,1.6146900000000002
958,Fresno,03/23/2025,1.8,California,Huron,1.8,1.78614,1.6970399999999999,1.38402
959,Fresno,03/24/2025,3.6,California,Huron,3.6,3.57228,3.3940799999999998,2.76804
960,Fresno,03/25/2025,4.4,California,Huron,4.4,4.3661200000000004,4.14832,3.3831600000000006
961,Fresno,03/26/2025,2.3,California,Huron,2.3,2.2822899999999997,2.16844,1.76847
962,Fresno,03/29/2025,1.6,California,Huron,1.6,1.58768,1.50848,1.2302400000000002
963,Fresno,03/30/2025,1.3,California,Huron,1.3,1.28999,1.22564,0.9995700000000001
964,Fresno,03/31/2025,1.5,California,Huron,1.5,1.4884499999999998,1.4142,1.15335
965,Fresno,04/01/2025,1.4,California,Huron,1.4,1.38922,1.31992,1.07646
966,Fresno,04/02/2025,2.4,California,Huron,2.4,2.3815199999999996,2.26272,1.84536
967,Fresno,04/03/2025,1.5,California,Huron,1.5,1.4884499999999998,1.4142,1.15335
968,Fresno,04/04/2025,2.2,California,Huron,2.2,2.1830600000000002,2.07416,1.6915800000000003
969,Fresno,04/05/2025,1.6,California,Huron,1.6,1.58768,1.50848,1.2302400000000002
970,Fresno,04/06/2025,3.4,California,Huron,3.4,3.37382,3.20552,2.61426
971,Fresno,04/07/2025,2.1,California,Huron,2.1,2.08383,1.97988,1.6146900000000002
972,Fresno,04/08/2025,1.1,California,Huron,1.1,1.0915300000000001,1.03708,0.8457900000000002
973,Fresno,04/09/2025,3.7,California,Huron,3.7,3.67151,3.48836,2.84493
974,Fresno,04/10/2025,5.0,California,Huron,5.0,4.9615,4.7139999999999995,3.8445
975,Fresno,04/11/2025,4.1,California,Huron,4.1,4.068429999999999,3.8654799999999994,3.15249
976,Fresno,04/12/2025,3.0,California,Huron,3.0,2.9768999999999997,2.8284,2.3067
977,Fresno,04/13/2025,5.1,California,Huron,5.1,5.0607299999999995,4.80828,3.9213899999999997
978,Fresno,04/14/2025,4.2,California,Huron,4.2,4.16766,3.95976,3.2293800000000004
979,Fresno,04/15/2025,6.2,California,Huron,6.2,6.15226,5.84536,4.767180000000001
980,Fresno,04/16/2025,6.2,California,Huron,6.2,6.15226,5.84536,4.767180000000001
981,Fresno,04/17/2025,5.7,California,Huron,5.7,5.65611,5.37396,4.3827300000000005
982,Fresno,04/18/2025,4.8,California,Huron,4.8,4.763039999999999,4.52544,3.69072
983,Fresno,04/19/2025,6.4,California,Huron,6.4,6.35072,6.03392,4.920960000000001
984,Fresno,04/20/2025,4.6,California,Huron,4.6,4.564579999999999,4.33688,3.53694
985,Fresno,04/21/2025,4.3,California,Huron,4.3,4.26689,4.05404,3.30627
986,Fresno,04/22/2025,4.3,California,Huron,4.3,4.26689,4.05404,3.30627
987,Fresno,04/23/2025,7.0,California,Huron,7.0,6.9460999999999995,6.5996,5.3823
988,Fresno,04/24/2025,6.6,California,Huron,6.6,6.54918,6.222479999999999,5.07474
989,Fresno,04/25/2025,3.9,California,Huron,3.9,3.86997,3.67692,2.99871
990,Fresno,04/26/2025,2.0,California,Huron,2.0,1.9846,1.8856,1.5378
991,Fresno,04/27/2025,2.8,California,Huron,2.8,2.77844,2.63984,2.15292
992,Fresno,04/28/2025,4.7,California,Huron,4.7,4.66381,4.43116,3.61383
993,Fresno,04/29/2025,6.2,California,Huron,6.2,6.15226,5.84536,4.767180000000001
994,Fresno,04/30/2025,7.0,California,Huron,7.0,6.9460999999999995,6.5996,5.3823
995,Fresno,05/01/2025,7.3,California,Huron,7.3,7.24379,6.88244,5.61297
996,Fresno,05/02/2025,5.2,California,Huron,5.2,5.15996,4.90256,3.9982800000000003
997,Fresno,05/03/2025,3.9,California,Huron,3.9,3.86997,3.67692,2.99871
998,Fresno,05/04/2025,4.2,California,Huron,4.2,4.16766,3.95976,3.2293800000000004
999,Fresno,05/05/2025,5.0,California,Huron,5.0,4.9615,4.7139999999999995,3.8445
1000,Fresno,05/06/2025,8.0,California,Huron,8.0,7.9384,7.5424,6.1512
1001,Fresno,05/07/2025,8.2,California,Huron,8.2,8.136859999999999,7.730959999999999,6.30498
1002,Fresno,05/08/2025,8.1,California,Huron,8.1,8.03763,7.636679999999999,6.22809
1003,Fresno,05/09/2025,7.0,California,Huron,7.0,6.9460999999999995,6.5996,5.3823
1004,Fresno,05/10/2025,5.0,California,Huron,5.0,4.9615,4.7139999999999995,3.8445
1005,Fresno,05/11/2025,2.4,California,Huron,2.4,2.3815199999999996,2.26272,1.84536
1006,Fresno,05/12/2025,2.1,California,Huron,2.1,2.08383,1.97988,1.6146900000000002
1007,Fresno,05/13/2025,3.2,California,Huron,3.2,3.17536,3.01696,2.4604800000000004
1008,Fresno,05/14/2025,4.0,California,Huron,4.0,3.9692,3.7712,3.0756
1009,Fresno,05/15/2025,4.2,California,Huron,4.2,4.16766,3.95976,3.2293800000000004
1010,Fresno,05/16/2025,3.9,California,Huron,3.9,3.86997,3.67692,2.99871
1011,Fresno,05/17/2025,4.5,California,Huron,4.5,4.46535,4.2425999999999995,3.4600500000000003
1012,Fresno,05/18/2025,3.6,California,Huron,3.6,3.57228,3.3940799999999998,2.76804
1013,Fresno,05/19/2025,7.5,California,Huron,7.5,7.44225,7.071,5.76675
1014,Fresno,05/20/2025,3.4,California,Huron,3.4,3.37382,3.20552,2.61426
1015,Fresno,05/21/2025,3.2,California,Huron,3.2,3.17536,3.01696,2.4604800000000004
1016,Fresno,05/22/2025,4.4,California,Huron,4.4,4.3661200000000004,4.14832,3.3831600000000006
1017,Fresno,05/23/2025,2.8,California,Huron,2.8,2.77844,2.63984,2.15292
1018,Fresno,05/24/2025,4.0,California,Huron,4.0,3.9692,3.7712,3.0756
1019,Fresno,05/25/2025,3.5,California,Huron,3.5,3.4730499999999997,3.2998,2.69115
1020,Fresno,05/26/2025,2.3,California,Huron,2.3,2.2822899999999997,2.16844,1.76847
1021,Fresno,05/27/2025,3.4,California,Huron,3.4,3.37382,3.20552,2.61426
1022,Fresno,05/28/2025,5.7,California,Huron,5.7,5.65611,5.37396,4.3827300000000005
1023,Fresno,05/29/2025,4.5,California,Huron,4.5,4.46535,4.2425999999999995,3.4600500000000003
1024,Fresno,05/30/2025,7.5,California,Huron,7.5,7.44225,7.071,5.76675
1025,Fresno,05/31/2025,7.5,California,Huron,7.5,7.44225,7.071,5.76675
1026,Fresno,06/01/2025,4.8,California,Huron,4.8,4.763039999999999,4.52544,3.69072
1027,Fresno,06/02/2025,7.1,California,Huron,7.1,7.045329999999999,6.693879999999999,5.4591899999999995
1028,Fresno,06/03/2025,8.1,California,Huron,8.1,8.03763,7.636679999999999,6.22809
1029,Fresno,06/04/2025,8.0,California,Huron,8.0,7.9384,7.5424,6.1512
1030,Fresno,06/05/2025,9.4,California,Huron,9.4,9.32762,8.86232,7.22766
1031,Fresno,06/06/2025,6.7,California,Huron,6.7,6.64841,6.31676,5.15163
1032,Fresno,06/07/2025,7.2,California,Huron,7.2,7.14456,6.7881599999999995,5.53608
1033,Fresno,06/08/2025,4.7,California,Huron,4.7,4.66381,4.43116,3.61383
1034,Fresno,06/09/2025,6.6,California,Huron,6.6,6.54918,6.222479999999999,5.07474
1035,Fresno,06/10/2025,6.5,California,Huron,6.5,6.449949999999999,6.1282,4.997850000000001
1036,Fresno,06/11/2025,7.5,California,Huron,7.5,7.44225,7.071,5.76675
1037,Fresno,06/12/2025,8.0,California,Huron,8.0,7.9384,7.5424,6.1512
1038,Fresno,06/13/2025,5.9,California,Huron,5.9,5.85457,5.56252,4.536510000000001
1039,Fresno,06/14/2025,7.6,California,Huron,7.6,7.541479999999999,7.165279999999999,5.84364
1040,Fresno,06/15/2025,6.2,California,Huron,6.2,6.15226,5.84536,4.767180000000001
1041,Fresno,06/16/2025,5.3,California,Huron,5.3,5.259189999999999,4.99684,4.07517
1042,Fresno,06/17/2025,5.7,California,Huron,5.7,5.65611,5.37396,4.3827300000000005
1043,Fresno,06/18/2025,6.3,California,Huron,6.3,6.2514899999999995,5.93964,4.84407
1044,Fresno,06/19/2025,7.2,California,Huron,7.2,7.14456,6.7881599999999995,5.53608
1045,Fresno,06/20/2025,6.2,California,Huron,6.2,6.15226,5.84536,4.767180000000001
1046,Fresno,06/21/2025,5.7,California,Huron,5.7,5.65611,5.37396,4.3827300000000005
1047,Fresno,06/22/2025,3.1,California,Huron,3.1,3.07613,2.92268,2.3835900000000003
1048,Fresno,06/23/2025,5.7,California,Huron,5.7,5.65611,5.37396,4.3827300000000005
1049,Fresno,06/24/2025,4.4,California,Huron,4.4,4.3661200000000004,4.14832,3.3831600000000006
1050,Fresno,06/25/2025,6.0,California,Huron,6.0,5.953799999999999,5.6568,4.6134
1051,Fresno,06/26/2025,5.4,California,Huron,5.4,5.35842,5.09112,4.1520600000000005
1052,Fresno,06/27/2025,7.2,California,Huron,7.2,7.14456,6.7881599999999995,5.53608
1053,Fresno,06/28/2025,6.4,California,Huron,6.4,6.35072,6.03392,4.920960000000001
1054,Fresno,06/29/2025,4.9,California,Huron,4.9,4.8622700000000005,4.61972,3.7676100000000003
1055,Fresno,06/30/2025,8.6,California,Huron,8.6,8.53378,8.10808,6.61254
1056,Fresno,07/01/2025,6.4,California,Huron,6.4,6.35072,6.03392,4.920960000000001
1057,Fresno,07/02/2025,7.3,California,Huron,7.3,7.24379,6.88244,5.61297
1058,Fresno,07/03/2025,8.3,California,Huron,8.3,8.23609,7.825240000000001,6.381870000000001
1059,Fresno,07/04/2025,7.9,California,Huron,7.9,7.83917,7.44812,6.0743100000000005
1060,Fresno,07/05/2025,5.4,California,Huron,5.4,5.35842,5.09112,4.1520600000000005
1061,Fresno,07/06/2025,6.5,California,Huron,6.5,6.449949999999999,6.1282,4.997850000000001
1062,Fresno,07/07/2025,6.5,California,Huron,6.5,6.449949999999999,6.1282,4.997850000000001
1063,Fresno,07/08/2025,6.8,California,Huron,6.8,6.74764,6.41104,5.22852
1064,Fresno,07/09/2025,5.1,California,Huron,5.1,5.0607299999999995,4.80828,3.9213899999999997
1065,Fresno,07/10/2025,6.7,California,Huron,6.7,6.64841,6.31676,5.15163
1066,Fresno,07/11/2025,10.8,California,Huron,10.8,10.71684,10.18224,8.304120000000001
1067,Fresno,07/12/2025,12.3,California,Huron,12.3,12.20529,11.596440000000001,9.45747
1068,Fresno,07/13/2025,8.7,California,Huron,8.7,8.633009999999999,8.202359999999999,6.68943
1069,Fresno,07/14/2025,7.1,California,Huron,7.1,7.045329999999999,6.693879999999999,5.4591899999999995
1070,Fresno,07/15/2025,8.7,California,Huron,8.7,8.633009999999999,8.202359999999999,6.68943
1071,Fresno,07/16/2025,6.6,California,Huron,6.6,6.54918,6.222479999999999,5.07474
1072,Fresno,07/17/2025,6.2,California,Huron,6.2,6.15226,5.84536,4.767180000000001
1073,Fresno,07/18/2025,6.2,California,Huron,6.2,6.15226,5.84536,4.767180000000001
1074,Fresno,07/19/2025,6.9,California,Huron,6.9,6.84687,6.50532,5.30541
1075,Fresno,07/20/2025,5.1,California,Huron,5.1,5.0607299999999995,4.80828,3.9213899999999997
1076,Fresno,07/21/2025,4.8,California,Huron,4.8,4.763039999999999,4.52544,3.69072
1077,Fresno,07/22/2025,2.5,California,Huron,2.5,2.48075,2.3569999999999998,1.92225
1078,Fresno,07/23/2025,4.0,California,Huron,4.0,3.9692,3.7712,3.0756
1079,Fresno,07/24/2025,4.2,California,Huron,4.2,4.16766,3.95976,3.2293800000000004
1080,Fresno,07/25/2025,3.5,California,Huron,3.5,3.4730499999999997,3.2998,2.69115
1081,Fresno,07/26/2025,4.4,California,Huron,4.4,4.3661200000000004,4.14832,3.3831600000000006
1082,Fresno,07/27/2025,4.9,California,Huron,4.9,4.8622700000000005,4.61972,3.7676100000000003
1083,Fresno,07/28/2025,5.1,California,Huron,5.1,5.0607299999999995,4.80828,3.9213899999999997
1084,Fresno,07/29/2025,6.6,California,Huron,6.6,6.54918,6.222479999999999,5.07474
1085,Fresno,07/30/2025,5.3,California,Huron,5.3,5.259189999999999,4.99684,4.07517
1086,Fresno,07/31/2025,6.9,California,Huron,6.9,6.84687,6.50532,5.30541
1087,Fresno,08/01/2025,7.2,California,Huron,7.2,7.14456,6.7881599999999995,5.53608
1088,Fresno,08/02/2025,6.5,California,Huron,6.5,6.449949999999999,6.1282,4.997850000000001
1089,Fresno,08/03/2025,5.5,California,Huron,5.5,5.45765,5.1854,4.22895
1090,Fresno,08/04/2025,5.1,California,Huron,5.1,5.0607299999999995,4.80828,3.9213899999999997
1091,Fresno,08/05/2025,5.9,California,Huron,5.9,5.85457,5.56252,4.536510000000001
1092,Fresno,08/06/2025,4.8,California,Huron,4.8,4.763039999999999,4.52544,3.69072
1093,Fresno,08/07/2025,5.8,California,Huron,5.8,5.7553399999999995,5.46824,4.45962
1094,Fresno,08/08/2025,7.9,California,Huron,7.9,7.83917,7.44812,6.0743100000000005
1095,Fresno,08/09/2025,11.7,California,Huron,11.7,11.60991,11.030759999999999,8.996129999999999
1096,Fresno,08/10/2025,8.6,California,Huron,8.6,8.53378,8.10808,6.61254
1097,Fresno,08/11/2025,9.9,California,Huron,9.9,9.82377,9.33372,7.61211
1098,Fresno,08/12/2025,7.7,California,Huron,7.7,7.6407099999999994,7.25956,5.92053
1099,Fresno,08/13/2025,6.8,California,Huron,6.8,6.74764,6.41104,5.22852
1100,Fresno,08/14/2025,7.6,California,Huron,7.6,7.541479999999999,7.165279999999999,5.84364
1101,Fresno,08/15/2025,7.0,California,Huron,7.0,6.9460999999999995,6.5996,5.3823
1102,Fresno,08/16/2025,5.1,California,Huron,5.1,5.0607299999999995,4.80828,3.9213899999999997
1103,Fresno,08/17/2025,4.2,California,Huron,4.2,4.16766,3.95976,3.2293800000000004
1104,Fresno,08/18/2025,4.7,California,Huron,4.7,4.66381,4.43116,3.61383
1105,Fresno,08/19/2025,5.0,California,Huron,5.0,4.9615,4.7139999999999995,3.8445
1106,Fresno,08/20/2025,6.0,California,Huron,6.0,5.953799999999999,5.6568,4.6134
1107,Fresno,08/21/2025,7.3,California,Huron,7.3,7.24379,6.88244,5.61297
1108,Fresno,08/22/2025,10.0,California,Huron,10.0,9.923,9.427999999999999,7.689
1109,Fresno,08/23/2025,12.4,California,Huron,12.4,12.30452,11.69072,9.534360000000001
1110,Fresno,08/24/2025,9.7,California,Huron,9.7,9.625309999999999,9.145159999999999,7.45833
1111,Fresno,08/25/2025,6.7,California,Huron,6.7,6.64841,6.31676,5.15163
1112,Fresno,08/26/2025,9.4,California,Huron,9.4,9.32762,8.86232,7.22766
1113,Fresno,08/27/2025,8.5,California,Huron,8.5,8.43455,8.0138,6.53565
1114,Fresno,08/28/2025,10.8,California,Huron,10.8,10.71684,10.18224,8.304120000000001
1115,Fresno,08/29/2025,8.5,California,Huron,8.5,8.43455,8.0138,6.53565
1116,Fresno,08/30/2025,7.6,California,Huron,7.6,7.541479999999999,7.165279999999999,5.84364
1117,Fresno,08/31/2025,8.5,California,Huron,8.5,8.43455,8.0138,6.53565
1118,Fresno,09/01/2025,8.0,California,Huron,8.0,7.9384,7.5424,6.1512
1119,Fresno,09/02/2025,13.8,California,Huron,13.8,13.69374,13.01064,10.61082
1120,Fresno,09/03/2025,19.0,California,Huron,19.0,18.8537,17.9132,14.6091
1121,Fresno,09/04/2025,14.9,California,Huron,14.9,14.78527,14.04772,11.456610000000001
1122,Fresno,09/05/2025,11.5,California,Huron,11.5,11.41145,10.8422,8.84235
1123,Fresno,09/06/2025,14.5,California,Huron,14.5,14.388349999999999,13.6706,11.14905
1124,Fresno,09/07/2025,6.8,California,Huron,6.8,6.74764,6.41104,5.22852
1125,Fresno,09/08/2025,3.7,California,Huron,3.7,3.67151,3.48836,2.84493
1126,Fresno,09/09/2025,2.8,California,Huron,2.8,2.77844,2.63984,2.15292
1127,Fresno,09/10/2025,1.9,California,Huron,1.9,1.8853699999999998,1.7913199999999998,1.46091
1128,Fresno,09/11/2025,3.5,California,Huron,3.5,3.4730499999999997,3.2998,2.69115
1129,Fresno,09/12/2025,5.2,California,Huron,5.2,5.15996,4.90256,3.9982800000000003
1130,Fresno,09/13/2025,5.7,California,Huron,5.7,5.65611,5.37396,4.3827300000000005
1131,Fresno,09/14/2025,4.6,California,Huron,4.6,4.564579999999999,4.33688,3.53694
1132,Fresno,09/15/2025,5.7,California,Huron,5.7,5.65611,5.37396,4.3827300000000005
1133,Fresno,09/16/2025,7.9,California,Huron,7.9,7.83917,7.44812,6.0743100000000005
1134,Fresno,09/17/2025,7.0,California,Huron,7.0,6.9460999999999995,6.5996,5.3823
1135,Fresno,09/18/2025,10.4,California,Huron,10.4,10.31992,9.80512,7.996560000000001
1136,Fresno,09/19/2025,9.5,California,Huron,9.5,9.42685,8.9566,7.30455
1137,Fresno,09/20/2025,8.7,California,Huron,8.7,8.633009999999999,8.202359999999999,6.68943
1138,Fresno,09/21/2025,4.3,California,Huron,4.3,4.26689,4.05404,3.30627
1139,Fresno,09/22/2025,5.7,California,Huron,5.7,5.65611,5.37396,4.3827300000000005
1140,Fresno,09/23/2025,5.4,California,Huron,5.4,5.35842,5.09112,4.1520600000000005
1141,Fresno,09/24/2025,7.0,California,Huron,7.0,6.9460999999999995,6.5996,5.3823
1142,Fresno,09/25/2025,5.9,California,Huron,5.9,5.85457,5.56252,4.536510000000001
1143,Fresno,09/26/2025,7.3,California,Huron,7.3,7.24379,6.88244,5.61297
1144,Fresno,09/27/2025,7.0,California,Huron,7.0,6.9460999999999995,6.5996,5.3823
1145,Fresno,09/28/2025,4.5,California,Huron,4.5,4.46535,4.2425999999999995,3.4600500000000003
1146,Fresno,09/29/2025,5.4,California,Huron,5.4,5.35842,5.09112,4.1520600000000005
1147,Fresno,09/30/2025,4.4,California,Huron,4.4,4.3661200000000004,4.14832,3.3831600000000006
1148,Fresno,10/01/2025,2.9,California,Huron,2.9,2.8776699999999997,2.73412,2.22981
1149,Fresno,10/07/2025,5.9,California,Huron,5.9,5.85457,5.56252,4.536510000000001
1150,Fresno,10/08/2025,6.2,California,Huron,6.2,6.15226,5.84536,4.767180000000001
1151,Fresno,10/09/2025,4.8,California,Huron,4.8,4.763039999999999,4.52544,3.69072
1152,Fresno,10/10/2025,5.1,California,Huron,5.1,5.0607299999999995,4.80828,3.9213899999999997
1153,Fresno,10/11/2025,2.7,California,Huron,2.7,2.67921,2.54556,2.0760300000000003
1154,Fresno,10/12/2025,3.0,California,Huron,3.0,2.9768999999999997,2.8284,2.3067
1155,Fresno,10/13/2025,3.6,California,Huron,3.6,3.57228,3.3940799999999998,2.76804
1156,Fresno,10/14/2025,3.5,California,Huron,3.5,3.4730499999999997,3.2998,2.69115
1157,Fresno,10/15/2025,3.6,California,Huron,3.6,3.57228,3.3940799999999998,2.76804
1158,Fresno,10/16/2025,6.2,California,Huron,6.2,6.15226,5.84536,4.767180000000001
1159,Fresno,10/17/2025,7.1,California,Huron,7.1,7.045329999999999,6.693879999999999,5.4591899999999995
1160,Fresno,10/18/2025,9.8,California,Huron,9.8,9.724540000000001,9.23944,7.535220000000001
1161,Fresno,10/19/2025,12.8,California,Huron,12.8,12.70144,12.06784,9.841920000000002
1162,Fresno,10/20/2025,10.1,California,Huron,10.1,10.022229999999999,9.522279999999999,7.76589
1163,Fresno,10/21/2025,11.5,California,Huron,11.5,11.41145,10.8422,8.84235
1164,Fresno,10/22/2025,6.5,California,Huron,6.5,6.449949999999999,6.1282,4.997850000000001
1165,Fresno,10/23/2025,7.8,California,Huron,7.8,7.73994,7.35384,5.99742
1166,Fresno,10/24/2025,10.1,California,Huron,10.1,10.022229999999999,9.522279999999999,7.76589
1167,Fresno,10/25/2025,9.9,California,Huron,9.9,9.82377,9.33372,7.61211
1168,Fresno,10/26/2025,4.0,California,Huron,4.0,3.9692,3.7712,3.0756
1169,Fresno,10/27/2025,3.9,California,Huron,3.9,3.86997,3.67692,2.99871
1170,Fresno,10/28/2025,4.7,California,Huron,4.7,4.66381,4.43116,3.61383
1171,Fresno,10/29/2025,7.5,California,Huron,7.5,7.44225,7.071,5.76675
1172,Fresno,10/30/2025,8.5,California,Huron,8.5,8.43455,8.0138,6.53565
1173,Fresno,10/31/2025,10.0,California,Huron,10.0,9.923,9.427999999999999,7.689
1174,Fresno,11/01/2025,7.3,California,Huron,7.3,7.24379,6.88244,5.61297
1175,Fresno,11/02/2025,7.8,California,Huron,7.8,7.73994,7.35384,5.99742
1176,Fresno,11/03/2025,9.1,California,Huron,9.1,9.029929999999998,8.57948,6.99699
1177,Fresno,11/04/2025,6.0,California,Huron,6.0,5.953799999999999,5.6568,4.6134
1178,Fresno,11/05/2025,5.0,California,Huron,5.0,4.9615,4.7139999999999995,3.8445
1179,Fresno,11/06/2025,4.9,California,Huron,4.9,4.8622700000000005,4.61972,3.7676100000000003
1180,Fresno,11/07/2025,4.3,California,Huron,4.3,4.26689,4.05404,3.30627
1181,Fresno,11/08/2025,5.8,California,Huron,5.8,5.7553399999999995,5.46824,4.45962
1182,Fresno,11/09/2025,5.9,California,Huron,5.9,5.85457,5.56252,4.536510000000001
1183,Fresno,11/10/2025,7.3,California,Huron,7.3,7.24379,6.88244,5.61297
1184,Fresno,11/11/2025,10.2,California,Huron,10.2,10.121459999999999,9.61656,7.842779999999999
1185,Fresno,11/12/2025,8.2,California,Huron,8.2,8.136859999999999,7.730959999999999,6.30498
1186,Fresno,11/13/2025,2.7,California,Huron,2.7,2.67921,2.54556,2.0760300000000003
1187,Fresno,11/14/2025,1.3,California,Huron,1.3,1.28999,1.22564,0.9995700000000001
1188,Fresno,11/15/2025,3.2,California,Huron,3.2,3.17536,3.01696,2.4604800000000004
1189,Fresno,11/16/2025,1.2,California,Huron,1.2,1.1907599999999998,1.13136,0.92268
1190,Fresno,11/17/2025,1.6,California,Huron,1.6,1.58768,1.50848,1.2302400000000002
1191,Fresno,11/18/2025,3.8,California,Huron,3.8,3.7707399999999995,3.5826399999999996,2.92182
1192,Fresno,11/19/2025,4.0,California,Huron,4.0,3.9692,3.7712,3.0756
1193,Fresno,11/20/2025,7.6,California,Huron,7.6,7.541479999999999,7.165279999999999,5.84364
1194,Fresno,11/21/2025,8.4,California,Huron,8.4,8.33532,7.91952,6.458760000000001
1195,Fresno,11/22/2025,8.0,California,Huron,8.0,7.9384,7.5424,6.1512
1196,Fresno,11/23/2025,10.2,California,Huron,10.2,10.121459999999999,9.61656,7.842779999999999
1197,Fresno,11/24/2025,9.2,California,Huron,9.2,9.129159999999999,8.67376,7.07388
1198,Fresno,11/25/2025,6.7,California,Huron,6.7,6.64841,6.31676,5.15163
1199,Fresno,11/26/2025,11.5,California,Huron,11.5,11.41145,10.8422,8.84235
1200,Fresno,11/27/2025,15.8,California,Huron,15.8,15.67834,14.89624,12.148620000000001
1201,Fresno,11/28/2025,15.7,California,Huron,15.7,15.579109999999998,14.80196,12.07173
1202,Fresno,11/29/2025,13.7,California,Huron,13.7,13.594509999999998,12.91636,10.53393
1203,Fresno,11/30/2025,9.2,California,Huron,9.2,9.129159999999999,8.67376,7.07388
1204,Fresno,12/01/2025,11.9,California,Huron,11.9,11.80837,11.21932,9.14991
1205,Fresno,12/02/2025,11.9,California,Huron,11.9,11.80837,11.21932,9.14991
1206,Fresno,12/03/2025,10.3,California,Huron,10.3,10.220690000000001,9.710840000000001,7.919670000000001
1207,Fresno,12/04/2025,11.0,California,Huron,11.0,10.9153,10.3708,8.4579
1208,Fresno,12/05/2025,12.0,California,Huron,12.0,11.907599999999999,11.3136,9.2268
1209,Fresno,12/06/2025,17.2,California,Huron,17.2,17.06756,16.21616,13.22508
1210,Fresno,12/07/2025,15.1,California,Huron,15.1,14.98373,14.236279999999999,11.61039
1211,Fresno,12/08/2025,9.2,California,Huron,9.2,9.129159999999999,8.67376,7.07388
1212,Fresno,12/09/2025,6.3,California,Huron,6.3,6.2514899999999995,5.93964,4.84407
1213,Fresno,12/10/2025,1.7,California,Huron,1.7,1.68691,1.60276,1.30713
1214,Fresno,12/11/2025,3.4,California,Huron,3.4,3.37382,3.20552,2.61426
1215,Fresno,12/12/2025,1.5,California,Huron,1.5,1.4884499999999998,1.4142,1.15335
1216,Fresno,12/13/2025,3.2,California,Huron,3.2,3.17536,3.01696,2.4604800000000004
1217,Fresno,12/14/2025,4.0,California,Huron,4.0,3.9692,3.7712,3.0756
1218,Fresno,12/15/2025,3.5,California,Huron,3.5,3.4730499999999997,3.2998,2.69115
1219,Fresno,12/16/2025,3.9,California,Huron,3.9,3.86997,3.67692,2.99871
1220,Fresno,12/17/2025,3.6,California,Huron,3.6,3.57228,3.3940799999999998,2.76804
1221,Fresno,12/18/2025,13.2,California,Huron,13.2,13.09836,12.444959999999998,10.14948
1222,Fresno,12/19/2025,7.7,California,Huron,7.7,7.6407099999999994,7.25956,5.92053
1223,Fresno,12/20/2025,9.5,California,Huron,9.5,9.42685,8.9566,7.30455
1224,Fresno,12/21/2025,4.4,California,Huron,4.4,4.3661200000000004,4.14832,3.3831600000000006
1225,Fresno,12/22/2025,2.1,California,Huron,2.1,2.08383,1.97988,1.6146900000000002
1226,Fresno,12/23/2025,3.3,California,Huron,3.3,3.27459,3.1112399999999996,2.53737
1227,Fresno,12/24/2025,2.2,California,Huron,2.2,2.1830600000000002,2.07416,1.6915800000000003
1228,Fresno,12/25/2025,2.3,California,Huron,2.3,2.2822899999999997,2.16844,1.76847
1229,Fresno,12/26/2025,3.1,California,Huron,3.1,3.07613,2.92268,2.3835900000000003
1230,Fresno,12/27/2025,4.5,California,Huron,4.5,4.46535,4.2425999999999995,3.4600500000000003
1231,Fresno,12/28/2025,4.1,California,Huron,4.1,4.068429999999999,3.8654799999999994,3.15249
1232,Fresno,12/29/2025,5.2,California,Huron,5.2,5.15996,4.90256,3.9982800000000003
1233,Fresno,12/30/2025,7.0,California,Huron,7.0,6.9460999999999995,6.5996,5.3823
1234,Fresno,12/31/2025,8.2,California,Huron,8.2,8.136859999999999,7.730959999999999,6.30498
1235,Fresno,01/01/2025,1.1,California,Tranquillity,1.1,1.0915300000000001,1.03708,0.8457900000000002
1236,Fresno,01/02/2025,5.3,California,Tranquillity,5.3,5.259189999999999,4.99684,4.07517
1237,Fresno,01/03/2025,16.3,California,Tranquillity,16.3,16.17449,15.36764,12.53307
1238,Fresno,01/04/2025,1.7,California,Tranquillity,1.7,1.68691,1.60276,1.30713
1239,Fresno,01/05/2025,0.6,California,Tranquillity,0.6,0.5953799999999999,0.56568,0.46134
1240,Fresno,01/06/2025,2.5,California,Tranquillity,2.5,2.48075,2.3569999999999998,1.92225
1241,Fresno,01/07/2025,3.6,California,Tranquillity,3.6,3.57228,3.3940799999999998,2.76804
1242,Fresno,01/08/2025,6.7,California,Tranquillity,6.7,6.64841,6.31676,5.15163
1243,Fresno,01/09/2025,5.7,California,Tranquillity,5.7,5.65611,5.37396,4.3827300000000005
1244,Fresno,01/10/2025,8.1,California,Tranquillity,8.1,8.03763,7.636679999999999,6.22809
1245,Fresno,01/11/2025,3.6,California,Tranquillity,3.6,3.57228,3.3940799999999998,2.76804
1246,Fresno,01/12/2025,2.4,California,Tranquillity,2.4,2.3815199999999996,2.26272,1.84536
1247,Fresno,01/13/2025,4.5,California,Tranquillity,4.5,4.46535,4.2425999999999995,3.4600500000000003
1248,Fresno,01/14/2025,3.6,California,Tranquillity,3.6,3.57228,3.3940799999999998,2.76804
1249,Fresno,01/15/2025,7.1,California,Tranquillity,7.1,7.045329999999999,6.693879999999999,5.4591899999999995
1250,Fresno,01/16/2025,8.2,California,Tranquillity,8.2,8.136859999999999,7.730959999999999,6.30498
1251,Fresno,01/17/2025,10.8,California,Tranquillity,10.8,10.71684,10.18224,8.304120000000001
1252,Fresno,01/18/2025,11.5,California,Tranquillity,11.5,11.41145,10.8422,8.84235
1253,Fresno,01/19/2025,8.0,California,Tranquillity,8.0,7.9384,7.5424,6.1512
1254,Fresno,01/20/2025,10.3,California,Tranquillity,10.3,10.220690000000001,9.710840000000001,7.919670000000001
1255,Fresno,01/21/2025,7.8,California,Tranquillity,7.8,7.73994,7.35384,5.99742
1256,Fresno,01/22/2025,5.8,California,Tranquillity,5.8,5.7553399999999995,5.46824,4.45962
1257,Fresno,01/23/2025,9.7,California,Tranquillity,9.7,9.625309999999999,9.145159999999999,7.45833
1258,Fresno,01/24/2025,17.3,California,Tranquillity,17.3,17.16679,16.31044,13.30197
1259,Fresno,01/25/2025,12.7,California,Tranquillity,12.7,12.60221,11.973559999999999,9.76503
1260,Fresno,01/26/2025,2.9,California,Tranquillity,2.9,2.8776699999999997,2.73412,2.22981
1261,Fresno,01/27/2025,2.6,California,Tranquillity,2.6,2.57998,2.45128,1.9991400000000001
1262,Fresno,01/28/2025,4.0,California,Tranquillity,4.0,3.9692,3.7712,3.0756
1263,Fresno,01/29/2025,4.8,California,Tranquillity,4.8,4.763039999999999,4.52544,3.69072
1264,Fresno,01/30/2025,10.1,California,Tranquillity,10.1,10.022229999999999,9.522279999999999,7.76589
1265,Fresno,01/31/2025,14.2,California,Tranquillity,14.2,14.090659999999998,13.387759999999998,10.918379999999999
1266,Fresno,02/01/2025,19.6,California,Tranquillity,19.6,19.449080000000002,18.47888,15.070440000000001
1267,Fresno,02/02/2025,6.9,California,Tranquillity,6.9,6.84687,6.50532,5.30541
1268,Fresno,02/03/2025,5.0,California,Tranquillity,5.0,4.9615,4.7139999999999995,3.8445
1269,Fresno,02/04/2025,2.9,California,Tranquillity,2.9,2.8776699999999997,2.73412,2.22981
1270,Fresno,02/05/2025,2.4,California,Tranquillity,2.4,2.3815199999999996,2.26272,1.84536
1271,Fresno,02/06/2025,3.4,California,Tranquillity,3.4,3.37382,3.20552,2.61426
1272,Fresno,02/07/2025,3.6,California,Tranquillity,3.6,3.57228,3.3940799999999998,2.76804
1273,Fresno,02/08/2025,0.6,California,Tranquillity,0.6,0.5953799999999999,0.56568,0.46134
1274,Fresno,02/09/2025,0.9,California,Tranquillity,0.9,0.89307,0.8485199999999999,0.69201
1275,Fresno,02/10/2025,1.2,California,Tranquillity,1.2,1.1907599999999998,1.13136,0.92268
1276,Fresno,02/11/2025,2.2,California,Tranquillity,2.2,2.1830600000000002,2.07416,1.6915800000000003
1277,Fresno,02/12/2025,3.4,California,Tranquillity,3.4,3.37382,3.20552,2.61426
1278,Fresno,02/13/2025,4.0,California,Tranquillity,4.0,3.9692,3.7712,3.0756
1279,Fresno,02/14/2025,4.2,California,Tranquillity,4.2,4.16766,3.95976,3.2293800000000004
1280,Fresno,02/15/2025,3.3,California,Tranquillity,3.3,3.27459,3.1112399999999996,2.53737
1281,Fresno,02/16/2025,3.9,California,Tranquillity,3.9,3.86997,3.67692,2.99871
1282,Fresno,02/17/2025,2.8,California,Tranquillity,2.8,2.77844,2.63984,2.15292
1283,Fresno,02/18/2025,1.7,California,Tranquillity,1.7,1.68691,1.60276,1.30713
1284,Fresno,02/19/2025,2.6,California,Tranquillity,2.6,2.57998,2.45128,1.9991400000000001
1285,Fresno,02/20/2025,3.8,California,Tranquillity,3.8,3.7707399999999995,3.5826399999999996,2.92182
1286,Fresno,02/21/2025,3.3,California,Tranquillity,3.3,3.27459,3.1112399999999996,2.53737
1287,Fresno,02/22/2025,3.0,California,Tranquillity,3.0,2.9768999999999997,2.8284,2.3067
1288,Fresno,02/23/2025,3.1,California,Tranquillity,3.1,3.07613,2.92268,2.3835900000000003
1289,Fresno,02/24/2025,7.5,California,Tranquillity,7.5,7.44225,7.071,5.76675
1290,Fresno,02/25/2025,4.7,California,Tranquillity,4.7,4.66381,4.43116,3.61383
1291,Fresno,02/26/2025,2.0,California,Tranquillity,2.0,1.9846,1.8856,1.5378
1292,Fresno,02/27/2025,5.2,California,Tranquillity,5.2,5.15996,4.90256,3.9982800000000003
1293,Fresno,02/28/2025,6.6,California,Tranquillity,6.6,6.54918,6.222479999999999,5.07474
1294,Fresno,03/01/2025,4.1,California,Tranquillity,4.1,4.068429999999999,3.8654799999999994,3.15249
1295,Fresno,03/02/2025,2.0,California,Tranquillity,2.0,1.9846,1.8856,1.5378
1296,Fresno,03/03/2025,2.0,California,Tranquillity,2.0,1.9846,1.8856,1.5378
1297,Fresno,03/04/2025,2.0,California,Tranquillity,2.0,1.9846,1.8856,1.5378
1298,Fresno,03/05/2025,3.3,California,Tranquillity,3.3,3.27459,3.1112399999999996,2.53737
1299,Fresno,03/06/2025,0.6,California,Tranquillity,0.6,0.5953799999999999,0.56568,0.46134
1300,Fresno,03/07/2025,3.0,California,Tranquillity,3.0,2.9768999999999997,2.8284,2.3067
1301,Fresno,03/08/2025,2.3,California,Tranquillity,2.3,2.2822899999999997,2.16844,1.76847
1302,Fresno,03/09/2025,2.6,California,Tranquillity,2.6,2.57998,2.45128,1.9991400000000001
1303,Fresno,03/10/2025,4.8,California,Tranquillity,4.8,4.763039999999999,4.52544,3.69072
1304,Fresno,03/11/2025,3.5,California,Tranquillity,3.5,3.4730499999999997,3.2998,2.69115
1305,Fresno,03/12/2025,1.3,California,Tranquillity,1.3,1.28999,1.22564,0.9995700000000001
1306,Fresno,03/13/2025,0.8,California,Tranquillity,0.8,0.79384,0.75424,0.6151200000000001
1307,Fresno,03/14/2025,2.3,California,Tranquillity,2.3,2.2822899999999997,2.16844,1.76847
1308,Fresno,03/15/2025,6.0,California,Tranquillity,6.0,5.953799999999999,5.6568,4.6134
1309,Fresno,03/16/2025,4.5,California,Tranquillity,4.5,4.46535,4.2425999999999995,3.4600500000000003
1310,Fresno,03/17/2025,3.7,California,Tranquillity,3.7,3.67151,3.48836,2.84493
1311,Fresno,03/18/2025,1.6,California,Tranquillity,1.6,1.58768,1.50848,1.2302400000000002
1312,Fresno,03/19/2025,2.9,California,Tranquillity,2.9,2.8776699999999997,2.73412,2.22981
1313,Fresno,03/20/2025,2.9,California,Tranquillity,2.9,2.8776699999999997,2.73412,2.22981
1314,Fresno,03/21/2025,2.4,California,Tranquillity,2.4,2.3815199999999996,2.26272,1.84536
1315,Fresno,03/22/2025,5.7,California,Tranquillity,5.7,5.65611,5.37396,4.3827300000000005
1316,Fresno,03/23/2025,2.5,California,Tranquillity,2.5,2.48075,2.3569999999999998,1.92225
1317,Fresno,03/24/2025,1.7,California,Tranquillity,1.7,1.68691,1.60276,1.30713
1318,Fresno,03/25/2025,5.3,California,Tranquillity,5.3,5.259189999999999,4.99684,4.07517
1319,Fresno,03/26/2025,4.6,California,Tranquillity,4.6,4.564579999999999,4.33688,3.53694
1320,Fresno,03/27/2025,3.0,California,Tranquillity,3.0,2.9768999999999997,2.8284,2.3067
1321,Fresno,03/28/2025,3.6,California,Tranquillity,3.6,3.57228,3.3940799999999998,2.76804
1322,Fresno,03/29/2025,2.2,California,Tranquillity,2.2,2.1830600000000002,2.07416,1.6915800000000003
1323,Fresno,03/30/2025,2.2,California,Tranquillity,2.2,2.1830600000000002,2.07416,1.6915800000000003
1324,Fresno,03/31/2025,1.3,California,Tranquillity,1.3,1.28999,1.22564,0.9995700000000001
1325,Fresno,04/01/2025,2.7,California,Tranquillity,2.7,2.67921,2.54556,2.0760300000000003
1326,Fresno,04/02/2025,1.7,California,Tranquillity,1.7,1.68691,1.60276,1.30713
1327,Fresno,04/03/2025,2.8,California,Tranquillity,2.8,2.77844,2.63984,2.15292
1328,Fresno,04/04/2025,3.1,California,Tranquillity,3.1,3.07613,2.92268,2.3835900000000003
1329,Fresno,04/05/2025,2.8,California,Tranquillity,2.8,2.77844,2.63984,2.15292
1330,Fresno,04/06/2025,2.7,California,Tranquillity,2.7,2.67921,2.54556,2.0760300000000003
1331,Fresno,04/07/2025,2.4,California,Tranquillity,2.4,2.3815199999999996,2.26272,1.84536
1332,Fresno,04/08/2025,2.4,California,Tranquillity,2.4,2.3815199999999996,2.26272,1.84536
1333,Fresno,04/09/2025,4.3,California,Tranquillity,4.3,4.26689,4.05404,3.30627
1334,Fresno,04/10/2025,4.5,California,Tranquillity,4.5,4.46535,4.2425999999999995,3.4600500000000003
1335,Fresno,04/11/2025,4.0,California,Tranquillity,4.0,3.9692,3.7712,3.0756
1336,Fresno,04/12/2025,4.9,California,Tranquillity,4.9,4.8622700000000005,4.61972,3.7676100000000003
1337,Fresno,04/13/2025,5.5,California,Tranquillity,5.5,5.45765,5.1854,4.22895
1338,Fresno,04/14/2025,5.6,California,Tranquillity,5.6,5.55688,5.27968,4.30584
1339,Fresno,04/15/2025,6.5,California,Tranquillity,6.5,6.449949999999999,6.1282,4.997850000000001
1340,Fresno,04/16/2025,7.8,California,Tranquillity,7.8,7.73994,7.35384,5.99742
1341,Fresno,04/17/2025,6.3,California,Tranquillity,6.3,6.2514899999999995,5.93964,4.84407
1342,Fresno,04/18/2025,6.3,California,Tranquillity,6.3,6.2514899999999995,5.93964,4.84407
1343,Fresno,04/19/2025,5.4,California,Tranquillity,5.4,5.35842,5.09112,4.1520600000000005
1344,Fresno,04/20/2025,5.4,California,Tranquillity,5.4,5.35842,5.09112,4.1520600000000005
1345,Fresno,04/21/2025,5.5,California,Tranquillity,5.5,5.45765,5.1854,4.22895
1346,Fresno,04/22/2025,4.4,California,Tranquillity,4.4,4.3661200000000004,4.14832,3.3831600000000006
1347,Fresno,04/23/2025,5.0,California,Tranquillity,5.0,4.9615,4.7139999999999995,3.8445
1348,Fresno,04/24/2025,6.7,California,Tranquillity,6.7,6.64841,6.31676,5.15163
1349,Fresno,04/25/2025,4.7,California,Tranquillity,4.7,4.66381,4.43116,3.61383
1350,Fresno,04/26/2025,1.9,California,Tranquillity,1.9,1.8853699999999998,1.7913199999999998,1.46091
1351,Fresno,04/27/2025,2.2,California,Tranquillity,2.2,2.1830600000000002,2.07416,1.6915800000000003
1352,Fresno,04/28/2025,5.0,California,Tranquillity,5.0,4.9615,4.7139999999999995,3.8445
1353,Fresno,04/29/2025,4.6,California,Tranquillity,4.6,4.564579999999999,4.33688,3.53694
1354,Fresno,04/30/2025,5.8,California,Tranquillity,5.8,5.7553399999999995,5.46824,4.45962
1355,Fresno,05/01/2025,8.0,California,Tranquillity,8.0,7.9384,7.5424,6.1512
1356,Fresno,05/02/2025,6.2,California,Tranquillity,6.2,6.15226,5.84536,4.767180000000001
1357,Fresno,05/03/2025,4.6,California,Tranquillity,4.6,4.564579999999999,4.33688,3.53694
1358,Fresno,05/04/2025,5.8,California,Tranquillity,5.8,5.7553399999999995,5.46824,4.45962
1359,Fresno,05/05/2025,7.3,California,Tranquillity,7.3,7.24379,6.88244,5.61297
1360,Fresno,05/06/2025,7.5,California,Tranquillity,7.5,7.44225,7.071,5.76675
1361,Fresno,05/07/2025,10.5,California,Tranquillity,10.5,10.41915,9.8994,8.073450000000001
1362,Fresno,05/08/2025,9.2,California,Tranquillity,9.2,9.129159999999999,8.67376,7.07388
1363,Fresno,05/09/2025,8.0,California,Tranquillity,8.0,7.9384,7.5424,6.1512
1364,Fresno,05/10/2025,5.4,California,Tranquillity,5.4,5.35842,5.09112,4.1520600000000005
1365,Fresno,05/11/2025,3.0,California,Tranquillity,3.0,2.9768999999999997,2.8284,2.3067
1366,Fresno,05/12/2025,2.4,California,Tranquillity,2.4,2.3815199999999996,2.26272,1.84536
1367,Fresno,05/13/2025,2.2,California,Tranquillity,2.2,2.1830600000000002,2.07416,1.6915800000000003
1368,Fresno,05/14/2025,6.3,California,Tranquillity,6.3,6.2514899999999995,5.93964,4.84407
1369,Fresno,05/15/2025,5.3,California,Tranquillity,5.3,5.259189999999999,4.99684,4.07517
1370,Fresno,05/16/2025,5.2,California,Tranquillity,5.2,5.15996,4.90256,3.9982800000000003
1371,Fresno,05/17/2025,4.8,California,Tranquillity,4.8,4.763039999999999,4.52544,3.69072
1372,Fresno,05/18/2025,6.7,California,Tranquillity,6.7,6.64841,6.31676,5.15163
1373,Fresno,05/19/2025,5.3,California,Tranquillity,5.3,5.259189999999999,4.99684,4.07517
1374,Fresno,05/20/2025,3.7,California,Tranquillity,3.7,3.67151,3.48836,2.84493
1375,Fresno,05/21/2025,5.0,California,Tranquillity,5.0,4.9615,4.7139999999999995,3.8445
1376,Fresno,05/22/2025,5.6,California,Tranquillity,5.6,5.55688,5.27968,4.30584
1377,Fresno,05/23/2025,2.6,California,Tranquillity,2.6,2.57998,2.45128,1.9991400000000001
1378,Fresno,05/24/2025,5.5,California,Tranquillity,5.5,5.45765,5.1854,4.22895
1379,Fresno,05/25/2025,4.2,California,Tranquillity,4.2,4.16766,3.95976,3.2293800000000004
1380,Fresno,05/26/2025,2.6,California,Tranquillity,2.6,2.57998,2.45128,1.9991400000000001
1381,Fresno,05/27/2025,3.5,California,Tranquillity,3.5,3.4730499999999997,3.2998,2.69115
1382,Fresno,05/28/2025,5.8,California,Tranquillity,5.8,5.7553399999999995,5.46824,4.45962
1383,Fresno,05/29/2025,4.0,California,Tranquillity,4.0,3.9692,3.7712,3.0756
1384,Fresno,05/30/2025,6.9,California,Tranquillity,6.9,6.84687,6.50532,5.30541
1385,Fresno,05/31/2025,7.4,California,Tranquillity,7.4,7.34302,6.97672,5.68986
1386,Fresno,06/01/2025,3.0,California,Tranquillity,3.0,2.9768999999999997,2.8284,2.3067
1387,Fresno,06/02/2025,8.2,California,Tranquillity,8.2,8.136859999999999,7.730959999999999,6.30498
1388,Fresno,06/03/2025,6.7,California,Tranquillity,6.7,6.64841,6.31676,5.15163
1389,Fresno,06/04/2025,8.7,California,Tranquillity,8.7,8.633009999999999,8.202359999999999,6.68943
1390,Fresno,06/05/2025,9.0,California,Tranquillity,9.0,8.9307,8.485199999999999,6.920100000000001
1391,Fresno,06/06/2025,7.6,California,Tranquillity,7.6,7.541479999999999,7.165279999999999,5.84364
1392,Fresno,06/07/2025,7.1,California,Tranquillity,7.1,7.045329999999999,6.693879999999999,5.4591899999999995
1393,Fresno,06/08/2025,6.0,California,Tranquillity,6.0,5.953799999999999,5.6568,4.6134
1394,Fresno,06/09/2025,7.3,California,Tranquillity,7.3,7.24379,6.88244,5.61297
1395,Fresno,06/10/2025,7.7,California,Tranquillity,7.7,7.6407099999999994,7.25956,5.92053
1396,Fresno,06/11/2025,9.7,California,Tranquillity,9.7,9.625309999999999,9.145159999999999,7.45833
1397,Fresno,06/12/2025,10.0,California,Tranquillity,10.0,9.923,9.427999999999999,7.689
1398,Fresno,06/13/2025,5.0,California,Tranquillity,5.0,4.9615,4.7139999999999995,3.8445
1399,Fresno,06/14/2025,5.4,California,Tranquillity,5.4,5.35842,5.09112,4.1520600000000005
1400,Fresno,06/15/2025,7.5,California,Tranquillity,7.5,7.44225,7.071,5.76675
1401,Fresno,06/16/2025,4.7,California,Tranquillity,4.7,4.66381,4.43116,3.61383
1402,Fresno,06/17/2025,4.9,California,Tranquillity,4.9,4.8622700000000005,4.61972,3.7676100000000003
1403,Fresno,06/18/2025,5.5,California,Tranquillity,5.5,5.45765,5.1854,4.22895
1404,Fresno,06/19/2025,6.3,California,Tranquillity,6.3,6.2514899999999995,5.93964,4.84407
1405,Fresno,06/20/2025,6.3,California,Tranquillity,6.3,6.2514899999999995,5.93964,4.84407
1406,Fresno,06/21/2025,3.6,California,Tranquillity,3.6,3.57228,3.3940799999999998,2.76804
1407,Fresno,06/22/2025,3.1,California,Tranquillity,3.1,3.07613,2.92268,2.3835900000000003
1408,Fresno,06/23/2025,6.9,California,Tranquillity,6.9,6.84687,6.50532,5.30541
1409,Fresno,06/24/2025,4.8,California,Tranquillity,4.8,4.763039999999999,4.52544,3.69072
1410,Fresno,06/25/2025,6.1,California,Tranquillity,6.1,6.05303,5.751079999999999,4.69029
1411,Fresno,06/26/2025,4.5,California,Tranquillity,4.5,4.46535,4.2425999999999995,3.4600500000000003
1412,Fresno,06/27/2025,6.2,California,Tranquillity,6.2,6.15226,5.84536,4.767180000000001
1413,Fresno,06/28/2025,8.1,California,Tranquillity,8.1,8.03763,7.636679999999999,6.22809
1414,Fresno,06/29/2025,7.5,California,Tranquillity,7.5,7.44225,7.071,5.76675
1415,Fresno,06/30/2025,6.2,California,Tranquillity,6.2,6.15226,5.84536,4.767180000000001
1416,Fresno,07/01/2025,6.7,California,Tranquillity,6.7,6.64841,6.31676,5.15163
1417,Fresno,07/02/2025,8.9,California,Tranquillity,8.9,8.83147,8.39092,6.843210000000001
1418,Fresno,07/03/2025,8.4,California,Tranquillity,8.4,8.33532,7.91952,6.458760000000001
1419,Fresno,07/04/2025,4.7,California,Tranquillity,4.7,4.66381,4.43116,3.61383
1420,Fresno,07/05/2025,6.0,California,Tranquillity,6.0,5.953799999999999,5.6568,4.6134
1421,Fresno,07/06/2025,6.4,California,Tranquillity,6.4,6.35072,6.03392,4.920960000000001
1422,Fresno,07/07/2025,7.3,California,Tranquillity,7.3,7.24379,6.88244,5.61297
1423,Fresno,07/08/2025,6.2,California,Tranquillity,6.2,6.15226,5.84536,4.767180000000001
1424,Fresno,07/09/2025,6.4,California,Tranquillity,6.4,6.35072,6.03392,4.920960000000001
1425,Fresno,07/10/2025,7.4,California,Tranquillity,7.4,7.34302,6.97672,5.68986
1426,Fresno,07/11/2025,12.5,California,Tranquillity,12.5,12.403749999999999,11.785,9.61125
1427,Fresno,07/12/2025,12.7,California,Tranquillity,12.7,12.60221,11.973559999999999,9.76503
1428,Fresno,07/13/2025,10.4,California,Tranquillity,10.4,10.31992,9.80512,7.996560000000001
1429,Fresno,07/14/2025,8.8,California,Tranquillity,8.8,8.732240000000001,8.29664,6.766320000000001
1430,Fresno,07/15/2025,7.9,California,Tranquillity,7.9,7.83917,7.44812,6.0743100000000005
1431,Fresno,07/16/2025,5.7,California,Tranquillity,5.7,5.65611,5.37396,4.3827300000000005
1432,Fresno,07/17/2025,5.8,California,Tranquillity,5.8,5.7553399999999995,5.46824,4.45962
1433,Fresno,07/18/2025,6.6,California,Tranquillity,6.6,6.54918,6.222479999999999,5.07474
1434,Fresno,07/19/2025,6.3,California,Tranquillity,6.3,6.2514899999999995,5.93964,4.84407
1435,Fresno,07/20/2025,5.4,California,Tranquillity,5.4,5.35842,5.09112,4.1520600000000005
1436,Fresno,07/21/2025,5.4,California,Tranquillity,5.4,5.35842,5.09112,4.1520600000000005
1437,Fresno,07/22/2025,3.8,California,Tranquillity,3.8,3.7707399999999995,3.5826399999999996,2.92182
1438,Fresno,07/23/2025,5.2,California,Tranquillity,5.2,5.15996,4.90256,3.9982800000000003
1439,Fresno,07/24/2025,4.8,California,Tranquillity,4.8,4.763039999999999,4.52544,3.69072
1440,Fresno,07/25/2025,4.3,California,Tranquillity,4.3,4.26689,4.05404,3.30627
1441,Fresno,07/26/2025,5.3,California,Tranquillity,5.3,5.259189999999999,4.99684,4.07517
1442,Fresno,07/27/2025,5.0,California,Tranquillity,5.0,4.9615,4.7139999999999995,3.8445
1443,Fresno,07/28/2025,6.1,California,Tranquillity,6.1,6.05303,5.751079999999999,4.69029
1444,Fresno,07/29/2025,5.9,California,Tranquillity,5.9,5.85457,5.56252,4.536510000000001
1445,Fresno,07/30/2025,10.7,California,Tranquillity,10.7,10.617609999999999,10.087959999999999,8.22723
1446,Fresno,07/31/2025,9.6,California,Tranquillity,9.6,9.526079999999999,9.05088,7.38144
1447,Fresno,08/01/2025,8.6,California,Tranquillity,8.6,8.53378,8.10808,6.61254
1448,Fresno,08/02/2025,6.8,California,Tranquillity,6.8,6.74764,6.41104,5.22852
1449,Fresno,08/03/2025,6.9,California,Tranquillity,6.9,6.84687,6.50532,5.30541
1450,Fresno,08/04/2025,5.7,California,Tranquillity,5.7,5.65611,5.37396,4.3827300000000005
1451,Fresno,08/05/2025,4.8,California,Tranquillity,4.8,4.763039999999999,4.52544,3.69072
1452,Fresno,08/06/2025,5.6,California,Tranquillity,5.6,5.55688,5.27968,4.30584
1453,Fresno,08/07/2025,6.6,California,Tranquillity,6.6,6.54918,6.222479999999999,5.07474
1454,Fresno,08/08/2025,8.2,California,Tranquillity,8.2,8.136859999999999,7.730959999999999,6.30498
1455,Fresno,08/09/2025,12.1,California,Tranquillity,12.1,12.006829999999999,11.407879999999999,9.30369
1456,Fresno,08/10/2025,9.2,California,Tranquillity,9.2,9.129159999999999,8.67376,7.07388
1457,Fresno,08/11/2025,10.6,California,Tranquillity,10.6,10.518379999999999,9.99368,8.15034
1458,Fresno,08/12/2025,8.5,California,Tranquillity,8.5,8.43455,8.0138,6.53565
1459,Fresno,08/13/2025,7.7,California,Tranquillity,7.7,7.6407099999999994,7.25956,5.92053
1460,Fresno,08/14/2025,8.0,California,Tranquillity,8.0,7.9384,7.5424,6.1512
1461,Fresno,08/15/2025,7.5,California,Tranquillity,7.5,7.44225,7.071,5.76675
1462,Fresno,08/16/2025,5.5,California,Tranquillity,5.5,5.45765,5.1854,4.22895
1463,Fresno,08/17/2025,4.7,California,Tranquillity,4.7,4.66381,4.43116,3.61383
1464,Fresno,08/18/2025,5.1,California,Tranquillity,5.1,5.0607299999999995,4.80828,3.9213899999999997
1465,Fresno,08/19/2025,6.4,California,Tranquillity,6.4,6.35072,6.03392,4.920960000000001
1466,Fresno,08/20/2025,6.7,California,Tranquillity,6.7,6.64841,6.31676,5.15163
1467,Fresno,08/21/2025,8.6,California,Tranquillity,8.6,8.53378,8.10808,6.61254
1468,Fresno,08/22/2025,8.7,California,Tranquillity,8.7,8.633009999999999,8.202359999999999,6.68943
1469,Fresno,08/23/2025,14.7,California,Tranquillity,14.7,14.586809999999998,13.85916,11.30283
1470,Fresno,08/24/2025,10.9,California,Tranquillity,10.9,10.81607,10.27652,8.38101
1471,Fresno,08/25/2025,8.0,California,Tranquillity,8.0,7.9384,7.5424,6.1512
1472,Fresno,08/26/2025,11.4,California,Tranquillity,11.4,11.31222,10.74792,8.765460000000001
1473,Fresno,08/27/2025,12.4,California,Tranquillity,12.4,12.30452,11.69072,9.534360000000001
1474,Fresno,08/28/2025,11.2,California,Tranquillity,11.2,11.11376,10.55936,8.61168
1475,Fresno,08/29/2025,7.2,California,Tranquillity,7.2,7.14456,6.7881599999999995,5.53608
1476,Fresno,08/30/2025,7.6,California,Tranquillity,7.6,7.541479999999999,7.165279999999999,5.84364
1477,Fresno,08/31/2025,7.1,California,Tranquillity,7.1,7.045329999999999,6.693879999999999,5.4591899999999995
1478,Fresno,09/01/2025,9.2,California,Tranquillity,9.2,9.129159999999999,8.67376,7.07388
1479,Fresno,09/02/2025,9.3,California,Tranquillity,9.3,9.228390000000001,8.768040000000001,7.1507700000000005
1480,Fresno,09/03/2025,10.1,California,Tranquillity,10.1,10.022229999999999,9.522279999999999,7.76589
1481,Fresno,09/04/2025,7.5,California,Tranquillity,7.5,7.44225,7.071,5.76675
1482,Fresno,09/05/2025,14.6,California,Tranquillity,14.6,14.48758,13.76488,11.22594
1483,Fresno,09/06/2025,10.9,California,Tranquillity,10.9,10.81607,10.27652,8.38101
1484,Fresno,09/07/2025,5.9,California,Tranquillity,5.9,5.85457,5.56252,4.536510000000001
1485,Fresno,09/08/2025,5.3,California,Tranquillity,5.3,5.259189999999999,4.99684,4.07517
1486,Fresno,09/09/2025,4.2,California,Tranquillity,4.2,4.16766,3.95976,3.2293800000000004
1487,Fresno,09/10/2025,3.6,California,Tranquillity,3.6,3.57228,3.3940799999999998,2.76804
1488,Fresno,09/11/2025,5.5,California,Tranquillity,5.5,5.45765,5.1854,4.22895
1489,Fresno,09/12/2025,7.2,California,Tranquillity,7.2,7.14456,6.7881599999999995,5.53608
1490,Fresno,09/13/2025,8.4,California,Tranquillity,8.4,8.33532,7.91952,6.458760000000001
1491,Fresno,09/14/2025,5.7,California,Tranquillity,5.7,5.65611,5.37396,4.3827300000000005
1492,Fresno,09/15/2025,6.1,California,Tranquillity,6.1,6.05303,5.751079999999999,4.69029
1493,Fresno,09/16/2025,6.9,California,Tranquillity,6.9,6.84687,6.50532,5.30541
1494,Fresno,09/17/2025,8.6,California,Tranquillity,8.6,8.53378,8.10808,6.61254
1495,Fresno,09/18/2025,10.6,California,Tranquillity,10.6,10.518379999999999,9.99368,8.15034
1496,Fresno,09/19/2025,10.9,California,Tranquillity,10.9,10.81607,10.27652,8.38101
1497,Fresno,09/20/2025,9.2,California,Tranquillity,9.2,9.129159999999999,8.67376,7.07388
1498,Fresno,09/21/2025,6.5,California,Tranquillity,6.5,6.449949999999999,6.1282,4.997850000000001
1499,Fresno,09/22/2025,6.0,California,Tranquillity,6.0,5.953799999999999,5.6568,4.6134
1500,Fresno,09/23/2025,6.4,California,Tranquillity,6.4,6.35072,6.03392,4.920960000000001
1501,Fresno,09/24/2025,7.1,California,Tranquillity,7.1,7.045329999999999,6.693879999999999,5.4591899999999995
1502,Fresno,09/25/2025,6.0,California,Tranquillity,6.0,5.953799999999999,5.6568,4.6134
1503,Fresno,09/26/2025,9.3,California,Tranquillity,9.3,9.228390000000001,8.768040000000001,7.1507700000000005
1504,Fresno,09/27/2025,11.1,California,Tranquillity,11.1,11.014529999999999,10.465079999999999,8.53479
1505,Fresno,09/28/2025,8.9,California,Tranquillity,8.9,8.83147,8.39092,6.843210000000001
1506,Fresno,09/29/2025,7.0,California,Tranquillity,7.0,6.9460999999999995,6.5996,5.3823
1507,Fresno,09/30/2025,5.0,California,Tranquillity,5.0,4.9615,4.7139999999999995,3.8445
1508,Fresno,10/01/2025,3.2,California,Tranquillity,3.2,3.17536,3.01696,2.4604800000000004
1509,Fresno,10/02/2025,5.2,California,Tranquillity,5.2,5.15996,4.90256,3.9982800000000003
1510,Fresno,10/03/2025,5.0,California,Tranquillity,5.0,4.9615,4.7139999999999995,3.8445
1511,Fresno,10/04/2025,5.2,California,Tranquillity,5.2,5.15996,4.90256,3.9982800000000003
1512,Fresno,10/05/2025,3.5,California,Tranquillity,3.5,3.4730499999999997,3.2998,2.69115
1513,Fresno,10/06/2025,4.8,California,Tranquillity,4.8,4.763039999999999,4.52544,3.69072
1514,Fresno,10/07/2025,5.0,California,Tranquillity,5.0,4.9615,4.7139999999999995,3.8445
1515,Fresno,10/08/2025,5.5,California,Tranquillity,5.5,5.45765,5.1854,4.22895
1516,Fresno,10/09/2025,5.7,California,Tranquillity,5.7,5.65611,5.37396,4.3827300000000005
1517,Fresno,10/10/2025,5.2,California,Tranquillity,5.2,5.15996,4.90256,3.9982800000000003
1518,Fresno,10/11/2025,3.7,California,Tranquillity,3.7,3.67151,3.48836,2.84493
1519,Fresno,10/12/2025,1.7,California,Tranquillity,1.7,1.68691,1.60276,1.30713
1520,Fresno,10/13/2025,3.0,California,Tranquillity,3.0,2.9768999999999997,2.8284,2.3067
1521,Fresno,10/14/2025,2.4,California,Tranquillity,2.4,2.3815199999999996,2.26272,1.84536
1522,Fresno,10/15/2025,4.3,California,Tranquillity,4.3,4.26689,4.05404,3.30627
1523,Fresno,10/16/2025,5.2,California,Tranquillity,5.2,5.15996,4.90256,3.9982800000000003
1524,Fresno,10/17/2025,6.5,California,Tranquillity,6.5,6.449949999999999,6.1282,4.997850000000001
1525,Fresno,10/18/2025,9.5,California,Tranquillity,9.5,9.42685,8.9566,7.30455
1526,Fresno,10/19/2025,11.2,California,Tranquillity,11.2,11.11376,10.55936,8.61168
1527,Fresno,10/20/2025,8.5,California,Tranquillity,8.5,8.43455,8.0138,6.53565
1528,Fresno,10/21/2025,8.0,California,Tranquillity,8.0,7.9384,7.5424,6.1512
1529,Fresno,10/22/2025,7.5,California,Tranquillity,7.5,7.44225,7.071,5.76675
1530,Fresno,10/23/2025,7.0,California,Tranquillity,7.0,6.9460999999999995,6.5996,5.3823
1531,Fresno,10/24/2025,8.0,California,Tranquillity,8.0,7.9384,7.5424,6.1512
1532,Fresno,10/25/2025,7.7,California,Tranquillity,7.7,7.6407099999999994,7.25956,5.92053
1533,Fresno,10/26/2025,3.0,California,Tranquillity,3.0,2.9768999999999997,2.8284,2.3067
1534,Fresno,10/27/2025,3.5,California,Tranquillity,3.5,3.4730499999999997,3.2998,2.69115
1535,Fresno,10/28/2025,2.7,California,Tranquillity,2.7,2.67921,2.54556,2.0760300000000003
1536,Fresno,10/29/2025,5.7,California,Tranquillity,5.7,5.65611,5.37396,4.3827300000000005
1537,Fresno,11/04/2025,4.5,California,Tranquillity,4.5,4.46535,4.2425999999999995,3.4600500000000003
1538,Fresno,11/05/2025,7.9,California,Tranquillity,7.9,7.83917,7.44812,6.0743100000000005
1539,Fresno,11/06/2025,4.6,California,Tranquillity,4.6,4.564579999999999,4.33688,3.53694
1540,Fresno,11/07/2025,3.9,California,Tranquillity,3.9,3.86997,3.67692,2.99871
1541,Fresno,11/08/2025,2.5,California,Tranquillity,2.5,2.48075,2.3569999999999998,1.92225
1542,Fresno,11/09/2025,2.9,California,Tranquillity,2.9,2.8776699999999997,2.73412,2.22981
1543,Fresno,11/10/2025,7.2,California,Tranquillity,7.2,7.14456,6.7881599999999995,5.53608
1544,Fresno,11/11/2025,6.8,California,Tranquillity,6.8,6.74764,6.41104,5.22852
1545,Fresno,11/12/2025,7.5,California,Tranquillity,7.5,7.44225,7.071,5.76675
1546,Fresno,11/13/2025,4.8,California,Tranquillity,4.8,4.763039999999999,4.52544,3.69072
1547,Fresno,11/14/2025,0.5,California,Tranquillity,0.5,0.49615,0.4714,0.38445
1548,Fresno,11/15/2025,2.5,California,Tranquillity,2.5,2.48075,2.3569999999999998,1.92225
1549,Fresno,11/16/2025,0.9,California,Tranquillity,0.9,0.89307,0.8485199999999999,0.69201
1550,Fresno,11/17/2025,1.7,California,Tranquillity,1.7,1.68691,1.60276,1.30713
1551,Fresno,11/18/2025,2.1,California,Tranquillity,2.1,2.08383,1.97988,1.6146900000000002
1552,Fresno,11/19/2025,2.7,California,Tranquillity,2.7,2.67921,2.54556,2.0760300000000003
1553,Fresno,11/20/2025,6.2,California,Tranquillity,6.2,6.15226,5.84536,4.767180000000001
1554,Fresno,11/21/2025,5.8,California,Tranquillity,5.8,5.7553399999999995,5.46824,4.45962
1555,Fresno,11/22/2025,5.3,California,Tranquillity,5.3,5.259189999999999,4.99684,4.07517
1556,Fresno,11/23/2025,5.7,California,Tranquillity,5.7,5.65611,5.37396,4.3827300000000005
1557,Fresno,11/24/2025,6.7,California,Tranquillity,6.7,6.64841,6.31676,5.15163
1558,Fresno,11/25/2025,6.9,California,Tranquillity,6.9,6.84687,6.50532,5.30541
1559,Fresno,11/26/2025,7.5,California,Tranquillity,7.5,7.44225,7.071,5.76675
1560,Fresno,11/27/2025,12.8,California,Tranquillity,12.8,12.70144,12.06784,9.841920000000002
1561,Fresno,11/28/2025,14.8,California,Tranquillity,14.8,14.68604,13.95344,11.37972
1562,Fresno,11/29/2025,16.1,California,Tranquillity,16.1,15.976030000000002,15.17908,12.379290000000001
1563,Fresno,11/30/2025,13.3,California,Tranquillity,13.3,13.19759,12.53924,10.226370000000001
1564,Fresno,12/01/2025,7.5,California,Tranquillity,7.5,7.44225,7.071,5.76675
1565,Fresno,12/02/2025,10.5,California,Tranquillity,10.5,10.41915,9.8994,8.073450000000001
1566,Fresno,12/03/2025,12.1,California,Tranquillity,12.1,12.006829999999999,11.407879999999999,9.30369
1567,Fresno,12/04/2025,10.7,California,Tranquillity,10.7,10.617609999999999,10.087959999999999,8.22723
1568,Fresno,12/05/2025,11.5,California,Tranquillity,11.5,11.41145,10.8422,8.84235
1569,Fresno,12/06/2025,14.5,California,Tranquillity,14.5,14.388349999999999,13.6706,11.14905
1570,Fresno,12/07/2025,15.2,California,Tranquillity,15.2,15.082959999999998,14.330559999999998,11.68728
1571,Fresno,12/08/2025,6.9,California,Tranquillity,6.9,6.84687,6.50532,5.30541
1572,Fresno,12/09/2025,10.5,California,Tranquillity,10.5,10.41915,9.8994,8.073450000000001
1573,Fresno,12/10/2025,3.2,California,Tranquillity,3.2,3.17536,3.01696,2.4604800000000004
1574,Fresno,12/11/2025,3.1,California,Tranquillity,3.1,3.07613,2.92268,2.3835900000000003
1575,Fresno,12/12/2025,1.3,California,Tranquillity,1.3,1.28999,1.22564,0.9995700000000001
1576,Fresno,12/13/2025,2.5,California,Tranquillity,2.5,2.48075,2.3569999999999998,1.92225
1577,Fresno,12/14/2025,1.8,California,Tranquillity,1.8,1.78614,1.6970399999999999,1.38402
1578,Fresno,12/15/2025,2.5,California,Tranquillity,2.5,2.48075,2.3569999999999998,1.92225
1579,Fresno,12/16/2025,6.5,California,Tranquillity,6.5,6.449949999999999,6.1282,4.997850000000001
1580,Fresno,12/17/2025,3.4,California,Tranquillity,3.4,3.37382,3.20552,2.61426
1581,Fresno,12/18/2025,13.1,California,Tranquillity,13.1,12.99913,12.350679999999999,10.07259
1582,Fresno,12/19/2025,6.8,California,Tranquillity,6.8,6.74764,6.41104,5.22852
1583,Fresno,12/20/2025,10.4,California,Tranquillity,10.4,10.31992,9.80512,7.996560000000001
1584,Fresno,12/21/2025,7.0,California,Tranquillity,7.0,6.9460999999999995,6.5996,5.3823
1585,Fresno,12/22/2025,-0.7,California,Tranquillity,-0.7,-0.69461,-0.65996,-0.53823
1586,Fresno,12/23/2025,2.4,California,Tranquillity,2.4,2.3815199999999996,2.26272,1.84536
1587,Fresno,12/24/2025,0.0,California,Tranquillity,0.0,0.0,0.0,0.0
1588,Fresno,12/26/2025,-0.6,California,Tranquillity,-0.6,-0.5953799999999999,-0.56568,-0.46134
1589,Fresno,12/27/2025,0.2,California,Tranquillity,0.2,0.19846,0.18856,0.15378000000000003
1590,Fresno,12/28/2025,0.7,California,Tranquillity,0.7,0.69461,0.65996,0.53823
1591,Fresno,12/29/2025,1.2,California,Tranquillity,1.2,1.1907599999999998,1.13136,0.92268
1592,Fresno,12/30/2025,5.1,California,Tranquillity,5.1,5.0607299999999995,4.80828,3.9213899999999997
1593,Fresno,12/31/2025,11.6,California,Tranquillity,11.6,11.510679999999999,10.93648,8.91924
1594,Fresno,01/01/2025,42.9,California,Fresno-Foundry,42.9,42.569669999999995,40.44612,32.98581
1595,Fresno,01/02/2025,37.7,California,Fresno-Foundry,37.7,37.409710000000004,35.54356,28.987530000000003
1596,Fresno,01/03/2025,27.9,California,Fresno-Foundry,27.9,27.685169999999996,26.304119999999998,21.45231
1597,Fresno,01/04/2025,12.3,California,Fresno-Foundry,12.3,12.20529,11.596440000000001,9.45747
1598,Fresno,01/05/2025,21.6,California,Fresno-Foundry,21.6,21.43368,20.36448,16.608240000000002
1599,Fresno,01/06/2025,23.0,California,Fresno-Foundry,23.0,22.8229,21.6844,17.6847
1600,Fresno,01/07/2025,20.0,California,Fresno-Foundry,20.0,19.846,18.855999999999998,15.378
1601,Fresno,01/08/2025,30.7,California,Fresno-Foundry,30.7,30.46361,28.943959999999997,23.60523
1602,Fresno,01/09/2025,23.2,California,Fresno-Foundry,23.2,23.021359999999998,21.87296,17.83848
1603,Fresno,01/10/2025,26.6,California,Fresno-Foundry,26.6,26.39518,25.07848,20.452740000000002
1604,Fresno,01/11/2025,25.9,California,Fresno-Foundry,25.9,25.70057,24.418519999999997,19.91451
1605,Fresno,01/12/2025,30.2,California,Fresno-Foundry,30.2,29.96746,28.472559999999998,23.22078
1606,Fresno,01/13/2025,16.8,California,Fresno-Foundry,16.8,16.67064,15.83904,12.917520000000001
1607,Fresno,01/14/2025,24.2,California,Fresno-Foundry,24.2,24.013659999999998,22.815759999999997,18.60738
1608,Fresno,01/15/2025,24.8,California,Fresno-Foundry,24.8,24.60904,23.38144,19.068720000000003
1609,Fresno,01/16/2025,30.1,California,Fresno-Foundry,30.1,29.86823,28.37828,23.143890000000003
1610,Fresno,01/17/2025,25.5,California,Fresno-Foundry,25.5,25.303649999999998,24.0414,19.60695
1611,Fresno,01/18/2025,33.4,California,Fresno-Foundry,33.4,33.14282,31.48952,25.681259999999998
1612,Fresno,01/19/2025,30.7,California,Fresno-Foundry,30.7,30.46361,28.943959999999997,23.60523
1613,Fresno,01/20/2025,32.0,California,Fresno-Foundry,32.0,31.7536,30.1696,24.6048
1614,Fresno,01/21/2025,30.5,California,Fresno-Foundry,30.5,30.26515,28.755399999999998,23.45145
1615,Fresno,01/22/2025,28.1,California,Fresno-Foundry,28.1,27.88363,26.49268,21.606090000000002
1616,Fresno,01/23/2025,35.8,California,Fresno-Foundry,35.8,35.524339999999995,33.75223999999999,27.526619999999998
1617,Fresno,01/24/2025,30.7,California,Fresno-Foundry,30.7,30.46361,28.943959999999997,23.60523
1618,Fresno,01/25/2025,23.5,California,Fresno-Foundry,23.5,23.31905,22.1558,18.06915
1619,Fresno,01/26/2025,4.7,California,Fresno-Foundry,4.7,4.66381,4.43116,3.61383
1620,Fresno,01/27/2025,12.2,California,Fresno-Foundry,12.2,12.10606,11.502159999999998,9.38058
1621,Fresno,01/28/2025,15.3,California,Fresno-Foundry,15.3,15.18219,14.42484,11.764170000000002
1622,Fresno,01/29/2025,17.3,California,Fresno-Foundry,17.3,17.16679,16.31044,13.30197
1623,Fresno,01/30/2025,30.7,California,Fresno-Foundry,30.7,30.46361,28.943959999999997,23.60523
1624,Fresno,01/31/2025,30.6,California,Fresno-Foundry,30.6,30.36438,28.84968,23.528340000000004
1625,Fresno,02/01/2025,24.4,California,Fresno-Foundry,24.4,24.21212,23.004319999999996,18.76116
1626,Fresno,02/02/2025,13.6,California,Fresno-Foundry,13.6,13.49528,12.82208,10.45704
1627,Fresno,02/03/2025,10.0,California,Fresno-Foundry,10.0,9.923,9.427999999999999,7.689
1628,Fresno,02/04/2025,3.2,California,Fresno-Foundry,3.2,3.17536,3.01696,2.4604800000000004
1629,Fresno,02/05/2025,3.7,California,Fresno-Foundry,3.7,3.67151,3.48836,2.84493
1630,Fresno,02/06/2025,6.0,California,Fresno-Foundry,6.0,5.953799999999999,5.6568,4.6134
1631,Fresno,02/07/2025,2.5,California,Fresno-Foundry,2.5,2.48075,2.3569999999999998,1.92225
1632,Fresno,02/08/2025,7.0,California,Fresno-Foundry,7.0,6.9460999999999995,6.5996,5.3823
1633,Fresno,02/09/2025,6.9,California,Fresno-Foundry,6.9,6.84687,6.50532,5.30541
1634,Fresno,02/10/2025,8.4,California,Fresno-Foundry,8.4,8.33532,7.91952,6.458760000000001
1635,Fresno,02/11/2025,6.9,California,Fresno-Foundry,6.9,6.84687,6.50532,5.30541
1636,Fresno,02/12/2025,5.7,California,Fresno-Foundry,5.7,5.65611,5.37396,4.3827300000000005
1637,Fresno,02/13/2025,2.8,California,Fresno-Foundry,2.8,2.77844,2.63984,2.15292
1638,Fresno,02/14/2025,5.6,California,Fresno-Foundry,5.6,5.55688,5.27968,4.30584
1639,Fresno,02/15/2025,13.2,California,Fresno-Foundry,13.2,13.09836,12.444959999999998,10.14948
1640,Fresno,02/16/2025,14.3,California,Fresno-Foundry,14.3,14.18989,13.48204,10.995270000000001
1641,Fresno,02/17/2025,6.1,California,Fresno-Foundry,6.1,6.05303,5.751079999999999,4.69029
1642,Fresno,02/18/2025,12.0,California,Fresno-Foundry,12.0,11.907599999999999,11.3136,9.2268
1643,Fresno,02/19/2025,13.2,California,Fresno-Foundry,13.2,13.09836,12.444959999999998,10.14948
1644,Fresno,02/20/2025,11.5,California,Fresno-Foundry,11.5,11.41145,10.8422,8.84235
1645,Fresno,02/21/2025,15.3,California,Fresno-Foundry,15.3,15.18219,14.42484,11.764170000000002
1646,Fresno,02/22/2025,19.8,California,Fresno-Foundry,19.8,19.64754,18.66744,15.22422
1647,Fresno,02/23/2025,15.4,California,Fresno-Foundry,15.4,15.281419999999999,14.51912,11.84106
1648,Fresno,02/24/2025,12.6,California,Fresno-Foundry,12.6,12.502979999999999,11.87928,9.68814
1649,Fresno,02/25/2025,8.9,California,Fresno-Foundry,8.9,8.83147,8.39092,6.843210000000001
1650,Fresno,02/26/2025,18.8,California,Fresno-Foundry,18.8,18.65524,17.72464,14.45532
1651,Fresno,02/27/2025,15.8,California,Fresno-Foundry,15.8,15.67834,14.89624,12.148620000000001
1652,Fresno,02/28/2025,9.9,California,Fresno-Foundry,9.9,9.82377,9.33372,7.61211
1653,Fresno,03/01/2025,8.5,California,Fresno-Foundry,8.5,8.43455,8.0138,6.53565
1654,Fresno,03/02/2025,1.7,California,Fresno-Foundry,1.7,1.68691,1.60276,1.30713
1655,Fresno,03/03/2025,2.4,California,Fresno-Foundry,2.4,2.3815199999999996,2.26272,1.84536
1656,Fresno,03/04/2025,8.7,California,Fresno-Foundry,8.7,8.633009999999999,8.202359999999999,6.68943
1657,Fresno,03/05/2025,5.3,California,Fresno-Foundry,5.3,5.259189999999999,4.99684,4.07517
1658,Fresno,03/06/2025,1.9,California,Fresno-Foundry,1.9,1.8853699999999998,1.7913199999999998,1.46091
1659,Fresno,03/07/2025,9.3,California,Fresno-Foundry,9.3,9.228390000000001,8.768040000000001,7.1507700000000005
1660,Fresno,03/08/2025,11.3,California,Fresno-Foundry,11.3,11.21299,10.653640000000001,8.68857
1661,Fresno,03/09/2025,7.8,California,Fresno-Foundry,7.8,7.73994,7.35384,5.99742
1662,Fresno,03/10/2025,8.2,California,Fresno-Foundry,8.2,8.136859999999999,7.730959999999999,6.30498
1663,Fresno,03/11/2025,8.2,California,Fresno-Foundry,8.2,8.136859999999999,7.730959999999999,6.30498
1664,Fresno,03/12/2025,4.5,California,Fresno-Foundry,4.5,4.46535,4.2425999999999995,3.4600500000000003
1665,Fresno,03/13/2025,1.7,California,Fresno-Foundry,1.7,1.68691,1.60276,1.30713
1666,Fresno,03/14/2025,4.4,California,Fresno-Foundry,4.4,4.3661200000000004,4.14832,3.3831600000000006
1667,Fresno,03/15/2025,9.3,California,Fresno-Foundry,9.3,9.228390000000001,8.768040000000001,7.1507700000000005
1668,Fresno,03/16/2025,9.4,California,Fresno-Foundry,9.4,9.32762,8.86232,7.22766
1669,Fresno,03/17/2025,4.1,California,Fresno-Foundry,4.1,4.068429999999999,3.8654799999999994,3.15249
1670,Fresno,03/18/2025,3.8,California,Fresno-Foundry,3.8,3.7707399999999995,3.5826399999999996,2.92182
1671,Fresno,03/19/2025,8.1,California,Fresno-Foundry,8.1,8.03763,7.636679999999999,6.22809
1672,Fresno,03/20/2025,3.8,California,Fresno-Foundry,3.8,3.7707399999999995,3.5826399999999996,2.92182
1673,Fresno,03/21/2025,5.2,California,Fresno-Foundry,5.2,5.15996,4.90256,3.9982800000000003
1674,Fresno,03/22/2025,4.3,California,Fresno-Foundry,4.3,4.26689,4.05404,3.30627
1675,Fresno,03/23/2025,6.1,California,Fresno-Foundry,6.1,6.05303,5.751079999999999,4.69029
1676,Fresno,03/24/2025,10.8,California,Fresno-Foundry,10.8,10.71684,10.18224,8.304120000000001
1677,Fresno,03/25/2025,12.0,California,Fresno-Foundry,12.0,11.907599999999999,11.3136,9.2268
1678,Fresno,03/26/2025,10.5,California,Fresno-Foundry,10.5,10.41915,9.8994,8.073450000000001
1679,Fresno,03/27/2025,5.0,California,Fresno-Foundry,5.0,4.9615,4.7139999999999995,3.8445
1680,Fresno,03/28/2025,4.1,California,Fresno-Foundry,4.1,4.068429999999999,3.8654799999999994,3.15249
1681,Fresno,03/29/2025,3.8,California,Fresno-Foundry,3.8,3.7707399999999995,3.5826399999999996,2.92182
1682,Fresno,03/30/2025,3.3,California,Fresno-Foundry,3.3,3.27459,3.1112399999999996,2.53737
1683,Fresno,03/31/2025,2.7,California,Fresno-Foundry,2.7,2.67921,2.54556,2.0760300000000003
1684,Fresno,04/01/2025,2.5,California,Fresno-Foundry,2.5,2.48075,2.3569999999999998,1.92225
1685,Fresno,04/02/2025,2.4,California,Fresno-Foundry,2.4,2.3815199999999996,2.26272,1.84536
1686,Fresno,04/03/2025,4.4,California,Fresno-Foundry,4.4,4.3661200000000004,4.14832,3.3831600000000006
1687,Fresno,04/04/2025,6.2,California,Fresno-Foundry,6.2,6.15226,5.84536,4.767180000000001
1688,Fresno,04/05/2025,8.4,California,Fresno-Foundry,8.4,8.33532,7.91952,6.458760000000001
1689,Fresno,04/06/2025,8.5,California,Fresno-Foundry,8.5,8.43455,8.0138,6.53565
1690,Fresno,04/07/2025,3.9,California,Fresno-Foundry,3.9,3.86997,3.67692,2.99871
1691,Fresno,04/08/2025,2.7,California,Fresno-Foundry,2.7,2.67921,2.54556,2.0760300000000003
1692,Fresno,04/09/2025,6.3,California,Fresno-Foundry,6.3,6.2514899999999995,5.93964,4.84407
1693,Fresno,04/10/2025,10.4,California,Fresno-Foundry,10.4,10.31992,9.80512,7.996560000000001
1694,Fresno,04/11/2025,4.7,California,Fresno-Foundry,4.7,4.66381,4.43116,3.61383
1695,Fresno,04/12/2025,3.9,California,Fresno-Foundry,3.9,3.86997,3.67692,2.99871
1696,Fresno,04/13/2025,7.2,California,Fresno-Foundry,7.2,7.14456,6.7881599999999995,5.53608
1697,Fresno,04/14/2025,11.1,California,Fresno-Foundry,11.1,11.014529999999999,10.465079999999999,8.53479
1698,Fresno,04/15/2025,9.1,California,Fresno-Foundry,9.1,9.029929999999998,8.57948,6.99699
1699,Fresno,04/16/2025,8.5,California,Fresno-Foundry,8.5,8.43455,8.0138,6.53565
1700,Fresno,04/17/2025,6.6,California,Fresno-Foundry,6.6,6.54918,6.222479999999999,5.07474
1701,Fresno,04/18/2025,6.8,California,Fresno-Foundry,6.8,6.74764,6.41104,5.22852
1702,Fresno,04/19/2025,11.0,California,Fresno-Foundry,11.0,10.9153,10.3708,8.4579
1703,Fresno,04/20/2025,8.3,California,Fresno-Foundry,8.3,8.23609,7.825240000000001,6.381870000000001
1704,Fresno,04/21/2025,8.0,California,Fresno-Foundry,8.0,7.9384,7.5424,6.1512
1705,Fresno,04/22/2025,6.7,California,Fresno-Foundry,6.7,6.64841,6.31676,5.15163
1706,Fresno,04/23/2025,7.4,California,Fresno-Foundry,7.4,7.34302,6.97672,5.68986
1707,Fresno,04/24/2025,9.0,California,Fresno-Foundry,9.0,8.9307,8.485199999999999,6.920100000000001
1708,Fresno,04/25/2025,5.1,California,Fresno-Foundry,5.1,5.0607299999999995,4.80828,3.9213899999999997
1709,Fresno,04/26/2025,3.9,California,Fresno-Foundry,3.9,3.86997,3.67692,2.99871
1710,Fresno,04/27/2025,3.2,California,Fresno-Foundry,3.2,3.17536,3.01696,2.4604800000000004
1711,Fresno,04/28/2025,6.3,California,Fresno-Foundry,6.3,6.2514899999999995,5.93964,4.84407
1712,Fresno,04/29/2025,11.8,California,Fresno-Foundry,11.8,11.70914,11.12504,9.073020000000001
1713,Fresno,04/30/2025,13.2,California,Fresno-Foundry,13.2,13.09836,12.444959999999998,10.14948
1714,Fresno,05/01/2025,12.9,California,Fresno-Foundry,12.9,12.80067,12.16212,9.91881
1715,Fresno,05/02/2025,10.7,California,Fresno-Foundry,10.7,10.617609999999999,10.087959999999999,8.22723
1716,Fresno,05/03/2025,5.0,California,Fresno-Foundry,5.0,4.9615,4.7139999999999995,3.8445
1717,Fresno,05/04/2025,8.4,California,Fresno-Foundry,8.4,8.33532,7.91952,6.458760000000001
1718,Fresno,05/05/2025,12.2,California,Fresno-Foundry,12.2,12.10606,11.502159999999998,9.38058
1719,Fresno,05/06/2025,9.9,California,Fresno-Foundry,9.9,9.82377,9.33372,7.61211
1720,Fresno,05/07/2025,11.5,California,Fresno-Foundry,11.5,11.41145,10.8422,8.84235
1721,Fresno,05/08/2025,10.8,California,Fresno-Foundry,10.8,10.71684,10.18224,8.304120000000001
1722,Fresno,05/09/2025,12.2,California,Fresno-Foundry,12.2,12.10606,11.502159999999998,9.38058
1723,Fresno,05/10/2025,11.4,California,Fresno-Foundry,11.4,11.31222,10.74792,8.765460000000001
1724,Fresno,05/11/2025,4.0,California,Fresno-Foundry,4.0,3.9692,3.7712,3.0756
1725,Fresno,05/12/2025,4.1,California,Fresno-Foundry,4.1,4.068429999999999,3.8654799999999994,3.15249
1726,Fresno,05/13/2025,3.5,California,Fresno-Foundry,3.5,3.4730499999999997,3.2998,2.69115
1727,Fresno,05/14/2025,7.4,California,Fresno-Foundry,7.4,7.34302,6.97672,5.68986
1728,Fresno,05/15/2025,7.1,California,Fresno-Foundry,7.1,7.045329999999999,6.693879999999999,5.4591899999999995
1729,Fresno,05/16/2025,8.6,California,Fresno-Foundry,8.6,8.53378,8.10808,6.61254
1730,Fresno,05/17/2025,6.3,California,Fresno-Foundry,6.3,6.2514899999999995,5.93964,4.84407
1731,Fresno,05/18/2025,5.6,California,Fresno-Foundry,5.6,5.55688,5.27968,4.30584
1732,Fresno,05/19/2025,6.9,California,Fresno-Foundry,6.9,6.84687,6.50532,5.30541
1733,Fresno,05/20/2025,6.5,California,Fresno-Foundry,6.5,6.449949999999999,6.1282,4.997850000000001
1734,Fresno,05/21/2025,9.0,California,Fresno-Foundry,9.0,8.9307,8.485199999999999,6.920100000000001
1735,Fresno,05/22/2025,8.8,California,Fresno-Foundry,8.8,8.732240000000001,8.29664,6.766320000000001
1736,Fresno,05/23/2025,5.4,California,Fresno-Foundry,5.4,5.35842,5.09112,4.1520600000000005
1737,Fresno,05/24/2025,5.8,California,Fresno-Foundry,5.8,5.7553399999999995,5.46824,4.45962
1738,Fresno,05/25/2025,5.8,California,Fresno-Foundry,5.8,5.7553399999999995,5.46824,4.45962
1739,Fresno,05/26/2025,4.9,California,Fresno-Foundry,4.9,4.8622700000000005,4.61972,3.7676100000000003
1740,Fresno,05/27/2025,5.9,California,Fresno-Foundry,5.9,5.85457,5.56252,4.536510000000001
1741,Fresno,05/28/2025,12.0,California,Fresno-Foundry,12.0,11.907599999999999,11.3136,9.2268
1742,Fresno,05/29/2025,16.4,California,Fresno-Foundry,16.4,16.273719999999997,15.461919999999997,12.60996
1743,Fresno,05/30/2025,18.3,California,Fresno-Foundry,18.3,18.15909,17.25324,14.070870000000001
1744,Fresno,05/31/2025,17.0,California,Fresno-Foundry,17.0,16.8691,16.0276,13.0713
1745,Fresno,06/01/2025,11.1,California,Fresno-Foundry,11.1,11.014529999999999,10.465079999999999,8.53479
1746,Fresno,06/02/2025,10.8,California,Fresno-Foundry,10.8,10.71684,10.18224,8.304120000000001
1747,Fresno,06/03/2025,13.5,California,Fresno-Foundry,13.5,13.396049999999999,12.7278,10.38015
1748,Fresno,06/04/2025,13.2,California,Fresno-Foundry,13.2,13.09836,12.444959999999998,10.14948
1749,Fresno,06/05/2025,14.2,California,Fresno-Foundry,14.2,14.090659999999998,13.387759999999998,10.918379999999999
1750,Fresno,06/06/2025,11.1,California,Fresno-Foundry,11.1,11.014529999999999,10.465079999999999,8.53479
1751,Fresno,06/07/2025,10.6,California,Fresno-Foundry,10.6,10.518379999999999,9.99368,8.15034
1752,Fresno,06/08/2025,7.5,California,Fresno-Foundry,7.5,7.44225,7.071,5.76675
1753,Fresno,06/09/2025,8.9,California,Fresno-Foundry,8.9,8.83147,8.39092,6.843210000000001
1754,Fresno,06/10/2025,10.1,California,Fresno-Foundry,10.1,10.022229999999999,9.522279999999999,7.76589
1755,Fresno,06/11/2025,8.8,California,Fresno-Foundry,8.8,8.732240000000001,8.29664,6.766320000000001
1756,Fresno,06/12/2025,10.2,California,Fresno-Foundry,10.2,10.121459999999999,9.61656,7.842779999999999
1757,Fresno,06/13/2025,7.3,California,Fresno-Foundry,7.3,7.24379,6.88244,5.61297
1758,Fresno,06/14/2025,4.6,California,Fresno-Foundry,4.6,4.564579999999999,4.33688,3.53694
1759,Fresno,06/15/2025,4.9,California,Fresno-Foundry,4.9,4.8622700000000005,4.61972,3.7676100000000003
1760,Fresno,06/16/2025,7.3,California,Fresno-Foundry,7.3,7.24379,6.88244,5.61297
1761,Fresno,06/17/2025,9.5,California,Fresno-Foundry,9.5,9.42685,8.9566,7.30455
1762,Fresno,06/18/2025,10.8,California,Fresno-Foundry,10.8,10.71684,10.18224,8.304120000000001
1763,Fresno,06/19/2025,10.8,California,Fresno-Foundry,10.8,10.71684,10.18224,8.304120000000001
1764,Fresno,06/20/2025,7.8,California,Fresno-Foundry,7.8,7.73994,7.35384,5.99742
1765,Fresno,06/21/2025,6.4,California,Fresno-Foundry,6.4,6.35072,6.03392,4.920960000000001
1766,Fresno,06/22/2025,7.3,California,Fresno-Foundry,7.3,7.24379,6.88244,5.61297
1767,Fresno,06/23/2025,9.0,California,Fresno-Foundry,9.0,8.9307,8.485199999999999,6.920100000000001
1768,Fresno,06/24/2025,8.5,California,Fresno-Foundry,8.5,8.43455,8.0138,6.53565
1769,Fresno,06/25/2025,7.7,California,Fresno-Foundry,7.7,7.6407099999999994,7.25956,5.92053
1770,Fresno,06/26/2025,7.8,California,Fresno-Foundry,7.8,7.73994,7.35384,5.99742
1771,Fresno,06/27/2025,10.7,California,Fresno-Foundry,10.7,10.617609999999999,10.087959999999999,8.22723
1772,Fresno,06/28/2025,11.2,California,Fresno-Foundry,11.2,11.11376,10.55936,8.61168
1773,Fresno,06/29/2025,9.0,California,Fresno-Foundry,9.0,8.9307,8.485199999999999,6.920100000000001
1774,Fresno,06/30/2025,10.9,California,Fresno-Foundry,10.9,10.81607,10.27652,8.38101
1775,Fresno,07/01/2025,11.8,California,Fresno-Foundry,11.8,11.70914,11.12504,9.073020000000001
1776,Fresno,07/02/2025,10.5,California,Fresno-Foundry,10.5,10.41915,9.8994,8.073450000000001
1777,Fresno,07/03/2025,9.7,California,Fresno-Foundry,9.7,9.625309999999999,9.145159999999999,7.45833
1778,Fresno,07/04/2025,9.5,California,Fresno-Foundry,9.5,9.42685,8.9566,7.30455
1779,Fresno,07/05/2025,9.8,California,Fresno-Foundry,9.8,9.724540000000001,9.23944,7.535220000000001
1780,Fresno,07/06/2025,8.1,California,Fresno-Foundry,8.1,8.03763,7.636679999999999,6.22809
1781,Fresno,07/07/2025,12.5,California,Fresno-Foundry,12.5,12.403749999999999,11.785,9.61125
1782,Fresno,07/08/2025,9.6,California,Fresno-Foundry,9.6,9.526079999999999,9.05088,7.38144
1783,Fresno,07/09/2025,9.0,California,Fresno-Foundry,9.0,8.9307,8.485199999999999,6.920100000000001
1784,Fresno,07/10/2025,10.5,California,Fresno-Foundry,10.5,10.41915,9.8994,8.073450000000001
1785,Fresno,07/11/2025,21.1,California,Fresno-Foundry,21.1,20.93753,19.89308,16.22379
1786,Fresno,07/12/2025,17.5,California,Fresno-Foundry,17.5,17.36525,16.499,13.45575
1787,Fresno,07/13/2025,13.1,California,Fresno-Foundry,13.1,12.99913,12.350679999999999,10.07259
1788,Fresno,07/14/2025,13.6,California,Fresno-Foundry,13.6,13.49528,12.82208,10.45704
1789,Fresno,07/15/2025,14.3,California,Fresno-Foundry,14.3,14.18989,13.48204,10.995270000000001
1790,Fresno,07/16/2025,10.0,California,Fresno-Foundry,10.0,9.923,9.427999999999999,7.689
1791,Fresno,07/17/2025,9.6,California,Fresno-Foundry,9.6,9.526079999999999,9.05088,7.38144
1792,Fresno,07/18/2025,10.4,California,Fresno-Foundry,10.4,10.31992,9.80512,7.996560000000001
1793,Fresno,07/19/2025,8.7,California,Fresno-Foundry,8.7,8.633009999999999,8.202359999999999,6.68943
1794,Fresno,07/20/2025,7.2,California,Fresno-Foundry,7.2,7.14456,6.7881599999999995,5.53608
1795,Fresno,07/21/2025,6.2,California,Fresno-Foundry,6.2,6.15226,5.84536,4.767180000000001
1796,Fresno,07/22/2025,5.3,California,Fresno-Foundry,5.3,5.259189999999999,4.99684,4.07517
1797,Fresno,07/23/2025,6.2,California,Fresno-Foundry,6.2,6.15226,5.84536,4.767180000000001
1798,Fresno,07/24/2025,5.6,California,Fresno-Foundry,5.6,5.55688,5.27968,4.30584
1799,Fresno,07/25/2025,5.8,California,Fresno-Foundry,5.8,5.7553399999999995,5.46824,4.45962
1800,Fresno,07/26/2025,5.0,California,Fresno-Foundry,5.0,4.9615,4.7139999999999995,3.8445
1801,Fresno,07/27/2025,3.7,California,Fresno-Foundry,3.7,3.67151,3.48836,2.84493
1802,Fresno,07/28/2025,7.3,California,Fresno-Foundry,7.3,7.24379,6.88244,5.61297
1803,Fresno,07/29/2025,8.5,California,Fresno-Foundry,8.5,8.43455,8.0138,6.53565
1804,Fresno,07/30/2025,7.7,California,Fresno-Foundry,7.7,7.6407099999999994,7.25956,5.92053
1805,Fresno,07/31/2025,8.5,California,Fresno-Foundry,8.5,8.43455,8.0138,6.53565
1806,Fresno,08/01/2025,10.7,California,Fresno-Foundry,10.7,10.617609999999999,10.087959999999999,8.22723
1807,Fresno,08/02/2025,9.1,California,Fresno-Foundry,9.1,9.029929999999998,8.57948,6.99699
1808,Fresno,08/03/2025,7.0,California,Fresno-Foundry,7.0,6.9460999999999995,6.5996,5.3823
1809,Fresno,08/04/2025,10.3,California,Fresno-Foundry,10.3,10.220690000000001,9.710840000000001,7.919670000000001
1810,Fresno,08/05/2025,6.6,California,Fresno-Foundry,6.6,6.54918,6.222479999999999,5.07474
1811,Fresno,08/06/2025,7.0,California,Fresno-Foundry,7.0,6.9460999999999995,6.5996,5.3823
1812,Fresno,08/07/2025,11.5,California,Fresno-Foundry,11.5,11.41145,10.8422,8.84235
1813,Fresno,08/08/2025,11.3,California,Fresno-Foundry,11.3,11.21299,10.653640000000001,8.68857
1814,Fresno,08/09/2025,14.6,California,Fresno-Foundry,14.6,14.48758,13.76488,11.22594
1815,Fresno,08/10/2025,10.7,California,Fresno-Foundry,10.7,10.617609999999999,10.087959999999999,8.22723
1816,Fresno,08/11/2025,11.7,California,Fresno-Foundry,11.7,11.60991,11.030759999999999,8.996129999999999
1817,Fresno,08/12/2025,12.7,California,Fresno-Foundry,12.7,12.60221,11.973559999999999,9.76503
1818,Fresno,08/13/2025,8.2,California,Fresno-Foundry,8.2,8.136859999999999,7.730959999999999,6.30498
1819,Fresno,08/14/2025,11.5,California,Fresno-Foundry,11.5,11.41145,10.8422,8.84235
1820,Fresno,08/15/2025,11.8,California,Fresno-Foundry,11.8,11.70914,11.12504,9.073020000000001
1821,Fresno,08/16/2025,4.6,California,Fresno-Foundry,4.6,4.564579999999999,4.33688,3.53694
1822,Fresno,08/17/2025,3.6,California,Fresno-Foundry,3.6,3.57228,3.3940799999999998,2.76804
1823,Fresno,08/18/2025,7.2,California,Fresno-Foundry,7.2,7.14456,6.7881599999999995,5.53608
1824,Fresno,08/19/2025,9.7,California,Fresno-Foundry,9.7,9.625309999999999,9.145159999999999,7.45833
1825,Fresno,08/20/2025,20.9,California,Fresno-Foundry,20.9,20.739069999999998,19.70452,16.07001
1826,Fresno,08/21/2025,19.6,California,Fresno-Foundry,19.6,19.449080000000002,18.47888,15.070440000000001
1827,Fresno,08/22/2025,16.5,California,Fresno-Foundry,16.5,16.37295,15.556199999999999,12.68685
1828,Fresno,08/23/2025,17.2,California,Fresno-Foundry,17.2,17.06756,16.21616,13.22508
1829,Fresno,08/24/2025,12.0,California,Fresno-Foundry,12.0,11.907599999999999,11.3136,9.2268
1830,Fresno,08/25/2025,12.4,California,Fresno-Foundry,12.4,12.30452,11.69072,9.534360000000001
1831,Fresno,08/26/2025,14.3,California,Fresno-Foundry,14.3,14.18989,13.48204,10.995270000000001
1832,Fresno,08/27/2025,13.8,California,Fresno-Foundry,13.8,13.69374,13.01064,10.61082
1833,Fresno,08/28/2025,13.5,California,Fresno-Foundry,13.5,13.396049999999999,12.7278,10.38015
1834,Fresno,08/29/2025,16.2,California,Fresno-Foundry,16.2,16.07526,15.273359999999998,12.45618
1835,Fresno,08/30/2025,11.3,California,Fresno-Foundry,11.3,11.21299,10.653640000000001,8.68857
1836,Fresno,08/31/2025,17.8,California,Fresno-Foundry,17.8,17.66294,16.78184,13.686420000000002
1837,Fresno,09/01/2025,13.2,California,Fresno-Foundry,13.2,13.09836,12.444959999999998,10.14948
1838,Fresno,09/02/2025,19.0,California,Fresno-Foundry,19.0,18.8537,17.9132,14.6091
1839,Fresno,09/03/2025,20.4,California,Fresno-Foundry,20.4,20.242919999999998,19.23312,15.685559999999999
1840,Fresno,09/04/2025,13.1,California,Fresno-Foundry,13.1,12.99913,12.350679999999999,10.07259
1841,Fresno,09/05/2025,9.6,California,Fresno-Foundry,9.6,9.526079999999999,9.05088,7.38144
1842,Fresno,09/06/2025,10.1,California,Fresno-Foundry,10.1,10.022229999999999,9.522279999999999,7.76589
1843,Fresno,09/07/2025,6.2,California,Fresno-Foundry,6.2,6.15226,5.84536,4.767180000000001
1844,Fresno,09/08/2025,6.1,California,Fresno-Foundry,6.1,6.05303,5.751079999999999,4.69029
1845,Fresno,09/09/2025,3.2,California,Fresno-Foundry,3.2,3.17536,3.01696,2.4604800000000004
1846,Fresno,09/10/2025,3.1,California,Fresno-Foundry,3.1,3.07613,2.92268,2.3835900000000003
1847,Fresno,09/11/2025,5.6,California,Fresno-Foundry,5.6,5.55688,5.27968,4.30584
1848,Fresno,09/12/2025,7.7,California,Fresno-Foundry,7.7,7.6407099999999994,7.25956,5.92053
1849,Fresno,09/13/2025,8.7,California,Fresno-Foundry,8.7,8.633009999999999,8.202359999999999,6.68943
1850,Fresno,09/14/2025,6.9,California,Fresno-Foundry,6.9,6.84687,6.50532,5.30541
1851,Fresno,09/15/2025,11.3,California,Fresno-Foundry,11.3,11.21299,10.653640000000001,8.68857
1852,Fresno,09/16/2025,16.2,California,Fresno-Foundry,16.2,16.07526,15.273359999999998,12.45618
1853,Fresno,09/17/2025,14.9,California,Fresno-Foundry,14.9,14.78527,14.04772,11.456610000000001
1854,Fresno,09/18/2025,11.5,California,Fresno-Foundry,11.5,11.41145,10.8422,8.84235
1855,Fresno,09/19/2025,9.0,California,Fresno-Foundry,9.0,8.9307,8.485199999999999,6.920100000000001
1856,Fresno,09/20/2025,8.7,California,Fresno-Foundry,8.7,8.633009999999999,8.202359999999999,6.68943
1857,Fresno,09/21/2025,6.2,California,Fresno-Foundry,6.2,6.15226,5.84536,4.767180000000001
1858,Fresno,09/22/2025,8.5,California,Fresno-Foundry,8.5,8.43455,8.0138,6.53565
1859,Fresno,09/23/2025,14.4,California,Fresno-Foundry,14.4,14.28912,13.576319999999999,11.07216
1860,Fresno,09/24/2025,8.0,California,Fresno-Foundry,8.0,7.9384,7.5424,6.1512
1861,Fresno,09/25/2025,6.2,California,Fresno-Foundry,6.2,6.15226,5.84536,4.767180000000001
1862,Fresno,09/26/2025,10.4,California,Fresno-Foundry,10.4,10.31992,9.80512,7.996560000000001
1863,Fresno,09/27/2025,8.9,California,Fresno-Foundry,8.9,8.83147,8.39092,6.843210000000001
1864,Fresno,09/28/2025,5.2,California,Fresno-Foundry,5.2,5.15996,4.90256,3.9982800000000003
1865,Fresno,09/29/2025,6.2,California,Fresno-Foundry,6.2,6.15226,5.84536,4.767180000000001
1866,Fresno,09/30/2025,5.5,California,Fresno-Foundry,5.5,5.45765,5.1854,4.22895
1867,Fresno,10/01/2025,4.1,California,Fresno-Foundry,4.1,4.068429999999999,3.8654799999999994,3.15249
1868,Fresno,10/02/2025,3.6,California,Fresno-Foundry,3.6,3.57228,3.3940799999999998,2.76804
1869,Fresno,10/03/2025,3.5,California,Fresno-Foundry,3.5,3.4730499999999997,3.2998,2.69115
1870,Fresno,10/04/2025,6.7,California,Fresno-Foundry,6.7,6.64841,6.31676,5.15163
1871,Fresno,10/05/2025,8.0,California,Fresno-Foundry,8.0,7.9384,7.5424,6.1512
1872,Fresno,10/06/2025,8.0,California,Fresno-Foundry,8.0,7.9384,7.5424,6.1512
1873,Fresno,10/07/2025,12.4,California,Fresno-Foundry,12.4,12.30452,11.69072,9.534360000000001
1874,Fresno,10/08/2025,10.5,California,Fresno-Foundry,10.5,10.41915,9.8994,8.073450000000001
1875,Fresno,10/09/2025,9.0,California,Fresno-Foundry,9.0,8.9307,8.485199999999999,6.920100000000001
1876,Fresno,10/10/2025,6.9,California,Fresno-Foundry,6.9,6.84687,6.50532,5.30541
1877,Fresno,10/11/2025,2.2,California,Fresno-Foundry,2.2,2.1830600000000002,2.07416,1.6915800000000003
1878,Fresno,10/12/2025,3.7,California,Fresno-Foundry,3.7,3.67151,3.48836,2.84493
1879,Fresno,10/13/2025,7.8,California,Fresno-Foundry,7.8,7.73994,7.35384,5.99742
1880,Fresno,10/14/2025,1.4,California,Fresno-Foundry,1.4,1.38922,1.31992,1.07646
1881,Fresno,10/15/2025,4.3,California,Fresno-Foundry,4.3,4.26689,4.05404,3.30627
1882,Fresno,10/16/2025,9.0,California,Fresno-Foundry,9.0,8.9307,8.485199999999999,6.920100000000001
1883,Fresno,10/17/2025,15.2,California,Fresno-Foundry,15.2,15.082959999999998,14.330559999999998,11.68728
1884,Fresno,10/18/2025,20.6,California,Fresno-Foundry,20.6,20.441380000000002,19.421680000000002,15.839340000000002
1885,Fresno,10/19/2025,20.5,California,Fresno-Foundry,20.5,20.34215,19.3274,15.762450000000001
1886,Fresno,10/20/2025,28.9,California,Fresno-Foundry,28.9,28.677469999999996,27.24692,22.22121
1887,Fresno,10/21/2025,20.0,California,Fresno-Foundry,20.0,19.846,18.855999999999998,15.378
1888,Fresno,10/22/2025,7.7,California,Fresno-Foundry,7.7,7.6407099999999994,7.25956,5.92053
1889,Fresno,10/23/2025,13.4,California,Fresno-Foundry,13.4,13.29682,12.63352,10.30326
1890,Fresno,10/24/2025,19.9,California,Fresno-Foundry,19.9,19.746769999999998,18.761719999999997,15.30111
1891,Fresno,10/25/2025,14.4,California,Fresno-Foundry,14.4,14.28912,13.576319999999999,11.07216
1892,Fresno,10/26/2025,5.3,California,Fresno-Foundry,5.3,5.259189999999999,4.99684,4.07517
1893,Fresno,10/27/2025,2.2,California,Fresno-Foundry,2.2,2.1830600000000002,2.07416,1.6915800000000003
1894,Fresno,10/28/2025,10.6,California,Fresno-Foundry,10.6,10.518379999999999,9.99368,8.15034
1895,Fresno,10/29/2025,16.4,California,Fresno-Foundry,16.4,16.273719999999997,15.461919999999997,12.60996
1896,Fresno,10/30/2025,18.1,California,Fresno-Foundry,18.1,17.960630000000002,17.06468,13.917090000000002
1897,Fresno,10/31/2025,18.0,California,Fresno-Foundry,18.0,17.8614,16.970399999999998,13.840200000000001
1898,Fresno,11/01/2025,24.2,California,Fresno-Foundry,24.2,24.013659999999998,22.815759999999997,18.60738
1899,Fresno,11/02/2025,18.0,California,Fresno-Foundry,18.0,17.8614,16.970399999999998,13.840200000000001
1900,Fresno,11/03/2025,18.8,California,Fresno-Foundry,18.8,18.65524,17.72464,14.45532
1901,Fresno,11/04/2025,11.7,California,Fresno-Foundry,11.7,11.60991,11.030759999999999,8.996129999999999
1902,Fresno,11/05/2025,11.4,California,Fresno-Foundry,11.4,11.31222,10.74792,8.765460000000001
1903,Fresno,11/06/2025,6.0,California,Fresno-Foundry,6.0,5.953799999999999,5.6568,4.6134
1904,Fresno,11/07/2025,5.5,California,Fresno-Foundry,5.5,5.45765,5.1854,4.22895
1905,Fresno,11/08/2025,8.8,California,Fresno-Foundry,8.8,8.732240000000001,8.29664,6.766320000000001
1906,Fresno,11/09/2025,13.7,California,Fresno-Foundry,13.7,13.594509999999998,12.91636,10.53393
1907,Fresno,11/10/2025,18.7,California,Fresno-Foundry,18.7,18.556009999999997,17.63036,14.37843
1908,Fresno,11/11/2025,19.2,California,Fresno-Foundry,19.2,19.052159999999997,18.10176,14.76288
1909,Fresno,11/12/2025,15.5,California,Fresno-Foundry,15.5,15.38065,14.6134,11.917950000000001
1910,Fresno,11/13/2025,8.9,California,Fresno-Foundry,8.9,8.83147,8.39092,6.843210000000001
1911,Fresno,11/14/2025,2.2,California,Fresno-Foundry,2.2,2.1830600000000002,2.07416,1.6915800000000003
1912,Fresno,11/15/2025,4.3,California,Fresno-Foundry,4.3,4.26689,4.05404,3.30627
1913,Fresno,11/16/2025,-0.7,California,Fresno-Foundry,-0.7,-0.69461,-0.65996,-0.53823
1914,Fresno,11/17/2025,1.6,California,Fresno-Foundry,1.6,1.58768,1.50848,1.2302400000000002
1915,Fresno,11/18/2025,4.7,California,Fresno-Foundry,4.7,4.66381,4.43116,3.61383
1916,Fresno,11/19/2025,7.3,California,Fresno-Foundry,7.3,7.24379,6.88244,5.61297
1917,Fresno,11/25/2025,7.4,California,Fresno-Foundry,7.4,7.34302,6.97672,5.68986
1918,Fresno,11/26/2025,16.3,California,Fresno-Foundry,16.3,16.17449,15.36764,12.53307
1919,Fresno,11/27/2025,24.1,California,Fresno-Foundry,24.1,23.91443,22.72148,18.53049
1920,Fresno,11/28/2025,27.1,California,Fresno-Foundry,27.1,26.89133,25.54988,20.837190000000003
1921,Fresno,11/29/2025,24.7,California,Fresno-Foundry,24.7,24.509809999999998,23.28716,18.99183
1922,Fresno,11/30/2025,22.2,California,Fresno-Foundry,22.2,22.029059999999998,20.930159999999997,17.06958
1923,Fresno,12/01/2025,23.8,California,Fresno-Foundry,23.8,23.61674,22.43864,18.29982
1924,Fresno,12/02/2025,19.4,California,Fresno-Foundry,19.4,19.250619999999998,18.290319999999998,14.91666
1925,Fresno,12/03/2025,19.5,California,Fresno-Foundry,19.5,19.34985,18.3846,14.99355
1926,Fresno,12/04/2025,17.2,California,Fresno-Foundry,17.2,17.06756,16.21616,13.22508
1927,Fresno,12/05/2025,23.1,California,Fresno-Foundry,23.1,22.92213,21.77868,17.76159
1928,Fresno,12/06/2025,29.6,California,Fresno-Foundry,29.6,29.37208,27.90688,22.75944
1929,Fresno,12/07/2025,33.8,California,Fresno-Foundry,33.8,33.539739999999995,31.866639999999997,25.98882
1930,Fresno,12/08/2025,29.3,California,Fresno-Foundry,29.3,29.07439,27.62404,22.52877
1931,Fresno,12/09/2025,31.3,California,Fresno-Foundry,31.3,31.058989999999998,29.50964,24.066570000000002
1932,Fresno,12/10/2025,24.0,California,Fresno-Foundry,24.0,23.815199999999997,22.6272,18.4536
1933,Fresno,12/11/2025,18.2,California,Fresno-Foundry,18.2,18.059859999999997,17.15896,13.99398
1934,Fresno,12/12/2025,14.2,California,Fresno-Foundry,14.2,14.090659999999998,13.387759999999998,10.918379999999999
1935,Fresno,12/13/2025,15.6,California,Fresno-Foundry,15.6,15.47988,14.70768,11.99484
1936,Fresno,12/14/2025,13.5,California,Fresno-Foundry,13.5,13.396049999999999,12.7278,10.38015
1937,Fresno,12/15/2025,11.8,California,Fresno-Foundry,11.8,11.70914,11.12504,9.073020000000001
1938,Fresno,12/16/2025,19.5,California,Fresno-Foundry,19.5,19.34985,18.3846,14.99355
1939,Fresno,12/17/2025,19.0,California,Fresno-Foundry,19.0,18.8537,17.9132,14.6091
1940,Fresno,12/18/2025,16.2,California,Fresno-Foundry,16.2,16.07526,15.273359999999998,12.45618
1941,Fresno,12/19/2025,14.2,California,Fresno-Foundry,14.2,14.090659999999998,13.387759999999998,10.918379999999999
1942,Fresno,12/20/2025,18.9,California,Fresno-Foundry,18.9,18.754469999999998,17.81892,14.53221
1943,Fresno,12/21/2025,4.7,California,Fresno-Foundry,4.7,4.66381,4.43116,3.61383
1944,Fresno,12/22/2025,5.5,California,Fresno-Foundry,5.5,5.45765,5.1854,4.22895
1945,Fresno,12/23/2025,11.3,California,Fresno-Foundry,11.3,11.21299,10.653640000000001,8.68857
1946,Fresno,12/24/2025,1.4,California,Fresno-Foundry,1.4,1.38922,1.31992,1.07646
1947,Fresno,12/25/2025,0.1,California,Fresno-Foundry,0.1,0.09923,0.09428,0.07689000000000001
1948,Fresno,12/26/2025,1.7,California,Fresno-Foundry,1.7,1.68691,1.60276,1.30713
1949,Fresno,12/27/2025,6.2,California,Fresno-Foundry,6.2,6.15226,5.84536,4.767180000000001
1950,Fresno,12/28/2025,6.1,California,Fresno-Foundry,6.1,6.05303,5.751079999999999,4.69029
1951,Fresno,12/29/2025,10.0,California,Fresno-Foundry,10.0,9.923,9.427999999999999,7.689
1952,Fresno,12/30/2025,17.1,California,Fresno-Foundry,17.1,16.96833,16.12188,13.148190000000001
1953,Fresno,12/31/2025,22.1,California,Fresno-Foundry,22.1,21.92983,20.83588,16.992690000000003
1954,Fresno,01/01/2025,25.6,California,Clovis-Villa,25.6,25.40288,24.13568,19.683840000000004
1955,Fresno,01/02/2025,19.8,California,Clovis-Villa,19.8,19.64754,18.66744,15.22422
1956,Fresno,01/03/2025,17.3,California,Clovis-Villa,17.3,17.16679,16.31044,13.30197
1957,Fresno,01/04/2025,11.0,California,Clovis-Villa,11.0,10.9153,10.3708,8.4579
1958,Fresno,01/05/2025,13.2,California,Clovis-Villa,13.2,13.09836,12.444959999999998,10.14948
1959,Fresno,01/06/2025,14.0,California,Clovis-Villa,14.0,13.892199999999999,13.1992,10.7646
1960,Fresno,01/07/2025,17.3,California,Clovis-Villa,17.3,17.16679,16.31044,13.30197
1961,Fresno,01/08/2025,19.5,California,Clovis-Villa,19.5,19.34985,18.3846,14.99355
1962,Fresno,01/09/2025,15.9,California,Clovis-Villa,15.9,15.777569999999999,14.99052,12.22551
1963,Fresno,01/10/2025,14.9,California,Clovis-Villa,14.9,14.78527,14.04772,11.456610000000001
1964,Fresno,01/11/2025,17.9,California,Clovis-Villa,17.9,17.762169999999998,16.876119999999997,13.763309999999999
1965,Fresno,01/12/2025,19.0,California,Clovis-Villa,19.0,18.8537,17.9132,14.6091
1966,Fresno,01/13/2025,11.7,California,Clovis-Villa,11.7,11.60991,11.030759999999999,8.996129999999999
1967,Fresno,01/14/2025,13.0,California,Clovis-Villa,13.0,12.899899999999999,12.2564,9.995700000000001
1968,Fresno,01/15/2025,13.3,California,Clovis-Villa,13.3,13.19759,12.53924,10.226370000000001
1969,Fresno,01/16/2025,16.3,California,Clovis-Villa,16.3,16.17449,15.36764,12.53307
1970,Fresno,01/17/2025,17.8,California,Clovis-Villa,17.8,17.66294,16.78184,13.686420000000002
1971,Fresno,01/18/2025,22.5,California,Clovis-Villa,22.5,22.32675,21.213,17.300250000000002
1972,Fresno,01/19/2025,24.1,California,Clovis-Villa,24.1,23.91443,22.72148,18.53049
1973,Fresno,01/20/2025,23.8,California,Clovis-Villa,23.8,23.61674,22.43864,18.29982
1974,Fresno,01/21/2025,22.0,California,Clovis-Villa,22.0,21.8306,20.7416,16.9158
1975,Fresno,01/22/2025,21.9,California,Clovis-Villa,21.9,21.73137,20.647319999999997,16.83891
1976,Fresno,01/23/2025,23.9,California,Clovis-Villa,23.9,23.71597,22.532919999999997,18.37671
1977,Fresno,01/24/2025,19.1,California,Clovis-Villa,19.1,18.952930000000002,18.00748,14.685990000000002
1978,Fresno,01/25/2025,15.6,California,Clovis-Villa,15.6,15.47988,14.70768,11.99484
1979,Fresno,01/26/2025,7.1,California,Clovis-Villa,7.1,7.045329999999999,6.693879999999999,5.4591899999999995
1980,Fresno,01/27/2025,10.8,California,Clovis-Villa,10.8,10.71684,10.18224,8.304120000000001
1981,Fresno,01/28/2025,11.8,California,Clovis-Villa,11.8,11.70914,11.12504,9.073020000000001
1982,Fresno,01/29/2025,13.8,California,Clovis-Villa,13.8,13.69374,13.01064,10.61082
1983,Fresno,01/30/2025,19.4,California,Clovis-Villa,19.4,19.250619999999998,18.290319999999998,14.91666
1984,Fresno,01/31/2025,21.8,California,Clovis-Villa,21.8,21.63214,20.55304,16.76202
1985,Fresno,02/01/2025,22.8,California,Clovis-Villa,22.8,22.62444,21.49584,17.530920000000002
1986,Fresno,02/02/2025,8.8,California,Clovis-Villa,8.8,8.732240000000001,8.29664,6.766320000000001
1987,Fresno,02/03/2025,8.4,California,Clovis-Villa,8.4,8.33532,7.91952,6.458760000000001
1988,Fresno,02/04/2025,3.9,California,Clovis-Villa,3.9,3.86997,3.67692,2.99871
1989,Fresno,02/05/2025,5.1,California,Clovis-Villa,5.1,5.0607299999999995,4.80828,3.9213899999999997
1990,Fresno,02/06/2025,6.0,California,Clovis-Villa,6.0,5.953799999999999,5.6568,4.6134
1991,Fresno,02/07/2025,4.2,California,Clovis-Villa,4.2,4.16766,3.95976,3.2293800000000004
1992,Fresno,02/08/2025,8.0,California,Clovis-Villa,8.0,7.9384,7.5424,6.1512
1993,Fresno,02/09/2025,6.3,California,Clovis-Villa,6.3,6.2514899999999995,5.93964,4.84407
1994,Fresno,02/10/2025,10.5,California,Clovis-Villa,10.5,10.41915,9.8994,8.073450000000001
1995,Fresno,02/11/2025,7.9,California,Clovis-Villa,7.9,7.83917,7.44812,6.0743100000000005
1996,Fresno,02/12/2025,7.5,California,Clovis-Villa,7.5,7.44225,7.071,5.76675
1997,Fresno,02/13/2025,4.7,California,Clovis-Villa,4.7,4.66381,4.43116,3.61383
1998,Fresno,02/14/2025,5.0,California,Clovis-Villa,5.0,4.9615,4.7139999999999995,3.8445
1999,Fresno,02/15/2025,9.3,California,Clovis-Villa,9.3,9.228390000000001,8.768040000000001,7.1507700000000005
2000,Fresno,02/16/2025,8.1,California,Clovis-Villa,8.1,8.03763,7.636679999999999,6.22809
2001,Fresno,02/17/2025,6.0,California,Clovis-Villa,6.0,5.953799999999999,5.6568,4.6134
2002,Fresno,02/18/2025,8.0,California,Clovis-Villa,8.0,7.9384,7.5424,6.1512
2003,Fresno,02/19/2025,12.1,California,Clovis-Villa,12.1,12.006829999999999,11.407879999999999,9.30369
2004,Fresno,02/20/2025,11.5,California,Clovis-Villa,11.5,11.41145,10.8422,8.84235
2005,Fresno,02/21/2025,10.6,California,Clovis-Villa,10.6,10.518379999999999,9.99368,8.15034
2006,Fresno,02/22/2025,12.0,California,Clovis-Villa,12.0,11.907599999999999,11.3136,9.2268
2007,Fresno,02/23/2025,12.4,California,Clovis-Villa,12.4,12.30452,11.69072,9.534360000000001
2008,Fresno,02/24/2025,10.4,California,Clovis-Villa,10.4,10.31992,9.80512,7.996560000000001
2009,Fresno,02/25/2025,10.7,California,Clovis-Villa,10.7,10.617609999999999,10.087959999999999,8.22723
2010,Fresno,02/26/2025,15.8,California,Clovis-Villa,15.8,15.67834,14.89624,12.148620000000001
2011,Fresno,02/27/2025,12.4,California,Clovis-Villa,12.4,12.30452,11.69072,9.534360000000001
2012,Fresno,02/28/2025,8.7,California,Clovis-Villa,8.7,8.633009999999999,8.202359999999999,6.68943
2013,Fresno,03/01/2025,10.7,California,Clovis-Villa,10.7,10.617609999999999,10.087959999999999,8.22723
2014,Fresno,03/02/2025,5.0,California,Clovis-Villa,5.0,4.9615,4.7139999999999995,3.8445
2015,Fresno,03/03/2025,4.0,California,Clovis-Villa,4.0,3.9692,3.7712,3.0756
2016,Fresno,03/04/2025,5.6,California,Clovis-Villa,5.6,5.55688,5.27968,4.30584
2017,Fresno,03/05/2025,5.7,California,Clovis-Villa,5.7,5.65611,5.37396,4.3827300000000005
2018,Fresno,03/06/2025,4.4,California,Clovis-Villa,4.4,4.3661200000000004,4.14832,3.3831600000000006
2019,Fresno,03/07/2025,9.3,California,Clovis-Villa,9.3,9.228390000000001,8.768040000000001,7.1507700000000005
2020,Fresno,03/08/2025,9.3,California,Clovis-Villa,9.3,9.228390000000001,8.768040000000001,7.1507700000000005
2021,Fresno,03/09/2025,6.8,California,Clovis-Villa,6.8,6.74764,6.41104,5.22852
2022,Fresno,03/10/2025,8.6,California,Clovis-Villa,8.6,8.53378,8.10808,6.61254
2023,Fresno,03/11/2025,10.3,California,Clovis-Villa,10.3,10.220690000000001,9.710840000000001,7.919670000000001
2024,Fresno,03/12/2025,6.6,California,Clovis-Villa,6.6,6.54918,6.222479999999999,5.07474
2025,Fresno,03/13/2025,4.1,California,Clovis-Villa,4.1,4.068429999999999,3.8654799999999994,3.15249
2026,Fresno,03/14/2025,6.1,California,Clovis-Villa,6.1,6.05303,5.751079999999999,4.69029
2027,Fresno,03/15/2025,9.0,California,Clovis-Villa,9.0,8.9307,8.485199999999999,6.920100000000001
2028,Fresno,03/16/2025,9.5,California,Clovis-Villa,9.5,9.42685,8.9566,7.30455
2029,Fresno,03/17/2025,5.9,California,Clovis-Villa,5.9,5.85457,5.56252,4.536510000000001
2030,Fresno,03/18/2025,3.3,California,Clovis-Villa,3.3,3.27459,3.1112399999999996,2.53737
2031,Fresno,03/19/2025,7.9,California,Clovis-Villa,7.9,7.83917,7.44812,6.0743100000000005
2032,Fresno,03/20/2025,4.8,California,Clovis-Villa,4.8,4.763039999999999,4.52544,3.69072
2033,Fresno,03/21/2025,6.8,California,Clovis-Villa,6.8,6.74764,6.41104,5.22852
2034,Fresno,03/22/2025,6.1,California,Clovis-Villa,6.1,6.05303,5.751079999999999,4.69029
2035,Fresno,03/23/2025,8.2,California,Clovis-Villa,8.2,8.136859999999999,7.730959999999999,6.30498
2036,Fresno,03/24/2025,10.3,California,Clovis-Villa,10.3,10.220690000000001,9.710840000000001,7.919670000000001
2037,Fresno,03/25/2025,11.1,California,Clovis-Villa,11.1,11.014529999999999,10.465079999999999,8.53479
2038,Fresno,03/26/2025,9.8,California,Clovis-Villa,9.8,9.724540000000001,9.23944,7.535220000000001
2039,Fresno,03/27/2025,7.0,California,Clovis-Villa,7.0,6.9460999999999995,6.5996,5.3823
2040,Fresno,04/02/2025,0.5,California,Clovis-Villa,0.5,0.49615,0.4714,0.38445
2041,Fresno,04/03/2025,2.7,California,Clovis-Villa,2.7,2.67921,2.54556,2.0760300000000003
2042,Fresno,04/04/2025,3.9,California,Clovis-Villa,3.9,3.86997,3.67692,2.99871
2043,Fresno,04/05/2025,5.6,California,Clovis-Villa,5.6,5.55688,5.27968,4.30584
2044,Fresno,04/06/2025,4.7,California,Clovis-Villa,4.7,4.66381,4.43116,3.61383
2045,Fresno,04/07/2025,3.7,California,Clovis-Villa,3.7,3.67151,3.48836,2.84493
2046,Fresno,04/08/2025,0.5,California,Clovis-Villa,0.5,0.49615,0.4714,0.38445
2047,Fresno,04/09/2025,4.4,California,Clovis-Villa,4.4,4.3661200000000004,4.14832,3.3831600000000006
2048,Fresno,04/10/2025,7.6,California,Clovis-Villa,7.6,7.541479999999999,7.165279999999999,5.84364
2049,Fresno,04/11/2025,5.1,California,Clovis-Villa,5.1,5.0607299999999995,4.80828,3.9213899999999997
2050,Fresno,04/12/2025,4.1,California,Clovis-Villa,4.1,4.068429999999999,3.8654799999999994,3.15249
2051,Fresno,04/13/2025,5.4,California,Clovis-Villa,5.4,5.35842,5.09112,4.1520600000000005
2052,Fresno,04/14/2025,7.8,California,Clovis-Villa,7.8,7.73994,7.35384,5.99742
2053,Fresno,04/15/2025,9.6,California,Clovis-Villa,9.6,9.526079999999999,9.05088,7.38144
2054,Fresno,04/16/2025,8.8,California,Clovis-Villa,8.8,8.732240000000001,8.29664,6.766320000000001
2055,Fresno,04/17/2025,6.5,California,Clovis-Villa,6.5,6.449949999999999,6.1282,4.997850000000001
2056,Fresno,04/18/2025,6.2,California,Clovis-Villa,6.2,6.15226,5.84536,4.767180000000001
2057,Fresno,04/19/2025,8.1,California,Clovis-Villa,8.1,8.03763,7.636679999999999,6.22809
2058,Fresno,04/20/2025,8.4,California,Clovis-Villa,8.4,8.33532,7.91952,6.458760000000001
2059,Fresno,04/21/2025,6.7,California,Clovis-Villa,6.7,6.64841,6.31676,5.15163
2060,Fresno,04/22/2025,5.9,California,Clovis-Villa,5.9,5.85457,5.56252,4.536510000000001
2061,Fresno,04/23/2025,6.5,California,Clovis-Villa,6.5,6.449949999999999,6.1282,4.997850000000001
2062,Fresno,04/24/2025,9.0,California,Clovis-Villa,9.0,8.9307,8.485199999999999,6.920100000000001
2063,Fresno,04/25/2025,4.1,California,Clovis-Villa,4.1,4.068429999999999,3.8654799999999994,3.15249
2064,Fresno,04/26/2025,2.0,California,Clovis-Villa,2.0,1.9846,1.8856,1.5378
2065,Fresno,04/27/2025,3.2,California,Clovis-Villa,3.2,3.17536,3.01696,2.4604800000000004
2066,Fresno,04/28/2025,5.1,California,Clovis-Villa,5.1,5.0607299999999995,4.80828,3.9213899999999997
2067,Fresno,04/29/2025,8.5,California,Clovis-Villa,8.5,8.43455,8.0138,6.53565
2068,Fresno,04/30/2025,9.5,California,Clovis-Villa,9.5,9.42685,8.9566,7.30455
2069,Fresno,05/01/2025,11.2,California,Clovis-Villa,11.2,11.11376,10.55936,8.61168
2070,Fresno,05/02/2025,9.1,California,Clovis-Villa,9.1,9.029929999999998,8.57948,6.99699
2071,Fresno,05/03/2025,3.8,California,Clovis-Villa,3.8,3.7707399999999995,3.5826399999999996,2.92182
2072,Fresno,05/04/2025,8.1,California,Clovis-Villa,8.1,8.03763,7.636679999999999,6.22809
2073,Fresno,05/05/2025,10.5,California,Clovis-Villa,10.5,10.41915,9.8994,8.073450000000001
2074,Fresno,05/06/2025,9.1,California,Clovis-Villa,9.1,9.029929999999998,8.57948,6.99699
2075,Fresno,05/07/2025,10.2,California,Clovis-Villa,10.2,10.121459999999999,9.61656,7.842779999999999
2076,Fresno,05/08/2025,9.2,California,Clovis-Villa,9.2,9.129159999999999,8.67376,7.07388
2077,Fresno,05/09/2025,12.5,California,Clovis-Villa,12.5,12.403749999999999,11.785,9.61125
2078,Fresno,05/10/2025,9.8,California,Clovis-Villa,9.8,9.724540000000001,9.23944,7.535220000000001
2079,Fresno,05/11/2025,2.1,California,Clovis-Villa,2.1,2.08383,1.97988,1.6146900000000002
2080,Fresno,05/12/2025,-0.2,California,Clovis-Villa,-0.2,-0.19846,-0.18856,-0.15378000000000003
2081,Fresno,05/13/2025,0.6,California,Clovis-Villa,0.6,0.5953799999999999,0.56568,0.46134
2082,Fresno,05/14/2025,3.9,California,Clovis-Villa,3.9,3.86997,3.67692,2.99871
2083,Fresno,05/15/2025,4.2,California,Clovis-Villa,4.2,4.16766,3.95976,3.2293800000000004
2084,Fresno,05/16/2025,5.1,California,Clovis-Villa,5.1,5.0607299999999995,4.80828,3.9213899999999997
2085,Fresno,05/17/2025,4.5,California,Clovis-Villa,4.5,4.46535,4.2425999999999995,3.4600500000000003
2086,Fresno,05/18/2025,3.2,California,Clovis-Villa,3.2,3.17536,3.01696,2.4604800000000004
2087,Fresno,05/19/2025,5.4,California,Clovis-Villa,5.4,5.35842,5.09112,4.1520600000000005
2088,Fresno,05/20/2025,2.9,California,Clovis-Villa,2.9,2.8776699999999997,2.73412,2.22981
2089,Fresno,05/21/2025,4.8,California,Clovis-Villa,4.8,4.763039999999999,4.52544,3.69072
2090,Fresno,05/22/2025,3.9,California,Clovis-Villa,3.9,3.86997,3.67692,2.99871
2091,Fresno,05/23/2025,1.8,California,Clovis-Villa,1.8,1.78614,1.6970399999999999,1.38402
2092,Fresno,05/24/2025,5.2,California,Clovis-Villa,5.2,5.15996,4.90256,3.9982800000000003
2093,Fresno,05/25/2025,4.8,California,Clovis-Villa,4.8,4.763039999999999,4.52544,3.69072
2094,Fresno,05/26/2025,1.7,California,Clovis-Villa,1.7,1.68691,1.60276,1.30713
2095,Fresno,05/27/2025,4.5,California,Clovis-Villa,4.5,4.46535,4.2425999999999995,3.4600500000000003
2096,Fresno,05/28/2025,6.1,California,Clovis-Villa,6.1,6.05303,5.751079999999999,4.69029
2097,Fresno,05/29/2025,6.0,California,Clovis-Villa,6.0,5.953799999999999,5.6568,4.6134
2098,Fresno,05/30/2025,11.9,California,Clovis-Villa,11.9,11.80837,11.21932,9.14991
2099,Fresno,05/31/2025,15.9,California,Clovis-Villa,15.9,15.777569999999999,14.99052,12.22551
2100,Fresno,06/01/2025,5.8,California,Clovis-Villa,5.8,5.7553399999999995,5.46824,4.45962
2101,Fresno,06/02/2025,8.9,California,Clovis-Villa,8.9,8.83147,8.39092,6.843210000000001
2102,Fresno,06/03/2025,6.8,California,Clovis-Villa,6.8,6.74764,6.41104,5.22852
2103,Fresno,06/04/2025,8.9,California,Clovis-Villa,8.9,8.83147,8.39092,6.843210000000001
2104,Fresno,06/05/2025,8.7,California,Clovis-Villa,8.7,8.633009999999999,8.202359999999999,6.68943
2105,Fresno,06/06/2025,7.4,California,Clovis-Villa,7.4,7.34302,6.97672,5.68986
2106,Fresno,06/07/2025,8.1,California,Clovis-Villa,8.1,8.03763,7.636679999999999,6.22809
2107,Fresno,06/08/2025,6.1,California,Clovis-Villa,6.1,6.05303,5.751079999999999,4.69029
2108,Fresno,06/09/2025,8.7,California,Clovis-Villa,8.7,8.633009999999999,8.202359999999999,6.68943
2109,Fresno,06/10/2025,8.5,California,Clovis-Villa,8.5,8.43455,8.0138,6.53565
2110,Fresno,06/11/2025,5.6,California,Clovis-Villa,5.6,5.55688,5.27968,4.30584
2111,Fresno,06/12/2025,7.4,California,Clovis-Villa,7.4,7.34302,6.97672,5.68986
2112,Fresno,06/13/2025,5.2,California,Clovis-Villa,5.2,5.15996,4.90256,3.9982800000000003
2113,Fresno,06/14/2025,3.9,California,Clovis-Villa,3.9,3.86997,3.67692,2.99871
2114,Fresno,06/15/2025,4.3,California,Clovis-Villa,4.3,4.26689,4.05404,3.30627
2115,Fresno,06/16/2025,4.4,California,Clovis-Villa,4.4,4.3661200000000004,4.14832,3.3831600000000006
2116,Fresno,06/17/2025,5.4,California,Clovis-Villa,5.4,5.35842,5.09112,4.1520600000000005
2117,Fresno,06/18/2025,8.5,California,Clovis-Villa,8.5,8.43455,8.0138,6.53565
2118,Fresno,06/19/2025,7.4,California,Clovis-Villa,7.4,7.34302,6.97672,5.68986
2119,Fresno,06/20/2025,4.4,California,Clovis-Villa,4.4,4.3661200000000004,4.14832,3.3831600000000006
2120,Fresno,06/21/2025,3.3,California,Clovis-Villa,3.3,3.27459,3.1112399999999996,2.53737
2121,Fresno,06/22/2025,2.6,California,Clovis-Villa,2.6,2.57998,2.45128,1.9991400000000001
2122,Fresno,06/23/2025,4.9,California,Clovis-Villa,4.9,4.8622700000000005,4.61972,3.7676100000000003
2123,Fresno,06/24/2025,6.6,California,Clovis-Villa,6.6,6.54918,6.222479999999999,5.07474
2124,Fresno,06/25/2025,5.9,California,Clovis-Villa,5.9,5.85457,5.56252,4.536510000000001
2125,Fresno,06/26/2025,6.8,California,Clovis-Villa,6.8,6.74764,6.41104,5.22852
2126,Fresno,06/27/2025,9.0,California,Clovis-Villa,9.0,8.9307,8.485199999999999,6.920100000000001
2127,Fresno,06/28/2025,9.3,California,Clovis-Villa,9.3,9.228390000000001,8.768040000000001,7.1507700000000005
2128,Fresno,06/29/2025,6.8,California,Clovis-Villa,6.8,6.74764,6.41104,5.22852
2129,Fresno,06/30/2025,5.8,California,Clovis-Villa,5.8,5.7553399999999995,5.46824,4.45962
2130,Fresno,07/01/2025,6.8,California,Clovis-Villa,6.8,6.74764,6.41104,5.22852
2131,Fresno,07/02/2025,8.3,California,Clovis-Villa,8.3,8.23609,7.825240000000001,6.381870000000001
2132,Fresno,07/03/2025,9.0,California,Clovis-Villa,9.0,8.9307,8.485199999999999,6.920100000000001
2133,Fresno,07/04/2025,4.2,California,Clovis-Villa,4.2,4.16766,3.95976,3.2293800000000004
2134,Fresno,07/05/2025,4.9,California,Clovis-Villa,4.9,4.8622700000000005,4.61972,3.7676100000000003
2135,Fresno,07/06/2025,4.3,California,Clovis-Villa,4.3,4.26689,4.05404,3.30627
2136,Fresno,07/07/2025,8.2,California,Clovis-Villa,8.2,8.136859999999999,7.730959999999999,6.30498
2137,Fresno,07/08/2025,7.0,California,Clovis-Villa,7.0,6.9460999999999995,6.5996,5.3823
2138,Fresno,07/09/2025,3.5,California,Clovis-Villa,3.5,3.4730499999999997,3.2998,2.69115
2139,Fresno,07/10/2025,5.9,California,Clovis-Villa,5.9,5.85457,5.56252,4.536510000000001
2140,Fresno,07/11/2025,11.7,California,Clovis-Villa,11.7,11.60991,11.030759999999999,8.996129999999999
2141,Fresno,07/12/2025,14.1,California,Clovis-Villa,14.1,13.99143,13.293479999999999,10.84149
2142,Fresno,07/13/2025,11.3,California,Clovis-Villa,11.3,11.21299,10.653640000000001,8.68857
2143,Fresno,07/14/2025,9.7,California,Clovis-Villa,9.7,9.625309999999999,9.145159999999999,7.45833
2144,Fresno,07/15/2025,10.1,California,Clovis-Villa,10.1,10.022229999999999,9.522279999999999,7.76589
2145,Fresno,07/16/2025,6.4,California,Clovis-Villa,6.4,6.35072,6.03392,4.920960000000001
2146,Fresno,07/17/2025,5.1,California,Clovis-Villa,5.1,5.0607299999999995,4.80828,3.9213899999999997
2147,Fresno,07/18/2025,5.9,California,Clovis-Villa,5.9,5.85457,5.56252,4.536510000000001
2148,Fresno,07/19/2025,4.6,California,Clovis-Villa,4.6,4.564579999999999,4.33688,3.53694
2149,Fresno,07/20/2025,2.7,California,Clovis-Villa,2.7,2.67921,2.54556,2.0760300000000003
2150,Fresno,07/21/2025,2.3,California,Clovis-Villa,2.3,2.2822899999999997,2.16844,1.76847
2151,Fresno,07/22/2025,1.5,California,Clovis-Villa,1.5,1.4884499999999998,1.4142,1.15335
2152,Fresno,07/23/2025,3.4,California,Clovis-Villa,3.4,3.37382,3.20552,2.61426
2153,Fresno,07/24/2025,3.5,California,Clovis-Villa,3.5,3.4730499999999997,3.2998,2.69115
2154,Fresno,07/25/2025,2.5,California,Clovis-Villa,2.5,2.48075,2.3569999999999998,1.92225
2155,Fresno,07/26/2025,2.9,California,Clovis-Villa,2.9,2.8776699999999997,2.73412,2.22981
2156,Fresno,07/27/2025,2.4,California,Clovis-Villa,2.4,2.3815199999999996,2.26272,1.84536
2157,Fresno,07/28/2025,3.3,California,Clovis-Villa,3.3,3.27459,3.1112399999999996,2.53737
2158,Fresno,07/29/2025,3.9,California,Clovis-Villa,3.9,3.86997,3.67692,2.99871
2159,Fresno,07/30/2025,2.3,California,Clovis-Villa,2.3,2.2822899999999997,2.16844,1.76847
2160,Fresno,07/31/2025,5.5,California,Clovis-Villa,5.5,5.45765,5.1854,4.22895
2161,Fresno,08/01/2025,6.5,California,Clovis-Villa,6.5,6.449949999999999,6.1282,4.997850000000001
2162,Fresno,08/02/2025,4.3,California,Clovis-Villa,4.3,4.26689,4.05404,3.30627
2163,Fresno,08/03/2025,3.1,California,Clovis-Villa,3.1,3.07613,2.92268,2.3835900000000003
2164,Fresno,08/04/2025,2.7,California,Clovis-Villa,2.7,2.67921,2.54556,2.0760300000000003
2165,Fresno,08/05/2025,2.3,California,Clovis-Villa,2.3,2.2822899999999997,2.16844,1.76847
2166,Fresno,08/06/2025,4.3,California,Clovis-Villa,4.3,4.26689,4.05404,3.30627
2167,Fresno,08/07/2025,5.5,California,Clovis-Villa,5.5,5.45765,5.1854,4.22895
2168,Fresno,08/08/2025,8.8,California,Clovis-Villa,8.8,8.732240000000001,8.29664,6.766320000000001
2169,Fresno,08/09/2025,11.4,California,Clovis-Villa,11.4,11.31222,10.74792,8.765460000000001
2170,Fresno,08/10/2025,9.7,California,Clovis-Villa,9.7,9.625309999999999,9.145159999999999,7.45833
2171,Fresno,08/11/2025,9.6,California,Clovis-Villa,9.6,9.526079999999999,9.05088,7.38144
2172,Fresno,08/12/2025,7.5,California,Clovis-Villa,7.5,7.44225,7.071,5.76675
2173,Fresno,08/13/2025,5.2,California,Clovis-Villa,5.2,5.15996,4.90256,3.9982800000000003
2174,Fresno,08/14/2025,7.3,California,Clovis-Villa,7.3,7.24379,6.88244,5.61297
2175,Fresno,08/15/2025,5.9,California,Clovis-Villa,5.9,5.85457,5.56252,4.536510000000001
2176,Fresno,08/16/2025,2.4,California,Clovis-Villa,2.4,2.3815199999999996,2.26272,1.84536
2177,Fresno,08/17/2025,0.3,California,Clovis-Villa,0.3,0.29768999999999995,0.28284,0.23067
2178,Fresno,08/18/2025,3.1,California,Clovis-Villa,3.1,3.07613,2.92268,2.3835900000000003
2179,Fresno,08/19/2025,7.7,California,Clovis-Villa,7.7,7.6407099999999994,7.25956,5.92053
2180,Fresno,08/20/2025,7.7,California,Clovis-Villa,7.7,7.6407099999999994,7.25956,5.92053
2181,Fresno,08/21/2025,12.7,California,Clovis-Villa,12.7,12.60221,11.973559999999999,9.76503
2182,Fresno,08/22/2025,12.4,California,Clovis-Villa,12.4,12.30452,11.69072,9.534360000000001
2183,Fresno,08/23/2025,17.1,California,Clovis-Villa,17.1,16.96833,16.12188,13.148190000000001
2184,Fresno,08/24/2025,12.3,California,Clovis-Villa,12.3,12.20529,11.596440000000001,9.45747
2185,Fresno,08/25/2025,10.6,California,Clovis-Villa,10.6,10.518379999999999,9.99368,8.15034
2186,Fresno,08/26/2025,13.5,California,Clovis-Villa,13.5,13.396049999999999,12.7278,10.38015
2187,Fresno,08/27/2025,9.9,California,Clovis-Villa,9.9,9.82377,9.33372,7.61211
2188,Fresno,08/28/2025,10.5,California,Clovis-Villa,10.5,10.41915,9.8994,8.073450000000001
2189,Fresno,08/29/2025,8.4,California,Clovis-Villa,8.4,8.33532,7.91952,6.458760000000001
2190,Fresno,08/30/2025,8.5,California,Clovis-Villa,8.5,8.43455,8.0138,6.53565
2191,Fresno,08/31/2025,11.7,California,Clovis-Villa,11.7,11.60991,11.030759999999999,8.996129999999999
2192,Fresno,09/01/2025,10.1,California,Clovis-Villa,10.1,10.022229999999999,9.522279999999999,7.76589
2193,Fresno,09/02/2025,14.5,California,Clovis-Villa,14.5,14.388349999999999,13.6706,11.14905
2194,Fresno,09/03/2025,14.8,California,Clovis-Villa,14.8,14.68604,13.95344,11.37972
2195,Fresno,09/04/2025,11.1,California,Clovis-Villa,11.1,11.014529999999999,10.465079999999999,8.53479
2196,Fresno,09/05/2025,7.4,California,Clovis-Villa,7.4,7.34302,6.97672,5.68986
2197,Fresno,09/06/2025,7.9,California,Clovis-Villa,7.9,7.83917,7.44812,6.0743100000000005
2198,Fresno,09/07/2025,3.7,California,Clovis-Villa,3.7,3.67151,3.48836,2.84493
2199,Fresno,09/08/2025,3.1,California,Clovis-Villa,3.1,3.07613,2.92268,2.3835900000000003
2200,Fresno,09/09/2025,1.6,California,Clovis-Villa,1.6,1.58768,1.50848,1.2302400000000002
2201,Fresno,09/10/2025,1.1,California,Clovis-Villa,1.1,1.0915300000000001,1.03708,0.8457900000000002
2202,Fresno,09/11/2025,3.5,California,Clovis-Villa,3.5,3.4730499999999997,3.2998,2.69115
2203,Fresno,09/12/2025,6.1,California,Clovis-Villa,6.1,6.05303,5.751079999999999,4.69029
2204,Fresno,09/13/2025,7.2,California,Clovis-Villa,7.2,7.14456,6.7881599999999995,5.53608
2205,Fresno,09/14/2025,4.2,California,Clovis-Villa,4.2,4.16766,3.95976,3.2293800000000004
2206,Fresno,09/15/2025,7.2,California,Clovis-Villa,7.2,7.14456,6.7881599999999995,5.53608
2207,Fresno,09/16/2025,12.8,California,Clovis-Villa,12.8,12.70144,12.06784,9.841920000000002
2208,Fresno,09/17/2025,12.2,California,Clovis-Villa,12.2,12.10606,11.502159999999998,9.38058
2209,Fresno,09/18/2025,8.6,California,Clovis-Villa,8.6,8.53378,8.10808,6.61254
2210,Fresno,09/19/2025,8.2,California,Clovis-Villa,8.2,8.136859999999999,7.730959999999999,6.30498
2211,Fresno,09/20/2025,9.2,California,Clovis-Villa,9.2,9.129159999999999,8.67376,7.07388
2212,Fresno,09/21/2025,7.1,California,Clovis-Villa,7.1,7.045329999999999,6.693879999999999,5.4591899999999995
2213,Fresno,09/22/2025,8.4,California,Clovis-Villa,8.4,8.33532,7.91952,6.458760000000001
2214,Fresno,09/23/2025,11.0,California,Clovis-Villa,11.0,10.9153,10.3708,8.4579
2215,Fresno,09/24/2025,6.5,California,Clovis-Villa,6.5,6.449949999999999,6.1282,4.997850000000001
2216,Fresno,09/25/2025,5.7,California,Clovis-Villa,5.7,5.65611,5.37396,4.3827300000000005
2217,Fresno,09/26/2025,9.8,California,Clovis-Villa,9.8,9.724540000000001,9.23944,7.535220000000001
2218,Fresno,09/27/2025,7.5,California,Clovis-Villa,7.5,7.44225,7.071,5.76675
2219,Fresno,09/28/2025,6.6,California,Clovis-Villa,6.6,6.54918,6.222479999999999,5.07474
2220,Fresno,09/29/2025,6.5,California,Clovis-Villa,6.5,6.449949999999999,6.1282,4.997850000000001
2221,Fresno,09/30/2025,4.9,California,Clovis-Villa,4.9,4.8622700000000005,4.61972,3.7676100000000003
2222,Fresno,10/01/2025,3.0,California,Clovis-Villa,3.0,2.9768999999999997,2.8284,2.3067
2223,Fresno,10/02/2025,3.0,California,Clovis-Villa,3.0,2.9768999999999997,2.8284,2.3067
2224,Fresno,10/03/2025,2.0,California,Clovis-Villa,2.0,1.9846,1.8856,1.5378
2225,Fresno,10/04/2025,5.9,California,Clovis-Villa,5.9,5.85457,5.56252,4.536510000000001
2226,Fresno,10/05/2025,5.5,California,Clovis-Villa,5.5,5.45765,5.1854,4.22895
2227,Fresno,10/06/2025,4.7,California,Clovis-Villa,4.7,4.66381,4.43116,3.61383
2228,Fresno,10/07/2025,8.5,California,Clovis-Villa,8.5,8.43455,8.0138,6.53565
2229,Fresno,10/08/2025,8.5,California,Clovis-Villa,8.5,8.43455,8.0138,6.53565
2230,Fresno,10/09/2025,6.2,California,Clovis-Villa,6.2,6.15226,5.84536,4.767180000000001
2231,Fresno,10/10/2025,4.6,California,Clovis-Villa,4.6,4.564579999999999,4.33688,3.53694
2232,Fresno,10/11/2025,-0.2,California,Clovis-Villa,-0.2,-0.19846,-0.18856,-0.15378000000000003
2233,Fresno,10/12/2025,1.7,California,Clovis-Villa,1.7,1.68691,1.60276,1.30713
2234,Fresno,10/13/2025,3.5,California,Clovis-Villa,3.5,3.4730499999999997,3.2998,2.69115
2235,Fresno,10/14/2025,-0.6,California,Clovis-Villa,-0.6,-0.5953799999999999,-0.56568,-0.46134
2236,Fresno,10/15/2025,2.0,California,Clovis-Villa,2.0,1.9846,1.8856,1.5378
2237,Fresno,10/16/2025,5.3,California,Clovis-Villa,5.3,5.259189999999999,4.99684,4.07517
2238,Fresno,10/17/2025,8.4,California,Clovis-Villa,8.4,8.33532,7.91952,6.458760000000001
2239,Fresno,10/18/2025,8.6,California,Clovis-Villa,8.6,8.53378,8.10808,6.61254
2240,Fresno,10/19/2025,8.8,California,Clovis-Villa,8.8,8.732240000000001,8.29664,6.766320000000001
2241,Fresno,10/20/2025,12.2,California,Clovis-Villa,12.2,12.10606,11.502159999999998,9.38058
2242,Fresno,10/21/2025,12.2,California,Clovis-Villa,12.2,12.10606,11.502159999999998,9.38058
2243,Fresno,10/22/2025,8.3,California,Clovis-Villa,8.3,8.23609,7.825240000000001,6.381870000000001
2244,Fresno,10/23/2025,11.1,California,Clovis-Villa,11.1,11.014529999999999,10.465079999999999,8.53479
2245,Fresno,10/24/2025,12.2,California,Clovis-Villa,12.2,12.10606,11.502159999999998,9.38058
2246,Fresno,10/25/2025,9.2,California,Clovis-Villa,9.2,9.129159999999999,8.67376,7.07388
2247,Fresno,10/26/2025,4.1,California,Clovis-Villa,4.1,4.068429999999999,3.8654799999999994,3.15249
2248,Fresno,10/27/2025,0.8,California,Clovis-Villa,0.8,0.79384,0.75424,0.6151200000000001
2249,Fresno,10/28/2025,6.6,California,Clovis-Villa,6.6,6.54918,6.222479999999999,5.07474
2250,Fresno,10/29/2025,7.1,California,Clovis-Villa,7.1,7.045329999999999,6.693879999999999,5.4591899999999995
2251,Fresno,10/30/2025,11.1,California,Clovis-Villa,11.1,11.014529999999999,10.465079999999999,8.53479
2252,Fresno,10/31/2025,13.9,California,Clovis-Villa,13.9,13.79297,13.10492,10.687710000000001
2253,Fresno,11/01/2025,14.9,California,Clovis-Villa,14.9,14.78527,14.04772,11.456610000000001
2254,Fresno,11/02/2025,15.6,California,Clovis-Villa,15.6,15.47988,14.70768,11.99484
2255,Fresno,11/03/2025,13.7,California,Clovis-Villa,13.7,13.594509999999998,12.91636,10.53393
2256,Fresno,11/04/2025,10.2,California,Clovis-Villa,10.2,10.121459999999999,9.61656,7.842779999999999
2257,Fresno,11/05/2025,6.9,California,Clovis-Villa,6.9,6.84687,6.50532,5.30541
2258,Fresno,11/06/2025,1.0,California,Clovis-Villa,1.0,0.9923,0.9428,0.7689
2259,Fresno,11/07/2025,2.3,California,Clovis-Villa,2.3,2.2822899999999997,2.16844,1.76847
2260,Fresno,11/08/2025,4.4,California,Clovis-Villa,4.4,4.3661200000000004,4.14832,3.3831600000000006
2261,Fresno,11/09/2025,7.8,California,Clovis-Villa,7.8,7.73994,7.35384,5.99742
2262,Fresno,11/10/2025,6.7,California,Clovis-Villa,6.7,6.64841,6.31676,5.15163
2263,Fresno,11/11/2025,8.0,California,Clovis-Villa,8.0,7.9384,7.5424,6.1512
2264,Fresno,11/12/2025,8.3,California,Clovis-Villa,8.3,8.23609,7.825240000000001,6.381870000000001
2265,Fresno,11/13/2025,6.3,California,Clovis-Villa,6.3,6.2514899999999995,5.93964,4.84407
2266,Fresno,11/14/2025,0.0,California,Clovis-Villa,0.0,0.0,0.0,0.0
2267,Fresno,11/15/2025,1.9,California,Clovis-Villa,1.9,1.8853699999999998,1.7913199999999998,1.46091
2268,Fresno,11/16/2025,-1.5,California,Clovis-Villa,-1.5,-1.4884499999999998,-1.4142,-1.15335
2269,Fresno,11/17/2025,-0.2,California,Clovis-Villa,-0.2,-0.19846,-0.18856,-0.15378000000000003
2270,Fresno,11/18/2025,1.7,California,Clovis-Villa,1.7,1.68691,1.60276,1.30713
2271,Fresno,11/19/2025,3.5,California,Clovis-Villa,3.5,3.4730499999999997,3.2998,2.69115
2272,Fresno,11/20/2025,7.4,California,Clovis-Villa,7.4,7.34302,6.97672,5.68986
2273,Fresno,11/21/2025,6.9,California,Clovis-Villa,6.9,6.84687,6.50532,5.30541
2274,Fresno,11/22/2025,7.8,California,Clovis-Villa,7.8,7.73994,7.35384,5.99742
2275,Fresno,11/23/2025,11.0,California,Clovis-Villa,11.0,10.9153,10.3708,8.4579
2276,Fresno,11/24/2025,7.1,California,Clovis-Villa,7.1,7.045329999999999,6.693879999999999,5.4591899999999995
2277,Fresno,11/25/2025,8.3,California,Clovis-Villa,8.3,8.23609,7.825240000000001,6.381870000000001
2278,Fresno,11/26/2025,9.4,California,Clovis-Villa,9.4,9.32762,8.86232,7.22766
2279,Fresno,11/27/2025,15.3,California,Clovis-Villa,15.3,15.18219,14.42484,11.764170000000002
2280,Fresno,11/28/2025,22.9,California,Clovis-Villa,22.9,22.72367,21.59012,17.60781
2281,Fresno,11/29/2025,23.2,California,Clovis-Villa,23.2,23.021359999999998,21.87296,17.83848
2282,Fresno,11/30/2025,22.0,California,Clovis-Villa,22.0,21.8306,20.7416,16.9158
2283,Fresno,12/01/2025,17.6,California,Clovis-Villa,17.6,17.464480000000002,16.59328,13.532640000000002
2284,Fresno,12/02/2025,12.1,California,Clovis-Villa,12.1,12.006829999999999,11.407879999999999,9.30369
2285,Fresno,12/03/2025,10.2,California,Clovis-Villa,10.2,10.121459999999999,9.61656,7.842779999999999
2286,Fresno,12/04/2025,13.2,California,Clovis-Villa,13.2,13.09836,12.444959999999998,10.14948
2287,Fresno,12/05/2025,18.3,California,Clovis-Villa,18.3,18.15909,17.25324,14.070870000000001
2288,Fresno,12/06/2025,25.7,California,Clovis-Villa,25.7,25.50211,24.22996,19.76073
2289,Fresno,12/07/2025,21.9,California,Clovis-Villa,21.9,21.73137,20.647319999999997,16.83891
2290,Fresno,12/08/2025,23.7,California,Clovis-Villa,23.7,23.517509999999998,22.344359999999998,18.22293
2291,Fresno,12/09/2025,24.9,California,Clovis-Villa,24.9,24.70827,23.47572,19.14561
2292,Fresno,12/10/2025,26.7,California,Clovis-Villa,26.7,26.49441,25.17276,20.52963
2293,Fresno,12/11/2025,14.4,California,Clovis-Villa,14.4,14.28912,13.576319999999999,11.07216
2294,Fresno,12/12/2025,7.3,California,Clovis-Villa,7.3,7.24379,6.88244,5.61297
2295,Fresno,12/13/2025,7.1,California,Clovis-Villa,7.1,7.045329999999999,6.693879999999999,5.4591899999999995
2296,Fresno,12/14/2025,13.1,California,Clovis-Villa,13.1,12.99913,12.350679999999999,10.07259
2297,Fresno,12/15/2025,7.6,California,Clovis-Villa,7.6,7.541479999999999,7.165279999999999,5.84364
2298,Fresno,12/16/2025,13.1,California,Clovis-Villa,13.1,12.99913,12.350679999999999,10.07259
2299,Fresno,12/17/2025,19.0,California,Clovis-Villa,19.0,18.8537,17.9132,14.6091
2300,Fresno,12/18/2025,10.5,California,Clovis-Villa,10.5,10.41915,9.8994,8.073450000000001
2301,Fresno,12/19/2025,10.4,California,Clovis-Villa,10.4,10.31992,9.80512,7.996560000000001
2302,Fresno,12/20/2025,13.9,California,Clovis-Villa,13.9,13.79297,13.10492,10.687710000000001
2303,Fresno,12/21/2025,2.6,California,Clovis-Villa,2.6,2.57998,2.45128,1.9991400000000001
2304,Fresno,12/22/2025,1.5,California,Clovis-Villa,1.5,1.4884499999999998,1.4142,1.15335
2305,Fresno,12/23/2025,6.7,California,Clovis-Villa,6.7,6.64841,6.31676,5.15163
2306,Fresno,12/24/2025,-1.8,California,Clovis-Villa,-1.8,-1.78614,-1.6970399999999999,-1.38402
2307,Fresno,12/25/2025,-1.9,California,Clovis-Villa,-1.9,-1.8853699999999998,-1.7913199999999998,-1.46091
2308,Fresno,12/26/2025,-0.8,California,Clovis-Villa,-0.8,-0.79384,-0.75424,-0.6151200000000001
2309,Fresno,12/27/2025,1.0,California,Clovis-Villa,1.0,0.9923,0.9428,0.7689
2310,Fresno,12/28/2025,3.8,California,Clovis-Villa,3.8,3.7707399999999995,3.5826399999999996,2.92182
2311,Fresno,12/29/2025,5.2,California,Clovis-Villa,5.2,5.15996,4.90256,3.9982800000000003
2312,Fresno,12/30/2025,12.6,California,Clovis-Villa,12.6,12.502979999999999,11.87928,9.68814
2313,Fresno,12/31/2025,15.8,California,Clovis-Villa,15.8,15.67834,14.89624,12.148620000000001
2314,Fresno,01/01/2025,54.1,California,Fresno-Pacific,54.1,53.68343,51.00548,41.59749
2315,Fresno,01/02/2025,33.3,California,Fresno-Pacific,33.3,33.043589999999995,31.395239999999998,25.60437
2316,Fresno,01/03/2025,23.3,California,Fresno-Pacific,23.3,23.12059,21.96724,17.915370000000003
2317,Fresno,01/04/2025,11.7,California,Fresno-Pacific,11.7,11.60991,11.030759999999999,8.996129999999999
2318,Fresno,01/05/2025,19.9,California,Fresno-Pacific,19.9,19.746769999999998,18.761719999999997,15.30111
2319,Fresno,01/06/2025,19.2,California,Fresno-Pacific,19.2,19.052159999999997,18.10176,14.76288
2320,Fresno,01/07/2025,18.8,California,Fresno-Pacific,18.8,18.65524,17.72464,14.45532
2321,Fresno,01/08/2025,24.7,California,Fresno-Pacific,24.7,24.509809999999998,23.28716,18.99183
2322,Fresno,01/09/2025,20.8,California,Fresno-Pacific,20.8,20.63984,19.61024,15.993120000000001
2323,Fresno,01/10/2025,21.4,California,Fresno-Pacific,21.4,21.235219999999998,20.175919999999998,16.45446
2324,Fresno,01/11/2025,24.3,California,Fresno-Pacific,24.3,24.11289,22.91004,18.68427
2325,Fresno,01/12/2025,26.3,California,Fresno-Pacific,26.3,26.09749,24.79564,20.222070000000002
2326,Fresno,01/13/2025,13.1,California,Fresno-Pacific,13.1,12.99913,12.350679999999999,10.07259
2327,Fresno,01/14/2025,18.5,California,Fresno-Pacific,18.5,18.35755,17.4418,14.22465
2328,Fresno,01/15/2025,25.6,California,Fresno-Pacific,25.6,25.40288,24.13568,19.683840000000004
2329,Fresno,01/16/2025,26.9,California,Fresno-Pacific,26.9,26.69287,25.36132,20.68341
2330,Fresno,01/17/2025,22.4,California,Fresno-Pacific,22.4,22.22752,21.11872,17.22336
2331,Fresno,01/18/2025,38.7,California,Fresno-Pacific,38.7,38.402010000000004,36.486360000000005,29.75643
2332,Fresno,01/19/2025,35.8,California,Fresno-Pacific,35.8,35.524339999999995,33.75223999999999,27.526619999999998
2333,Fresno,01/20/2025,34.7,California,Fresno-Pacific,34.7,34.43281,32.715160000000004,26.680830000000004
2334,Fresno,01/21/2025,32.6,California,Fresno-Pacific,32.6,32.34898,30.73528,25.06614
2335,Fresno,01/22/2025,32.3,California,Fresno-Pacific,32.3,32.051289999999995,30.452439999999996,24.835469999999997
2336,Fresno,01/23/2025,31.3,California,Fresno-Pacific,31.3,31.058989999999998,29.50964,24.066570000000002
2337,Fresno,01/24/2025,25.6,California,Fresno-Pacific,25.6,25.40288,24.13568,19.683840000000004
2338,Fresno,01/25/2025,21.2,California,Fresno-Pacific,21.2,21.036759999999997,19.98736,16.30068
2339,Fresno,01/26/2025,5.1,California,Fresno-Pacific,5.1,5.0607299999999995,4.80828,3.9213899999999997
2340,Fresno,01/27/2025,12.0,California,Fresno-Pacific,12.0,11.907599999999999,11.3136,9.2268
2341,Fresno,01/28/2025,14.1,California,Fresno-Pacific,14.1,13.99143,13.293479999999999,10.84149
2342,Fresno,01/29/2025,17.0,California,Fresno-Pacific,17.0,16.8691,16.0276,13.0713
2343,Fresno,01/30/2025,29.7,California,Fresno-Pacific,29.7,29.47131,28.00116,22.83633
2344,Fresno,01/31/2025,29.6,California,Fresno-Pacific,29.6,29.37208,27.90688,22.75944
2345,Fresno,02/01/2025,26.0,California,Fresno-Pacific,26.0,25.799799999999998,24.5128,19.991400000000002
2346,Fresno,02/02/2025,11.6,California,Fresno-Pacific,11.6,11.510679999999999,10.93648,8.91924
2347,Fresno,02/03/2025,9.8,California,Fresno-Pacific,9.8,9.724540000000001,9.23944,7.535220000000001
2348,Fresno,02/04/2025,2.2,California,Fresno-Pacific,2.2,2.1830600000000002,2.07416,1.6915800000000003
2349,Fresno,02/05/2025,3.7,California,Fresno-Pacific,3.7,3.67151,3.48836,2.84493
2350,Fresno,02/06/2025,6.8,California,Fresno-Pacific,6.8,6.74764,6.41104,5.22852
2351,Fresno,02/07/2025,2.3,California,Fresno-Pacific,2.3,2.2822899999999997,2.16844,1.76847
2352,Fresno,02/08/2025,7.9,California,Fresno-Pacific,7.9,7.83917,7.44812,6.0743100000000005
2353,Fresno,02/09/2025,8.7,California,Fresno-Pacific,8.7,8.633009999999999,8.202359999999999,6.68943
2354,Fresno,02/10/2025,9.8,California,Fresno-Pacific,9.8,9.724540000000001,9.23944,7.535220000000001
2355,Fresno,02/11/2025,8.6,California,Fresno-Pacific,8.6,8.53378,8.10808,6.61254
2356,Fresno,02/12/2025,6.5,California,Fresno-Pacific,6.5,6.449949999999999,6.1282,4.997850000000001
2357,Fresno,02/13/2025,3.4,California,Fresno-Pacific,3.4,3.37382,3.20552,2.61426
2358,Fresno,02/14/2025,5.4,California,Fresno-Pacific,5.4,5.35842,5.09112,4.1520600000000005
2359,Fresno,02/15/2025,13.9,California,Fresno-Pacific,13.9,13.79297,13.10492,10.687710000000001
2360,Fresno,02/16/2025,14.1,California,Fresno-Pacific,14.1,13.99143,13.293479999999999,10.84149
2361,Fresno,02/17/2025,7.1,California,Fresno-Pacific,7.1,7.045329999999999,6.693879999999999,5.4591899999999995
2362,Fresno,02/18/2025,10.9,California,Fresno-Pacific,10.9,10.81607,10.27652,8.38101
2363,Fresno,02/19/2025,13.3,California,Fresno-Pacific,13.3,13.19759,12.53924,10.226370000000001
2364,Fresno,02/20/2025,11.7,California,Fresno-Pacific,11.7,11.60991,11.030759999999999,8.996129999999999
2365,Fresno,02/21/2025,14.7,California,Fresno-Pacific,14.7,14.586809999999998,13.85916,11.30283
2366,Fresno,02/22/2025,17.3,California,Fresno-Pacific,17.3,17.16679,16.31044,13.30197
2367,Fresno,02/23/2025,18.6,California,Fresno-Pacific,18.6,18.456780000000002,17.536080000000002,14.301540000000001
2368,Fresno,02/24/2025,12.2,California,Fresno-Pacific,12.2,12.10606,11.502159999999998,9.38058
2369,Fresno,02/25/2025,10.1,California,Fresno-Pacific,10.1,10.022229999999999,9.522279999999999,7.76589
2370,Fresno,02/26/2025,18.2,California,Fresno-Pacific,18.2,18.059859999999997,17.15896,13.99398
2371,Fresno,02/27/2025,14.4,California,Fresno-Pacific,14.4,14.28912,13.576319999999999,11.07216
2372,Fresno,02/28/2025,9.7,California,Fresno-Pacific,9.7,9.625309999999999,9.145159999999999,7.45833
2373,Fresno,03/01/2025,10.1,California,Fresno-Pacific,10.1,10.022229999999999,9.522279999999999,7.76589
2374,Fresno,03/02/2025,2.8,California,Fresno-Pacific,2.8,2.77844,2.63984,2.15292
2375,Fresno,03/03/2025,3.5,California,Fresno-Pacific,3.5,3.4730499999999997,3.2998,2.69115
2376,Fresno,03/04/2025,6.7,California,Fresno-Pacific,6.7,6.64841,6.31676,5.15163
2377,Fresno,03/05/2025,6.6,California,Fresno-Pacific,6.6,6.54918,6.222479999999999,5.07474
2378,Fresno,03/06/2025,4.4,California,Fresno-Pacific,4.4,4.3661200000000004,4.14832,3.3831600000000006
2379,Fresno,03/07/2025,9.7,California,Fresno-Pacific,9.7,9.625309999999999,9.145159999999999,7.45833
2380,Fresno,03/08/2025,9.3,California,Fresno-Pacific,9.3,9.228390000000001,8.768040000000001,7.1507700000000005
2381,Fresno,03/09/2025,6.8,California,Fresno-Pacific,6.8,6.74764,6.41104,5.22852
2382,Fresno,03/10/2025,9.5,California,Fresno-Pacific,9.5,9.42685,8.9566,7.30455
2383,Fresno,03/11/2025,8.6,California,Fresno-Pacific,8.6,8.53378,8.10808,6.61254
2384,Fresno,03/12/2025,5.2,California,Fresno-Pacific,5.2,5.15996,4.90256,3.9982800000000003
2385,Fresno,03/13/2025,2.6,California,Fresno-Pacific,2.6,2.57998,2.45128,1.9991400000000001
2386,Fresno,03/14/2025,5.4,California,Fresno-Pacific,5.4,5.35842,5.09112,4.1520600000000005
2387,Fresno,03/15/2025,11.0,California,Fresno-Pacific,11.0,10.9153,10.3708,8.4579
2388,Fresno,03/16/2025,8.5,California,Fresno-Pacific,8.5,8.43455,8.0138,6.53565
2389,Fresno,03/17/2025,5.2,California,Fresno-Pacific,5.2,5.15996,4.90256,3.9982800000000003
2390,Fresno,03/18/2025,2.5,California,Fresno-Pacific,2.5,2.48075,2.3569999999999998,1.92225
2391,Fresno,03/19/2025,6.3,California,Fresno-Pacific,6.3,6.2514899999999995,5.93964,4.84407
2392,Fresno,03/20/2025,2.4,California,Fresno-Pacific,2.4,2.3815199999999996,2.26272,1.84536
2393,Fresno,03/21/2025,7.0,California,Fresno-Pacific,7.0,6.9460999999999995,6.5996,5.3823
2394,Fresno,03/22/2025,4.6,California,Fresno-Pacific,4.6,4.564579999999999,4.33688,3.53694
2395,Fresno,03/23/2025,7.8,California,Fresno-Pacific,7.8,7.73994,7.35384,5.99742
2396,Fresno,03/29/2025,2.0,California,Fresno-Pacific,2.0,1.9846,1.8856,1.5378
2397,Fresno,03/30/2025,4.5,California,Fresno-Pacific,4.5,4.46535,4.2425999999999995,3.4600500000000003
2398,Fresno,03/31/2025,1.8,California,Fresno-Pacific,1.8,1.78614,1.6970399999999999,1.38402
2399,Fresno,04/01/2025,1.1,California,Fresno-Pacific,1.1,1.0915300000000001,1.03708,0.8457900000000002
2400,Fresno,04/02/2025,2.5,California,Fresno-Pacific,2.5,2.48075,2.3569999999999998,1.92225
2401,Fresno,04/03/2025,4.0,California,Fresno-Pacific,4.0,3.9692,3.7712,3.0756
2402,Fresno,04/04/2025,5.8,California,Fresno-Pacific,5.8,5.7553399999999995,5.46824,4.45962
2403,Fresno,04/05/2025,8.6,California,Fresno-Pacific,8.6,8.53378,8.10808,6.61254
2404,Fresno,04/06/2025,8.5,California,Fresno-Pacific,8.5,8.43455,8.0138,6.53565
2405,Fresno,04/07/2025,3.0,California,Fresno-Pacific,3.0,2.9768999999999997,2.8284,2.3067
2406,Fresno,04/08/2025,2.0,California,Fresno-Pacific,2.0,1.9846,1.8856,1.5378
2407,Fresno,04/09/2025,5.4,California,Fresno-Pacific,5.4,5.35842,5.09112,4.1520600000000005
2408,Fresno,04/10/2025,9.6,California,Fresno-Pacific,9.6,9.526079999999999,9.05088,7.38144
2409,Fresno,04/11/2025,6.1,California,Fresno-Pacific,6.1,6.05303,5.751079999999999,4.69029
2410,Fresno,04/12/2025,7.1,California,Fresno-Pacific,7.1,7.045329999999999,6.693879999999999,5.4591899999999995
2411,Fresno,04/13/2025,7.7,California,Fresno-Pacific,7.7,7.6407099999999994,7.25956,5.92053
2412,Fresno,04/14/2025,11.8,California,Fresno-Pacific,11.8,11.70914,11.12504,9.073020000000001
2413,Fresno,04/15/2025,9.2,California,Fresno-Pacific,9.2,9.129159999999999,8.67376,7.07388
2414,Fresno,04/16/2025,9.9,California,Fresno-Pacific,9.9,9.82377,9.33372,7.61211
2415,Fresno,04/17/2025,6.5,California,Fresno-Pacific,6.5,6.449949999999999,6.1282,4.997850000000001
2416,Fresno,04/18/2025,6.9,California,Fresno-Pacific,6.9,6.84687,6.50532,5.30541
2417,Fresno,04/19/2025,11.6,California,Fresno-Pacific,11.6,11.510679999999999,10.93648,8.91924
2418,Fresno,04/20/2025,9.1,California,Fresno-Pacific,9.1,9.029929999999998,8.57948,6.99699
2419,Fresno,04/21/2025,6.6,California,Fresno-Pacific,6.6,6.54918,6.222479999999999,5.07474
2420,Fresno,04/22/2025,6.2,California,Fresno-Pacific,6.2,6.15226,5.84536,4.767180000000001
2421,Fresno,04/23/2025,4.9,California,Fresno-Pacific,4.9,4.8622700000000005,4.61972,3.7676100000000003
2422,Fresno,04/24/2025,9.5,California,Fresno-Pacific,9.5,9.42685,8.9566,7.30455
2423,Fresno,04/25/2025,5.8,California,Fresno-Pacific,5.8,5.7553399999999995,5.46824,4.45962
2424,Fresno,04/26/2025,5.5,California,Fresno-Pacific,5.5,5.45765,5.1854,4.22895
2425,Fresno,04/27/2025,6.0,California,Fresno-Pacific,6.0,5.953799999999999,5.6568,4.6134
2426,Fresno,04/28/2025,9.3,California,Fresno-Pacific,9.3,9.228390000000001,8.768040000000001,7.1507700000000005
2427,Fresno,04/29/2025,13.3,California,Fresno-Pacific,13.3,13.19759,12.53924,10.226370000000001
2428,Fresno,04/30/2025,16.1,California,Fresno-Pacific,16.1,15.976030000000002,15.17908,12.379290000000001
2429,Fresno,05/01/2025,13.3,California,Fresno-Pacific,13.3,13.19759,12.53924,10.226370000000001
2430,Fresno,05/02/2025,8.8,California,Fresno-Pacific,8.8,8.732240000000001,8.29664,6.766320000000001
2431,Fresno,05/03/2025,3.4,California,Fresno-Pacific,3.4,3.37382,3.20552,2.61426
2432,Fresno,05/04/2025,7.1,California,Fresno-Pacific,7.1,7.045329999999999,6.693879999999999,5.4591899999999995
2433,Fresno,05/05/2025,10.9,California,Fresno-Pacific,10.9,10.81607,10.27652,8.38101
2434,Fresno,05/06/2025,8.4,California,Fresno-Pacific,8.4,8.33532,7.91952,6.458760000000001
2435,Fresno,05/07/2025,10.1,California,Fresno-Pacific,10.1,10.022229999999999,9.522279999999999,7.76589
2436,Fresno,05/08/2025,10.7,California,Fresno-Pacific,10.7,10.617609999999999,10.087959999999999,8.22723
2437,Fresno,05/09/2025,12.1,California,Fresno-Pacific,12.1,12.006829999999999,11.407879999999999,9.30369
2438,Fresno,05/10/2025,11.6,California,Fresno-Pacific,11.6,11.510679999999999,10.93648,8.91924
2439,Fresno,05/11/2025,2.2,California,Fresno-Pacific,2.2,2.1830600000000002,2.07416,1.6915800000000003
2440,Fresno,05/12/2025,2.8,California,Fresno-Pacific,2.8,2.77844,2.63984,2.15292
2441,Fresno,05/13/2025,2.1,California,Fresno-Pacific,2.1,2.08383,1.97988,1.6146900000000002
2442,Fresno,05/14/2025,5.0,California,Fresno-Pacific,5.0,4.9615,4.7139999999999995,3.8445
2443,Fresno,05/15/2025,5.1,California,Fresno-Pacific,5.1,5.0607299999999995,4.80828,3.9213899999999997
2444,Fresno,05/16/2025,4.5,California,Fresno-Pacific,4.5,4.46535,4.2425999999999995,3.4600500000000003
2445,Fresno,05/17/2025,5.1,California,Fresno-Pacific,5.1,5.0607299999999995,4.80828,3.9213899999999997
2446,Fresno,05/18/2025,4.1,California,Fresno-Pacific,4.1,4.068429999999999,3.8654799999999994,3.15249
2447,Fresno,05/19/2025,6.0,California,Fresno-Pacific,6.0,5.953799999999999,5.6568,4.6134
2448,Fresno,05/20/2025,3.8,California,Fresno-Pacific,3.8,3.7707399999999995,3.5826399999999996,2.92182
2449,Fresno,05/21/2025,5.6,California,Fresno-Pacific,5.6,5.55688,5.27968,4.30584
2450,Fresno,05/22/2025,4.0,California,Fresno-Pacific,4.0,3.9692,3.7712,3.0756
2451,Fresno,05/23/2025,2.3,California,Fresno-Pacific,2.3,2.2822899999999997,2.16844,1.76847
2452,Fresno,05/24/2025,4.2,California,Fresno-Pacific,4.2,4.16766,3.95976,3.2293800000000004
2453,Fresno,05/25/2025,3.8,California,Fresno-Pacific,3.8,3.7707399999999995,3.5826399999999996,2.92182
2454,Fresno,05/26/2025,2.0,California,Fresno-Pacific,2.0,1.9846,1.8856,1.5378
2455,Fresno,05/27/2025,3.5,California,Fresno-Pacific,3.5,3.4730499999999997,3.2998,2.69115
2456,Fresno,05/28/2025,5.8,California,Fresno-Pacific,5.8,5.7553399999999995,5.46824,4.45962
2457,Fresno,05/29/2025,5.9,California,Fresno-Pacific,5.9,5.85457,5.56252,4.536510000000001
2458,Fresno,05/30/2025,14.6,California,Fresno-Pacific,14.6,14.48758,13.76488,11.22594
2459,Fresno,05/31/2025,19.3,California,Fresno-Pacific,19.3,19.15139,18.19604,14.839770000000001
2460,Fresno,06/01/2025,7.0,California,Fresno-Pacific,7.0,6.9460999999999995,6.5996,5.3823
2461,Fresno,06/02/2025,8.6,California,Fresno-Pacific,8.6,8.53378,8.10808,6.61254
2462,Fresno,06/03/2025,8.2,California,Fresno-Pacific,8.2,8.136859999999999,7.730959999999999,6.30498
2463,Fresno,06/04/2025,10.3,California,Fresno-Pacific,10.3,10.220690000000001,9.710840000000001,7.919670000000001
2464,Fresno,06/05/2025,10.3,California,Fresno-Pacific,10.3,10.220690000000001,9.710840000000001,7.919670000000001
2465,Fresno,06/06/2025,8.6,California,Fresno-Pacific,8.6,8.53378,8.10808,6.61254
2466,Fresno,06/07/2025,8.5,California,Fresno-Pacific,8.5,8.43455,8.0138,6.53565
2467,Fresno,06/08/2025,6.4,California,Fresno-Pacific,6.4,6.35072,6.03392,4.920960000000001
2468,Fresno,06/09/2025,9.0,California,Fresno-Pacific,9.0,8.9307,8.485199999999999,6.920100000000001
2469,Fresno,06/10/2025,8.7,California,Fresno-Pacific,8.7,8.633009999999999,8.202359999999999,6.68943
2470,Fresno,06/11/2025,6.1,California,Fresno-Pacific,6.1,6.05303,5.751079999999999,4.69029
2471,Fresno,06/12/2025,8.6,California,Fresno-Pacific,8.6,8.53378,8.10808,6.61254
2472,Fresno,06/13/2025,5.3,California,Fresno-Pacific,5.3,5.259189999999999,4.99684,4.07517
2473,Fresno,06/14/2025,4.3,California,Fresno-Pacific,4.3,4.26689,4.05404,3.30627
2474,Fresno,06/15/2025,5.7,California,Fresno-Pacific,5.7,5.65611,5.37396,4.3827300000000005
2475,Fresno,06/16/2025,5.0,California,Fresno-Pacific,5.0,4.9615,4.7139999999999995,3.8445
2476,Fresno,06/17/2025,5.1,California,Fresno-Pacific,5.1,5.0607299999999995,4.80828,3.9213899999999997
2477,Fresno,06/18/2025,9.3,California,Fresno-Pacific,9.3,9.228390000000001,8.768040000000001,7.1507700000000005
2478,Fresno,06/19/2025,8.0,California,Fresno-Pacific,8.0,7.9384,7.5424,6.1512
2479,Fresno,06/20/2025,5.5,California,Fresno-Pacific,5.5,5.45765,5.1854,4.22895
2480,Fresno,06/21/2025,4.8,California,Fresno-Pacific,4.8,4.763039999999999,4.52544,3.69072
2481,Fresno,06/22/2025,3.2,California,Fresno-Pacific,3.2,3.17536,3.01696,2.4604800000000004
2482,Fresno,06/23/2025,5.4,California,Fresno-Pacific,5.4,5.35842,5.09112,4.1520600000000005
2483,Fresno,06/24/2025,5.0,California,Fresno-Pacific,5.0,4.9615,4.7139999999999995,3.8445
2484,Fresno,06/25/2025,4.9,California,Fresno-Pacific,4.9,4.8622700000000005,4.61972,3.7676100000000003
2485,Fresno,06/26/2025,6.8,California,Fresno-Pacific,6.8,6.74764,6.41104,5.22852
2486,Fresno,06/27/2025,8.7,California,Fresno-Pacific,8.7,8.633009999999999,8.202359999999999,6.68943
2487,Fresno,06/28/2025,11.1,California,Fresno-Pacific,11.1,11.014529999999999,10.465079999999999,8.53479
2488,Fresno,06/29/2025,7.8,California,Fresno-Pacific,7.8,7.73994,7.35384,5.99742
2489,Fresno,06/30/2025,7.0,California,Fresno-Pacific,7.0,6.9460999999999995,6.5996,5.3823
2490,Fresno,07/01/2025,7.4,California,Fresno-Pacific,7.4,7.34302,6.97672,5.68986
2491,Fresno,07/02/2025,8.4,California,Fresno-Pacific,8.4,8.33532,7.91952,6.458760000000001
2492,Fresno,07/03/2025,10.1,California,Fresno-Pacific,10.1,10.022229999999999,9.522279999999999,7.76589
2493,Fresno,07/04/2025,7.3,California,Fresno-Pacific,7.3,7.24379,6.88244,5.61297
2494,Fresno,07/05/2025,5.6,California,Fresno-Pacific,5.6,5.55688,5.27968,4.30584
2495,Fresno,07/06/2025,6.5,California,Fresno-Pacific,6.5,6.449949999999999,6.1282,4.997850000000001
2496,Fresno,07/07/2025,8.7,California,Fresno-Pacific,8.7,8.633009999999999,8.202359999999999,6.68943
2497,Fresno,07/08/2025,6.6,California,Fresno-Pacific,6.6,6.54918,6.222479999999999,5.07474
2498,Fresno,07/09/2025,5.8,California,Fresno-Pacific,5.8,5.7553399999999995,5.46824,4.45962
2499,Fresno,07/10/2025,6.7,California,Fresno-Pacific,6.7,6.64841,6.31676,5.15163
2500,Fresno,07/11/2025,17.1,California,Fresno-Pacific,17.1,16.96833,16.12188,13.148190000000001
2501,Fresno,07/12/2025,16.8,California,Fresno-Pacific,16.8,16.67064,15.83904,12.917520000000001
2502,Fresno,07/13/2025,12.0,California,Fresno-Pacific,12.0,11.907599999999999,11.3136,9.2268
2503,Fresno,07/14/2025,11.2,California,Fresno-Pacific,11.2,11.11376,10.55936,8.61168
2504,Fresno,07/15/2025,10.0,California,Fresno-Pacific,10.0,9.923,9.427999999999999,7.689
2505,Fresno,07/16/2025,7.7,California,Fresno-Pacific,7.7,7.6407099999999994,7.25956,5.92053
2506,Fresno,07/17/2025,7.4,California,Fresno-Pacific,7.4,7.34302,6.97672,5.68986
2507,Fresno,07/18/2025,6.4,California,Fresno-Pacific,6.4,6.35072,6.03392,4.920960000000001
2508,Fresno,07/19/2025,5.5,California,Fresno-Pacific,5.5,5.45765,5.1854,4.22895
2509,Fresno,07/20/2025,4.6,California,Fresno-Pacific,4.6,4.564579999999999,4.33688,3.53694
2510,Fresno,07/21/2025,4.9,California,Fresno-Pacific,4.9,4.8622700000000005,4.61972,3.7676100000000003
2511,Fresno,07/22/2025,3.7,California,Fresno-Pacific,3.7,3.67151,3.48836,2.84493
2512,Fresno,07/23/2025,2.6,California,Fresno-Pacific,2.6,2.57998,2.45128,1.9991400000000001
2513,Fresno,07/24/2025,3.8,California,Fresno-Pacific,3.8,3.7707399999999995,3.5826399999999996,2.92182
2514,Fresno,07/25/2025,4.5,California,Fresno-Pacific,4.5,4.46535,4.2425999999999995,3.4600500000000003
2515,Fresno,07/26/2025,3.2,California,Fresno-Pacific,3.2,3.17536,3.01696,2.4604800000000004
2516,Fresno,07/27/2025,2.8,California,Fresno-Pacific,2.8,2.77844,2.63984,2.15292
2517,Fresno,07/28/2025,5.1,California,Fresno-Pacific,5.1,5.0607299999999995,4.80828,3.9213899999999997
2518,Fresno,07/29/2025,5.6,California,Fresno-Pacific,5.6,5.55688,5.27968,4.30584
2519,Fresno,07/30/2025,4.6,California,Fresno-Pacific,4.6,4.564579999999999,4.33688,3.53694
2520,Fresno,07/31/2025,6.9,California,Fresno-Pacific,6.9,6.84687,6.50532,5.30541
2521,Fresno,08/01/2025,7.3,California,Fresno-Pacific,7.3,7.24379,6.88244,5.61297
2522,Fresno,08/02/2025,6.7,California,Fresno-Pacific,6.7,6.64841,6.31676,5.15163
2523,Fresno,08/03/2025,3.9,California,Fresno-Pacific,3.9,3.86997,3.67692,2.99871
2524,Fresno,08/04/2025,4.7,California,Fresno-Pacific,4.7,4.66381,4.43116,3.61383
2525,Fresno,08/05/2025,3.4,California,Fresno-Pacific,3.4,3.37382,3.20552,2.61426
2526,Fresno,08/06/2025,4.9,California,Fresno-Pacific,4.9,4.8622700000000005,4.61972,3.7676100000000003
2527,Fresno,08/07/2025,4.6,California,Fresno-Pacific,4.6,4.564579999999999,4.33688,3.53694
2528,Fresno,08/08/2025,9.0,California,Fresno-Pacific,9.0,8.9307,8.485199999999999,6.920100000000001
2529,Fresno,08/09/2025,13.2,California,Fresno-Pacific,13.2,13.09836,12.444959999999998,10.14948
2530,Fresno,08/10/2025,10.5,California,Fresno-Pacific,10.5,10.41915,9.8994,8.073450000000001
2531,Fresno,08/11/2025,8.4,California,Fresno-Pacific,8.4,8.33532,7.91952,6.458760000000001
2532,Fresno,08/12/2025,10.0,California,Fresno-Pacific,10.0,9.923,9.427999999999999,7.689
2533,Fresno,08/13/2025,8.1,California,Fresno-Pacific,8.1,8.03763,7.636679999999999,6.22809
2534,Fresno,08/14/2025,10.1,California,Fresno-Pacific,10.1,10.022229999999999,9.522279999999999,7.76589
2535,Fresno,08/15/2025,7.9,California,Fresno-Pacific,7.9,7.83917,7.44812,6.0743100000000005
2536,Fresno,08/16/2025,2.4,California,Fresno-Pacific,2.4,2.3815199999999996,2.26272,1.84536
2537,Fresno,08/17/2025,2.2,California,Fresno-Pacific,2.2,2.1830600000000002,2.07416,1.6915800000000003
2538,Fresno,08/18/2025,4.4,California,Fresno-Pacific,4.4,4.3661200000000004,4.14832,3.3831600000000006
2539,Fresno,08/19/2025,4.5,California,Fresno-Pacific,4.5,4.46535,4.2425999999999995,3.4600500000000003
2540,Fresno,08/20/2025,7.2,California,Fresno-Pacific,7.2,7.14456,6.7881599999999995,5.53608
2541,Fresno,08/21/2025,15.8,California,Fresno-Pacific,15.8,15.67834,14.89624,12.148620000000001
2542,Fresno,08/22/2025,15.4,California,Fresno-Pacific,15.4,15.281419999999999,14.51912,11.84106
2543,Fresno,08/23/2025,17.4,California,Fresno-Pacific,17.4,17.266019999999997,16.404719999999998,13.37886
2544,Fresno,08/24/2025,11.6,California,Fresno-Pacific,11.6,11.510679999999999,10.93648,8.91924
2545,Fresno,08/25/2025,10.1,California,Fresno-Pacific,10.1,10.022229999999999,9.522279999999999,7.76589
2546,Fresno,08/26/2025,14.0,California,Fresno-Pacific,14.0,13.892199999999999,13.1992,10.7646
2547,Fresno,08/27/2025,10.3,California,Fresno-Pacific,10.3,10.220690000000001,9.710840000000001,7.919670000000001
2548,Fresno,08/28/2025,10.6,California,Fresno-Pacific,10.6,10.518379999999999,9.99368,8.15034
2549,Fresno,08/29/2025,8.8,California,Fresno-Pacific,8.8,8.732240000000001,8.29664,6.766320000000001
2550,Fresno,08/31/2025,11.6,California,Fresno-Pacific,11.6,11.510679999999999,10.93648,8.91924
2551,Fresno,09/01/2025,10.4,California,Fresno-Pacific,10.4,10.31992,9.80512,7.996560000000001
2552,Fresno,09/02/2025,12.6,California,Fresno-Pacific,12.6,12.502979999999999,11.87928,9.68814
2553,Fresno,09/03/2025,16.4,California,Fresno-Pacific,16.4,16.273719999999997,15.461919999999997,12.60996
2554,Fresno,09/04/2025,12.2,California,Fresno-Pacific,12.2,12.10606,11.502159999999998,9.38058
2555,Fresno,09/05/2025,8.3,California,Fresno-Pacific,8.3,8.23609,7.825240000000001,6.381870000000001
2556,Fresno,09/06/2025,9.9,California,Fresno-Pacific,9.9,9.82377,9.33372,7.61211
2557,Fresno,09/07/2025,6.2,California,Fresno-Pacific,6.2,6.15226,5.84536,4.767180000000001
2558,Fresno,09/08/2025,4.5,California,Fresno-Pacific,4.5,4.46535,4.2425999999999995,3.4600500000000003
2559,Fresno,09/09/2025,3.2,California,Fresno-Pacific,3.2,3.17536,3.01696,2.4604800000000004
2560,Fresno,09/10/2025,3.0,California,Fresno-Pacific,3.0,2.9768999999999997,2.8284,2.3067
2561,Fresno,09/11/2025,5.3,California,Fresno-Pacific,5.3,5.259189999999999,4.99684,4.07517
2562,Fresno,09/12/2025,7.5,California,Fresno-Pacific,7.5,7.44225,7.071,5.76675
2563,Fresno,09/13/2025,9.5,California,Fresno-Pacific,9.5,9.42685,8.9566,7.30455
2564,Fresno,09/14/2025,6.8,California,Fresno-Pacific,6.8,6.74764,6.41104,5.22852
2565,Fresno,09/15/2025,9.1,California,Fresno-Pacific,9.1,9.029929999999998,8.57948,6.99699
2566,Fresno,09/16/2025,13.5,California,Fresno-Pacific,13.5,13.396049999999999,12.7278,10.38015
2567,Fresno,09/17/2025,13.2,California,Fresno-Pacific,13.2,13.09836,12.444959999999998,10.14948
2568,Fresno,09/18/2025,11.1,California,Fresno-Pacific,11.1,11.014529999999999,10.465079999999999,8.53479
2569,Fresno,09/19/2025,12.4,California,Fresno-Pacific,12.4,12.30452,11.69072,9.534360000000001
2570,Fresno,09/20/2025,14.6,California,Fresno-Pacific,14.6,14.48758,13.76488,11.22594
2571,Fresno,09/21/2025,11.2,California,Fresno-Pacific,11.2,11.11376,10.55936,8.61168
2572,Fresno,09/22/2025,11.1,California,Fresno-Pacific,11.1,11.014529999999999,10.465079999999999,8.53479
2573,Fresno,09/23/2025,16.0,California,Fresno-Pacific,16.0,15.8768,15.0848,12.3024
2574,Fresno,09/24/2025,10.0,California,Fresno-Pacific,10.0,9.923,9.427999999999999,7.689
2575,Fresno,09/25/2025,9.1,California,Fresno-Pacific,9.1,9.029929999999998,8.57948,6.99699
2576,Fresno,09/26/2025,10.8,California,Fresno-Pacific,10.8,10.71684,10.18224,8.304120000000001
2577,Fresno,09/27/2025,11.1,California,Fresno-Pacific,11.1,11.014529999999999,10.465079999999999,8.53479
2578,Fresno,09/28/2025,7.9,California,Fresno-Pacific,7.9,7.83917,7.44812,6.0743100000000005
2579,Fresno,09/29/2025,7.7,California,Fresno-Pacific,7.7,7.6407099999999994,7.25956,5.92053
2580,Fresno,09/30/2025,6.3,California,Fresno-Pacific,6.3,6.2514899999999995,5.93964,4.84407
2581,Fresno,10/01/2025,6.5,California,Fresno-Pacific,6.5,6.449949999999999,6.1282,4.997850000000001
2582,Fresno,10/02/2025,4.5,California,Fresno-Pacific,4.5,4.46535,4.2425999999999995,3.4600500000000003
2583,Fresno,10/03/2025,2.8,California,Fresno-Pacific,2.8,2.77844,2.63984,2.15292
2584,Fresno,10/04/2025,7.4,California,Fresno-Pacific,7.4,7.34302,6.97672,5.68986
2585,Fresno,10/05/2025,8.2,California,Fresno-Pacific,8.2,8.136859999999999,7.730959999999999,6.30498
2586,Fresno,10/06/2025,7.5,California,Fresno-Pacific,7.5,7.44225,7.071,5.76675
2587,Fresno,10/07/2025,11.4,California,Fresno-Pacific,11.4,11.31222,10.74792,8.765460000000001
2588,Fresno,10/08/2025,9.6,California,Fresno-Pacific,9.6,9.526079999999999,9.05088,7.38144
2589,Fresno,10/09/2025,8.2,California,Fresno-Pacific,8.2,8.136859999999999,7.730959999999999,6.30498
2590,Fresno,10/10/2025,6.4,California,Fresno-Pacific,6.4,6.35072,6.03392,4.920960000000001
2591,Fresno,10/11/2025,1.7,California,Fresno-Pacific,1.7,1.68691,1.60276,1.30713
2592,Fresno,10/12/2025,5.6,California,Fresno-Pacific,5.6,5.55688,5.27968,4.30584
2593,Fresno,10/13/2025,5.9,California,Fresno-Pacific,5.9,5.85457,5.56252,4.536510000000001
2594,Fresno,10/14/2025,0.7,California,Fresno-Pacific,0.7,0.69461,0.65996,0.53823
2595,Fresno,10/15/2025,3.6,California,Fresno-Pacific,3.6,3.57228,3.3940799999999998,2.76804
2596,Fresno,10/16/2025,9.3,California,Fresno-Pacific,9.3,9.228390000000001,8.768040000000001,7.1507700000000005
2597,Fresno,10/17/2025,14.1,California,Fresno-Pacific,14.1,13.99143,13.293479999999999,10.84149
2598,Fresno,10/18/2025,17.0,California,Fresno-Pacific,17.0,16.8691,16.0276,13.0713
2599,Fresno,10/19/2025,19.0,California,Fresno-Pacific,19.0,18.8537,17.9132,14.6091
2600,Fresno,10/20/2025,20.3,California,Fresno-Pacific,20.3,20.14369,19.138840000000002,15.608670000000002
2601,Fresno,10/21/2025,19.4,California,Fresno-Pacific,19.4,19.250619999999998,18.290319999999998,14.91666
2602,Fresno,10/22/2025,11.0,California,Fresno-Pacific,11.0,10.9153,10.3708,8.4579
2603,Fresno,10/23/2025,12.6,California,Fresno-Pacific,12.6,12.502979999999999,11.87928,9.68814
2604,Fresno,10/24/2025,19.2,California,Fresno-Pacific,19.2,19.052159999999997,18.10176,14.76288
2605,Fresno,10/25/2025,17.2,California,Fresno-Pacific,17.2,17.06756,16.21616,13.22508
2606,Fresno,10/26/2025,6.6,California,Fresno-Pacific,6.6,6.54918,6.222479999999999,5.07474
2607,Fresno,10/27/2025,1.8,California,Fresno-Pacific,1.8,1.78614,1.6970399999999999,1.38402
2608,Fresno,10/28/2025,10.7,California,Fresno-Pacific,10.7,10.617609999999999,10.087959999999999,8.22723
2609,Fresno,10/29/2025,13.3,California,Fresno-Pacific,13.3,13.19759,12.53924,10.226370000000001
2610,Fresno,10/30/2025,17.0,California,Fresno-Pacific,17.0,16.8691,16.0276,13.0713
2611,Fresno,10/31/2025,19.9,California,Fresno-Pacific,19.9,19.746769999999998,18.761719999999997,15.30111
2612,Fresno,11/01/2025,22.7,California,Fresno-Pacific,22.7,22.525209999999998,21.40156,17.45403
2613,Fresno,11/02/2025,21.8,California,Fresno-Pacific,21.8,21.63214,20.55304,16.76202
2614,Fresno,11/03/2025,18.3,California,Fresno-Pacific,18.3,18.15909,17.25324,14.070870000000001
2615,Fresno,11/04/2025,11.3,California,Fresno-Pacific,11.3,11.21299,10.653640000000001,8.68857
2616,Fresno,11/05/2025,10.7,California,Fresno-Pacific,10.7,10.617609999999999,10.087959999999999,8.22723
2617,Fresno,11/06/2025,6.2,California,Fresno-Pacific,6.2,6.15226,5.84536,4.767180000000001
2618,Fresno,11/07/2025,6.6,California,Fresno-Pacific,6.6,6.54918,6.222479999999999,5.07474
2619,Fresno,11/08/2025,9.4,California,Fresno-Pacific,9.4,9.32762,8.86232,7.22766
2620,Fresno,11/09/2025,16.0,California,Fresno-Pacific,16.0,15.8768,15.0848,12.3024
2621,Fresno,11/10/2025,17.4,California,Fresno-Pacific,17.4,17.266019999999997,16.404719999999998,13.37886
2622,Fresno,11/11/2025,17.3,California,Fresno-Pacific,17.3,17.16679,16.31044,13.30197
2623,Fresno,11/12/2025,14.1,California,Fresno-Pacific,14.1,13.99143,13.293479999999999,10.84149
2624,Fresno,11/13/2025,9.1,California,Fresno-Pacific,9.1,9.029929999999998,8.57948,6.99699
2625,Fresno,11/14/2025,3.9,California,Fresno-Pacific,3.9,3.86997,3.67692,2.99871
2626,Fresno,11/15/2025,5.6,California,Fresno-Pacific,5.6,5.55688,5.27968,4.30584
2627,Fresno,11/16/2025,1.6,California,Fresno-Pacific,1.6,1.58768,1.50848,1.2302400000000002
2628,Fresno,11/17/2025,2.4,California,Fresno-Pacific,2.4,2.3815199999999996,2.26272,1.84536
2629,Fresno,11/18/2025,5.2,California,Fresno-Pacific,5.2,5.15996,4.90256,3.9982800000000003
2630,Fresno,11/19/2025,9.2,California,Fresno-Pacific,9.2,9.129159999999999,8.67376,7.07388
2631,Fresno,11/20/2025,12.5,California,Fresno-Pacific,12.5,12.403749999999999,11.785,9.61125
2632,Fresno,11/21/2025,11.8,California,Fresno-Pacific,11.8,11.70914,11.12504,9.073020000000001
2633,Fresno,11/22/2025,16.9,California,Fresno-Pacific,16.9,16.769869999999997,15.933319999999998,12.99441
2634,Fresno,11/23/2025,20.8,California,Fresno-Pacific,20.8,20.63984,19.61024,15.993120000000001
2635,Fresno,11/24/2025,19.8,California,Fresno-Pacific,19.8,19.64754,18.66744,15.22422
2636,Fresno,11/25/2025,11.0,California,Fresno-Pacific,11.0,10.9153,10.3708,8.4579
2637,Fresno,11/26/2025,15.3,California,Fresno-Pacific,15.3,15.18219,14.42484,11.764170000000002
2638,Fresno,11/27/2025,26.7,California,Fresno-Pacific,26.7,26.49441,25.17276,20.52963
2639,Fresno,11/28/2025,28.6,California,Fresno-Pacific,28.6,28.37978,26.96408,21.990540000000003
2640,Fresno,11/29/2025,28.2,California,Fresno-Pacific,28.2,27.98286,26.586959999999998,21.68298
2641,Fresno,11/30/2025,25.9,California,Fresno-Pacific,25.9,25.70057,24.418519999999997,19.91451
2642,Fresno,12/01/2025,23.2,California,Fresno-Pacific,23.2,23.021359999999998,21.87296,17.83848
2643,Fresno,12/02/2025,18.1,California,Fresno-Pacific,18.1,17.960630000000002,17.06468,13.917090000000002
2644,Fresno,12/03/2025,18.7,California,Fresno-Pacific,18.7,18.556009999999997,17.63036,14.37843
2645,Fresno,12/04/2025,18.5,California,Fresno-Pacific,18.5,18.35755,17.4418,14.22465
2646,Fresno,12/05/2025,23.6,California,Fresno-Pacific,23.6,23.41828,22.25008,18.146040000000003
2647,Fresno,12/06/2025,32.4,California,Fresno-Pacific,32.4,32.15052,30.546719999999997,24.91236
2648,Fresno,12/07/2025,32.5,California,Fresno-Pacific,32.5,32.24975,30.641,24.989250000000002
2649,Fresno,12/08/2025,32.6,California,Fresno-Pacific,32.6,32.34898,30.73528,25.06614
2650,Fresno,12/09/2025,34.2,California,Fresno-Pacific,34.2,33.93666,32.24376,26.296380000000003
2651,Fresno,12/10/2025,27.9,California,Fresno-Pacific,27.9,27.685169999999996,26.304119999999998,21.45231
2652,Fresno,12/11/2025,18.3,California,Fresno-Pacific,18.3,18.15909,17.25324,14.070870000000001
2653,Fresno,12/12/2025,12.9,California,Fresno-Pacific,12.9,12.80067,12.16212,9.91881
2654,Fresno,12/13/2025,14.7,California,Fresno-Pacific,14.7,14.586809999999998,13.85916,11.30283
2655,Fresno,12/14/2025,15.4,California,Fresno-Pacific,15.4,15.281419999999999,14.51912,11.84106
2656,Fresno,12/15/2025,12.2,California,Fresno-Pacific,12.2,12.10606,11.502159999999998,9.38058
2657,Fresno,12/16/2025,18.1,California,Fresno-Pacific,18.1,17.960630000000002,17.06468,13.917090000000002
2658,Fresno,12/17/2025,20.1,California,Fresno-Pacific,20.1,19.945230000000002,18.95028,15.454890000000002
2659,Fresno,12/18/2025,15.8,California,Fresno-Pacific,15.8,15.67834,14.89624,12.148620000000001
2660,Fresno,12/19/2025,15.7,California,Fresno-Pacific,15.7,15.579109999999998,14.80196,12.07173
2661,Fresno,12/20/2025,18.7,California,Fresno-Pacific,18.7,18.556009999999997,17.63036,14.37843
2662,Fresno,12/21/2025,6.3,California,Fresno-Pacific,6.3,6.2514899999999995,5.93964,4.84407
2663,Fresno,12/22/2025,5.5,California,Fresno-Pacific,5.5,5.45765,5.1854,4.22895
2664,Fresno,12/23/2025,11.2,California,Fresno-Pacific,11.2,11.11376,10.55936,8.61168
2665,Fresno,12/24/2025,2.7,California,Fresno-Pacific,2.7,2.67921,2.54556,2.0760300000000003
2666,Fresno,12/25/2025,0.9,California,Fresno-Pacific,0.9,0.89307,0.8485199999999999,0.69201
2667,Fresno,12/26/2025,1.1,California,Fresno-Pacific,1.1,1.0915300000000001,1.03708,0.8457900000000002
2668,Fresno,12/27/2025,7.3,California,Fresno-Pacific,7.3,7.24379,6.88244,5.61297
2669,Fresno,12/28/2025,7.3,California,Fresno-Pacific,7.3,7.24379,6.88244,5.61297
2670,Fresno,12/29/2025,9.8,California,Fresno-Pacific,9.8,9.724540000000001,9.23944,7.535220000000001
2671,Fresno,12/30/2025,16.7,California,Fresno-Pacific,16.7,16.57141,15.74476,12.840629999999999
2672,Fresno,12/31/2025,23.5,California,Fresno-Pacific,23.5,23.31905,22.1558,18.06915
