"Date","Source","Site ID","POC","Daily Mean PM2.5 Concentration","Units","Daily AQI Value","Local Site Name","Daily Obs Count","Percent Complete","AQS Parameter Code","AQS Parameter Description","Method Code","Method Description","CBSA Code","CBSA Name","State FIPS Code","State","County FIPS Code","County","Site Latitude","Site Longitude"
"01/01/2025","AQS","500070007","1","1.1","ug/m3 LC","6","PROCTOR MAPLE RESEARCH CTR","1","100.0000","88101","PM2.5 - Local Conditions","145","R & P Model 2025 PM-2.5 Sequential Air Sampler w/VSCC","15540","Burlington-South Burlington, VT","50","Vermont","007","Chittenden","44.5283900009431","-72.86884"
"01/04/2025","AQS","500070007","1","0.7","ug/m3 LC","4","PROCTOR MAPLE RESEARCH CTR","1","100.0000","88101","PM2.5 - Local Conditions","145","R & P Model 2025 PM-2.5 Sequential Air Sampler w/VSCC","15540","Burlington-South Burlington, VT","50","Vermont","007","Chittenden","44.5283900009431","-72.86884"
"01/07/2025","AQS","500070007","1","1.2","ug/m3 LC","7","PROCTOR MAPLE RESEARCH CTR","1","100.0000","88101","PM2.5 - Local Conditions","145","R & P Model 2025 PM-2.5 Sequential Air Sampler w/VSCC","15540","Burlington-South Burlington, VT","50","Vermont","007","Chittenden","44.5283900009431","-72.86884"
"01/10/2025","AQS","500070007","1","1","ug/m3 LC","6","PROCTOR MAPLE RESEARCH CTR","1","100.0000","88101","PM2.5 - Local Conditions","145","R & P Model 2025 PM-2.5 Sequential Air Sampler w/VSCC","15540","Burlington-South Burlington, VT","50","Vermont","007","Chittenden","44.5283900009431","-72.86884"
"01/13/2025","AQS","500070007","1","4.5","ug/m3 LC","25","PROCTOR MAPLE RESEARCH CTR","1","100.0000","88502","Acceptable PM2.5 AQI & Speciation Mass","707","IMPROVE Module A with Cyclone Inlet-Teflon Filter, 2.2 sq. cm.","15540","Burlington-South Burlington, VT","50","Vermont","007","Chittenden","44.5283900009431","-72.86884"
"01/16/2025","AQS","500070007","1","2.2","ug/m3 LC","12","PROCTOR MAPLE RESEARCH CTR","1","100.0000","88502","Acceptable PM2.5 AQI & Speciation Mass","707","IMPROVE Module A with Cyclone Inlet-Teflon Filter, 2.2 sq. cm.","15540","Burlington-South Burlington, VT","50","Vermont","007","Chittenden","44.5283900009431","-72.86884"
"01/19/2025","AQS","500070007","1","2.4","ug/m3 LC","13","PROCTOR MAPLE RESEARCH CTR","1","100.0000","88101","PM2.5 - Local Conditions","145","R & P Model 2025 PM-2.5 Sequential Air Sampler w/VSCC","15540","Burlington-South Burlington, VT","50","Vermont","007","Chittenden","44.5283900009431","-72.86884"
"01/22/2025","AQS","500070007","1","3.9","ug/m3 LC","22","PROCTOR MAPLE RESEARCH CTR","1","100.0000","88502","Acceptable PM2.5 AQI & Speciation Mass","707","IMPROVE Module A with Cyclone Inlet-Teflon Filter, 2.2 sq. cm.","15540","Burlington-South Burlington, VT","50","Vermont","007","Chittenden","44.5283900009431","-72.86884"
"01/23/2025","AQS","500070007","1","5.3","ug/m3 LC","29","PROCTOR MAPLE RESEARCH CTR","1","100.0000","88101","PM2.5 - Local Conditions","145","R & P Model 2025 PM-2.5 Sequential Air Sampler w/VSCC","15540","Burlington-South Burlington, VT","50","Vermont","007","Chittenden","44.5283900009431","-72.86884"
"01/25/2025","AQS","500070007","1","3.1","ug/m3 LC","17","PROCTOR MAPLE RESEARCH CTR","1","100.0000","88502","Acceptable PM2.5 AQI & Speciation Mass","707","IMPROVE Module A with Cyclone Inlet-Teflon Filter, 2.2 sq. cm.","15540","Burlington-South Burlington, VT","50","Vermont","007","Chittenden","44.5283900009431","-72.86884"
"01/28/2025","AQS","500070007","1","1.3","ug/m3 LC","7","PROCTOR MAPLE RESEARCH CTR","1","100.0000","88502","Acceptable PM2.5 AQI & Speciation Mass","707","IMPROVE Module A with Cyclone Inlet-Teflon Filter, 2.2 sq. cm.","15540","Burlington-South Burlington, VT","50","Vermont","007","Chittenden","44.5283900009431","-72.86884"
"01/31/2025","AQS","500070007","1","6","ug/m3 LC","33","PROCTOR MAPLE RESEARCH CTR","1","100.0000","88101","PM2.5 - Local Conditions","145","R & P Model 2025 PM-2.5 Sequential Air Sampler w/VSCC","15540","Burlington-South Burlington, VT","50","Vermont","007","Chittenden","44.5283900009431","-72.86884"
"02/03/2025","AQS","500070007","1","2.9","ug/m3 LC","16","PROCTOR MAPLE RESEARCH CTR","1","100.0000","88101","PM2.5 - Local Conditions","145","R & P Model 2025 PM-2.5 Sequential Air Sampler w/VSCC","15540","Burlington-South Burlington, VT","50","Vermont","007","Chittenden","44.5283900009431","-72.86884"
"02/06/2025","AQS","500070007","1","0.9","ug/m3 LC","5","PROCTOR MAPLE RESEARCH CTR","1","100.0000","88101","PM2.5 - Local Conditions","145","R & P Model 2025 PM-2.5 Sequential Air Sampler w/VSCC","15540","Burlington-South Burlington, VT","50","Vermont","007","Chittenden","44.5283900009431","-72.86884"
"02/09/2025","AQS","500070007","1","1.2","ug/m3 LC","7","PROCTOR MAPLE RESEARCH CTR","1","100.0000","88502","Acceptable PM2.5 AQI & Speciation Mass","707","IMPROVE Module A with Cyclone Inlet-Teflon Filter, 2.2 sq. cm.","15540","Burlington-South Burlington, VT","50","Vermont","007","Chittenden","44.5283900009431","-72.86884"
"02/12/2025","AQS","500070007","1","4.2","ug/m3 LC","23","PROCTOR MAPLE RESEARCH CTR","1","100.0000","88502","Acceptable PM2.5 AQI & Speciation Mass","707","IMPROVE Module A with Cyclone Inlet-Teflon Filter, 2.2 sq. cm.","15540","Burlington-South Burlington, VT","50","Vermont","007","Chittenden","44.5283900009431","-72.86884"
"02/15/2025","AQS","500070007","1","1.4","ug/m3 LC","8","PROCTOR MAPLE RESEARCH CTR","1","100.0000","88502","Acceptable PM2.5 AQI & Speciation Mass","707","IMPROVE Module A with Cyclone Inlet-Teflon Filter, 2.2 sq. cm.","15540","Burlington-South Burlington, VT","50","Vermont","007","Chittenden","44.5283900009431","-72.86884"
"02/18/2025","AQS","500070007","1","1.2","ug/m3 LC","7","PROCTOR MAPLE RESEARCH CTR","1","100.0000","88502","Acceptable PM2.5 AQI & Speciation Mass","707","IMPROVE Module A with Cyclone Inlet-Teflon Filter, 2.2 sq. cm.","15540","Burlington-South Burlington, VT","50","Vermont","007","Chittenden","44.5283900009431","-72.86884"
"02/21/2025","AQS","500070007","1","1.1","ug/m3 LC","6","PROCTOR MAPLE RESEARCH CTR","1","100.0000","88502","Acceptable PM2.5 AQI & Speciation Mass","707","IMPROVE Module A with Cyclone Inlet-Teflon Filter, 2.2 sq. cm.","15540","Burlington-South Burlington, VT","50","Vermont","007","Chittenden","44.5283900009431","-72.86884"
"02/24/2025","AQS","500070007","1","5","ug/m3 LC","28","PROCTOR MAPLE RESEARCH CTR","1","100.0000","88502","Acceptable PM2.5 AQI & Speciation Mass","707","IMPROVE Module A with Cyclone Inlet-Teflon Filter, 2.2 sq. cm.","15540","Burlington-South Burlington, VT","50","Vermont","007","Chittenden","44.5283900009431","-72.86884"
"02/26/2025","AQS","500070007","1","1.8","ug/m3 LC","10","PROCTOR MAPLE RESEARCH CTR","1","100.0000","88101","PM2.5 - Local Conditions","145","R & P Model 2025 PM-2.5 Sequential Air Sampler w/VSCC","15540","Burlington-South Burlington, VT","50","Vermont","007","Chittenden","44.5283900009431","-72.86884"
"02/27/2025","AQS","500070007","1","1","ug/m3 LC","6","PROCTOR MAPLE RESEARCH CTR","1","100.0000","88101","PM2.5 - Local Conditions","145","R & P Model 2025 PM-2.5 Sequential Air Sampler w/VSCC","15540","Burlington-South Burlington, VT","50","Vermont","007","Chittenden","44.5283900009431","-72.86884"
"02/28/2025","AQS","500070007","1","1.4","ug/m3 LC","8","PROCTOR MAPLE RESEARCH CTR","1","100.0000","88101","PM2.5 - Local Conditions","145","R & P Model 2025 PM-2.5 Sequential Air Sampler w/VSCC","15540","Burlington-South Burlington, VT","50","Vermont","007","Chittenden","44.5283900009431","-72.86884"
"03/02/2025","AQS","500070007","1","3.4","ug/m3 LC","19","PROCTOR MAPLE RESEARCH CTR","1","100.0000","88101","PM2.5 - Local Conditions","145","R & P Model 2025 PM-2.5 Sequential Air Sampler w/VSCC","15540","Burlington-South Burlington, VT","50","Vermont","007","Chittenden","44.5283900009431","-72.86884"
"03/05/2025","AQS","500070007","1","3.2","ug/m3 LC","18","PROCTOR MAPLE RESEARCH CTR","1","100.0000","88101","PM2.5 - Local Conditions","145","R & P Model 2025 PM-2.5 Sequential Air Sampler w/VSCC","15540","Burlington-South Burlington, VT","50","Vermont","007","Chittenden","44.5283900009431","-72.86884"
"03/08/2025","AQS","500070007","1","0.9","ug/m3 LC","5","PROCTOR MAPLE RESEARCH CTR","1","100.0000","88101","PM2.5 - Local Conditions","145","R & P Model 2025 PM-2.5 Sequential Air Sampler w/VSCC","15540","Burlington-South Burlington, VT","50","Vermont","007","Chittenden","44.5283900009431","-72.86884"
"03/11/2025","AQS","500070007","1","3.3","ug/m3 LC","18","PROCTOR MAPLE RESEARCH CTR","1","100.0000","88101","PM2.5 - Local Conditions","145","R & P Model 2025 PM-2.5 Sequential Air Sampler w/VSCC","15540","Burlington-South Burlington, VT","50","Vermont","007","Chittenden","44.5283900009431","-72.86884"
"03/14/2025","AQS","500070007","1","4.3","ug/m3 LC","24","PROCTOR MAPLE RESEARCH CTR","1","100.0000","88101","PM2.5 - Local Conditions","145","R & P Model 2025 PM-2.5 Sequential Air Sampler w/VSCC","15540","Burlington-South Burlington, VT","50","Vermont","007","Chittenden","44.5283900009431","-72.86884"
"03/17/2025","AQS","500070007","1","1.7","ug/m3 LC","9","PROCTOR MAPLE RESEARCH CTR","1","100.0000","88101","PM2.5 - Local Conditions","145","R & P Model 2025 PM-2.5 Sequential Air Sampler w/VSCC","15540","Burlington-South Burlington, VT","50","Vermont","007","Chittenden","44.5283900009431","-72.86884"
"03/20/2025","AQS","500070007","1","3.1","ug/m3 LC","17","PROCTOR MAPLE RESEARCH CTR","1","100.0000","88101","PM2.5 - Local Conditions","145","R & P Model 2025 PM-2.5 Sequential Air Sampler w/VSCC","15540","Burlington-South Burlington, VT","50","Vermont","007","Chittenden","44.5283900009431","-72.86884"
"03/23/2025","AQS","500070007","1","2.6","ug/m3 LC","14","PROCTOR MAPLE RESEARCH CTR","1","100.0000","88101","PM2.5 - Local Conditions","145","R & P Model 2025 PM-2.5 Sequential Air Sampler w/VSCC","15540","Burlington-South Burlington, VT","50","Vermont","007","Chittenden","44.5283900009431","-72.86884"
"03/26/2025","AQS","500070007","1","1.7","ug/m3 LC","9","PROCTOR MAPLE RESEARCH CTR","1","100.0000","88101","PM2.5 - Local Conditions","145","R & P Model 2025 PM-2.5 Sequential Air Sampler w/VSCC","15540","Burlington-South Burlington, VT","50","Vermont","007","Chittenden","44.5283900009431","-72.86884"
"03/29/2025","AQS","500070007","1","2.4","ug/m3 LC","13","PROCTOR MAPLE RESEARCH CTR","1","100.0000","88502","Acceptable PM2.5 AQI & Speciation Mass","707","IMPROVE Module A with Cyclone Inlet-Teflon Filter, 2.2 sq. cm.","15540","Burlington-South Burlington, VT","50","Vermont","007","Chittenden","44.5283900009431","-72.86884"
"04/01/2025","AQS","500070007","1","1.7","ug/m3 LC","9","PROCTOR MAPLE RESEARCH CTR","1","100.0000","88101","PM2.5 - Local Conditions","145","R & P Model 2025 PM-2.5 Sequential Air Sampler w/VSCC","15540","Burlington-South Burlington, VT","50","Vermont","007","Chittenden","44.5283900009431","-72.86884"
"04/04/2025","AQS","500070007","1","1.1","ug/m3 LC","6","PROCTOR MAPLE RESEARCH CTR","1","100.0000","88101","PM2.5 - Local Conditions","145","R & P Model 2025 PM-2.5 Sequential Air Sampler w/VSCC","15540","Burlington-South Burlington, VT","50","Vermont","007","Chittenden","44.5283900009431","-72.86884"
"04/07/2025","AQS","500070007","1","1.8","ug/m3 LC","10","PROCTOR MAPLE RESEARCH CTR","1","100.0000","88101","PM2.5 - Local Conditions","145","R & P Model 2025 PM-2.5 Sequential Air Sampler w/VSCC","15540","Burlington-South Burlington, VT","50","Vermont","007","Chittenden","44.5283900009431","-72.86884"
"04/10/2025","AQS","500070007","1","2.9","ug/m3 LC","16","PROCTOR MAPLE RESEARCH CTR","1","100.0000","88101","PM2.5 - Local Conditions","145","R & P Model 2025 PM-2.5 Sequential Air Sampler w/VSCC","15540","Burlington-South Burlington, VT","50","Vermont","007","Chittenden","44.5283900009431","-72.86884"
"04/13/2025","AQS","500070007","1","2.9","ug/m3 LC","16","PROCTOR MAPLE RESEARCH CTR","1","100.0000","88101","PM2.5 - Local Conditions","145","R & P Model 2025 PM-2.5 Sequential Air Sampler w/VSCC","15540","Burlington-South Burlington, VT","50","Vermont","007","Chittenden","44.5283900009431","-72.86884"
"04/16/2025","AQS","500070007","1","0.7","ug/m3 LC","4","PROCTOR MAPLE RESEARCH CTR","1","100.0000","88101","PM2.5 - Local Conditions","145","R & P Model 2025 PM-2.5 Sequential Air Sampler w/VSCC","15540","Burlington-South Burlington, VT","50","Vermont","007","Chittenden","44.5283900009431","-72.86884"
"04/19/2025","AQS","500070007","1","8","ug/m3 LC","44","PROCTOR MAPLE RESEARCH CTR","1","100.0000","88101","PM2.5 - Local Conditions","145","R & P Model 2025 PM-2.5 Sequential Air Sampler w/VSCC","15540","Burlington-South Burlington, VT","50","Vermont","007","Chittenden","44.5283900009431","-72.86884"
"04/22/2025","AQS","500070007","1","3.5","ug/m3 LC","19","PROCTOR MAPLE RESEARCH CTR","1","100.0000","88101","PM2.5 - Local Conditions","145","R & P Model 2025 PM-2.5 Sequential Air Sampler w/VSCC","15540","Burlington-South Burlington, VT","50","Vermont","007","Chittenden","44.5283900009431","-72.86884"
"04/25/2025","AQS","500070007","1","4.5","ug/m3 LC","25","PROCTOR MAPLE RESEARCH CTR","1","100.0000","88101","PM2.5 - Local Conditions","145","R & P Model 2025 PM-2.5 Sequential Air Sampler w/VSCC","15540","Burlington-South Burlington, VT","50","Vermont","007","Chittenden","44.5283900009431","-72.86884"
"04/28/2025","AQS","500070007","1","2.2","ug/m3 LC","12","PROCTOR MAPLE RESEARCH CTR","1","100.0000","88502","Acceptable PM2.5 AQI & Speciation Mass","707","IMPROVE Module A with Cyclone Inlet-Teflon Filter, 2.2 sq. cm.","15540","Burlington-South Burlington, VT","50","Vermont","007","Chittenden","44.5283900009431","-72.86884"
"05/01/2025","AQS","500070007","1","2.1","ug/m3 LC","12","PROCTOR MAPLE RESEARCH CTR","1","100.0000","88101","PM2.5 - Local Conditions","145","R & P Model 2025 PM-2.5 Sequential Air Sampler w/VSCC","15540","Burlington-South Burlington, VT","50","Vermont","007","Chittenden","44.5283900009431","-72.86884"
"05/04/2025","AQS","500070007","1","1.7","ug/m3 LC","9","PROCTOR MAPLE RESEARCH CTR","1","100.0000","88502","Acceptable PM2.5 AQI & Speciation Mass","707","IMPROVE Module A with Cyclone Inlet-Teflon Filter, 2.2 sq. cm.","15540","Burlington-South Burlington, VT","50","Vermont","007","Chittenden","44.5283900009431","-72.86884"
"05/07/2025","AQS","500070007","1","2","ug/m3 LC","11","PROCTOR MAPLE RESEARCH CTR","1","100.0000","88101","PM2.5 - Local Conditions","145","R & P Model 2025 PM-2.5 Sequential Air Sampler w/VSCC","15540","Burlington-South Burlington, VT","50","Vermont","007","Chittenden","44.5283900009431","-72.86884"
"05/10/2025","AQS","500070007","1","1.3","ug/m3 LC","7","PROCTOR MAPLE RESEARCH CTR","1","100.0000","88101","PM2.5 - Local Conditions","145","R & P Model 2025 PM-2.5 Sequential Air Sampler w/VSCC","15540","Burlington-South Burlington, VT","50","Vermont","007","Chittenden","44.5283900009431","-72.86884"
"05/13/2025","AQS","500070007","1","3.9","ug/m3 LC","22","PROCTOR MAPLE RESEARCH CTR","1","100.0000","88502","Acceptable PM2.5 AQI & Speciation Mass","707","IMPROVE Module A with Cyclone Inlet-Teflon Filter, 2.2 sq. cm.","15540","Burlington-South Burlington, VT","50","Vermont","007","Chittenden","44.5283900009431","-72.86884"
"05/16/2025","AQS","500070007","1","4.3","ug/m3 LC","24","PROCTOR MAPLE RESEARCH CTR","1","100.0000","88101","PM2.5 - Local Conditions","145","R & P Model 2025 PM-2.5 Sequential Air Sampler w/VSCC","15540","Burlington-South Burlington, VT","50","Vermont","007","Chittenden","44.5283900009431","-72.86884"
"05/19/2025","AQS","500070007","1","1.4","ug/m3 LC","8","PROCTOR MAPLE RESEARCH CTR","1","100.0000","88101","PM2.5 - Local Conditions","145","R & P Model 2025 PM-2.5 Sequential Air Sampler w/VSCC","15540","Burlington-South Burlington, VT","50","Vermont","007","Chittenden","44.5283900009431","-72.86884"
"05/22/2025","AQS","500070007","1","1.7","ug/m3 LC","9","PROCTOR MAPLE RESEARCH CTR","1","100.0000","88101","PM2.5 - Local Conditions","145","R & P Model 2025 PM-2.5 Sequential Air Sampler w/VSCC","15540","Burlington-South Burlington, VT","50","Vermont","007","Chittenden","44.5283900009431","-72.86884"
"05/25/2025","AQS","500070007","1","2.3","ug/m3 LC","13","PROCTOR MAPLE RESEARCH CTR","1","100.0000","88101","PM2.5 - Local Conditions","145","R & P Model 2025 PM-2.5 Sequential Air Sampler w/VSCC","15540","Burlington-South Burlington, VT","50","Vermont","007","Chittenden","44.5283900009431","-72.86884"
"05/28/2025","AQS","500070007","1","4.8","ug/m3 LC","27","PROCTOR MAPLE RESEARCH CTR","1","100.0000","88101","PM2.5 - Local Conditions","145","R & P Model 2025 PM-2.5 Sequential Air Sampler w/VSCC","15540","Burlington-South Burlington, VT","50","Vermont","007","Chittenden","44.5283900009431","-72.86884"
"05/31/2025","AQS","500070007","1","2.6","ug/m3 LC","14","PROCTOR MAPLE RESEARCH CTR","1","100.0000","88502","Acceptable PM2.5 AQI & Speciation Mass","707","IMPROVE Module A with Cyclone Inlet-Teflon Filter, 2.2 sq. cm.","15540","Burlington-South Burlington, VT","50","Vermont","007","Chittenden","44.5283900009431","-72.86884"
"06/03/2025","AQS","500070007","1","3.5","ug/m3 LC","19","PROCTOR MAPLE RESEARCH CTR","1","100.0000","88502","Acceptable PM2.5 AQI & Speciation Mass","707","IMPROVE Module A with Cyclone Inlet-Teflon Filter, 2.2 sq. cm.","15540","Burlington-South Burlington, VT","50","Vermont","007","Chittenden","44.5283900009431","-72.86884"
"06/06/2025","AQS","500070007","1","10.2","ug/m3 LC","53","PROCTOR MAPLE RESEARCH CTR","1","100.0000","88101","PM2.5 - Local Conditions","145","R & P Model 2025 PM-2.5 Sequential Air Sampler w/VSCC","15540","Burlington-South Burlington, VT","50","Vermont","007","Chittenden","44.5283900009431","-72.86884"
"06/09/2025","AQS","500070007","1","15.1","ug/m3 LC","62","PROCTOR MAPLE RESEARCH CTR","1","100.0000","88101","PM2.5 - Local Conditions","145","R & P Model 2025 PM-2.5 Sequential Air Sampler w/VSCC","15540","Burlington-South Burlington, VT","50","Vermont","007","Chittenden","44.5283900009431","-72.86884"
"06/12/2025","AQS","500070007","1","13.5","ug/m3 LC","59","PROCTOR MAPLE RESEARCH CTR","1","100.0000","88101","PM2.5 - Local Conditions","145","R & P Model 2025 PM-2.5 Sequential Air Sampler w/VSCC","15540","Burlington-South Burlington, VT","50","Vermont","007","Chittenden","44.5283900009431","-72.86884"
"06/15/2025","AQS","500070007","1","7.6","ug/m3 LC","42","PROCTOR MAPLE RESEARCH CTR","1","100.0000","88101","PM2.5 - Local Conditions","145","R & P Model 2025 PM-2.5 Sequential Air Sampler w/VSCC","15540","Burlington-South Burlington, VT","50","Vermont","007","Chittenden","44.5283900009431","-72.86884"
"06/18/2025","AQS","500070007","1","2.6","ug/m3 LC","14","PROCTOR MAPLE RESEARCH CTR","1","100.0000","88101","PM2.5 - Local Conditions","145","R & P Model 2025 PM-2.5 Sequential Air Sampler w/VSCC","15540","Burlington-South Burlington, VT","50","Vermont","007","Chittenden","44.5283900009431","-72.86884"
"06/21/2025","AQS","500070007","1","5.5","ug/m3 LC","31","PROCTOR MAPLE RESEARCH CTR","1","100.0000","88101","PM2.5 - Local Conditions","145","R & P Model 2025 PM-2.5 Sequential Air Sampler w/VSCC","15540","Burlington-South Burlington, VT","50","Vermont","007","Chittenden","44.5283900009431","-72.86884"
"06/24/2025","AQS","500070007","1","9.4","ug/m3 LC","52","PROCTOR MAPLE RESEARCH CTR","1","100.0000","88502","Acceptable PM2.5 AQI & Speciation Mass","707","IMPROVE Module A with Cyclone Inlet-Teflon Filter, 2.2 sq. cm.","15540","Burlington-South Burlington, VT","50","Vermont","007","Chittenden","44.5283900009431","-72.86884"
"06/27/2025","AQS","500070007","1","4.1","ug/m3 LC","23","PROCTOR MAPLE RESEARCH CTR","1","100.0000","88101","PM2.5 - Local Conditions","145","R & P Model 2025 PM-2.5 Sequential Air Sampler w/VSCC","15540","Burlington-South Burlington, VT","50","Vermont","007","Chittenden","44.5283900009431","-72.86884"
"06/30/2025","AQS","500070007","1","4.1","ug/m3 LC","23","PROCTOR MAPLE RESEARCH CTR","1","100.0000","88101","PM2.5 - Local Conditions","145","R & P Model 2025 PM-2.5 Sequential Air Sampler w/VSCC","15540","Burlington-South Burlington, VT","50","Vermont","007","Chittenden","44.5283900009431","-72.86884"
"07/03/2025","AQS","500070007","1","10","ug/m3 LC","53","PROCTOR MAPLE RESEARCH CTR","1","100.0000","88101","PM2.5 - Local Conditions","145","R & P Model 2025 PM-2.5 Sequential Air Sampler w/VSCC","15540","Burlington-South Burlington, VT","50","Vermont","007","Chittenden","44.5283900009431","-72.86884"
"07/06/2025","AQS","500070007","1","9.4","ug/m3 LC","52","PROCTOR MAPLE RESEARCH CTR","1","100.0000","88502","Acceptable PM2.5 AQI & Speciation Mass","707","IMPROVE Module A with Cyclone Inlet-Teflon Filter, 2.2 sq. cm.","15540","Burlington-South Burlington, VT","50","Vermont","007","Chittenden","44.5283900009431","-72.86884"
"07/09/2025","AQS","500070007","1","5.5","ug/m3 LC","31","PROCTOR MAPLE RESEARCH CTR","1","100.0000","88502","Acceptable PM2.5 AQI & Speciation Mass","707","IMPROVE Module A with Cyclone Inlet-Teflon Filter, 2.2 sq. cm.","15540","Burlington-South Burlington, VT","50","Vermont","007","Chittenden","44.5283900009431","-72.86884"
"07/12/2025","AQS","500070007","1","9.1","ug/m3 LC","51","PROCTOR MAPLE RESEARCH CTR","1","100.0000","88101","PM2.5 - Local Conditions","145","R & P Model 2025 PM-2.5 Sequential Air Sampler w/VSCC","15540","Burlington-South Burlington, VT","50","Vermont","007","Chittenden","44.5283900009431","-72.86884"
"07/15/2025","AQS","500070007","1","17.9","ug/m3 LC","67","PROCTOR MAPLE RESEARCH CTR","1","100.0000","88502","Acceptable PM2.5 AQI & Speciation Mass","707","IMPROVE Module A with Cyclone Inlet-Teflon Filter, 2.2 sq. cm.","15540","Burlington-South Burlington, VT","50","Vermont","007","Chittenden","44.5283900009431","-72.86884"
"07/18/2025","AQS","500070007","1","3.7","ug/m3 LC","21","PROCTOR MAPLE RESEARCH CTR","1","100.0000","88101","PM2.5 - Local Conditions","145","R & P Model 2025 PM-2.5 Sequential Air Sampler w/VSCC","15540","Burlington-South Burlington, VT","50","Vermont","007","Chittenden","44.5283900009431","-72.86884"
"07/21/2025","AQS","500070007","1","2","ug/m3 LC","11","PROCTOR MAPLE RESEARCH CTR","1","100.0000","88101","PM2.5 - Local Conditions","145","R & P Model 2025 PM-2.5 Sequential Air Sampler w/VSCC","15540","Burlington-South Burlington, VT","50","Vermont","007","Chittenden","44.5283900009431","-72.86884"
"07/24/2025","AQS","500070007","1","10.5","ug/m3 LC","54","PROCTOR MAPLE RESEARCH CTR","1","100.0000","88101","PM2.5 - Local Conditions","145","R & P Model 2025 PM-2.5 Sequential Air Sampler w/VSCC","15540","Burlington-South Burlington, VT","50","Vermont","007","Chittenden","44.5283900009431","-72.86884"
"07/27/2025","AQS","500070007","1","15.1","ug/m3 LC","62","PROCTOR MAPLE RESEARCH CTR","1","100.0000","88502","Acceptable PM2.5 AQI & Speciation Mass","707","IMPROVE Module A with Cyclone Inlet-Teflon Filter, 2.2 sq. cm.","15540","Burlington-South Burlington, VT","50","Vermont","007","Chittenden","44.5283900009431","-72.86884"
"07/30/2025","AQS","500070007","1","13.9","ug/m3 LC","60","PROCTOR MAPLE RESEARCH CTR","1","100.0000","88502","Acceptable PM2.5 AQI & Speciation Mass","707","IMPROVE Module A with Cyclone Inlet-Teflon Filter, 2.2 sq. cm.","15540","Burlington-South Burlington, VT","50","Vermont","007","Chittenden","44.5283900009431","-72.86884"
"08/02/2025","AQS","500070007","1","10.5","ug/m3 LC","54","PROCTOR MAPLE RESEARCH CTR","1","100.0000","88101","PM2.5 - Local Conditions","145","R & P Model 2025 PM-2.5 Sequential Air Sampler w/VSCC","15540","Burlington-South Burlington, VT","50","Vermont","007","Chittenden","44.5283900009431","-72.86884"
"08/05/2025","AQS","500070007","1","21.9","ug/m3 LC","75","PROCTOR MAPLE RESEARCH CTR","1","100.0000","88101","PM2.5 - Local Conditions","145","R & P Model 2025 PM-2.5 Sequential Air Sampler w/VSCC","15540","Burlington-South Burlington, VT","50","Vermont","007","Chittenden","44.5283900009431","-72.86884"
"08/08/2025","AQS","500070007","1","23.4","ug/m3 LC","78","PROCTOR MAPLE RESEARCH CTR","1","100.0000","88101","PM2.5 - Local Conditions","145","R & P Model 2025 PM-2.5 Sequential Air Sampler w/VSCC","15540","Burlington-South Burlington, VT","50","Vermont","007","Chittenden","44.5283900009431","-72.86884"
"08/11/2025","AQS","500070007","1","10.4","ug/m3 LC","53","PROCTOR MAPLE RESEARCH CTR","1","100.0000","88101","PM2.5 - Local Conditions","145","R & P Model 2025 PM-2.5 Sequential Air Sampler w/VSCC","15540","Burlington-South Burlington, VT","50","Vermont","007","Chittenden","44.5283900009431","-72.86884"
"08/14/2025","AQS","500070007","1","9.1","ug/m3 LC","51","PROCTOR MAPLE RESEARCH CTR","1","100.0000","88101","PM2.5 - Local Conditions","145","R & P Model 2025 PM-2.5 Sequential Air Sampler w/VSCC","15540","Burlington-South Burlington, VT","50","Vermont","007","Chittenden","44.5283900009431","-72.86884"
"08/17/2025","AQS","500070007","1","7","ug/m3 LC","39","PROCTOR MAPLE RESEARCH CTR","1","100.0000","88101","PM2.5 - Local Conditions","145","R & P Model 2025 PM-2.5 Sequential Air Sampler w/VSCC","15540","Burlington-South Burlington, VT","50","Vermont","007","Chittenden","44.5283900009431","-72.86884"
"08/20/2025","AQS","500070007","1","3.5","ug/m3 LC","19","PROCTOR MAPLE RESEARCH CTR","1","100.0000","88101","PM2.5 - Local Conditions","145","R & P Model 2025 PM-2.5 Sequential Air Sampler w/VSCC","15540","Burlington-South Burlington, VT","50","Vermont","007","Chittenden","44.5283900009431","-72.86884"
"08/23/2025","AQS","500070007","1","5","ug/m3 LC","28","PROCTOR MAPLE RESEARCH CTR","1","100.0000","88101","PM2.5 - Local Conditions","145","R & P Model 2025 PM-2.5 Sequential Air Sampler w/VSCC","15540","Burlington-South Burlington, VT","50","Vermont","007","Chittenden","44.5283900009431","-72.86884"
"08/26/2025","AQS","500070007","1","1.4","ug/m3 LC","8","PROCTOR MAPLE RESEARCH CTR","1","100.0000","88101","PM2.5 - Local Conditions","145","R & P Model 2025 PM-2.5 Sequential Air Sampler w/VSCC","15540","Burlington-South Burlington, VT","50","Vermont","007","Chittenden","44.5283900009431","-72.86884"
"08/29/2025","AQS","500070007","1","1.9","ug/m3 LC","11","PROCTOR MAPLE RESEARCH CTR","1","100.0000","88101","PM2.5 - Local Conditions","145","R & P Model 2025 PM-2.5 Sequential Air Sampler w/VSCC","15540","Burlington-South Burlington, VT","50","Vermont","007","Chittenden","44.5283900009431","-72.86884"
"09/01/2025","AQS","500070007","1","3.3","ug/m3 LC","18","PROCTOR MAPLE RESEARCH CTR","1","100.0000","88101","PM2.5 - Local Conditions","145","R & P Model 2025 PM-2.5 Sequential Air Sampler w/VSCC","15540","Burlington-South Burlington, VT","50","Vermont","007","Chittenden","44.5283900009431","-72.86884"
"09/04/2025","AQS","500070007","1","5.2","ug/m3 LC","29","PROCTOR MAPLE RESEARCH CTR","1","100.0000","88101","PM2.5 - Local Conditions","145","R & P Model 2025 PM-2.5 Sequential Air Sampler w/VSCC","15540","Burlington-South Burlington, VT","50","Vermont","007","Chittenden","44.5283900009431","-72.86884"
"09/07/2025","AQS","500070007","1","4","ug/m3 LC","22","PROCTOR MAPLE RESEARCH CTR","1","100.0000","88101","PM2.5 - Local Conditions","145","R & P Model 2025 PM-2.5 Sequential Air Sampler w/VSCC","15540","Burlington-South Burlington, VT","50","Vermont","007","Chittenden","44.5283900009431","-72.86884"
"09/10/2025","AQS","500070007","1","2.9","ug/m3 LC","16","PROCTOR MAPLE RESEARCH CTR","1","100.0000","88101","PM2.5 - Local Conditions","145","R & P Model 2025 PM-2.5 Sequential Air Sampler w/VSCC","15540","Burlington-South Burlington, VT","50","Vermont","007","Chittenden","44.5283900009431","-72.86884"
"09/13/2025","AQS","500070007","1","3.8","ug/m3 LC","21","PROCTOR MAPLE RESEARCH CTR","1","100.0000","88101","PM2.5 - Local Conditions","145","R & P Model 2025 PM-2.5 Sequential Air Sampler w/VSCC","15540","Burlington-South Burlington, VT","50","Vermont","007","Chittenden","44.5283900009431","-72.86884"
"09/16/2025","AQS","500070007","1","4.1","ug/m3 LC","23","PROCTOR MAPLE RESEARCH CTR","1","100.0000","88101","PM2.5 - Local Conditions","145","R & P Model 2025 PM-2.5 Sequential Air Sampler w/VSCC","15540","Burlington-South Burlington, VT","50","Vermont","007","Chittenden","44.5283900009431","-72.86884"
"09/19/2025","AQS","500070007","1","2","ug/m3 LC","11","PROCTOR MAPLE RESEARCH CTR","1","100.0000","88101","PM2.5 - Local Conditions","145","R & P Model 2025 PM-2.5 Sequential Air Sampler w/VSCC","15540","Burlington-South Burlington, VT","50","Vermont","007","Chittenden","44.5283900009431","-72.86884"
"09/22/2025","AQS","500070007","1","3.9","ug/m3 LC","22","PROCTOR MAPLE RESEARCH CTR","1","100.0000","88101","PM2.5 - Local Conditions","145","R & P Model 2025 PM-2.5 Sequential Air Sampler w/VSCC","15540","Burlington-South Burlington, VT","50","Vermont","007","Chittenden","44.5283900009431","-72.86884"
"09/25/2025","AQS","500070007","1","0.4","ug/m3 LC","2","PROCTOR MAPLE RESEARCH CTR","1","100.0000","88101","PM2.5 - Local Conditions","145","R & P Model 2025 PM-2.5 Sequential Air Sampler w/VSCC","15540","Burlington-South Burlington, VT","50","Vermont","007","Chittenden","44.5283900009431","-72.86884"
"09/28/2025","AQS","500070007","1","4.5","ug/m3 LC","25","PROCTOR MAPLE RESEARCH CTR","1","100.0000","88101","PM2.5 - Local Conditions","145","R & P Model 2025 PM-2.5 Sequential Air Sampler w/VSCC","15540","Burlington-South Burlington, VT","50","Vermont","007","Chittenden","44.5283900009431","-72.86884"
"10/01/2025","AQS","500070007","1","2.1","ug/m3 LC","12","PROCTOR MAPLE RESEARCH CTR","1","100.0000","88101","PM2.5 - Local Conditions","145","R & P Model 2025 PM-2.5 Sequential Air Sampler w/VSCC","15540","Burlington-South Burlington, VT","50","Vermont","007","Chittenden","44.5283900009431","-72.86884"
"10/04/2025","AQS","500070007","1","8.5","ug/m3 LC","47","PROCTOR MAPLE RESEARCH CTR","1","100.0000","88101","PM2.5 - Local Conditions","145","R & P Model 2025 PM-2.5 Sequential Air Sampler w/VSCC","15540","Burlington-South Burlington, VT","50","Vermont","007","Chittenden","44.5283900009431","-72.86884"
"10/07/2025","AQS","500070007","1","6.5","ug/m3 LC","36","PROCTOR MAPLE RESEARCH CTR","1","100.0000","88101","PM2.5 - Local Conditions","145","R & P Model 2025 PM-2.5 Sequential Air Sampler w/VSCC","15540","Burlington-South Burlington, VT","50","Vermont","007","Chittenden","44.5283900009431","-72.86884"
"10/10/2025","AQS","500070007","1","1.7","ug/m3 LC","9","PROCTOR MAPLE RESEARCH CTR","1","100.0000","88101","PM2.5 - Local Conditions","145","R & P Model 2025 PM-2.5 Sequential Air Sampler w/VSCC","15540","Burlington-South Burlington, VT","50","Vermont","007","Chittenden","44.5283900009431","-72.86884"
"10/13/2025","AQS","500070007","1","4.8","ug/m3 LC","27","PROCTOR MAPLE RESEARCH CTR","1","100.0000","88101","PM2.5 - Local Conditions","145","R & P Model 2025 PM-2.5 Sequential Air Sampler w/VSCC","15540","Burlington-South Burlington, VT","50","Vermont","007","Chittenden","44.5283900009431","-72.86884"
"10/16/2025","AQS","500070007","1","1.3","ug/m3 LC","7","PROCTOR MAPLE RESEARCH CTR","1","100.0000","88101","PM2.5 - Local Conditions","145","R & P Model 2025 PM-2.5 Sequential Air Sampler w/VSCC","15540","Burlington-South Burlington, VT","50","Vermont","007","Chittenden","44.5283900009431","-72.86884"
"10/19/2025","AQS","500070007","1","3.8","ug/m3 LC","21","PROCTOR MAPLE RESEARCH CTR","1","100.0000","88101","PM2.5 - Local Conditions","145","R & P Model 2025 PM-2.5 Sequential Air Sampler w/VSCC","15540","Burlington-South Burlington, VT","50","Vermont","007","Chittenden","44.5283900009431","-72.86884"
"10/22/2025","AQS","500070007","1","2.1","ug/m3 LC","12","PROCTOR MAPLE RESEARCH CTR","1","100.0000","88101","PM2.5 - Local Conditions","145","R & P Model 2025 PM-2.5 Sequential Air Sampler w/VSCC","15540","Burlington-South Burlington, VT","50","Vermont","007","Chittenden","44.5283900009431","-72.86884"
"10/25/2025","AQS","500070007","1","1.4","ug/m3 LC","8","PROCTOR MAPLE RESEARCH CTR","1","100.0000","88101","PM2.5 - Local Conditions","145","R & P Model 2025 PM-2.5 Sequential Air Sampler w/VSCC","15540","Burlington-South Burlington, VT","50","Vermont","007","Chittenden","44.5283900009431","-72.86884"
"10/28/2025","AQS","500070007","1","1.6","ug/m3 LC","9","PROCTOR MAPLE RESEARCH CTR","1","100.0000","88101","PM2.5 - Local Conditions","145","R & P Model 2025 PM-2.5 Sequential Air Sampler w/VSCC","15540","Burlington-South Burlington, VT","50","Vermont","007","Chittenden","44.5283900009431","-72.86884"
"10/31/2025","AQS","500070007","1","0.4","ug/m3 LC","2","PROCTOR MAPLE RESEARCH CTR","1","100.0000","88101","PM2.5 - Local Conditions","145","R & P Model 2025 PM-2.5 Sequential Air Sampler w/VSCC","15540","Burlington-South Burlington, VT","50","Vermont","007","Chittenden","44.5283900009431","-72.86884"
"11/03/2025","AQS","500070007","1","3.1","ug/m3 LC","17","PROCTOR MAPLE RESEARCH CTR","1","100.0000","88101","PM2.5 - Local Conditions","145","R & P Model 2025 PM-2.5 Sequential Air Sampler w/VSCC","15540","Burlington-South Burlington, VT","50","Vermont","007","Chittenden","44.5283900009431","-72.86884"
"11/06/2025","AQS","500070007","1","0.9","ug/m3 LC","5","PROCTOR MAPLE RESEARCH CTR","1","100.0000","88101","PM2.5 - Local Conditions","145","R & P Model 2025 PM-2.5 Sequential Air Sampler w/VSCC","15540","Burlington-South Burlington, VT","50","Vermont","007","Chittenden","44.5283900009431","-72.86884"
"11/09/2025","AQS","500070007","1","1.7","ug/m3 LC","9","PROCTOR MAPLE RESEARCH CTR","1","100.0000","88101","PM2.5 - Local Conditions","145","R & P Model 2025 PM-2.5 Sequential Air Sampler w/VSCC","15540","Burlington-South Burlington, VT","50","Vermont","007","Chittenden","44.5283900009431","-72.86884"
"11/12/2025","AQS","500070007","1","2.1","ug/m3 LC","12","PROCTOR MAPLE RESEARCH CTR","1","100.0000","88101","PM2.5 - Local Conditions","145","R & P Model 2025 PM-2.5 Sequential Air Sampler w/VSCC","15540","Burlington-South Burlington, VT","50","Vermont","007","Chittenden","44.5283900009431","-72.86884"
"11/15/2025","AQS","500070007","1","2.3","ug/m3 LC","13","PROCTOR MAPLE RESEARCH CTR","1","100.0000","88101","PM2.5 - Local Conditions","145","R & P Model 2025 PM-2.5 Sequential Air Sampler w/VSCC","15540","Burlington-South Burlington, VT","50","Vermont","007","Chittenden","44.5283900009431","-72.86884"
"11/18/2025","AQS","500070007","1","0.9","ug/m3 LC","5","PROCTOR MAPLE RESEARCH CTR","1","100.0000","88101","PM2.5 - Local Conditions","145","R & P Model 2025 PM-2.5 Sequential Air Sampler w/VSCC","15540","Burlington-South Burlington, VT","50","Vermont","007","Chittenden","44.5283900009431","-72.86884"
"11/21/2025","AQS","500070007","1","4.4","ug/m3 LC","24","PROCTOR MAPLE RESEARCH CTR","1","100.0000","88101","PM2.5 - Local Conditions","145","R & P Model 2025 PM-2.5 Sequential Air Sampler w/VSCC","15540","Burlington-South Burlington, VT","50","Vermont","007","Chittenden","44.5283900009431","-72.86884"
"11/24/2025","AQS","500070007","1","2.6","ug/m3 LC","14","PROCTOR MAPLE RESEARCH CTR","1","100.0000","88101","PM2.5 - Local Conditions","145","R & P Model 2025 PM-2.5 Sequential Air Sampler w/VSCC","15540","Burlington-South Burlington, VT","50","Vermont","007","Chittenden","44.5283900009431","-72.86884"
"11/27/2025","AQS","500070007","1","1.1","ug/m3 LC","6","PROCTOR MAPLE RESEARCH CTR","1","100.0000","88101","PM2.5 - Local Conditions","145","R & P Model 2025 PM-2.5 Sequential Air Sampler w/VSCC","15540","Burlington-South Burlington, VT","50","Vermont","007","Chittenden","44.5283900009431","-72.86884"
"11/30/2025","AQS","500070007","1","1.7","ug/m3 LC","9","PROCTOR MAPLE RESEARCH CTR","1","100.0000","88101","PM2.5 - Local Conditions","145","R & P Model 2025 PM-2.5 Sequential Air Sampler w/VSCC","15540","Burlington-South Burlington, VT","50","Vermont","007","Chittenden","44.5283900009431","-72.86884"
"12/03/2025","AQS","500070007","1","5.1","ug/m3 LC","28","PROCTOR MAPLE RESEARCH CTR","1","100.0000","88101","PM2.5 - Local Conditions","145","R & P Model 2025 PM-2.5 Sequential Air Sampler w/VSCC","15540","Burlington-South Burlington, VT","50","Vermont","007","Chittenden","44.5283900009431","-72.86884"
"12/06/2025","AQS","500070007","1","4.2","ug/m3 LC","23","PROCTOR MAPLE RESEARCH CTR","1","100.0000","88101","PM2.5 - Local Conditions","145","R & P Model 2025 PM-2.5 Sequential Air Sampler w/VSCC","15540","Burlington-South Burlington, VT","50","Vermont","007","Chittenden","44.5283900009431","-72.86884"
"12/09/2025","AQS","500070007","1","1.6","ug/m3 LC","9","PROCTOR MAPLE RESEARCH CTR","1","100.0000","88101","PM2.5 - Local Conditions","145","R & P Model 2025 PM-2.5 Sequential Air Sampler w/VSCC","15540","Burlington-South Burlington, VT","50","Vermont","007","Chittenden","44.5283900009431","-72.86884"
"12/12/2025","AQS","500070007","1","0.9","ug/m3 LC","5","PROCTOR MAPLE RESEARCH CTR","1","100.0000","88101","PM2.5 - Local Conditions","145","R & P Model 2025 PM-2.5 Sequential Air Sampler w/VSCC","15540","Burlington-South Burlington, VT","50","Vermont","007","Chittenden","44.5283900009431","-72.86884"
"12/15/2025","AQS","500070007","1","1.1","ug/m3 LC","6","PROCTOR MAPLE RESEARCH CTR","1","100.0000","88101","PM2.5 - Local Conditions","145","R & P Model 2025 PM-2.5 Sequential Air Sampler w/VSCC","15540","Burlington-South Burlington, VT","50","Vermont","007","Chittenden","44.5283900009431","-72.86884"
"12/23/2025","AQS","500070007","1","4.9","ug/m3 LC","27","PROCTOR MAPLE RESEARCH CTR","1","100.0000","88101","PM2.5 - Local Conditions","145","R & P Model 2025 PM-2.5 Sequential Air Sampler w/VSCC","15540","Burlington-South Burlington, VT","50","Vermont","007","Chittenden","44.5283900009431","-72.86884"
"12/24/2025","AQS","500070007","1","5","ug/m3 LC","28","PROCTOR MAPLE RESEARCH CTR","1","100.0000","88101","PM2.5 - Local Conditions","145","R & P Model 2025 PM-2.5 Sequential Air Sampler w/VSCC","15540","Burlington-South Burlington, VT","50","Vermont","007","Chittenden","44.5283900009431","-72.86884"
"12/25/2025","AQS","500070007","1","2.4","ug/m3 LC","13","PROCTOR MAPLE RESEARCH CTR","1","100.0000","88101","PM2.5 - Local Conditions","145","R & P Model 2025 PM-2.5 Sequential Air Sampler w/VSCC","15540","Burlington-South Burlington, VT","50","Vermont","007","Chittenden","44.5283900009431","-72.86884"
"12/27/2025","AQS","500070007","1","3.1","ug/m3 LC","17","PROCTOR MAPLE RESEARCH CTR","1","100.0000","88101","PM2.5 - Local Conditions","145","R & P Model 2025 PM-2.5 Sequential Air Sampler w/VSCC","15540","Burlington-South Burlington, VT","50","Vermont","007","Chittenden","44.5283900009431","-72.86884"
"12/30/2025","AQS","500070007","1","1.9","ug/m3 LC","11","PROCTOR MAPLE RESEARCH CTR","1","100.0000","88101","PM2.5 - Local Conditions","145","R & P Model 2025 PM-2.5 Sequential Air Sampler w/VSCC","15540","Burlington-South Burlington, VT","50","Vermont","007","Chittenden","44.5283900009431","-72.86884"
"01/01/2025","AQS","500070007","2","0.9","ug/m3 LC","5","PROCTOR MAPLE RESEARCH CTR","1","100.0000","88502","Acceptable PM2.5 AQI & Speciation Mass","707","IMPROVE Module A with Cyclone Inlet-Teflon Filter, 2.2 sq. cm.","15540","Burlington-South Burlington, VT","50","Vermont","007","Chittenden","44.5283900009431","-72.86884"
"01/04/2025","AQS","500070007","2","0.7","ug/m3 LC","4","PROCTOR MAPLE RESEARCH CTR","1","100.0000","88502","Acceptable PM2.5 AQI & Speciation Mass","707","IMPROVE Module A with Cyclone Inlet-Teflon Filter, 2.2 sq. cm.","15540","Burlington-South Burlington, VT","50","Vermont","007","Chittenden","44.5283900009431","-72.86884"
"01/07/2025","AQS","500070007","2","1","ug/m3 LC","6","PROCTOR MAPLE RESEARCH CTR","1","100.0000","88502","Acceptable PM2.5 AQI & Speciation Mass","707","IMPROVE Module A with Cyclone Inlet-Teflon Filter, 2.2 sq. cm.","15540","Burlington-South Burlington, VT","50","Vermont","007","Chittenden","44.5283900009431","-72.86884"
"01/10/2025","AQS","500070007","2","1","ug/m3 LC","6","PROCTOR MAPLE RESEARCH CTR","1","100.0000","88502","Acceptable PM2.5 AQI & Speciation Mass","707","IMPROVE Module A with Cyclone Inlet-Teflon Filter, 2.2 sq. cm.","15540","Burlington-South Burlington, VT","50","Vermont","007","Chittenden","44.5283900009431","-72.86884"
"01/13/2025","AQS","500070007","2","4.6","ug/m3 LC","26","PROCTOR MAPLE RESEARCH CTR","1","100.0000","88502","Acceptable PM2.5 AQI & Speciation Mass","707","IMPROVE Module A with Cyclone Inlet-Teflon Filter, 2.2 sq. cm.","15540","Burlington-South Burlington, VT","50","Vermont","007","Chittenden","44.5283900009431","-72.86884"
"01/16/2025","AQS","500070007","2","2.2","ug/m3 LC","12","PROCTOR MAPLE RESEARCH CTR","1","100.0000","88502","Acceptable PM2.5 AQI & Speciation Mass","707","IMPROVE Module A with Cyclone Inlet-Teflon Filter, 2.2 sq. cm.","15540","Burlington-South Burlington, VT","50","Vermont","007","Chittenden","44.5283900009431","-72.86884"
"01/19/2025","AQS","500070007","2","2.3","ug/m3 LC","13","PROCTOR MAPLE RESEARCH CTR","1","100.0000","88502","Acceptable PM2.5 AQI & Speciation Mass","707","IMPROVE Module A with Cyclone Inlet-Teflon Filter, 2.2 sq. cm.","15540","Burlington-South Burlington, VT","50","Vermont","007","Chittenden","44.5283900009431","-72.86884"
"01/22/2025","AQS","500070007","2","3.8","ug/m3 LC","21","PROCTOR MAPLE RESEARCH CTR","1","100.0000","88502","Acceptable PM2.5 AQI & Speciation Mass","707","IMPROVE Module A with Cyclone Inlet-Teflon Filter, 2.2 sq. cm.","15540","Burlington-South Burlington, VT","50","Vermont","007","Chittenden","44.5283900009431","-72.86884"
"01/25/2025","AQS","500070007","2","3.5","ug/m3 LC","19","PROCTOR MAPLE RESEARCH CTR","1","100.0000","88502","Acceptable PM2.5 AQI & Speciation Mass","707","IMPROVE Module A with Cyclone Inlet-Teflon Filter, 2.2 sq. cm.","15540","Burlington-South Burlington, VT","50","Vermont","007","Chittenden","44.5283900009431","-72.86884"
"01/28/2025","AQS","500070007","2","1.3","ug/m3 LC","7","PROCTOR MAPLE RESEARCH CTR","1","100.0000","88502","Acceptable PM2.5 AQI & Speciation Mass","707","IMPROVE Module A with Cyclone Inlet-Teflon Filter, 2.2 sq. cm.","15540","Burlington-South Burlington, VT","50","Vermont","007","Chittenden","44.5283900009431","-72.86884"
"01/31/2025","AQS","500070007","2","5.3","ug/m3 LC","29","PROCTOR MAPLE RESEARCH CTR","1","100.0000","88502","Acceptable PM2.5 AQI & Speciation Mass","707","IMPROVE Module A with Cyclone Inlet-Teflon Filter, 2.2 sq. cm.","15540","Burlington-South Burlington, VT","50","Vermont","007","Chittenden","44.5283900009431","-72.86884"
"02/03/2025","AQS","500070007","2","2.4","ug/m3 LC","13","PROCTOR MAPLE RESEARCH CTR","1","100.0000","88502","Acceptable PM2.5 AQI & Speciation Mass","707","IMPROVE Module A with Cyclone Inlet-Teflon Filter, 2.2 sq. cm.","15540","Burlington-South Burlington, VT","50","Vermont","007","Chittenden","44.5283900009431","-72.86884"
"02/06/2025","AQS","500070007","2","0.9","ug/m3 LC","5","PROCTOR MAPLE RESEARCH CTR","1","100.0000","88502","Acceptable PM2.5 AQI & Speciation Mass","707","IMPROVE Module A with Cyclone Inlet-Teflon Filter, 2.2 sq. cm.","15540","Burlington-South Burlington, VT","50","Vermont","007","Chittenden","44.5283900009431","-72.86884"
"02/09/2025","AQS","500070007","2","1.1","ug/m3 LC","6","PROCTOR MAPLE RESEARCH CTR","1","100.0000","88502","Acceptable PM2.5 AQI & Speciation Mass","707","IMPROVE Module A with Cyclone Inlet-Teflon Filter, 2.2 sq. cm.","15540","Burlington-South Burlington, VT","50","Vermont","007","Chittenden","44.5283900009431","-72.86884"
"02/12/2025","AQS","500070007","2","3.6","ug/m3 LC","20","PROCTOR MAPLE RESEARCH CTR","1","100.0000","88502","Acceptable PM2.5 AQI & Speciation Mass","707","IMPROVE Module A with Cyclone Inlet-Teflon Filter, 2.2 sq. cm.","15540","Burlington-South Burlington, VT","50","Vermont","007","Chittenden","44.5283900009431","-72.86884"
"02/15/2025","AQS","500070007","2","1.4","ug/m3 LC","8","PROCTOR MAPLE RESEARCH CTR","1","100.0000","88502","Acceptable PM2.5 AQI & Speciation Mass","707","IMPROVE Module A with Cyclone Inlet-Teflon Filter, 2.2 sq. cm.","15540","Burlington-South Burlington, VT","50","Vermont","007","Chittenden","44.5283900009431","-72.86884"
"02/18/2025","AQS","500070007","2","1.2","ug/m3 LC","7","PROCTOR MAPLE RESEARCH CTR","1","100.0000","88502","Acceptable PM2.5 AQI & Speciation Mass","707","IMPROVE Module A with Cyclone Inlet-Teflon Filter, 2.2 sq. cm.","15540","Burlington-South Burlington, VT","50","Vermont","007","Chittenden","44.5283900009431","-72.86884"
"02/21/2025","AQS","500070007","2","1.1","ug/m3 LC","6","PROCTOR MAPLE RESEARCH CTR","1","100.0000","88502","Acceptable PM2.5 AQI & Speciation Mass","707","IMPROVE Module A with Cyclone Inlet-Teflon Filter, 2.2 sq. cm.","15540","Burlington-South Burlington, VT","50","Vermont","007","Chittenden","44.5283900009431","-72.86884"
"02/24/2025","AQS","500070007","2","5.1","ug/m3 LC","28","PROCTOR MAPLE RESEARCH CTR","1","100.0000","88502","Acceptable PM2.5 AQI & Speciation Mass","707","IMPROVE Module A with Cyclone Inlet-Teflon Filter, 2.2 sq. cm.","15540","Burlington-South Burlington, VT","50","Vermont","007","Chittenden","44.5283900009431","-72.86884"
"02/27/2025","AQS","500070007","2","0.8","ug/m3 LC","4","PROCTOR MAPLE RESEARCH CTR","1","100.0000","88502","Acceptable PM2.5 AQI & Speciation Mass","707","IMPROVE Module A with Cyclone Inlet-Teflon Filter, 2.2 sq. cm.","15540","Burlington-South Burlington, VT","50","Vermont","007","Chittenden","44.5283900009431","-72.86884"
"03/02/2025","AQS","500070007","2","3.1","ug/m3 LC","17","PROCTOR MAPLE RESEARCH CTR","1","100.0000","88502","Acceptable PM2.5 AQI & Speciation Mass","707","IMPROVE Module A with Cyclone Inlet-Teflon Filter, 2.2 sq. cm.","15540","Burlington-South Burlington, VT","50","Vermont","007","Chittenden","44.5283900009431","-72.86884"
"03/05/2025","AQS","500070007","2","2.6","ug/m3 LC","14","PROCTOR MAPLE RESEARCH CTR","1","100.0000","88502","Acceptable PM2.5 AQI & Speciation Mass","707","IMPROVE Module A with Cyclone Inlet-Teflon Filter, 2.2 sq. cm.","15540","Burlington-South Burlington, VT","50","Vermont","007","Chittenden","44.5283900009431","-72.86884"
"03/08/2025","AQS","500070007","2","0.7","ug/m3 LC","4","PROCTOR MAPLE RESEARCH CTR","1","100.0000","88502","Acceptable PM2.5 AQI & Speciation Mass","707","IMPROVE Module A with Cyclone Inlet-Teflon Filter, 2.2 sq. cm.","15540","Burlington-South Burlington, VT","50","Vermont","007","Chittenden","44.5283900009431","-72.86884"
"03/11/2025","AQS","500070007","2","2.7","ug/m3 LC","15","PROCTOR MAPLE RESEARCH CTR","1","100.0000","88502","Acceptable PM2.5 AQI & Speciation Mass","707","IMPROVE Module A with Cyclone Inlet-Teflon Filter, 2.2 sq. cm.","15540","Burlington-South Burlington, VT","50","Vermont","007","Chittenden","44.5283900009431","-72.86884"
"03/14/2025","AQS","500070007","2","3.3","ug/m3 LC","18","PROCTOR MAPLE RESEARCH CTR","1","100.0000","88502","Acceptable PM2.5 AQI & Speciation Mass","707","IMPROVE Module A with Cyclone Inlet-Teflon Filter, 2.2 sq. cm.","15540","Burlington-South Burlington, VT","50","Vermont","007","Chittenden","44.5283900009431","-72.86884"
"03/17/2025","AQS","500070007","2","1.5","ug/m3 LC","8","PROCTOR MAPLE RESEARCH CTR","1","100.0000","88502","Acceptable PM2.5 AQI & Speciation Mass","707","IMPROVE Module A with Cyclone Inlet-Teflon Filter, 2.2 sq. cm.","15540","Burlington-South Burlington, VT","50","Vermont","007","Chittenden","44.5283900009431","-72.86884"
"03/20/2025","AQS","500070007","2","2.9","ug/m3 LC","16","PROCTOR MAPLE RESEARCH CTR","1","100.0000","88502","Acceptable PM2.5 AQI & Speciation Mass","707","IMPROVE Module A with Cyclone Inlet-Teflon Filter, 2.2 sq. cm.","15540","Burlington-South Burlington, VT","50","Vermont","007","Chittenden","44.5283900009431","-72.86884"
"03/23/2025","AQS","500070007","2","2.1","ug/m3 LC","12","PROCTOR MAPLE RESEARCH CTR","1","100.0000","88502","Acceptable PM2.5 AQI & Speciation Mass","707","IMPROVE Module A with Cyclone Inlet-Teflon Filter, 2.2 sq. cm.","15540","Burlington-South Burlington, VT","50","Vermont","007","Chittenden","44.5283900009431","-72.86884"
"03/26/2025","AQS","500070007","2","1.2","ug/m3 LC","7","PROCTOR MAPLE RESEARCH CTR","1","100.0000","88502","Acceptable PM2.5 AQI & Speciation Mass","707","IMPROVE Module A with Cyclone Inlet-Teflon Filter, 2.2 sq. cm.","15540","Burlington-South Burlington, VT","50","Vermont","007","Chittenden","44.5283900009431","-72.86884"
"03/29/2025","AQS","500070007","2","2.3","ug/m3 LC","13","PROCTOR MAPLE RESEARCH CTR","1","100.0000","88502","Acceptable PM2.5 AQI & Speciation Mass","707","IMPROVE Module A with Cyclone Inlet-Teflon Filter, 2.2 sq. cm.","15540","Burlington-South Burlington, VT","50","Vermont","007","Chittenden","44.5283900009431","-72.86884"
"04/01/2025","AQS","500070007","2","1.4","ug/m3 LC","8","PROCTOR MAPLE RESEARCH CTR","1","100.0000","88502","Acceptable PM2.5 AQI & Speciation Mass","707","IMPROVE Module A with Cyclone Inlet-Teflon Filter, 2.2 sq. cm.","15540","Burlington-South Burlington, VT","50","Vermont","007","Chittenden","44.5283900009431","-72.86884"
"04/04/2025","AQS","500070007","2","1","ug/m3 LC","6","PROCTOR MAPLE RESEARCH CTR","1","100.0000","88502","Acceptable PM2.5 AQI & Speciation Mass","707","IMPROVE Module A with Cyclone Inlet-Teflon Filter, 2.2 sq. cm.","15540","Burlington-South Burlington, VT","50","Vermont","007","Chittenden","44.5283900009431","-72.86884"
"04/07/2025","AQS","500070007","2","1.4","ug/m3 LC","8","PROCTOR MAPLE RESEARCH CTR","1","100.0000","88502","Acceptable PM2.5 AQI & Speciation Mass","707","IMPROVE Module A with Cyclone Inlet-Teflon Filter, 2.2 sq. cm.","15540","Burlington-South Burlington, VT","50","Vermont","007","Chittenden","44.5283900009431","-72.86884"
"04/10/2025","AQS","500070007","2","2.4","ug/m3 LC","13","PROCTOR MAPLE RESEARCH CTR","1","100.0000","88502","Acceptable PM2.5 AQI & Speciation Mass","707","IMPROVE Module A with Cyclone Inlet-Teflon Filter, 2.2 sq. cm.","15540","Burlington-South Burlington, VT","50","Vermont","007","Chittenden","44.5283900009431","-72.86884"
"04/13/2025","AQS","500070007","2","2.4","ug/m3 LC","13","PROCTOR MAPLE RESEARCH CTR","1","100.0000","88502","Acceptable PM2.5 AQI & Speciation Mass","707","IMPROVE Module A with Cyclone Inlet-Teflon Filter, 2.2 sq. cm.","15540","Burlington-South Burlington, VT","50","Vermont","007","Chittenden","44.5283900009431","-72.86884"
"04/16/2025","AQS","500070007","2","0.3","ug/m3 LC","2","PROCTOR MAPLE RESEARCH CTR","1","100.0000","88502","Acceptable PM2.5 AQI & Speciation Mass","707","IMPROVE Module A with Cyclone Inlet-Teflon Filter, 2.2 sq. cm.","15540","Burlington-South Burlington, VT","50","Vermont","007","Chittenden","44.5283900009431","-72.86884"
"04/19/2025","AQS","500070007","2","7","ug/m3 LC","39","PROCTOR MAPLE RESEARCH CTR","1","100.0000","88502","Acceptable PM2.5 AQI & Speciation Mass","707","IMPROVE Module A with Cyclone Inlet-Teflon Filter, 2.2 sq. cm.","15540","Burlington-South Burlington, VT","50","Vermont","007","Chittenden","44.5283900009431","-72.86884"
"04/22/2025","AQS","500070007","2","2.6","ug/m3 LC","14","PROCTOR MAPLE RESEARCH CTR","1","100.0000","88502","Acceptable PM2.5 AQI & Speciation Mass","707","IMPROVE Module A with Cyclone Inlet-Teflon Filter, 2.2 sq. cm.","15540","Burlington-South Burlington, VT","50","Vermont","007","Chittenden","44.5283900009431","-72.86884"
"04/25/2025","AQS","500070007","2","4.1","ug/m3 LC","23","PROCTOR MAPLE RESEARCH CTR","1","100.0000","88502","Acceptable PM2.5 AQI & Speciation Mass","707","IMPROVE Module A with Cyclone Inlet-Teflon Filter, 2.2 sq. cm.","15540","Burlington-South Burlington, VT","50","Vermont","007","Chittenden","44.5283900009431","-72.86884"
"04/28/2025","AQS","500070007","2","2.3","ug/m3 LC","13","PROCTOR MAPLE RESEARCH CTR","1","100.0000","88502","Acceptable PM2.5 AQI & Speciation Mass","707","IMPROVE Module A with Cyclone Inlet-Teflon Filter, 2.2 sq. cm.","15540","Burlington-South Burlington, VT","50","Vermont","007","Chittenden","44.5283900009431","-72.86884"
"05/01/2025","AQS","500070007","2","1.8","ug/m3 LC","10","PROCTOR MAPLE RESEARCH CTR","1","100.0000","88502","Acceptable PM2.5 AQI & Speciation Mass","707","IMPROVE Module A with Cyclone Inlet-Teflon Filter, 2.2 sq. cm.","15540","Burlington-South Burlington, VT","50","Vermont","007","Chittenden","44.5283900009431","-72.86884"
"05/04/2025","AQS","500070007","2","1.8","ug/m3 LC","10","PROCTOR MAPLE RESEARCH CTR","1","100.0000","88502","Acceptable PM2.5 AQI & Speciation Mass","707","IMPROVE Module A with Cyclone Inlet-Teflon Filter, 2.2 sq. cm.","15540","Burlington-South Burlington, VT","50","Vermont","007","Chittenden","44.5283900009431","-72.86884"
"01/01/2025","AQS","500070007","3","1.6","ug/m3 LC","9","PROCTOR MAPLE RESEARCH CTR","1","100.0000","88101","PM2.5 - Local Conditions","636","Teledyne T640 at 5.0 LPM w/Network Data Alignment enabled","15540","Burlington-South Burlington, VT","50","Vermont","007","Chittenden","44.5283900009431","-72.86884"
"01/02/2025","AQS","500070007","3","0.4","ug/m3 LC","2","PROCTOR MAPLE RESEARCH CTR","1","100.0000","88101","PM2.5 - Local Conditions","636","Teledyne T640 at 5.0 LPM w/Network Data Alignment enabled","15540","Burlington-South Burlington, VT","50","Vermont","007","Chittenden","44.5283900009431","-72.86884"
"01/03/2025","AQS","500070007","3","0.9","ug/m3 LC","5","PROCTOR MAPLE RESEARCH CTR","1","100.0000","88101","PM2.5 - Local Conditions","636","Teledyne T640 at 5.0 LPM w/Network Data Alignment enabled","15540","Burlington-South Burlington, VT","50","Vermont","007","Chittenden","44.5283900009431","-72.86884"
"01/04/2025","AQS","500070007","3","1.3","ug/m3 LC","7","PROCTOR MAPLE RESEARCH CTR","1","100.0000","88101","PM2.5 - Local Conditions","636","Teledyne T640 at 5.0 LPM w/Network Data Alignment enabled","15540","Burlington-South Burlington, VT","50","Vermont","007","Chittenden","44.5283900009431","-72.86884"
"01/05/2025","AQS","500070007","3","2.3","ug/m3 LC","13","PROCTOR MAPLE RESEARCH CTR","1","100.0000","88101","PM2.5 - Local Conditions","636","Teledyne T640 at 5.0 LPM w/Network Data Alignment enabled","15540","Burlington-South Burlington, VT","50","Vermont","007","Chittenden","44.5283900009431","-72.86884"
"01/06/2025","AQS","500070007","3","3.8","ug/m3 LC","21","PROCTOR MAPLE RESEARCH CTR","1","100.0000","88101","PM2.5 - Local Conditions","636","Teledyne T640 at 5.0 LPM w/Network Data Alignment enabled","15540","Burlington-South Burlington, VT","50","Vermont","007","Chittenden","44.5283900009431","-72.86884"
"01/07/2025","AQS","500070007","3","2","ug/m3 LC","11","PROCTOR MAPLE RESEARCH CTR","1","100.0000","88101","PM2.5 - Local Conditions","636","Teledyne T640 at 5.0 LPM w/Network Data Alignment enabled","15540","Burlington-South Burlington, VT","50","Vermont","007","Chittenden","44.5283900009431","-72.86884"
"01/08/2025","AQS","500070007","3","2.5","ug/m3 LC","14","PROCTOR MAPLE RESEARCH CTR","1","100.0000","88101","PM2.5 - Local Conditions","636","Teledyne T640 at 5.0 LPM w/Network Data Alignment enabled","15540","Burlington-South Burlington, VT","50","Vermont","007","Chittenden","44.5283900009431","-72.86884"
"01/09/2025","AQS","500070007","3","2","ug/m3 LC","11","PROCTOR MAPLE RESEARCH CTR","1","100.0000","88101","PM2.5 - Local Conditions","636","Teledyne T640 at 5.0 LPM w/Network Data Alignment enabled","15540","Burlington-South Burlington, VT","50","Vermont","007","Chittenden","44.5283900009431","-72.86884"
"01/10/2025","AQS","500070007","3","2.2","ug/m3 LC","12","PROCTOR MAPLE RESEARCH CTR","1","100.0000","88101","PM2.5 - Local Conditions","636","Teledyne T640 at 5.0 LPM w/Network Data Alignment enabled","15540","Burlington-South Burlington, VT","50","Vermont","007","Chittenden","44.5283900009431","-72.86884"
"01/11/2025","AQS","500070007","3","4.1","ug/m3 LC","23","PROCTOR MAPLE RESEARCH CTR","1","100.0000","88101","PM2.5 - Local Conditions","636","Teledyne T640 at 5.0 LPM w/Network Data Alignment enabled","15540","Burlington-South Burlington, VT","50","Vermont","007","Chittenden","44.5283900009431","-72.86884"
"01/12/2025","AQS","500070007","3","3.8","ug/m3 LC","21","PROCTOR MAPLE RESEARCH CTR","1","100.0000","88101","PM2.5 - Local Conditions","636","Teledyne T640 at 5.0 LPM w/Network Data Alignment enabled","15540","Burlington-South Burlington, VT","50","Vermont","007","Chittenden","44.5283900009431","-72.86884"
"01/13/2025","AQS","500070007","3","7.1","ug/m3 LC","39","PROCTOR MAPLE RESEARCH CTR","1","100.0000","88101","PM2.5 - Local Conditions","636","Teledyne T640 at 5.0 LPM w/Network Data Alignment enabled","15540","Burlington-South Burlington, VT","50","Vermont","007","Chittenden","44.5283900009431","-72.86884"
"01/14/2025","AQS","500070007","3","3.3","ug/m3 LC","18","PROCTOR MAPLE RESEARCH CTR","1","100.0000","88101","PM2.5 - Local Conditions","636","Teledyne T640 at 5.0 LPM w/Network Data Alignment enabled","15540","Burlington-South Burlington, VT","50","Vermont","007","Chittenden","44.5283900009431","-72.86884"
"01/15/2025","AQS","500070007","3","2.5","ug/m3 LC","14","PROCTOR MAPLE RESEARCH CTR","1","100.0000","88101","PM2.5 - Local Conditions","636","Teledyne T640 at 5.0 LPM w/Network Data Alignment enabled","15540","Burlington-South Burlington, VT","50","Vermont","007","Chittenden","44.5283900009431","-72.86884"
"01/17/2025","AQS","500070007","3","6.5","ug/m3 LC","36","PROCTOR MAPLE RESEARCH CTR","1","100.0000","88101","PM2.5 - Local Conditions","636","Teledyne T640 at 5.0 LPM w/Network Data Alignment enabled","15540","Burlington-South Burlington, VT","50","Vermont","007","Chittenden","44.5283900009431","-72.86884"
"01/18/2025","AQS","500070007","3","5.8","ug/m3 LC","32","PROCTOR MAPLE RESEARCH CTR","1","100.0000","88101","PM2.5 - Local Conditions","636","Teledyne T640 at 5.0 LPM w/Network Data Alignment enabled","15540","Burlington-South Burlington, VT","50","Vermont","007","Chittenden","44.5283900009431","-72.86884"
"01/19/2025","AQS","500070007","3","3.8","ug/m3 LC","21","PROCTOR MAPLE RESEARCH CTR","1","100.0000","88101","PM2.5 - Local Conditions","636","Teledyne T640 at 5.0 LPM w/Network Data Alignment enabled","15540","Burlington-South Burlington, VT","50","Vermont","007","Chittenden","44.5283900009431","-72.86884"
"01/20/2025","AQS","500070007","3","3.6","ug/m3 LC","20","PROCTOR MAPLE RESEARCH CTR","1","100.0000","88101","PM2.5 - Local Conditions","636","Teledyne T640 at 5.0 LPM w/Network Data Alignment enabled","15540","Burlington-South Burlington, VT","50","Vermont","007","Chittenden","44.5283900009431","-72.86884"
"01/21/2025","AQS","500070007","3","3.7","ug/m3 LC","21","PROCTOR MAPLE RESEARCH CTR","1","100.0000","88101","PM2.5 - Local Conditions","636","Teledyne T640 at 5.0 LPM w/Network Data Alignment enabled","15540","Burlington-South Burlington, VT","50","Vermont","007","Chittenden","44.5283900009431","-72.86884"
"01/22/2025","AQS","500070007","3","4.6","ug/m3 LC","26","PROCTOR MAPLE RESEARCH CTR","1","100.0000","88101","PM2.5 - Local Conditions","636","Teledyne T640 at 5.0 LPM w/Network Data Alignment enabled","15540","Burlington-South Burlington, VT","50","Vermont","007","Chittenden","44.5283900009431","-72.86884"
"01/23/2025","AQS","500070007","3","6","ug/m3 LC","33","PROCTOR MAPLE RESEARCH CTR","1","100.0000","88101","PM2.5 - Local Conditions","636","Teledyne T640 at 5.0 LPM w/Network Data Alignment enabled","15540","Burlington-South Burlington, VT","50","Vermont","007","Chittenden","44.5283900009431","-72.86884"
"01/24/2025","AQS","500070007","3","7.3","ug/m3 LC","41","PROCTOR MAPLE RESEARCH CTR","1","100.0000","88101","PM2.5 - Local Conditions","636","Teledyne T640 at 5.0 LPM w/Network Data Alignment enabled","15540","Burlington-South Burlington, VT","50","Vermont","007","Chittenden","44.5283900009431","-72.86884"
"01/25/2025","AQS","500070007","3","4.8","ug/m3 LC","27","PROCTOR MAPLE RESEARCH CTR","1","100.0000","88101","PM2.5 - Local Conditions","636","Teledyne T640 at 5.0 LPM w/Network Data Alignment enabled","15540","Burlington-South Burlington, VT","50","Vermont","007","Chittenden","44.5283900009431","-72.86884"
"01/26/2025","AQS","500070007","3","5.4","ug/m3 LC","30","PROCTOR MAPLE RESEARCH CTR","1","100.0000","88101","PM2.5 - Local Conditions","636","Teledyne T640 at 5.0 LPM w/Network Data Alignment enabled","15540","Burlington-South Burlington, VT","50","Vermont","007","Chittenden","44.5283900009431","-72.86884"
"01/27/2025","AQS","500070007","3","3.2","ug/m3 LC","18","PROCTOR MAPLE RESEARCH CTR","1","100.0000","88101","PM2.5 - Local Conditions","636","Teledyne T640 at 5.0 LPM w/Network Data Alignment enabled","15540","Burlington-South Burlington, VT","50","Vermont","007","Chittenden","44.5283900009431","-72.86884"
"01/28/2025","AQS","500070007","3","2.5","ug/m3 LC","14","PROCTOR MAPLE RESEARCH CTR","1","100.0000","88101","PM2.5 - Local Conditions","636","Teledyne T640 at 5.0 LPM w/Network Data Alignment enabled","15540","Burlington-South Burlington, VT","50","Vermont","007","Chittenden","44.5283900009431","-72.86884"
"01/29/2025","AQS","500070007","3","4","ug/m3 LC","22","PROCTOR MAPLE RESEARCH CTR","1","100.0000","88101","PM2.5 - Local Conditions","636","Teledyne T640 at 5.0 LPM w/Network Data Alignment enabled","15540","Burlington-South Burlington, VT","50","Vermont","007","Chittenden","44.5283900009431","-72.86884"
"01/30/2025","AQS","500070007","3","2","ug/m3 LC","11","PROCTOR MAPLE RESEARCH CTR","1","100.0000","88101","PM2.5 - Local Conditions","636","Teledyne T640 at 5.0 LPM w/Network Data Alignment enabled","15540","Burlington-South Burlington, VT","50","Vermont","007","Chittenden","44.5283900009431","-72.86884"
"01/31/2025","AQS","500070007","3","7.3","ug/m3 LC","41","PROCTOR MAPLE RESEARCH CTR","1","100.0000","88101","PM2.5 - Local Conditions","636","Teledyne T640 at 5.0 LPM w/Network Data Alignment enabled","15540","Burlington-South Burlington, VT","50","Vermont","007","Chittenden","44.5283900009431","-72.86884"
"02/01/2025","AQS","500070007","3","4.2","ug/m3 LC","23","PROCTOR MAPLE RESEARCH CTR","1","100.0000","88101","PM2.5 - Local Conditions","636","Teledyne T640 at 5.0 LPM w/Network Data Alignment enabled","15540","Burlington-South Burlington, VT","50","Vermont","007","Chittenden","44.5283900009431","-72.86884"
"02/02/2025","AQS","500070007","3","2.8","ug/m3 LC","16","PROCTOR MAPLE RESEARCH CTR","1","100.0000","88101","PM2.5 - Local Conditions","636","Teledyne T640 at 5.0 LPM w/Network Data Alignment enabled","15540","Burlington-South Burlington, VT","50","Vermont","007","Chittenden","44.5283900009431","-72.86884"
"02/03/2025","AQS","500070007","3","4.1","ug/m3 LC","23","PROCTOR MAPLE RESEARCH CTR","1","100.0000","88101","PM2.5 - Local Conditions","636","Teledyne T640 at 5.0 LPM w/Network Data Alignment enabled","15540","Burlington-South Burlington, VT","50","Vermont","007","Chittenden","44.5283900009431","-72.86884"
"02/04/2025","AQS","500070007","3","2.9","ug/m3 LC","16","PROCTOR MAPLE RESEARCH CTR","1","100.0000","88101","PM2.5 - Local Conditions","636","Teledyne T640 at 5.0 LPM w/Network Data Alignment enabled","15540","Burlington-South Burlington, VT","50","Vermont","007","Chittenden","44.5283900009431","-72.86884"
"02/05/2025","AQS","500070007","3","1.8","ug/m3 LC","10","PROCTOR MAPLE RESEARCH CTR","1","100.0000","88101","PM2.5 - Local Conditions","636","Teledyne T640 at 5.0 LPM w/Network Data Alignment enabled","15540","Burlington-South Burlington, VT","50","Vermont","007","Chittenden","44.5283900009431","-72.86884"
"02/06/2025","AQS","500070007","3","1.5","ug/m3 LC","8","PROCTOR MAPLE RESEARCH CTR","1","100.0000","88101","PM2.5 - Local Conditions","636","Teledyne T640 at 5.0 LPM w/Network Data Alignment enabled","15540","Burlington-South Burlington, VT","50","Vermont","007","Chittenden","44.5283900009431","-72.86884"
"02/07/2025","AQS","500070007","3","3.4","ug/m3 LC","19","PROCTOR MAPLE RESEARCH CTR","1","100.0000","88101","PM2.5 - Local Conditions","636","Teledyne T640 at 5.0 LPM w/Network Data Alignment enabled","15540","Burlington-South Burlington, VT","50","Vermont","007","Chittenden","44.5283900009431","-72.86884"
"02/08/2025","AQS","500070007","3","1.6","ug/m3 LC","9","PROCTOR MAPLE RESEARCH CTR","1","100.0000","88101","PM2.5 - Local Conditions","636","Teledyne T640 at 5.0 LPM w/Network Data Alignment enabled","15540","Burlington-South Burlington, VT","50","Vermont","007","Chittenden","44.5283900009431","-72.86884"
"02/09/2025","AQS","500070007","3","1.9","ug/m3 LC","11","PROCTOR MAPLE RESEARCH CTR","1","100.0000","88101","PM2.5 - Local Conditions","636","Teledyne T640 at 5.0 LPM w/Network Data Alignment enabled","15540","Burlington-South Burlington, VT","50","Vermont","007","Chittenden","44.5283900009431","-72.86884"
"02/10/2025","AQS","500070007","3","2.2","ug/m3 LC","12","PROCTOR MAPLE RESEARCH CTR","1","100.0000","88101","PM2.5 - Local Conditions","636","Teledyne T640 at 5.0 LPM w/Network Data Alignment enabled","15540","Burlington-South Burlington, VT","50","Vermont","007","Chittenden","44.5283900009431","-72.86884"
"02/11/2025","AQS","500070007","3","4.1","ug/m3 LC","23","PROCTOR MAPLE RESEARCH CTR","1","100.0000","88101","PM2.5 - Local Conditions","636","Teledyne T640 at 5.0 LPM w/Network Data Alignment enabled","15540","Burlington-South Burlington, VT","50","Vermont","007","Chittenden","44.5283900009431","-72.86884"
"02/12/2025","AQS","500070007","3","4.7","ug/m3 LC","26","PROCTOR MAPLE RESEARCH CTR","1","100.0000","88101","PM2.5 - Local Conditions","636","Teledyne T640 at 5.0 LPM w/Network Data Alignment enabled","15540","Burlington-South Burlington, VT","50","Vermont","007","Chittenden","44.5283900009431","-72.86884"
"02/13/2025","AQS","500070007","3","2.2","ug/m3 LC","12","PROCTOR MAPLE RESEARCH CTR","1","100.0000","88101","PM2.5 - Local Conditions","636","Teledyne T640 at 5.0 LPM w/Network Data Alignment enabled","15540","Burlington-South Burlington, VT","50","Vermont","007","Chittenden","44.5283900009431","-72.86884"
"02/14/2025","AQS","500070007","3","2.1","ug/m3 LC","12","PROCTOR MAPLE RESEARCH CTR","1","100.0000","88101","PM2.5 - Local Conditions","636","Teledyne T640 at 5.0 LPM w/Network Data Alignment enabled","15540","Burlington-South Burlington, VT","50","Vermont","007","Chittenden","44.5283900009431","-72.86884"
"02/15/2025","AQS","500070007","3","2.1","ug/m3 LC","12","PROCTOR MAPLE RESEARCH CTR","1","100.0000","88101","PM2.5 - Local Conditions","636","Teledyne T640 at 5.0 LPM w/Network Data Alignment enabled","15540","Burlington-South Burlington, VT","50","Vermont","007","Chittenden","44.5283900009431","-72.86884"
"02/16/2025","AQS","500070007","3","2.1","ug/m3 LC","12","PROCTOR MAPLE RESEARCH CTR","1","100.0000","88101","PM2.5 - Local Conditions","636","Teledyne T640 at 5.0 LPM w/Network Data Alignment enabled","15540","Burlington-South Burlington, VT","50","Vermont","007","Chittenden","44.5283900009431","-72.86884"
"02/17/2025","AQS","500070007","3","1.6","ug/m3 LC","9","PROCTOR MAPLE RESEARCH CTR","1","100.0000","88101","PM2.5 - Local Conditions","636","Teledyne T640 at 5.0 LPM w/Network Data Alignment enabled","15540","Burlington-South Burlington, VT","50","Vermont","007","Chittenden","44.5283900009431","-72.86884"
"02/18/2025","AQS","500070007","3","1.8","ug/m3 LC","10","PROCTOR MAPLE RESEARCH CTR","1","100.0000","88101","PM2.5 - Local Conditions","636","Teledyne T640 at 5.0 LPM w/Network Data Alignment enabled","15540","Burlington-South Burlington, VT","50","Vermont","007","Chittenden","44.5283900009431","-72.86884"
"02/19/2025","AQS","500070007","3","3.2","ug/m3 LC","18","PROCTOR MAPLE RESEARCH CTR","1","100.0000","88101","PM2.5 - Local Conditions","636","Teledyne T640 at 5.0 LPM w/Network Data Alignment enabled","15540","Burlington-South Burlington, VT","50","Vermont","007","Chittenden","44.5283900009431","-72.86884"
"02/20/2025","AQS","500070007","3","2.7","ug/m3 LC","15","PROCTOR MAPLE RESEARCH CTR","1","100.0000","88101","PM2.5 - Local Conditions","636","Teledyne T640 at 5.0 LPM w/Network Data Alignment enabled","15540","Burlington-South Burlington, VT","50","Vermont","007","Chittenden","44.5283900009431","-72.86884"
"02/21/2025","AQS","500070007","3","2","ug/m3 LC","11","PROCTOR MAPLE RESEARCH CTR","1","100.0000","88101","PM2.5 - Local Conditions","636","Teledyne T640 at 5.0 LPM w/Network Data Alignment enabled","15540","Burlington-South Burlington, VT","50","Vermont","007","Chittenden","44.5283900009431","-72.86884"
"02/22/2025","AQS","500070007","3","2.7","ug/m3 LC","15","PROCTOR MAPLE RESEARCH CTR","1","100.0000","88101","PM2.5 - Local Conditions","636","Teledyne T640 at 5.0 LPM w/Network Data Alignment enabled","15540","Burlington-South Burlington, VT","50","Vermont","007","Chittenden","44.5283900009431","-72.86884"
"02/23/2025","AQS","500070007","3","8.9","ug/m3 LC","49","PROCTOR MAPLE RESEARCH CTR","1","100.0000","88101","PM2.5 - Local Conditions","636","Teledyne T640 at 5.0 LPM w/Network Data Alignment enabled","15540","Burlington-South Burlington, VT","50","Vermont","007","Chittenden","44.5283900009431","-72.86884"
"02/24/2025","AQS","500070007","3","6.9","ug/m3 LC","38","PROCTOR MAPLE RESEARCH CTR","1","100.0000","88101","PM2.5 - Local Conditions","636","Teledyne T640 at 5.0 LPM w/Network Data Alignment enabled","15540","Burlington-South Burlington, VT","50","Vermont","007","Chittenden","44.5283900009431","-72.86884"
"02/25/2025","AQS","500070007","3","6.6","ug/m3 LC","37","PROCTOR MAPLE RESEARCH CTR","1","100.0000","88101","PM2.5 - Local Conditions","636","Teledyne T640 at 5.0 LPM w/Network Data Alignment enabled","15540","Burlington-South Burlington, VT","50","Vermont","007","Chittenden","44.5283900009431","-72.86884"
"02/26/2025","AQS","500070007","3","3.1","ug/m3 LC","17","PROCTOR MAPLE RESEARCH CTR","1","100.0000","88101","PM2.5 - Local Conditions","636","Teledyne T640 at 5.0 LPM w/Network Data Alignment enabled","15540","Burlington-South Burlington, VT","50","Vermont","007","Chittenden","44.5283900009431","-72.86884"
"02/27/2025","AQS","500070007","3","1.5","ug/m3 LC","8","PROCTOR MAPLE RESEARCH CTR","1","100.0000","88101","PM2.5 - Local Conditions","636","Teledyne T640 at 5.0 LPM w/Network Data Alignment enabled","15540","Burlington-South Burlington, VT","50","Vermont","007","Chittenden","44.5283900009431","-72.86884"
"02/28/2025","AQS","500070007","3","2.4","ug/m3 LC","13","PROCTOR MAPLE RESEARCH CTR","1","100.0000","88101","PM2.5 - Local Conditions","636","Teledyne T640 at 5.0 LPM w/Network Data Alignment enabled","15540","Burlington-South Burlington, VT","50","Vermont","007","Chittenden","44.5283900009431","-72.86884"
"03/01/2025","AQS","500070007","3","3.1","ug/m3 LC","17","PROCTOR MAPLE RESEARCH CTR","1","100.0000","88101","PM2.5 - Local Conditions","636","Teledyne T640 at 5.0 LPM w/Network Data Alignment enabled","15540","Burlington-South Burlington, VT","50","Vermont","007","Chittenden","44.5283900009431","-72.86884"
"03/02/2025","AQS","500070007","3","4.1","ug/m3 LC","23","PROCTOR MAPLE RESEARCH CTR","1","100.0000","88101","PM2.5 - Local Conditions","636","Teledyne T640 at 5.0 LPM w/Network Data Alignment enabled","15540","Burlington-South Burlington, VT","50","Vermont","007","Chittenden","44.5283900009431","-72.86884"
"03/03/2025","AQS","500070007","3","3.9","ug/m3 LC","22","PROCTOR MAPLE RESEARCH CTR","1","100.0000","88101","PM2.5 - Local Conditions","636","Teledyne T640 at 5.0 LPM w/Network Data Alignment enabled","15540","Burlington-South Burlington, VT","50","Vermont","007","Chittenden","44.5283900009431","-72.86884"
"03/04/2025","AQS","500070007","3","5.7","ug/m3 LC","32","PROCTOR MAPLE RESEARCH CTR","1","100.0000","88101","PM2.5 - Local Conditions","636","Teledyne T640 at 5.0 LPM w/Network Data Alignment enabled","15540","Burlington-South Burlington, VT","50","Vermont","007","Chittenden","44.5283900009431","-72.86884"
"03/05/2025","AQS","500070007","3","4.4","ug/m3 LC","24","PROCTOR MAPLE RESEARCH CTR","1","100.0000","88101","PM2.5 - Local Conditions","636","Teledyne T640 at 5.0 LPM w/Network Data Alignment enabled","15540","Burlington-South Burlington, VT","50","Vermont","007","Chittenden","44.5283900009431","-72.86884"
"03/06/2025","AQS","500070007","3","1.3","ug/m3 LC","7","PROCTOR MAPLE RESEARCH CTR","1","100.0000","88101","PM2.5 - Local Conditions","636","Teledyne T640 at 5.0 LPM w/Network Data Alignment enabled","15540","Burlington-South Burlington, VT","50","Vermont","007","Chittenden","44.5283900009431","-72.86884"
"03/07/2025","AQS","500070007","3","1.2","ug/m3 LC","7","PROCTOR MAPLE RESEARCH CTR","1","100.0000","88101","PM2.5 - Local Conditions","636","Teledyne T640 at 5.0 LPM w/Network Data Alignment enabled","15540","Burlington-South Burlington, VT","50","Vermont","007","Chittenden","44.5283900009431","-72.86884"
"03/08/2025","AQS","500070007","3","1.1","ug/m3 LC","6","PROCTOR MAPLE RESEARCH CTR","1","100.0000","88101","PM2.5 - Local Conditions","636","Teledyne T640 at 5.0 LPM w/Network Data Alignment enabled","15540","Burlington-South Burlington, VT","50","Vermont","007","Chittenden","44.5283900009431","-72.86884"
"03/09/2025","AQS","500070007","3","2.9","ug/m3 LC","16","PROCTOR MAPLE RESEARCH CTR","1","100.0000","88101","PM2.5 - Local Conditions","636","Teledyne T640 at 5.0 LPM w/Network Data Alignment enabled","15540","Burlington-South Burlington, VT","50","Vermont","007","Chittenden","44.5283900009431","-72.86884"
"03/10/2025","AQS","500070007","3","3.9","ug/m3 LC","22","PROCTOR MAPLE RESEARCH CTR","1","100.0000","88101","PM2.5 - Local Conditions","636","Teledyne T640 at 5.0 LPM w/Network Data Alignment enabled","15540","Burlington-South Burlington, VT","50","Vermont","007","Chittenden","44.5283900009431","-72.86884"
"03/11/2025","AQS","500070007","3","3.9","ug/m3 LC","22","PROCTOR MAPLE RESEARCH CTR","1","100.0000","88101","PM2.5 - Local Conditions","636","Teledyne T640 at 5.0 LPM w/Network Data Alignment enabled","15540","Burlington-South Burlington, VT","50","Vermont","007","Chittenden","44.5283900009431","-72.86884"
"03/12/2025","AQS","500070007","3","2.4","ug/m3 LC","13","PROCTOR MAPLE RESEARCH CTR","1","100.0000","88101","PM2.5 - Local Conditions","636","Teledyne T640 at 5.0 LPM w/Network Data Alignment enabled","15540","Burlington-South Burlington, VT","50","Vermont","007","Chittenden","44.5283900009431","-72.86884"
"03/13/2025","AQS","500070007","3","2.7","ug/m3 LC","15","PROCTOR MAPLE RESEARCH CTR","1","100.0000","88101","PM2.5 - Local Conditions","636","Teledyne T640 at 5.0 LPM w/Network Data Alignment enabled","15540","Burlington-South Burlington, VT","50","Vermont","007","Chittenden","44.5283900009431","-72.86884"
"03/14/2025","AQS","500070007","3","4.6","ug/m3 LC","26","PROCTOR MAPLE RESEARCH CTR","1","100.0000","88101","PM2.5 - Local Conditions","636","Teledyne T640 at 5.0 LPM w/Network Data Alignment enabled","15540","Burlington-South Burlington, VT","50","Vermont","007","Chittenden","44.5283900009431","-72.86884"
"03/15/2025","AQS","500070007","3","9.4","ug/m3 LC","52","PROCTOR MAPLE RESEARCH CTR","1","100.0000","88101","PM2.5 - Local Conditions","636","Teledyne T640 at 5.0 LPM w/Network Data Alignment enabled","15540","Burlington-South Burlington, VT","50","Vermont","007","Chittenden","44.5283900009431","-72.86884"
"03/16/2025","AQS","500070007","3","5.4","ug/m3 LC","30","PROCTOR MAPLE RESEARCH CTR","1","100.0000","88101","PM2.5 - Local Conditions","636","Teledyne T640 at 5.0 LPM w/Network Data Alignment enabled","15540","Burlington-South Burlington, VT","50","Vermont","007","Chittenden","44.5283900009431","-72.86884"
"03/17/2025","AQS","500070007","3","2.4","ug/m3 LC","13","PROCTOR MAPLE RESEARCH CTR","1","100.0000","88101","PM2.5 - Local Conditions","636","Teledyne T640 at 5.0 LPM w/Network Data Alignment enabled","15540","Burlington-South Burlington, VT","50","Vermont","007","Chittenden","44.5283900009431","-72.86884"
"03/18/2025","AQS","500070007","3","2.6","ug/m3 LC","14","PROCTOR MAPLE RESEARCH CTR","1","100.0000","88101","PM2.5 - Local Conditions","636","Teledyne T640 at 5.0 LPM w/Network Data Alignment enabled","15540","Burlington-South Burlington, VT","50","Vermont","007","Chittenden","44.5283900009431","-72.86884"
"03/19/2025","AQS","500070007","3","3","ug/m3 LC","17","PROCTOR MAPLE RESEARCH CTR","1","100.0000","88101","PM2.5 - Local Conditions","636","Teledyne T640 at 5.0 LPM w/Network Data Alignment enabled","15540","Burlington-South Burlington, VT","50","Vermont","007","Chittenden","44.5283900009431","-72.86884"
"03/20/2025","AQS","500070007","3","4","ug/m3 LC","22","PROCTOR MAPLE RESEARCH CTR","1","100.0000","88101","PM2.5 - Local Conditions","636","Teledyne T640 at 5.0 LPM w/Network Data Alignment enabled","15540","Burlington-South Burlington, VT","50","Vermont","007","Chittenden","44.5283900009431","-72.86884"
"03/21/2025","AQS","500070007","3","2.3","ug/m3 LC","13","PROCTOR MAPLE RESEARCH CTR","1","100.0000","88101","PM2.5 - Local Conditions","636","Teledyne T640 at 5.0 LPM w/Network Data Alignment enabled","15540","Burlington-South Burlington, VT","50","Vermont","007","Chittenden","44.5283900009431","-72.86884"
"03/22/2025","AQS","500070007","3","2.9","ug/m3 LC","16","PROCTOR MAPLE RESEARCH CTR","1","100.0000","88101","PM2.5 - Local Conditions","636","Teledyne T640 at 5.0 LPM w/Network Data Alignment enabled","15540","Burlington-South Burlington, VT","50","Vermont","007","Chittenden","44.5283900009431","-72.86884"
"03/23/2025","AQS","500070007","3","3.5","ug/m3 LC","19","PROCTOR MAPLE RESEARCH CTR","1","100.0000","88101","PM2.5 - Local Conditions","636","Teledyne T640 at 5.0 LPM w/Network Data Alignment enabled","15540","Burlington-South Burlington, VT","50","Vermont","007","Chittenden","44.5283900009431","-72.86884"
"03/24/2025","AQS","500070007","3","3.3","ug/m3 LC","18","PROCTOR MAPLE RESEARCH CTR","1","100.0000","88101","PM2.5 - Local Conditions","636","Teledyne T640 at 5.0 LPM w/Network Data Alignment enabled","15540","Burlington-South Burlington, VT","50","Vermont","007","Chittenden","44.5283900009431","-72.86884"
"03/25/2025","AQS","500070007","3","3.5","ug/m3 LC","19","PROCTOR MAPLE RESEARCH CTR","1","100.0000","88101","PM2.5 - Local Conditions","636","Teledyne T640 at 5.0 LPM w/Network Data Alignment enabled","15540","Burlington-South Burlington, VT","50","Vermont","007","Chittenden","44.5283900009431","-72.86884"
"03/26/2025","AQS","500070007","3","2.4","ug/m3 LC","13","PROCTOR MAPLE RESEARCH CTR","1","100.0000","88101","PM2.5 - Local Conditions","636","Teledyne T640 at 5.0 LPM w/Network Data Alignment enabled","15540","Burlington-South Burlington, VT","50","Vermont","007","Chittenden","44.5283900009431","-72.86884"
"03/27/2025","AQS","500070007","3","2.4","ug/m3 LC","13","PROCTOR MAPLE RESEARCH CTR","1","100.0000","88101","PM2.5 - Local Conditions","636","Teledyne T640 at 5.0 LPM w/Network Data Alignment enabled","15540","Burlington-South Burlington, VT","50","Vermont","007","Chittenden","44.5283900009431","-72.86884"
"03/28/2025","AQS","500070007","3","2.7","ug/m3 LC","15","PROCTOR MAPLE RESEARCH CTR","1","100.0000","88101","PM2.5 - Local Conditions","636","Teledyne T640 at 5.0 LPM w/Network Data Alignment enabled","15540","Burlington-South Burlington, VT","50","Vermont","007","Chittenden","44.5283900009431","-72.86884"
"03/29/2025","AQS","500070007","3","4.2","ug/m3 LC","23","PROCTOR MAPLE RESEARCH CTR","1","100.0000","88101","PM2.5 - Local Conditions","636","Teledyne T640 at 5.0 LPM w/Network Data Alignment enabled","15540","Burlington-South Burlington, VT","50","Vermont","007","Chittenden","44.5283900009431","-72.86884"
"03/30/2025","AQS","500070007","3","3","ug/m3 LC","17","PROCTOR MAPLE RESEARCH CTR","1","100.0000","88101","PM2.5 - Local Conditions","636","Teledyne T640 at 5.0 LPM w/Network Data Alignment enabled","15540","Burlington-South Burlington, VT","50","Vermont","007","Chittenden","44.5283900009431","-72.86884"
"03/31/2025","AQS","500070007","3","4.1","ug/m3 LC","23","PROCTOR MAPLE RESEARCH CTR","1","100.0000","88101","PM2.5 - Local Conditions","636","Teledyne T640 at 5.0 LPM w/Network Data Alignment enabled","15540","Burlington-South Burlington, VT","50","Vermont","007","Chittenden","44.5283900009431","-72.86884"
"04/01/2025","AQS","500070007","3","2.3","ug/m3 LC","13","PROCTOR MAPLE RESEARCH CTR","1","100.0000","88101","PM2.5 - Local Conditions","636","Teledyne T640 at 5.0 LPM w/Network Data Alignment enabled","15540","Burlington-South Burlington, VT","50","Vermont","007","Chittenden","44.5283900009431","-72.86884"
"04/02/2025","AQS","500070007","3","2.9","ug/m3 LC","16","PROCTOR MAPLE RESEARCH CTR","1","100.0000","88101","PM2.5 - Local Conditions","636","Teledyne T640 at 5.0 LPM w/Network Data Alignment enabled","15540","Burlington-South Burlington, VT","50","Vermont","007","Chittenden","44.5283900009431","-72.86884"
"04/03/2025","AQS","500070007","3","2.1","ug/m3 LC","12","PROCTOR MAPLE RESEARCH CTR","1","100.0000","88101","PM2.5 - Local Conditions","636","Teledyne T640 at 5.0 LPM w/Network Data Alignment enabled","15540","Burlington-South Burlington, VT","50","Vermont","007","Chittenden","44.5283900009431","-72.86884"
"04/04/2025","AQS","500070007","3","1.6","ug/m3 LC","9","PROCTOR MAPLE RESEARCH CTR","1","100.0000","88101","PM2.5 - Local Conditions","636","Teledyne T640 at 5.0 LPM w/Network Data Alignment enabled","15540","Burlington-South Burlington, VT","50","Vermont","007","Chittenden","44.5283900009431","-72.86884"
"04/05/2025","AQS","500070007","3","1.5","ug/m3 LC","8","PROCTOR MAPLE RESEARCH CTR","1","100.0000","88101","PM2.5 - Local Conditions","636","Teledyne T640 at 5.0 LPM w/Network Data Alignment enabled","15540","Burlington-South Burlington, VT","50","Vermont","007","Chittenden","44.5283900009431","-72.86884"
"04/06/2025","AQS","500070007","3","1.8","ug/m3 LC","10","PROCTOR MAPLE RESEARCH CTR","1","100.0000","88101","PM2.5 - Local Conditions","636","Teledyne T640 at 5.0 LPM w/Network Data Alignment enabled","15540","Burlington-South Burlington, VT","50","Vermont","007","Chittenden","44.5283900009431","-72.86884"
"04/07/2025","AQS","500070007","3","2.6","ug/m3 LC","14","PROCTOR MAPLE RESEARCH CTR","1","100.0000","88101","PM2.5 - Local Conditions","636","Teledyne T640 at 5.0 LPM w/Network Data Alignment enabled","15540","Burlington-South Burlington, VT","50","Vermont","007","Chittenden","44.5283900009431","-72.86884"
"04/08/2025","AQS","500070007","3","1.7","ug/m3 LC","9","PROCTOR MAPLE RESEARCH CTR","1","100.0000","88101","PM2.5 - Local Conditions","636","Teledyne T640 at 5.0 LPM w/Network Data Alignment enabled","15540","Burlington-South Burlington, VT","50","Vermont","007","Chittenden","44.5283900009431","-72.86884"
"04/09/2025","AQS","500070007","3","2.5","ug/m3 LC","14","PROCTOR MAPLE RESEARCH CTR","1","100.0000","88101","PM2.5 - Local Conditions","636","Teledyne T640 at 5.0 LPM w/Network Data Alignment enabled","15540","Burlington-South Burlington, VT","50","Vermont","007","Chittenden","44.5283900009431","-72.86884"
"04/10/2025","AQS","500070007","3","3.8","ug/m3 LC","21","PROCTOR MAPLE RESEARCH CTR","1","100.0000","88101","PM2.5 - Local Conditions","636","Teledyne T640 at 5.0 LPM w/Network Data Alignment enabled","15540","Burlington-South Burlington, VT","50","Vermont","007","Chittenden","44.5283900009431","-72.86884"
"04/11/2025","AQS","500070007","3","3.4","ug/m3 LC","19","PROCTOR MAPLE RESEARCH CTR","1","100.0000","88101","PM2.5 - Local Conditions","636","Teledyne T640 at 5.0 LPM w/Network Data Alignment enabled","15540","Burlington-South Burlington, VT","50","Vermont","007","Chittenden","44.5283900009431","-72.86884"
"04/12/2025","AQS","500070007","3","3.2","ug/m3 LC","18","PROCTOR MAPLE RESEARCH CTR","1","100.0000","88101","PM2.5 - Local Conditions","636","Teledyne T640 at 5.0 LPM w/Network Data Alignment enabled","15540","Burlington-South Burlington, VT","50","Vermont","007","Chittenden","44.5283900009431","-72.86884"
"04/13/2025","AQS","500070007","3","3.5","ug/m3 LC","19","PROCTOR MAPLE RESEARCH CTR","1","100.0000","88101","PM2.5 - Local Conditions","636","Teledyne T640 at 5.0 LPM w/Network Data Alignment enabled","15540","Burlington-South Burlington, VT","50","Vermont","007","Chittenden","44.5283900009431","-72.86884"
"04/14/2025","AQS","500070007","3","3.5","ug/m3 LC","19","PROCTOR MAPLE RESEARCH CTR","1","100.0000","88101","PM2.5 - Local Conditions","636","Teledyne T640 at 5.0 LPM w/Network Data Alignment enabled","15540","Burlington-South Burlington, VT","50","Vermont","007","Chittenden","44.5283900009431","-72.86884"
"04/15/2025","AQS","500070007","3","3.4","ug/m3 LC","19","PROCTOR MAPLE RESEARCH CTR","1","100.0000","88101","PM2.5 - Local Conditions","636","Teledyne T640 at 5.0 LPM w/Network Data Alignment enabled","15540","Burlington-South Burlington, VT","50","Vermont","007","Chittenden","44.5283900009431","-72.86884"
"04/16/2025","AQS","500070007","3","0.6","ug/m3 LC","3","PROCTOR MAPLE RESEARCH CTR","1","100.0000","88101","PM2.5 - Local Conditions","636","Teledyne T640 at 5.0 LPM w/Network Data Alignment enabled","15540","Burlington-South Burlington, VT","50","Vermont","007","Chittenden","44.5283900009431","-72.86884"
"04/17/2025","AQS","500070007","3","2.4","ug/m3 LC","13","PROCTOR MAPLE RESEARCH CTR","1","100.0000","88101","PM2.5 - Local Conditions","636","Teledyne T640 at 5.0 LPM w/Network Data Alignment enabled","15540","Burlington-South Burlington, VT","50","Vermont","007","Chittenden","44.5283900009431","-72.86884"
"04/18/2025","AQS","500070007","3","3.7","ug/m3 LC","21","PROCTOR MAPLE RESEARCH CTR","1","100.0000","88101","PM2.5 - Local Conditions","636","Teledyne T640 at 5.0 LPM w/Network Data Alignment enabled","15540","Burlington-South Burlington, VT","50","Vermont","007","Chittenden","44.5283900009431","-72.86884"
"04/19/2025","AQS","500070007","3","8","ug/m3 LC","44","PROCTOR MAPLE RESEARCH CTR","1","100.0000","88101","PM2.5 - Local Conditions","636","Teledyne T640 at 5.0 LPM w/Network Data Alignment enabled","15540","Burlington-South Burlington, VT","50","Vermont","007","Chittenden","44.5283900009431","-72.86884"
"04/20/2025","AQS","500070007","3","2","ug/m3 LC","11","PROCTOR MAPLE RESEARCH CTR","1","100.0000","88101","PM2.5 - Local Conditions","636","Teledyne T640 at 5.0 LPM w/Network Data Alignment enabled","15540","Burlington-South Burlington, VT","50","Vermont","007","Chittenden","44.5283900009431","-72.86884"
"04/21/2025","AQS","500070007","3","2.8","ug/m3 LC","16","PROCTOR MAPLE RESEARCH CTR","1","100.0000","88101","PM2.5 - Local Conditions","636","Teledyne T640 at 5.0 LPM w/Network Data Alignment enabled","15540","Burlington-South Burlington, VT","50","Vermont","007","Chittenden","44.5283900009431","-72.86884"
"04/22/2025","AQS","500070007","3","3.8","ug/m3 LC","21","PROCTOR MAPLE RESEARCH CTR","1","100.0000","88101","PM2.5 - Local Conditions","636","Teledyne T640 at 5.0 LPM w/Network Data Alignment enabled","15540","Burlington-South Burlington, VT","50","Vermont","007","Chittenden","44.5283900009431","-72.86884"
"04/23/2025","AQS","500070007","3","1.6","ug/m3 LC","9","PROCTOR MAPLE RESEARCH CTR","1","100.0000","88101","PM2.5 - Local Conditions","636","Teledyne T640 at 5.0 LPM w/Network Data Alignment enabled","15540","Burlington-South Burlington, VT","50","Vermont","007","Chittenden","44.5283900009431","-72.86884"
"04/24/2025","AQS","500070007","3","3.1","ug/m3 LC","17","PROCTOR MAPLE RESEARCH CTR","1","100.0000","88101","PM2.5 - Local Conditions","636","Teledyne T640 at 5.0 LPM w/Network Data Alignment enabled","15540","Burlington-South Burlington, VT","50","Vermont","007","Chittenden","44.5283900009431","-72.86884"
"04/25/2025","AQS","500070007","3","4.6","ug/m3 LC","26","PROCTOR MAPLE RESEARCH CTR","1","100.0000","88101","PM2.5 - Local Conditions","636","Teledyne T640 at 5.0 LPM w/Network Data Alignment enabled","15540","Burlington-South Burlington, VT","50","Vermont","007","Chittenden","44.5283900009431","-72.86884"
"04/26/2025","AQS","500070007","3","2.3","ug/m3 LC","13","PROCTOR MAPLE RESEARCH CTR","1","100.0000","88101","PM2.5 - Local Conditions","636","Teledyne T640 at 5.0 LPM w/Network Data Alignment enabled","15540","Burlington-South Burlington, VT","50","Vermont","007","Chittenden","44.5283900009431","-72.86884"
"04/27/2025","AQS","500070007","3","1.1","ug/m3 LC","6","PROCTOR MAPLE RESEARCH CTR","1","100.0000","88101","PM2.5 - Local Conditions","636","Teledyne T640 at 5.0 LPM w/Network Data Alignment enabled","15540","Burlington-South Burlington, VT","50","Vermont","007","Chittenden","44.5283900009431","-72.86884"
"04/28/2025","AQS","500070007","3","3.2","ug/m3 LC","18","PROCTOR MAPLE RESEARCH CTR","1","100.0000","88101","PM2.5 - Local Conditions","636","Teledyne T640 at 5.0 LPM w/Network Data Alignment enabled","15540","Burlington-South Burlington, VT","50","Vermont","007","Chittenden","44.5283900009431","-72.86884"
"04/29/2025","AQS","500070007","3","4.6","ug/m3 LC","26","PROCTOR MAPLE RESEARCH CTR","1","100.0000","88101","PM2.5 - Local Conditions","636","Teledyne T640 at 5.0 LPM w/Network Data Alignment enabled","15540","Burlington-South Burlington, VT","50","Vermont","007","Chittenden","44.5283900009431","-72.86884"
"04/30/2025","AQS","500070007","3","2.1","ug/m3 LC","12","PROCTOR MAPLE RESEARCH CTR","1","100.0000","88101","PM2.5 - Local Conditions","636","Teledyne T640 at 5.0 LPM w/Network Data Alignment enabled","15540","Burlington-South Burlington, VT","50","Vermont","007","Chittenden","44.5283900009431","-72.86884"
"05/01/2025","AQS","500070007","3","2.9","ug/m3 LC","16","PROCTOR MAPLE RESEARCH CTR","1","100.0000","88101","PM2.5 - Local Conditions","636","Teledyne T640 at 5.0 LPM w/Network Data Alignment enabled","15540","Burlington-South Burlington, VT","50","Vermont","007","Chittenden","44.5283900009431","-72.86884"
"05/02/2025","AQS","500070007","3","4.7","ug/m3 LC","26","PROCTOR MAPLE RESEARCH CTR","1","100.0000","88101","PM2.5 - Local Conditions","636","Teledyne T640 at 5.0 LPM w/Network Data Alignment enabled","15540","Burlington-South Burlington, VT","50","Vermont","007","Chittenden","44.5283900009431","-72.86884"
"05/03/2025","AQS","500070007","3","3.3","ug/m3 LC","18","PROCTOR MAPLE RESEARCH CTR","1","100.0000","88101","PM2.5 - Local Conditions","636","Teledyne T640 at 5.0 LPM w/Network Data Alignment enabled","15540","Burlington-South Burlington, VT","50","Vermont","007","Chittenden","44.5283900009431","-72.86884"
"05/04/2025","AQS","500070007","3","3.1","ug/m3 LC","17","PROCTOR MAPLE RESEARCH CTR","1","100.0000","88101","PM2.5 - Local Conditions","636","Teledyne T640 at 5.0 LPM w/Network Data Alignment enabled","15540","Burlington-South Burlington, VT","50","Vermont","007","Chittenden","44.5283900009431","-72.86884"
"05/05/2025","AQS","500070007","3","2.8","ug/m3 LC","16","PROCTOR MAPLE RESEARCH CTR","1","100.0000","88101","PM2.5 - Local Conditions","636","Teledyne T640 at 5.0 LPM w/Network Data Alignment enabled","15540","Burlington-South Burlington, VT","50","Vermont","007","Chittenden","44.5283900009431","-72.86884"
"05/06/2025","AQS","500070007","3","1.4","ug/m3 LC","8","PROCTOR MAPLE RESEARCH CTR","1","100.0000","88101","PM2.5 - Local Conditions","636","Teledyne T640 at 5.0 LPM w/Network Data Alignment enabled","15540","Burlington-South Burlington, VT","50","Vermont","007","Chittenden","44.5283900009431","-72.86884"
"05/07/2025","AQS","500070007","3","2.3","ug/m3 LC","13","PROCTOR MAPLE RESEARCH CTR","1","100.0000","88101","PM2.5 - Local Conditions","636","Teledyne T640 at 5.0 LPM w/Network Data Alignment enabled","15540","Burlington-South Burlington, VT","50","Vermont","007","Chittenden","44.5283900009431","-72.86884"
"05/08/2025","AQS","500070007","3","4.9","ug/m3 LC","27","PROCTOR MAPLE RESEARCH CTR","1","100.0000","88101","PM2.5 - Local Conditions","636","Teledyne T640 at 5.0 LPM w/Network Data Alignment enabled","15540","Burlington-South Burlington, VT","50","Vermont","007","Chittenden","44.5283900009431","-72.86884"
"05/09/2025","AQS","500070007","3","1.8","ug/m3 LC","10","PROCTOR MAPLE RESEARCH CTR","1","100.0000","88101","PM2.5 - Local Conditions","636","Teledyne T640 at 5.0 LPM w/Network Data Alignment enabled","15540","Burlington-South Burlington, VT","50","Vermont","007","Chittenden","44.5283900009431","-72.86884"
"05/10/2025","AQS","500070007","3","1.8","ug/m3 LC","10","PROCTOR MAPLE RESEARCH CTR","1","100.0000","88101","PM2.5 - Local Conditions","636","Teledyne T640 at 5.0 LPM w/Network Data Alignment enabled","15540","Burlington-South Burlington, VT","50","Vermont","007","Chittenden","44.5283900009431","-72.86884"
"05/11/2025","AQS","500070007","3","2.8","ug/m3 LC","16","PROCTOR MAPLE RESEARCH CTR","1","100.0000","88101","PM2.5 - Local Conditions","636","Teledyne T640 at 5.0 LPM w/Network Data Alignment enabled","15540","Burlington-South Burlington, VT","50","Vermont","007","Chittenden","44.5283900009431","-72.86884"
"05/12/2025","AQS","500070007","3","3.3","ug/m3 LC","18","PROCTOR MAPLE RESEARCH CTR","1","100.0000","88101","PM2.5 - Local Conditions","636","Teledyne T640 at 5.0 LPM w/Network Data Alignment enabled","15540","Burlington-South Burlington, VT","50","Vermont","007","Chittenden","44.5283900009431","-72.86884"
"05/13/2025","AQS","500070007","3","4.6","ug/m3 LC","26","PROCTOR MAPLE RESEARCH CTR","1","100.0000","88101","PM2.5 - Local Conditions","636","Teledyne T640 at 5.0 LPM w/Network Data Alignment enabled","15540","Burlington-South Burlington, VT","50","Vermont","007","Chittenden","44.5283900009431","-72.86884"
"05/14/2025","AQS","500070007","3","5.2","ug/m3 LC","29","PROCTOR MAPLE RESEARCH CTR","1","100.0000","88101","PM2.5 - Local Conditions","636","Teledyne T640 at 5.0 LPM w/Network Data Alignment enabled","15540","Burlington-South Burlington, VT","50","Vermont","007","Chittenden","44.5283900009431","-72.86884"
"05/15/2025","AQS","500070007","3","3.9","ug/m3 LC","22","PROCTOR MAPLE RESEARCH CTR","1","100.0000","88101","PM2.5 - Local Conditions","636","Teledyne T640 at 5.0 LPM w/Network Data Alignment enabled","15540","Burlington-South Burlington, VT","50","Vermont","007","Chittenden","44.5283900009431","-72.86884"
"05/16/2025","AQS","500070007","3","4.3","ug/m3 LC","24","PROCTOR MAPLE RESEARCH CTR","1","100.0000","88101","PM2.5 - Local Conditions","636","Teledyne T640 at 5.0 LPM w/Network Data Alignment enabled","15540","Burlington-South Burlington, VT","50","Vermont","007","Chittenden","44.5283900009431","-72.86884"
"05/17/2025","AQS","500070007","3","4.3","ug/m3 LC","24","PROCTOR MAPLE RESEARCH CTR","1","100.0000","88101","PM2.5 - Local Conditions","636","Teledyne T640 at 5.0 LPM w/Network Data Alignment enabled","15540","Burlington-South Burlington, VT","50","Vermont","007","Chittenden","44.5283900009431","-72.86884"
"05/18/2025","AQS","500070007","3","2","ug/m3 LC","11","PROCTOR MAPLE RESEARCH CTR","1","100.0000","88101","PM2.5 - Local Conditions","636","Teledyne T640 at 5.0 LPM w/Network Data Alignment enabled","15540","Burlington-South Burlington, VT","50","Vermont","007","Chittenden","44.5283900009431","-72.86884"
"05/19/2025","AQS","500070007","3","1.1","ug/m3 LC","6","PROCTOR MAPLE RESEARCH CTR","1","100.0000","88101","PM2.5 - Local Conditions","636","Teledyne T640 at 5.0 LPM w/Network Data Alignment enabled","15540","Burlington-South Burlington, VT","50","Vermont","007","Chittenden","44.5283900009431","-72.86884"
"05/20/2025","AQS","500070007","3","3.3","ug/m3 LC","18","PROCTOR MAPLE RESEARCH CTR","1","100.0000","88101","PM2.5 - Local Conditions","636","Teledyne T640 at 5.0 LPM w/Network Data Alignment enabled","15540","Burlington-South Burlington, VT","50","Vermont","007","Chittenden","44.5283900009431","-72.86884"
"05/21/2025","AQS","500070007","3","2.6","ug/m3 LC","14","PROCTOR MAPLE RESEARCH CTR","1","100.0000","88101","PM2.5 - Local Conditions","636","Teledyne T640 at 5.0 LPM w/Network Data Alignment enabled","15540","Burlington-South Burlington, VT","50","Vermont","007","Chittenden","44.5283900009431","-72.86884"
"05/22/2025","AQS","500070007","3","1.9","ug/m3 LC","11","PROCTOR MAPLE RESEARCH CTR","1","100.0000","88101","PM2.5 - Local Conditions","636","Teledyne T640 at 5.0 LPM w/Network Data Alignment enabled","15540","Burlington-South Burlington, VT","50","Vermont","007","Chittenden","44.5283900009431","-72.86884"
"05/23/2025","AQS","500070007","3","0.9","ug/m3 LC","5","PROCTOR MAPLE RESEARCH CTR","1","100.0000","88101","PM2.5 - Local Conditions","636","Teledyne T640 at 5.0 LPM w/Network Data Alignment enabled","15540","Burlington-South Burlington, VT","50","Vermont","007","Chittenden","44.5283900009431","-72.86884"
"05/24/2025","AQS","500070007","3","1.6","ug/m3 LC","9","PROCTOR MAPLE RESEARCH CTR","1","100.0000","88101","PM2.5 - Local Conditions","636","Teledyne T640 at 5.0 LPM w/Network Data Alignment enabled","15540","Burlington-South Burlington, VT","50","Vermont","007","Chittenden","44.5283900009431","-72.86884"
"05/25/2025","AQS","500070007","3","3.2","ug/m3 LC","18","PROCTOR MAPLE RESEARCH CTR","1","100.0000","88101","PM2.5 - Local Conditions","636","Teledyne T640 at 5.0 LPM w/Network Data Alignment enabled","15540","Burlington-South Burlington, VT","50","Vermont","007","Chittenden","44.5283900009431","-72.86884"
"05/26/2025","AQS","500070007","3","3.3","ug/m3 LC","18","PROCTOR MAPLE RESEARCH CTR","1","100.0000","88101","PM2.5 - Local Conditions","636","Teledyne T640 at 5.0 LPM w/Network Data Alignment enabled","15540","Burlington-South Burlington, VT","50","Vermont","007","Chittenden","44.5283900009431","-72.86884"
"05/27/2025","AQS","500070007","3","3.5","ug/m3 LC","19","PROCTOR MAPLE RESEARCH CTR","1","100.0000","88101","PM2.5 - Local Conditions","636","Teledyne T640 at 5.0 LPM w/Network Data Alignment enabled","15540","Burlington-South Burlington, VT","50","Vermont","007","Chittenden","44.5283900009431","-72.86884"
"05/28/2025","AQS","500070007","3","4.4","ug/m3 LC","24","PROCTOR MAPLE RESEARCH CTR","1","100.0000","88101","PM2.5 - Local Conditions","636","Teledyne T640 at 5.0 LPM w/Network Data Alignment enabled","15540","Burlington-South Burlington, VT","50","Vermont","007","Chittenden","44.5283900009431","-72.86884"
"05/29/2025","AQS","500070007","3","2.2","ug/m3 LC","12","PROCTOR MAPLE RESEARCH CTR","1","100.0000","88101","PM2.5 - Local Conditions","636","Teledyne T640 at 5.0 LPM w/Network Data Alignment enabled","15540","Burlington-South Burlington, VT","50","Vermont","007","Chittenden","44.5283900009431","-72.86884"
"05/30/2025","AQS","500070007","3","3.3","ug/m3 LC","18","PROCTOR MAPLE RESEARCH CTR","1","100.0000","88101","PM2.5 - Local Conditions","636","Teledyne T640 at 5.0 LPM w/Network Data Alignment enabled","15540","Burlington-South Burlington, VT","50","Vermont","007","Chittenden","44.5283900009431","-72.86884"
"05/31/2025","AQS","500070007","3","3.4","ug/m3 LC","19","PROCTOR MAPLE RESEARCH CTR","1","100.0000","88101","PM2.5 - Local Conditions","636","Teledyne T640 at 5.0 LPM w/Network Data Alignment enabled","15540","Burlington-South Burlington, VT","50","Vermont","007","Chittenden","44.5283900009431","-72.86884"
"06/01/2025","AQS","500070007","3","1.5","ug/m3 LC","8","PROCTOR MAPLE RESEARCH CTR","1","100.0000","88101","PM2.5 - Local Conditions","636","Teledyne T640 at 5.0 LPM w/Network Data Alignment enabled","15540","Burlington-South Burlington, VT","50","Vermont","007","Chittenden","44.5283900009431","-72.86884"
"06/02/2025","AQS","500070007","3","2.3","ug/m3 LC","13","PROCTOR MAPLE RESEARCH CTR","1","100.0000","88101","PM2.5 - Local Conditions","636","Teledyne T640 at 5.0 LPM w/Network Data Alignment enabled","15540","Burlington-South Burlington, VT","50","Vermont","007","Chittenden","44.5283900009431","-72.86884"
"06/03/2025","AQS","500070007","3","4.1","ug/m3 LC","23","PROCTOR MAPLE RESEARCH CTR","1","100.0000","88101","PM2.5 - Local Conditions","636","Teledyne T640 at 5.0 LPM w/Network Data Alignment enabled","15540","Burlington-South Burlington, VT","50","Vermont","007","Chittenden","44.5283900009431","-72.86884"
"06/04/2025","AQS","500070007","3","13.1","ug/m3 LC","58","PROCTOR MAPLE RESEARCH CTR","1","100.0000","88101","PM2.5 - Local Conditions","636","Teledyne T640 at 5.0 LPM w/Network Data Alignment enabled","15540","Burlington-South Burlington, VT","50","Vermont","007","Chittenden","44.5283900009431","-72.86884"
"06/05/2025","AQS","500070007","3","11.2","ug/m3 LC","55","PROCTOR MAPLE RESEARCH CTR","1","100.0000","88101","PM2.5 - Local Conditions","636","Teledyne T640 at 5.0 LPM w/Network Data Alignment enabled","15540","Burlington-South Burlington, VT","50","Vermont","007","Chittenden","44.5283900009431","-72.86884"
"06/06/2025","AQS","500070007","3","10.6","ug/m3 LC","54","PROCTOR MAPLE RESEARCH CTR","1","100.0000","88101","PM2.5 - Local Conditions","636","Teledyne T640 at 5.0 LPM w/Network Data Alignment enabled","15540","Burlington-South Burlington, VT","50","Vermont","007","Chittenden","44.5283900009431","-72.86884"
"06/07/2025","AQS","500070007","3","37.5","ug/m3 LC","106","PROCTOR MAPLE RESEARCH CTR","1","100.0000","88101","PM2.5 - Local Conditions","636","Teledyne T640 at 5.0 LPM w/Network Data Alignment enabled","15540","Burlington-South Burlington, VT","50","Vermont","007","Chittenden","44.5283900009431","-72.86884"
"06/08/2025","AQS","500070007","3","29.7","ug/m3 LC","89","PROCTOR MAPLE RESEARCH CTR","1","100.0000","88101","PM2.5 - Local Conditions","636","Teledyne T640 at 5.0 LPM w/Network Data Alignment enabled","15540","Burlington-South Burlington, VT","50","Vermont","007","Chittenden","44.5283900009431","-72.86884"
"06/09/2025","AQS","500070007","3","18.4","ug/m3 LC","68","PROCTOR MAPLE RESEARCH CTR","1","100.0000","88101","PM2.5 - Local Conditions","636","Teledyne T640 at 5.0 LPM w/Network Data Alignment enabled","15540","Burlington-South Burlington, VT","50","Vermont","007","Chittenden","44.5283900009431","-72.86884"
"06/10/2025","AQS","500070007","3","3.3","ug/m3 LC","18","PROCTOR MAPLE RESEARCH CTR","1","100.0000","88101","PM2.5 - Local Conditions","636","Teledyne T640 at 5.0 LPM w/Network Data Alignment enabled","15540","Burlington-South Burlington, VT","50","Vermont","007","Chittenden","44.5283900009431","-72.86884"
"06/11/2025","AQS","500070007","3","11.6","ug/m3 LC","56","PROCTOR MAPLE RESEARCH CTR","1","100.0000","88101","PM2.5 - Local Conditions","636","Teledyne T640 at 5.0 LPM w/Network Data Alignment enabled","15540","Burlington-South Burlington, VT","50","Vermont","007","Chittenden","44.5283900009431","-72.86884"
"06/12/2025","AQS","500070007","3","16.9","ug/m3 LC","66","PROCTOR MAPLE RESEARCH CTR","1","100.0000","88101","PM2.5 - Local Conditions","636","Teledyne T640 at 5.0 LPM w/Network Data Alignment enabled","15540","Burlington-South Burlington, VT","50","Vermont","007","Chittenden","44.5283900009431","-72.86884"
"06/13/2025","AQS","500070007","3","4.9","ug/m3 LC","27","PROCTOR MAPLE RESEARCH CTR","1","100.0000","88101","PM2.5 - Local Conditions","636","Teledyne T640 at 5.0 LPM w/Network Data Alignment enabled","15540","Burlington-South Burlington, VT","50","Vermont","007","Chittenden","44.5283900009431","-72.86884"
"06/14/2025","AQS","500070007","3","5","ug/m3 LC","28","PROCTOR MAPLE RESEARCH CTR","1","100.0000","88101","PM2.5 - Local Conditions","636","Teledyne T640 at 5.0 LPM w/Network Data Alignment enabled","15540","Burlington-South Burlington, VT","50","Vermont","007","Chittenden","44.5283900009431","-72.86884"
"06/15/2025","AQS","500070007","3","8.4","ug/m3 LC","47","PROCTOR MAPLE RESEARCH CTR","1","100.0000","88101","PM2.5 - Local Conditions","636","Teledyne T640 at 5.0 LPM w/Network Data Alignment enabled","15540","Burlington-South Burlington, VT","50","Vermont","007","Chittenden","44.5283900009431","-72.86884"
"06/16/2025","AQS","500070007","3","7.4","ug/m3 LC","41","PROCTOR MAPLE RESEARCH CTR","1","100.0000","88101","PM2.5 - Local Conditions","636","Teledyne T640 at 5.0 LPM w/Network Data Alignment enabled","15540","Burlington-South Burlington, VT","50","Vermont","007","Chittenden","44.5283900009431","-72.86884"
"06/17/2025","AQS","500070007","3","3.4","ug/m3 LC","19","PROCTOR MAPLE RESEARCH CTR","1","100.0000","88101","PM2.5 - Local Conditions","636","Teledyne T640 at 5.0 LPM w/Network Data Alignment enabled","15540","Burlington-South Burlington, VT","50","Vermont","007","Chittenden","44.5283900009431","-72.86884"
"06/18/2025","AQS","500070007","3","2.1","ug/m3 LC","12","PROCTOR MAPLE RESEARCH CTR","1","100.0000","88101","PM2.5 - Local Conditions","636","Teledyne T640 at 5.0 LPM w/Network Data Alignment enabled","15540","Burlington-South Burlington, VT","50","Vermont","007","Chittenden","44.5283900009431","-72.86884"
"06/19/2025","AQS","500070007","3","3.4","ug/m3 LC","19","PROCTOR MAPLE RESEARCH CTR","1","100.0000","88101","PM2.5 - Local Conditions","636","Teledyne T640 at 5.0 LPM w/Network Data Alignment enabled","15540","Burlington-South Burlington, VT","50","Vermont","007","Chittenden","44.5283900009431","-72.86884"
"06/20/2025","AQS","500070007","3","3.4","ug/m3 LC","19","PROCTOR MAPLE RESEARCH CTR","1","100.0000","88101","PM2.5 - Local Conditions","636","Teledyne T640 at 5.0 LPM w/Network Data Alignment enabled","15540","Burlington-South Burlington, VT","50","Vermont","007","Chittenden","44.5283900009431","-72.86884"
"06/21/2025","AQS","500070007","3","6.5","ug/m3 LC","36","PROCTOR MAPLE RESEARCH CTR","1","100.0000","88101","PM2.5 - Local Conditions","636","Teledyne T640 at 5.0 LPM w/Network Data Alignment enabled","15540","Burlington-South Burlington, VT","50","Vermont","007","Chittenden","44.5283900009431","-72.86884"
"06/22/2025","AQS","500070007","3","5.7","ug/m3 LC","32","PROCTOR MAPLE RESEARCH CTR","1","100.0000","88101","PM2.5 - Local Conditions","636","Teledyne T640 at 5.0 LPM w/Network Data Alignment enabled","15540","Burlington-South Burlington, VT","50","Vermont","007","Chittenden","44.5283900009431","-72.86884"
"06/23/2025","AQS","500070007","3","7.5","ug/m3 LC","42","PROCTOR MAPLE RESEARCH CTR","1","100.0000","88101","PM2.5 - Local Conditions","636","Teledyne T640 at 5.0 LPM w/Network Data Alignment enabled","15540","Burlington-South Burlington, VT","50","Vermont","007","Chittenden","44.5283900009431","-72.86884"
"06/24/2025","AQS","500070007","3","8.7","ug/m3 LC","48","PROCTOR MAPLE RESEARCH CTR","1","100.0000","88101","PM2.5 - Local Conditions","636","Teledyne T640 at 5.0 LPM w/Network Data Alignment enabled","15540","Burlington-South Burlington, VT","50","Vermont","007","Chittenden","44.5283900009431","-72.86884"
"06/25/2025","AQS","500070007","3","6.6","ug/m3 LC","37","PROCTOR MAPLE RESEARCH CTR","1","100.0000","88101","PM2.5 - Local Conditions","636","Teledyne T640 at 5.0 LPM w/Network Data Alignment enabled","15540","Burlington-South Burlington, VT","50","Vermont","007","Chittenden","44.5283900009431","-72.86884"
"06/26/2025","AQS","500070007","3","4.3","ug/m3 LC","24","PROCTOR MAPLE RESEARCH CTR","1","100.0000","88101","PM2.5 - Local Conditions","636","Teledyne T640 at 5.0 LPM w/Network Data Alignment enabled","15540","Burlington-South Burlington, VT","50","Vermont","007","Chittenden","44.5283900009431","-72.86884"
"06/27/2025","AQS","500070007","3","4.4","ug/m3 LC","24","PROCTOR MAPLE RESEARCH CTR","1","100.0000","88101","PM2.5 - Local Conditions","636","Teledyne T640 at 5.0 LPM w/Network Data Alignment enabled","15540","Burlington-South Burlington, VT","50","Vermont","007","Chittenden","44.5283900009431","-72.86884"
"06/28/2025","AQS","500070007","3","4.4","ug/m3 LC","24","PROCTOR MAPLE RESEARCH CTR","1","100.0000","88101","PM2.5 - Local Conditions","636","Teledyne T640 at 5.0 LPM w/Network Data Alignment enabled","15540","Burlington-South Burlington, VT","50","Vermont","007","Chittenden","44.5283900009431","-72.86884"
"06/29/2025","AQS","500070007","3","2.7","ug/m3 LC","15","PROCTOR MAPLE RESEARCH CTR","1","100.0000","88101","PM2.5 - Local Conditions","636","Teledyne T640 at 5.0 LPM w/Network Data Alignment enabled","15540","Burlington-South Burlington, VT","50","Vermont","007","Chittenden","44.5283900009431","-72.86884"
"06/30/2025","AQS","500070007","3","4.1","ug/m3 LC","23","PROCTOR MAPLE RESEARCH CTR","1","100.0000","88101","PM2.5 - Local Conditions","636","Teledyne T640 at 5.0 LPM w/Network Data Alignment enabled","15540","Burlington-South Burlington, VT","50","Vermont","007","Chittenden","44.5283900009431","-72.86884"
"07/01/2025","AQS","500070007","3","5","ug/m3 LC","28","PROCTOR MAPLE RESEARCH CTR","1","100.0000","88101","PM2.5 - Local Conditions","636","Teledyne T640 at 5.0 LPM w/Network Data Alignment enabled","15540","Burlington-South Burlington, VT","50","Vermont","007","Chittenden","44.5283900009431","-72.86884"
"07/02/2025","AQS","500070007","3","10.5","ug/m3 LC","54","PROCTOR MAPLE RESEARCH CTR","1","100.0000","88101","PM2.5 - Local Conditions","636","Teledyne T640 at 5.0 LPM w/Network Data Alignment enabled","15540","Burlington-South Burlington, VT","50","Vermont","007","Chittenden","44.5283900009431","-72.86884"
"07/03/2025","AQS","500070007","3","12.4","ug/m3 LC","57","PROCTOR MAPLE RESEARCH CTR","1","100.0000","88101","PM2.5 - Local Conditions","636","Teledyne T640 at 5.0 LPM w/Network Data Alignment enabled","15540","Burlington-South Burlington, VT","50","Vermont","007","Chittenden","44.5283900009431","-72.86884"
"07/04/2025","AQS","500070007","3","3.5","ug/m3 LC","19","PROCTOR MAPLE RESEARCH CTR","1","100.0000","88101","PM2.5 - Local Conditions","636","Teledyne T640 at 5.0 LPM w/Network Data Alignment enabled","15540","Burlington-South Burlington, VT","50","Vermont","007","Chittenden","44.5283900009431","-72.86884"
"07/05/2025","AQS","500070007","3","3.8","ug/m3 LC","21","PROCTOR MAPLE RESEARCH CTR","1","100.0000","88101","PM2.5 - Local Conditions","636","Teledyne T640 at 5.0 LPM w/Network Data Alignment enabled","15540","Burlington-South Burlington, VT","50","Vermont","007","Chittenden","44.5283900009431","-72.86884"
"07/06/2025","AQS","500070007","3","8.9","ug/m3 LC","49","PROCTOR MAPLE RESEARCH CTR","1","100.0000","88101","PM2.5 - Local Conditions","636","Teledyne T640 at 5.0 LPM w/Network Data Alignment enabled","15540","Burlington-South Burlington, VT","50","Vermont","007","Chittenden","44.5283900009431","-72.86884"
"07/07/2025","AQS","500070007","3","7.8","ug/m3 LC","43","PROCTOR MAPLE RESEARCH CTR","1","100.0000","88101","PM2.5 - Local Conditions","636","Teledyne T640 at 5.0 LPM w/Network Data Alignment enabled","15540","Burlington-South Burlington, VT","50","Vermont","007","Chittenden","44.5283900009431","-72.86884"
"07/08/2025","AQS","500070007","3","2.8","ug/m3 LC","16","PROCTOR MAPLE RESEARCH CTR","1","100.0000","88101","PM2.5 - Local Conditions","636","Teledyne T640 at 5.0 LPM w/Network Data Alignment enabled","15540","Burlington-South Burlington, VT","50","Vermont","007","Chittenden","44.5283900009431","-72.86884"
"07/09/2025","AQS","500070007","3","6.1","ug/m3 LC","34","PROCTOR MAPLE RESEARCH CTR","1","100.0000","88101","PM2.5 - Local Conditions","636","Teledyne T640 at 5.0 LPM w/Network Data Alignment enabled","15540","Burlington-South Burlington, VT","50","Vermont","007","Chittenden","44.5283900009431","-72.86884"
"07/10/2025","AQS","500070007","3","4.3","ug/m3 LC","24","PROCTOR MAPLE RESEARCH CTR","1","100.0000","88101","PM2.5 - Local Conditions","636","Teledyne T640 at 5.0 LPM w/Network Data Alignment enabled","15540","Burlington-South Burlington, VT","50","Vermont","007","Chittenden","44.5283900009431","-72.86884"
"07/11/2025","AQS","500070007","3","6.4","ug/m3 LC","36","PROCTOR MAPLE RESEARCH CTR","1","100.0000","88101","PM2.5 - Local Conditions","636","Teledyne T640 at 5.0 LPM w/Network Data Alignment enabled","15540","Burlington-South Burlington, VT","50","Vermont","007","Chittenden","44.5283900009431","-72.86884"
"07/12/2025","AQS","500070007","3","7.1","ug/m3 LC","39","PROCTOR MAPLE RESEARCH CTR","1","100.0000","88101","PM2.5 - Local Conditions","636","Teledyne T640 at 5.0 LPM w/Network Data Alignment enabled","15540","Burlington-South Burlington, VT","50","Vermont","007","Chittenden","44.5283900009431","-72.86884"
"07/13/2025","AQS","500070007","3","5.8","ug/m3 LC","32","PROCTOR MAPLE RESEARCH CTR","1","100.0000","88101","PM2.5 - Local Conditions","636","Teledyne T640 at 5.0 LPM w/Network Data Alignment enabled","15540","Burlington-South Burlington, VT","50","Vermont","007","Chittenden","44.5283900009431","-72.86884"
"07/14/2025","AQS","500070007","3","6.6","ug/m3 LC","37","PROCTOR MAPLE RESEARCH CTR","1","100.0000","88101","PM2.5 - Local Conditions","636","Teledyne T640 at 5.0 LPM w/Network Data Alignment enabled","15540","Burlington-South Burlington, VT","50","Vermont","007","Chittenden","44.5283900009431","-72.86884"
"07/15/2025","AQS","500070007","3","22","ug/m3 LC","75","PROCTOR MAPLE RESEARCH CTR","1","100.0000","88101","PM2.5 - Local Conditions","636","Teledyne T640 at 5.0 LPM w/Network Data Alignment enabled","15540","Burlington-South Burlington, VT","50","Vermont","007","Chittenden","44.5283900009431","-72.86884"
"07/16/2025","AQS","500070007","3","18.8","ug/m3 LC","69","PROCTOR MAPLE RESEARCH CTR","1","100.0000","88101","PM2.5 - Local Conditions","636","Teledyne T640 at 5.0 LPM w/Network Data Alignment enabled","15540","Burlington-South Burlington, VT","50","Vermont","007","Chittenden","44.5283900009431","-72.86884"
"07/17/2025","AQS","500070007","3","4.3","ug/m3 LC","24","PROCTOR MAPLE RESEARCH CTR","1","100.0000","88101","PM2.5 - Local Conditions","636","Teledyne T640 at 5.0 LPM w/Network Data Alignment enabled","15540","Burlington-South Burlington, VT","50","Vermont","007","Chittenden","44.5283900009431","-72.86884"
"07/18/2025","AQS","500070007","3","2.7","ug/m3 LC","15","PROCTOR MAPLE RESEARCH CTR","1","100.0000","88101","PM2.5 - Local Conditions","636","Teledyne T640 at 5.0 LPM w/Network Data Alignment enabled","15540","Burlington-South Burlington, VT","50","Vermont","007","Chittenden","44.5283900009431","-72.86884"
"07/19/2025","AQS","500070007","3","5.7","ug/m3 LC","32","PROCTOR MAPLE RESEARCH CTR","1","100.0000","88101","PM2.5 - Local Conditions","636","Teledyne T640 at 5.0 LPM w/Network Data Alignment enabled","15540","Burlington-South Burlington, VT","50","Vermont","007","Chittenden","44.5283900009431","-72.86884"
"07/20/2025","AQS","500070007","3","4.2","ug/m3 LC","23","PROCTOR MAPLE RESEARCH CTR","1","100.0000","88101","PM2.5 - Local Conditions","636","Teledyne T640 at 5.0 LPM w/Network Data Alignment enabled","15540","Burlington-South Burlington, VT","50","Vermont","007","Chittenden","44.5283900009431","-72.86884"
"07/21/2025","AQS","500070007","3","4.6","ug/m3 LC","26","PROCTOR MAPLE RESEARCH CTR","1","100.0000","88101","PM2.5 - Local Conditions","636","Teledyne T640 at 5.0 LPM w/Network Data Alignment enabled","15540","Burlington-South Burlington, VT","50","Vermont","007","Chittenden","44.5283900009431","-72.86884"
"07/22/2025","AQS","500070007","3","2.5","ug/m3 LC","14","PROCTOR MAPLE RESEARCH CTR","1","100.0000","88101","PM2.5 - Local Conditions","636","Teledyne T640 at 5.0 LPM w/Network Data Alignment enabled","15540","Burlington-South Burlington, VT","50","Vermont","007","Chittenden","44.5283900009431","-72.86884"
"07/23/2025","AQS","500070007","3","3.2","ug/m3 LC","18","PROCTOR MAPLE RESEARCH CTR","1","100.0000","88101","PM2.5 - Local Conditions","636","Teledyne T640 at 5.0 LPM w/Network Data Alignment enabled","15540","Burlington-South Burlington, VT","50","Vermont","007","Chittenden","44.5283900009431","-72.86884"
"07/24/2025","AQS","500070007","3","9","ug/m3 LC","50","PROCTOR MAPLE RESEARCH CTR","1","100.0000","88101","PM2.5 - Local Conditions","636","Teledyne T640 at 5.0 LPM w/Network Data Alignment enabled","15540","Burlington-South Burlington, VT","50","Vermont","007","Chittenden","44.5283900009431","-72.86884"
"07/25/2025","AQS","500070007","3","20.9","ug/m3 LC","73","PROCTOR MAPLE RESEARCH CTR","1","100.0000","88101","PM2.5 - Local Conditions","636","Teledyne T640 at 5.0 LPM w/Network Data Alignment enabled","15540","Burlington-South Burlington, VT","50","Vermont","007","Chittenden","44.5283900009431","-72.86884"
"07/26/2025","AQS","500070007","3","63.3","ug/m3 LC","156","PROCTOR MAPLE RESEARCH CTR","1","100.0000","88101","PM2.5 - Local Conditions","636","Teledyne T640 at 5.0 LPM w/Network Data Alignment enabled","15540","Burlington-South Burlington, VT","50","Vermont","007","Chittenden","44.5283900009431","-72.86884"
"07/27/2025","AQS","500070007","3","19","ug/m3 LC","69","PROCTOR MAPLE RESEARCH CTR","1","100.0000","88101","PM2.5 - Local Conditions","636","Teledyne T640 at 5.0 LPM w/Network Data Alignment enabled","15540","Burlington-South Burlington, VT","50","Vermont","007","Chittenden","44.5283900009431","-72.86884"
"07/28/2025","AQS","500070007","3","13.2","ug/m3 LC","59","PROCTOR MAPLE RESEARCH CTR","1","100.0000","88101","PM2.5 - Local Conditions","636","Teledyne T640 at 5.0 LPM w/Network Data Alignment enabled","15540","Burlington-South Burlington, VT","50","Vermont","007","Chittenden","44.5283900009431","-72.86884"
"07/29/2025","AQS","500070007","3","8.5","ug/m3 LC","47","PROCTOR MAPLE RESEARCH CTR","1","100.0000","88101","PM2.5 - Local Conditions","636","Teledyne T640 at 5.0 LPM w/Network Data Alignment enabled","15540","Burlington-South Burlington, VT","50","Vermont","007","Chittenden","44.5283900009431","-72.86884"
"07/30/2025","AQS","500070007","3","16.4","ug/m3 LC","65","PROCTOR MAPLE RESEARCH CTR","1","100.0000","88101","PM2.5 - Local Conditions","636","Teledyne T640 at 5.0 LPM w/Network Data Alignment enabled","15540","Burlington-South Burlington, VT","50","Vermont","007","Chittenden","44.5283900009431","-72.86884"
"07/31/2025","AQS","500070007","3","16.1","ug/m3 LC","64","PROCTOR MAPLE RESEARCH CTR","1","100.0000","88101","PM2.5 - Local Conditions","636","Teledyne T640 at 5.0 LPM w/Network Data Alignment enabled","15540","Burlington-South Burlington, VT","50","Vermont","007","Chittenden","44.5283900009431","-72.86884"
"08/01/2025","AQS","500070007","3","3.1","ug/m3 LC","17","PROCTOR MAPLE RESEARCH CTR","1","100.0000","88101","PM2.5 - Local Conditions","636","Teledyne T640 at 5.0 LPM w/Network Data Alignment enabled","15540","Burlington-South Burlington, VT","50","Vermont","007","Chittenden","44.5283900009431","-72.86884"
"08/02/2025","AQS","500070007","3","14.2","ug/m3 LC","61","PROCTOR MAPLE RESEARCH CTR","1","100.0000","88101","PM2.5 - Local Conditions","636","Teledyne T640 at 5.0 LPM w/Network Data Alignment enabled","15540","Burlington-South Burlington, VT","50","Vermont","007","Chittenden","44.5283900009431","-72.86884"
"08/03/2025","AQS","500070007","3","32.9","ug/m3 LC","95","PROCTOR MAPLE RESEARCH CTR","1","100.0000","88101","PM2.5 - Local Conditions","636","Teledyne T640 at 5.0 LPM w/Network Data Alignment enabled","15540","Burlington-South Burlington, VT","50","Vermont","007","Chittenden","44.5283900009431","-72.86884"
"08/04/2025","AQS","500070007","3","46.8","ug/m3 LC","129","PROCTOR MAPLE RESEARCH CTR","1","100.0000","88101","PM2.5 - Local Conditions","636","Teledyne T640 at 5.0 LPM w/Network Data Alignment enabled","15540","Burlington-South Burlington, VT","50","Vermont","007","Chittenden","44.5283900009431","-72.86884"
"08/05/2025","AQS","500070007","3","28.2","ug/m3 LC","87","PROCTOR MAPLE RESEARCH CTR","1","100.0000","88101","PM2.5 - Local Conditions","636","Teledyne T640 at 5.0 LPM w/Network Data Alignment enabled","15540","Burlington-South Burlington, VT","50","Vermont","007","Chittenden","44.5283900009431","-72.86884"
"08/06/2025","AQS","500070007","3","20.6","ug/m3 LC","72","PROCTOR MAPLE RESEARCH CTR","1","100.0000","88101","PM2.5 - Local Conditions","636","Teledyne T640 at 5.0 LPM w/Network Data Alignment enabled","15540","Burlington-South Burlington, VT","50","Vermont","007","Chittenden","44.5283900009431","-72.86884"
"08/07/2025","AQS","500070007","3","27.8","ug/m3 LC","86","PROCTOR MAPLE RESEARCH CTR","1","100.0000","88101","PM2.5 - Local Conditions","636","Teledyne T640 at 5.0 LPM w/Network Data Alignment enabled","15540","Burlington-South Burlington, VT","50","Vermont","007","Chittenden","44.5283900009431","-72.86884"
"08/08/2025","AQS","500070007","3","26.2","ug/m3 LC","83","PROCTOR MAPLE RESEARCH CTR","1","100.0000","88101","PM2.5 - Local Conditions","636","Teledyne T640 at 5.0 LPM w/Network Data Alignment enabled","15540","Burlington-South Burlington, VT","50","Vermont","007","Chittenden","44.5283900009431","-72.86884"
"08/09/2025","AQS","500070007","3","16.1","ug/m3 LC","64","PROCTOR MAPLE RESEARCH CTR","1","100.0000","88101","PM2.5 - Local Conditions","636","Teledyne T640 at 5.0 LPM w/Network Data Alignment enabled","15540","Burlington-South Burlington, VT","50","Vermont","007","Chittenden","44.5283900009431","-72.86884"
"08/10/2025","AQS","500070007","3","13","ug/m3 LC","58","PROCTOR MAPLE RESEARCH CTR","1","100.0000","88101","PM2.5 - Local Conditions","636","Teledyne T640 at 5.0 LPM w/Network Data Alignment enabled","15540","Burlington-South Burlington, VT","50","Vermont","007","Chittenden","44.5283900009431","-72.86884"
"08/11/2025","AQS","500070007","3","10.1","ug/m3 LC","53","PROCTOR MAPLE RESEARCH CTR","1","100.0000","88101","PM2.5 - Local Conditions","636","Teledyne T640 at 5.0 LPM w/Network Data Alignment enabled","15540","Burlington-South Burlington, VT","50","Vermont","007","Chittenden","44.5283900009431","-72.86884"
"08/12/2025","AQS","500070007","3","10.6","ug/m3 LC","54","PROCTOR MAPLE RESEARCH CTR","1","100.0000","88101","PM2.5 - Local Conditions","636","Teledyne T640 at 5.0 LPM w/Network Data Alignment enabled","15540","Burlington-South Burlington, VT","50","Vermont","007","Chittenden","44.5283900009431","-72.86884"
"08/13/2025","AQS","500070007","3","7.6","ug/m3 LC","42","PROCTOR MAPLE RESEARCH CTR","1","100.0000","88101","PM2.5 - Local Conditions","636","Teledyne T640 at 5.0 LPM w/Network Data Alignment enabled","15540","Burlington-South Burlington, VT","50","Vermont","007","Chittenden","44.5283900009431","-72.86884"
"08/14/2025","AQS","500070007","3","9.5","ug/m3 LC","52","PROCTOR MAPLE RESEARCH CTR","1","100.0000","88101","PM2.5 - Local Conditions","636","Teledyne T640 at 5.0 LPM w/Network Data Alignment enabled","15540","Burlington-South Burlington, VT","50","Vermont","007","Chittenden","44.5283900009431","-72.86884"
"08/15/2025","AQS","500070007","3","3.5","ug/m3 LC","19","PROCTOR MAPLE RESEARCH CTR","1","100.0000","88101","PM2.5 - Local Conditions","636","Teledyne T640 at 5.0 LPM w/Network Data Alignment enabled","15540","Burlington-South Burlington, VT","50","Vermont","007","Chittenden","44.5283900009431","-72.86884"
"08/16/2025","AQS","500070007","3","6.8","ug/m3 LC","38","PROCTOR MAPLE RESEARCH CTR","1","100.0000","88101","PM2.5 - Local Conditions","636","Teledyne T640 at 5.0 LPM w/Network Data Alignment enabled","15540","Burlington-South Burlington, VT","50","Vermont","007","Chittenden","44.5283900009431","-72.86884"
"08/17/2025","AQS","500070007","3","7.5","ug/m3 LC","42","PROCTOR MAPLE RESEARCH CTR","1","100.0000","88101","PM2.5 - Local Conditions","636","Teledyne T640 at 5.0 LPM w/Network Data Alignment enabled","15540","Burlington-South Burlington, VT","50","Vermont","007","Chittenden","44.5283900009431","-72.86884"
"08/18/2025","AQS","500070007","3","1.9","ug/m3 LC","11","PROCTOR MAPLE RESEARCH CTR","1","100.0000","88101","PM2.5 - Local Conditions","636","Teledyne T640 at 5.0 LPM w/Network Data Alignment enabled","15540","Burlington-South Burlington, VT","50","Vermont","007","Chittenden","44.5283900009431","-72.86884"
"08/19/2025","AQS","500070007","3","2.6","ug/m3 LC","14","PROCTOR MAPLE RESEARCH CTR","1","100.0000","88101","PM2.5 - Local Conditions","636","Teledyne T640 at 5.0 LPM w/Network Data Alignment enabled","15540","Burlington-South Burlington, VT","50","Vermont","007","Chittenden","44.5283900009431","-72.86884"
"08/20/2025","AQS","500070007","3","2.9","ug/m3 LC","16","PROCTOR MAPLE RESEARCH CTR","1","100.0000","88101","PM2.5 - Local Conditions","636","Teledyne T640 at 5.0 LPM w/Network Data Alignment enabled","15540","Burlington-South Burlington, VT","50","Vermont","007","Chittenden","44.5283900009431","-72.86884"
"08/21/2025","AQS","500070007","3","3.3","ug/m3 LC","18","PROCTOR MAPLE RESEARCH CTR","1","100.0000","88101","PM2.5 - Local Conditions","636","Teledyne T640 at 5.0 LPM w/Network Data Alignment enabled","15540","Burlington-South Burlington, VT","50","Vermont","007","Chittenden","44.5283900009431","-72.86884"
"08/22/2025","AQS","500070007","3","4.3","ug/m3 LC","24","PROCTOR MAPLE RESEARCH CTR","1","100.0000","88101","PM2.5 - Local Conditions","636","Teledyne T640 at 5.0 LPM w/Network Data Alignment enabled","15540","Burlington-South Burlington, VT","50","Vermont","007","Chittenden","44.5283900009431","-72.86884"
"08/23/2025","AQS","500070007","3","4.3","ug/m3 LC","24","PROCTOR MAPLE RESEARCH CTR","1","100.0000","88101","PM2.5 - Local Conditions","636","Teledyne T640 at 5.0 LPM w/Network Data Alignment enabled","15540","Burlington-South Burlington, VT","50","Vermont","007","Chittenden","44.5283900009431","-72.86884"
"08/24/2025","AQS","500070007","3","4.8","ug/m3 LC","27","PROCTOR MAPLE RESEARCH CTR","1","100.0000","88101","PM2.5 - Local Conditions","636","Teledyne T640 at 5.0 LPM w/Network Data Alignment enabled","15540","Burlington-South Burlington, VT","50","Vermont","007","Chittenden","44.5283900009431","-72.86884"
"08/25/2025","AQS","500070007","3","3","ug/m3 LC","17","PROCTOR MAPLE RESEARCH CTR","1","100.0000","88101","PM2.5 - Local Conditions","636","Teledyne T640 at 5.0 LPM w/Network Data Alignment enabled","15540","Burlington-South Burlington, VT","50","Vermont","007","Chittenden","44.5283900009431","-72.86884"
"08/26/2025","AQS","500070007","3","1.8","ug/m3 LC","10","PROCTOR MAPLE RESEARCH CTR","1","100.0000","88101","PM2.5 - Local Conditions","636","Teledyne T640 at 5.0 LPM w/Network Data Alignment enabled","15540","Burlington-South Burlington, VT","50","Vermont","007","Chittenden","44.5283900009431","-72.86884"
"08/27/2025","AQS","500070007","3","2.6","ug/m3 LC","14","PROCTOR MAPLE RESEARCH CTR","1","100.0000","88101","PM2.5 - Local Conditions","636","Teledyne T640 at 5.0 LPM w/Network Data Alignment enabled","15540","Burlington-South Burlington, VT","50","Vermont","007","Chittenden","44.5283900009431","-72.86884"
"08/28/2025","AQS","500070007","3","3.3","ug/m3 LC","18","PROCTOR MAPLE RESEARCH CTR","1","100.0000","88101","PM2.5 - Local Conditions","636","Teledyne T640 at 5.0 LPM w/Network Data Alignment enabled","15540","Burlington-South Burlington, VT","50","Vermont","007","Chittenden","44.5283900009431","-72.86884"
"08/29/2025","AQS","500070007","3","2.4","ug/m3 LC","13","PROCTOR MAPLE RESEARCH CTR","1","100.0000","88101","PM2.5 - Local Conditions","636","Teledyne T640 at 5.0 LPM w/Network Data Alignment enabled","15540","Burlington-South Burlington, VT","50","Vermont","007","Chittenden","44.5283900009431","-72.86884"
"08/30/2025","AQS","500070007","3","2.9","ug/m3 LC","16","PROCTOR MAPLE RESEARCH CTR","1","100.0000","88101","PM2.5 - Local Conditions","636","Teledyne T640 at 5.0 LPM w/Network Data Alignment enabled","15540","Burlington-South Burlington, VT","50","Vermont","007","Chittenden","44.5283900009431","-72.86884"
"08/31/2025","AQS","500070007","3","3.5","ug/m3 LC","19","PROCTOR MAPLE RESEARCH CTR","1","100.0000","88101","PM2.5 - Local Conditions","636","Teledyne T640 at 5.0 LPM w/Network Data Alignment enabled","15540","Burlington-South Burlington, VT","50","Vermont","007","Chittenden","44.5283900009431","-72.86884"
"09/01/2025","AQS","500070007","3","3.9","ug/m3 LC","22","PROCTOR MAPLE RESEARCH CTR","1","100.0000","88101","PM2.5 - Local Conditions","636","Teledyne T640 at 5.0 LPM w/Network Data Alignment enabled","15540","Burlington-South Burlington, VT","50","Vermont","007","Chittenden","44.5283900009431","-72.86884"
"09/02/2025","AQS","500070007","3","4.1","ug/m3 LC","23","PROCTOR MAPLE RESEARCH CTR","1","100.0000","88101","PM2.5 - Local Conditions","636","Teledyne T640 at 5.0 LPM w/Network Data Alignment enabled","15540","Burlington-South Burlington, VT","50","Vermont","007","Chittenden","44.5283900009431","-72.86884"
"09/03/2025","AQS","500070007","3","3.8","ug/m3 LC","21","PROCTOR MAPLE RESEARCH CTR","1","100.0000","88101","PM2.5 - Local Conditions","636","Teledyne T640 at 5.0 LPM w/Network Data Alignment enabled","15540","Burlington-South Burlington, VT","50","Vermont","007","Chittenden","44.5283900009431","-72.86884"
"09/04/2025","AQS","500070007","3","4.7","ug/m3 LC","26","PROCTOR MAPLE RESEARCH CTR","1","100.0000","88101","PM2.5 - Local Conditions","636","Teledyne T640 at 5.0 LPM w/Network Data Alignment enabled","15540","Burlington-South Burlington, VT","50","Vermont","007","Chittenden","44.5283900009431","-72.86884"
"09/05/2025","AQS","500070007","3","4.9","ug/m3 LC","27","PROCTOR MAPLE RESEARCH CTR","1","100.0000","88101","PM2.5 - Local Conditions","636","Teledyne T640 at 5.0 LPM w/Network Data Alignment enabled","15540","Burlington-South Burlington, VT","50","Vermont","007","Chittenden","44.5283900009431","-72.86884"
"09/06/2025","AQS","500070007","3","5.7","ug/m3 LC","32","PROCTOR MAPLE RESEARCH CTR","1","100.0000","88101","PM2.5 - Local Conditions","636","Teledyne T640 at 5.0 LPM w/Network Data Alignment enabled","15540","Burlington-South Burlington, VT","50","Vermont","007","Chittenden","44.5283900009431","-72.86884"
"09/07/2025","AQS","500070007","3","4.5","ug/m3 LC","25","PROCTOR MAPLE RESEARCH CTR","1","100.0000","88101","PM2.5 - Local Conditions","636","Teledyne T640 at 5.0 LPM w/Network Data Alignment enabled","15540","Burlington-South Burlington, VT","50","Vermont","007","Chittenden","44.5283900009431","-72.86884"
"09/08/2025","AQS","500070007","3","2.2","ug/m3 LC","12","PROCTOR MAPLE RESEARCH CTR","1","100.0000","88101","PM2.5 - Local Conditions","636","Teledyne T640 at 5.0 LPM w/Network Data Alignment enabled","15540","Burlington-South Burlington, VT","50","Vermont","007","Chittenden","44.5283900009431","-72.86884"
"09/09/2025","AQS","500070007","3","2.3","ug/m3 LC","13","PROCTOR MAPLE RESEARCH CTR","1","100.0000","88101","PM2.5 - Local Conditions","636","Teledyne T640 at 5.0 LPM w/Network Data Alignment enabled","15540","Burlington-South Burlington, VT","50","Vermont","007","Chittenden","44.5283900009431","-72.86884"
"09/10/2025","AQS","500070007","3","3","ug/m3 LC","17","PROCTOR MAPLE RESEARCH CTR","1","100.0000","88101","PM2.5 - Local Conditions","636","Teledyne T640 at 5.0 LPM w/Network Data Alignment enabled","15540","Burlington-South Burlington, VT","50","Vermont","007","Chittenden","44.5283900009431","-72.86884"
"09/11/2025","AQS","500070007","3","4.8","ug/m3 LC","27","PROCTOR MAPLE RESEARCH CTR","1","100.0000","88101","PM2.5 - Local Conditions","636","Teledyne T640 at 5.0 LPM w/Network Data Alignment enabled","15540","Burlington-South Burlington, VT","50","Vermont","007","Chittenden","44.5283900009431","-72.86884"
"09/12/2025","AQS","500070007","3","4.1","ug/m3 LC","23","PROCTOR MAPLE RESEARCH CTR","1","100.0000","88101","PM2.5 - Local Conditions","636","Teledyne T640 at 5.0 LPM w/Network Data Alignment enabled","15540","Burlington-South Burlington, VT","50","Vermont","007","Chittenden","44.5283900009431","-72.86884"
"09/13/2025","AQS","500070007","3","4.6","ug/m3 LC","26","PROCTOR MAPLE RESEARCH CTR","1","100.0000","88101","PM2.5 - Local Conditions","636","Teledyne T640 at 5.0 LPM w/Network Data Alignment enabled","15540","Burlington-South Burlington, VT","50","Vermont","007","Chittenden","44.5283900009431","-72.86884"
"09/14/2025","AQS","500070007","3","7","ug/m3 LC","39","PROCTOR MAPLE RESEARCH CTR","1","100.0000","88101","PM2.5 - Local Conditions","636","Teledyne T640 at 5.0 LPM w/Network Data Alignment enabled","15540","Burlington-South Burlington, VT","50","Vermont","007","Chittenden","44.5283900009431","-72.86884"
"09/15/2025","AQS","500070007","3","5","ug/m3 LC","28","PROCTOR MAPLE RESEARCH CTR","1","100.0000","88101","PM2.5 - Local Conditions","636","Teledyne T640 at 5.0 LPM w/Network Data Alignment enabled","15540","Burlington-South Burlington, VT","50","Vermont","007","Chittenden","44.5283900009431","-72.86884"
"09/16/2025","AQS","500070007","3","4.4","ug/m3 LC","24","PROCTOR MAPLE RESEARCH CTR","1","100.0000","88101","PM2.5 - Local Conditions","636","Teledyne T640 at 5.0 LPM w/Network Data Alignment enabled","15540","Burlington-South Burlington, VT","50","Vermont","007","Chittenden","44.5283900009431","-72.86884"
"09/17/2025","AQS","500070007","3","3.6","ug/m3 LC","20","PROCTOR MAPLE RESEARCH CTR","1","100.0000","88101","PM2.5 - Local Conditions","636","Teledyne T640 at 5.0 LPM w/Network Data Alignment enabled","15540","Burlington-South Burlington, VT","50","Vermont","007","Chittenden","44.5283900009431","-72.86884"
"09/18/2025","AQS","500070007","3","4.9","ug/m3 LC","27","PROCTOR MAPLE RESEARCH CTR","1","100.0000","88101","PM2.5 - Local Conditions","636","Teledyne T640 at 5.0 LPM w/Network Data Alignment enabled","15540","Burlington-South Burlington, VT","50","Vermont","007","Chittenden","44.5283900009431","-72.86884"
"09/19/2025","AQS","500070007","3","2.5","ug/m3 LC","14","PROCTOR MAPLE RESEARCH CTR","1","100.0000","88101","PM2.5 - Local Conditions","636","Teledyne T640 at 5.0 LPM w/Network Data Alignment enabled","15540","Burlington-South Burlington, VT","50","Vermont","007","Chittenden","44.5283900009431","-72.86884"
"09/20/2025","AQS","500070007","3","2.3","ug/m3 LC","13","PROCTOR MAPLE RESEARCH CTR","1","100.0000","88101","PM2.5 - Local Conditions","636","Teledyne T640 at 5.0 LPM w/Network Data Alignment enabled","15540","Burlington-South Burlington, VT","50","Vermont","007","Chittenden","44.5283900009431","-72.86884"
"09/21/2025","AQS","500070007","3","2.3","ug/m3 LC","13","PROCTOR MAPLE RESEARCH CTR","1","100.0000","88101","PM2.5 - Local Conditions","636","Teledyne T640 at 5.0 LPM w/Network Data Alignment enabled","15540","Burlington-South Burlington, VT","50","Vermont","007","Chittenden","44.5283900009431","-72.86884"
"09/22/2025","AQS","500070007","3","3.8","ug/m3 LC","21","PROCTOR MAPLE RESEARCH CTR","1","100.0000","88101","PM2.5 - Local Conditions","636","Teledyne T640 at 5.0 LPM w/Network Data Alignment enabled","15540","Burlington-South Burlington, VT","50","Vermont","007","Chittenden","44.5283900009431","-72.86884"
"09/23/2025","AQS","500070007","3","4.9","ug/m3 LC","27","PROCTOR MAPLE RESEARCH CTR","1","100.0000","88101","PM2.5 - Local Conditions","636","Teledyne T640 at 5.0 LPM w/Network Data Alignment enabled","15540","Burlington-South Burlington, VT","50","Vermont","007","Chittenden","44.5283900009431","-72.86884"
"09/24/2025","AQS","500070007","3","3.7","ug/m3 LC","21","PROCTOR MAPLE RESEARCH CTR","1","100.0000","88101","PM2.5 - Local Conditions","636","Teledyne T640 at 5.0 LPM w/Network Data Alignment enabled","15540","Burlington-South Burlington, VT","50","Vermont","007","Chittenden","44.5283900009431","-72.86884"
"09/25/2025","AQS","500070007","3","0.7","ug/m3 LC","4","PROCTOR MAPLE RESEARCH CTR","1","100.0000","88101","PM2.5 - Local Conditions","636","Teledyne T640 at 5.0 LPM w/Network Data Alignment enabled","15540","Burlington-South Burlington, VT","50","Vermont","007","Chittenden","44.5283900009431","-72.86884"
"09/26/2025","AQS","500070007","3","3.7","ug/m3 LC","21","PROCTOR MAPLE RESEARCH CTR","1","100.0000","88101","PM2.5 - Local Conditions","636","Teledyne T640 at 5.0 LPM w/Network Data Alignment enabled","15540","Burlington-South Burlington, VT","50","Vermont","007","Chittenden","44.5283900009431","-72.86884"
"09/27/2025","AQS","500070007","3","5.4","ug/m3 LC","30","PROCTOR MAPLE RESEARCH CTR","1","100.0000","88101","PM2.5 - Local Conditions","636","Teledyne T640 at 5.0 LPM w/Network Data Alignment enabled","15540","Burlington-South Burlington, VT","50","Vermont","007","Chittenden","44.5283900009431","-72.86884"
"09/28/2025","AQS","500070007","3","5.8","ug/m3 LC","32","PROCTOR MAPLE RESEARCH CTR","1","100.0000","88101","PM2.5 - Local Conditions","636","Teledyne T640 at 5.0 LPM w/Network Data Alignment enabled","15540","Burlington-South Burlington, VT","50","Vermont","007","Chittenden","44.5283900009431","-72.86884"
"09/29/2025","AQS","500070007","3","4.6","ug/m3 LC","26","PROCTOR MAPLE RESEARCH CTR","1","100.0000","88101","PM2.5 - Local Conditions","636","Teledyne T640 at 5.0 LPM w/Network Data Alignment enabled","15540","Burlington-South Burlington, VT","50","Vermont","007","Chittenden","44.5283900009431","-72.86884"
"09/30/2025","AQS","500070007","3","4.2","ug/m3 LC","23","PROCTOR MAPLE RESEARCH CTR","1","100.0000","88101","PM2.5 - Local Conditions","636","Teledyne T640 at 5.0 LPM w/Network Data Alignment enabled","15540","Burlington-South Burlington, VT","50","Vermont","007","Chittenden","44.5283900009431","-72.86884"
"10/01/2025","AQS","500070007","3","2.4","ug/m3 LC","13","PROCTOR MAPLE RESEARCH CTR","1","100.0000","88101","PM2.5 - Local Conditions","636","Teledyne T640 at 5.0 LPM w/Network Data Alignment enabled","15540","Burlington-South Burlington, VT","50","Vermont","007","Chittenden","44.5283900009431","-72.86884"
"10/02/2025","AQS","500070007","3","2.4","ug/m3 LC","13","PROCTOR MAPLE RESEARCH CTR","1","100.0000","88101","PM2.5 - Local Conditions","636","Teledyne T640 at 5.0 LPM w/Network Data Alignment enabled","15540","Burlington-South Burlington, VT","50","Vermont","007","Chittenden","44.5283900009431","-72.86884"
"10/03/2025","AQS","500070007","3","2.9","ug/m3 LC","16","PROCTOR MAPLE RESEARCH CTR","1","100.0000","88101","PM2.5 - Local Conditions","636","Teledyne T640 at 5.0 LPM w/Network Data Alignment enabled","15540","Burlington-South Burlington, VT","50","Vermont","007","Chittenden","44.5283900009431","-72.86884"
"10/04/2025","AQS","500070007","3","5.5","ug/m3 LC","31","PROCTOR MAPLE RESEARCH CTR","1","100.0000","88101","PM2.5 - Local Conditions","636","Teledyne T640 at 5.0 LPM w/Network Data Alignment enabled","15540","Burlington-South Burlington, VT","50","Vermont","007","Chittenden","44.5283900009431","-72.86884"
"10/05/2025","AQS","500070007","3","8.8","ug/m3 LC","49","PROCTOR MAPLE RESEARCH CTR","1","100.0000","88101","PM2.5 - Local Conditions","636","Teledyne T640 at 5.0 LPM w/Network Data Alignment enabled","15540","Burlington-South Burlington, VT","50","Vermont","007","Chittenden","44.5283900009431","-72.86884"
"10/06/2025","AQS","500070007","3","6.1","ug/m3 LC","34","PROCTOR MAPLE RESEARCH CTR","1","100.0000","88101","PM2.5 - Local Conditions","636","Teledyne T640 at 5.0 LPM w/Network Data Alignment enabled","15540","Burlington-South Burlington, VT","50","Vermont","007","Chittenden","44.5283900009431","-72.86884"
"10/07/2025","AQS","500070007","3","4.8","ug/m3 LC","27","PROCTOR MAPLE RESEARCH CTR","1","100.0000","88101","PM2.5 - Local Conditions","636","Teledyne T640 at 5.0 LPM w/Network Data Alignment enabled","15540","Burlington-South Burlington, VT","50","Vermont","007","Chittenden","44.5283900009431","-72.86884"
"10/08/2025","AQS","500070007","3","2.1","ug/m3 LC","12","PROCTOR MAPLE RESEARCH CTR","1","100.0000","88101","PM2.5 - Local Conditions","636","Teledyne T640 at 5.0 LPM w/Network Data Alignment enabled","15540","Burlington-South Burlington, VT","50","Vermont","007","Chittenden","44.5283900009431","-72.86884"
"10/09/2025","AQS","500070007","3","1.6","ug/m3 LC","9","PROCTOR MAPLE RESEARCH CTR","1","100.0000","88101","PM2.5 - Local Conditions","636","Teledyne T640 at 5.0 LPM w/Network Data Alignment enabled","15540","Burlington-South Burlington, VT","50","Vermont","007","Chittenden","44.5283900009431","-72.86884"
"10/10/2025","AQS","500070007","3","1.2","ug/m3 LC","7","PROCTOR MAPLE RESEARCH CTR","1","100.0000","88101","PM2.5 - Local Conditions","636","Teledyne T640 at 5.0 LPM w/Network Data Alignment enabled","15540","Burlington-South Burlington, VT","50","Vermont","007","Chittenden","44.5283900009431","-72.86884"
"10/11/2025","AQS","500070007","3","2.8","ug/m3 LC","16","PROCTOR MAPLE RESEARCH CTR","1","100.0000","88101","PM2.5 - Local Conditions","636","Teledyne T640 at 5.0 LPM w/Network Data Alignment enabled","15540","Burlington-South Burlington, VT","50","Vermont","007","Chittenden","44.5283900009431","-72.86884"
"10/12/2025","AQS","500070007","3","3","ug/m3 LC","17","PROCTOR MAPLE RESEARCH CTR","1","100.0000","88101","PM2.5 - Local Conditions","636","Teledyne T640 at 5.0 LPM w/Network Data Alignment enabled","15540","Burlington-South Burlington, VT","50","Vermont","007","Chittenden","44.5283900009431","-72.86884"
"10/13/2025","AQS","500070007","3","2.5","ug/m3 LC","14","PROCTOR MAPLE RESEARCH CTR","1","100.0000","88101","PM2.5 - Local Conditions","636","Teledyne T640 at 5.0 LPM w/Network Data Alignment enabled","15540","Burlington-South Burlington, VT","50","Vermont","007","Chittenden","44.5283900009431","-72.86884"
"10/14/2025","AQS","500070007","3","2.2","ug/m3 LC","12","PROCTOR MAPLE RESEARCH CTR","1","100.0000","88101","PM2.5 - Local Conditions","636","Teledyne T640 at 5.0 LPM w/Network Data Alignment enabled","15540","Burlington-South Burlington, VT","50","Vermont","007","Chittenden","44.5283900009431","-72.86884"
"10/15/2025","AQS","500070007","3","2.2","ug/m3 LC","12","PROCTOR MAPLE RESEARCH CTR","1","100.0000","88101","PM2.5 - Local Conditions","636","Teledyne T640 at 5.0 LPM w/Network Data Alignment enabled","15540","Burlington-South Burlington, VT","50","Vermont","007","Chittenden","44.5283900009431","-72.86884"
"10/16/2025","AQS","500070007","3","1.7","ug/m3 LC","9","PROCTOR MAPLE RESEARCH CTR","1","100.0000","88101","PM2.5 - Local Conditions","636","Teledyne T640 at 5.0 LPM w/Network Data Alignment enabled","15540","Burlington-South Burlington, VT","50","Vermont","007","Chittenden","44.5283900009431","-72.86884"
"10/17/2025","AQS","500070007","3","2.2","ug/m3 LC","12","PROCTOR MAPLE RESEARCH CTR","1","100.0000","88101","PM2.5 - Local Conditions","636","Teledyne T640 at 5.0 LPM w/Network Data Alignment enabled","15540","Burlington-South Burlington, VT","50","Vermont","007","Chittenden","44.5283900009431","-72.86884"
"10/18/2025","AQS","500070007","3","2.4","ug/m3 LC","13","PROCTOR MAPLE RESEARCH CTR","1","100.0000","88101","PM2.5 - Local Conditions","636","Teledyne T640 at 5.0 LPM w/Network Data Alignment enabled","15540","Burlington-South Burlington, VT","50","Vermont","007","Chittenden","44.5283900009431","-72.86884"
"10/19/2025","AQS","500070007","3","3.9","ug/m3 LC","22","PROCTOR MAPLE RESEARCH CTR","1","100.0000","88101","PM2.5 - Local Conditions","636","Teledyne T640 at 5.0 LPM w/Network Data Alignment enabled","15540","Burlington-South Burlington, VT","50","Vermont","007","Chittenden","44.5283900009431","-72.86884"
"10/20/2025","AQS","500070007","3","1.7","ug/m3 LC","9","PROCTOR MAPLE RESEARCH CTR","1","100.0000","88101","PM2.5 - Local Conditions","636","Teledyne T640 at 5.0 LPM w/Network Data Alignment enabled","15540","Burlington-South Burlington, VT","50","Vermont","007","Chittenden","44.5283900009431","-72.86884"
"10/21/2025","AQS","500070007","3","1.6","ug/m3 LC","9","PROCTOR MAPLE RESEARCH CTR","1","100.0000","88101","PM2.5 - Local Conditions","636","Teledyne T640 at 5.0 LPM w/Network Data Alignment enabled","15540","Burlington-South Burlington, VT","50","Vermont","007","Chittenden","44.5283900009431","-72.86884"
"10/22/2025","AQS","500070007","3","2.4","ug/m3 LC","13","PROCTOR MAPLE RESEARCH CTR","1","100.0000","88101","PM2.5 - Local Conditions","636","Teledyne T640 at 5.0 LPM w/Network Data Alignment enabled","15540","Burlington-South Burlington, VT","50","Vermont","007","Chittenden","44.5283900009431","-72.86884"
"10/23/2025","AQS","500070007","3","2","ug/m3 LC","11","PROCTOR MAPLE RESEARCH CTR","1","100.0000","88101","PM2.5 - Local Conditions","636","Teledyne T640 at 5.0 LPM w/Network Data Alignment enabled","15540","Burlington-South Burlington, VT","50","Vermont","007","Chittenden","44.5283900009431","-72.86884"
"10/24/2025","AQS","500070007","3","2.3","ug/m3 LC","13","PROCTOR MAPLE RESEARCH CTR","1","100.0000","88101","PM2.5 - Local Conditions","636","Teledyne T640 at 5.0 LPM w/Network Data Alignment enabled","15540","Burlington-South Burlington, VT","50","Vermont","007","Chittenden","44.5283900009431","-72.86884"
"10/25/2025","AQS","500070007","3","2.2","ug/m3 LC","12","PROCTOR MAPLE RESEARCH CTR","1","100.0000","88101","PM2.5 - Local Conditions","636","Teledyne T640 at 5.0 LPM w/Network Data Alignment enabled","15540","Burlington-South Burlington, VT","50","Vermont","007","Chittenden","44.5283900009431","-72.86884"
"10/26/2025","AQS","500070007","3","3.4","ug/m3 LC","19","PROCTOR MAPLE RESEARCH CTR","1","100.0000","88101","PM2.5 - Local Conditions","636","Teledyne T640 at 5.0 LPM w/Network Data Alignment enabled","15540","Burlington-South Burlington, VT","50","Vermont","007","Chittenden","44.5283900009431","-72.86884"
"10/27/2025","AQS","500070007","3","3.7","ug/m3 LC","21","PROCTOR MAPLE RESEARCH CTR","1","100.0000","88101","PM2.5 - Local Conditions","636","Teledyne T640 at 5.0 LPM w/Network Data Alignment enabled","15540","Burlington-South Burlington, VT","50","Vermont","007","Chittenden","44.5283900009431","-72.86884"
"10/28/2025","AQS","500070007","3","2.5","ug/m3 LC","14","PROCTOR MAPLE RESEARCH CTR","1","100.0000","88101","PM2.5 - Local Conditions","636","Teledyne T640 at 5.0 LPM w/Network Data Alignment enabled","15540","Burlington-South Burlington, VT","50","Vermont","007","Chittenden","44.5283900009431","-72.86884"
"10/29/2025","AQS","500070007","3","2.5","ug/m3 LC","14","PROCTOR MAPLE RESEARCH CTR","1","100.0000","88101","PM2.5 - Local Conditions","636","Teledyne T640 at 5.0 LPM w/Network Data Alignment enabled","15540","Burlington-South Burlington, VT","50","Vermont","007","Chittenden","44.5283900009431","-72.86884"
"10/30/2025","AQS","500070007","3","1.9","ug/m3 LC","11","PROCTOR MAPLE RESEARCH CTR","1","100.0000","88101","PM2.5 - Local Conditions","636","Teledyne T640 at 5.0 LPM w/Network Data Alignment enabled","15540","Burlington-South Burlington, VT","50","Vermont","007","Chittenden","44.5283900009431","-72.86884"
"10/31/2025","AQS","500070007","3","0.3","ug/m3 LC","2","PROCTOR MAPLE RESEARCH CTR","1","100.0000","88101","PM2.5 - Local Conditions","636","Teledyne T640 at 5.0 LPM w/Network Data Alignment enabled","15540","Burlington-South Burlington, VT","50","Vermont","007","Chittenden","44.5283900009431","-72.86884"
"11/01/2025","AQS","500070007","3","1.6","ug/m3 LC","9","PROCTOR MAPLE RESEARCH CTR","1","100.0000","88101","PM2.5 - Local Conditions","636","Teledyne T640 at 5.0 LPM w/Network Data Alignment enabled","15540","Burlington-South Burlington, VT","50","Vermont","007","Chittenden","44.5283900009431","-72.86884"
"11/02/2025","AQS","500070007","3","1.9","ug/m3 LC","11","PROCTOR MAPLE RESEARCH CTR","1","100.0000","88101","PM2.5 - Local Conditions","636","Teledyne T640 at 5.0 LPM w/Network Data Alignment enabled","15540","Burlington-South Burlington, VT","50","Vermont","007","Chittenden","44.5283900009431","-72.86884"
"11/03/2025","AQS","500070007","3","3.8","ug/m3 LC","21","PROCTOR MAPLE RESEARCH CTR","1","100.0000","88101","PM2.5 - Local Conditions","636","Teledyne T640 at 5.0 LPM w/Network Data Alignment enabled","15540","Burlington-South Burlington, VT","50","Vermont","007","Chittenden","44.5283900009431","-72.86884"
"11/04/2025","AQS","500070007","3","1.2","ug/m3 LC","7","PROCTOR MAPLE RESEARCH CTR","1","100.0000","88101","PM2.5 - Local Conditions","636","Teledyne T640 at 5.0 LPM w/Network Data Alignment enabled","15540","Burlington-South Burlington, VT","50","Vermont","007","Chittenden","44.5283900009431","-72.86884"
"11/05/2025","AQS","500070007","3","1.5","ug/m3 LC","8","PROCTOR MAPLE RESEARCH CTR","1","100.0000","88101","PM2.5 - Local Conditions","636","Teledyne T640 at 5.0 LPM w/Network Data Alignment enabled","15540","Burlington-South Burlington, VT","50","Vermont","007","Chittenden","44.5283900009431","-72.86884"
"11/06/2025","AQS","500070007","3","1.1","ug/m3 LC","6","PROCTOR MAPLE RESEARCH CTR","1","100.0000","88101","PM2.5 - Local Conditions","636","Teledyne T640 at 5.0 LPM w/Network Data Alignment enabled","15540","Burlington-South Burlington, VT","50","Vermont","007","Chittenden","44.5283900009431","-72.86884"
"11/07/2025","AQS","500070007","3","2.4","ug/m3 LC","13","PROCTOR MAPLE RESEARCH CTR","1","100.0000","88101","PM2.5 - Local Conditions","636","Teledyne T640 at 5.0 LPM w/Network Data Alignment enabled","15540","Burlington-South Burlington, VT","50","Vermont","007","Chittenden","44.5283900009431","-72.86884"
"11/08/2025","AQS","500070007","3","3.6","ug/m3 LC","20","PROCTOR MAPLE RESEARCH CTR","1","100.0000","88101","PM2.5 - Local Conditions","636","Teledyne T640 at 5.0 LPM w/Network Data Alignment enabled","15540","Burlington-South Burlington, VT","50","Vermont","007","Chittenden","44.5283900009431","-72.86884"
"11/09/2025","AQS","500070007","3","2.6","ug/m3 LC","14","PROCTOR MAPLE RESEARCH CTR","1","100.0000","88101","PM2.5 - Local Conditions","636","Teledyne T640 at 5.0 LPM w/Network Data Alignment enabled","15540","Burlington-South Burlington, VT","50","Vermont","007","Chittenden","44.5283900009431","-72.86884"
"11/10/2025","AQS","500070007","3","1.3","ug/m3 LC","7","PROCTOR MAPLE RESEARCH CTR","1","100.0000","88101","PM2.5 - Local Conditions","636","Teledyne T640 at 5.0 LPM w/Network Data Alignment enabled","15540","Burlington-South Burlington, VT","50","Vermont","007","Chittenden","44.5283900009431","-72.86884"
"11/11/2025","AQS","500070007","3","0.9","ug/m3 LC","5","PROCTOR MAPLE RESEARCH CTR","1","100.0000","88101","PM2.5 - Local Conditions","636","Teledyne T640 at 5.0 LPM w/Network Data Alignment enabled","15540","Burlington-South Burlington, VT","50","Vermont","007","Chittenden","44.5283900009431","-72.86884"
"11/12/2025","AQS","500070007","3","2.9","ug/m3 LC","16","PROCTOR MAPLE RESEARCH CTR","1","100.0000","88101","PM2.5 - Local Conditions","636","Teledyne T640 at 5.0 LPM w/Network Data Alignment enabled","15540","Burlington-South Burlington, VT","50","Vermont","007","Chittenden","44.5283900009431","-72.86884"
"11/13/2025","AQS","500070007","3","3.2","ug/m3 LC","18","PROCTOR MAPLE RESEARCH CTR","1","100.0000","88101","PM2.5 - Local Conditions","636","Teledyne T640 at 5.0 LPM w/Network Data Alignment enabled","15540","Burlington-South Burlington, VT","50","Vermont","007","Chittenden","44.5283900009431","-72.86884"
"11/14/2025","AQS","500070007","3","3.2","ug/m3 LC","18","PROCTOR MAPLE RESEARCH CTR","1","100.0000","88101","PM2.5 - Local Conditions","636","Teledyne T640 at 5.0 LPM w/Network Data Alignment enabled","15540","Burlington-South Burlington, VT","50","Vermont","007","Chittenden","44.5283900009431","-72.86884"
"11/15/2025","AQS","500070007","3","3.3","ug/m3 LC","18","PROCTOR MAPLE RESEARCH CTR","1","100.0000","88101","PM2.5 - Local Conditions","636","Teledyne T640 at 5.0 LPM w/Network Data Alignment enabled","15540","Burlington-South Burlington, VT","50","Vermont","007","Chittenden","44.5283900009431","-72.86884"
"11/16/2025","AQS","500070007","3","1.2","ug/m3 LC","7","PROCTOR MAPLE RESEARCH CTR","1","100.0000","88101","PM2.5 - Local Conditions","636","Teledyne T640 at 5.0 LPM w/Network Data Alignment enabled","15540","Burlington-South Burlington, VT","50","Vermont","007","Chittenden","44.5283900009431","-72.86884"
"11/17/2025","AQS","500070007","3","0.9","ug/m3 LC","5","PROCTOR MAPLE RESEARCH CTR","1","100.0000","88101","PM2.5 - Local Conditions","636","Teledyne T640 at 5.0 LPM w/Network Data Alignment enabled","15540","Burlington-South Burlington, VT","50","Vermont","007","Chittenden","44.5283900009431","-72.86884"
"11/18/2025","AQS","500070007","3","1","ug/m3 LC","6","PROCTOR MAPLE RESEARCH CTR","1","100.0000","88101","PM2.5 - Local Conditions","636","Teledyne T640 at 5.0 LPM w/Network Data Alignment enabled","15540","Burlington-South Burlington, VT","50","Vermont","007","Chittenden","44.5283900009431","-72.86884"
"11/19/2025","AQS","500070007","3","3.1","ug/m3 LC","17","PROCTOR MAPLE RESEARCH CTR","1","100.0000","88101","PM2.5 - Local Conditions","636","Teledyne T640 at 5.0 LPM w/Network Data Alignment enabled","15540","Burlington-South Burlington, VT","50","Vermont","007","Chittenden","44.5283900009431","-72.86884"
"11/20/2025","AQS","500070007","3","2.3","ug/m3 LC","13","PROCTOR MAPLE RESEARCH CTR","1","100.0000","88101","PM2.5 - Local Conditions","636","Teledyne T640 at 5.0 LPM w/Network Data Alignment enabled","15540","Burlington-South Burlington, VT","50","Vermont","007","Chittenden","44.5283900009431","-72.86884"
"11/21/2025","AQS","500070007","3","5.7","ug/m3 LC","32","PROCTOR MAPLE RESEARCH CTR","1","100.0000","88101","PM2.5 - Local Conditions","636","Teledyne T640 at 5.0 LPM w/Network Data Alignment enabled","15540","Burlington-South Burlington, VT","50","Vermont","007","Chittenden","44.5283900009431","-72.86884"
"11/22/2025","AQS","500070007","3","2.9","ug/m3 LC","16","PROCTOR MAPLE RESEARCH CTR","1","100.0000","88101","PM2.5 - Local Conditions","636","Teledyne T640 at 5.0 LPM w/Network Data Alignment enabled","15540","Burlington-South Burlington, VT","50","Vermont","007","Chittenden","44.5283900009431","-72.86884"
"11/23/2025","AQS","500070007","3","3.2","ug/m3 LC","18","PROCTOR MAPLE RESEARCH CTR","1","100.0000","88101","PM2.5 - Local Conditions","636","Teledyne T640 at 5.0 LPM w/Network Data Alignment enabled","15540","Burlington-South Burlington, VT","50","Vermont","007","Chittenden","44.5283900009431","-72.86884"
"11/24/2025","AQS","500070007","3","4","ug/m3 LC","22","PROCTOR MAPLE RESEARCH CTR","1","100.0000","88101","PM2.5 - Local Conditions","636","Teledyne T640 at 5.0 LPM w/Network Data Alignment enabled","15540","Burlington-South Burlington, VT","50","Vermont","007","Chittenden","44.5283900009431","-72.86884"
"11/25/2025","AQS","500070007","3","2.7","ug/m3 LC","15","PROCTOR MAPLE RESEARCH CTR","1","100.0000","88101","PM2.5 - Local Conditions","636","Teledyne T640 at 5.0 LPM w/Network Data Alignment enabled","15540","Burlington-South Burlington, VT","50","Vermont","007","Chittenden","44.5283900009431","-72.86884"
"11/26/2025","AQS","500070007","3","1","ug/m3 LC","6","PROCTOR MAPLE RESEARCH CTR","1","100.0000","88101","PM2.5 - Local Conditions","636","Teledyne T640 at 5.0 LPM w/Network Data Alignment enabled","15540","Burlington-South Burlington, VT","50","Vermont","007","Chittenden","44.5283900009431","-72.86884"
"11/27/2025","AQS","500070007","3","1.3","ug/m3 LC","7","PROCTOR MAPLE RESEARCH CTR","1","100.0000","88101","PM2.5 - Local Conditions","636","Teledyne T640 at 5.0 LPM w/Network Data Alignment enabled","15540","Burlington-South Burlington, VT","50","Vermont","007","Chittenden","44.5283900009431","-72.86884"
"11/28/2025","AQS","500070007","3","0.7","ug/m3 LC","4","PROCTOR MAPLE RESEARCH CTR","1","100.0000","88101","PM2.5 - Local Conditions","636","Teledyne T640 at 5.0 LPM w/Network Data Alignment enabled","15540","Burlington-South Burlington, VT","50","Vermont","007","Chittenden","44.5283900009431","-72.86884"
"11/29/2025","AQS","500070007","3","1.4","ug/m3 LC","8","PROCTOR MAPLE RESEARCH CTR","1","100.0000","88101","PM2.5 - Local Conditions","636","Teledyne T640 at 5.0 LPM w/Network Data Alignment enabled","15540","Burlington-South Burlington, VT","50","Vermont","007","Chittenden","44.5283900009431","-72.86884"
"11/30/2025","AQS","500070007","3","2.1","ug/m3 LC","12","PROCTOR MAPLE RESEARCH CTR","1","100.0000","88101","PM2.5 - Local Conditions","636","Teledyne T640 at 5.0 LPM w/Network Data Alignment enabled","15540","Burlington-South Burlington, VT","50","Vermont","007","Chittenden","44.5283900009431","-72.86884"
"12/01/2025","AQS","500070007","3","2.6","ug/m3 LC","14","PROCTOR MAPLE RESEARCH CTR","1","100.0000","88101","PM2.5 - Local Conditions","636","Teledyne T640 at 5.0 LPM w/Network Data Alignment enabled","15540","Burlington-South Burlington, VT","50","Vermont","007","Chittenden","44.5283900009431","-72.86884"
"12/02/2025","AQS","500070007","3","4","ug/m3 LC","22","PROCTOR MAPLE RESEARCH CTR","1","100.0000","88101","PM2.5 - Local Conditions","636","Teledyne T640 at 5.0 LPM w/Network Data Alignment enabled","15540","Burlington-South Burlington, VT","50","Vermont","007","Chittenden","44.5283900009431","-72.86884"
"12/03/2025","AQS","500070007","3","6.3","ug/m3 LC","35","PROCTOR MAPLE RESEARCH CTR","1","100.0000","88101","PM2.5 - Local Conditions","636","Teledyne T640 at 5.0 LPM w/Network Data Alignment enabled","15540","Burlington-South Burlington, VT","50","Vermont","007","Chittenden","44.5283900009431","-72.86884"
"12/04/2025","AQS","500070007","3","3.2","ug/m3 LC","18","PROCTOR MAPLE RESEARCH CTR","1","100.0000","88101","PM2.5 - Local Conditions","636","Teledyne T640 at 5.0 LPM w/Network Data Alignment enabled","15540","Burlington-South Burlington, VT","50","Vermont","007","Chittenden","44.5283900009431","-72.86884"
"12/05/2025","AQS","500070007","3","1.6","ug/m3 LC","9","PROCTOR MAPLE RESEARCH CTR","1","100.0000","88101","PM2.5 - Local Conditions","636","Teledyne T640 at 5.0 LPM w/Network Data Alignment enabled","15540","Burlington-South Burlington, VT","50","Vermont","007","Chittenden","44.5283900009431","-72.86884"
"12/06/2025","AQS","500070007","3","5.2","ug/m3 LC","29","PROCTOR MAPLE RESEARCH CTR","1","100.0000","88101","PM2.5 - Local Conditions","636","Teledyne T640 at 5.0 LPM w/Network Data Alignment enabled","15540","Burlington-South Burlington, VT","50","Vermont","007","Chittenden","44.5283900009431","-72.86884"
"12/07/2025","AQS","500070007","3","3.7","ug/m3 LC","21","PROCTOR MAPLE RESEARCH CTR","1","100.0000","88101","PM2.5 - Local Conditions","636","Teledyne T640 at 5.0 LPM w/Network Data Alignment enabled","15540","Burlington-South Burlington, VT","50","Vermont","007","Chittenden","44.5283900009431","-72.86884"
"12/08/2025","AQS","500070007","3","2.9","ug/m3 LC","16","PROCTOR MAPLE RESEARCH CTR","1","100.0000","88101","PM2.5 - Local Conditions","636","Teledyne T640 at 5.0 LPM w/Network Data Alignment enabled","15540","Burlington-South Burlington, VT","50","Vermont","007","Chittenden","44.5283900009431","-72.86884"
"12/09/2025","AQS","500070007","3","2.3","ug/m3 LC","13","PROCTOR MAPLE RESEARCH CTR","1","100.0000","88101","PM2.5 - Local Conditions","636","Teledyne T640 at 5.0 LPM w/Network Data Alignment enabled","15540","Burlington-South Burlington, VT","50","Vermont","007","Chittenden","44.5283900009431","-72.86884"
"12/10/2025","AQS","500070007","3","5.7","ug/m3 LC","32","PROCTOR MAPLE RESEARCH CTR","1","100.0000","88101","PM2.5 - Local Conditions","636","Teledyne T640 at 5.0 LPM w/Network Data Alignment enabled","15540","Burlington-South Burlington, VT","50","Vermont","007","Chittenden","44.5283900009431","-72.86884"
"12/11/2025","AQS","500070007","3","3.7","ug/m3 LC","21","PROCTOR MAPLE RESEARCH CTR","1","100.0000","88101","PM2.5 - Local Conditions","636","Teledyne T640 at 5.0 LPM w/Network Data Alignment enabled","15540","Burlington-South Burlington, VT","50","Vermont","007","Chittenden","44.5283900009431","-72.86884"
"12/12/2025","AQS","500070007","3","1.4","ug/m3 LC","8","PROCTOR MAPLE RESEARCH CTR","1","100.0000","88101","PM2.5 - Local Conditions","636","Teledyne T640 at 5.0 LPM w/Network Data Alignment enabled","15540","Burlington-South Burlington, VT","50","Vermont","007","Chittenden","44.5283900009431","-72.86884"
"12/13/2025","AQS","500070007","3","3.9","ug/m3 LC","22","PROCTOR MAPLE RESEARCH CTR","1","100.0000","88101","PM2.5 - Local Conditions","636","Teledyne T640 at 5.0 LPM w/Network Data Alignment enabled","15540","Burlington-South Burlington, VT","50","Vermont","007","Chittenden","44.5283900009431","-72.86884"
"12/14/2025","AQS","500070007","3","4","ug/m3 LC","22","PROCTOR MAPLE RESEARCH CTR","1","100.0000","88101","PM2.5 - Local Conditions","636","Teledyne T640 at 5.0 LPM w/Network Data Alignment enabled","15540","Burlington-South Burlington, VT","50","Vermont","007","Chittenden","44.5283900009431","-72.86884"
"12/15/2025","AQS","500070007","3","1.7","ug/m3 LC","9","PROCTOR MAPLE RESEARCH CTR","1","100.0000","88101","PM2.5 - Local Conditions","636","Teledyne T640 at 5.0 LPM w/Network Data Alignment enabled","15540","Burlington-South Burlington, VT","50","Vermont","007","Chittenden","44.5283900009431","-72.86884"
"12/16/2025","AQS","500070007","3","5.2","ug/m3 LC","29","PROCTOR MAPLE RESEARCH CTR","1","100.0000","88101","PM2.5 - Local Conditions","636","Teledyne T640 at 5.0 LPM w/Network Data Alignment enabled","15540","Burlington-South Burlington, VT","50","Vermont","007","Chittenden","44.5283900009431","-72.86884"
"12/17/2025","AQS","500070007","3","7.8","ug/m3 LC","43","PROCTOR MAPLE RESEARCH CTR","1","100.0000","88101","PM2.5 - Local Conditions","636","Teledyne T640 at 5.0 LPM w/Network Data Alignment enabled","15540","Burlington-South Burlington, VT","50","Vermont","007","Chittenden","44.5283900009431","-72.86884"
"12/18/2025","AQS","500070007","3","2","ug/m3 LC","11","PROCTOR MAPLE RESEARCH CTR","1","100.0000","88101","PM2.5 - Local Conditions","636","Teledyne T640 at 5.0 LPM w/Network Data Alignment enabled","15540","Burlington-South Burlington, VT","50","Vermont","007","Chittenden","44.5283900009431","-72.86884"
"12/19/2025","AQS","500070007","3","1.6","ug/m3 LC","9","PROCTOR MAPLE RESEARCH CTR","1","100.0000","88101","PM2.5 - Local Conditions","636","Teledyne T640 at 5.0 LPM w/Network Data Alignment enabled","15540","Burlington-South Burlington, VT","50","Vermont","007","Chittenden","44.5283900009431","-72.86884"
"12/20/2025","AQS","500070007","3","2","ug/m3 LC","11","PROCTOR MAPLE RESEARCH CTR","1","100.0000","88101","PM2.5 - Local Conditions","636","Teledyne T640 at 5.0 LPM w/Network Data Alignment enabled","15540","Burlington-South Burlington, VT","50","Vermont","007","Chittenden","44.5283900009431","-72.86884"
"12/21/2025","AQS","500070007","3","3","ug/m3 LC","17","PROCTOR MAPLE RESEARCH CTR","1","100.0000","88101","PM2.5 - Local Conditions","636","Teledyne T640 at 5.0 LPM w/Network Data Alignment enabled","15540","Burlington-South Burlington, VT","50","Vermont","007","Chittenden","44.5283900009431","-72.86884"
"12/22/2025","AQS","500070007","3","2.8","ug/m3 LC","16","PROCTOR MAPLE RESEARCH CTR","1","100.0000","88101","PM2.5 - Local Conditions","636","Teledyne T640 at 5.0 LPM w/Network Data Alignment enabled","15540","Burlington-South Burlington, VT","50","Vermont","007","Chittenden","44.5283900009431","-72.86884"
"12/23/2025","AQS","500070007","3","6","ug/m3 LC","33","PROCTOR MAPLE RESEARCH CTR","1","100.0000","88101","PM2.5 - Local Conditions","636","Teledyne T640 at 5.0 LPM w/Network Data Alignment enabled","15540","Burlington-South Burlington, VT","50","Vermont","007","Chittenden","44.5283900009431","-72.86884"
"12/24/2025","AQS","500070007","3","5.5","ug/m3 LC","31","PROCTOR MAPLE RESEARCH CTR","1","100.0000","88101","PM2.5 - Local Conditions","636","Teledyne T640 at 5.0 LPM w/Network Data Alignment enabled","15540","Burlington-South Burlington, VT","50","Vermont","007","Chittenden","44.5283900009431","-72.86884"
"12/25/2025","AQS","500070007","3","2.9","ug/m3 LC","16","PROCTOR MAPLE RESEARCH CTR","1","100.0000","88101","PM2.5 - Local Conditions","636","Teledyne T640 at 5.0 LPM w/Network Data Alignment enabled","15540","Burlington-South Burlington, VT","50","Vermont","007","Chittenden","44.5283900009431","-72.86884"
"12/26/2025","AQS","500070007","3","2.6","ug/m3 LC","14","PROCTOR MAPLE RESEARCH CTR","1","100.0000","88101","PM2.5 - Local Conditions","636","Teledyne T640 at 5.0 LPM w/Network Data Alignment enabled","15540","Burlington-South Burlington, VT","50","Vermont","007","Chittenden","44.5283900009431","-72.86884"
"12/27/2025","AQS","500070007","3","3.8","ug/m3 LC","21","PROCTOR MAPLE RESEARCH CTR","1","100.0000","88101","PM2.5 - Local Conditions","636","Teledyne T640 at 5.0 LPM w/Network Data Alignment enabled","15540","Burlington-South Burlington, VT","50","Vermont","007","Chittenden","44.5283900009431","-72.86884"
"12/28/2025","AQS","500070007","3","2.8","ug/m3 LC","16","PROCTOR MAPLE RESEARCH CTR","1","100.0000","88101","PM2.5 - Local Conditions","636","Teledyne T640 at 5.0 LPM w/Network Data Alignment enabled","15540","Burlington-South Burlington, VT","50","Vermont","007","Chittenden","44.5283900009431","-72.86884"
"12/29/2025","AQS","500070007","3","1","ug/m3 LC","6","PROCTOR MAPLE RESEARCH CTR","1","100.0000","88101","PM2.5 - Local Conditions","636","Teledyne T640 at 5.0 LPM w/Network Data Alignment enabled","15540","Burlington-South Burlington, VT","50","Vermont","007","Chittenden","44.5283900009431","-72.86884"
"12/30/2025","AQS","500070007","3","2.4","ug/m3 LC","13","PROCTOR MAPLE RESEARCH CTR","1","100.0000","88101","PM2.5 - Local Conditions","636","Teledyne T640 at 5.0 LPM w/Network Data Alignment enabled","15540","Burlington-South Burlington, VT","50","Vermont","007","Chittenden","44.5283900009431","-72.86884"
"12/31/2025","AQS","500070007","3","2","ug/m3 LC","11","PROCTOR MAPLE RESEARCH CTR","1","100.0000","88101","PM2.5 - Local Conditions","636","Teledyne T640 at 5.0 LPM w/Network Data Alignment enabled","15540","Burlington-South Burlington, VT","50","Vermont","007","Chittenden","44.5283900009431","-72.86884"
