"Date","Source","Site ID","POC","Daily Mean PM2.5 Concentration","Units","Daily AQI Value","Local Site Name","Daily Obs Count","Percent Complete","AQS Parameter Code","AQS Parameter Description","Method Code","Method Description","CBSA Code","CBSA Name","State FIPS Code","State","County FIPS Code","County","Site Latitude","Site Longitude"
"01/01/2025","AQS","481410044","1","17.4","ug/m3 LC","66","El Paso Chamizal","1","100.0000","88101","PM2.5 - Local Conditions","145","R & P Model 2025 PM-2.5 Sequential Air Sampler w/VSCC","21340","El Paso, TX","48","Texas","141","El Paso","31.7656843","-106.455227"
"01/04/2025","AQS","481410044","1","23.5","ug/m3 LC","78","El Paso Chamizal","1","100.0000","88101","PM2.5 - Local Conditions","145","R & P Model 2025 PM-2.5 Sequential Air Sampler w/VSCC","21340","El Paso, TX","48","Texas","141","El Paso","31.7656843","-106.455227"
"01/07/2025","AQS","481410044","1","4.8","ug/m3 LC","27","El Paso Chamizal","1","100.0000","88101","PM2.5 - Local Conditions","145","R & P Model 2025 PM-2.5 Sequential Air Sampler w/VSCC","21340","El Paso, TX","48","Texas","141","El Paso","31.7656843","-106.455227"
"01/10/2025","AQS","481410044","1","3.8","ug/m3 LC","21","El Paso Chamizal","1","100.0000","88101","PM2.5 - Local Conditions","145","R & P Model 2025 PM-2.5 Sequential Air Sampler w/VSCC","21340","El Paso, TX","48","Texas","141","El Paso","31.7656843","-106.455227"
"01/16/2025","AQS","481410044","1","3.8","ug/m3 LC","21","El Paso Chamizal","1","100.0000","88101","PM2.5 - Local Conditions","145","R & P Model 2025 PM-2.5 Sequential Air Sampler w/VSCC","21340","El Paso, TX","48","Texas","141","El Paso","31.7656843","-106.455227"
"01/19/2025","AQS","481410044","1","8.3","ug/m3 LC","46","El Paso Chamizal","1","100.0000","88101","PM2.5 - Local Conditions","145","R & P Model 2025 PM-2.5 Sequential Air Sampler w/VSCC","21340","El Paso, TX","48","Texas","141","El Paso","31.7656843","-106.455227"
"01/22/2025","AQS","481410044","1","16.1","ug/m3 LC","64","El Paso Chamizal","1","100.0000","88101","PM2.5 - Local Conditions","145","R & P Model 2025 PM-2.5 Sequential Air Sampler w/VSCC","21340","El Paso, TX","48","Texas","141","El Paso","31.7656843","-106.455227"
"01/25/2025","AQS","481410044","1","20","ug/m3 LC","71","El Paso Chamizal","1","100.0000","88101","PM2.5 - Local Conditions","145","R & P Model 2025 PM-2.5 Sequential Air Sampler w/VSCC","21340","El Paso, TX","48","Texas","141","El Paso","31.7656843","-106.455227"
"01/28/2025","AQS","481410044","1","10.2","ug/m3 LC","53","El Paso Chamizal","1","100.0000","88101","PM2.5 - Local Conditions","145","R & P Model 2025 PM-2.5 Sequential Air Sampler w/VSCC","21340","El Paso, TX","48","Texas","141","El Paso","31.7656843","-106.455227"
"01/31/2025","AQS","481410044","1","10.9","ug/m3 LC","54","El Paso Chamizal","1","100.0000","88101","PM2.5 - Local Conditions","145","R & P Model 2025 PM-2.5 Sequential Air Sampler w/VSCC","21340","El Paso, TX","48","Texas","141","El Paso","31.7656843","-106.455227"
"02/03/2025","AQS","481410044","1","10.5","ug/m3 LC","54","El Paso Chamizal","1","100.0000","88101","PM2.5 - Local Conditions","145","R & P Model 2025 PM-2.5 Sequential Air Sampler w/VSCC","21340","El Paso, TX","48","Texas","141","El Paso","31.7656843","-106.455227"
"02/06/2025","AQS","481410044","1","18.8","ug/m3 LC","69","El Paso Chamizal","1","100.0000","88101","PM2.5 - Local Conditions","145","R & P Model 2025 PM-2.5 Sequential Air Sampler w/VSCC","21340","El Paso, TX","48","Texas","141","El Paso","31.7656843","-106.455227"
"02/09/2025","AQS","481410044","1","24.3","ug/m3 LC","79","El Paso Chamizal","1","100.0000","88101","PM2.5 - Local Conditions","145","R & P Model 2025 PM-2.5 Sequential Air Sampler w/VSCC","21340","El Paso, TX","48","Texas","141","El Paso","31.7656843","-106.455227"
"02/12/2025","AQS","481410044","1","24.4","ug/m3 LC","80","El Paso Chamizal","1","100.0000","88101","PM2.5 - Local Conditions","145","R & P Model 2025 PM-2.5 Sequential Air Sampler w/VSCC","21340","El Paso, TX","48","Texas","141","El Paso","31.7656843","-106.455227"
"02/15/2025","AQS","481410044","1","11.3","ug/m3 LC","55","El Paso Chamizal","1","100.0000","88101","PM2.5 - Local Conditions","145","R & P Model 2025 PM-2.5 Sequential Air Sampler w/VSCC","21340","El Paso, TX","48","Texas","141","El Paso","31.7656843","-106.455227"
"02/18/2025","AQS","481410044","1","7.1","ug/m3 LC","39","El Paso Chamizal","1","100.0000","88101","PM2.5 - Local Conditions","145","R & P Model 2025 PM-2.5 Sequential Air Sampler w/VSCC","21340","El Paso, TX","48","Texas","141","El Paso","31.7656843","-106.455227"
"02/21/2025","AQS","481410044","1","8","ug/m3 LC","44","El Paso Chamizal","1","100.0000","88101","PM2.5 - Local Conditions","145","R & P Model 2025 PM-2.5 Sequential Air Sampler w/VSCC","21340","El Paso, TX","48","Texas","141","El Paso","31.7656843","-106.455227"
"02/24/2025","AQS","481410044","1","13.2","ug/m3 LC","59","El Paso Chamizal","1","100.0000","88101","PM2.5 - Local Conditions","145","R & P Model 2025 PM-2.5 Sequential Air Sampler w/VSCC","21340","El Paso, TX","48","Texas","141","El Paso","31.7656843","-106.455227"
"02/27/2025","AQS","481410044","1","21.7","ug/m3 LC","74","El Paso Chamizal","1","100.0000","88101","PM2.5 - Local Conditions","145","R & P Model 2025 PM-2.5 Sequential Air Sampler w/VSCC","21340","El Paso, TX","48","Texas","141","El Paso","31.7656843","-106.455227"
"03/02/2025","AQS","481410044","1","13.5","ug/m3 LC","59","El Paso Chamizal","1","100.0000","88101","PM2.5 - Local Conditions","145","R & P Model 2025 PM-2.5 Sequential Air Sampler w/VSCC","21340","El Paso, TX","48","Texas","141","El Paso","31.7656843","-106.455227"
"03/05/2025","AQS","481410044","1","23","ug/m3 LC","77","El Paso Chamizal","1","100.0000","88101","PM2.5 - Local Conditions","145","R & P Model 2025 PM-2.5 Sequential Air Sampler w/VSCC","21340","El Paso, TX","48","Texas","141","El Paso","31.7656843","-106.455227"
"03/08/2025","AQS","481410044","1","2.5","ug/m3 LC","14","El Paso Chamizal","1","100.0000","88101","PM2.5 - Local Conditions","145","R & P Model 2025 PM-2.5 Sequential Air Sampler w/VSCC","21340","El Paso, TX","48","Texas","141","El Paso","31.7656843","-106.455227"
"03/11/2025","AQS","481410044","1","32.8","ug/m3 LC","95","El Paso Chamizal","1","100.0000","88101","PM2.5 - Local Conditions","145","R & P Model 2025 PM-2.5 Sequential Air Sampler w/VSCC","21340","El Paso, TX","48","Texas","141","El Paso","31.7656843","-106.455227"
"03/14/2025","AQS","481410044","1","23.5","ug/m3 LC","78","El Paso Chamizal","1","100.0000","88101","PM2.5 - Local Conditions","145","R & P Model 2025 PM-2.5 Sequential Air Sampler w/VSCC","21340","El Paso, TX","48","Texas","141","El Paso","31.7656843","-106.455227"
"03/17/2025","AQS","481410044","1","21.3","ug/m3 LC","74","El Paso Chamizal","1","100.0000","88101","PM2.5 - Local Conditions","145","R & P Model 2025 PM-2.5 Sequential Air Sampler w/VSCC","21340","El Paso, TX","48","Texas","141","El Paso","31.7656843","-106.455227"
"03/20/2025","AQS","481410044","1","11.8","ug/m3 LC","56","El Paso Chamizal","1","100.0000","88101","PM2.5 - Local Conditions","145","R & P Model 2025 PM-2.5 Sequential Air Sampler w/VSCC","21340","El Paso, TX","48","Texas","141","El Paso","31.7656843","-106.455227"
"03/26/2025","AQS","481410044","1","23.2","ug/m3 LC","77","El Paso Chamizal","1","100.0000","88101","PM2.5 - Local Conditions","145","R & P Model 2025 PM-2.5 Sequential Air Sampler w/VSCC","21340","El Paso, TX","48","Texas","141","El Paso","31.7656843","-106.455227"
"03/29/2025","AQS","481410044","1","54.5","ug/m3 LC","148","El Paso Chamizal","1","100.0000","88101","PM2.5 - Local Conditions","145","R & P Model 2025 PM-2.5 Sequential Air Sampler w/VSCC","21340","El Paso, TX","48","Texas","141","El Paso","31.7656843","-106.455227"
"04/01/2025","AQS","481410044","1","288.5","ug/m3 LC","426","El Paso Chamizal","1","100.0000","88101","PM2.5 - Local Conditions","145","R & P Model 2025 PM-2.5 Sequential Air Sampler w/VSCC","21340","El Paso, TX","48","Texas","141","El Paso","31.7656843","-106.455227"
"04/04/2025","AQS","481410044","1","5.9","ug/m3 LC","33","El Paso Chamizal","1","100.0000","88101","PM2.5 - Local Conditions","145","R & P Model 2025 PM-2.5 Sequential Air Sampler w/VSCC","21340","El Paso, TX","48","Texas","141","El Paso","31.7656843","-106.455227"
"04/07/2025","AQS","481410044","1","10.7","ug/m3 LC","54","El Paso Chamizal","1","100.0000","88101","PM2.5 - Local Conditions","145","R & P Model 2025 PM-2.5 Sequential Air Sampler w/VSCC","21340","El Paso, TX","48","Texas","141","El Paso","31.7656843","-106.455227"
"04/10/2025","AQS","481410044","1","11.7","ug/m3 LC","56","El Paso Chamizal","1","100.0000","88101","PM2.5 - Local Conditions","145","R & P Model 2025 PM-2.5 Sequential Air Sampler w/VSCC","21340","El Paso, TX","48","Texas","141","El Paso","31.7656843","-106.455227"
"04/13/2025","AQS","481410044","1","12.8","ug/m3 LC","58","El Paso Chamizal","1","100.0000","88101","PM2.5 - Local Conditions","145","R & P Model 2025 PM-2.5 Sequential Air Sampler w/VSCC","21340","El Paso, TX","48","Texas","141","El Paso","31.7656843","-106.455227"
"04/16/2025","AQS","481410044","1","32.9","ug/m3 LC","95","El Paso Chamizal","1","100.0000","88101","PM2.5 - Local Conditions","145","R & P Model 2025 PM-2.5 Sequential Air Sampler w/VSCC","21340","El Paso, TX","48","Texas","141","El Paso","31.7656843","-106.455227"
"04/19/2025","AQS","481410044","1","13.2","ug/m3 LC","59","El Paso Chamizal","1","100.0000","88101","PM2.5 - Local Conditions","145","R & P Model 2025 PM-2.5 Sequential Air Sampler w/VSCC","21340","El Paso, TX","48","Texas","141","El Paso","31.7656843","-106.455227"
"04/22/2025","AQS","481410044","1","12.2","ug/m3 LC","57","El Paso Chamizal","1","100.0000","88101","PM2.5 - Local Conditions","145","R & P Model 2025 PM-2.5 Sequential Air Sampler w/VSCC","21340","El Paso, TX","48","Texas","141","El Paso","31.7656843","-106.455227"
"04/25/2025","AQS","481410044","1","12.9","ug/m3 LC","58","El Paso Chamizal","1","100.0000","88101","PM2.5 - Local Conditions","145","R & P Model 2025 PM-2.5 Sequential Air Sampler w/VSCC","21340","El Paso, TX","48","Texas","141","El Paso","31.7656843","-106.455227"
"04/28/2025","AQS","481410044","1","17.8","ug/m3 LC","67","El Paso Chamizal","1","100.0000","88101","PM2.5 - Local Conditions","145","R & P Model 2025 PM-2.5 Sequential Air Sampler w/VSCC","21340","El Paso, TX","48","Texas","141","El Paso","31.7656843","-106.455227"
"05/01/2025","AQS","481410044","1","23","ug/m3 LC","77","El Paso Chamizal","1","100.0000","88101","PM2.5 - Local Conditions","145","R & P Model 2025 PM-2.5 Sequential Air Sampler w/VSCC","21340","El Paso, TX","48","Texas","141","El Paso","31.7656843","-106.455227"
"05/07/2025","AQS","481410044","1","6.5","ug/m3 LC","36","El Paso Chamizal","1","100.0000","88101","PM2.5 - Local Conditions","145","R & P Model 2025 PM-2.5 Sequential Air Sampler w/VSCC","21340","El Paso, TX","48","Texas","141","El Paso","31.7656843","-106.455227"
"05/10/2025","AQS","481410044","1","5.7","ug/m3 LC","32","El Paso Chamizal","1","100.0000","88101","PM2.5 - Local Conditions","145","R & P Model 2025 PM-2.5 Sequential Air Sampler w/VSCC","21340","El Paso, TX","48","Texas","141","El Paso","31.7656843","-106.455227"
"05/13/2025","AQS","481410044","1","66.5","ug/m3 LC","159","El Paso Chamizal","1","100.0000","88101","PM2.5 - Local Conditions","145","R & P Model 2025 PM-2.5 Sequential Air Sampler w/VSCC","21340","El Paso, TX","48","Texas","141","El Paso","31.7656843","-106.455227"
"05/16/2025","AQS","481410044","1","9.7","ug/m3 LC","52","El Paso Chamizal","1","100.0000","88101","PM2.5 - Local Conditions","145","R & P Model 2025 PM-2.5 Sequential Air Sampler w/VSCC","21340","El Paso, TX","48","Texas","141","El Paso","31.7656843","-106.455227"
"05/19/2025","AQS","481410044","1","27.9","ug/m3 LC","86","El Paso Chamizal","1","100.0000","88101","PM2.5 - Local Conditions","145","R & P Model 2025 PM-2.5 Sequential Air Sampler w/VSCC","21340","El Paso, TX","48","Texas","141","El Paso","31.7656843","-106.455227"
"05/22/2025","AQS","481410044","1","24.2","ug/m3 LC","79","El Paso Chamizal","1","100.0000","88101","PM2.5 - Local Conditions","145","R & P Model 2025 PM-2.5 Sequential Air Sampler w/VSCC","21340","El Paso, TX","48","Texas","141","El Paso","31.7656843","-106.455227"
"05/25/2025","AQS","481410044","1","13.4","ug/m3 LC","59","El Paso Chamizal","1","100.0000","88101","PM2.5 - Local Conditions","145","R & P Model 2025 PM-2.5 Sequential Air Sampler w/VSCC","21340","El Paso, TX","48","Texas","141","El Paso","31.7656843","-106.455227"
"05/28/2025","AQS","481410044","1","11.2","ug/m3 LC","55","El Paso Chamizal","1","100.0000","88101","PM2.5 - Local Conditions","145","R & P Model 2025 PM-2.5 Sequential Air Sampler w/VSCC","21340","El Paso, TX","48","Texas","141","El Paso","31.7656843","-106.455227"
"05/31/2025","AQS","481410044","1","15.7","ug/m3 LC","63","El Paso Chamizal","1","100.0000","88101","PM2.5 - Local Conditions","145","R & P Model 2025 PM-2.5 Sequential Air Sampler w/VSCC","21340","El Paso, TX","48","Texas","141","El Paso","31.7656843","-106.455227"
"06/03/2025","AQS","481410044","1","4.5","ug/m3 LC","25","El Paso Chamizal","1","100.0000","88101","PM2.5 - Local Conditions","145","R & P Model 2025 PM-2.5 Sequential Air Sampler w/VSCC","21340","El Paso, TX","48","Texas","141","El Paso","31.7656843","-106.455227"
"06/06/2025","AQS","481410044","1","8","ug/m3 LC","44","El Paso Chamizal","1","100.0000","88101","PM2.5 - Local Conditions","145","R & P Model 2025 PM-2.5 Sequential Air Sampler w/VSCC","21340","El Paso, TX","48","Texas","141","El Paso","31.7656843","-106.455227"
"06/09/2025","AQS","481410044","1","11.9","ug/m3 LC","56","El Paso Chamizal","1","100.0000","88101","PM2.5 - Local Conditions","145","R & P Model 2025 PM-2.5 Sequential Air Sampler w/VSCC","21340","El Paso, TX","48","Texas","141","El Paso","31.7656843","-106.455227"
"06/12/2025","AQS","481410044","1","10.4","ug/m3 LC","53","El Paso Chamizal","1","100.0000","88101","PM2.5 - Local Conditions","145","R & P Model 2025 PM-2.5 Sequential Air Sampler w/VSCC","21340","El Paso, TX","48","Texas","141","El Paso","31.7656843","-106.455227"
"06/15/2025","AQS","481410044","1","32.8","ug/m3 LC","95","El Paso Chamizal","1","100.0000","88101","PM2.5 - Local Conditions","145","R & P Model 2025 PM-2.5 Sequential Air Sampler w/VSCC","21340","El Paso, TX","48","Texas","141","El Paso","31.7656843","-106.455227"
"06/18/2025","AQS","481410044","1","16.1","ug/m3 LC","64","El Paso Chamizal","1","100.0000","88101","PM2.5 - Local Conditions","145","R & P Model 2025 PM-2.5 Sequential Air Sampler w/VSCC","21340","El Paso, TX","48","Texas","141","El Paso","31.7656843","-106.455227"
"06/21/2025","AQS","481410044","1","16.2","ug/m3 LC","64","El Paso Chamizal","1","100.0000","88101","PM2.5 - Local Conditions","145","R & P Model 2025 PM-2.5 Sequential Air Sampler w/VSCC","21340","El Paso, TX","48","Texas","141","El Paso","31.7656843","-106.455227"
"06/24/2025","AQS","481410044","1","5.6","ug/m3 LC","31","El Paso Chamizal","1","100.0000","88101","PM2.5 - Local Conditions","145","R & P Model 2025 PM-2.5 Sequential Air Sampler w/VSCC","21340","El Paso, TX","48","Texas","141","El Paso","31.7656843","-106.455227"
"06/27/2025","AQS","481410044","1","6.5","ug/m3 LC","36","El Paso Chamizal","1","100.0000","88101","PM2.5 - Local Conditions","145","R & P Model 2025 PM-2.5 Sequential Air Sampler w/VSCC","21340","El Paso, TX","48","Texas","141","El Paso","31.7656843","-106.455227"
"06/30/2025","AQS","481410044","1","7.4","ug/m3 LC","41","El Paso Chamizal","1","100.0000","88101","PM2.5 - Local Conditions","145","R & P Model 2025 PM-2.5 Sequential Air Sampler w/VSCC","21340","El Paso, TX","48","Texas","141","El Paso","31.7656843","-106.455227"
"07/03/2025","AQS","481410044","1","4.6","ug/m3 LC","26","El Paso Chamizal","1","100.0000","88101","PM2.5 - Local Conditions","145","R & P Model 2025 PM-2.5 Sequential Air Sampler w/VSCC","21340","El Paso, TX","48","Texas","141","El Paso","31.7656843","-106.455227"
"07/06/2025","AQS","481410044","1","11.2","ug/m3 LC","55","El Paso Chamizal","1","100.0000","88101","PM2.5 - Local Conditions","145","R & P Model 2025 PM-2.5 Sequential Air Sampler w/VSCC","21340","El Paso, TX","48","Texas","141","El Paso","31.7656843","-106.455227"
"07/09/2025","AQS","481410044","1","11.7","ug/m3 LC","56","El Paso Chamizal","1","100.0000","88101","PM2.5 - Local Conditions","145","R & P Model 2025 PM-2.5 Sequential Air Sampler w/VSCC","21340","El Paso, TX","48","Texas","141","El Paso","31.7656843","-106.455227"
"07/12/2025","AQS","481410044","1","27.6","ug/m3 LC","85","El Paso Chamizal","1","100.0000","88101","PM2.5 - Local Conditions","145","R & P Model 2025 PM-2.5 Sequential Air Sampler w/VSCC","21340","El Paso, TX","48","Texas","141","El Paso","31.7656843","-106.455227"
"07/15/2025","AQS","481410044","1","12.6","ug/m3 LC","58","El Paso Chamizal","1","100.0000","88101","PM2.5 - Local Conditions","145","R & P Model 2025 PM-2.5 Sequential Air Sampler w/VSCC","21340","El Paso, TX","48","Texas","141","El Paso","31.7656843","-106.455227"
"07/18/2025","AQS","481410044","1","7.1","ug/m3 LC","39","El Paso Chamizal","1","100.0000","88101","PM2.5 - Local Conditions","145","R & P Model 2025 PM-2.5 Sequential Air Sampler w/VSCC","21340","El Paso, TX","48","Texas","141","El Paso","31.7656843","-106.455227"
"07/21/2025","AQS","481410044","1","9.3","ug/m3 LC","51","El Paso Chamizal","1","100.0000","88101","PM2.5 - Local Conditions","145","R & P Model 2025 PM-2.5 Sequential Air Sampler w/VSCC","21340","El Paso, TX","48","Texas","141","El Paso","31.7656843","-106.455227"
"07/24/2025","AQS","481410044","1","5.1","ug/m3 LC","28","El Paso Chamizal","1","100.0000","88101","PM2.5 - Local Conditions","145","R & P Model 2025 PM-2.5 Sequential Air Sampler w/VSCC","21340","El Paso, TX","48","Texas","141","El Paso","31.7656843","-106.455227"
"07/27/2025","AQS","481410044","1","6.7","ug/m3 LC","37","El Paso Chamizal","1","100.0000","88101","PM2.5 - Local Conditions","145","R & P Model 2025 PM-2.5 Sequential Air Sampler w/VSCC","21340","El Paso, TX","48","Texas","141","El Paso","31.7656843","-106.455227"
"07/30/2025","AQS","481410044","1","8.2","ug/m3 LC","46","El Paso Chamizal","1","100.0000","88101","PM2.5 - Local Conditions","145","R & P Model 2025 PM-2.5 Sequential Air Sampler w/VSCC","21340","El Paso, TX","48","Texas","141","El Paso","31.7656843","-106.455227"
"08/02/2025","AQS","481410044","1","9.7","ug/m3 LC","52","El Paso Chamizal","1","100.0000","88101","PM2.5 - Local Conditions","145","R & P Model 2025 PM-2.5 Sequential Air Sampler w/VSCC","21340","El Paso, TX","48","Texas","141","El Paso","31.7656843","-106.455227"
"08/05/2025","AQS","481410044","1","17.1","ug/m3 LC","66","El Paso Chamizal","1","100.0000","88101","PM2.5 - Local Conditions","145","R & P Model 2025 PM-2.5 Sequential Air Sampler w/VSCC","21340","El Paso, TX","48","Texas","141","El Paso","31.7656843","-106.455227"
"08/08/2025","AQS","481410044","1","17.2","ug/m3 LC","66","El Paso Chamizal","1","100.0000","88101","PM2.5 - Local Conditions","145","R & P Model 2025 PM-2.5 Sequential Air Sampler w/VSCC","21340","El Paso, TX","48","Texas","141","El Paso","31.7656843","-106.455227"
"08/11/2025","AQS","481410044","1","10.4","ug/m3 LC","53","El Paso Chamizal","1","100.0000","88101","PM2.5 - Local Conditions","145","R & P Model 2025 PM-2.5 Sequential Air Sampler w/VSCC","21340","El Paso, TX","48","Texas","141","El Paso","31.7656843","-106.455227"
"08/14/2025","AQS","481410044","1","13.7","ug/m3 LC","60","El Paso Chamizal","1","100.0000","88101","PM2.5 - Local Conditions","145","R & P Model 2025 PM-2.5 Sequential Air Sampler w/VSCC","21340","El Paso, TX","48","Texas","141","El Paso","31.7656843","-106.455227"
"08/17/2025","AQS","481410044","1","6.6","ug/m3 LC","37","El Paso Chamizal","1","100.0000","88101","PM2.5 - Local Conditions","145","R & P Model 2025 PM-2.5 Sequential Air Sampler w/VSCC","21340","El Paso, TX","48","Texas","141","El Paso","31.7656843","-106.455227"
"08/20/2025","AQS","481410044","1","7.9","ug/m3 LC","44","El Paso Chamizal","1","100.0000","88101","PM2.5 - Local Conditions","145","R & P Model 2025 PM-2.5 Sequential Air Sampler w/VSCC","21340","El Paso, TX","48","Texas","141","El Paso","31.7656843","-106.455227"
"08/23/2025","AQS","481410044","1","8.2","ug/m3 LC","46","El Paso Chamizal","1","100.0000","88101","PM2.5 - Local Conditions","145","R & P Model 2025 PM-2.5 Sequential Air Sampler w/VSCC","21340","El Paso, TX","48","Texas","141","El Paso","31.7656843","-106.455227"
"08/26/2025","AQS","481410044","1","11.6","ug/m3 LC","56","El Paso Chamizal","1","100.0000","88101","PM2.5 - Local Conditions","145","R & P Model 2025 PM-2.5 Sequential Air Sampler w/VSCC","21340","El Paso, TX","48","Texas","141","El Paso","31.7656843","-106.455227"
"08/29/2025","AQS","481410044","1","6.1","ug/m3 LC","34","El Paso Chamizal","1","100.0000","88101","PM2.5 - Local Conditions","145","R & P Model 2025 PM-2.5 Sequential Air Sampler w/VSCC","21340","El Paso, TX","48","Texas","141","El Paso","31.7656843","-106.455227"
"09/01/2025","AQS","481410044","1","8","ug/m3 LC","44","El Paso Chamizal","1","100.0000","88101","PM2.5 - Local Conditions","145","R & P Model 2025 PM-2.5 Sequential Air Sampler w/VSCC","21340","El Paso, TX","48","Texas","141","El Paso","31.7656843","-106.455227"
"09/04/2025","AQS","481410044","1","9.9","ug/m3 LC","52","El Paso Chamizal","1","100.0000","88101","PM2.5 - Local Conditions","145","R & P Model 2025 PM-2.5 Sequential Air Sampler w/VSCC","21340","El Paso, TX","48","Texas","141","El Paso","31.7656843","-106.455227"
"09/07/2025","AQS","481410044","1","5.5","ug/m3 LC","31","El Paso Chamizal","1","100.0000","88101","PM2.5 - Local Conditions","145","R & P Model 2025 PM-2.5 Sequential Air Sampler w/VSCC","21340","El Paso, TX","48","Texas","141","El Paso","31.7656843","-106.455227"
"09/10/2025","AQS","481410044","1","9.4","ug/m3 LC","52","El Paso Chamizal","1","100.0000","88101","PM2.5 - Local Conditions","145","R & P Model 2025 PM-2.5 Sequential Air Sampler w/VSCC","21340","El Paso, TX","48","Texas","141","El Paso","31.7656843","-106.455227"
"09/13/2025","AQS","481410044","1","3.3","ug/m3 LC","18","El Paso Chamizal","1","100.0000","88101","PM2.5 - Local Conditions","145","R & P Model 2025 PM-2.5 Sequential Air Sampler w/VSCC","21340","El Paso, TX","48","Texas","141","El Paso","31.7656843","-106.455227"
"09/16/2025","AQS","481410044","1","10.7","ug/m3 LC","54","El Paso Chamizal","1","100.0000","88101","PM2.5 - Local Conditions","145","R & P Model 2025 PM-2.5 Sequential Air Sampler w/VSCC","21340","El Paso, TX","48","Texas","141","El Paso","31.7656843","-106.455227"
"09/19/2025","AQS","481410044","1","5.7","ug/m3 LC","32","El Paso Chamizal","1","100.0000","88101","PM2.5 - Local Conditions","145","R & P Model 2025 PM-2.5 Sequential Air Sampler w/VSCC","21340","El Paso, TX","48","Texas","141","El Paso","31.7656843","-106.455227"
"09/22/2025","AQS","481410044","1","4.2","ug/m3 LC","23","El Paso Chamizal","1","100.0000","88101","PM2.5 - Local Conditions","145","R & P Model 2025 PM-2.5 Sequential Air Sampler w/VSCC","21340","El Paso, TX","48","Texas","141","El Paso","31.7656843","-106.455227"
"09/25/2025","AQS","481410044","1","8.4","ug/m3 LC","47","El Paso Chamizal","1","100.0000","88101","PM2.5 - Local Conditions","145","R & P Model 2025 PM-2.5 Sequential Air Sampler w/VSCC","21340","El Paso, TX","48","Texas","141","El Paso","31.7656843","-106.455227"
"09/28/2025","AQS","481410044","1","4.6","ug/m3 LC","26","El Paso Chamizal","1","100.0000","88101","PM2.5 - Local Conditions","145","R & P Model 2025 PM-2.5 Sequential Air Sampler w/VSCC","21340","El Paso, TX","48","Texas","141","El Paso","31.7656843","-106.455227"
"10/01/2025","AQS","481410044","1","9.4","ug/m3 LC","52","El Paso Chamizal","1","100.0000","88101","PM2.5 - Local Conditions","145","R & P Model 2025 PM-2.5 Sequential Air Sampler w/VSCC","21340","El Paso, TX","48","Texas","141","El Paso","31.7656843","-106.455227"
"10/04/2025","AQS","481410044","1","9.4","ug/m3 LC","52","El Paso Chamizal","1","100.0000","88101","PM2.5 - Local Conditions","145","R & P Model 2025 PM-2.5 Sequential Air Sampler w/VSCC","21340","El Paso, TX","48","Texas","141","El Paso","31.7656843","-106.455227"
"10/07/2025","AQS","481410044","1","8.4","ug/m3 LC","47","El Paso Chamizal","1","100.0000","88101","PM2.5 - Local Conditions","145","R & P Model 2025 PM-2.5 Sequential Air Sampler w/VSCC","21340","El Paso, TX","48","Texas","141","El Paso","31.7656843","-106.455227"
"10/10/2025","AQS","481410044","1","8.2","ug/m3 LC","46","El Paso Chamizal","1","100.0000","88101","PM2.5 - Local Conditions","145","R & P Model 2025 PM-2.5 Sequential Air Sampler w/VSCC","21340","El Paso, TX","48","Texas","141","El Paso","31.7656843","-106.455227"
"10/13/2025","AQS","481410044","1","5","ug/m3 LC","28","El Paso Chamizal","1","100.0000","88101","PM2.5 - Local Conditions","145","R & P Model 2025 PM-2.5 Sequential Air Sampler w/VSCC","21340","El Paso, TX","48","Texas","141","El Paso","31.7656843","-106.455227"
"10/16/2025","AQS","481410044","1","7.3","ug/m3 LC","41","El Paso Chamizal","1","100.0000","88101","PM2.5 - Local Conditions","145","R & P Model 2025 PM-2.5 Sequential Air Sampler w/VSCC","21340","El Paso, TX","48","Texas","141","El Paso","31.7656843","-106.455227"
"10/19/2025","AQS","481410044","1","15.1","ug/m3 LC","62","El Paso Chamizal","1","100.0000","88101","PM2.5 - Local Conditions","145","R & P Model 2025 PM-2.5 Sequential Air Sampler w/VSCC","21340","El Paso, TX","48","Texas","141","El Paso","31.7656843","-106.455227"
"10/22/2025","AQS","481410044","1","7.9","ug/m3 LC","44","El Paso Chamizal","1","100.0000","88101","PM2.5 - Local Conditions","145","R & P Model 2025 PM-2.5 Sequential Air Sampler w/VSCC","21340","El Paso, TX","48","Texas","141","El Paso","31.7656843","-106.455227"
"10/25/2025","AQS","481410044","1","8.8","ug/m3 LC","49","El Paso Chamizal","1","100.0000","88101","PM2.5 - Local Conditions","145","R & P Model 2025 PM-2.5 Sequential Air Sampler w/VSCC","21340","El Paso, TX","48","Texas","141","El Paso","31.7656843","-106.455227"
"10/28/2025","AQS","481410044","1","6.9","ug/m3 LC","38","El Paso Chamizal","1","100.0000","88101","PM2.5 - Local Conditions","145","R & P Model 2025 PM-2.5 Sequential Air Sampler w/VSCC","21340","El Paso, TX","48","Texas","141","El Paso","31.7656843","-106.455227"
"10/31/2025","AQS","481410044","1","22.2","ug/m3 LC","75","El Paso Chamizal","1","100.0000","88101","PM2.5 - Local Conditions","145","R & P Model 2025 PM-2.5 Sequential Air Sampler w/VSCC","21340","El Paso, TX","48","Texas","141","El Paso","31.7656843","-106.455227"
"11/03/2025","AQS","481410044","1","20.2","ug/m3 LC","72","El Paso Chamizal","1","100.0000","88101","PM2.5 - Local Conditions","145","R & P Model 2025 PM-2.5 Sequential Air Sampler w/VSCC","21340","El Paso, TX","48","Texas","141","El Paso","31.7656843","-106.455227"
"11/06/2025","AQS","481410044","1","13.3","ug/m3 LC","59","El Paso Chamizal","1","100.0000","88101","PM2.5 - Local Conditions","145","R & P Model 2025 PM-2.5 Sequential Air Sampler w/VSCC","21340","El Paso, TX","48","Texas","141","El Paso","31.7656843","-106.455227"
"11/09/2025","AQS","481410044","1","6.6","ug/m3 LC","37","El Paso Chamizal","1","100.0000","88101","PM2.5 - Local Conditions","145","R & P Model 2025 PM-2.5 Sequential Air Sampler w/VSCC","21340","El Paso, TX","48","Texas","141","El Paso","31.7656843","-106.455227"
"11/12/2025","AQS","481410044","1","21.9","ug/m3 LC","75","El Paso Chamizal","1","100.0000","88101","PM2.5 - Local Conditions","145","R & P Model 2025 PM-2.5 Sequential Air Sampler w/VSCC","21340","El Paso, TX","48","Texas","141","El Paso","31.7656843","-106.455227"
"11/15/2025","AQS","481410044","1","14.2","ug/m3 LC","61","El Paso Chamizal","1","100.0000","88101","PM2.5 - Local Conditions","145","R & P Model 2025 PM-2.5 Sequential Air Sampler w/VSCC","21340","El Paso, TX","48","Texas","141","El Paso","31.7656843","-106.455227"
"11/18/2025","AQS","481410044","1","15.7","ug/m3 LC","63","El Paso Chamizal","1","100.0000","88101","PM2.5 - Local Conditions","145","R & P Model 2025 PM-2.5 Sequential Air Sampler w/VSCC","21340","El Paso, TX","48","Texas","141","El Paso","31.7656843","-106.455227"
"11/21/2025","AQS","481410044","1","3.3","ug/m3 LC","18","El Paso Chamizal","1","100.0000","88101","PM2.5 - Local Conditions","145","R & P Model 2025 PM-2.5 Sequential Air Sampler w/VSCC","21340","El Paso, TX","48","Texas","141","El Paso","31.7656843","-106.455227"
"11/24/2025","AQS","481410044","1","1.8","ug/m3 LC","10","El Paso Chamizal","1","100.0000","88101","PM2.5 - Local Conditions","145","R & P Model 2025 PM-2.5 Sequential Air Sampler w/VSCC","21340","El Paso, TX","48","Texas","141","El Paso","31.7656843","-106.455227"
"11/27/2025","AQS","481410044","1","6.9","ug/m3 LC","38","El Paso Chamizal","1","100.0000","88101","PM2.5 - Local Conditions","145","R & P Model 2025 PM-2.5 Sequential Air Sampler w/VSCC","21340","El Paso, TX","48","Texas","141","El Paso","31.7656843","-106.455227"
"11/30/2025","AQS","481410044","1","7.6","ug/m3 LC","42","El Paso Chamizal","1","100.0000","88101","PM2.5 - Local Conditions","145","R & P Model 2025 PM-2.5 Sequential Air Sampler w/VSCC","21340","El Paso, TX","48","Texas","141","El Paso","31.7656843","-106.455227"
"12/03/2025","AQS","481410044","1","10.4","ug/m3 LC","53","El Paso Chamizal","1","100.0000","88101","PM2.5 - Local Conditions","145","R & P Model 2025 PM-2.5 Sequential Air Sampler w/VSCC","21340","El Paso, TX","48","Texas","141","El Paso","31.7656843","-106.455227"
"12/06/2025","AQS","481410044","1","3.2","ug/m3 LC","18","El Paso Chamizal","1","100.0000","88101","PM2.5 - Local Conditions","145","R & P Model 2025 PM-2.5 Sequential Air Sampler w/VSCC","21340","El Paso, TX","48","Texas","141","El Paso","31.7656843","-106.455227"
"12/09/2025","AQS","481410044","1","6.3","ug/m3 LC","35","El Paso Chamizal","1","100.0000","88101","PM2.5 - Local Conditions","145","R & P Model 2025 PM-2.5 Sequential Air Sampler w/VSCC","21340","El Paso, TX","48","Texas","141","El Paso","31.7656843","-106.455227"
"12/12/2025","AQS","481410044","1","15.5","ug/m3 LC","63","El Paso Chamizal","1","100.0000","88101","PM2.5 - Local Conditions","145","R & P Model 2025 PM-2.5 Sequential Air Sampler w/VSCC","21340","El Paso, TX","48","Texas","141","El Paso","31.7656843","-106.455227"
"12/15/2025","AQS","481410044","1","9.5","ug/m3 LC","52","El Paso Chamizal","1","100.0000","88101","PM2.5 - Local Conditions","145","R & P Model 2025 PM-2.5 Sequential Air Sampler w/VSCC","21340","El Paso, TX","48","Texas","141","El Paso","31.7656843","-106.455227"
"12/18/2025","AQS","481410044","1","10","ug/m3 LC","53","El Paso Chamizal","1","100.0000","88101","PM2.5 - Local Conditions","145","R & P Model 2025 PM-2.5 Sequential Air Sampler w/VSCC","21340","El Paso, TX","48","Texas","141","El Paso","31.7656843","-106.455227"
"12/21/2025","AQS","481410044","1","18","ug/m3 LC","68","El Paso Chamizal","1","100.0000","88101","PM2.5 - Local Conditions","145","R & P Model 2025 PM-2.5 Sequential Air Sampler w/VSCC","21340","El Paso, TX","48","Texas","141","El Paso","31.7656843","-106.455227"
"12/24/2025","AQS","481410044","1","18.6","ug/m3 LC","69","El Paso Chamizal","1","100.0000","88101","PM2.5 - Local Conditions","145","R & P Model 2025 PM-2.5 Sequential Air Sampler w/VSCC","21340","El Paso, TX","48","Texas","141","El Paso","31.7656843","-106.455227"
"12/27/2025","AQS","481410044","1","17.2","ug/m3 LC","66","El Paso Chamizal","1","100.0000","88101","PM2.5 - Local Conditions","145","R & P Model 2025 PM-2.5 Sequential Air Sampler w/VSCC","21340","El Paso, TX","48","Texas","141","El Paso","31.7656843","-106.455227"
"12/30/2025","AQS","481410044","1","6.8","ug/m3 LC","38","El Paso Chamizal","1","100.0000","88101","PM2.5 - Local Conditions","145","R & P Model 2025 PM-2.5 Sequential Air Sampler w/VSCC","21340","El Paso, TX","48","Texas","141","El Paso","31.7656843","-106.455227"
"02/19/2025","AQS","481410044","6","19.6","ug/m3 LC","71","El Paso Chamizal","1","100.0000","88101","PM2.5 - Local Conditions","638","Teledyne T640X at 16.67 LPM w/Network Data Alignment enabled","21340","El Paso, TX","48","Texas","141","El Paso","31.7656843","-106.455227"
"02/20/2025","AQS","481410044","6","11.9","ug/m3 LC","56","El Paso Chamizal","1","100.0000","88101","PM2.5 - Local Conditions","638","Teledyne T640X at 16.67 LPM w/Network Data Alignment enabled","21340","El Paso, TX","48","Texas","141","El Paso","31.7656843","-106.455227"
"02/21/2025","AQS","481410044","6","8.1","ug/m3 LC","45","El Paso Chamizal","1","100.0000","88101","PM2.5 - Local Conditions","638","Teledyne T640X at 16.67 LPM w/Network Data Alignment enabled","21340","El Paso, TX","48","Texas","141","El Paso","31.7656843","-106.455227"
"02/22/2025","AQS","481410044","6","18.9","ug/m3 LC","69","El Paso Chamizal","1","100.0000","88101","PM2.5 - Local Conditions","638","Teledyne T640X at 16.67 LPM w/Network Data Alignment enabled","21340","El Paso, TX","48","Texas","141","El Paso","31.7656843","-106.455227"
"02/23/2025","AQS","481410044","6","8.4","ug/m3 LC","47","El Paso Chamizal","1","100.0000","88101","PM2.5 - Local Conditions","638","Teledyne T640X at 16.67 LPM w/Network Data Alignment enabled","21340","El Paso, TX","48","Texas","141","El Paso","31.7656843","-106.455227"
"02/24/2025","AQS","481410044","6","15.8","ug/m3 LC","63","El Paso Chamizal","1","100.0000","88101","PM2.5 - Local Conditions","638","Teledyne T640X at 16.67 LPM w/Network Data Alignment enabled","21340","El Paso, TX","48","Texas","141","El Paso","31.7656843","-106.455227"
"02/25/2025","AQS","481410044","6","24.7","ug/m3 LC","80","El Paso Chamizal","1","100.0000","88101","PM2.5 - Local Conditions","638","Teledyne T640X at 16.67 LPM w/Network Data Alignment enabled","21340","El Paso, TX","48","Texas","141","El Paso","31.7656843","-106.455227"
"02/26/2025","AQS","481410044","6","13.8","ug/m3 LC","60","El Paso Chamizal","1","100.0000","88101","PM2.5 - Local Conditions","638","Teledyne T640X at 16.67 LPM w/Network Data Alignment enabled","21340","El Paso, TX","48","Texas","141","El Paso","31.7656843","-106.455227"
"02/27/2025","AQS","481410044","6","27.1","ug/m3 LC","85","El Paso Chamizal","1","100.0000","88101","PM2.5 - Local Conditions","638","Teledyne T640X at 16.67 LPM w/Network Data Alignment enabled","21340","El Paso, TX","48","Texas","141","El Paso","31.7656843","-106.455227"
"02/28/2025","AQS","481410044","6","11.1","ug/m3 LC","55","El Paso Chamizal","1","100.0000","88101","PM2.5 - Local Conditions","638","Teledyne T640X at 16.67 LPM w/Network Data Alignment enabled","21340","El Paso, TX","48","Texas","141","El Paso","31.7656843","-106.455227"
"03/01/2025","AQS","481410044","6","15.4","ug/m3 LC","63","El Paso Chamizal","1","100.0000","88101","PM2.5 - Local Conditions","638","Teledyne T640X at 16.67 LPM w/Network Data Alignment enabled","21340","El Paso, TX","48","Texas","141","El Paso","31.7656843","-106.455227"
"03/02/2025","AQS","481410044","6","17.3","ug/m3 LC","66","El Paso Chamizal","1","100.0000","88101","PM2.5 - Local Conditions","638","Teledyne T640X at 16.67 LPM w/Network Data Alignment enabled","21340","El Paso, TX","48","Texas","141","El Paso","31.7656843","-106.455227"
"03/03/2025","AQS","481410044","6","123.8","ug/m3 LC","199","El Paso Chamizal","1","100.0000","88101","PM2.5 - Local Conditions","638","Teledyne T640X at 16.67 LPM w/Network Data Alignment enabled","21340","El Paso, TX","48","Texas","141","El Paso","31.7656843","-106.455227"
"03/04/2025","AQS","481410044","6","126.3","ug/m3 LC","202","El Paso Chamizal","1","100.0000","88101","PM2.5 - Local Conditions","638","Teledyne T640X at 16.67 LPM w/Network Data Alignment enabled","21340","El Paso, TX","48","Texas","141","El Paso","31.7656843","-106.455227"
"03/05/2025","AQS","481410044","6","132.9","ug/m3 LC","208","El Paso Chamizal","1","100.0000","88101","PM2.5 - Local Conditions","638","Teledyne T640X at 16.67 LPM w/Network Data Alignment enabled","21340","El Paso, TX","48","Texas","141","El Paso","31.7656843","-106.455227"
"03/06/2025","AQS","481410044","6","127","ug/m3 LC","202","El Paso Chamizal","1","100.0000","88101","PM2.5 - Local Conditions","638","Teledyne T640X at 16.67 LPM w/Network Data Alignment enabled","21340","El Paso, TX","48","Texas","141","El Paso","31.7656843","-106.455227"
"03/07/2025","AirNow","481410044","6","2.4","ug/m3 LC","13","El Paso Chamizal","1","100.0000","88101","PM2.5 - Local Conditions","","","21340","El Paso, TX","48","Texas","141","El Paso","31.7656843","-106.455227"
"03/08/2025","AirNow","481410044","6","0","ug/m3 LC","0","El Paso Chamizal","1","100.0000","88101","PM2.5 - Local Conditions","","","21340","El Paso, TX","48","Texas","141","El Paso","31.7656843","-106.455227"
"03/09/2025","AirNow","481410044","6","0","ug/m3 LC","0","El Paso Chamizal","1","100.0000","88101","PM2.5 - Local Conditions","","","21340","El Paso, TX","48","Texas","141","El Paso","31.7656843","-106.455227"
"03/10/2025","AirNow","481410044","6","0","ug/m3 LC","0","El Paso Chamizal","1","100.0000","88101","PM2.5 - Local Conditions","","","21340","El Paso, TX","48","Texas","141","El Paso","31.7656843","-106.455227"
"03/11/2025","AirNow","481410044","6","0","ug/m3 LC","0","El Paso Chamizal","1","100.0000","88101","PM2.5 - Local Conditions","","","21340","El Paso, TX","48","Texas","141","El Paso","31.7656843","-106.455227"
"03/12/2025","AirNow","481410044","6","0","ug/m3 LC","0","El Paso Chamizal","1","100.0000","88101","PM2.5 - Local Conditions","","","21340","El Paso, TX","48","Texas","141","El Paso","31.7656843","-106.455227"
"03/13/2025","AirNow","481410044","6","0","ug/m3 LC","0","El Paso Chamizal","1","100.0000","88101","PM2.5 - Local Conditions","","","21340","El Paso, TX","48","Texas","141","El Paso","31.7656843","-106.455227"
"03/14/2025","AirNow","481410044","6","0","ug/m3 LC","0","El Paso Chamizal","1","100.0000","88101","PM2.5 - Local Conditions","","","21340","El Paso, TX","48","Texas","141","El Paso","31.7656843","-106.455227"
"03/15/2025","AirNow","481410044","6","0","ug/m3 LC","0","El Paso Chamizal","1","100.0000","88101","PM2.5 - Local Conditions","","","21340","El Paso, TX","48","Texas","141","El Paso","31.7656843","-106.455227"
"03/16/2025","AirNow","481410044","6","0","ug/m3 LC","0","El Paso Chamizal","1","100.0000","88101","PM2.5 - Local Conditions","","","21340","El Paso, TX","48","Texas","141","El Paso","31.7656843","-106.455227"
"03/17/2025","AirNow","481410044","6","15","ug/m3 LC","62","El Paso Chamizal","1","100.0000","88101","PM2.5 - Local Conditions","","","21340","El Paso, TX","48","Texas","141","El Paso","31.7656843","-106.455227"
"03/18/2025","AQS","481410044","6","228.6","ug/m3 LC","307","El Paso Chamizal","1","100.0000","88101","PM2.5 - Local Conditions","638","Teledyne T640X at 16.67 LPM w/Network Data Alignment enabled","21340","El Paso, TX","48","Texas","141","El Paso","31.7656843","-106.455227"
"03/19/2025","AQS","481410044","6","5.6","ug/m3 LC","31","El Paso Chamizal","1","100.0000","88101","PM2.5 - Local Conditions","638","Teledyne T640X at 16.67 LPM w/Network Data Alignment enabled","21340","El Paso, TX","48","Texas","141","El Paso","31.7656843","-106.455227"
"03/20/2025","AQS","481410044","6","11.2","ug/m3 LC","55","El Paso Chamizal","1","100.0000","88101","PM2.5 - Local Conditions","638","Teledyne T640X at 16.67 LPM w/Network Data Alignment enabled","21340","El Paso, TX","48","Texas","141","El Paso","31.7656843","-106.455227"
"03/21/2025","AQS","481410044","6","19.9","ug/m3 LC","71","El Paso Chamizal","1","100.0000","88101","PM2.5 - Local Conditions","638","Teledyne T640X at 16.67 LPM w/Network Data Alignment enabled","21340","El Paso, TX","48","Texas","141","El Paso","31.7656843","-106.455227"
"03/22/2025","AQS","481410044","6","7.9","ug/m3 LC","44","El Paso Chamizal","1","100.0000","88101","PM2.5 - Local Conditions","638","Teledyne T640X at 16.67 LPM w/Network Data Alignment enabled","21340","El Paso, TX","48","Texas","141","El Paso","31.7656843","-106.455227"
"03/23/2025","AQS","481410044","6","5.8","ug/m3 LC","32","El Paso Chamizal","1","100.0000","88101","PM2.5 - Local Conditions","638","Teledyne T640X at 16.67 LPM w/Network Data Alignment enabled","21340","El Paso, TX","48","Texas","141","El Paso","31.7656843","-106.455227"
"03/24/2025","AQS","481410044","6","9.4","ug/m3 LC","52","El Paso Chamizal","1","100.0000","88101","PM2.5 - Local Conditions","638","Teledyne T640X at 16.67 LPM w/Network Data Alignment enabled","21340","El Paso, TX","48","Texas","141","El Paso","31.7656843","-106.455227"
"03/25/2025","AQS","481410044","6","9.3","ug/m3 LC","51","El Paso Chamizal","1","100.0000","88101","PM2.5 - Local Conditions","638","Teledyne T640X at 16.67 LPM w/Network Data Alignment enabled","21340","El Paso, TX","48","Texas","141","El Paso","31.7656843","-106.455227"
"03/26/2025","AQS","481410044","6","19.1","ug/m3 LC","70","El Paso Chamizal","1","100.0000","88101","PM2.5 - Local Conditions","638","Teledyne T640X at 16.67 LPM w/Network Data Alignment enabled","21340","El Paso, TX","48","Texas","141","El Paso","31.7656843","-106.455227"
"03/27/2025","AQS","481410044","6","26.7","ug/m3 LC","84","El Paso Chamizal","1","100.0000","88101","PM2.5 - Local Conditions","638","Teledyne T640X at 16.67 LPM w/Network Data Alignment enabled","21340","El Paso, TX","48","Texas","141","El Paso","31.7656843","-106.455227"
"03/28/2025","AQS","481410044","6","17.9","ug/m3 LC","67","El Paso Chamizal","1","100.0000","88101","PM2.5 - Local Conditions","638","Teledyne T640X at 16.67 LPM w/Network Data Alignment enabled","21340","El Paso, TX","48","Texas","141","El Paso","31.7656843","-106.455227"
"03/29/2025","AQS","481410044","6","44.5","ug/m3 LC","123","El Paso Chamizal","1","100.0000","88101","PM2.5 - Local Conditions","638","Teledyne T640X at 16.67 LPM w/Network Data Alignment enabled","21340","El Paso, TX","48","Texas","141","El Paso","31.7656843","-106.455227"
"03/30/2025","AQS","481410044","6","14.6","ug/m3 LC","61","El Paso Chamizal","1","100.0000","88101","PM2.5 - Local Conditions","638","Teledyne T640X at 16.67 LPM w/Network Data Alignment enabled","21340","El Paso, TX","48","Texas","141","El Paso","31.7656843","-106.455227"
"03/31/2025","AQS","481410044","6","13.2","ug/m3 LC","59","El Paso Chamizal","1","100.0000","88101","PM2.5 - Local Conditions","638","Teledyne T640X at 16.67 LPM w/Network Data Alignment enabled","21340","El Paso, TX","48","Texas","141","El Paso","31.7656843","-106.455227"
"04/01/2025","AQS","481410044","6","167","ug/m3 LC","242","El Paso Chamizal","1","100.0000","88101","PM2.5 - Local Conditions","638","Teledyne T640X at 16.67 LPM w/Network Data Alignment enabled","21340","El Paso, TX","48","Texas","141","El Paso","31.7656843","-106.455227"
"04/02/2025","AQS","481410044","6","28.6","ug/m3 LC","87","El Paso Chamizal","1","100.0000","88101","PM2.5 - Local Conditions","638","Teledyne T640X at 16.67 LPM w/Network Data Alignment enabled","21340","El Paso, TX","48","Texas","141","El Paso","31.7656843","-106.455227"
"04/03/2025","AQS","481410044","6","9.6","ug/m3 LC","52","El Paso Chamizal","1","100.0000","88101","PM2.5 - Local Conditions","638","Teledyne T640X at 16.67 LPM w/Network Data Alignment enabled","21340","El Paso, TX","48","Texas","141","El Paso","31.7656843","-106.455227"
"04/04/2025","AQS","481410044","6","5.9","ug/m3 LC","33","El Paso Chamizal","1","100.0000","88101","PM2.5 - Local Conditions","638","Teledyne T640X at 16.67 LPM w/Network Data Alignment enabled","21340","El Paso, TX","48","Texas","141","El Paso","31.7656843","-106.455227"
"04/05/2025","AQS","481410044","6","4.1","ug/m3 LC","23","El Paso Chamizal","1","100.0000","88101","PM2.5 - Local Conditions","638","Teledyne T640X at 16.67 LPM w/Network Data Alignment enabled","21340","El Paso, TX","48","Texas","141","El Paso","31.7656843","-106.455227"
"04/06/2025","AQS","481410044","6","6.8","ug/m3 LC","38","El Paso Chamizal","1","100.0000","88101","PM2.5 - Local Conditions","638","Teledyne T640X at 16.67 LPM w/Network Data Alignment enabled","21340","El Paso, TX","48","Texas","141","El Paso","31.7656843","-106.455227"
"04/07/2025","AQS","481410044","6","13","ug/m3 LC","58","El Paso Chamizal","1","100.0000","88101","PM2.5 - Local Conditions","638","Teledyne T640X at 16.67 LPM w/Network Data Alignment enabled","21340","El Paso, TX","48","Texas","141","El Paso","31.7656843","-106.455227"
"04/08/2025","AQS","481410044","6","14","ug/m3 LC","60","El Paso Chamizal","1","100.0000","88101","PM2.5 - Local Conditions","638","Teledyne T640X at 16.67 LPM w/Network Data Alignment enabled","21340","El Paso, TX","48","Texas","141","El Paso","31.7656843","-106.455227"
"04/09/2025","AQS","481410044","6","14.7","ug/m3 LC","61","El Paso Chamizal","1","100.0000","88101","PM2.5 - Local Conditions","638","Teledyne T640X at 16.67 LPM w/Network Data Alignment enabled","21340","El Paso, TX","48","Texas","141","El Paso","31.7656843","-106.455227"
"04/10/2025","AQS","481410044","6","12.5","ug/m3 LC","57","El Paso Chamizal","1","100.0000","88101","PM2.5 - Local Conditions","638","Teledyne T640X at 16.67 LPM w/Network Data Alignment enabled","21340","El Paso, TX","48","Texas","141","El Paso","31.7656843","-106.455227"
"04/11/2025","AQS","481410044","6","10.8","ug/m3 LC","54","El Paso Chamizal","1","100.0000","88101","PM2.5 - Local Conditions","638","Teledyne T640X at 16.67 LPM w/Network Data Alignment enabled","21340","El Paso, TX","48","Texas","141","El Paso","31.7656843","-106.455227"
"04/12/2025","AQS","481410044","6","15.3","ug/m3 LC","63","El Paso Chamizal","1","100.0000","88101","PM2.5 - Local Conditions","638","Teledyne T640X at 16.67 LPM w/Network Data Alignment enabled","21340","El Paso, TX","48","Texas","141","El Paso","31.7656843","-106.455227"
"04/13/2025","AQS","481410044","6","15.2","ug/m3 LC","62","El Paso Chamizal","1","100.0000","88101","PM2.5 - Local Conditions","638","Teledyne T640X at 16.67 LPM w/Network Data Alignment enabled","21340","El Paso, TX","48","Texas","141","El Paso","31.7656843","-106.455227"
"04/14/2025","AQS","481410044","6","17.8","ug/m3 LC","67","El Paso Chamizal","1","100.0000","88101","PM2.5 - Local Conditions","638","Teledyne T640X at 16.67 LPM w/Network Data Alignment enabled","21340","El Paso, TX","48","Texas","141","El Paso","31.7656843","-106.455227"
"04/15/2025","AQS","481410044","6","14.4","ug/m3 LC","61","El Paso Chamizal","1","100.0000","88101","PM2.5 - Local Conditions","638","Teledyne T640X at 16.67 LPM w/Network Data Alignment enabled","21340","El Paso, TX","48","Texas","141","El Paso","31.7656843","-106.455227"
"04/16/2025","AQS","481410044","6","31.7","ug/m3 LC","93","El Paso Chamizal","1","100.0000","88101","PM2.5 - Local Conditions","638","Teledyne T640X at 16.67 LPM w/Network Data Alignment enabled","21340","El Paso, TX","48","Texas","141","El Paso","31.7656843","-106.455227"
"04/17/2025","AQS","481410044","6","103.8","ug/m3 LC","185","El Paso Chamizal","1","100.0000","88101","PM2.5 - Local Conditions","638","Teledyne T640X at 16.67 LPM w/Network Data Alignment enabled","21340","El Paso, TX","48","Texas","141","El Paso","31.7656843","-106.455227"
"04/18/2025","AQS","481410044","6","92","ug/m3 LC","177","El Paso Chamizal","1","100.0000","88101","PM2.5 - Local Conditions","638","Teledyne T640X at 16.67 LPM w/Network Data Alignment enabled","21340","El Paso, TX","48","Texas","141","El Paso","31.7656843","-106.455227"
"04/19/2025","AQS","481410044","6","12.7","ug/m3 LC","58","El Paso Chamizal","1","100.0000","88101","PM2.5 - Local Conditions","638","Teledyne T640X at 16.67 LPM w/Network Data Alignment enabled","21340","El Paso, TX","48","Texas","141","El Paso","31.7656843","-106.455227"
"04/20/2025","AQS","481410044","6","7","ug/m3 LC","39","El Paso Chamizal","1","100.0000","88101","PM2.5 - Local Conditions","638","Teledyne T640X at 16.67 LPM w/Network Data Alignment enabled","21340","El Paso, TX","48","Texas","141","El Paso","31.7656843","-106.455227"
"04/21/2025","AQS","481410044","6","9.7","ug/m3 LC","52","El Paso Chamizal","1","100.0000","88101","PM2.5 - Local Conditions","638","Teledyne T640X at 16.67 LPM w/Network Data Alignment enabled","21340","El Paso, TX","48","Texas","141","El Paso","31.7656843","-106.455227"
"04/22/2025","AQS","481410044","6","12","ug/m3 LC","56","El Paso Chamizal","1","100.0000","88101","PM2.5 - Local Conditions","638","Teledyne T640X at 16.67 LPM w/Network Data Alignment enabled","21340","El Paso, TX","48","Texas","141","El Paso","31.7656843","-106.455227"
"04/23/2025","AQS","481410044","6","7.7","ug/m3 LC","43","El Paso Chamizal","1","100.0000","88101","PM2.5 - Local Conditions","638","Teledyne T640X at 16.67 LPM w/Network Data Alignment enabled","21340","El Paso, TX","48","Texas","141","El Paso","31.7656843","-106.455227"
"04/24/2025","AQS","481410044","6","10.9","ug/m3 LC","54","El Paso Chamizal","1","100.0000","88101","PM2.5 - Local Conditions","638","Teledyne T640X at 16.67 LPM w/Network Data Alignment enabled","21340","El Paso, TX","48","Texas","141","El Paso","31.7656843","-106.455227"
"04/25/2025","AQS","481410044","6","12.6","ug/m3 LC","58","El Paso Chamizal","1","100.0000","88101","PM2.5 - Local Conditions","638","Teledyne T640X at 16.67 LPM w/Network Data Alignment enabled","21340","El Paso, TX","48","Texas","141","El Paso","31.7656843","-106.455227"
"04/26/2025","AQS","481410044","6","14","ug/m3 LC","60","El Paso Chamizal","1","100.0000","88101","PM2.5 - Local Conditions","638","Teledyne T640X at 16.67 LPM w/Network Data Alignment enabled","21340","El Paso, TX","48","Texas","141","El Paso","31.7656843","-106.455227"
"04/27/2025","AQS","481410044","6","145.2","ug/m3 LC","221","El Paso Chamizal","1","100.0000","88101","PM2.5 - Local Conditions","638","Teledyne T640X at 16.67 LPM w/Network Data Alignment enabled","21340","El Paso, TX","48","Texas","141","El Paso","31.7656843","-106.455227"
"04/28/2025","AQS","481410044","6","15.3","ug/m3 LC","63","El Paso Chamizal","1","100.0000","88101","PM2.5 - Local Conditions","638","Teledyne T640X at 16.67 LPM w/Network Data Alignment enabled","21340","El Paso, TX","48","Texas","141","El Paso","31.7656843","-106.455227"
"04/29/2025","AQS","481410044","6","13.3","ug/m3 LC","59","El Paso Chamizal","1","100.0000","88101","PM2.5 - Local Conditions","638","Teledyne T640X at 16.67 LPM w/Network Data Alignment enabled","21340","El Paso, TX","48","Texas","141","El Paso","31.7656843","-106.455227"
"04/30/2025","AQS","481410044","6","8.3","ug/m3 LC","46","El Paso Chamizal","1","100.0000","88101","PM2.5 - Local Conditions","638","Teledyne T640X at 16.67 LPM w/Network Data Alignment enabled","21340","El Paso, TX","48","Texas","141","El Paso","31.7656843","-106.455227"
"05/01/2025","AQS","481410044","6","16.2","ug/m3 LC","64","El Paso Chamizal","1","100.0000","88101","PM2.5 - Local Conditions","638","Teledyne T640X at 16.67 LPM w/Network Data Alignment enabled","21340","El Paso, TX","48","Texas","141","El Paso","31.7656843","-106.455227"
"05/02/2025","AQS","481410044","6","13.5","ug/m3 LC","59","El Paso Chamizal","1","100.0000","88101","PM2.5 - Local Conditions","638","Teledyne T640X at 16.67 LPM w/Network Data Alignment enabled","21340","El Paso, TX","48","Texas","141","El Paso","31.7656843","-106.455227"
"05/03/2025","AirNow","481410044","6","7.3","ug/m3 LC","41","El Paso Chamizal","1","100.0000","88101","PM2.5 - Local Conditions","","","21340","El Paso, TX","48","Texas","141","El Paso","31.7656843","-106.455227"
"05/04/2025","AirNow","481410044","6","16.1","ug/m3 LC","64","El Paso Chamizal","1","100.0000","88101","PM2.5 - Local Conditions","","","21340","El Paso, TX","48","Texas","141","El Paso","31.7656843","-106.455227"
"05/05/2025","AirNow","481410044","6","13.1","ug/m3 LC","58","El Paso Chamizal","1","100.0000","88101","PM2.5 - Local Conditions","","","21340","El Paso, TX","48","Texas","141","El Paso","31.7656843","-106.455227"
"05/06/2025","AirNow","481410044","6","7.3","ug/m3 LC","41","El Paso Chamizal","1","100.0000","88101","PM2.5 - Local Conditions","","","21340","El Paso, TX","48","Texas","141","El Paso","31.7656843","-106.455227"
"05/07/2025","AirNow","481410044","6","6.8","ug/m3 LC","38","El Paso Chamizal","1","100.0000","88101","PM2.5 - Local Conditions","","","21340","El Paso, TX","48","Texas","141","El Paso","31.7656843","-106.455227"
"05/08/2025","AirNow","481410044","6","6.7","ug/m3 LC","37","El Paso Chamizal","1","100.0000","88101","PM2.5 - Local Conditions","","","21340","El Paso, TX","48","Texas","141","El Paso","31.7656843","-106.455227"
"05/09/2025","AirNow","481410044","6","5.9","ug/m3 LC","33","El Paso Chamizal","1","100.0000","88101","PM2.5 - Local Conditions","","","21340","El Paso, TX","48","Texas","141","El Paso","31.7656843","-106.455227"
"05/10/2025","AirNow","481410044","6","8.1","ug/m3 LC","45","El Paso Chamizal","1","100.0000","88101","PM2.5 - Local Conditions","","","21340","El Paso, TX","48","Texas","141","El Paso","31.7656843","-106.455227"
"05/11/2025","AirNow","481410044","6","13.2","ug/m3 LC","59","El Paso Chamizal","1","100.0000","88101","PM2.5 - Local Conditions","","","21340","El Paso, TX","48","Texas","141","El Paso","31.7656843","-106.455227"
"05/12/2025","AirNow","481410044","6","15.7","ug/m3 LC","63","El Paso Chamizal","1","100.0000","88101","PM2.5 - Local Conditions","","","21340","El Paso, TX","48","Texas","141","El Paso","31.7656843","-106.455227"
"05/13/2025","AirNow","481410044","6","46.1","ug/m3 LC","127","El Paso Chamizal","1","100.0000","88101","PM2.5 - Local Conditions","","","21340","El Paso, TX","48","Texas","141","El Paso","31.7656843","-106.455227"
"05/14/2025","AirNow","481410044","6","51.7","ug/m3 LC","141","El Paso Chamizal","1","100.0000","88101","PM2.5 - Local Conditions","","","21340","El Paso, TX","48","Texas","141","El Paso","31.7656843","-106.455227"
"05/15/2025","AirNow","481410044","6","8.2","ug/m3 LC","46","El Paso Chamizal","1","100.0000","88101","PM2.5 - Local Conditions","","","21340","El Paso, TX","48","Texas","141","El Paso","31.7656843","-106.455227"
"05/16/2025","AirNow","481410044","6","9.3","ug/m3 LC","51","El Paso Chamizal","1","100.0000","88101","PM2.5 - Local Conditions","","","21340","El Paso, TX","48","Texas","141","El Paso","31.7656843","-106.455227"
"05/17/2025","AirNow","481410044","6","12.6","ug/m3 LC","58","El Paso Chamizal","1","100.0000","88101","PM2.5 - Local Conditions","","","21340","El Paso, TX","48","Texas","141","El Paso","31.7656843","-106.455227"
"05/18/2025","AirNow","481410044","6","15.3","ug/m3 LC","63","El Paso Chamizal","1","100.0000","88101","PM2.5 - Local Conditions","","","21340","El Paso, TX","48","Texas","141","El Paso","31.7656843","-106.455227"
"05/19/2025","AirNow","481410044","6","21.3","ug/m3 LC","74","El Paso Chamizal","1","100.0000","88101","PM2.5 - Local Conditions","","","21340","El Paso, TX","48","Texas","141","El Paso","31.7656843","-106.455227"
"05/20/2025","AirNow","481410044","6","11.6","ug/m3 LC","56","El Paso Chamizal","1","100.0000","88101","PM2.5 - Local Conditions","","","21340","El Paso, TX","48","Texas","141","El Paso","31.7656843","-106.455227"
"05/21/2025","AirNow","481410044","6","14.1","ug/m3 LC","60","El Paso Chamizal","1","100.0000","88101","PM2.5 - Local Conditions","","","21340","El Paso, TX","48","Texas","141","El Paso","31.7656843","-106.455227"
"05/22/2025","AirNow","481410044","6","19","ug/m3 LC","69","El Paso Chamizal","1","100.0000","88101","PM2.5 - Local Conditions","","","21340","El Paso, TX","48","Texas","141","El Paso","31.7656843","-106.455227"
"05/23/2025","AirNow","481410044","6","13","ug/m3 LC","58","El Paso Chamizal","1","100.0000","88101","PM2.5 - Local Conditions","","","21340","El Paso, TX","48","Texas","141","El Paso","31.7656843","-106.455227"
"05/24/2025","AirNow","481410044","6","13","ug/m3 LC","58","El Paso Chamizal","1","100.0000","88101","PM2.5 - Local Conditions","","","21340","El Paso, TX","48","Texas","141","El Paso","31.7656843","-106.455227"
"05/25/2025","AirNow","481410044","6","16.1","ug/m3 LC","64","El Paso Chamizal","1","100.0000","88101","PM2.5 - Local Conditions","","","21340","El Paso, TX","48","Texas","141","El Paso","31.7656843","-106.455227"
"05/26/2025","AirNow","481410044","6","10.4","ug/m3 LC","53","El Paso Chamizal","1","100.0000","88101","PM2.5 - Local Conditions","","","21340","El Paso, TX","48","Texas","141","El Paso","31.7656843","-106.455227"
"05/27/2025","AirNow","481410044","6","15.4","ug/m3 LC","63","El Paso Chamizal","1","100.0000","88101","PM2.5 - Local Conditions","","","21340","El Paso, TX","48","Texas","141","El Paso","31.7656843","-106.455227"
"05/28/2025","AirNow","481410044","6","15.1","ug/m3 LC","62","El Paso Chamizal","1","100.0000","88101","PM2.5 - Local Conditions","","","21340","El Paso, TX","48","Texas","141","El Paso","31.7656843","-106.455227"
"05/29/2025","AirNow","481410044","6","16.7","ug/m3 LC","65","El Paso Chamizal","1","100.0000","88101","PM2.5 - Local Conditions","","","21340","El Paso, TX","48","Texas","141","El Paso","31.7656843","-106.455227"
"05/30/2025","AirNow","481410044","6","22","ug/m3 LC","75","El Paso Chamizal","1","100.0000","88101","PM2.5 - Local Conditions","","","21340","El Paso, TX","48","Texas","141","El Paso","31.7656843","-106.455227"
"05/31/2025","AirNow","481410044","6","18.1","ug/m3 LC","68","El Paso Chamizal","1","100.0000","88101","PM2.5 - Local Conditions","","","21340","El Paso, TX","48","Texas","141","El Paso","31.7656843","-106.455227"
"06/01/2025","AirNow","481410044","6","15.1","ug/m3 LC","62","El Paso Chamizal","1","100.0000","88101","PM2.5 - Local Conditions","","","21340","El Paso, TX","48","Texas","141","El Paso","31.7656843","-106.455227"
"06/02/2025","AirNow","481410044","6","18.1","ug/m3 LC","68","El Paso Chamizal","1","100.0000","88101","PM2.5 - Local Conditions","","","21340","El Paso, TX","48","Texas","141","El Paso","31.7656843","-106.455227"
"06/03/2025","AirNow","481410044","6","13","ug/m3 LC","58","El Paso Chamizal","1","100.0000","88101","PM2.5 - Local Conditions","","","21340","El Paso, TX","48","Texas","141","El Paso","31.7656843","-106.455227"
"06/04/2025","AirNow","481410044","6","6.1","ug/m3 LC","34","El Paso Chamizal","1","100.0000","88101","PM2.5 - Local Conditions","","","21340","El Paso, TX","48","Texas","141","El Paso","31.7656843","-106.455227"
"06/05/2025","AirNow","481410044","6","5","ug/m3 LC","28","El Paso Chamizal","1","100.0000","88101","PM2.5 - Local Conditions","","","21340","El Paso, TX","48","Texas","141","El Paso","31.7656843","-106.455227"
"06/06/2025","AQS","481410044","6","7.4","ug/m3 LC","41","El Paso Chamizal","1","100.0000","88101","PM2.5 - Local Conditions","638","Teledyne T640X at 16.67 LPM w/Network Data Alignment enabled","21340","El Paso, TX","48","Texas","141","El Paso","31.7656843","-106.455227"
"06/07/2025","AQS","481410044","6","5.7","ug/m3 LC","32","El Paso Chamizal","1","100.0000","88101","PM2.5 - Local Conditions","638","Teledyne T640X at 16.67 LPM w/Network Data Alignment enabled","21340","El Paso, TX","48","Texas","141","El Paso","31.7656843","-106.455227"
"06/08/2025","AQS","481410044","6","5.4","ug/m3 LC","30","El Paso Chamizal","1","100.0000","88101","PM2.5 - Local Conditions","638","Teledyne T640X at 16.67 LPM w/Network Data Alignment enabled","21340","El Paso, TX","48","Texas","141","El Paso","31.7656843","-106.455227"
"06/09/2025","AQS","481410044","6","10.8","ug/m3 LC","54","El Paso Chamizal","1","100.0000","88101","PM2.5 - Local Conditions","638","Teledyne T640X at 16.67 LPM w/Network Data Alignment enabled","21340","El Paso, TX","48","Texas","141","El Paso","31.7656843","-106.455227"
"06/10/2025","AQS","481410044","6","12","ug/m3 LC","56","El Paso Chamizal","1","100.0000","88101","PM2.5 - Local Conditions","638","Teledyne T640X at 16.67 LPM w/Network Data Alignment enabled","21340","El Paso, TX","48","Texas","141","El Paso","31.7656843","-106.455227"
"06/11/2025","AQS","481410044","6","6.5","ug/m3 LC","36","El Paso Chamizal","1","100.0000","88101","PM2.5 - Local Conditions","638","Teledyne T640X at 16.67 LPM w/Network Data Alignment enabled","21340","El Paso, TX","48","Texas","141","El Paso","31.7656843","-106.455227"
"06/12/2025","AQS","481410044","6","7.8","ug/m3 LC","43","El Paso Chamizal","1","100.0000","88101","PM2.5 - Local Conditions","638","Teledyne T640X at 16.67 LPM w/Network Data Alignment enabled","21340","El Paso, TX","48","Texas","141","El Paso","31.7656843","-106.455227"
"06/13/2025","AQS","481410044","6","13.6","ug/m3 LC","59","El Paso Chamizal","1","100.0000","88101","PM2.5 - Local Conditions","638","Teledyne T640X at 16.67 LPM w/Network Data Alignment enabled","21340","El Paso, TX","48","Texas","141","El Paso","31.7656843","-106.455227"
"06/14/2025","AQS","481410044","6","14.3","ug/m3 LC","61","El Paso Chamizal","1","100.0000","88101","PM2.5 - Local Conditions","638","Teledyne T640X at 16.67 LPM w/Network Data Alignment enabled","21340","El Paso, TX","48","Texas","141","El Paso","31.7656843","-106.455227"
"06/15/2025","AQS","481410044","6","27.9","ug/m3 LC","86","El Paso Chamizal","1","100.0000","88101","PM2.5 - Local Conditions","638","Teledyne T640X at 16.67 LPM w/Network Data Alignment enabled","21340","El Paso, TX","48","Texas","141","El Paso","31.7656843","-106.455227"
"06/16/2025","AQS","481410044","6","18.1","ug/m3 LC","68","El Paso Chamizal","1","100.0000","88101","PM2.5 - Local Conditions","638","Teledyne T640X at 16.67 LPM w/Network Data Alignment enabled","21340","El Paso, TX","48","Texas","141","El Paso","31.7656843","-106.455227"
"06/17/2025","AQS","481410044","6","13.7","ug/m3 LC","60","El Paso Chamizal","1","100.0000","88101","PM2.5 - Local Conditions","638","Teledyne T640X at 16.67 LPM w/Network Data Alignment enabled","21340","El Paso, TX","48","Texas","141","El Paso","31.7656843","-106.455227"
"06/18/2025","AQS","481410044","6","14.5","ug/m3 LC","61","El Paso Chamizal","1","100.0000","88101","PM2.5 - Local Conditions","638","Teledyne T640X at 16.67 LPM w/Network Data Alignment enabled","21340","El Paso, TX","48","Texas","141","El Paso","31.7656843","-106.455227"
"06/19/2025","AQS","481410044","6","11.3","ug/m3 LC","55","El Paso Chamizal","1","100.0000","88101","PM2.5 - Local Conditions","638","Teledyne T640X at 16.67 LPM w/Network Data Alignment enabled","21340","El Paso, TX","48","Texas","141","El Paso","31.7656843","-106.455227"
"06/20/2025","AQS","481410044","6","16.1","ug/m3 LC","64","El Paso Chamizal","1","100.0000","88101","PM2.5 - Local Conditions","638","Teledyne T640X at 16.67 LPM w/Network Data Alignment enabled","21340","El Paso, TX","48","Texas","141","El Paso","31.7656843","-106.455227"
"06/21/2025","AQS","481410044","6","12.8","ug/m3 LC","58","El Paso Chamizal","1","100.0000","88101","PM2.5 - Local Conditions","638","Teledyne T640X at 16.67 LPM w/Network Data Alignment enabled","21340","El Paso, TX","48","Texas","141","El Paso","31.7656843","-106.455227"
"06/22/2025","AQS","481410044","6","11.1","ug/m3 LC","55","El Paso Chamizal","1","100.0000","88101","PM2.5 - Local Conditions","638","Teledyne T640X at 16.67 LPM w/Network Data Alignment enabled","21340","El Paso, TX","48","Texas","141","El Paso","31.7656843","-106.455227"
"06/23/2025","AQS","481410044","6","7.7","ug/m3 LC","43","El Paso Chamizal","1","100.0000","88101","PM2.5 - Local Conditions","638","Teledyne T640X at 16.67 LPM w/Network Data Alignment enabled","21340","El Paso, TX","48","Texas","141","El Paso","31.7656843","-106.455227"
"06/24/2025","AQS","481410044","6","4.9","ug/m3 LC","27","El Paso Chamizal","1","100.0000","88101","PM2.5 - Local Conditions","638","Teledyne T640X at 16.67 LPM w/Network Data Alignment enabled","21340","El Paso, TX","48","Texas","141","El Paso","31.7656843","-106.455227"
"06/25/2025","AQS","481410044","6","5","ug/m3 LC","28","El Paso Chamizal","1","100.0000","88101","PM2.5 - Local Conditions","638","Teledyne T640X at 16.67 LPM w/Network Data Alignment enabled","21340","El Paso, TX","48","Texas","141","El Paso","31.7656843","-106.455227"
"06/26/2025","AQS","481410044","6","4.8","ug/m3 LC","27","El Paso Chamizal","1","100.0000","88101","PM2.5 - Local Conditions","638","Teledyne T640X at 16.67 LPM w/Network Data Alignment enabled","21340","El Paso, TX","48","Texas","141","El Paso","31.7656843","-106.455227"
"06/27/2025","AQS","481410044","6","5.7","ug/m3 LC","32","El Paso Chamizal","1","100.0000","88101","PM2.5 - Local Conditions","638","Teledyne T640X at 16.67 LPM w/Network Data Alignment enabled","21340","El Paso, TX","48","Texas","141","El Paso","31.7656843","-106.455227"
"06/28/2025","AQS","481410044","6","4.8","ug/m3 LC","27","El Paso Chamizal","1","100.0000","88101","PM2.5 - Local Conditions","638","Teledyne T640X at 16.67 LPM w/Network Data Alignment enabled","21340","El Paso, TX","48","Texas","141","El Paso","31.7656843","-106.455227"
"06/29/2025","AQS","481410044","6","4.8","ug/m3 LC","27","El Paso Chamizal","1","100.0000","88101","PM2.5 - Local Conditions","638","Teledyne T640X at 16.67 LPM w/Network Data Alignment enabled","21340","El Paso, TX","48","Texas","141","El Paso","31.7656843","-106.455227"
"06/30/2025","AQS","481410044","6","6.7","ug/m3 LC","37","El Paso Chamizal","1","100.0000","88101","PM2.5 - Local Conditions","638","Teledyne T640X at 16.67 LPM w/Network Data Alignment enabled","21340","El Paso, TX","48","Texas","141","El Paso","31.7656843","-106.455227"
"07/01/2025","AQS","481410044","6","4.9","ug/m3 LC","27","El Paso Chamizal","1","100.0000","88101","PM2.5 - Local Conditions","638","Teledyne T640X at 16.67 LPM w/Network Data Alignment enabled","21340","El Paso, TX","48","Texas","141","El Paso","31.7656843","-106.455227"
"07/02/2025","AQS","481410044","6","3.7","ug/m3 LC","21","El Paso Chamizal","1","100.0000","88101","PM2.5 - Local Conditions","638","Teledyne T640X at 16.67 LPM w/Network Data Alignment enabled","21340","El Paso, TX","48","Texas","141","El Paso","31.7656843","-106.455227"
"07/03/2025","AQS","481410044","6","4.6","ug/m3 LC","26","El Paso Chamizal","1","100.0000","88101","PM2.5 - Local Conditions","638","Teledyne T640X at 16.67 LPM w/Network Data Alignment enabled","21340","El Paso, TX","48","Texas","141","El Paso","31.7656843","-106.455227"
"07/04/2025","AQS","481410044","6","5.2","ug/m3 LC","29","El Paso Chamizal","1","100.0000","88101","PM2.5 - Local Conditions","638","Teledyne T640X at 16.67 LPM w/Network Data Alignment enabled","21340","El Paso, TX","48","Texas","141","El Paso","31.7656843","-106.455227"
"07/05/2025","AQS","481410044","6","6.4","ug/m3 LC","36","El Paso Chamizal","1","100.0000","88101","PM2.5 - Local Conditions","638","Teledyne T640X at 16.67 LPM w/Network Data Alignment enabled","21340","El Paso, TX","48","Texas","141","El Paso","31.7656843","-106.455227"
"07/06/2025","AQS","481410044","6","9.7","ug/m3 LC","52","El Paso Chamizal","1","100.0000","88101","PM2.5 - Local Conditions","638","Teledyne T640X at 16.67 LPM w/Network Data Alignment enabled","21340","El Paso, TX","48","Texas","141","El Paso","31.7656843","-106.455227"
"07/07/2025","AQS","481410044","6","9.5","ug/m3 LC","52","El Paso Chamizal","1","100.0000","88101","PM2.5 - Local Conditions","638","Teledyne T640X at 16.67 LPM w/Network Data Alignment enabled","21340","El Paso, TX","48","Texas","141","El Paso","31.7656843","-106.455227"
"07/08/2025","AQS","481410044","6","12.9","ug/m3 LC","58","El Paso Chamizal","1","100.0000","88101","PM2.5 - Local Conditions","638","Teledyne T640X at 16.67 LPM w/Network Data Alignment enabled","21340","El Paso, TX","48","Texas","141","El Paso","31.7656843","-106.455227"
"07/09/2025","AQS","481410044","6","11.1","ug/m3 LC","55","El Paso Chamizal","1","100.0000","88101","PM2.5 - Local Conditions","638","Teledyne T640X at 16.67 LPM w/Network Data Alignment enabled","21340","El Paso, TX","48","Texas","141","El Paso","31.7656843","-106.455227"
"07/10/2025","AQS","481410044","6","30.1","ug/m3 LC","90","El Paso Chamizal","1","100.0000","88101","PM2.5 - Local Conditions","638","Teledyne T640X at 16.67 LPM w/Network Data Alignment enabled","21340","El Paso, TX","48","Texas","141","El Paso","31.7656843","-106.455227"
"07/11/2025","AQS","481410044","6","25.9","ug/m3 LC","82","El Paso Chamizal","1","100.0000","88101","PM2.5 - Local Conditions","638","Teledyne T640X at 16.67 LPM w/Network Data Alignment enabled","21340","El Paso, TX","48","Texas","141","El Paso","31.7656843","-106.455227"
"07/12/2025","AQS","481410044","6","26.6","ug/m3 LC","84","El Paso Chamizal","1","100.0000","88101","PM2.5 - Local Conditions","638","Teledyne T640X at 16.67 LPM w/Network Data Alignment enabled","21340","El Paso, TX","48","Texas","141","El Paso","31.7656843","-106.455227"
"07/13/2025","AQS","481410044","6","17.7","ug/m3 LC","67","El Paso Chamizal","1","100.0000","88101","PM2.5 - Local Conditions","638","Teledyne T640X at 16.67 LPM w/Network Data Alignment enabled","21340","El Paso, TX","48","Texas","141","El Paso","31.7656843","-106.455227"
"07/14/2025","AQS","481410044","6","8.1","ug/m3 LC","45","El Paso Chamizal","1","100.0000","88101","PM2.5 - Local Conditions","638","Teledyne T640X at 16.67 LPM w/Network Data Alignment enabled","21340","El Paso, TX","48","Texas","141","El Paso","31.7656843","-106.455227"
"07/15/2025","AQS","481410044","6","11.2","ug/m3 LC","55","El Paso Chamizal","1","100.0000","88101","PM2.5 - Local Conditions","638","Teledyne T640X at 16.67 LPM w/Network Data Alignment enabled","21340","El Paso, TX","48","Texas","141","El Paso","31.7656843","-106.455227"
"07/16/2025","AQS","481410044","6","9.5","ug/m3 LC","52","El Paso Chamizal","1","100.0000","88101","PM2.5 - Local Conditions","638","Teledyne T640X at 16.67 LPM w/Network Data Alignment enabled","21340","El Paso, TX","48","Texas","141","El Paso","31.7656843","-106.455227"
"07/17/2025","AQS","481410044","6","8.8","ug/m3 LC","49","El Paso Chamizal","1","100.0000","88101","PM2.5 - Local Conditions","638","Teledyne T640X at 16.67 LPM w/Network Data Alignment enabled","21340","El Paso, TX","48","Texas","141","El Paso","31.7656843","-106.455227"
"07/18/2025","AQS","481410044","6","6.7","ug/m3 LC","37","El Paso Chamizal","1","100.0000","88101","PM2.5 - Local Conditions","638","Teledyne T640X at 16.67 LPM w/Network Data Alignment enabled","21340","El Paso, TX","48","Texas","141","El Paso","31.7656843","-106.455227"
"07/19/2025","AQS","481410044","6","6.4","ug/m3 LC","36","El Paso Chamizal","1","100.0000","88101","PM2.5 - Local Conditions","638","Teledyne T640X at 16.67 LPM w/Network Data Alignment enabled","21340","El Paso, TX","48","Texas","141","El Paso","31.7656843","-106.455227"
"07/20/2025","AQS","481410044","6","13.2","ug/m3 LC","59","El Paso Chamizal","1","100.0000","88101","PM2.5 - Local Conditions","638","Teledyne T640X at 16.67 LPM w/Network Data Alignment enabled","21340","El Paso, TX","48","Texas","141","El Paso","31.7656843","-106.455227"
"07/21/2025","AQS","481410044","6","9.8","ug/m3 LC","52","El Paso Chamizal","1","100.0000","88101","PM2.5 - Local Conditions","638","Teledyne T640X at 16.67 LPM w/Network Data Alignment enabled","21340","El Paso, TX","48","Texas","141","El Paso","31.7656843","-106.455227"
"07/22/2025","AQS","481410044","6","5.8","ug/m3 LC","32","El Paso Chamizal","1","100.0000","88101","PM2.5 - Local Conditions","638","Teledyne T640X at 16.67 LPM w/Network Data Alignment enabled","21340","El Paso, TX","48","Texas","141","El Paso","31.7656843","-106.455227"
"07/23/2025","AQS","481410044","6","4.1","ug/m3 LC","23","El Paso Chamizal","1","100.0000","88101","PM2.5 - Local Conditions","638","Teledyne T640X at 16.67 LPM w/Network Data Alignment enabled","21340","El Paso, TX","48","Texas","141","El Paso","31.7656843","-106.455227"
"07/24/2025","AQS","481410044","6","5.4","ug/m3 LC","30","El Paso Chamizal","1","100.0000","88101","PM2.5 - Local Conditions","638","Teledyne T640X at 16.67 LPM w/Network Data Alignment enabled","21340","El Paso, TX","48","Texas","141","El Paso","31.7656843","-106.455227"
"07/25/2025","AQS","481410044","6","6.7","ug/m3 LC","37","El Paso Chamizal","1","100.0000","88101","PM2.5 - Local Conditions","638","Teledyne T640X at 16.67 LPM w/Network Data Alignment enabled","21340","El Paso, TX","48","Texas","141","El Paso","31.7656843","-106.455227"
"07/26/2025","AQS","481410044","6","6.5","ug/m3 LC","36","El Paso Chamizal","1","100.0000","88101","PM2.5 - Local Conditions","638","Teledyne T640X at 16.67 LPM w/Network Data Alignment enabled","21340","El Paso, TX","48","Texas","141","El Paso","31.7656843","-106.455227"
"07/27/2025","AQS","481410044","6","6.3","ug/m3 LC","35","El Paso Chamizal","1","100.0000","88101","PM2.5 - Local Conditions","638","Teledyne T640X at 16.67 LPM w/Network Data Alignment enabled","21340","El Paso, TX","48","Texas","141","El Paso","31.7656843","-106.455227"
"07/28/2025","AQS","481410044","6","7.6","ug/m3 LC","42","El Paso Chamizal","1","100.0000","88101","PM2.5 - Local Conditions","638","Teledyne T640X at 16.67 LPM w/Network Data Alignment enabled","21340","El Paso, TX","48","Texas","141","El Paso","31.7656843","-106.455227"
"07/29/2025","AQS","481410044","6","3.9","ug/m3 LC","22","El Paso Chamizal","1","100.0000","88101","PM2.5 - Local Conditions","638","Teledyne T640X at 16.67 LPM w/Network Data Alignment enabled","21340","El Paso, TX","48","Texas","141","El Paso","31.7656843","-106.455227"
"07/30/2025","AQS","481410044","6","7.3","ug/m3 LC","41","El Paso Chamizal","1","100.0000","88101","PM2.5 - Local Conditions","638","Teledyne T640X at 16.67 LPM w/Network Data Alignment enabled","21340","El Paso, TX","48","Texas","141","El Paso","31.7656843","-106.455227"
"07/31/2025","AQS","481410044","6","4.3","ug/m3 LC","24","El Paso Chamizal","1","100.0000","88101","PM2.5 - Local Conditions","638","Teledyne T640X at 16.67 LPM w/Network Data Alignment enabled","21340","El Paso, TX","48","Texas","141","El Paso","31.7656843","-106.455227"
"08/01/2025","AQS","481410044","6","6.6","ug/m3 LC","37","El Paso Chamizal","1","100.0000","88101","PM2.5 - Local Conditions","638","Teledyne T640X at 16.67 LPM w/Network Data Alignment enabled","21340","El Paso, TX","48","Texas","141","El Paso","31.7656843","-106.455227"
"08/02/2025","AQS","481410044","6","9.5","ug/m3 LC","52","El Paso Chamizal","1","100.0000","88101","PM2.5 - Local Conditions","638","Teledyne T640X at 16.67 LPM w/Network Data Alignment enabled","21340","El Paso, TX","48","Texas","141","El Paso","31.7656843","-106.455227"
"08/03/2025","AQS","481410044","6","7","ug/m3 LC","39","El Paso Chamizal","1","100.0000","88101","PM2.5 - Local Conditions","638","Teledyne T640X at 16.67 LPM w/Network Data Alignment enabled","21340","El Paso, TX","48","Texas","141","El Paso","31.7656843","-106.455227"
"08/04/2025","AQS","481410044","6","8.8","ug/m3 LC","49","El Paso Chamizal","1","100.0000","88101","PM2.5 - Local Conditions","638","Teledyne T640X at 16.67 LPM w/Network Data Alignment enabled","21340","El Paso, TX","48","Texas","141","El Paso","31.7656843","-106.455227"
"08/05/2025","AQS","481410044","6","15.1","ug/m3 LC","62","El Paso Chamizal","1","100.0000","88101","PM2.5 - Local Conditions","638","Teledyne T640X at 16.67 LPM w/Network Data Alignment enabled","21340","El Paso, TX","48","Texas","141","El Paso","31.7656843","-106.455227"
"08/06/2025","AQS","481410044","6","11.2","ug/m3 LC","55","El Paso Chamizal","1","100.0000","88101","PM2.5 - Local Conditions","638","Teledyne T640X at 16.67 LPM w/Network Data Alignment enabled","21340","El Paso, TX","48","Texas","141","El Paso","31.7656843","-106.455227"
"08/07/2025","AQS","481410044","6","11.8","ug/m3 LC","56","El Paso Chamizal","1","100.0000","88101","PM2.5 - Local Conditions","638","Teledyne T640X at 16.67 LPM w/Network Data Alignment enabled","21340","El Paso, TX","48","Texas","141","El Paso","31.7656843","-106.455227"
"08/08/2025","AQS","481410044","6","18.5","ug/m3 LC","69","El Paso Chamizal","1","100.0000","88101","PM2.5 - Local Conditions","638","Teledyne T640X at 16.67 LPM w/Network Data Alignment enabled","21340","El Paso, TX","48","Texas","141","El Paso","31.7656843","-106.455227"
"08/09/2025","AQS","481410044","6","15.2","ug/m3 LC","62","El Paso Chamizal","1","100.0000","88101","PM2.5 - Local Conditions","638","Teledyne T640X at 16.67 LPM w/Network Data Alignment enabled","21340","El Paso, TX","48","Texas","141","El Paso","31.7656843","-106.455227"
"08/10/2025","AQS","481410044","6","10.9","ug/m3 LC","54","El Paso Chamizal","1","100.0000","88101","PM2.5 - Local Conditions","638","Teledyne T640X at 16.67 LPM w/Network Data Alignment enabled","21340","El Paso, TX","48","Texas","141","El Paso","31.7656843","-106.455227"
"08/11/2025","AQS","481410044","6","10.7","ug/m3 LC","54","El Paso Chamizal","1","100.0000","88101","PM2.5 - Local Conditions","638","Teledyne T640X at 16.67 LPM w/Network Data Alignment enabled","21340","El Paso, TX","48","Texas","141","El Paso","31.7656843","-106.455227"
"08/12/2025","AQS","481410044","6","9.5","ug/m3 LC","52","El Paso Chamizal","1","100.0000","88101","PM2.5 - Local Conditions","638","Teledyne T640X at 16.67 LPM w/Network Data Alignment enabled","21340","El Paso, TX","48","Texas","141","El Paso","31.7656843","-106.455227"
"08/13/2025","AQS","481410044","6","10.5","ug/m3 LC","54","El Paso Chamizal","1","100.0000","88101","PM2.5 - Local Conditions","638","Teledyne T640X at 16.67 LPM w/Network Data Alignment enabled","21340","El Paso, TX","48","Texas","141","El Paso","31.7656843","-106.455227"
"08/14/2025","AQS","481410044","6","13.1","ug/m3 LC","58","El Paso Chamizal","1","100.0000","88101","PM2.5 - Local Conditions","638","Teledyne T640X at 16.67 LPM w/Network Data Alignment enabled","21340","El Paso, TX","48","Texas","141","El Paso","31.7656843","-106.455227"
"08/15/2025","AQS","481410044","6","5.6","ug/m3 LC","31","El Paso Chamizal","1","100.0000","88101","PM2.5 - Local Conditions","638","Teledyne T640X at 16.67 LPM w/Network Data Alignment enabled","21340","El Paso, TX","48","Texas","141","El Paso","31.7656843","-106.455227"
"08/16/2025","AQS","481410044","6","6.5","ug/m3 LC","36","El Paso Chamizal","1","100.0000","88101","PM2.5 - Local Conditions","638","Teledyne T640X at 16.67 LPM w/Network Data Alignment enabled","21340","El Paso, TX","48","Texas","141","El Paso","31.7656843","-106.455227"
"08/17/2025","AQS","481410044","6","6.8","ug/m3 LC","38","El Paso Chamizal","1","100.0000","88101","PM2.5 - Local Conditions","638","Teledyne T640X at 16.67 LPM w/Network Data Alignment enabled","21340","El Paso, TX","48","Texas","141","El Paso","31.7656843","-106.455227"
"08/18/2025","AQS","481410044","6","8.1","ug/m3 LC","45","El Paso Chamizal","1","100.0000","88101","PM2.5 - Local Conditions","638","Teledyne T640X at 16.67 LPM w/Network Data Alignment enabled","21340","El Paso, TX","48","Texas","141","El Paso","31.7656843","-106.455227"
"08/19/2025","AQS","481410044","6","8.6","ug/m3 LC","48","El Paso Chamizal","1","100.0000","88101","PM2.5 - Local Conditions","638","Teledyne T640X at 16.67 LPM w/Network Data Alignment enabled","21340","El Paso, TX","48","Texas","141","El Paso","31.7656843","-106.455227"
"08/20/2025","AQS","481410044","6","6.7","ug/m3 LC","37","El Paso Chamizal","1","100.0000","88101","PM2.5 - Local Conditions","638","Teledyne T640X at 16.67 LPM w/Network Data Alignment enabled","21340","El Paso, TX","48","Texas","141","El Paso","31.7656843","-106.455227"
"08/21/2025","AQS","481410044","6","7.9","ug/m3 LC","44","El Paso Chamizal","1","100.0000","88101","PM2.5 - Local Conditions","638","Teledyne T640X at 16.67 LPM w/Network Data Alignment enabled","21340","El Paso, TX","48","Texas","141","El Paso","31.7656843","-106.455227"
"08/22/2025","AQS","481410044","6","10.1","ug/m3 LC","53","El Paso Chamizal","1","100.0000","88101","PM2.5 - Local Conditions","638","Teledyne T640X at 16.67 LPM w/Network Data Alignment enabled","21340","El Paso, TX","48","Texas","141","El Paso","31.7656843","-106.455227"
"08/23/2025","AQS","481410044","6","9.6","ug/m3 LC","52","El Paso Chamizal","1","100.0000","88101","PM2.5 - Local Conditions","638","Teledyne T640X at 16.67 LPM w/Network Data Alignment enabled","21340","El Paso, TX","48","Texas","141","El Paso","31.7656843","-106.455227"
"08/24/2025","AQS","481410044","6","11.5","ug/m3 LC","55","El Paso Chamizal","1","100.0000","88101","PM2.5 - Local Conditions","638","Teledyne T640X at 16.67 LPM w/Network Data Alignment enabled","21340","El Paso, TX","48","Texas","141","El Paso","31.7656843","-106.455227"
"08/25/2025","AQS","481410044","6","12.9","ug/m3 LC","58","El Paso Chamizal","1","100.0000","88101","PM2.5 - Local Conditions","638","Teledyne T640X at 16.67 LPM w/Network Data Alignment enabled","21340","El Paso, TX","48","Texas","141","El Paso","31.7656843","-106.455227"
"08/26/2025","AQS","481410044","6","13.3","ug/m3 LC","59","El Paso Chamizal","1","100.0000","88101","PM2.5 - Local Conditions","638","Teledyne T640X at 16.67 LPM w/Network Data Alignment enabled","21340","El Paso, TX","48","Texas","141","El Paso","31.7656843","-106.455227"
"08/27/2025","AQS","481410044","6","9.4","ug/m3 LC","52","El Paso Chamizal","1","100.0000","88101","PM2.5 - Local Conditions","638","Teledyne T640X at 16.67 LPM w/Network Data Alignment enabled","21340","El Paso, TX","48","Texas","141","El Paso","31.7656843","-106.455227"
"08/28/2025","AQS","481410044","6","8.7","ug/m3 LC","48","El Paso Chamizal","1","100.0000","88101","PM2.5 - Local Conditions","638","Teledyne T640X at 16.67 LPM w/Network Data Alignment enabled","21340","El Paso, TX","48","Texas","141","El Paso","31.7656843","-106.455227"
"08/29/2025","AQS","481410044","6","6.4","ug/m3 LC","36","El Paso Chamizal","1","100.0000","88101","PM2.5 - Local Conditions","638","Teledyne T640X at 16.67 LPM w/Network Data Alignment enabled","21340","El Paso, TX","48","Texas","141","El Paso","31.7656843","-106.455227"
"08/30/2025","AQS","481410044","6","7.6","ug/m3 LC","42","El Paso Chamizal","1","100.0000","88101","PM2.5 - Local Conditions","638","Teledyne T640X at 16.67 LPM w/Network Data Alignment enabled","21340","El Paso, TX","48","Texas","141","El Paso","31.7656843","-106.455227"
"08/31/2025","AQS","481410044","6","5.5","ug/m3 LC","31","El Paso Chamizal","1","100.0000","88101","PM2.5 - Local Conditions","638","Teledyne T640X at 16.67 LPM w/Network Data Alignment enabled","21340","El Paso, TX","48","Texas","141","El Paso","31.7656843","-106.455227"
"09/01/2025","AQS","481410044","6","7.8","ug/m3 LC","43","El Paso Chamizal","1","100.0000","88101","PM2.5 - Local Conditions","638","Teledyne T640X at 16.67 LPM w/Network Data Alignment enabled","21340","El Paso, TX","48","Texas","141","El Paso","31.7656843","-106.455227"
"09/02/2025","AQS","481410044","6","7.6","ug/m3 LC","42","El Paso Chamizal","1","100.0000","88101","PM2.5 - Local Conditions","638","Teledyne T640X at 16.67 LPM w/Network Data Alignment enabled","21340","El Paso, TX","48","Texas","141","El Paso","31.7656843","-106.455227"
"09/03/2025","AQS","481410044","6","12.9","ug/m3 LC","58","El Paso Chamizal","1","100.0000","88101","PM2.5 - Local Conditions","638","Teledyne T640X at 16.67 LPM w/Network Data Alignment enabled","21340","El Paso, TX","48","Texas","141","El Paso","31.7656843","-106.455227"
"09/04/2025","AQS","481410044","6","11.1","ug/m3 LC","55","El Paso Chamizal","1","100.0000","88101","PM2.5 - Local Conditions","638","Teledyne T640X at 16.67 LPM w/Network Data Alignment enabled","21340","El Paso, TX","48","Texas","141","El Paso","31.7656843","-106.455227"
"09/05/2025","AQS","481410044","6","5.5","ug/m3 LC","31","El Paso Chamizal","1","100.0000","88101","PM2.5 - Local Conditions","638","Teledyne T640X at 16.67 LPM w/Network Data Alignment enabled","21340","El Paso, TX","48","Texas","141","El Paso","31.7656843","-106.455227"
"09/06/2025","AQS","481410044","6","5.5","ug/m3 LC","31","El Paso Chamizal","1","100.0000","88101","PM2.5 - Local Conditions","638","Teledyne T640X at 16.67 LPM w/Network Data Alignment enabled","21340","El Paso, TX","48","Texas","141","El Paso","31.7656843","-106.455227"
"09/07/2025","AQS","481410044","6","5.8","ug/m3 LC","32","El Paso Chamizal","1","100.0000","88101","PM2.5 - Local Conditions","638","Teledyne T640X at 16.67 LPM w/Network Data Alignment enabled","21340","El Paso, TX","48","Texas","141","El Paso","31.7656843","-106.455227"
"09/08/2025","AQS","481410044","6","11","ug/m3 LC","55","El Paso Chamizal","1","100.0000","88101","PM2.5 - Local Conditions","638","Teledyne T640X at 16.67 LPM w/Network Data Alignment enabled","21340","El Paso, TX","48","Texas","141","El Paso","31.7656843","-106.455227"
"09/09/2025","AQS","481410044","6","10.5","ug/m3 LC","54","El Paso Chamizal","1","100.0000","88101","PM2.5 - Local Conditions","638","Teledyne T640X at 16.67 LPM w/Network Data Alignment enabled","21340","El Paso, TX","48","Texas","141","El Paso","31.7656843","-106.455227"
"09/10/2025","AQS","481410044","6","9.6","ug/m3 LC","52","El Paso Chamizal","1","100.0000","88101","PM2.5 - Local Conditions","638","Teledyne T640X at 16.67 LPM w/Network Data Alignment enabled","21340","El Paso, TX","48","Texas","141","El Paso","31.7656843","-106.455227"
"09/11/2025","AQS","481410044","6","8.6","ug/m3 LC","48","El Paso Chamizal","1","100.0000","88101","PM2.5 - Local Conditions","638","Teledyne T640X at 16.67 LPM w/Network Data Alignment enabled","21340","El Paso, TX","48","Texas","141","El Paso","31.7656843","-106.455227"
"09/12/2025","AQS","481410044","6","9.3","ug/m3 LC","51","El Paso Chamizal","1","100.0000","88101","PM2.5 - Local Conditions","638","Teledyne T640X at 16.67 LPM w/Network Data Alignment enabled","21340","El Paso, TX","48","Texas","141","El Paso","31.7656843","-106.455227"
"09/13/2025","AQS","481410044","6","3.9","ug/m3 LC","22","El Paso Chamizal","1","100.0000","88101","PM2.5 - Local Conditions","638","Teledyne T640X at 16.67 LPM w/Network Data Alignment enabled","21340","El Paso, TX","48","Texas","141","El Paso","31.7656843","-106.455227"
"09/14/2025","AQS","481410044","6","4.2","ug/m3 LC","23","El Paso Chamizal","1","100.0000","88101","PM2.5 - Local Conditions","638","Teledyne T640X at 16.67 LPM w/Network Data Alignment enabled","21340","El Paso, TX","48","Texas","141","El Paso","31.7656843","-106.455227"
"09/15/2025","AQS","481410044","6","5.6","ug/m3 LC","31","El Paso Chamizal","1","100.0000","88101","PM2.5 - Local Conditions","638","Teledyne T640X at 16.67 LPM w/Network Data Alignment enabled","21340","El Paso, TX","48","Texas","141","El Paso","31.7656843","-106.455227"
"09/16/2025","AQS","481410044","6","7.8","ug/m3 LC","43","El Paso Chamizal","1","100.0000","88101","PM2.5 - Local Conditions","638","Teledyne T640X at 16.67 LPM w/Network Data Alignment enabled","21340","El Paso, TX","48","Texas","141","El Paso","31.7656843","-106.455227"
"09/17/2025","AQS","481410044","6","6.5","ug/m3 LC","36","El Paso Chamizal","1","100.0000","88101","PM2.5 - Local Conditions","638","Teledyne T640X at 16.67 LPM w/Network Data Alignment enabled","21340","El Paso, TX","48","Texas","141","El Paso","31.7656843","-106.455227"
"09/18/2025","AQS","481410044","6","7.3","ug/m3 LC","41","El Paso Chamizal","1","100.0000","88101","PM2.5 - Local Conditions","638","Teledyne T640X at 16.67 LPM w/Network Data Alignment enabled","21340","El Paso, TX","48","Texas","141","El Paso","31.7656843","-106.455227"
"09/19/2025","AQS","481410044","6","6.7","ug/m3 LC","37","El Paso Chamizal","1","100.0000","88101","PM2.5 - Local Conditions","638","Teledyne T640X at 16.67 LPM w/Network Data Alignment enabled","21340","El Paso, TX","48","Texas","141","El Paso","31.7656843","-106.455227"
"09/20/2025","AQS","481410044","6","7","ug/m3 LC","39","El Paso Chamizal","1","100.0000","88101","PM2.5 - Local Conditions","638","Teledyne T640X at 16.67 LPM w/Network Data Alignment enabled","21340","El Paso, TX","48","Texas","141","El Paso","31.7656843","-106.455227"
"09/21/2025","AQS","481410044","6","9.1","ug/m3 LC","51","El Paso Chamizal","1","100.0000","88101","PM2.5 - Local Conditions","638","Teledyne T640X at 16.67 LPM w/Network Data Alignment enabled","21340","El Paso, TX","48","Texas","141","El Paso","31.7656843","-106.455227"
"09/22/2025","AQS","481410044","6","4.6","ug/m3 LC","26","El Paso Chamizal","1","100.0000","88101","PM2.5 - Local Conditions","638","Teledyne T640X at 16.67 LPM w/Network Data Alignment enabled","21340","El Paso, TX","48","Texas","141","El Paso","31.7656843","-106.455227"
"09/23/2025","AQS","481410044","6","4.5","ug/m3 LC","25","El Paso Chamizal","1","100.0000","88101","PM2.5 - Local Conditions","638","Teledyne T640X at 16.67 LPM w/Network Data Alignment enabled","21340","El Paso, TX","48","Texas","141","El Paso","31.7656843","-106.455227"
"09/24/2025","AQS","481410044","6","4.5","ug/m3 LC","25","El Paso Chamizal","1","100.0000","88101","PM2.5 - Local Conditions","638","Teledyne T640X at 16.67 LPM w/Network Data Alignment enabled","21340","El Paso, TX","48","Texas","141","El Paso","31.7656843","-106.455227"
"09/25/2025","AQS","481410044","6","8.5","ug/m3 LC","47","El Paso Chamizal","1","100.0000","88101","PM2.5 - Local Conditions","638","Teledyne T640X at 16.67 LPM w/Network Data Alignment enabled","21340","El Paso, TX","48","Texas","141","El Paso","31.7656843","-106.455227"
"09/26/2025","AQS","481410044","6","3.5","ug/m3 LC","19","El Paso Chamizal","1","100.0000","88101","PM2.5 - Local Conditions","638","Teledyne T640X at 16.67 LPM w/Network Data Alignment enabled","21340","El Paso, TX","48","Texas","141","El Paso","31.7656843","-106.455227"
"09/27/2025","AQS","481410044","6","4.5","ug/m3 LC","25","El Paso Chamizal","1","100.0000","88101","PM2.5 - Local Conditions","638","Teledyne T640X at 16.67 LPM w/Network Data Alignment enabled","21340","El Paso, TX","48","Texas","141","El Paso","31.7656843","-106.455227"
"09/28/2025","AQS","481410044","6","4.6","ug/m3 LC","26","El Paso Chamizal","1","100.0000","88101","PM2.5 - Local Conditions","638","Teledyne T640X at 16.67 LPM w/Network Data Alignment enabled","21340","El Paso, TX","48","Texas","141","El Paso","31.7656843","-106.455227"
"09/29/2025","AQS","481410044","6","5.9","ug/m3 LC","33","El Paso Chamizal","1","100.0000","88101","PM2.5 - Local Conditions","638","Teledyne T640X at 16.67 LPM w/Network Data Alignment enabled","21340","El Paso, TX","48","Texas","141","El Paso","31.7656843","-106.455227"
"09/30/2025","AQS","481410044","6","10","ug/m3 LC","53","El Paso Chamizal","1","100.0000","88101","PM2.5 - Local Conditions","638","Teledyne T640X at 16.67 LPM w/Network Data Alignment enabled","21340","El Paso, TX","48","Texas","141","El Paso","31.7656843","-106.455227"
"10/01/2025","AQS","481410044","6","9.4","ug/m3 LC","52","El Paso Chamizal","1","100.0000","88101","PM2.5 - Local Conditions","638","Teledyne T640X at 16.67 LPM w/Network Data Alignment enabled","21340","El Paso, TX","48","Texas","141","El Paso","31.7656843","-106.455227"
"10/02/2025","AQS","481410044","6","9.2","ug/m3 LC","51","El Paso Chamizal","1","100.0000","88101","PM2.5 - Local Conditions","638","Teledyne T640X at 16.67 LPM w/Network Data Alignment enabled","21340","El Paso, TX","48","Texas","141","El Paso","31.7656843","-106.455227"
"10/03/2025","AQS","481410044","6","10.8","ug/m3 LC","54","El Paso Chamizal","1","100.0000","88101","PM2.5 - Local Conditions","638","Teledyne T640X at 16.67 LPM w/Network Data Alignment enabled","21340","El Paso, TX","48","Texas","141","El Paso","31.7656843","-106.455227"
"10/04/2025","AQS","481410044","6","11.5","ug/m3 LC","55","El Paso Chamizal","1","100.0000","88101","PM2.5 - Local Conditions","638","Teledyne T640X at 16.67 LPM w/Network Data Alignment enabled","21340","El Paso, TX","48","Texas","141","El Paso","31.7656843","-106.455227"
"10/05/2025","AQS","481410044","6","8","ug/m3 LC","44","El Paso Chamizal","1","100.0000","88101","PM2.5 - Local Conditions","638","Teledyne T640X at 16.67 LPM w/Network Data Alignment enabled","21340","El Paso, TX","48","Texas","141","El Paso","31.7656843","-106.455227"
"10/06/2025","AQS","481410044","6","9.7","ug/m3 LC","52","El Paso Chamizal","1","100.0000","88101","PM2.5 - Local Conditions","638","Teledyne T640X at 16.67 LPM w/Network Data Alignment enabled","21340","El Paso, TX","48","Texas","141","El Paso","31.7656843","-106.455227"
"10/07/2025","AQS","481410044","6","9.9","ug/m3 LC","52","El Paso Chamizal","1","100.0000","88101","PM2.5 - Local Conditions","638","Teledyne T640X at 16.67 LPM w/Network Data Alignment enabled","21340","El Paso, TX","48","Texas","141","El Paso","31.7656843","-106.455227"
"10/08/2025","AQS","481410044","6","8.2","ug/m3 LC","46","El Paso Chamizal","1","100.0000","88101","PM2.5 - Local Conditions","638","Teledyne T640X at 16.67 LPM w/Network Data Alignment enabled","21340","El Paso, TX","48","Texas","141","El Paso","31.7656843","-106.455227"
"10/09/2025","AQS","481410044","6","7.7","ug/m3 LC","43","El Paso Chamizal","1","100.0000","88101","PM2.5 - Local Conditions","638","Teledyne T640X at 16.67 LPM w/Network Data Alignment enabled","21340","El Paso, TX","48","Texas","141","El Paso","31.7656843","-106.455227"
"10/10/2025","AQS","481410044","6","9.6","ug/m3 LC","52","El Paso Chamizal","1","100.0000","88101","PM2.5 - Local Conditions","638","Teledyne T640X at 16.67 LPM w/Network Data Alignment enabled","21340","El Paso, TX","48","Texas","141","El Paso","31.7656843","-106.455227"
"10/11/2025","AQS","481410044","6","8","ug/m3 LC","44","El Paso Chamizal","1","100.0000","88101","PM2.5 - Local Conditions","638","Teledyne T640X at 16.67 LPM w/Network Data Alignment enabled","21340","El Paso, TX","48","Texas","141","El Paso","31.7656843","-106.455227"
"10/12/2025","AQS","481410044","6","3.9","ug/m3 LC","22","El Paso Chamizal","1","100.0000","88101","PM2.5 - Local Conditions","638","Teledyne T640X at 16.67 LPM w/Network Data Alignment enabled","21340","El Paso, TX","48","Texas","141","El Paso","31.7656843","-106.455227"
"10/13/2025","AQS","481410044","6","5","ug/m3 LC","28","El Paso Chamizal","1","100.0000","88101","PM2.5 - Local Conditions","638","Teledyne T640X at 16.67 LPM w/Network Data Alignment enabled","21340","El Paso, TX","48","Texas","141","El Paso","31.7656843","-106.455227"
"10/14/2025","AQS","481410044","6","8.2","ug/m3 LC","46","El Paso Chamizal","1","100.0000","88101","PM2.5 - Local Conditions","638","Teledyne T640X at 16.67 LPM w/Network Data Alignment enabled","21340","El Paso, TX","48","Texas","141","El Paso","31.7656843","-106.455227"
"10/15/2025","AQS","481410044","6","9","ug/m3 LC","50","El Paso Chamizal","1","100.0000","88101","PM2.5 - Local Conditions","638","Teledyne T640X at 16.67 LPM w/Network Data Alignment enabled","21340","El Paso, TX","48","Texas","141","El Paso","31.7656843","-106.455227"
"10/16/2025","AQS","481410044","6","8","ug/m3 LC","44","El Paso Chamizal","1","100.0000","88101","PM2.5 - Local Conditions","638","Teledyne T640X at 16.67 LPM w/Network Data Alignment enabled","21340","El Paso, TX","48","Texas","141","El Paso","31.7656843","-106.455227"
"10/17/2025","AQS","481410044","6","6.5","ug/m3 LC","36","El Paso Chamizal","1","100.0000","88101","PM2.5 - Local Conditions","638","Teledyne T640X at 16.67 LPM w/Network Data Alignment enabled","21340","El Paso, TX","48","Texas","141","El Paso","31.7656843","-106.455227"
"10/18/2025","AQS","481410044","6","6.9","ug/m3 LC","38","El Paso Chamizal","1","100.0000","88101","PM2.5 - Local Conditions","638","Teledyne T640X at 16.67 LPM w/Network Data Alignment enabled","21340","El Paso, TX","48","Texas","141","El Paso","31.7656843","-106.455227"
"10/19/2025","AQS","481410044","6","17.1","ug/m3 LC","66","El Paso Chamizal","1","100.0000","88101","PM2.5 - Local Conditions","638","Teledyne T640X at 16.67 LPM w/Network Data Alignment enabled","21340","El Paso, TX","48","Texas","141","El Paso","31.7656843","-106.455227"
"10/20/2025","AQS","481410044","6","7.6","ug/m3 LC","42","El Paso Chamizal","1","100.0000","88101","PM2.5 - Local Conditions","638","Teledyne T640X at 16.67 LPM w/Network Data Alignment enabled","21340","El Paso, TX","48","Texas","141","El Paso","31.7656843","-106.455227"
"10/21/2025","AQS","481410044","6","7.1","ug/m3 LC","39","El Paso Chamizal","1","100.0000","88101","PM2.5 - Local Conditions","638","Teledyne T640X at 16.67 LPM w/Network Data Alignment enabled","21340","El Paso, TX","48","Texas","141","El Paso","31.7656843","-106.455227"
"10/22/2025","AQS","481410044","6","8.4","ug/m3 LC","47","El Paso Chamizal","1","100.0000","88101","PM2.5 - Local Conditions","638","Teledyne T640X at 16.67 LPM w/Network Data Alignment enabled","21340","El Paso, TX","48","Texas","141","El Paso","31.7656843","-106.455227"
"10/23/2025","AQS","481410044","6","8.4","ug/m3 LC","47","El Paso Chamizal","1","100.0000","88101","PM2.5 - Local Conditions","638","Teledyne T640X at 16.67 LPM w/Network Data Alignment enabled","21340","El Paso, TX","48","Texas","141","El Paso","31.7656843","-106.455227"
"10/24/2025","AQS","481410044","6","4.3","ug/m3 LC","24","El Paso Chamizal","1","100.0000","88101","PM2.5 - Local Conditions","638","Teledyne T640X at 16.67 LPM w/Network Data Alignment enabled","21340","El Paso, TX","48","Texas","141","El Paso","31.7656843","-106.455227"
"10/25/2025","AQS","481410044","6","10.8","ug/m3 LC","54","El Paso Chamizal","1","100.0000","88101","PM2.5 - Local Conditions","638","Teledyne T640X at 16.67 LPM w/Network Data Alignment enabled","21340","El Paso, TX","48","Texas","141","El Paso","31.7656843","-106.455227"
"10/26/2025","AQS","481410044","6","10.6","ug/m3 LC","54","El Paso Chamizal","1","100.0000","88101","PM2.5 - Local Conditions","638","Teledyne T640X at 16.67 LPM w/Network Data Alignment enabled","21340","El Paso, TX","48","Texas","141","El Paso","31.7656843","-106.455227"
"10/27/2025","AQS","481410044","6","5.8","ug/m3 LC","32","El Paso Chamizal","1","100.0000","88101","PM2.5 - Local Conditions","638","Teledyne T640X at 16.67 LPM w/Network Data Alignment enabled","21340","El Paso, TX","48","Texas","141","El Paso","31.7656843","-106.455227"
"10/28/2025","AQS","481410044","6","4.5","ug/m3 LC","25","El Paso Chamizal","1","100.0000","88101","PM2.5 - Local Conditions","638","Teledyne T640X at 16.67 LPM w/Network Data Alignment enabled","21340","El Paso, TX","48","Texas","141","El Paso","31.7656843","-106.455227"
"10/29/2025","AQS","481410044","6","6.7","ug/m3 LC","37","El Paso Chamizal","1","100.0000","88101","PM2.5 - Local Conditions","638","Teledyne T640X at 16.67 LPM w/Network Data Alignment enabled","21340","El Paso, TX","48","Texas","141","El Paso","31.7656843","-106.455227"
"10/30/2025","AQS","481410044","6","14","ug/m3 LC","60","El Paso Chamizal","1","100.0000","88101","PM2.5 - Local Conditions","638","Teledyne T640X at 16.67 LPM w/Network Data Alignment enabled","21340","El Paso, TX","48","Texas","141","El Paso","31.7656843","-106.455227"
"10/31/2025","AQS","481410044","6","17.5","ug/m3 LC","67","El Paso Chamizal","1","100.0000","88101","PM2.5 - Local Conditions","638","Teledyne T640X at 16.67 LPM w/Network Data Alignment enabled","21340","El Paso, TX","48","Texas","141","El Paso","31.7656843","-106.455227"
"11/01/2025","AQS","481410044","6","6.1","ug/m3 LC","34","El Paso Chamizal","1","100.0000","88101","PM2.5 - Local Conditions","638","Teledyne T640X at 16.67 LPM w/Network Data Alignment enabled","21340","El Paso, TX","48","Texas","141","El Paso","31.7656843","-106.455227"
"11/02/2025","AQS","481410044","6","18","ug/m3 LC","68","El Paso Chamizal","1","100.0000","88101","PM2.5 - Local Conditions","638","Teledyne T640X at 16.67 LPM w/Network Data Alignment enabled","21340","El Paso, TX","48","Texas","141","El Paso","31.7656843","-106.455227"
"11/03/2025","AQS","481410044","6","15.2","ug/m3 LC","62","El Paso Chamizal","1","100.0000","88101","PM2.5 - Local Conditions","638","Teledyne T640X at 16.67 LPM w/Network Data Alignment enabled","21340","El Paso, TX","48","Texas","141","El Paso","31.7656843","-106.455227"
"11/04/2025","AirNow","481410044","6","19.5","ug/m3 LC","70","El Paso Chamizal","1","100.0000","88101","PM2.5 - Local Conditions","","","21340","El Paso, TX","48","Texas","141","El Paso","31.7656843","-106.455227"
"11/05/2025","AirNow","481410044","6","20.6","ug/m3 LC","72","El Paso Chamizal","1","100.0000","88101","PM2.5 - Local Conditions","","","21340","El Paso, TX","48","Texas","141","El Paso","31.7656843","-106.455227"
"11/06/2025","AirNow","481410044","6","17.6","ug/m3 LC","67","El Paso Chamizal","1","100.0000","88101","PM2.5 - Local Conditions","","","21340","El Paso, TX","48","Texas","141","El Paso","31.7656843","-106.455227"
"11/07/2025","AirNow","481410044","6","25.3","ug/m3 LC","81","El Paso Chamizal","1","100.0000","88101","PM2.5 - Local Conditions","","","21340","El Paso, TX","48","Texas","141","El Paso","31.7656843","-106.455227"
"11/08/2025","AirNow","481410044","6","9.9","ug/m3 LC","52","El Paso Chamizal","1","100.0000","88101","PM2.5 - Local Conditions","","","21340","El Paso, TX","48","Texas","141","El Paso","31.7656843","-106.455227"
"11/09/2025","AirNow","481410044","6","9.7","ug/m3 LC","52","El Paso Chamizal","1","100.0000","88101","PM2.5 - Local Conditions","","","21340","El Paso, TX","48","Texas","141","El Paso","31.7656843","-106.455227"
"11/10/2025","AirNow","481410044","6","10","ug/m3 LC","53","El Paso Chamizal","1","100.0000","88101","PM2.5 - Local Conditions","","","21340","El Paso, TX","48","Texas","141","El Paso","31.7656843","-106.455227"
"11/11/2025","AirNow","481410044","6","19.8","ug/m3 LC","71","El Paso Chamizal","1","100.0000","88101","PM2.5 - Local Conditions","","","21340","El Paso, TX","48","Texas","141","El Paso","31.7656843","-106.455227"
"11/12/2025","AirNow","481410044","6","28.5","ug/m3 LC","87","El Paso Chamizal","1","100.0000","88101","PM2.5 - Local Conditions","","","21340","El Paso, TX","48","Texas","141","El Paso","31.7656843","-106.455227"
"11/13/2025","AirNow","481410044","6","26.8","ug/m3 LC","84","El Paso Chamizal","1","100.0000","88101","PM2.5 - Local Conditions","","","21340","El Paso, TX","48","Texas","141","El Paso","31.7656843","-106.455227"
"11/14/2025","AirNow","481410044","6","27.9","ug/m3 LC","86","El Paso Chamizal","1","100.0000","88101","PM2.5 - Local Conditions","","","21340","El Paso, TX","48","Texas","141","El Paso","31.7656843","-106.455227"
"11/15/2025","AirNow","481410044","6","21.6","ug/m3 LC","74","El Paso Chamizal","1","100.0000","88101","PM2.5 - Local Conditions","","","21340","El Paso, TX","48","Texas","141","El Paso","31.7656843","-106.455227"
"11/16/2025","AirNow","481410044","6","9.8","ug/m3 LC","52","El Paso Chamizal","1","100.0000","88101","PM2.5 - Local Conditions","","","21340","El Paso, TX","48","Texas","141","El Paso","31.7656843","-106.455227"
"11/17/2025","AirNow","481410044","6","10.5","ug/m3 LC","54","El Paso Chamizal","1","100.0000","88101","PM2.5 - Local Conditions","","","21340","El Paso, TX","48","Texas","141","El Paso","31.7656843","-106.455227"
"11/18/2025","AirNow","481410044","6","21.2","ug/m3 LC","74","El Paso Chamizal","1","100.0000","88101","PM2.5 - Local Conditions","","","21340","El Paso, TX","48","Texas","141","El Paso","31.7656843","-106.455227"
"11/19/2025","AirNow","481410044","6","10.3","ug/m3 LC","53","El Paso Chamizal","1","100.0000","88101","PM2.5 - Local Conditions","","","21340","El Paso, TX","48","Texas","141","El Paso","31.7656843","-106.455227"
"11/20/2025","AirNow","481410044","6","4.5","ug/m3 LC","25","El Paso Chamizal","1","100.0000","88101","PM2.5 - Local Conditions","","","21340","El Paso, TX","48","Texas","141","El Paso","31.7656843","-106.455227"
"11/21/2025","AirNow","481410044","6","5","ug/m3 LC","28","El Paso Chamizal","1","100.0000","88101","PM2.5 - Local Conditions","","","21340","El Paso, TX","48","Texas","141","El Paso","31.7656843","-106.455227"
"11/22/2025","AirNow","481410044","6","4.4","ug/m3 LC","24","El Paso Chamizal","1","100.0000","88101","PM2.5 - Local Conditions","","","21340","El Paso, TX","48","Texas","141","El Paso","31.7656843","-106.455227"
"11/23/2025","AirNow","481410044","6","5.3","ug/m3 LC","29","El Paso Chamizal","1","100.0000","88101","PM2.5 - Local Conditions","","","21340","El Paso, TX","48","Texas","141","El Paso","31.7656843","-106.455227"
"11/24/2025","AirNow","481410044","6","3.6","ug/m3 LC","20","El Paso Chamizal","1","100.0000","88101","PM2.5 - Local Conditions","","","21340","El Paso, TX","48","Texas","141","El Paso","31.7656843","-106.455227"
"11/25/2025","AirNow","481410044","6","6.8","ug/m3 LC","38","El Paso Chamizal","1","100.0000","88101","PM2.5 - Local Conditions","","","21340","El Paso, TX","48","Texas","141","El Paso","31.7656843","-106.455227"
"11/26/2025","AirNow","481410044","6","10.8","ug/m3 LC","54","El Paso Chamizal","1","100.0000","88101","PM2.5 - Local Conditions","","","21340","El Paso, TX","48","Texas","141","El Paso","31.7656843","-106.455227"
"11/27/2025","AirNow","481410044","6","12.8","ug/m3 LC","58","El Paso Chamizal","1","100.0000","88101","PM2.5 - Local Conditions","","","21340","El Paso, TX","48","Texas","141","El Paso","31.7656843","-106.455227"
"11/28/2025","AirNow","481410044","6","19.2","ug/m3 LC","70","El Paso Chamizal","1","100.0000","88101","PM2.5 - Local Conditions","","","21340","El Paso, TX","48","Texas","141","El Paso","31.7656843","-106.455227"
"11/29/2025","AirNow","481410044","6","16.8","ug/m3 LC","65","El Paso Chamizal","1","100.0000","88101","PM2.5 - Local Conditions","","","21340","El Paso, TX","48","Texas","141","El Paso","31.7656843","-106.455227"
"11/30/2025","AirNow","481410044","6","14.8","ug/m3 LC","62","El Paso Chamizal","1","100.0000","88101","PM2.5 - Local Conditions","","","21340","El Paso, TX","48","Texas","141","El Paso","31.7656843","-106.455227"
"12/01/2025","AirNow","481410044","6","14.6","ug/m3 LC","61","El Paso Chamizal","1","100.0000","88101","PM2.5 - Local Conditions","","","21340","El Paso, TX","48","Texas","141","El Paso","31.7656843","-106.455227"
"12/02/2025","AirNow","481410044","6","13.2","ug/m3 LC","59","El Paso Chamizal","1","100.0000","88101","PM2.5 - Local Conditions","","","21340","El Paso, TX","48","Texas","141","El Paso","31.7656843","-106.455227"
"12/03/2025","AirNow","481410044","6","18.1","ug/m3 LC","68","El Paso Chamizal","1","100.0000","88101","PM2.5 - Local Conditions","","","21340","El Paso, TX","48","Texas","141","El Paso","31.7656843","-106.455227"
"12/09/2025","AQS","481410044","6","7.2","ug/m3 LC","40","El Paso Chamizal","1","100.0000","88101","PM2.5 - Local Conditions","638","Teledyne T640X at 16.67 LPM w/Network Data Alignment enabled","21340","El Paso, TX","48","Texas","141","El Paso","31.7656843","-106.455227"
"12/10/2025","AQS","481410044","6","8.7","ug/m3 LC","48","El Paso Chamizal","1","100.0000","88101","PM2.5 - Local Conditions","638","Teledyne T640X at 16.67 LPM w/Network Data Alignment enabled","21340","El Paso, TX","48","Texas","141","El Paso","31.7656843","-106.455227"
"12/11/2025","AQS","481410044","6","10.7","ug/m3 LC","54","El Paso Chamizal","1","100.0000","88101","PM2.5 - Local Conditions","638","Teledyne T640X at 16.67 LPM w/Network Data Alignment enabled","21340","El Paso, TX","48","Texas","141","El Paso","31.7656843","-106.455227"
"12/12/2025","AQS","481410044","6","16.7","ug/m3 LC","65","El Paso Chamizal","1","100.0000","88101","PM2.5 - Local Conditions","638","Teledyne T640X at 16.67 LPM w/Network Data Alignment enabled","21340","El Paso, TX","48","Texas","141","El Paso","31.7656843","-106.455227"
"12/13/2025","AQS","481410044","6","14.7","ug/m3 LC","61","El Paso Chamizal","1","100.0000","88101","PM2.5 - Local Conditions","638","Teledyne T640X at 16.67 LPM w/Network Data Alignment enabled","21340","El Paso, TX","48","Texas","141","El Paso","31.7656843","-106.455227"
"12/14/2025","AQS","481410044","6","12.6","ug/m3 LC","58","El Paso Chamizal","1","100.0000","88101","PM2.5 - Local Conditions","638","Teledyne T640X at 16.67 LPM w/Network Data Alignment enabled","21340","El Paso, TX","48","Texas","141","El Paso","31.7656843","-106.455227"
"12/15/2025","AQS","481410044","6","13.5","ug/m3 LC","59","El Paso Chamizal","1","100.0000","88101","PM2.5 - Local Conditions","638","Teledyne T640X at 16.67 LPM w/Network Data Alignment enabled","21340","El Paso, TX","48","Texas","141","El Paso","31.7656843","-106.455227"
"12/16/2025","AQS","481410044","6","14.7","ug/m3 LC","61","El Paso Chamizal","1","100.0000","88101","PM2.5 - Local Conditions","638","Teledyne T640X at 16.67 LPM w/Network Data Alignment enabled","21340","El Paso, TX","48","Texas","141","El Paso","31.7656843","-106.455227"
"12/17/2025","AQS","481410044","6","11","ug/m3 LC","55","El Paso Chamizal","1","100.0000","88101","PM2.5 - Local Conditions","638","Teledyne T640X at 16.67 LPM w/Network Data Alignment enabled","21340","El Paso, TX","48","Texas","141","El Paso","31.7656843","-106.455227"
"12/18/2025","AQS","481410044","6","10.6","ug/m3 LC","54","El Paso Chamizal","1","100.0000","88101","PM2.5 - Local Conditions","638","Teledyne T640X at 16.67 LPM w/Network Data Alignment enabled","21340","El Paso, TX","48","Texas","141","El Paso","31.7656843","-106.455227"
"12/19/2025","AQS","481410044","6","10.6","ug/m3 LC","54","El Paso Chamizal","1","100.0000","88101","PM2.5 - Local Conditions","638","Teledyne T640X at 16.67 LPM w/Network Data Alignment enabled","21340","El Paso, TX","48","Texas","141","El Paso","31.7656843","-106.455227"
"12/20/2025","AQS","481410044","6","4.9","ug/m3 LC","27","El Paso Chamizal","1","100.0000","88101","PM2.5 - Local Conditions","638","Teledyne T640X at 16.67 LPM w/Network Data Alignment enabled","21340","El Paso, TX","48","Texas","141","El Paso","31.7656843","-106.455227"
"12/21/2025","AQS","481410044","6","19.4","ug/m3 LC","70","El Paso Chamizal","1","100.0000","88101","PM2.5 - Local Conditions","638","Teledyne T640X at 16.67 LPM w/Network Data Alignment enabled","21340","El Paso, TX","48","Texas","141","El Paso","31.7656843","-106.455227"
"12/22/2025","AQS","481410044","6","23","ug/m3 LC","77","El Paso Chamizal","1","100.0000","88101","PM2.5 - Local Conditions","638","Teledyne T640X at 16.67 LPM w/Network Data Alignment enabled","21340","El Paso, TX","48","Texas","141","El Paso","31.7656843","-106.455227"
"12/23/2025","AQS","481410044","6","13.9","ug/m3 LC","60","El Paso Chamizal","1","100.0000","88101","PM2.5 - Local Conditions","638","Teledyne T640X at 16.67 LPM w/Network Data Alignment enabled","21340","El Paso, TX","48","Texas","141","El Paso","31.7656843","-106.455227"
"12/24/2025","AQS","481410044","6","21.4","ug/m3 LC","74","El Paso Chamizal","1","100.0000","88101","PM2.5 - Local Conditions","638","Teledyne T640X at 16.67 LPM w/Network Data Alignment enabled","21340","El Paso, TX","48","Texas","141","El Paso","31.7656843","-106.455227"
"12/25/2025","AQS","481410044","6","17","ug/m3 LC","66","El Paso Chamizal","1","100.0000","88101","PM2.5 - Local Conditions","638","Teledyne T640X at 16.67 LPM w/Network Data Alignment enabled","21340","El Paso, TX","48","Texas","141","El Paso","31.7656843","-106.455227"
"12/26/2025","AQS","481410044","6","23","ug/m3 LC","77","El Paso Chamizal","1","100.0000","88101","PM2.5 - Local Conditions","638","Teledyne T640X at 16.67 LPM w/Network Data Alignment enabled","21340","El Paso, TX","48","Texas","141","El Paso","31.7656843","-106.455227"
"12/27/2025","AQS","481410044","6","15.5","ug/m3 LC","63","El Paso Chamizal","1","100.0000","88101","PM2.5 - Local Conditions","638","Teledyne T640X at 16.67 LPM w/Network Data Alignment enabled","21340","El Paso, TX","48","Texas","141","El Paso","31.7656843","-106.455227"
"12/28/2025","AQS","481410044","6","2.6","ug/m3 LC","14","El Paso Chamizal","1","100.0000","88101","PM2.5 - Local Conditions","638","Teledyne T640X at 16.67 LPM w/Network Data Alignment enabled","21340","El Paso, TX","48","Texas","141","El Paso","31.7656843","-106.455227"
"12/29/2025","AQS","481410044","6","5.4","ug/m3 LC","30","El Paso Chamizal","1","100.0000","88101","PM2.5 - Local Conditions","638","Teledyne T640X at 16.67 LPM w/Network Data Alignment enabled","21340","El Paso, TX","48","Texas","141","El Paso","31.7656843","-106.455227"
"12/30/2025","AQS","481410044","6","9.1","ug/m3 LC","51","El Paso Chamizal","1","100.0000","88101","PM2.5 - Local Conditions","638","Teledyne T640X at 16.67 LPM w/Network Data Alignment enabled","21340","El Paso, TX","48","Texas","141","El Paso","31.7656843","-106.455227"
"12/31/2025","AQS","481410044","6","11.1","ug/m3 LC","55","El Paso Chamizal","1","100.0000","88101","PM2.5 - Local Conditions","638","Teledyne T640X at 16.67 LPM w/Network Data Alignment enabled","21340","El Paso, TX","48","Texas","141","El Paso","31.7656843","-106.455227"
"01/01/2025","AQS","481410055","4","18","ug/m3 LC","68","Ascarate Park SE","1","100.0000","88101","PM2.5 - Local Conditions","209","Met One BAM-1022 Mass Monitor w/ VSCC or TE-PM2.5C","21340","El Paso, TX","48","Texas","141","El Paso","31.7467475","-106.402788"
"01/02/2025","AQS","481410055","4","17.6","ug/m3 LC","67","Ascarate Park SE","1","100.0000","88101","PM2.5 - Local Conditions","209","Met One BAM-1022 Mass Monitor w/ VSCC or TE-PM2.5C","21340","El Paso, TX","48","Texas","141","El Paso","31.7467475","-106.402788"
"01/03/2025","AQS","481410055","4","17.4","ug/m3 LC","66","Ascarate Park SE","1","100.0000","88101","PM2.5 - Local Conditions","209","Met One BAM-1022 Mass Monitor w/ VSCC or TE-PM2.5C","21340","El Paso, TX","48","Texas","141","El Paso","31.7467475","-106.402788"
"01/04/2025","AQS","481410055","4","29.8","ug/m3 LC","90","Ascarate Park SE","1","100.0000","88101","PM2.5 - Local Conditions","209","Met One BAM-1022 Mass Monitor w/ VSCC or TE-PM2.5C","21340","El Paso, TX","48","Texas","141","El Paso","31.7467475","-106.402788"
"01/05/2025","AQS","481410055","4","15.9","ug/m3 LC","64","Ascarate Park SE","1","100.0000","88101","PM2.5 - Local Conditions","209","Met One BAM-1022 Mass Monitor w/ VSCC or TE-PM2.5C","21340","El Paso, TX","48","Texas","141","El Paso","31.7467475","-106.402788"
"01/06/2025","AQS","481410055","4","6.3","ug/m3 LC","35","Ascarate Park SE","1","100.0000","88101","PM2.5 - Local Conditions","209","Met One BAM-1022 Mass Monitor w/ VSCC or TE-PM2.5C","21340","El Paso, TX","48","Texas","141","El Paso","31.7467475","-106.402788"
"01/07/2025","AQS","481410055","4","6.9","ug/m3 LC","38","Ascarate Park SE","1","100.0000","88101","PM2.5 - Local Conditions","209","Met One BAM-1022 Mass Monitor w/ VSCC or TE-PM2.5C","21340","El Paso, TX","48","Texas","141","El Paso","31.7467475","-106.402788"
"01/08/2025","AQS","481410055","4","4.5","ug/m3 LC","25","Ascarate Park SE","1","100.0000","88101","PM2.5 - Local Conditions","209","Met One BAM-1022 Mass Monitor w/ VSCC or TE-PM2.5C","21340","El Paso, TX","48","Texas","141","El Paso","31.7467475","-106.402788"
"01/09/2025","AQS","481410055","4","5.2","ug/m3 LC","29","Ascarate Park SE","1","100.0000","88101","PM2.5 - Local Conditions","209","Met One BAM-1022 Mass Monitor w/ VSCC or TE-PM2.5C","21340","El Paso, TX","48","Texas","141","El Paso","31.7467475","-106.402788"
"01/10/2025","AQS","481410055","4","4","ug/m3 LC","22","Ascarate Park SE","1","100.0000","88101","PM2.5 - Local Conditions","209","Met One BAM-1022 Mass Monitor w/ VSCC or TE-PM2.5C","21340","El Paso, TX","48","Texas","141","El Paso","31.7467475","-106.402788"
"01/11/2025","AQS","481410055","4","5","ug/m3 LC","28","Ascarate Park SE","1","100.0000","88101","PM2.5 - Local Conditions","209","Met One BAM-1022 Mass Monitor w/ VSCC or TE-PM2.5C","21340","El Paso, TX","48","Texas","141","El Paso","31.7467475","-106.402788"
"01/12/2025","AQS","481410055","4","2.7","ug/m3 LC","15","Ascarate Park SE","1","100.0000","88101","PM2.5 - Local Conditions","209","Met One BAM-1022 Mass Monitor w/ VSCC or TE-PM2.5C","21340","El Paso, TX","48","Texas","141","El Paso","31.7467475","-106.402788"
"01/13/2025","AQS","481410055","4","2.4","ug/m3 LC","13","Ascarate Park SE","1","100.0000","88101","PM2.5 - Local Conditions","209","Met One BAM-1022 Mass Monitor w/ VSCC or TE-PM2.5C","21340","El Paso, TX","48","Texas","141","El Paso","31.7467475","-106.402788"
"01/14/2025","AQS","481410055","4","2.2","ug/m3 LC","12","Ascarate Park SE","1","100.0000","88101","PM2.5 - Local Conditions","209","Met One BAM-1022 Mass Monitor w/ VSCC or TE-PM2.5C","21340","El Paso, TX","48","Texas","141","El Paso","31.7467475","-106.402788"
"01/15/2025","AQS","481410055","4","1","ug/m3 LC","6","Ascarate Park SE","1","100.0000","88101","PM2.5 - Local Conditions","209","Met One BAM-1022 Mass Monitor w/ VSCC or TE-PM2.5C","21340","El Paso, TX","48","Texas","141","El Paso","31.7467475","-106.402788"
"01/16/2025","AQS","481410055","4","3.6","ug/m3 LC","20","Ascarate Park SE","1","100.0000","88101","PM2.5 - Local Conditions","209","Met One BAM-1022 Mass Monitor w/ VSCC or TE-PM2.5C","21340","El Paso, TX","48","Texas","141","El Paso","31.7467475","-106.402788"
"01/17/2025","AQS","481410055","4","13.8","ug/m3 LC","60","Ascarate Park SE","1","100.0000","88101","PM2.5 - Local Conditions","209","Met One BAM-1022 Mass Monitor w/ VSCC or TE-PM2.5C","21340","El Paso, TX","48","Texas","141","El Paso","31.7467475","-106.402788"
"01/18/2025","AQS","481410055","4","23.9","ug/m3 LC","79","Ascarate Park SE","1","100.0000","88101","PM2.5 - Local Conditions","209","Met One BAM-1022 Mass Monitor w/ VSCC or TE-PM2.5C","21340","El Paso, TX","48","Texas","141","El Paso","31.7467475","-106.402788"
"01/19/2025","AQS","481410055","4","8.5","ug/m3 LC","47","Ascarate Park SE","1","100.0000","88101","PM2.5 - Local Conditions","209","Met One BAM-1022 Mass Monitor w/ VSCC or TE-PM2.5C","21340","El Paso, TX","48","Texas","141","El Paso","31.7467475","-106.402788"
"01/20/2025","AQS","481410055","4","10.4","ug/m3 LC","53","Ascarate Park SE","1","100.0000","88101","PM2.5 - Local Conditions","209","Met One BAM-1022 Mass Monitor w/ VSCC or TE-PM2.5C","21340","El Paso, TX","48","Texas","141","El Paso","31.7467475","-106.402788"
"01/21/2025","AQS","481410055","4","12.6","ug/m3 LC","58","Ascarate Park SE","1","100.0000","88101","PM2.5 - Local Conditions","209","Met One BAM-1022 Mass Monitor w/ VSCC or TE-PM2.5C","21340","El Paso, TX","48","Texas","141","El Paso","31.7467475","-106.402788"
"01/22/2025","AQS","481410055","4","16.6","ug/m3 LC","65","Ascarate Park SE","1","100.0000","88101","PM2.5 - Local Conditions","209","Met One BAM-1022 Mass Monitor w/ VSCC or TE-PM2.5C","21340","El Paso, TX","48","Texas","141","El Paso","31.7467475","-106.402788"
"01/23/2025","AQS","481410055","4","3.5","ug/m3 LC","19","Ascarate Park SE","1","100.0000","88101","PM2.5 - Local Conditions","209","Met One BAM-1022 Mass Monitor w/ VSCC or TE-PM2.5C","21340","El Paso, TX","48","Texas","141","El Paso","31.7467475","-106.402788"
"01/25/2025","AQS","481410055","4","24.1","ug/m3 LC","79","Ascarate Park SE","1","100.0000","88101","PM2.5 - Local Conditions","209","Met One BAM-1022 Mass Monitor w/ VSCC or TE-PM2.5C","21340","El Paso, TX","48","Texas","141","El Paso","31.7467475","-106.402788"
"01/26/2025","AQS","481410055","4","13.5","ug/m3 LC","59","Ascarate Park SE","1","100.0000","88101","PM2.5 - Local Conditions","209","Met One BAM-1022 Mass Monitor w/ VSCC or TE-PM2.5C","21340","El Paso, TX","48","Texas","141","El Paso","31.7467475","-106.402788"
"01/27/2025","AQS","481410055","4","9.5","ug/m3 LC","52","Ascarate Park SE","1","100.0000","88101","PM2.5 - Local Conditions","209","Met One BAM-1022 Mass Monitor w/ VSCC or TE-PM2.5C","21340","El Paso, TX","48","Texas","141","El Paso","31.7467475","-106.402788"
"01/28/2025","AQS","481410055","4","8.4","ug/m3 LC","47","Ascarate Park SE","1","100.0000","88101","PM2.5 - Local Conditions","209","Met One BAM-1022 Mass Monitor w/ VSCC or TE-PM2.5C","21340","El Paso, TX","48","Texas","141","El Paso","31.7467475","-106.402788"
"01/29/2025","AQS","481410055","4","8.7","ug/m3 LC","48","Ascarate Park SE","1","100.0000","88101","PM2.5 - Local Conditions","209","Met One BAM-1022 Mass Monitor w/ VSCC or TE-PM2.5C","21340","El Paso, TX","48","Texas","141","El Paso","31.7467475","-106.402788"
"01/30/2025","AQS","481410055","4","22.1","ug/m3 LC","75","Ascarate Park SE","1","100.0000","88101","PM2.5 - Local Conditions","209","Met One BAM-1022 Mass Monitor w/ VSCC or TE-PM2.5C","21340","El Paso, TX","48","Texas","141","El Paso","31.7467475","-106.402788"
"01/31/2025","AQS","481410055","4","10.6","ug/m3 LC","54","Ascarate Park SE","1","100.0000","88101","PM2.5 - Local Conditions","209","Met One BAM-1022 Mass Monitor w/ VSCC or TE-PM2.5C","21340","El Paso, TX","48","Texas","141","El Paso","31.7467475","-106.402788"
"02/01/2025","AQS","481410055","4","21","ug/m3 LC","73","Ascarate Park SE","1","100.0000","88101","PM2.5 - Local Conditions","209","Met One BAM-1022 Mass Monitor w/ VSCC or TE-PM2.5C","21340","El Paso, TX","48","Texas","141","El Paso","31.7467475","-106.402788"
"02/02/2025","AQS","481410055","4","15.6","ug/m3 LC","63","Ascarate Park SE","1","100.0000","88101","PM2.5 - Local Conditions","209","Met One BAM-1022 Mass Monitor w/ VSCC or TE-PM2.5C","21340","El Paso, TX","48","Texas","141","El Paso","31.7467475","-106.402788"
"02/03/2025","AQS","481410055","4","36.8","ug/m3 LC","104","Ascarate Park SE","1","100.0000","88101","PM2.5 - Local Conditions","209","Met One BAM-1022 Mass Monitor w/ VSCC or TE-PM2.5C","21340","El Paso, TX","48","Texas","141","El Paso","31.7467475","-106.402788"
"02/04/2025","AQS","481410055","4","47.2","ug/m3 LC","130","Ascarate Park SE","1","100.0000","88101","PM2.5 - Local Conditions","209","Met One BAM-1022 Mass Monitor w/ VSCC or TE-PM2.5C","21340","El Paso, TX","48","Texas","141","El Paso","31.7467475","-106.402788"
"02/05/2025","AQS","481410055","4","35.2","ug/m3 LC","100","Ascarate Park SE","1","100.0000","88101","PM2.5 - Local Conditions","209","Met One BAM-1022 Mass Monitor w/ VSCC or TE-PM2.5C","21340","El Paso, TX","48","Texas","141","El Paso","31.7467475","-106.402788"
"02/06/2025","AQS","481410055","4","36.1","ug/m3 LC","102","Ascarate Park SE","1","100.0000","88101","PM2.5 - Local Conditions","209","Met One BAM-1022 Mass Monitor w/ VSCC or TE-PM2.5C","21340","El Paso, TX","48","Texas","141","El Paso","31.7467475","-106.402788"
"02/07/2025","AQS","481410055","4","35.5","ug/m3 LC","101","Ascarate Park SE","1","100.0000","88101","PM2.5 - Local Conditions","209","Met One BAM-1022 Mass Monitor w/ VSCC or TE-PM2.5C","21340","El Paso, TX","48","Texas","141","El Paso","31.7467475","-106.402788"
"02/08/2025","AQS","481410055","4","36.3","ug/m3 LC","103","Ascarate Park SE","1","100.0000","88101","PM2.5 - Local Conditions","209","Met One BAM-1022 Mass Monitor w/ VSCC or TE-PM2.5C","21340","El Paso, TX","48","Texas","141","El Paso","31.7467475","-106.402788"
"02/09/2025","AQS","481410055","4","50","ug/m3 LC","137","Ascarate Park SE","1","100.0000","88101","PM2.5 - Local Conditions","209","Met One BAM-1022 Mass Monitor w/ VSCC or TE-PM2.5C","21340","El Paso, TX","48","Texas","141","El Paso","31.7467475","-106.402788"
"02/10/2025","AQS","481410055","4","59.7","ug/m3 LC","154","Ascarate Park SE","1","100.0000","88101","PM2.5 - Local Conditions","209","Met One BAM-1022 Mass Monitor w/ VSCC or TE-PM2.5C","21340","El Paso, TX","48","Texas","141","El Paso","31.7467475","-106.402788"
"02/11/2025","AQS","481410055","4","94.2","ug/m3 LC","178","Ascarate Park SE","1","100.0000","88101","PM2.5 - Local Conditions","209","Met One BAM-1022 Mass Monitor w/ VSCC or TE-PM2.5C","21340","El Paso, TX","48","Texas","141","El Paso","31.7467475","-106.402788"
"02/12/2025","AQS","481410055","4","69.6","ug/m3 LC","161","Ascarate Park SE","1","100.0000","88101","PM2.5 - Local Conditions","209","Met One BAM-1022 Mass Monitor w/ VSCC or TE-PM2.5C","21340","El Paso, TX","48","Texas","141","El Paso","31.7467475","-106.402788"
"02/13/2025","AQS","481410055","4","16.5","ug/m3 LC","65","Ascarate Park SE","1","100.0000","88101","PM2.5 - Local Conditions","209","Met One BAM-1022 Mass Monitor w/ VSCC or TE-PM2.5C","21340","El Paso, TX","48","Texas","141","El Paso","31.7467475","-106.402788"
"02/14/2025","AQS","481410055","4","63.3","ug/m3 LC","156","Ascarate Park SE","1","100.0000","88101","PM2.5 - Local Conditions","209","Met One BAM-1022 Mass Monitor w/ VSCC or TE-PM2.5C","21340","El Paso, TX","48","Texas","141","El Paso","31.7467475","-106.402788"
"02/15/2025","AQS","481410055","4","27","ug/m3 LC","84","Ascarate Park SE","1","100.0000","88101","PM2.5 - Local Conditions","209","Met One BAM-1022 Mass Monitor w/ VSCC or TE-PM2.5C","21340","El Paso, TX","48","Texas","141","El Paso","31.7467475","-106.402788"
"02/16/2025","AQS","481410055","4","13.1","ug/m3 LC","58","Ascarate Park SE","1","100.0000","88101","PM2.5 - Local Conditions","209","Met One BAM-1022 Mass Monitor w/ VSCC or TE-PM2.5C","21340","El Paso, TX","48","Texas","141","El Paso","31.7467475","-106.402788"
"02/17/2025","AQS","481410055","4","23.3","ug/m3 LC","77","Ascarate Park SE","1","100.0000","88101","PM2.5 - Local Conditions","209","Met One BAM-1022 Mass Monitor w/ VSCC or TE-PM2.5C","21340","El Paso, TX","48","Texas","141","El Paso","31.7467475","-106.402788"
"02/18/2025","AQS","481410055","4","13.2","ug/m3 LC","59","Ascarate Park SE","1","100.0000","88101","PM2.5 - Local Conditions","209","Met One BAM-1022 Mass Monitor w/ VSCC or TE-PM2.5C","21340","El Paso, TX","48","Texas","141","El Paso","31.7467475","-106.402788"
"02/19/2025","AQS","481410055","4","19","ug/m3 LC","69","Ascarate Park SE","1","100.0000","88101","PM2.5 - Local Conditions","209","Met One BAM-1022 Mass Monitor w/ VSCC or TE-PM2.5C","21340","El Paso, TX","48","Texas","141","El Paso","31.7467475","-106.402788"
"02/20/2025","AQS","481410055","4","12.4","ug/m3 LC","57","Ascarate Park SE","1","100.0000","88101","PM2.5 - Local Conditions","209","Met One BAM-1022 Mass Monitor w/ VSCC or TE-PM2.5C","21340","El Paso, TX","48","Texas","141","El Paso","31.7467475","-106.402788"
"02/21/2025","AQS","481410055","4","7","ug/m3 LC","39","Ascarate Park SE","1","100.0000","88101","PM2.5 - Local Conditions","209","Met One BAM-1022 Mass Monitor w/ VSCC or TE-PM2.5C","21340","El Paso, TX","48","Texas","141","El Paso","31.7467475","-106.402788"
"02/22/2025","AQS","481410055","4","20.6","ug/m3 LC","72","Ascarate Park SE","1","100.0000","88101","PM2.5 - Local Conditions","209","Met One BAM-1022 Mass Monitor w/ VSCC or TE-PM2.5C","21340","El Paso, TX","48","Texas","141","El Paso","31.7467475","-106.402788"
"02/23/2025","AQS","481410055","4","22.2","ug/m3 LC","75","Ascarate Park SE","1","100.0000","88101","PM2.5 - Local Conditions","209","Met One BAM-1022 Mass Monitor w/ VSCC or TE-PM2.5C","21340","El Paso, TX","48","Texas","141","El Paso","31.7467475","-106.402788"
"02/24/2025","AQS","481410055","4","22.8","ug/m3 LC","77","Ascarate Park SE","1","100.0000","88101","PM2.5 - Local Conditions","209","Met One BAM-1022 Mass Monitor w/ VSCC or TE-PM2.5C","21340","El Paso, TX","48","Texas","141","El Paso","31.7467475","-106.402788"
"02/25/2025","AQS","481410055","4","25.8","ug/m3 LC","82","Ascarate Park SE","1","100.0000","88101","PM2.5 - Local Conditions","209","Met One BAM-1022 Mass Monitor w/ VSCC or TE-PM2.5C","21340","El Paso, TX","48","Texas","141","El Paso","31.7467475","-106.402788"
"02/26/2025","AQS","481410055","4","22.4","ug/m3 LC","76","Ascarate Park SE","1","100.0000","88101","PM2.5 - Local Conditions","209","Met One BAM-1022 Mass Monitor w/ VSCC or TE-PM2.5C","21340","El Paso, TX","48","Texas","141","El Paso","31.7467475","-106.402788"
"02/27/2025","AQS","481410055","4","59.2","ug/m3 LC","154","Ascarate Park SE","1","100.0000","88101","PM2.5 - Local Conditions","209","Met One BAM-1022 Mass Monitor w/ VSCC or TE-PM2.5C","21340","El Paso, TX","48","Texas","141","El Paso","31.7467475","-106.402788"
"02/28/2025","AQS","481410055","4","15.7","ug/m3 LC","63","Ascarate Park SE","1","100.0000","88101","PM2.5 - Local Conditions","209","Met One BAM-1022 Mass Monitor w/ VSCC or TE-PM2.5C","21340","El Paso, TX","48","Texas","141","El Paso","31.7467475","-106.402788"
"03/01/2025","AQS","481410055","4","15.3","ug/m3 LC","63","Ascarate Park SE","1","100.0000","88101","PM2.5 - Local Conditions","209","Met One BAM-1022 Mass Monitor w/ VSCC or TE-PM2.5C","21340","El Paso, TX","48","Texas","141","El Paso","31.7467475","-106.402788"
"03/02/2025","AQS","481410055","4","64.1","ug/m3 LC","157","Ascarate Park SE","1","100.0000","88101","PM2.5 - Local Conditions","209","Met One BAM-1022 Mass Monitor w/ VSCC or TE-PM2.5C","21340","El Paso, TX","48","Texas","141","El Paso","31.7467475","-106.402788"
"03/03/2025","AQS","481410055","4","238.6","ug/m3 LC","327","Ascarate Park SE","1","100.0000","88101","PM2.5 - Local Conditions","209","Met One BAM-1022 Mass Monitor w/ VSCC or TE-PM2.5C","21340","El Paso, TX","48","Texas","141","El Paso","31.7467475","-106.402788"
"03/04/2025","AQS","481410055","4","50.1","ug/m3 LC","137","Ascarate Park SE","1","100.0000","88101","PM2.5 - Local Conditions","209","Met One BAM-1022 Mass Monitor w/ VSCC or TE-PM2.5C","21340","El Paso, TX","48","Texas","141","El Paso","31.7467475","-106.402788"
"03/05/2025","AQS","481410055","4","11.2","ug/m3 LC","55","Ascarate Park SE","1","100.0000","88101","PM2.5 - Local Conditions","209","Met One BAM-1022 Mass Monitor w/ VSCC or TE-PM2.5C","21340","El Paso, TX","48","Texas","141","El Paso","31.7467475","-106.402788"
"03/06/2025","AQS","481410055","4","127.3","ug/m3 LC","203","Ascarate Park SE","1","100.0000","88101","PM2.5 - Local Conditions","209","Met One BAM-1022 Mass Monitor w/ VSCC or TE-PM2.5C","21340","El Paso, TX","48","Texas","141","El Paso","31.7467475","-106.402788"
"03/07/2025","AQS","481410055","4","48.8","ug/m3 LC","134","Ascarate Park SE","1","100.0000","88101","PM2.5 - Local Conditions","209","Met One BAM-1022 Mass Monitor w/ VSCC or TE-PM2.5C","21340","El Paso, TX","48","Texas","141","El Paso","31.7467475","-106.402788"
"03/08/2025","AQS","481410055","4","2.9","ug/m3 LC","16","Ascarate Park SE","1","100.0000","88101","PM2.5 - Local Conditions","209","Met One BAM-1022 Mass Monitor w/ VSCC or TE-PM2.5C","21340","El Paso, TX","48","Texas","141","El Paso","31.7467475","-106.402788"
"03/09/2025","AQS","481410055","4","8.7","ug/m3 LC","48","Ascarate Park SE","1","100.0000","88101","PM2.5 - Local Conditions","209","Met One BAM-1022 Mass Monitor w/ VSCC or TE-PM2.5C","21340","El Paso, TX","48","Texas","141","El Paso","31.7467475","-106.402788"
"03/10/2025","AQS","481410055","4","11.7","ug/m3 LC","56","Ascarate Park SE","1","100.0000","88101","PM2.5 - Local Conditions","209","Met One BAM-1022 Mass Monitor w/ VSCC or TE-PM2.5C","21340","El Paso, TX","48","Texas","141","El Paso","31.7467475","-106.402788"
"03/11/2025","AQS","481410055","4","19","ug/m3 LC","69","Ascarate Park SE","1","100.0000","88101","PM2.5 - Local Conditions","209","Met One BAM-1022 Mass Monitor w/ VSCC or TE-PM2.5C","21340","El Paso, TX","48","Texas","141","El Paso","31.7467475","-106.402788"
"03/12/2025","AQS","481410055","4","7.2","ug/m3 LC","40","Ascarate Park SE","1","100.0000","88101","PM2.5 - Local Conditions","209","Met One BAM-1022 Mass Monitor w/ VSCC or TE-PM2.5C","21340","El Paso, TX","48","Texas","141","El Paso","31.7467475","-106.402788"
"03/13/2025","AQS","481410055","4","60.5","ug/m3 LC","155","Ascarate Park SE","1","100.0000","88101","PM2.5 - Local Conditions","209","Met One BAM-1022 Mass Monitor w/ VSCC or TE-PM2.5C","21340","El Paso, TX","48","Texas","141","El Paso","31.7467475","-106.402788"
"03/14/2025","AQS","481410055","4","37.5","ug/m3 LC","106","Ascarate Park SE","1","100.0000","88101","PM2.5 - Local Conditions","209","Met One BAM-1022 Mass Monitor w/ VSCC or TE-PM2.5C","21340","El Paso, TX","48","Texas","141","El Paso","31.7467475","-106.402788"
"03/15/2025","AQS","481410055","4","6.6","ug/m3 LC","37","Ascarate Park SE","1","100.0000","88101","PM2.5 - Local Conditions","209","Met One BAM-1022 Mass Monitor w/ VSCC or TE-PM2.5C","21340","El Paso, TX","48","Texas","141","El Paso","31.7467475","-106.402788"
"03/16/2025","AQS","481410055","4","5.3","ug/m3 LC","29","Ascarate Park SE","1","100.0000","88101","PM2.5 - Local Conditions","209","Met One BAM-1022 Mass Monitor w/ VSCC or TE-PM2.5C","21340","El Paso, TX","48","Texas","141","El Paso","31.7467475","-106.402788"
"03/18/2025","AQS","481410055","4","285.8","ug/m3 LC","421","Ascarate Park SE","1","100.0000","88101","PM2.5 - Local Conditions","209","Met One BAM-1022 Mass Monitor w/ VSCC or TE-PM2.5C","21340","El Paso, TX","48","Texas","141","El Paso","31.7467475","-106.402788"
"03/19/2025","AQS","481410055","4","2.6","ug/m3 LC","14","Ascarate Park SE","1","100.0000","88101","PM2.5 - Local Conditions","209","Met One BAM-1022 Mass Monitor w/ VSCC or TE-PM2.5C","21340","El Paso, TX","48","Texas","141","El Paso","31.7467475","-106.402788"
"03/20/2025","AQS","481410055","4","10.2","ug/m3 LC","53","Ascarate Park SE","1","100.0000","88101","PM2.5 - Local Conditions","209","Met One BAM-1022 Mass Monitor w/ VSCC or TE-PM2.5C","21340","El Paso, TX","48","Texas","141","El Paso","31.7467475","-106.402788"
"03/21/2025","AQS","481410055","4","11.3","ug/m3 LC","55","Ascarate Park SE","1","100.0000","88101","PM2.5 - Local Conditions","209","Met One BAM-1022 Mass Monitor w/ VSCC or TE-PM2.5C","21340","El Paso, TX","48","Texas","141","El Paso","31.7467475","-106.402788"
"03/22/2025","AQS","481410055","4","7.8","ug/m3 LC","43","Ascarate Park SE","1","100.0000","88101","PM2.5 - Local Conditions","209","Met One BAM-1022 Mass Monitor w/ VSCC or TE-PM2.5C","21340","El Paso, TX","48","Texas","141","El Paso","31.7467475","-106.402788"
"03/23/2025","AQS","481410055","4","6.7","ug/m3 LC","37","Ascarate Park SE","1","100.0000","88101","PM2.5 - Local Conditions","209","Met One BAM-1022 Mass Monitor w/ VSCC or TE-PM2.5C","21340","El Paso, TX","48","Texas","141","El Paso","31.7467475","-106.402788"
"03/24/2025","AQS","481410055","4","12.4","ug/m3 LC","57","Ascarate Park SE","1","100.0000","88101","PM2.5 - Local Conditions","209","Met One BAM-1022 Mass Monitor w/ VSCC or TE-PM2.5C","21340","El Paso, TX","48","Texas","141","El Paso","31.7467475","-106.402788"
"03/25/2025","AQS","481410055","4","8.1","ug/m3 LC","45","Ascarate Park SE","1","100.0000","88101","PM2.5 - Local Conditions","209","Met One BAM-1022 Mass Monitor w/ VSCC or TE-PM2.5C","21340","El Paso, TX","48","Texas","141","El Paso","31.7467475","-106.402788"
"03/26/2025","AQS","481410055","4","20.8","ug/m3 LC","73","Ascarate Park SE","1","100.0000","88101","PM2.5 - Local Conditions","209","Met One BAM-1022 Mass Monitor w/ VSCC or TE-PM2.5C","21340","El Paso, TX","48","Texas","141","El Paso","31.7467475","-106.402788"
"03/27/2025","AQS","481410055","4","20.8","ug/m3 LC","73","Ascarate Park SE","1","100.0000","88101","PM2.5 - Local Conditions","209","Met One BAM-1022 Mass Monitor w/ VSCC or TE-PM2.5C","21340","El Paso, TX","48","Texas","141","El Paso","31.7467475","-106.402788"
"03/28/2025","AQS","481410055","4","16.1","ug/m3 LC","64","Ascarate Park SE","1","100.0000","88101","PM2.5 - Local Conditions","209","Met One BAM-1022 Mass Monitor w/ VSCC or TE-PM2.5C","21340","El Paso, TX","48","Texas","141","El Paso","31.7467475","-106.402788"
"03/29/2025","AQS","481410055","4","42.5","ug/m3 LC","118","Ascarate Park SE","1","100.0000","88101","PM2.5 - Local Conditions","209","Met One BAM-1022 Mass Monitor w/ VSCC or TE-PM2.5C","21340","El Paso, TX","48","Texas","141","El Paso","31.7467475","-106.402788"
"03/30/2025","AQS","481410055","4","13.7","ug/m3 LC","60","Ascarate Park SE","1","100.0000","88101","PM2.5 - Local Conditions","209","Met One BAM-1022 Mass Monitor w/ VSCC or TE-PM2.5C","21340","El Paso, TX","48","Texas","141","El Paso","31.7467475","-106.402788"
"03/31/2025","AQS","481410055","4","11.5","ug/m3 LC","55","Ascarate Park SE","1","100.0000","88101","PM2.5 - Local Conditions","209","Met One BAM-1022 Mass Monitor w/ VSCC or TE-PM2.5C","21340","El Paso, TX","48","Texas","141","El Paso","31.7467475","-106.402788"
"04/01/2025","AQS","481410055","4","163.1","ug/m3 LC","238","Ascarate Park SE","1","100.0000","88101","PM2.5 - Local Conditions","209","Met One BAM-1022 Mass Monitor w/ VSCC or TE-PM2.5C","21340","El Paso, TX","48","Texas","141","El Paso","31.7467475","-106.402788"
"04/02/2025","AQS","481410055","4","38.4","ug/m3 LC","108","Ascarate Park SE","1","100.0000","88101","PM2.5 - Local Conditions","209","Met One BAM-1022 Mass Monitor w/ VSCC or TE-PM2.5C","21340","El Paso, TX","48","Texas","141","El Paso","31.7467475","-106.402788"
"04/03/2025","AQS","481410055","4","8.3","ug/m3 LC","46","Ascarate Park SE","1","100.0000","88101","PM2.5 - Local Conditions","209","Met One BAM-1022 Mass Monitor w/ VSCC or TE-PM2.5C","21340","El Paso, TX","48","Texas","141","El Paso","31.7467475","-106.402788"
"04/04/2025","AQS","481410055","4","3.9","ug/m3 LC","22","Ascarate Park SE","1","100.0000","88101","PM2.5 - Local Conditions","209","Met One BAM-1022 Mass Monitor w/ VSCC or TE-PM2.5C","21340","El Paso, TX","48","Texas","141","El Paso","31.7467475","-106.402788"
"04/05/2025","AQS","481410055","4","1.3","ug/m3 LC","7","Ascarate Park SE","1","100.0000","88101","PM2.5 - Local Conditions","209","Met One BAM-1022 Mass Monitor w/ VSCC or TE-PM2.5C","21340","El Paso, TX","48","Texas","141","El Paso","31.7467475","-106.402788"
"04/06/2025","AQS","481410055","4","4.2","ug/m3 LC","23","Ascarate Park SE","1","100.0000","88101","PM2.5 - Local Conditions","209","Met One BAM-1022 Mass Monitor w/ VSCC or TE-PM2.5C","21340","El Paso, TX","48","Texas","141","El Paso","31.7467475","-106.402788"
"04/07/2025","AQS","481410055","4","10.2","ug/m3 LC","53","Ascarate Park SE","1","100.0000","88101","PM2.5 - Local Conditions","209","Met One BAM-1022 Mass Monitor w/ VSCC or TE-PM2.5C","21340","El Paso, TX","48","Texas","141","El Paso","31.7467475","-106.402788"
"04/08/2025","AQS","481410055","4","9.4","ug/m3 LC","52","Ascarate Park SE","1","100.0000","88101","PM2.5 - Local Conditions","209","Met One BAM-1022 Mass Monitor w/ VSCC or TE-PM2.5C","21340","El Paso, TX","48","Texas","141","El Paso","31.7467475","-106.402788"
"04/09/2025","AQS","481410055","4","10.5","ug/m3 LC","54","Ascarate Park SE","1","100.0000","88101","PM2.5 - Local Conditions","209","Met One BAM-1022 Mass Monitor w/ VSCC or TE-PM2.5C","21340","El Paso, TX","48","Texas","141","El Paso","31.7467475","-106.402788"
"04/10/2025","AQS","481410055","4","10.2","ug/m3 LC","53","Ascarate Park SE","1","100.0000","88101","PM2.5 - Local Conditions","209","Met One BAM-1022 Mass Monitor w/ VSCC or TE-PM2.5C","21340","El Paso, TX","48","Texas","141","El Paso","31.7467475","-106.402788"
"04/11/2025","AQS","481410055","4","12","ug/m3 LC","56","Ascarate Park SE","1","100.0000","88101","PM2.5 - Local Conditions","209","Met One BAM-1022 Mass Monitor w/ VSCC or TE-PM2.5C","21340","El Paso, TX","48","Texas","141","El Paso","31.7467475","-106.402788"
"04/12/2025","AQS","481410055","4","15.7","ug/m3 LC","63","Ascarate Park SE","1","100.0000","88101","PM2.5 - Local Conditions","209","Met One BAM-1022 Mass Monitor w/ VSCC or TE-PM2.5C","21340","El Paso, TX","48","Texas","141","El Paso","31.7467475","-106.402788"
"04/13/2025","AQS","481410055","4","13.8","ug/m3 LC","60","Ascarate Park SE","1","100.0000","88101","PM2.5 - Local Conditions","209","Met One BAM-1022 Mass Monitor w/ VSCC or TE-PM2.5C","21340","El Paso, TX","48","Texas","141","El Paso","31.7467475","-106.402788"
"04/14/2025","AQS","481410055","4","21.5","ug/m3 LC","74","Ascarate Park SE","1","100.0000","88101","PM2.5 - Local Conditions","209","Met One BAM-1022 Mass Monitor w/ VSCC or TE-PM2.5C","21340","El Paso, TX","48","Texas","141","El Paso","31.7467475","-106.402788"
"04/15/2025","AQS","481410055","4","13.4","ug/m3 LC","59","Ascarate Park SE","1","100.0000","88101","PM2.5 - Local Conditions","209","Met One BAM-1022 Mass Monitor w/ VSCC or TE-PM2.5C","21340","El Paso, TX","48","Texas","141","El Paso","31.7467475","-106.402788"
"04/16/2025","AQS","481410055","4","31.3","ug/m3 LC","92","Ascarate Park SE","1","100.0000","88101","PM2.5 - Local Conditions","209","Met One BAM-1022 Mass Monitor w/ VSCC or TE-PM2.5C","21340","El Paso, TX","48","Texas","141","El Paso","31.7467475","-106.402788"
"04/17/2025","AQS","481410055","4","107.2","ug/m3 LC","187","Ascarate Park SE","1","100.0000","88101","PM2.5 - Local Conditions","209","Met One BAM-1022 Mass Monitor w/ VSCC or TE-PM2.5C","21340","El Paso, TX","48","Texas","141","El Paso","31.7467475","-106.402788"
"04/18/2025","AQS","481410055","4","103.3","ug/m3 LC","185","Ascarate Park SE","1","100.0000","88101","PM2.5 - Local Conditions","209","Met One BAM-1022 Mass Monitor w/ VSCC or TE-PM2.5C","21340","El Paso, TX","48","Texas","141","El Paso","31.7467475","-106.402788"
"04/19/2025","AQS","481410055","4","26","ug/m3 LC","82","Ascarate Park SE","1","100.0000","88101","PM2.5 - Local Conditions","209","Met One BAM-1022 Mass Monitor w/ VSCC or TE-PM2.5C","21340","El Paso, TX","48","Texas","141","El Paso","31.7467475","-106.402788"
"04/20/2025","AQS","481410055","4","7.4","ug/m3 LC","41","Ascarate Park SE","1","100.0000","88101","PM2.5 - Local Conditions","209","Met One BAM-1022 Mass Monitor w/ VSCC or TE-PM2.5C","21340","El Paso, TX","48","Texas","141","El Paso","31.7467475","-106.402788"
"04/21/2025","AQS","481410055","4","13.6","ug/m3 LC","59","Ascarate Park SE","1","100.0000","88101","PM2.5 - Local Conditions","209","Met One BAM-1022 Mass Monitor w/ VSCC or TE-PM2.5C","21340","El Paso, TX","48","Texas","141","El Paso","31.7467475","-106.402788"
"04/22/2025","AQS","481410055","4","12.7","ug/m3 LC","58","Ascarate Park SE","1","100.0000","88101","PM2.5 - Local Conditions","209","Met One BAM-1022 Mass Monitor w/ VSCC or TE-PM2.5C","21340","El Paso, TX","48","Texas","141","El Paso","31.7467475","-106.402788"
"04/23/2025","AQS","481410055","4","18","ug/m3 LC","68","Ascarate Park SE","1","100.0000","88101","PM2.5 - Local Conditions","209","Met One BAM-1022 Mass Monitor w/ VSCC or TE-PM2.5C","21340","El Paso, TX","48","Texas","141","El Paso","31.7467475","-106.402788"
"04/24/2025","AQS","481410055","4","17.4","ug/m3 LC","66","Ascarate Park SE","1","100.0000","88101","PM2.5 - Local Conditions","209","Met One BAM-1022 Mass Monitor w/ VSCC or TE-PM2.5C","21340","El Paso, TX","48","Texas","141","El Paso","31.7467475","-106.402788"
"04/25/2025","AQS","481410055","4","17.5","ug/m3 LC","67","Ascarate Park SE","1","100.0000","88101","PM2.5 - Local Conditions","209","Met One BAM-1022 Mass Monitor w/ VSCC or TE-PM2.5C","21340","El Paso, TX","48","Texas","141","El Paso","31.7467475","-106.402788"
"04/26/2025","AQS","481410055","4","15.2","ug/m3 LC","62","Ascarate Park SE","1","100.0000","88101","PM2.5 - Local Conditions","209","Met One BAM-1022 Mass Monitor w/ VSCC or TE-PM2.5C","21340","El Paso, TX","48","Texas","141","El Paso","31.7467475","-106.402788"
"04/27/2025","AQS","481410055","4","164.3","ug/m3 LC","239","Ascarate Park SE","1","100.0000","88101","PM2.5 - Local Conditions","209","Met One BAM-1022 Mass Monitor w/ VSCC or TE-PM2.5C","21340","El Paso, TX","48","Texas","141","El Paso","31.7467475","-106.402788"
"04/28/2025","AQS","481410055","4","27.7","ug/m3 LC","86","Ascarate Park SE","1","100.0000","88101","PM2.5 - Local Conditions","209","Met One BAM-1022 Mass Monitor w/ VSCC or TE-PM2.5C","21340","El Paso, TX","48","Texas","141","El Paso","31.7467475","-106.402788"
"04/29/2025","AQS","481410055","4","26.7","ug/m3 LC","84","Ascarate Park SE","1","100.0000","88101","PM2.5 - Local Conditions","209","Met One BAM-1022 Mass Monitor w/ VSCC or TE-PM2.5C","21340","El Paso, TX","48","Texas","141","El Paso","31.7467475","-106.402788"
"04/30/2025","AQS","481410055","4","15.7","ug/m3 LC","63","Ascarate Park SE","1","100.0000","88101","PM2.5 - Local Conditions","209","Met One BAM-1022 Mass Monitor w/ VSCC or TE-PM2.5C","21340","El Paso, TX","48","Texas","141","El Paso","31.7467475","-106.402788"
"05/01/2025","AQS","481410055","4","17.3","ug/m3 LC","66","Ascarate Park SE","1","100.0000","88101","PM2.5 - Local Conditions","209","Met One BAM-1022 Mass Monitor w/ VSCC or TE-PM2.5C","21340","El Paso, TX","48","Texas","141","El Paso","31.7467475","-106.402788"
"05/02/2025","AQS","481410055","4","66","ug/m3 LC","158","Ascarate Park SE","1","100.0000","88101","PM2.5 - Local Conditions","209","Met One BAM-1022 Mass Monitor w/ VSCC or TE-PM2.5C","21340","El Paso, TX","48","Texas","141","El Paso","31.7467475","-106.402788"
"05/03/2025","AQS","481410055","4","18.6","ug/m3 LC","69","Ascarate Park SE","1","100.0000","88101","PM2.5 - Local Conditions","209","Met One BAM-1022 Mass Monitor w/ VSCC or TE-PM2.5C","21340","El Paso, TX","48","Texas","141","El Paso","31.7467475","-106.402788"
"05/04/2025","AQS","481410055","4","16.8","ug/m3 LC","65","Ascarate Park SE","1","100.0000","88101","PM2.5 - Local Conditions","209","Met One BAM-1022 Mass Monitor w/ VSCC or TE-PM2.5C","21340","El Paso, TX","48","Texas","141","El Paso","31.7467475","-106.402788"
"05/05/2025","AQS","481410055","4","18.8","ug/m3 LC","69","Ascarate Park SE","1","100.0000","88101","PM2.5 - Local Conditions","209","Met One BAM-1022 Mass Monitor w/ VSCC or TE-PM2.5C","21340","El Paso, TX","48","Texas","141","El Paso","31.7467475","-106.402788"
"05/06/2025","AQS","481410055","4","5.5","ug/m3 LC","31","Ascarate Park SE","1","100.0000","88101","PM2.5 - Local Conditions","209","Met One BAM-1022 Mass Monitor w/ VSCC or TE-PM2.5C","21340","El Paso, TX","48","Texas","141","El Paso","31.7467475","-106.402788"
"05/07/2025","AQS","481410055","4","6.2","ug/m3 LC","34","Ascarate Park SE","1","100.0000","88101","PM2.5 - Local Conditions","209","Met One BAM-1022 Mass Monitor w/ VSCC or TE-PM2.5C","21340","El Paso, TX","48","Texas","141","El Paso","31.7467475","-106.402788"
"05/08/2025","AQS","481410055","4","5.7","ug/m3 LC","32","Ascarate Park SE","1","100.0000","88101","PM2.5 - Local Conditions","209","Met One BAM-1022 Mass Monitor w/ VSCC or TE-PM2.5C","21340","El Paso, TX","48","Texas","141","El Paso","31.7467475","-106.402788"
"05/09/2025","AQS","481410055","4","2.7","ug/m3 LC","15","Ascarate Park SE","1","100.0000","88101","PM2.5 - Local Conditions","209","Met One BAM-1022 Mass Monitor w/ VSCC or TE-PM2.5C","21340","El Paso, TX","48","Texas","141","El Paso","31.7467475","-106.402788"
"05/10/2025","AQS","481410055","4","4.8","ug/m3 LC","27","Ascarate Park SE","1","100.0000","88101","PM2.5 - Local Conditions","209","Met One BAM-1022 Mass Monitor w/ VSCC or TE-PM2.5C","21340","El Paso, TX","48","Texas","141","El Paso","31.7467475","-106.402788"
"05/11/2025","AQS","481410055","4","9.2","ug/m3 LC","51","Ascarate Park SE","1","100.0000","88101","PM2.5 - Local Conditions","209","Met One BAM-1022 Mass Monitor w/ VSCC or TE-PM2.5C","21340","El Paso, TX","48","Texas","141","El Paso","31.7467475","-106.402788"
"05/12/2025","AQS","481410055","4","14.9","ug/m3 LC","62","Ascarate Park SE","1","100.0000","88101","PM2.5 - Local Conditions","209","Met One BAM-1022 Mass Monitor w/ VSCC or TE-PM2.5C","21340","El Paso, TX","48","Texas","141","El Paso","31.7467475","-106.402788"
"05/13/2025","AQS","481410055","4","73.3","ug/m3 LC","163","Ascarate Park SE","1","100.0000","88101","PM2.5 - Local Conditions","209","Met One BAM-1022 Mass Monitor w/ VSCC or TE-PM2.5C","21340","El Paso, TX","48","Texas","141","El Paso","31.7467475","-106.402788"
"05/14/2025","AQS","481410055","4","63.6","ug/m3 LC","157","Ascarate Park SE","1","100.0000","88101","PM2.5 - Local Conditions","209","Met One BAM-1022 Mass Monitor w/ VSCC or TE-PM2.5C","21340","El Paso, TX","48","Texas","141","El Paso","31.7467475","-106.402788"
"05/15/2025","AQS","481410055","4","27.5","ug/m3 LC","85","Ascarate Park SE","1","100.0000","88101","PM2.5 - Local Conditions","209","Met One BAM-1022 Mass Monitor w/ VSCC or TE-PM2.5C","21340","El Paso, TX","48","Texas","141","El Paso","31.7467475","-106.402788"
"05/16/2025","AQS","481410055","4","20.5","ug/m3 LC","72","Ascarate Park SE","1","100.0000","88101","PM2.5 - Local Conditions","209","Met One BAM-1022 Mass Monitor w/ VSCC or TE-PM2.5C","21340","El Paso, TX","48","Texas","141","El Paso","31.7467475","-106.402788"
"05/17/2025","AQS","481410055","4","16.2","ug/m3 LC","64","Ascarate Park SE","1","100.0000","88101","PM2.5 - Local Conditions","209","Met One BAM-1022 Mass Monitor w/ VSCC or TE-PM2.5C","21340","El Paso, TX","48","Texas","141","El Paso","31.7467475","-106.402788"
"05/18/2025","AQS","481410055","4","23.5","ug/m3 LC","78","Ascarate Park SE","1","100.0000","88101","PM2.5 - Local Conditions","209","Met One BAM-1022 Mass Monitor w/ VSCC or TE-PM2.5C","21340","El Paso, TX","48","Texas","141","El Paso","31.7467475","-106.402788"
"05/19/2025","AQS","481410055","4","49.3","ug/m3 LC","135","Ascarate Park SE","1","100.0000","88101","PM2.5 - Local Conditions","209","Met One BAM-1022 Mass Monitor w/ VSCC or TE-PM2.5C","21340","El Paso, TX","48","Texas","141","El Paso","31.7467475","-106.402788"
"05/20/2025","AQS","481410055","4","16.5","ug/m3 LC","65","Ascarate Park SE","1","100.0000","88101","PM2.5 - Local Conditions","209","Met One BAM-1022 Mass Monitor w/ VSCC or TE-PM2.5C","21340","El Paso, TX","48","Texas","141","El Paso","31.7467475","-106.402788"
"05/21/2025","AQS","481410055","4","23.7","ug/m3 LC","78","Ascarate Park SE","1","100.0000","88101","PM2.5 - Local Conditions","209","Met One BAM-1022 Mass Monitor w/ VSCC or TE-PM2.5C","21340","El Paso, TX","48","Texas","141","El Paso","31.7467475","-106.402788"
"05/22/2025","AQS","481410055","4","30.7","ug/m3 LC","91","Ascarate Park SE","1","100.0000","88101","PM2.5 - Local Conditions","209","Met One BAM-1022 Mass Monitor w/ VSCC or TE-PM2.5C","21340","El Paso, TX","48","Texas","141","El Paso","31.7467475","-106.402788"
"05/23/2025","AQS","481410055","4","13.9","ug/m3 LC","60","Ascarate Park SE","1","100.0000","88101","PM2.5 - Local Conditions","209","Met One BAM-1022 Mass Monitor w/ VSCC or TE-PM2.5C","21340","El Paso, TX","48","Texas","141","El Paso","31.7467475","-106.402788"
"05/24/2025","AQS","481410055","4","12.8","ug/m3 LC","58","Ascarate Park SE","1","100.0000","88101","PM2.5 - Local Conditions","209","Met One BAM-1022 Mass Monitor w/ VSCC or TE-PM2.5C","21340","El Paso, TX","48","Texas","141","El Paso","31.7467475","-106.402788"
"05/25/2025","AQS","481410055","4","12.4","ug/m3 LC","57","Ascarate Park SE","1","100.0000","88101","PM2.5 - Local Conditions","209","Met One BAM-1022 Mass Monitor w/ VSCC or TE-PM2.5C","21340","El Paso, TX","48","Texas","141","El Paso","31.7467475","-106.402788"
"05/26/2025","AQS","481410055","4","9.1","ug/m3 LC","51","Ascarate Park SE","1","100.0000","88101","PM2.5 - Local Conditions","209","Met One BAM-1022 Mass Monitor w/ VSCC or TE-PM2.5C","21340","El Paso, TX","48","Texas","141","El Paso","31.7467475","-106.402788"
"05/27/2025","AQS","481410055","4","30.8","ug/m3 LC","91","Ascarate Park SE","1","100.0000","88101","PM2.5 - Local Conditions","209","Met One BAM-1022 Mass Monitor w/ VSCC or TE-PM2.5C","21340","El Paso, TX","48","Texas","141","El Paso","31.7467475","-106.402788"
"05/28/2025","AQS","481410055","4","20.9","ug/m3 LC","73","Ascarate Park SE","1","100.0000","88101","PM2.5 - Local Conditions","209","Met One BAM-1022 Mass Monitor w/ VSCC or TE-PM2.5C","21340","El Paso, TX","48","Texas","141","El Paso","31.7467475","-106.402788"
"05/29/2025","AQS","481410055","4","25.7","ug/m3 LC","82","Ascarate Park SE","1","100.0000","88101","PM2.5 - Local Conditions","209","Met One BAM-1022 Mass Monitor w/ VSCC or TE-PM2.5C","21340","El Paso, TX","48","Texas","141","El Paso","31.7467475","-106.402788"
"05/30/2025","AQS","481410055","4","37.5","ug/m3 LC","106","Ascarate Park SE","1","100.0000","88101","PM2.5 - Local Conditions","209","Met One BAM-1022 Mass Monitor w/ VSCC or TE-PM2.5C","21340","El Paso, TX","48","Texas","141","El Paso","31.7467475","-106.402788"
"05/31/2025","AQS","481410055","4","12.8","ug/m3 LC","58","Ascarate Park SE","1","100.0000","88101","PM2.5 - Local Conditions","209","Met One BAM-1022 Mass Monitor w/ VSCC or TE-PM2.5C","21340","El Paso, TX","48","Texas","141","El Paso","31.7467475","-106.402788"
"06/01/2025","AQS","481410055","4","9.8","ug/m3 LC","52","Ascarate Park SE","1","100.0000","88101","PM2.5 - Local Conditions","209","Met One BAM-1022 Mass Monitor w/ VSCC or TE-PM2.5C","21340","El Paso, TX","48","Texas","141","El Paso","31.7467475","-106.402788"
"06/02/2025","AQS","481410055","4","18.2","ug/m3 LC","68","Ascarate Park SE","1","100.0000","88101","PM2.5 - Local Conditions","209","Met One BAM-1022 Mass Monitor w/ VSCC or TE-PM2.5C","21340","El Paso, TX","48","Texas","141","El Paso","31.7467475","-106.402788"
"06/03/2025","AQS","481410055","4","7","ug/m3 LC","39","Ascarate Park SE","1","100.0000","88101","PM2.5 - Local Conditions","209","Met One BAM-1022 Mass Monitor w/ VSCC or TE-PM2.5C","21340","El Paso, TX","48","Texas","141","El Paso","31.7467475","-106.402788"
"06/04/2025","AQS","481410055","4","7.4","ug/m3 LC","41","Ascarate Park SE","1","100.0000","88101","PM2.5 - Local Conditions","209","Met One BAM-1022 Mass Monitor w/ VSCC or TE-PM2.5C","21340","El Paso, TX","48","Texas","141","El Paso","31.7467475","-106.402788"
"06/05/2025","AQS","481410055","4","12.1","ug/m3 LC","57","Ascarate Park SE","1","100.0000","88101","PM2.5 - Local Conditions","209","Met One BAM-1022 Mass Monitor w/ VSCC or TE-PM2.5C","21340","El Paso, TX","48","Texas","141","El Paso","31.7467475","-106.402788"
"06/06/2025","AQS","481410055","4","11.7","ug/m3 LC","56","Ascarate Park SE","1","100.0000","88101","PM2.5 - Local Conditions","209","Met One BAM-1022 Mass Monitor w/ VSCC or TE-PM2.5C","21340","El Paso, TX","48","Texas","141","El Paso","31.7467475","-106.402788"
"06/07/2025","AQS","481410055","4","4.8","ug/m3 LC","27","Ascarate Park SE","1","100.0000","88101","PM2.5 - Local Conditions","209","Met One BAM-1022 Mass Monitor w/ VSCC or TE-PM2.5C","21340","El Paso, TX","48","Texas","141","El Paso","31.7467475","-106.402788"
"06/08/2025","AQS","481410055","4","6.2","ug/m3 LC","34","Ascarate Park SE","1","100.0000","88101","PM2.5 - Local Conditions","209","Met One BAM-1022 Mass Monitor w/ VSCC or TE-PM2.5C","21340","El Paso, TX","48","Texas","141","El Paso","31.7467475","-106.402788"
"06/09/2025","AQS","481410055","4","16.4","ug/m3 LC","65","Ascarate Park SE","1","100.0000","88101","PM2.5 - Local Conditions","209","Met One BAM-1022 Mass Monitor w/ VSCC or TE-PM2.5C","21340","El Paso, TX","48","Texas","141","El Paso","31.7467475","-106.402788"
"06/10/2025","AQS","481410055","4","18.1","ug/m3 LC","68","Ascarate Park SE","1","100.0000","88101","PM2.5 - Local Conditions","209","Met One BAM-1022 Mass Monitor w/ VSCC or TE-PM2.5C","21340","El Paso, TX","48","Texas","141","El Paso","31.7467475","-106.402788"
"06/11/2025","AQS","481410055","4","11.2","ug/m3 LC","55","Ascarate Park SE","1","100.0000","88101","PM2.5 - Local Conditions","209","Met One BAM-1022 Mass Monitor w/ VSCC or TE-PM2.5C","21340","El Paso, TX","48","Texas","141","El Paso","31.7467475","-106.402788"
"06/12/2025","AQS","481410055","4","9.4","ug/m3 LC","52","Ascarate Park SE","1","100.0000","88101","PM2.5 - Local Conditions","209","Met One BAM-1022 Mass Monitor w/ VSCC or TE-PM2.5C","21340","El Paso, TX","48","Texas","141","El Paso","31.7467475","-106.402788"
"06/13/2025","AQS","481410055","4","15","ug/m3 LC","62","Ascarate Park SE","1","100.0000","88101","PM2.5 - Local Conditions","209","Met One BAM-1022 Mass Monitor w/ VSCC or TE-PM2.5C","21340","El Paso, TX","48","Texas","141","El Paso","31.7467475","-106.402788"
"06/14/2025","AQS","481410055","4","16.7","ug/m3 LC","65","Ascarate Park SE","1","100.0000","88101","PM2.5 - Local Conditions","209","Met One BAM-1022 Mass Monitor w/ VSCC or TE-PM2.5C","21340","El Paso, TX","48","Texas","141","El Paso","31.7467475","-106.402788"
"06/15/2025","AQS","481410055","4","32.4","ug/m3 LC","94","Ascarate Park SE","1","100.0000","88101","PM2.5 - Local Conditions","209","Met One BAM-1022 Mass Monitor w/ VSCC or TE-PM2.5C","21340","El Paso, TX","48","Texas","141","El Paso","31.7467475","-106.402788"
"06/16/2025","AQS","481410055","4","18.7","ug/m3 LC","69","Ascarate Park SE","1","100.0000","88101","PM2.5 - Local Conditions","209","Met One BAM-1022 Mass Monitor w/ VSCC or TE-PM2.5C","21340","El Paso, TX","48","Texas","141","El Paso","31.7467475","-106.402788"
"06/17/2025","AQS","481410055","4","22.5","ug/m3 LC","76","Ascarate Park SE","1","100.0000","88101","PM2.5 - Local Conditions","209","Met One BAM-1022 Mass Monitor w/ VSCC or TE-PM2.5C","21340","El Paso, TX","48","Texas","141","El Paso","31.7467475","-106.402788"
"06/18/2025","AQS","481410055","4","17.2","ug/m3 LC","66","Ascarate Park SE","1","100.0000","88101","PM2.5 - Local Conditions","209","Met One BAM-1022 Mass Monitor w/ VSCC or TE-PM2.5C","21340","El Paso, TX","48","Texas","141","El Paso","31.7467475","-106.402788"
"06/19/2025","AQS","481410055","4","12.9","ug/m3 LC","58","Ascarate Park SE","1","100.0000","88101","PM2.5 - Local Conditions","209","Met One BAM-1022 Mass Monitor w/ VSCC or TE-PM2.5C","21340","El Paso, TX","48","Texas","141","El Paso","31.7467475","-106.402788"
"06/20/2025","AQS","481410055","4","18.7","ug/m3 LC","69","Ascarate Park SE","1","100.0000","88101","PM2.5 - Local Conditions","209","Met One BAM-1022 Mass Monitor w/ VSCC or TE-PM2.5C","21340","El Paso, TX","48","Texas","141","El Paso","31.7467475","-106.402788"
"06/21/2025","AQS","481410055","4","17.2","ug/m3 LC","66","Ascarate Park SE","1","100.0000","88101","PM2.5 - Local Conditions","209","Met One BAM-1022 Mass Monitor w/ VSCC or TE-PM2.5C","21340","El Paso, TX","48","Texas","141","El Paso","31.7467475","-106.402788"
"06/22/2025","AQS","481410055","4","24.1","ug/m3 LC","79","Ascarate Park SE","1","100.0000","88101","PM2.5 - Local Conditions","209","Met One BAM-1022 Mass Monitor w/ VSCC or TE-PM2.5C","21340","El Paso, TX","48","Texas","141","El Paso","31.7467475","-106.402788"
"06/23/2025","AQS","481410055","4","9.8","ug/m3 LC","52","Ascarate Park SE","1","100.0000","88101","PM2.5 - Local Conditions","209","Met One BAM-1022 Mass Monitor w/ VSCC or TE-PM2.5C","21340","El Paso, TX","48","Texas","141","El Paso","31.7467475","-106.402788"
"06/24/2025","AQS","481410055","4","3.2","ug/m3 LC","18","Ascarate Park SE","1","100.0000","88101","PM2.5 - Local Conditions","209","Met One BAM-1022 Mass Monitor w/ VSCC or TE-PM2.5C","21340","El Paso, TX","48","Texas","141","El Paso","31.7467475","-106.402788"
"06/25/2025","AQS","481410055","4","3.1","ug/m3 LC","17","Ascarate Park SE","1","100.0000","88101","PM2.5 - Local Conditions","209","Met One BAM-1022 Mass Monitor w/ VSCC or TE-PM2.5C","21340","El Paso, TX","48","Texas","141","El Paso","31.7467475","-106.402788"
"06/26/2025","AQS","481410055","4","3.4","ug/m3 LC","19","Ascarate Park SE","1","100.0000","88101","PM2.5 - Local Conditions","209","Met One BAM-1022 Mass Monitor w/ VSCC or TE-PM2.5C","21340","El Paso, TX","48","Texas","141","El Paso","31.7467475","-106.402788"
"06/27/2025","AQS","481410055","4","4.3","ug/m3 LC","24","Ascarate Park SE","1","100.0000","88101","PM2.5 - Local Conditions","209","Met One BAM-1022 Mass Monitor w/ VSCC or TE-PM2.5C","21340","El Paso, TX","48","Texas","141","El Paso","31.7467475","-106.402788"
"06/28/2025","AQS","481410055","4","2.8","ug/m3 LC","16","Ascarate Park SE","1","100.0000","88101","PM2.5 - Local Conditions","209","Met One BAM-1022 Mass Monitor w/ VSCC or TE-PM2.5C","21340","El Paso, TX","48","Texas","141","El Paso","31.7467475","-106.402788"
"06/29/2025","AQS","481410055","4","2.2","ug/m3 LC","12","Ascarate Park SE","1","100.0000","88101","PM2.5 - Local Conditions","209","Met One BAM-1022 Mass Monitor w/ VSCC or TE-PM2.5C","21340","El Paso, TX","48","Texas","141","El Paso","31.7467475","-106.402788"
"06/30/2025","AQS","481410055","4","3.9","ug/m3 LC","22","Ascarate Park SE","1","100.0000","88101","PM2.5 - Local Conditions","209","Met One BAM-1022 Mass Monitor w/ VSCC or TE-PM2.5C","21340","El Paso, TX","48","Texas","141","El Paso","31.7467475","-106.402788"
"07/01/2025","AQS","481410055","4","3.5","ug/m3 LC","19","Ascarate Park SE","1","100.0000","88101","PM2.5 - Local Conditions","209","Met One BAM-1022 Mass Monitor w/ VSCC or TE-PM2.5C","21340","El Paso, TX","48","Texas","141","El Paso","31.7467475","-106.402788"
"07/02/2025","AQS","481410055","4","3","ug/m3 LC","17","Ascarate Park SE","1","100.0000","88101","PM2.5 - Local Conditions","209","Met One BAM-1022 Mass Monitor w/ VSCC or TE-PM2.5C","21340","El Paso, TX","48","Texas","141","El Paso","31.7467475","-106.402788"
"07/03/2025","AQS","481410055","4","2.8","ug/m3 LC","16","Ascarate Park SE","1","100.0000","88101","PM2.5 - Local Conditions","209","Met One BAM-1022 Mass Monitor w/ VSCC or TE-PM2.5C","21340","El Paso, TX","48","Texas","141","El Paso","31.7467475","-106.402788"
"07/04/2025","AQS","481410055","4","4.7","ug/m3 LC","26","Ascarate Park SE","1","100.0000","88101","PM2.5 - Local Conditions","209","Met One BAM-1022 Mass Monitor w/ VSCC or TE-PM2.5C","21340","El Paso, TX","48","Texas","141","El Paso","31.7467475","-106.402788"
"07/05/2025","AQS","481410055","4","6","ug/m3 LC","33","Ascarate Park SE","1","100.0000","88101","PM2.5 - Local Conditions","209","Met One BAM-1022 Mass Monitor w/ VSCC or TE-PM2.5C","21340","El Paso, TX","48","Texas","141","El Paso","31.7467475","-106.402788"
"07/06/2025","AQS","481410055","4","10.3","ug/m3 LC","53","Ascarate Park SE","1","100.0000","88101","PM2.5 - Local Conditions","209","Met One BAM-1022 Mass Monitor w/ VSCC or TE-PM2.5C","21340","El Paso, TX","48","Texas","141","El Paso","31.7467475","-106.402788"
"07/07/2025","AQS","481410055","4","8.7","ug/m3 LC","48","Ascarate Park SE","1","100.0000","88101","PM2.5 - Local Conditions","209","Met One BAM-1022 Mass Monitor w/ VSCC or TE-PM2.5C","21340","El Paso, TX","48","Texas","141","El Paso","31.7467475","-106.402788"
"07/08/2025","AQS","481410055","4","11.2","ug/m3 LC","55","Ascarate Park SE","1","100.0000","88101","PM2.5 - Local Conditions","209","Met One BAM-1022 Mass Monitor w/ VSCC or TE-PM2.5C","21340","El Paso, TX","48","Texas","141","El Paso","31.7467475","-106.402788"
"07/09/2025","AQS","481410055","4","10.6","ug/m3 LC","54","Ascarate Park SE","1","100.0000","88101","PM2.5 - Local Conditions","209","Met One BAM-1022 Mass Monitor w/ VSCC or TE-PM2.5C","21340","El Paso, TX","48","Texas","141","El Paso","31.7467475","-106.402788"
"07/10/2025","AQS","481410055","4","22.5","ug/m3 LC","76","Ascarate Park SE","1","100.0000","88101","PM2.5 - Local Conditions","209","Met One BAM-1022 Mass Monitor w/ VSCC or TE-PM2.5C","21340","El Paso, TX","48","Texas","141","El Paso","31.7467475","-106.402788"
"07/11/2025","AQS","481410055","4","23","ug/m3 LC","77","Ascarate Park SE","1","100.0000","88101","PM2.5 - Local Conditions","209","Met One BAM-1022 Mass Monitor w/ VSCC or TE-PM2.5C","21340","El Paso, TX","48","Texas","141","El Paso","31.7467475","-106.402788"
"07/12/2025","AQS","481410055","4","30.6","ug/m3 LC","91","Ascarate Park SE","1","100.0000","88101","PM2.5 - Local Conditions","209","Met One BAM-1022 Mass Monitor w/ VSCC or TE-PM2.5C","21340","El Paso, TX","48","Texas","141","El Paso","31.7467475","-106.402788"
"07/13/2025","AQS","481410055","4","14","ug/m3 LC","60","Ascarate Park SE","1","100.0000","88101","PM2.5 - Local Conditions","209","Met One BAM-1022 Mass Monitor w/ VSCC or TE-PM2.5C","21340","El Paso, TX","48","Texas","141","El Paso","31.7467475","-106.402788"
"07/14/2025","AQS","481410055","4","6.8","ug/m3 LC","38","Ascarate Park SE","1","100.0000","88101","PM2.5 - Local Conditions","209","Met One BAM-1022 Mass Monitor w/ VSCC or TE-PM2.5C","21340","El Paso, TX","48","Texas","141","El Paso","31.7467475","-106.402788"
"07/15/2025","AQS","481410055","4","9.7","ug/m3 LC","52","Ascarate Park SE","1","100.0000","88101","PM2.5 - Local Conditions","209","Met One BAM-1022 Mass Monitor w/ VSCC or TE-PM2.5C","21340","El Paso, TX","48","Texas","141","El Paso","31.7467475","-106.402788"
"07/16/2025","AQS","481410055","4","8.7","ug/m3 LC","48","Ascarate Park SE","1","100.0000","88101","PM2.5 - Local Conditions","209","Met One BAM-1022 Mass Monitor w/ VSCC or TE-PM2.5C","21340","El Paso, TX","48","Texas","141","El Paso","31.7467475","-106.402788"
"07/17/2025","AQS","481410055","4","7","ug/m3 LC","39","Ascarate Park SE","1","100.0000","88101","PM2.5 - Local Conditions","209","Met One BAM-1022 Mass Monitor w/ VSCC or TE-PM2.5C","21340","El Paso, TX","48","Texas","141","El Paso","31.7467475","-106.402788"
"07/18/2025","AQS","481410055","4","5.2","ug/m3 LC","29","Ascarate Park SE","1","100.0000","88101","PM2.5 - Local Conditions","209","Met One BAM-1022 Mass Monitor w/ VSCC or TE-PM2.5C","21340","El Paso, TX","48","Texas","141","El Paso","31.7467475","-106.402788"
"07/19/2025","AQS","481410055","4","15","ug/m3 LC","62","Ascarate Park SE","1","100.0000","88101","PM2.5 - Local Conditions","209","Met One BAM-1022 Mass Monitor w/ VSCC or TE-PM2.5C","21340","El Paso, TX","48","Texas","141","El Paso","31.7467475","-106.402788"
"07/20/2025","AQS","481410055","4","17.6","ug/m3 LC","67","Ascarate Park SE","1","100.0000","88101","PM2.5 - Local Conditions","209","Met One BAM-1022 Mass Monitor w/ VSCC or TE-PM2.5C","21340","El Paso, TX","48","Texas","141","El Paso","31.7467475","-106.402788"
"07/21/2025","AQS","481410055","4","10.6","ug/m3 LC","54","Ascarate Park SE","1","100.0000","88101","PM2.5 - Local Conditions","209","Met One BAM-1022 Mass Monitor w/ VSCC or TE-PM2.5C","21340","El Paso, TX","48","Texas","141","El Paso","31.7467475","-106.402788"
"07/22/2025","AQS","481410055","4","5.8","ug/m3 LC","32","Ascarate Park SE","1","100.0000","88101","PM2.5 - Local Conditions","209","Met One BAM-1022 Mass Monitor w/ VSCC or TE-PM2.5C","21340","El Paso, TX","48","Texas","141","El Paso","31.7467475","-106.402788"
"07/23/2025","AQS","481410055","4","6.7","ug/m3 LC","37","Ascarate Park SE","1","100.0000","88101","PM2.5 - Local Conditions","209","Met One BAM-1022 Mass Monitor w/ VSCC or TE-PM2.5C","21340","El Paso, TX","48","Texas","141","El Paso","31.7467475","-106.402788"
"07/24/2025","AQS","481410055","4","6.5","ug/m3 LC","36","Ascarate Park SE","1","100.0000","88101","PM2.5 - Local Conditions","209","Met One BAM-1022 Mass Monitor w/ VSCC or TE-PM2.5C","21340","El Paso, TX","48","Texas","141","El Paso","31.7467475","-106.402788"
"07/25/2025","AQS","481410055","4","15.8","ug/m3 LC","63","Ascarate Park SE","1","100.0000","88101","PM2.5 - Local Conditions","209","Met One BAM-1022 Mass Monitor w/ VSCC or TE-PM2.5C","21340","El Paso, TX","48","Texas","141","El Paso","31.7467475","-106.402788"
"07/26/2025","AQS","481410055","4","7.8","ug/m3 LC","43","Ascarate Park SE","1","100.0000","88101","PM2.5 - Local Conditions","209","Met One BAM-1022 Mass Monitor w/ VSCC or TE-PM2.5C","21340","El Paso, TX","48","Texas","141","El Paso","31.7467475","-106.402788"
"07/27/2025","AQS","481410055","4","8","ug/m3 LC","44","Ascarate Park SE","1","100.0000","88101","PM2.5 - Local Conditions","209","Met One BAM-1022 Mass Monitor w/ VSCC or TE-PM2.5C","21340","El Paso, TX","48","Texas","141","El Paso","31.7467475","-106.402788"
"07/28/2025","AQS","481410055","4","5.4","ug/m3 LC","30","Ascarate Park SE","1","100.0000","88101","PM2.5 - Local Conditions","209","Met One BAM-1022 Mass Monitor w/ VSCC or TE-PM2.5C","21340","El Paso, TX","48","Texas","141","El Paso","31.7467475","-106.402788"
"07/29/2025","AQS","481410055","4","5.7","ug/m3 LC","32","Ascarate Park SE","1","100.0000","88101","PM2.5 - Local Conditions","209","Met One BAM-1022 Mass Monitor w/ VSCC or TE-PM2.5C","21340","El Paso, TX","48","Texas","141","El Paso","31.7467475","-106.402788"
"07/30/2025","AQS","481410055","4","9.6","ug/m3 LC","52","Ascarate Park SE","1","100.0000","88101","PM2.5 - Local Conditions","209","Met One BAM-1022 Mass Monitor w/ VSCC or TE-PM2.5C","21340","El Paso, TX","48","Texas","141","El Paso","31.7467475","-106.402788"
"07/31/2025","AQS","481410055","4","6.3","ug/m3 LC","35","Ascarate Park SE","1","100.0000","88101","PM2.5 - Local Conditions","209","Met One BAM-1022 Mass Monitor w/ VSCC or TE-PM2.5C","21340","El Paso, TX","48","Texas","141","El Paso","31.7467475","-106.402788"
"08/01/2025","AQS","481410055","4","5.5","ug/m3 LC","31","Ascarate Park SE","1","100.0000","88101","PM2.5 - Local Conditions","209","Met One BAM-1022 Mass Monitor w/ VSCC or TE-PM2.5C","21340","El Paso, TX","48","Texas","141","El Paso","31.7467475","-106.402788"
"08/02/2025","AQS","481410055","4","12","ug/m3 LC","56","Ascarate Park SE","1","100.0000","88101","PM2.5 - Local Conditions","209","Met One BAM-1022 Mass Monitor w/ VSCC or TE-PM2.5C","21340","El Paso, TX","48","Texas","141","El Paso","31.7467475","-106.402788"
"08/03/2025","AQS","481410055","4","8.7","ug/m3 LC","48","Ascarate Park SE","1","100.0000","88101","PM2.5 - Local Conditions","209","Met One BAM-1022 Mass Monitor w/ VSCC or TE-PM2.5C","21340","El Paso, TX","48","Texas","141","El Paso","31.7467475","-106.402788"
"08/04/2025","AQS","481410055","4","9.7","ug/m3 LC","52","Ascarate Park SE","1","100.0000","88101","PM2.5 - Local Conditions","209","Met One BAM-1022 Mass Monitor w/ VSCC or TE-PM2.5C","21340","El Paso, TX","48","Texas","141","El Paso","31.7467475","-106.402788"
"08/05/2025","AQS","481410055","4","15.8","ug/m3 LC","63","Ascarate Park SE","1","100.0000","88101","PM2.5 - Local Conditions","209","Met One BAM-1022 Mass Monitor w/ VSCC or TE-PM2.5C","21340","El Paso, TX","48","Texas","141","El Paso","31.7467475","-106.402788"
"08/06/2025","AQS","481410055","4","9.2","ug/m3 LC","51","Ascarate Park SE","1","100.0000","88101","PM2.5 - Local Conditions","209","Met One BAM-1022 Mass Monitor w/ VSCC or TE-PM2.5C","21340","El Paso, TX","48","Texas","141","El Paso","31.7467475","-106.402788"
"08/07/2025","AQS","481410055","4","16.5","ug/m3 LC","65","Ascarate Park SE","1","100.0000","88101","PM2.5 - Local Conditions","209","Met One BAM-1022 Mass Monitor w/ VSCC or TE-PM2.5C","21340","El Paso, TX","48","Texas","141","El Paso","31.7467475","-106.402788"
"08/08/2025","AQS","481410055","4","14.1","ug/m3 LC","60","Ascarate Park SE","1","100.0000","88101","PM2.5 - Local Conditions","209","Met One BAM-1022 Mass Monitor w/ VSCC or TE-PM2.5C","21340","El Paso, TX","48","Texas","141","El Paso","31.7467475","-106.402788"
"08/09/2025","AQS","481410055","4","24.2","ug/m3 LC","79","Ascarate Park SE","1","100.0000","88101","PM2.5 - Local Conditions","209","Met One BAM-1022 Mass Monitor w/ VSCC or TE-PM2.5C","21340","El Paso, TX","48","Texas","141","El Paso","31.7467475","-106.402788"
"08/10/2025","AQS","481410055","4","17.5","ug/m3 LC","67","Ascarate Park SE","1","100.0000","88101","PM2.5 - Local Conditions","209","Met One BAM-1022 Mass Monitor w/ VSCC or TE-PM2.5C","21340","El Paso, TX","48","Texas","141","El Paso","31.7467475","-106.402788"
"08/11/2025","AQS","481410055","4","21","ug/m3 LC","73","Ascarate Park SE","1","100.0000","88101","PM2.5 - Local Conditions","209","Met One BAM-1022 Mass Monitor w/ VSCC or TE-PM2.5C","21340","El Paso, TX","48","Texas","141","El Paso","31.7467475","-106.402788"
"08/12/2025","AQS","481410055","4","8.2","ug/m3 LC","46","Ascarate Park SE","1","100.0000","88101","PM2.5 - Local Conditions","209","Met One BAM-1022 Mass Monitor w/ VSCC or TE-PM2.5C","21340","El Paso, TX","48","Texas","141","El Paso","31.7467475","-106.402788"
"08/14/2025","AQS","481410055","4","11.8","ug/m3 LC","56","Ascarate Park SE","1","100.0000","88101","PM2.5 - Local Conditions","209","Met One BAM-1022 Mass Monitor w/ VSCC or TE-PM2.5C","21340","El Paso, TX","48","Texas","141","El Paso","31.7467475","-106.402788"
"08/15/2025","AQS","481410055","4","4.6","ug/m3 LC","26","Ascarate Park SE","1","100.0000","88101","PM2.5 - Local Conditions","209","Met One BAM-1022 Mass Monitor w/ VSCC or TE-PM2.5C","21340","El Paso, TX","48","Texas","141","El Paso","31.7467475","-106.402788"
"08/16/2025","AQS","481410055","4","5.1","ug/m3 LC","28","Ascarate Park SE","1","100.0000","88101","PM2.5 - Local Conditions","209","Met One BAM-1022 Mass Monitor w/ VSCC or TE-PM2.5C","21340","El Paso, TX","48","Texas","141","El Paso","31.7467475","-106.402788"
"08/17/2025","AQS","481410055","4","4.7","ug/m3 LC","26","Ascarate Park SE","1","100.0000","88101","PM2.5 - Local Conditions","209","Met One BAM-1022 Mass Monitor w/ VSCC or TE-PM2.5C","21340","El Paso, TX","48","Texas","141","El Paso","31.7467475","-106.402788"
"08/18/2025","AQS","481410055","4","4.7","ug/m3 LC","26","Ascarate Park SE","1","100.0000","88101","PM2.5 - Local Conditions","209","Met One BAM-1022 Mass Monitor w/ VSCC or TE-PM2.5C","21340","El Paso, TX","48","Texas","141","El Paso","31.7467475","-106.402788"
"08/19/2025","AQS","481410055","4","6.2","ug/m3 LC","34","Ascarate Park SE","1","100.0000","88101","PM2.5 - Local Conditions","209","Met One BAM-1022 Mass Monitor w/ VSCC or TE-PM2.5C","21340","El Paso, TX","48","Texas","141","El Paso","31.7467475","-106.402788"
"08/20/2025","AQS","481410055","4","6.1","ug/m3 LC","34","Ascarate Park SE","1","100.0000","88101","PM2.5 - Local Conditions","209","Met One BAM-1022 Mass Monitor w/ VSCC or TE-PM2.5C","21340","El Paso, TX","48","Texas","141","El Paso","31.7467475","-106.402788"
"08/27/2025","AQS","481410055","4","6.2","ug/m3 LC","34","Ascarate Park SE","1","100.0000","88101","PM2.5 - Local Conditions","209","Met One BAM-1022 Mass Monitor w/ VSCC or TE-PM2.5C","21340","El Paso, TX","48","Texas","141","El Paso","31.7467475","-106.402788"
"08/28/2025","AQS","481410055","4","5.8","ug/m3 LC","32","Ascarate Park SE","1","100.0000","88101","PM2.5 - Local Conditions","209","Met One BAM-1022 Mass Monitor w/ VSCC or TE-PM2.5C","21340","El Paso, TX","48","Texas","141","El Paso","31.7467475","-106.402788"
"08/29/2025","AQS","481410055","4","5.2","ug/m3 LC","29","Ascarate Park SE","1","100.0000","88101","PM2.5 - Local Conditions","209","Met One BAM-1022 Mass Monitor w/ VSCC or TE-PM2.5C","21340","El Paso, TX","48","Texas","141","El Paso","31.7467475","-106.402788"
"08/30/2025","AQS","481410055","4","5","ug/m3 LC","28","Ascarate Park SE","1","100.0000","88101","PM2.5 - Local Conditions","209","Met One BAM-1022 Mass Monitor w/ VSCC or TE-PM2.5C","21340","El Paso, TX","48","Texas","141","El Paso","31.7467475","-106.402788"
"08/31/2025","AQS","481410055","4","4.8","ug/m3 LC","27","Ascarate Park SE","1","100.0000","88101","PM2.5 - Local Conditions","209","Met One BAM-1022 Mass Monitor w/ VSCC or TE-PM2.5C","21340","El Paso, TX","48","Texas","141","El Paso","31.7467475","-106.402788"
"09/01/2025","AQS","481410055","4","4.7","ug/m3 LC","26","Ascarate Park SE","1","100.0000","88101","PM2.5 - Local Conditions","209","Met One BAM-1022 Mass Monitor w/ VSCC or TE-PM2.5C","21340","El Paso, TX","48","Texas","141","El Paso","31.7467475","-106.402788"
"09/02/2025","AQS","481410055","4","4.9","ug/m3 LC","27","Ascarate Park SE","1","100.0000","88101","PM2.5 - Local Conditions","209","Met One BAM-1022 Mass Monitor w/ VSCC or TE-PM2.5C","21340","El Paso, TX","48","Texas","141","El Paso","31.7467475","-106.402788"
"09/03/2025","AQS","481410055","4","8.5","ug/m3 LC","47","Ascarate Park SE","1","100.0000","88101","PM2.5 - Local Conditions","209","Met One BAM-1022 Mass Monitor w/ VSCC or TE-PM2.5C","21340","El Paso, TX","48","Texas","141","El Paso","31.7467475","-106.402788"
"09/04/2025","AQS","481410055","4","11.8","ug/m3 LC","56","Ascarate Park SE","1","100.0000","88101","PM2.5 - Local Conditions","209","Met One BAM-1022 Mass Monitor w/ VSCC or TE-PM2.5C","21340","El Paso, TX","48","Texas","141","El Paso","31.7467475","-106.402788"
"09/05/2025","AQS","481410055","4","4.3","ug/m3 LC","24","Ascarate Park SE","1","100.0000","88101","PM2.5 - Local Conditions","209","Met One BAM-1022 Mass Monitor w/ VSCC or TE-PM2.5C","21340","El Paso, TX","48","Texas","141","El Paso","31.7467475","-106.402788"
"09/06/2025","AQS","481410055","4","3.3","ug/m3 LC","18","Ascarate Park SE","1","100.0000","88101","PM2.5 - Local Conditions","209","Met One BAM-1022 Mass Monitor w/ VSCC or TE-PM2.5C","21340","El Paso, TX","48","Texas","141","El Paso","31.7467475","-106.402788"
"09/07/2025","AQS","481410055","4","4.5","ug/m3 LC","25","Ascarate Park SE","1","100.0000","88101","PM2.5 - Local Conditions","209","Met One BAM-1022 Mass Monitor w/ VSCC or TE-PM2.5C","21340","El Paso, TX","48","Texas","141","El Paso","31.7467475","-106.402788"
"09/08/2025","AQS","481410055","4","6.8","ug/m3 LC","38","Ascarate Park SE","1","100.0000","88101","PM2.5 - Local Conditions","209","Met One BAM-1022 Mass Monitor w/ VSCC or TE-PM2.5C","21340","El Paso, TX","48","Texas","141","El Paso","31.7467475","-106.402788"
"09/09/2025","AQS","481410055","4","5.8","ug/m3 LC","32","Ascarate Park SE","1","100.0000","88101","PM2.5 - Local Conditions","209","Met One BAM-1022 Mass Monitor w/ VSCC or TE-PM2.5C","21340","El Paso, TX","48","Texas","141","El Paso","31.7467475","-106.402788"
"09/10/2025","AQS","481410055","4","5.2","ug/m3 LC","29","Ascarate Park SE","1","100.0000","88101","PM2.5 - Local Conditions","209","Met One BAM-1022 Mass Monitor w/ VSCC or TE-PM2.5C","21340","El Paso, TX","48","Texas","141","El Paso","31.7467475","-106.402788"
"09/11/2025","AQS","481410055","4","4.6","ug/m3 LC","26","Ascarate Park SE","1","100.0000","88101","PM2.5 - Local Conditions","209","Met One BAM-1022 Mass Monitor w/ VSCC or TE-PM2.5C","21340","El Paso, TX","48","Texas","141","El Paso","31.7467475","-106.402788"
"09/12/2025","AQS","481410055","4","5","ug/m3 LC","28","Ascarate Park SE","1","100.0000","88101","PM2.5 - Local Conditions","209","Met One BAM-1022 Mass Monitor w/ VSCC or TE-PM2.5C","21340","El Paso, TX","48","Texas","141","El Paso","31.7467475","-106.402788"
"09/13/2025","AQS","481410055","4","2.7","ug/m3 LC","15","Ascarate Park SE","1","100.0000","88101","PM2.5 - Local Conditions","209","Met One BAM-1022 Mass Monitor w/ VSCC or TE-PM2.5C","21340","El Paso, TX","48","Texas","141","El Paso","31.7467475","-106.402788"
"09/14/2025","AQS","481410055","4","2.9","ug/m3 LC","16","Ascarate Park SE","1","100.0000","88101","PM2.5 - Local Conditions","209","Met One BAM-1022 Mass Monitor w/ VSCC or TE-PM2.5C","21340","El Paso, TX","48","Texas","141","El Paso","31.7467475","-106.402788"
"09/15/2025","AQS","481410055","4","3.2","ug/m3 LC","18","Ascarate Park SE","1","100.0000","88101","PM2.5 - Local Conditions","209","Met One BAM-1022 Mass Monitor w/ VSCC or TE-PM2.5C","21340","El Paso, TX","48","Texas","141","El Paso","31.7467475","-106.402788"
"09/16/2025","AQS","481410055","4","4.2","ug/m3 LC","23","Ascarate Park SE","1","100.0000","88101","PM2.5 - Local Conditions","209","Met One BAM-1022 Mass Monitor w/ VSCC or TE-PM2.5C","21340","El Paso, TX","48","Texas","141","El Paso","31.7467475","-106.402788"
"09/17/2025","AQS","481410055","4","4.5","ug/m3 LC","25","Ascarate Park SE","1","100.0000","88101","PM2.5 - Local Conditions","209","Met One BAM-1022 Mass Monitor w/ VSCC or TE-PM2.5C","21340","El Paso, TX","48","Texas","141","El Paso","31.7467475","-106.402788"
"09/18/2025","AQS","481410055","4","4.5","ug/m3 LC","25","Ascarate Park SE","1","100.0000","88101","PM2.5 - Local Conditions","209","Met One BAM-1022 Mass Monitor w/ VSCC or TE-PM2.5C","21340","El Paso, TX","48","Texas","141","El Paso","31.7467475","-106.402788"
"09/19/2025","AQS","481410055","4","4.6","ug/m3 LC","26","Ascarate Park SE","1","100.0000","88101","PM2.5 - Local Conditions","209","Met One BAM-1022 Mass Monitor w/ VSCC or TE-PM2.5C","21340","El Paso, TX","48","Texas","141","El Paso","31.7467475","-106.402788"
"09/20/2025","AQS","481410055","4","6.1","ug/m3 LC","34","Ascarate Park SE","1","100.0000","88101","PM2.5 - Local Conditions","209","Met One BAM-1022 Mass Monitor w/ VSCC or TE-PM2.5C","21340","El Paso, TX","48","Texas","141","El Paso","31.7467475","-106.402788"
"09/21/2025","AQS","481410055","4","7.2","ug/m3 LC","40","Ascarate Park SE","1","100.0000","88101","PM2.5 - Local Conditions","209","Met One BAM-1022 Mass Monitor w/ VSCC or TE-PM2.5C","21340","El Paso, TX","48","Texas","141","El Paso","31.7467475","-106.402788"
"09/22/2025","AQS","481410055","4","4.5","ug/m3 LC","25","Ascarate Park SE","1","100.0000","88101","PM2.5 - Local Conditions","209","Met One BAM-1022 Mass Monitor w/ VSCC or TE-PM2.5C","21340","El Paso, TX","48","Texas","141","El Paso","31.7467475","-106.402788"
"09/23/2025","AQS","481410055","4","3.2","ug/m3 LC","18","Ascarate Park SE","1","100.0000","88101","PM2.5 - Local Conditions","209","Met One BAM-1022 Mass Monitor w/ VSCC or TE-PM2.5C","21340","El Paso, TX","48","Texas","141","El Paso","31.7467475","-106.402788"
"09/24/2025","AQS","481410055","4","2.4","ug/m3 LC","13","Ascarate Park SE","1","100.0000","88101","PM2.5 - Local Conditions","209","Met One BAM-1022 Mass Monitor w/ VSCC or TE-PM2.5C","21340","El Paso, TX","48","Texas","141","El Paso","31.7467475","-106.402788"
"09/25/2025","AQS","481410055","4","7.6","ug/m3 LC","42","Ascarate Park SE","1","100.0000","88101","PM2.5 - Local Conditions","209","Met One BAM-1022 Mass Monitor w/ VSCC or TE-PM2.5C","21340","El Paso, TX","48","Texas","141","El Paso","31.7467475","-106.402788"
"09/26/2025","AQS","481410055","4","3.9","ug/m3 LC","22","Ascarate Park SE","1","100.0000","88101","PM2.5 - Local Conditions","209","Met One BAM-1022 Mass Monitor w/ VSCC or TE-PM2.5C","21340","El Paso, TX","48","Texas","141","El Paso","31.7467475","-106.402788"
"09/27/2025","AQS","481410055","4","2.6","ug/m3 LC","14","Ascarate Park SE","1","100.0000","88101","PM2.5 - Local Conditions","209","Met One BAM-1022 Mass Monitor w/ VSCC or TE-PM2.5C","21340","El Paso, TX","48","Texas","141","El Paso","31.7467475","-106.402788"
"09/28/2025","AQS","481410055","4","3.2","ug/m3 LC","18","Ascarate Park SE","1","100.0000","88101","PM2.5 - Local Conditions","209","Met One BAM-1022 Mass Monitor w/ VSCC or TE-PM2.5C","21340","El Paso, TX","48","Texas","141","El Paso","31.7467475","-106.402788"
"09/29/2025","AQS","481410055","4","3.3","ug/m3 LC","18","Ascarate Park SE","1","100.0000","88101","PM2.5 - Local Conditions","209","Met One BAM-1022 Mass Monitor w/ VSCC or TE-PM2.5C","21340","El Paso, TX","48","Texas","141","El Paso","31.7467475","-106.402788"
"09/30/2025","AQS","481410055","4","6","ug/m3 LC","33","Ascarate Park SE","1","100.0000","88101","PM2.5 - Local Conditions","209","Met One BAM-1022 Mass Monitor w/ VSCC or TE-PM2.5C","21340","El Paso, TX","48","Texas","141","El Paso","31.7467475","-106.402788"
"10/01/2025","AQS","481410055","4","7.6","ug/m3 LC","42","Ascarate Park SE","1","100.0000","88101","PM2.5 - Local Conditions","209","Met One BAM-1022 Mass Monitor w/ VSCC or TE-PM2.5C","21340","El Paso, TX","48","Texas","141","El Paso","31.7467475","-106.402788"
"10/02/2025","AQS","481410055","4","6.3","ug/m3 LC","35","Ascarate Park SE","1","100.0000","88101","PM2.5 - Local Conditions","209","Met One BAM-1022 Mass Monitor w/ VSCC or TE-PM2.5C","21340","El Paso, TX","48","Texas","141","El Paso","31.7467475","-106.402788"
"10/03/2025","AQS","481410055","4","4.5","ug/m3 LC","25","Ascarate Park SE","1","100.0000","88101","PM2.5 - Local Conditions","209","Met One BAM-1022 Mass Monitor w/ VSCC or TE-PM2.5C","21340","El Paso, TX","48","Texas","141","El Paso","31.7467475","-106.402788"
"10/04/2025","AQS","481410055","4","6.2","ug/m3 LC","34","Ascarate Park SE","1","100.0000","88101","PM2.5 - Local Conditions","209","Met One BAM-1022 Mass Monitor w/ VSCC or TE-PM2.5C","21340","El Paso, TX","48","Texas","141","El Paso","31.7467475","-106.402788"
"10/05/2025","AQS","481410055","4","7.1","ug/m3 LC","39","Ascarate Park SE","1","100.0000","88101","PM2.5 - Local Conditions","209","Met One BAM-1022 Mass Monitor w/ VSCC or TE-PM2.5C","21340","El Paso, TX","48","Texas","141","El Paso","31.7467475","-106.402788"
"10/06/2025","AQS","481410055","4","12.5","ug/m3 LC","57","Ascarate Park SE","1","100.0000","88101","PM2.5 - Local Conditions","209","Met One BAM-1022 Mass Monitor w/ VSCC or TE-PM2.5C","21340","El Paso, TX","48","Texas","141","El Paso","31.7467475","-106.402788"
"10/07/2025","AQS","481410055","4","6.9","ug/m3 LC","38","Ascarate Park SE","1","100.0000","88101","PM2.5 - Local Conditions","209","Met One BAM-1022 Mass Monitor w/ VSCC or TE-PM2.5C","21340","El Paso, TX","48","Texas","141","El Paso","31.7467475","-106.402788"
"10/08/2025","AQS","481410055","4","6.6","ug/m3 LC","37","Ascarate Park SE","1","100.0000","88101","PM2.5 - Local Conditions","209","Met One BAM-1022 Mass Monitor w/ VSCC or TE-PM2.5C","21340","El Paso, TX","48","Texas","141","El Paso","31.7467475","-106.402788"
"10/09/2025","AQS","481410055","4","5.2","ug/m3 LC","29","Ascarate Park SE","1","100.0000","88101","PM2.5 - Local Conditions","209","Met One BAM-1022 Mass Monitor w/ VSCC or TE-PM2.5C","21340","El Paso, TX","48","Texas","141","El Paso","31.7467475","-106.402788"
"10/10/2025","AQS","481410055","4","4.8","ug/m3 LC","27","Ascarate Park SE","1","100.0000","88101","PM2.5 - Local Conditions","209","Met One BAM-1022 Mass Monitor w/ VSCC or TE-PM2.5C","21340","El Paso, TX","48","Texas","141","El Paso","31.7467475","-106.402788"
"10/11/2025","AQS","481410055","4","5","ug/m3 LC","28","Ascarate Park SE","1","100.0000","88101","PM2.5 - Local Conditions","209","Met One BAM-1022 Mass Monitor w/ VSCC or TE-PM2.5C","21340","El Paso, TX","48","Texas","141","El Paso","31.7467475","-106.402788"
"10/12/2025","AQS","481410055","4","2.7","ug/m3 LC","15","Ascarate Park SE","1","100.0000","88101","PM2.5 - Local Conditions","209","Met One BAM-1022 Mass Monitor w/ VSCC or TE-PM2.5C","21340","El Paso, TX","48","Texas","141","El Paso","31.7467475","-106.402788"
"10/13/2025","AQS","481410055","4","2.6","ug/m3 LC","14","Ascarate Park SE","1","100.0000","88101","PM2.5 - Local Conditions","209","Met One BAM-1022 Mass Monitor w/ VSCC or TE-PM2.5C","21340","El Paso, TX","48","Texas","141","El Paso","31.7467475","-106.402788"
"10/14/2025","AQS","481410055","4","6.2","ug/m3 LC","34","Ascarate Park SE","1","100.0000","88101","PM2.5 - Local Conditions","209","Met One BAM-1022 Mass Monitor w/ VSCC or TE-PM2.5C","21340","El Paso, TX","48","Texas","141","El Paso","31.7467475","-106.402788"
"10/15/2025","AQS","481410055","4","4.6","ug/m3 LC","26","Ascarate Park SE","1","100.0000","88101","PM2.5 - Local Conditions","209","Met One BAM-1022 Mass Monitor w/ VSCC or TE-PM2.5C","21340","El Paso, TX","48","Texas","141","El Paso","31.7467475","-106.402788"
"10/16/2025","AQS","481410055","4","7.4","ug/m3 LC","41","Ascarate Park SE","1","100.0000","88101","PM2.5 - Local Conditions","209","Met One BAM-1022 Mass Monitor w/ VSCC or TE-PM2.5C","21340","El Paso, TX","48","Texas","141","El Paso","31.7467475","-106.402788"
"10/17/2025","AQS","481410055","4","4.6","ug/m3 LC","26","Ascarate Park SE","1","100.0000","88101","PM2.5 - Local Conditions","209","Met One BAM-1022 Mass Monitor w/ VSCC or TE-PM2.5C","21340","El Paso, TX","48","Texas","141","El Paso","31.7467475","-106.402788"
"10/18/2025","AQS","481410055","4","4.9","ug/m3 LC","27","Ascarate Park SE","1","100.0000","88101","PM2.5 - Local Conditions","209","Met One BAM-1022 Mass Monitor w/ VSCC or TE-PM2.5C","21340","El Paso, TX","48","Texas","141","El Paso","31.7467475","-106.402788"
"10/19/2025","AQS","481410055","4","9.7","ug/m3 LC","52","Ascarate Park SE","1","100.0000","88101","PM2.5 - Local Conditions","209","Met One BAM-1022 Mass Monitor w/ VSCC or TE-PM2.5C","21340","El Paso, TX","48","Texas","141","El Paso","31.7467475","-106.402788"
"10/20/2025","AQS","481410055","4","6.7","ug/m3 LC","37","Ascarate Park SE","1","100.0000","88101","PM2.5 - Local Conditions","209","Met One BAM-1022 Mass Monitor w/ VSCC or TE-PM2.5C","21340","El Paso, TX","48","Texas","141","El Paso","31.7467475","-106.402788"
"10/21/2025","AQS","481410055","4","5.6","ug/m3 LC","31","Ascarate Park SE","1","100.0000","88101","PM2.5 - Local Conditions","209","Met One BAM-1022 Mass Monitor w/ VSCC or TE-PM2.5C","21340","El Paso, TX","48","Texas","141","El Paso","31.7467475","-106.402788"
"10/22/2025","AQS","481410055","4","5.8","ug/m3 LC","32","Ascarate Park SE","1","100.0000","88101","PM2.5 - Local Conditions","209","Met One BAM-1022 Mass Monitor w/ VSCC or TE-PM2.5C","21340","El Paso, TX","48","Texas","141","El Paso","31.7467475","-106.402788"
"10/23/2025","AQS","481410055","4","5.8","ug/m3 LC","32","Ascarate Park SE","1","100.0000","88101","PM2.5 - Local Conditions","209","Met One BAM-1022 Mass Monitor w/ VSCC or TE-PM2.5C","21340","El Paso, TX","48","Texas","141","El Paso","31.7467475","-106.402788"
"10/24/2025","AQS","481410055","4","8","ug/m3 LC","44","Ascarate Park SE","1","100.0000","88101","PM2.5 - Local Conditions","209","Met One BAM-1022 Mass Monitor w/ VSCC or TE-PM2.5C","21340","El Paso, TX","48","Texas","141","El Paso","31.7467475","-106.402788"
"10/25/2025","AQS","481410055","4","10.6","ug/m3 LC","54","Ascarate Park SE","1","100.0000","88101","PM2.5 - Local Conditions","209","Met One BAM-1022 Mass Monitor w/ VSCC or TE-PM2.5C","21340","El Paso, TX","48","Texas","141","El Paso","31.7467475","-106.402788"
"10/26/2025","AQS","481410055","4","7.8","ug/m3 LC","43","Ascarate Park SE","1","100.0000","88101","PM2.5 - Local Conditions","209","Met One BAM-1022 Mass Monitor w/ VSCC or TE-PM2.5C","21340","El Paso, TX","48","Texas","141","El Paso","31.7467475","-106.402788"
"10/27/2025","AQS","481410055","4","4.6","ug/m3 LC","26","Ascarate Park SE","1","100.0000","88101","PM2.5 - Local Conditions","209","Met One BAM-1022 Mass Monitor w/ VSCC or TE-PM2.5C","21340","El Paso, TX","48","Texas","141","El Paso","31.7467475","-106.402788"
"10/28/2025","AQS","481410055","4","3","ug/m3 LC","17","Ascarate Park SE","1","100.0000","88101","PM2.5 - Local Conditions","209","Met One BAM-1022 Mass Monitor w/ VSCC or TE-PM2.5C","21340","El Paso, TX","48","Texas","141","El Paso","31.7467475","-106.402788"
"10/29/2025","AQS","481410055","4","3","ug/m3 LC","17","Ascarate Park SE","1","100.0000","88101","PM2.5 - Local Conditions","209","Met One BAM-1022 Mass Monitor w/ VSCC or TE-PM2.5C","21340","El Paso, TX","48","Texas","141","El Paso","31.7467475","-106.402788"
"10/30/2025","AQS","481410055","4","10.6","ug/m3 LC","54","Ascarate Park SE","1","100.0000","88101","PM2.5 - Local Conditions","209","Met One BAM-1022 Mass Monitor w/ VSCC or TE-PM2.5C","21340","El Paso, TX","48","Texas","141","El Paso","31.7467475","-106.402788"
"10/31/2025","AQS","481410055","4","13.1","ug/m3 LC","58","Ascarate Park SE","1","100.0000","88101","PM2.5 - Local Conditions","209","Met One BAM-1022 Mass Monitor w/ VSCC or TE-PM2.5C","21340","El Paso, TX","48","Texas","141","El Paso","31.7467475","-106.402788"
"11/01/2025","AQS","481410055","4","4.8","ug/m3 LC","27","Ascarate Park SE","1","100.0000","88101","PM2.5 - Local Conditions","209","Met One BAM-1022 Mass Monitor w/ VSCC or TE-PM2.5C","21340","El Paso, TX","48","Texas","141","El Paso","31.7467475","-106.402788"
"11/02/2025","AQS","481410055","4","11.4","ug/m3 LC","55","Ascarate Park SE","1","100.0000","88101","PM2.5 - Local Conditions","209","Met One BAM-1022 Mass Monitor w/ VSCC or TE-PM2.5C","21340","El Paso, TX","48","Texas","141","El Paso","31.7467475","-106.402788"
"11/03/2025","AQS","481410055","4","21.9","ug/m3 LC","75","Ascarate Park SE","1","100.0000","88101","PM2.5 - Local Conditions","209","Met One BAM-1022 Mass Monitor w/ VSCC or TE-PM2.5C","21340","El Paso, TX","48","Texas","141","El Paso","31.7467475","-106.402788"
"11/04/2025","AQS","481410055","4","15.4","ug/m3 LC","63","Ascarate Park SE","1","100.0000","88101","PM2.5 - Local Conditions","209","Met One BAM-1022 Mass Monitor w/ VSCC or TE-PM2.5C","21340","El Paso, TX","48","Texas","141","El Paso","31.7467475","-106.402788"
"11/05/2025","AQS","481410055","4","14.5","ug/m3 LC","61","Ascarate Park SE","1","100.0000","88101","PM2.5 - Local Conditions","209","Met One BAM-1022 Mass Monitor w/ VSCC or TE-PM2.5C","21340","El Paso, TX","48","Texas","141","El Paso","31.7467475","-106.402788"
"11/06/2025","AQS","481410055","4","11.1","ug/m3 LC","55","Ascarate Park SE","1","100.0000","88101","PM2.5 - Local Conditions","209","Met One BAM-1022 Mass Monitor w/ VSCC or TE-PM2.5C","21340","El Paso, TX","48","Texas","141","El Paso","31.7467475","-106.402788"
"11/07/2025","AQS","481410055","4","13.1","ug/m3 LC","58","Ascarate Park SE","1","100.0000","88101","PM2.5 - Local Conditions","209","Met One BAM-1022 Mass Monitor w/ VSCC or TE-PM2.5C","21340","El Paso, TX","48","Texas","141","El Paso","31.7467475","-106.402788"
"11/08/2025","AQS","481410055","4","8","ug/m3 LC","44","Ascarate Park SE","1","100.0000","88101","PM2.5 - Local Conditions","209","Met One BAM-1022 Mass Monitor w/ VSCC or TE-PM2.5C","21340","El Paso, TX","48","Texas","141","El Paso","31.7467475","-106.402788"
"11/09/2025","AQS","481410055","4","6.2","ug/m3 LC","34","Ascarate Park SE","1","100.0000","88101","PM2.5 - Local Conditions","209","Met One BAM-1022 Mass Monitor w/ VSCC or TE-PM2.5C","21340","El Paso, TX","48","Texas","141","El Paso","31.7467475","-106.402788"
"11/10/2025","AQS","481410055","4","7.5","ug/m3 LC","42","Ascarate Park SE","1","100.0000","88101","PM2.5 - Local Conditions","209","Met One BAM-1022 Mass Monitor w/ VSCC or TE-PM2.5C","21340","El Paso, TX","48","Texas","141","El Paso","31.7467475","-106.402788"
"11/11/2025","AQS","481410055","4","15","ug/m3 LC","62","Ascarate Park SE","1","100.0000","88101","PM2.5 - Local Conditions","209","Met One BAM-1022 Mass Monitor w/ VSCC or TE-PM2.5C","21340","El Paso, TX","48","Texas","141","El Paso","31.7467475","-106.402788"
"11/12/2025","AQS","481410055","4","17.5","ug/m3 LC","67","Ascarate Park SE","1","100.0000","88101","PM2.5 - Local Conditions","209","Met One BAM-1022 Mass Monitor w/ VSCC or TE-PM2.5C","21340","El Paso, TX","48","Texas","141","El Paso","31.7467475","-106.402788"
"11/13/2025","AQS","481410055","4","15.2","ug/m3 LC","62","Ascarate Park SE","1","100.0000","88101","PM2.5 - Local Conditions","209","Met One BAM-1022 Mass Monitor w/ VSCC or TE-PM2.5C","21340","El Paso, TX","48","Texas","141","El Paso","31.7467475","-106.402788"
"11/14/2025","AQS","481410055","4","11.8","ug/m3 LC","56","Ascarate Park SE","1","100.0000","88101","PM2.5 - Local Conditions","209","Met One BAM-1022 Mass Monitor w/ VSCC or TE-PM2.5C","21340","El Paso, TX","48","Texas","141","El Paso","31.7467475","-106.402788"
"11/15/2025","AQS","481410055","4","13.5","ug/m3 LC","59","Ascarate Park SE","1","100.0000","88101","PM2.5 - Local Conditions","209","Met One BAM-1022 Mass Monitor w/ VSCC or TE-PM2.5C","21340","El Paso, TX","48","Texas","141","El Paso","31.7467475","-106.402788"
"11/16/2025","AQS","481410055","4","7.4","ug/m3 LC","41","Ascarate Park SE","1","100.0000","88101","PM2.5 - Local Conditions","209","Met One BAM-1022 Mass Monitor w/ VSCC or TE-PM2.5C","21340","El Paso, TX","48","Texas","141","El Paso","31.7467475","-106.402788"
"11/17/2025","AQS","481410055","4","6.9","ug/m3 LC","38","Ascarate Park SE","1","100.0000","88101","PM2.5 - Local Conditions","209","Met One BAM-1022 Mass Monitor w/ VSCC or TE-PM2.5C","21340","El Paso, TX","48","Texas","141","El Paso","31.7467475","-106.402788"
"11/18/2025","AQS","481410055","4","10.1","ug/m3 LC","53","Ascarate Park SE","1","100.0000","88101","PM2.5 - Local Conditions","209","Met One BAM-1022 Mass Monitor w/ VSCC or TE-PM2.5C","21340","El Paso, TX","48","Texas","141","El Paso","31.7467475","-106.402788"
"11/19/2025","AQS","481410055","4","7","ug/m3 LC","39","Ascarate Park SE","1","100.0000","88101","PM2.5 - Local Conditions","209","Met One BAM-1022 Mass Monitor w/ VSCC or TE-PM2.5C","21340","El Paso, TX","48","Texas","141","El Paso","31.7467475","-106.402788"
"11/21/2025","AQS","481410055","4","17","ug/m3 LC","66","Ascarate Park SE","1","100.0000","88101","PM2.5 - Local Conditions","209","Met One BAM-1022 Mass Monitor w/ VSCC or TE-PM2.5C","21340","El Paso, TX","48","Texas","141","El Paso","31.7467475","-106.402788"
"11/22/2025","AQS","481410055","4","3.6","ug/m3 LC","20","Ascarate Park SE","1","100.0000","88101","PM2.5 - Local Conditions","209","Met One BAM-1022 Mass Monitor w/ VSCC or TE-PM2.5C","21340","El Paso, TX","48","Texas","141","El Paso","31.7467475","-106.402788"
"11/23/2025","AQS","481410055","4","10.2","ug/m3 LC","53","Ascarate Park SE","1","100.0000","88101","PM2.5 - Local Conditions","209","Met One BAM-1022 Mass Monitor w/ VSCC or TE-PM2.5C","21340","El Paso, TX","48","Texas","141","El Paso","31.7467475","-106.402788"
"11/24/2025","AQS","481410055","4","4.1","ug/m3 LC","23","Ascarate Park SE","1","100.0000","88101","PM2.5 - Local Conditions","209","Met One BAM-1022 Mass Monitor w/ VSCC or TE-PM2.5C","21340","El Paso, TX","48","Texas","141","El Paso","31.7467475","-106.402788"
"11/25/2025","AQS","481410055","4","5.3","ug/m3 LC","29","Ascarate Park SE","1","100.0000","88101","PM2.5 - Local Conditions","209","Met One BAM-1022 Mass Monitor w/ VSCC or TE-PM2.5C","21340","El Paso, TX","48","Texas","141","El Paso","31.7467475","-106.402788"
"11/26/2025","AQS","481410055","4","5.4","ug/m3 LC","30","Ascarate Park SE","1","100.0000","88101","PM2.5 - Local Conditions","209","Met One BAM-1022 Mass Monitor w/ VSCC or TE-PM2.5C","21340","El Paso, TX","48","Texas","141","El Paso","31.7467475","-106.402788"
"11/27/2025","AQS","481410055","4","4.3","ug/m3 LC","24","Ascarate Park SE","1","100.0000","88101","PM2.5 - Local Conditions","209","Met One BAM-1022 Mass Monitor w/ VSCC or TE-PM2.5C","21340","El Paso, TX","48","Texas","141","El Paso","31.7467475","-106.402788"
"11/28/2025","AQS","481410055","4","15.3","ug/m3 LC","63","Ascarate Park SE","1","100.0000","88101","PM2.5 - Local Conditions","209","Met One BAM-1022 Mass Monitor w/ VSCC or TE-PM2.5C","21340","El Paso, TX","48","Texas","141","El Paso","31.7467475","-106.402788"
"11/29/2025","AQS","481410055","4","9.1","ug/m3 LC","51","Ascarate Park SE","1","100.0000","88101","PM2.5 - Local Conditions","209","Met One BAM-1022 Mass Monitor w/ VSCC or TE-PM2.5C","21340","El Paso, TX","48","Texas","141","El Paso","31.7467475","-106.402788"
"11/30/2025","AQS","481410055","4","7","ug/m3 LC","39","Ascarate Park SE","1","100.0000","88101","PM2.5 - Local Conditions","209","Met One BAM-1022 Mass Monitor w/ VSCC or TE-PM2.5C","21340","El Paso, TX","48","Texas","141","El Paso","31.7467475","-106.402788"
"12/01/2025","AQS","481410055","4","7.2","ug/m3 LC","40","Ascarate Park SE","1","100.0000","88101","PM2.5 - Local Conditions","209","Met One BAM-1022 Mass Monitor w/ VSCC or TE-PM2.5C","21340","El Paso, TX","48","Texas","141","El Paso","31.7467475","-106.402788"
"12/02/2025","AQS","481410055","4","8.1","ug/m3 LC","45","Ascarate Park SE","1","100.0000","88101","PM2.5 - Local Conditions","209","Met One BAM-1022 Mass Monitor w/ VSCC or TE-PM2.5C","21340","El Paso, TX","48","Texas","141","El Paso","31.7467475","-106.402788"
"12/03/2025","AQS","481410055","4","14.9","ug/m3 LC","62","Ascarate Park SE","1","100.0000","88101","PM2.5 - Local Conditions","209","Met One BAM-1022 Mass Monitor w/ VSCC or TE-PM2.5C","21340","El Paso, TX","48","Texas","141","El Paso","31.7467475","-106.402788"
"12/04/2025","AQS","481410055","4","5.5","ug/m3 LC","31","Ascarate Park SE","1","100.0000","88101","PM2.5 - Local Conditions","209","Met One BAM-1022 Mass Monitor w/ VSCC or TE-PM2.5C","21340","El Paso, TX","48","Texas","141","El Paso","31.7467475","-106.402788"
"12/05/2025","AQS","481410055","4","6.6","ug/m3 LC","37","Ascarate Park SE","1","100.0000","88101","PM2.5 - Local Conditions","209","Met One BAM-1022 Mass Monitor w/ VSCC or TE-PM2.5C","21340","El Paso, TX","48","Texas","141","El Paso","31.7467475","-106.402788"
"12/06/2025","AQS","481410055","4","4.5","ug/m3 LC","25","Ascarate Park SE","1","100.0000","88101","PM2.5 - Local Conditions","209","Met One BAM-1022 Mass Monitor w/ VSCC or TE-PM2.5C","21340","El Paso, TX","48","Texas","141","El Paso","31.7467475","-106.402788"
"12/07/2025","AQS","481410055","4","5.5","ug/m3 LC","31","Ascarate Park SE","1","100.0000","88101","PM2.5 - Local Conditions","209","Met One BAM-1022 Mass Monitor w/ VSCC or TE-PM2.5C","21340","El Paso, TX","48","Texas","141","El Paso","31.7467475","-106.402788"
"12/08/2025","AQS","481410055","4","16.3","ug/m3 LC","64","Ascarate Park SE","1","100.0000","88101","PM2.5 - Local Conditions","209","Met One BAM-1022 Mass Monitor w/ VSCC or TE-PM2.5C","21340","El Paso, TX","48","Texas","141","El Paso","31.7467475","-106.402788"
"12/09/2025","AQS","481410055","4","5.6","ug/m3 LC","31","Ascarate Park SE","1","100.0000","88101","PM2.5 - Local Conditions","209","Met One BAM-1022 Mass Monitor w/ VSCC or TE-PM2.5C","21340","El Paso, TX","48","Texas","141","El Paso","31.7467475","-106.402788"
"12/10/2025","AQS","481410055","4","9.1","ug/m3 LC","51","Ascarate Park SE","1","100.0000","88101","PM2.5 - Local Conditions","209","Met One BAM-1022 Mass Monitor w/ VSCC or TE-PM2.5C","21340","El Paso, TX","48","Texas","141","El Paso","31.7467475","-106.402788"
"12/11/2025","AQS","481410055","4","11.8","ug/m3 LC","56","Ascarate Park SE","1","100.0000","88101","PM2.5 - Local Conditions","209","Met One BAM-1022 Mass Monitor w/ VSCC or TE-PM2.5C","21340","El Paso, TX","48","Texas","141","El Paso","31.7467475","-106.402788"
"12/12/2025","AQS","481410055","4","19.1","ug/m3 LC","70","Ascarate Park SE","1","100.0000","88101","PM2.5 - Local Conditions","209","Met One BAM-1022 Mass Monitor w/ VSCC or TE-PM2.5C","21340","El Paso, TX","48","Texas","141","El Paso","31.7467475","-106.402788"
"12/13/2025","AQS","481410055","4","15.2","ug/m3 LC","62","Ascarate Park SE","1","100.0000","88101","PM2.5 - Local Conditions","209","Met One BAM-1022 Mass Monitor w/ VSCC or TE-PM2.5C","21340","El Paso, TX","48","Texas","141","El Paso","31.7467475","-106.402788"
"12/14/2025","AQS","481410055","4","8.5","ug/m3 LC","47","Ascarate Park SE","1","100.0000","88101","PM2.5 - Local Conditions","209","Met One BAM-1022 Mass Monitor w/ VSCC or TE-PM2.5C","21340","El Paso, TX","48","Texas","141","El Paso","31.7467475","-106.402788"
"12/15/2025","AQS","481410055","4","9","ug/m3 LC","50","Ascarate Park SE","1","100.0000","88101","PM2.5 - Local Conditions","209","Met One BAM-1022 Mass Monitor w/ VSCC or TE-PM2.5C","21340","El Paso, TX","48","Texas","141","El Paso","31.7467475","-106.402788"
"12/16/2025","AQS","481410055","4","8.7","ug/m3 LC","48","Ascarate Park SE","1","100.0000","88101","PM2.5 - Local Conditions","209","Met One BAM-1022 Mass Monitor w/ VSCC or TE-PM2.5C","21340","El Paso, TX","48","Texas","141","El Paso","31.7467475","-106.402788"
"12/17/2025","AQS","481410055","4","9.4","ug/m3 LC","52","Ascarate Park SE","1","100.0000","88101","PM2.5 - Local Conditions","209","Met One BAM-1022 Mass Monitor w/ VSCC or TE-PM2.5C","21340","El Paso, TX","48","Texas","141","El Paso","31.7467475","-106.402788"
"12/18/2025","AQS","481410055","4","12.8","ug/m3 LC","58","Ascarate Park SE","1","100.0000","88101","PM2.5 - Local Conditions","209","Met One BAM-1022 Mass Monitor w/ VSCC or TE-PM2.5C","21340","El Paso, TX","48","Texas","141","El Paso","31.7467475","-106.402788"
"12/19/2025","AQS","481410055","4","13.7","ug/m3 LC","60","Ascarate Park SE","1","100.0000","88101","PM2.5 - Local Conditions","209","Met One BAM-1022 Mass Monitor w/ VSCC or TE-PM2.5C","21340","El Paso, TX","48","Texas","141","El Paso","31.7467475","-106.402788"
"12/20/2025","AQS","481410055","4","5.7","ug/m3 LC","32","Ascarate Park SE","1","100.0000","88101","PM2.5 - Local Conditions","209","Met One BAM-1022 Mass Monitor w/ VSCC or TE-PM2.5C","21340","El Paso, TX","48","Texas","141","El Paso","31.7467475","-106.402788"
"12/21/2025","AQS","481410055","4","19.1","ug/m3 LC","70","Ascarate Park SE","1","100.0000","88101","PM2.5 - Local Conditions","209","Met One BAM-1022 Mass Monitor w/ VSCC or TE-PM2.5C","21340","El Paso, TX","48","Texas","141","El Paso","31.7467475","-106.402788"
"12/22/2025","AQS","481410055","4","20.9","ug/m3 LC","73","Ascarate Park SE","1","100.0000","88101","PM2.5 - Local Conditions","209","Met One BAM-1022 Mass Monitor w/ VSCC or TE-PM2.5C","21340","El Paso, TX","48","Texas","141","El Paso","31.7467475","-106.402788"
"12/23/2025","AQS","481410055","4","11.2","ug/m3 LC","55","Ascarate Park SE","1","100.0000","88101","PM2.5 - Local Conditions","209","Met One BAM-1022 Mass Monitor w/ VSCC or TE-PM2.5C","21340","El Paso, TX","48","Texas","141","El Paso","31.7467475","-106.402788"
"12/24/2025","AQS","481410055","4","23.2","ug/m3 LC","77","Ascarate Park SE","1","100.0000","88101","PM2.5 - Local Conditions","209","Met One BAM-1022 Mass Monitor w/ VSCC or TE-PM2.5C","21340","El Paso, TX","48","Texas","141","El Paso","31.7467475","-106.402788"
"12/25/2025","AQS","481410055","4","19.2","ug/m3 LC","70","Ascarate Park SE","1","100.0000","88101","PM2.5 - Local Conditions","209","Met One BAM-1022 Mass Monitor w/ VSCC or TE-PM2.5C","21340","El Paso, TX","48","Texas","141","El Paso","31.7467475","-106.402788"
"12/26/2025","AQS","481410055","4","18.7","ug/m3 LC","69","Ascarate Park SE","1","100.0000","88101","PM2.5 - Local Conditions","209","Met One BAM-1022 Mass Monitor w/ VSCC or TE-PM2.5C","21340","El Paso, TX","48","Texas","141","El Paso","31.7467475","-106.402788"
"12/27/2025","AQS","481410055","4","17.5","ug/m3 LC","67","Ascarate Park SE","1","100.0000","88101","PM2.5 - Local Conditions","209","Met One BAM-1022 Mass Monitor w/ VSCC or TE-PM2.5C","21340","El Paso, TX","48","Texas","141","El Paso","31.7467475","-106.402788"
"12/28/2025","AQS","481410055","4","3.5","ug/m3 LC","19","Ascarate Park SE","1","100.0000","88101","PM2.5 - Local Conditions","209","Met One BAM-1022 Mass Monitor w/ VSCC or TE-PM2.5C","21340","El Paso, TX","48","Texas","141","El Paso","31.7467475","-106.402788"
"12/29/2025","AQS","481410055","4","4.9","ug/m3 LC","27","Ascarate Park SE","1","100.0000","88101","PM2.5 - Local Conditions","209","Met One BAM-1022 Mass Monitor w/ VSCC or TE-PM2.5C","21340","El Paso, TX","48","Texas","141","El Paso","31.7467475","-106.402788"
"12/30/2025","AQS","481410055","4","6.9","ug/m3 LC","38","Ascarate Park SE","1","100.0000","88101","PM2.5 - Local Conditions","209","Met One BAM-1022 Mass Monitor w/ VSCC or TE-PM2.5C","21340","El Paso, TX","48","Texas","141","El Paso","31.7467475","-106.402788"
"12/31/2025","AQS","481410055","4","13.4","ug/m3 LC","59","Ascarate Park SE","1","100.0000","88101","PM2.5 - Local Conditions","209","Met One BAM-1022 Mass Monitor w/ VSCC or TE-PM2.5C","21340","El Paso, TX","48","Texas","141","El Paso","31.7467475","-106.402788"
"01/01/2025","AQS","481410055","5","20.6","ug/m3 LC","72","Ascarate Park SE","1","100.0000","88101","PM2.5 - Local Conditions","145","R & P Model 2025 PM-2.5 Sequential Air Sampler w/VSCC","21340","El Paso, TX","48","Texas","141","El Paso","31.7467475","-106.402788"
"01/31/2025","AQS","481410055","5","13.6","ug/m3 LC","59","Ascarate Park SE","1","100.0000","88101","PM2.5 - Local Conditions","145","R & P Model 2025 PM-2.5 Sequential Air Sampler w/VSCC","21340","El Paso, TX","48","Texas","141","El Paso","31.7467475","-106.402788"
"02/06/2025","AQS","481410055","5","22.5","ug/m3 LC","76","Ascarate Park SE","1","100.0000","88101","PM2.5 - Local Conditions","145","R & P Model 2025 PM-2.5 Sequential Air Sampler w/VSCC","21340","El Paso, TX","48","Texas","141","El Paso","31.7467475","-106.402788"
"02/20/2025","AQS","481410055","5","8.3","ug/m3 LC","46","Ascarate Park SE","1","100.0000","88101","PM2.5 - Local Conditions","145","R & P Model 2025 PM-2.5 Sequential Air Sampler w/VSCC","21340","El Paso, TX","48","Texas","141","El Paso","31.7467475","-106.402788"
"03/02/2025","AQS","481410055","5","28.6","ug/m3 LC","87","Ascarate Park SE","1","100.0000","88101","PM2.5 - Local Conditions","145","R & P Model 2025 PM-2.5 Sequential Air Sampler w/VSCC","21340","El Paso, TX","48","Texas","141","El Paso","31.7467475","-106.402788"
"03/14/2025","AQS","481410055","5","38.7","ug/m3 LC","109","Ascarate Park SE","1","100.0000","88101","PM2.5 - Local Conditions","145","R & P Model 2025 PM-2.5 Sequential Air Sampler w/VSCC","21340","El Paso, TX","48","Texas","141","El Paso","31.7467475","-106.402788"
"03/26/2025","AQS","481410055","5","31.8","ug/m3 LC","93","Ascarate Park SE","1","100.0000","88101","PM2.5 - Local Conditions","145","R & P Model 2025 PM-2.5 Sequential Air Sampler w/VSCC","21340","El Paso, TX","48","Texas","141","El Paso","31.7467475","-106.402788"
"04/07/2025","AQS","481410055","5","11.7","ug/m3 LC","56","Ascarate Park SE","1","100.0000","88101","PM2.5 - Local Conditions","145","R & P Model 2025 PM-2.5 Sequential Air Sampler w/VSCC","21340","El Paso, TX","48","Texas","141","El Paso","31.7467475","-106.402788"
"04/19/2025","AQS","481410055","5","21.8","ug/m3 LC","75","Ascarate Park SE","1","100.0000","88101","PM2.5 - Local Conditions","145","R & P Model 2025 PM-2.5 Sequential Air Sampler w/VSCC","21340","El Paso, TX","48","Texas","141","El Paso","31.7467475","-106.402788"
"05/01/2025","AQS","481410055","5","26.5","ug/m3 LC","83","Ascarate Park SE","1","100.0000","88101","PM2.5 - Local Conditions","145","R & P Model 2025 PM-2.5 Sequential Air Sampler w/VSCC","21340","El Paso, TX","48","Texas","141","El Paso","31.7467475","-106.402788"
"05/14/2025","AQS","481410055","5","78.5","ug/m3 LC","167","Ascarate Park SE","1","100.0000","88101","PM2.5 - Local Conditions","145","R & P Model 2025 PM-2.5 Sequential Air Sampler w/VSCC","21340","El Paso, TX","48","Texas","141","El Paso","31.7467475","-106.402788"
"05/25/2025","AQS","481410055","5","20.2","ug/m3 LC","72","Ascarate Park SE","1","100.0000","88101","PM2.5 - Local Conditions","145","R & P Model 2025 PM-2.5 Sequential Air Sampler w/VSCC","21340","El Paso, TX","48","Texas","141","El Paso","31.7467475","-106.402788"
"06/18/2025","AQS","481410055","5","15","ug/m3 LC","62","Ascarate Park SE","1","100.0000","88101","PM2.5 - Local Conditions","145","R & P Model 2025 PM-2.5 Sequential Air Sampler w/VSCC","21340","El Paso, TX","48","Texas","141","El Paso","31.7467475","-106.402788"
"06/30/2025","AQS","481410055","5","5.9","ug/m3 LC","33","Ascarate Park SE","1","100.0000","88101","PM2.5 - Local Conditions","145","R & P Model 2025 PM-2.5 Sequential Air Sampler w/VSCC","21340","El Paso, TX","48","Texas","141","El Paso","31.7467475","-106.402788"
"07/12/2025","AQS","481410055","5","30.2","ug/m3 LC","90","Ascarate Park SE","1","100.0000","88101","PM2.5 - Local Conditions","145","R & P Model 2025 PM-2.5 Sequential Air Sampler w/VSCC","21340","El Paso, TX","48","Texas","141","El Paso","31.7467475","-106.402788"
"07/24/2025","AQS","481410055","5","14.4","ug/m3 LC","61","Ascarate Park SE","1","100.0000","88101","PM2.5 - Local Conditions","145","R & P Model 2025 PM-2.5 Sequential Air Sampler w/VSCC","21340","El Paso, TX","48","Texas","141","El Paso","31.7467475","-106.402788"
"08/05/2025","AQS","481410055","5","24.1","ug/m3 LC","79","Ascarate Park SE","1","100.0000","88101","PM2.5 - Local Conditions","145","R & P Model 2025 PM-2.5 Sequential Air Sampler w/VSCC","21340","El Paso, TX","48","Texas","141","El Paso","31.7467475","-106.402788"
"08/21/2025","AQS","481410055","5","7.1","ug/m3 LC","39","Ascarate Park SE","1","100.0000","88101","PM2.5 - Local Conditions","145","R & P Model 2025 PM-2.5 Sequential Air Sampler w/VSCC","21340","El Paso, TX","48","Texas","141","El Paso","31.7467475","-106.402788"
"08/29/2025","AQS","481410055","5","6.8","ug/m3 LC","38","Ascarate Park SE","1","100.0000","88101","PM2.5 - Local Conditions","145","R & P Model 2025 PM-2.5 Sequential Air Sampler w/VSCC","21340","El Paso, TX","48","Texas","141","El Paso","31.7467475","-106.402788"
"09/11/2025","AQS","481410055","5","6.2","ug/m3 LC","34","Ascarate Park SE","1","100.0000","88101","PM2.5 - Local Conditions","145","R & P Model 2025 PM-2.5 Sequential Air Sampler w/VSCC","21340","El Paso, TX","48","Texas","141","El Paso","31.7467475","-106.402788"
"09/22/2025","AQS","481410055","5","6.9","ug/m3 LC","38","Ascarate Park SE","1","100.0000","88101","PM2.5 - Local Conditions","145","R & P Model 2025 PM-2.5 Sequential Air Sampler w/VSCC","21340","El Paso, TX","48","Texas","141","El Paso","31.7467475","-106.402788"
"10/10/2025","AQS","481410055","5","6.8","ug/m3 LC","38","Ascarate Park SE","1","100.0000","88101","PM2.5 - Local Conditions","145","R & P Model 2025 PM-2.5 Sequential Air Sampler w/VSCC","21340","El Paso, TX","48","Texas","141","El Paso","31.7467475","-106.402788"
"10/16/2025","AQS","481410055","5","8.6","ug/m3 LC","48","Ascarate Park SE","1","100.0000","88101","PM2.5 - Local Conditions","145","R & P Model 2025 PM-2.5 Sequential Air Sampler w/VSCC","21340","El Paso, TX","48","Texas","141","El Paso","31.7467475","-106.402788"
"10/29/2025","AQS","481410055","5","4.4","ug/m3 LC","24","Ascarate Park SE","1","100.0000","88101","PM2.5 - Local Conditions","145","R & P Model 2025 PM-2.5 Sequential Air Sampler w/VSCC","21340","El Paso, TX","48","Texas","141","El Paso","31.7467475","-106.402788"
"11/09/2025","AQS","481410055","5","7.5","ug/m3 LC","42","Ascarate Park SE","1","100.0000","88101","PM2.5 - Local Conditions","145","R & P Model 2025 PM-2.5 Sequential Air Sampler w/VSCC","21340","El Paso, TX","48","Texas","141","El Paso","31.7467475","-106.402788"
"11/21/2025","AQS","481410055","5","3.9","ug/m3 LC","22","Ascarate Park SE","1","100.0000","88101","PM2.5 - Local Conditions","145","R & P Model 2025 PM-2.5 Sequential Air Sampler w/VSCC","21340","El Paso, TX","48","Texas","141","El Paso","31.7467475","-106.402788"
"12/03/2025","AQS","481410055","5","15.6","ug/m3 LC","63","Ascarate Park SE","1","100.0000","88101","PM2.5 - Local Conditions","145","R & P Model 2025 PM-2.5 Sequential Air Sampler w/VSCC","21340","El Paso, TX","48","Texas","141","El Paso","31.7467475","-106.402788"
"12/15/2025","AQS","481410055","5","9.7","ug/m3 LC","52","Ascarate Park SE","1","100.0000","88101","PM2.5 - Local Conditions","145","R & P Model 2025 PM-2.5 Sequential Air Sampler w/VSCC","21340","El Paso, TX","48","Texas","141","El Paso","31.7467475","-106.402788"
"01/01/2025","AQS","481410057","5","33.5","ug/m3 LC","96","Socorro Hueco","1","100.0000","88101","PM2.5 - Local Conditions","638","Teledyne T640X at 16.67 LPM w/Network Data Alignment enabled","21340","El Paso, TX","48","Texas","141","El Paso","31.6675492","-106.287972"
"01/02/2025","AQS","481410057","5","14.6","ug/m3 LC","61","Socorro Hueco","1","100.0000","88101","PM2.5 - Local Conditions","638","Teledyne T640X at 16.67 LPM w/Network Data Alignment enabled","21340","El Paso, TX","48","Texas","141","El Paso","31.6675492","-106.287972"
"01/03/2025","AQS","481410057","5","19.7","ug/m3 LC","71","Socorro Hueco","1","100.0000","88101","PM2.5 - Local Conditions","638","Teledyne T640X at 16.67 LPM w/Network Data Alignment enabled","21340","El Paso, TX","48","Texas","141","El Paso","31.6675492","-106.287972"
"01/04/2025","AQS","481410057","5","31.9","ug/m3 LC","93","Socorro Hueco","1","100.0000","88101","PM2.5 - Local Conditions","638","Teledyne T640X at 16.67 LPM w/Network Data Alignment enabled","21340","El Paso, TX","48","Texas","141","El Paso","31.6675492","-106.287972"
"01/05/2025","AQS","481410057","5","6.8","ug/m3 LC","38","Socorro Hueco","1","100.0000","88101","PM2.5 - Local Conditions","638","Teledyne T640X at 16.67 LPM w/Network Data Alignment enabled","21340","El Paso, TX","48","Texas","141","El Paso","31.6675492","-106.287972"
"01/06/2025","AQS","481410057","5","7.1","ug/m3 LC","39","Socorro Hueco","1","100.0000","88101","PM2.5 - Local Conditions","638","Teledyne T640X at 16.67 LPM w/Network Data Alignment enabled","21340","El Paso, TX","48","Texas","141","El Paso","31.6675492","-106.287972"
"01/07/2025","AQS","481410057","5","26.3","ug/m3 LC","83","Socorro Hueco","1","100.0000","88101","PM2.5 - Local Conditions","638","Teledyne T640X at 16.67 LPM w/Network Data Alignment enabled","21340","El Paso, TX","48","Texas","141","El Paso","31.6675492","-106.287972"
"01/08/2025","AQS","481410057","5","7","ug/m3 LC","39","Socorro Hueco","1","100.0000","88101","PM2.5 - Local Conditions","638","Teledyne T640X at 16.67 LPM w/Network Data Alignment enabled","21340","El Paso, TX","48","Texas","141","El Paso","31.6675492","-106.287972"
"01/09/2025","AQS","481410057","5","4.7","ug/m3 LC","26","Socorro Hueco","1","100.0000","88101","PM2.5 - Local Conditions","638","Teledyne T640X at 16.67 LPM w/Network Data Alignment enabled","21340","El Paso, TX","48","Texas","141","El Paso","31.6675492","-106.287972"
"01/10/2025","AQS","481410057","5","6.3","ug/m3 LC","35","Socorro Hueco","1","100.0000","88101","PM2.5 - Local Conditions","638","Teledyne T640X at 16.67 LPM w/Network Data Alignment enabled","21340","El Paso, TX","48","Texas","141","El Paso","31.6675492","-106.287972"
"01/11/2025","AQS","481410057","5","13.1","ug/m3 LC","58","Socorro Hueco","1","100.0000","88101","PM2.5 - Local Conditions","638","Teledyne T640X at 16.67 LPM w/Network Data Alignment enabled","21340","El Paso, TX","48","Texas","141","El Paso","31.6675492","-106.287972"
"01/12/2025","AQS","481410057","5","3.6","ug/m3 LC","20","Socorro Hueco","1","100.0000","88101","PM2.5 - Local Conditions","638","Teledyne T640X at 16.67 LPM w/Network Data Alignment enabled","21340","El Paso, TX","48","Texas","141","El Paso","31.6675492","-106.287972"
"01/13/2025","AQS","481410057","5","4","ug/m3 LC","22","Socorro Hueco","1","100.0000","88101","PM2.5 - Local Conditions","638","Teledyne T640X at 16.67 LPM w/Network Data Alignment enabled","21340","El Paso, TX","48","Texas","141","El Paso","31.6675492","-106.287972"
"01/14/2025","AQS","481410057","5","5.1","ug/m3 LC","28","Socorro Hueco","1","100.0000","88101","PM2.5 - Local Conditions","638","Teledyne T640X at 16.67 LPM w/Network Data Alignment enabled","21340","El Paso, TX","48","Texas","141","El Paso","31.6675492","-106.287972"
"01/15/2025","AQS","481410057","5","4.1","ug/m3 LC","23","Socorro Hueco","1","100.0000","88101","PM2.5 - Local Conditions","638","Teledyne T640X at 16.67 LPM w/Network Data Alignment enabled","21340","El Paso, TX","48","Texas","141","El Paso","31.6675492","-106.287972"
"01/16/2025","AQS","481410057","5","6.9","ug/m3 LC","38","Socorro Hueco","1","100.0000","88101","PM2.5 - Local Conditions","638","Teledyne T640X at 16.67 LPM w/Network Data Alignment enabled","21340","El Paso, TX","48","Texas","141","El Paso","31.6675492","-106.287972"
"01/17/2025","AQS","481410057","5","10.3","ug/m3 LC","53","Socorro Hueco","1","100.0000","88101","PM2.5 - Local Conditions","638","Teledyne T640X at 16.67 LPM w/Network Data Alignment enabled","21340","El Paso, TX","48","Texas","141","El Paso","31.6675492","-106.287972"
"01/18/2025","AQS","481410057","5","9.7","ug/m3 LC","52","Socorro Hueco","1","100.0000","88101","PM2.5 - Local Conditions","638","Teledyne T640X at 16.67 LPM w/Network Data Alignment enabled","21340","El Paso, TX","48","Texas","141","El Paso","31.6675492","-106.287972"
"01/19/2025","AQS","481410057","5","7.8","ug/m3 LC","43","Socorro Hueco","1","100.0000","88101","PM2.5 - Local Conditions","638","Teledyne T640X at 16.67 LPM w/Network Data Alignment enabled","21340","El Paso, TX","48","Texas","141","El Paso","31.6675492","-106.287972"
"01/20/2025","AQS","481410057","5","19.1","ug/m3 LC","70","Socorro Hueco","1","100.0000","88101","PM2.5 - Local Conditions","638","Teledyne T640X at 16.67 LPM w/Network Data Alignment enabled","21340","El Paso, TX","48","Texas","141","El Paso","31.6675492","-106.287972"
"01/21/2025","AQS","481410057","5","12.5","ug/m3 LC","57","Socorro Hueco","1","100.0000","88101","PM2.5 - Local Conditions","638","Teledyne T640X at 16.67 LPM w/Network Data Alignment enabled","21340","El Paso, TX","48","Texas","141","El Paso","31.6675492","-106.287972"
"01/22/2025","AQS","481410057","5","22.2","ug/m3 LC","75","Socorro Hueco","1","100.0000","88101","PM2.5 - Local Conditions","638","Teledyne T640X at 16.67 LPM w/Network Data Alignment enabled","21340","El Paso, TX","48","Texas","141","El Paso","31.6675492","-106.287972"
"01/23/2025","AQS","481410057","5","6.9","ug/m3 LC","38","Socorro Hueco","1","100.0000","88101","PM2.5 - Local Conditions","638","Teledyne T640X at 16.67 LPM w/Network Data Alignment enabled","21340","El Paso, TX","48","Texas","141","El Paso","31.6675492","-106.287972"
"01/24/2025","AQS","481410057","5","13.7","ug/m3 LC","60","Socorro Hueco","1","100.0000","88101","PM2.5 - Local Conditions","638","Teledyne T640X at 16.67 LPM w/Network Data Alignment enabled","21340","El Paso, TX","48","Texas","141","El Paso","31.6675492","-106.287972"
"01/25/2025","AQS","481410057","5","16.9","ug/m3 LC","66","Socorro Hueco","1","100.0000","88101","PM2.5 - Local Conditions","638","Teledyne T640X at 16.67 LPM w/Network Data Alignment enabled","21340","El Paso, TX","48","Texas","141","El Paso","31.6675492","-106.287972"
"01/26/2025","AQS","481410057","5","9.7","ug/m3 LC","52","Socorro Hueco","1","100.0000","88101","PM2.5 - Local Conditions","638","Teledyne T640X at 16.67 LPM w/Network Data Alignment enabled","21340","El Paso, TX","48","Texas","141","El Paso","31.6675492","-106.287972"
"01/27/2025","AQS","481410057","5","14.3","ug/m3 LC","61","Socorro Hueco","1","100.0000","88101","PM2.5 - Local Conditions","638","Teledyne T640X at 16.67 LPM w/Network Data Alignment enabled","21340","El Paso, TX","48","Texas","141","El Paso","31.6675492","-106.287972"
"01/28/2025","AQS","481410057","5","10.5","ug/m3 LC","54","Socorro Hueco","1","100.0000","88101","PM2.5 - Local Conditions","638","Teledyne T640X at 16.67 LPM w/Network Data Alignment enabled","21340","El Paso, TX","48","Texas","141","El Paso","31.6675492","-106.287972"
"01/29/2025","AQS","481410057","5","9.1","ug/m3 LC","51","Socorro Hueco","1","100.0000","88101","PM2.5 - Local Conditions","638","Teledyne T640X at 16.67 LPM w/Network Data Alignment enabled","21340","El Paso, TX","48","Texas","141","El Paso","31.6675492","-106.287972"
"01/30/2025","AQS","481410057","5","26.2","ug/m3 LC","83","Socorro Hueco","1","100.0000","88101","PM2.5 - Local Conditions","638","Teledyne T640X at 16.67 LPM w/Network Data Alignment enabled","21340","El Paso, TX","48","Texas","141","El Paso","31.6675492","-106.287972"
"01/31/2025","AQS","481410057","5","17.5","ug/m3 LC","67","Socorro Hueco","1","100.0000","88101","PM2.5 - Local Conditions","638","Teledyne T640X at 16.67 LPM w/Network Data Alignment enabled","21340","El Paso, TX","48","Texas","141","El Paso","31.6675492","-106.287972"
"02/01/2025","AQS","481410057","5","21","ug/m3 LC","73","Socorro Hueco","1","100.0000","88101","PM2.5 - Local Conditions","638","Teledyne T640X at 16.67 LPM w/Network Data Alignment enabled","21340","El Paso, TX","48","Texas","141","El Paso","31.6675492","-106.287972"
"02/02/2025","AQS","481410057","5","14.6","ug/m3 LC","61","Socorro Hueco","1","100.0000","88101","PM2.5 - Local Conditions","638","Teledyne T640X at 16.67 LPM w/Network Data Alignment enabled","21340","El Paso, TX","48","Texas","141","El Paso","31.6675492","-106.287972"
"02/03/2025","AQS","481410057","5","16.9","ug/m3 LC","66","Socorro Hueco","1","100.0000","88101","PM2.5 - Local Conditions","638","Teledyne T640X at 16.67 LPM w/Network Data Alignment enabled","21340","El Paso, TX","48","Texas","141","El Paso","31.6675492","-106.287972"
"02/04/2025","AQS","481410057","5","25.9","ug/m3 LC","82","Socorro Hueco","1","100.0000","88101","PM2.5 - Local Conditions","638","Teledyne T640X at 16.67 LPM w/Network Data Alignment enabled","21340","El Paso, TX","48","Texas","141","El Paso","31.6675492","-106.287972"
"02/05/2025","AQS","481410057","5","16.1","ug/m3 LC","64","Socorro Hueco","1","100.0000","88101","PM2.5 - Local Conditions","638","Teledyne T640X at 16.67 LPM w/Network Data Alignment enabled","21340","El Paso, TX","48","Texas","141","El Paso","31.6675492","-106.287972"
"02/06/2025","AQS","481410057","5","13.6","ug/m3 LC","59","Socorro Hueco","1","100.0000","88101","PM2.5 - Local Conditions","638","Teledyne T640X at 16.67 LPM w/Network Data Alignment enabled","21340","El Paso, TX","48","Texas","141","El Paso","31.6675492","-106.287972"
"02/07/2025","AQS","481410057","5","17.7","ug/m3 LC","67","Socorro Hueco","1","100.0000","88101","PM2.5 - Local Conditions","638","Teledyne T640X at 16.67 LPM w/Network Data Alignment enabled","21340","El Paso, TX","48","Texas","141","El Paso","31.6675492","-106.287972"
"02/08/2025","AQS","481410057","5","15.1","ug/m3 LC","62","Socorro Hueco","1","100.0000","88101","PM2.5 - Local Conditions","638","Teledyne T640X at 16.67 LPM w/Network Data Alignment enabled","21340","El Paso, TX","48","Texas","141","El Paso","31.6675492","-106.287972"
"02/09/2025","AQS","481410057","5","17.9","ug/m3 LC","67","Socorro Hueco","1","100.0000","88101","PM2.5 - Local Conditions","638","Teledyne T640X at 16.67 LPM w/Network Data Alignment enabled","21340","El Paso, TX","48","Texas","141","El Paso","31.6675492","-106.287972"
"02/10/2025","AQS","481410057","5","22.8","ug/m3 LC","77","Socorro Hueco","1","100.0000","88101","PM2.5 - Local Conditions","638","Teledyne T640X at 16.67 LPM w/Network Data Alignment enabled","21340","El Paso, TX","48","Texas","141","El Paso","31.6675492","-106.287972"
"02/11/2025","AQS","481410057","5","62.2","ug/m3 LC","156","Socorro Hueco","1","100.0000","88101","PM2.5 - Local Conditions","638","Teledyne T640X at 16.67 LPM w/Network Data Alignment enabled","21340","El Paso, TX","48","Texas","141","El Paso","31.6675492","-106.287972"
"02/12/2025","AQS","481410057","5","21.2","ug/m3 LC","74","Socorro Hueco","1","100.0000","88101","PM2.5 - Local Conditions","638","Teledyne T640X at 16.67 LPM w/Network Data Alignment enabled","21340","El Paso, TX","48","Texas","141","El Paso","31.6675492","-106.287972"
"02/13/2025","AQS","481410057","5","8.3","ug/m3 LC","46","Socorro Hueco","1","100.0000","88101","PM2.5 - Local Conditions","638","Teledyne T640X at 16.67 LPM w/Network Data Alignment enabled","21340","El Paso, TX","48","Texas","141","El Paso","31.6675492","-106.287972"
"02/14/2025","AQS","481410057","5","31.9","ug/m3 LC","93","Socorro Hueco","1","100.0000","88101","PM2.5 - Local Conditions","638","Teledyne T640X at 16.67 LPM w/Network Data Alignment enabled","21340","El Paso, TX","48","Texas","141","El Paso","31.6675492","-106.287972"
"02/15/2025","AQS","481410057","5","16.6","ug/m3 LC","65","Socorro Hueco","1","100.0000","88101","PM2.5 - Local Conditions","638","Teledyne T640X at 16.67 LPM w/Network Data Alignment enabled","21340","El Paso, TX","48","Texas","141","El Paso","31.6675492","-106.287972"
"02/16/2025","AQS","481410057","5","7.5","ug/m3 LC","42","Socorro Hueco","1","100.0000","88101","PM2.5 - Local Conditions","638","Teledyne T640X at 16.67 LPM w/Network Data Alignment enabled","21340","El Paso, TX","48","Texas","141","El Paso","31.6675492","-106.287972"
"02/17/2025","AQS","481410057","5","9.6","ug/m3 LC","52","Socorro Hueco","1","100.0000","88101","PM2.5 - Local Conditions","638","Teledyne T640X at 16.67 LPM w/Network Data Alignment enabled","21340","El Paso, TX","48","Texas","141","El Paso","31.6675492","-106.287972"
"02/18/2025","AQS","481410057","5","5.6","ug/m3 LC","31","Socorro Hueco","1","100.0000","88101","PM2.5 - Local Conditions","638","Teledyne T640X at 16.67 LPM w/Network Data Alignment enabled","21340","El Paso, TX","48","Texas","141","El Paso","31.6675492","-106.287972"
"02/19/2025","AQS","481410057","5","10.6","ug/m3 LC","54","Socorro Hueco","1","100.0000","88101","PM2.5 - Local Conditions","638","Teledyne T640X at 16.67 LPM w/Network Data Alignment enabled","21340","El Paso, TX","48","Texas","141","El Paso","31.6675492","-106.287972"
"02/20/2025","AQS","481410057","5","6.6","ug/m3 LC","37","Socorro Hueco","1","100.0000","88101","PM2.5 - Local Conditions","638","Teledyne T640X at 16.67 LPM w/Network Data Alignment enabled","21340","El Paso, TX","48","Texas","141","El Paso","31.6675492","-106.287972"
"02/21/2025","AQS","481410057","5","4.4","ug/m3 LC","24","Socorro Hueco","1","100.0000","88101","PM2.5 - Local Conditions","638","Teledyne T640X at 16.67 LPM w/Network Data Alignment enabled","21340","El Paso, TX","48","Texas","141","El Paso","31.6675492","-106.287972"
"02/22/2025","AQS","481410057","5","9.1","ug/m3 LC","51","Socorro Hueco","1","100.0000","88101","PM2.5 - Local Conditions","638","Teledyne T640X at 16.67 LPM w/Network Data Alignment enabled","21340","El Paso, TX","48","Texas","141","El Paso","31.6675492","-106.287972"
"02/23/2025","AQS","481410057","5","13.2","ug/m3 LC","59","Socorro Hueco","1","100.0000","88101","PM2.5 - Local Conditions","638","Teledyne T640X at 16.67 LPM w/Network Data Alignment enabled","21340","El Paso, TX","48","Texas","141","El Paso","31.6675492","-106.287972"
"02/24/2025","AQS","481410057","5","13","ug/m3 LC","58","Socorro Hueco","1","100.0000","88101","PM2.5 - Local Conditions","638","Teledyne T640X at 16.67 LPM w/Network Data Alignment enabled","21340","El Paso, TX","48","Texas","141","El Paso","31.6675492","-106.287972"
"02/25/2025","AQS","481410057","5","13.6","ug/m3 LC","59","Socorro Hueco","1","100.0000","88101","PM2.5 - Local Conditions","638","Teledyne T640X at 16.67 LPM w/Network Data Alignment enabled","21340","El Paso, TX","48","Texas","141","El Paso","31.6675492","-106.287972"
"02/26/2025","AQS","481410057","5","10.8","ug/m3 LC","54","Socorro Hueco","1","100.0000","88101","PM2.5 - Local Conditions","638","Teledyne T640X at 16.67 LPM w/Network Data Alignment enabled","21340","El Paso, TX","48","Texas","141","El Paso","31.6675492","-106.287972"
"02/27/2025","AQS","481410057","5","31.3","ug/m3 LC","92","Socorro Hueco","1","100.0000","88101","PM2.5 - Local Conditions","638","Teledyne T640X at 16.67 LPM w/Network Data Alignment enabled","21340","El Paso, TX","48","Texas","141","El Paso","31.6675492","-106.287972"
"02/28/2025","AQS","481410057","5","8.3","ug/m3 LC","46","Socorro Hueco","1","100.0000","88101","PM2.5 - Local Conditions","638","Teledyne T640X at 16.67 LPM w/Network Data Alignment enabled","21340","El Paso, TX","48","Texas","141","El Paso","31.6675492","-106.287972"
"03/01/2025","AQS","481410057","5","8.3","ug/m3 LC","46","Socorro Hueco","1","100.0000","88101","PM2.5 - Local Conditions","638","Teledyne T640X at 16.67 LPM w/Network Data Alignment enabled","21340","El Paso, TX","48","Texas","141","El Paso","31.6675492","-106.287972"
"03/02/2025","AQS","481410057","5","16.7","ug/m3 LC","65","Socorro Hueco","1","100.0000","88101","PM2.5 - Local Conditions","638","Teledyne T640X at 16.67 LPM w/Network Data Alignment enabled","21340","El Paso, TX","48","Texas","141","El Paso","31.6675492","-106.287972"
"03/03/2025","AQS","481410057","5","101.6","ug/m3 LC","183","Socorro Hueco","1","100.0000","88101","PM2.5 - Local Conditions","638","Teledyne T640X at 16.67 LPM w/Network Data Alignment enabled","21340","El Paso, TX","48","Texas","141","El Paso","31.6675492","-106.287972"
"03/04/2025","AQS","481410057","5","38.7","ug/m3 LC","109","Socorro Hueco","1","100.0000","88101","PM2.5 - Local Conditions","638","Teledyne T640X at 16.67 LPM w/Network Data Alignment enabled","21340","El Paso, TX","48","Texas","141","El Paso","31.6675492","-106.287972"
"03/05/2025","AQS","481410057","5","7.2","ug/m3 LC","40","Socorro Hueco","1","100.0000","88101","PM2.5 - Local Conditions","638","Teledyne T640X at 16.67 LPM w/Network Data Alignment enabled","21340","El Paso, TX","48","Texas","141","El Paso","31.6675492","-106.287972"
"03/06/2025","AQS","481410057","5","117.7","ug/m3 LC","195","Socorro Hueco","1","100.0000","88101","PM2.5 - Local Conditions","638","Teledyne T640X at 16.67 LPM w/Network Data Alignment enabled","21340","El Paso, TX","48","Texas","141","El Paso","31.6675492","-106.287972"
"03/07/2025","AQS","481410057","5","54.1","ug/m3 LC","147","Socorro Hueco","1","100.0000","88101","PM2.5 - Local Conditions","638","Teledyne T640X at 16.67 LPM w/Network Data Alignment enabled","21340","El Paso, TX","48","Texas","141","El Paso","31.6675492","-106.287972"
"03/08/2025","AQS","481410057","5","3.1","ug/m3 LC","17","Socorro Hueco","1","100.0000","88101","PM2.5 - Local Conditions","638","Teledyne T640X at 16.67 LPM w/Network Data Alignment enabled","21340","El Paso, TX","48","Texas","141","El Paso","31.6675492","-106.287972"
"03/09/2025","AQS","481410057","5","7.5","ug/m3 LC","42","Socorro Hueco","1","100.0000","88101","PM2.5 - Local Conditions","638","Teledyne T640X at 16.67 LPM w/Network Data Alignment enabled","21340","El Paso, TX","48","Texas","141","El Paso","31.6675492","-106.287972"
"03/10/2025","AQS","481410057","5","9.9","ug/m3 LC","52","Socorro Hueco","1","100.0000","88101","PM2.5 - Local Conditions","638","Teledyne T640X at 16.67 LPM w/Network Data Alignment enabled","21340","El Paso, TX","48","Texas","141","El Paso","31.6675492","-106.287972"
"03/11/2025","AQS","481410057","5","25.6","ug/m3 LC","82","Socorro Hueco","1","100.0000","88101","PM2.5 - Local Conditions","638","Teledyne T640X at 16.67 LPM w/Network Data Alignment enabled","21340","El Paso, TX","48","Texas","141","El Paso","31.6675492","-106.287972"
"03/12/2025","AQS","481410057","5","10","ug/m3 LC","53","Socorro Hueco","1","100.0000","88101","PM2.5 - Local Conditions","638","Teledyne T640X at 16.67 LPM w/Network Data Alignment enabled","21340","El Paso, TX","48","Texas","141","El Paso","31.6675492","-106.287972"
"03/13/2025","AQS","481410057","5","38.5","ug/m3 LC","108","Socorro Hueco","1","100.0000","88101","PM2.5 - Local Conditions","638","Teledyne T640X at 16.67 LPM w/Network Data Alignment enabled","21340","El Paso, TX","48","Texas","141","El Paso","31.6675492","-106.287972"
"03/14/2025","AQS","481410057","5","35.3","ug/m3 LC","100","Socorro Hueco","1","100.0000","88101","PM2.5 - Local Conditions","638","Teledyne T640X at 16.67 LPM w/Network Data Alignment enabled","21340","El Paso, TX","48","Texas","141","El Paso","31.6675492","-106.287972"
"03/15/2025","AQS","481410057","5","6.3","ug/m3 LC","35","Socorro Hueco","1","100.0000","88101","PM2.5 - Local Conditions","638","Teledyne T640X at 16.67 LPM w/Network Data Alignment enabled","21340","El Paso, TX","48","Texas","141","El Paso","31.6675492","-106.287972"
"03/16/2025","AQS","481410057","5","5.6","ug/m3 LC","31","Socorro Hueco","1","100.0000","88101","PM2.5 - Local Conditions","638","Teledyne T640X at 16.67 LPM w/Network Data Alignment enabled","21340","El Paso, TX","48","Texas","141","El Paso","31.6675492","-106.287972"
"03/17/2025","AQS","481410057","5","12","ug/m3 LC","56","Socorro Hueco","1","100.0000","88101","PM2.5 - Local Conditions","638","Teledyne T640X at 16.67 LPM w/Network Data Alignment enabled","21340","El Paso, TX","48","Texas","141","El Paso","31.6675492","-106.287972"
"03/18/2025","AQS","481410057","5","91.1","ug/m3 LC","176","Socorro Hueco","1","100.0000","88101","PM2.5 - Local Conditions","638","Teledyne T640X at 16.67 LPM w/Network Data Alignment enabled","21340","El Paso, TX","48","Texas","141","El Paso","31.6675492","-106.287972"
"03/19/2025","AQS","481410057","5","4.1","ug/m3 LC","23","Socorro Hueco","1","100.0000","88101","PM2.5 - Local Conditions","638","Teledyne T640X at 16.67 LPM w/Network Data Alignment enabled","21340","El Paso, TX","48","Texas","141","El Paso","31.6675492","-106.287972"
"03/20/2025","AQS","481410057","5","11.4","ug/m3 LC","55","Socorro Hueco","1","100.0000","88101","PM2.5 - Local Conditions","638","Teledyne T640X at 16.67 LPM w/Network Data Alignment enabled","21340","El Paso, TX","48","Texas","141","El Paso","31.6675492","-106.287972"
"03/21/2025","AQS","481410057","5","14","ug/m3 LC","60","Socorro Hueco","1","100.0000","88101","PM2.5 - Local Conditions","638","Teledyne T640X at 16.67 LPM w/Network Data Alignment enabled","21340","El Paso, TX","48","Texas","141","El Paso","31.6675492","-106.287972"
"03/22/2025","AQS","481410057","5","10.5","ug/m3 LC","54","Socorro Hueco","1","100.0000","88101","PM2.5 - Local Conditions","638","Teledyne T640X at 16.67 LPM w/Network Data Alignment enabled","21340","El Paso, TX","48","Texas","141","El Paso","31.6675492","-106.287972"
"03/23/2025","AQS","481410057","5","11.3","ug/m3 LC","55","Socorro Hueco","1","100.0000","88101","PM2.5 - Local Conditions","638","Teledyne T640X at 16.67 LPM w/Network Data Alignment enabled","21340","El Paso, TX","48","Texas","141","El Paso","31.6675492","-106.287972"
"03/24/2025","AQS","481410057","5","10.7","ug/m3 LC","54","Socorro Hueco","1","100.0000","88101","PM2.5 - Local Conditions","638","Teledyne T640X at 16.67 LPM w/Network Data Alignment enabled","21340","El Paso, TX","48","Texas","141","El Paso","31.6675492","-106.287972"
"03/25/2025","AQS","481410057","5","9.9","ug/m3 LC","52","Socorro Hueco","1","100.0000","88101","PM2.5 - Local Conditions","638","Teledyne T640X at 16.67 LPM w/Network Data Alignment enabled","21340","El Paso, TX","48","Texas","141","El Paso","31.6675492","-106.287972"
"03/26/2025","AQS","481410057","5","24.3","ug/m3 LC","79","Socorro Hueco","1","100.0000","88101","PM2.5 - Local Conditions","638","Teledyne T640X at 16.67 LPM w/Network Data Alignment enabled","21340","El Paso, TX","48","Texas","141","El Paso","31.6675492","-106.287972"
"03/27/2025","AQS","481410057","5","13.2","ug/m3 LC","59","Socorro Hueco","1","100.0000","88101","PM2.5 - Local Conditions","638","Teledyne T640X at 16.67 LPM w/Network Data Alignment enabled","21340","El Paso, TX","48","Texas","141","El Paso","31.6675492","-106.287972"
"03/28/2025","AQS","481410057","5","17.2","ug/m3 LC","66","Socorro Hueco","1","100.0000","88101","PM2.5 - Local Conditions","638","Teledyne T640X at 16.67 LPM w/Network Data Alignment enabled","21340","El Paso, TX","48","Texas","141","El Paso","31.6675492","-106.287972"
"03/29/2025","AQS","481410057","5","39.8","ug/m3 LC","112","Socorro Hueco","1","100.0000","88101","PM2.5 - Local Conditions","638","Teledyne T640X at 16.67 LPM w/Network Data Alignment enabled","21340","El Paso, TX","48","Texas","141","El Paso","31.6675492","-106.287972"
"03/30/2025","AQS","481410057","5","15.2","ug/m3 LC","62","Socorro Hueco","1","100.0000","88101","PM2.5 - Local Conditions","638","Teledyne T640X at 16.67 LPM w/Network Data Alignment enabled","21340","El Paso, TX","48","Texas","141","El Paso","31.6675492","-106.287972"
"03/31/2025","AQS","481410057","5","13","ug/m3 LC","58","Socorro Hueco","1","100.0000","88101","PM2.5 - Local Conditions","638","Teledyne T640X at 16.67 LPM w/Network Data Alignment enabled","21340","El Paso, TX","48","Texas","141","El Paso","31.6675492","-106.287972"
"04/01/2025","AirNow","481410057","5","153.9","ug/m3 LC","229","Socorro Hueco","1","100.0000","88101","PM2.5 - Local Conditions","","","21340","El Paso, TX","48","Texas","141","El Paso","31.6675492","-106.287972"
"04/02/2025","AirNow","481410057","5","35.9","ug/m3 LC","102","Socorro Hueco","1","100.0000","88101","PM2.5 - Local Conditions","","","21340","El Paso, TX","48","Texas","141","El Paso","31.6675492","-106.287972"
"04/03/2025","AirNow","481410057","5","8.5","ug/m3 LC","47","Socorro Hueco","1","100.0000","88101","PM2.5 - Local Conditions","","","21340","El Paso, TX","48","Texas","141","El Paso","31.6675492","-106.287972"
"04/04/2025","AQS","481410057","5","3.4","ug/m3 LC","19","Socorro Hueco","1","100.0000","88101","PM2.5 - Local Conditions","638","Teledyne T640X at 16.67 LPM w/Network Data Alignment enabled","21340","El Paso, TX","48","Texas","141","El Paso","31.6675492","-106.287972"
"04/05/2025","AQS","481410057","5","2.3","ug/m3 LC","13","Socorro Hueco","1","100.0000","88101","PM2.5 - Local Conditions","638","Teledyne T640X at 16.67 LPM w/Network Data Alignment enabled","21340","El Paso, TX","48","Texas","141","El Paso","31.6675492","-106.287972"
"04/06/2025","AQS","481410057","5","4.3","ug/m3 LC","24","Socorro Hueco","1","100.0000","88101","PM2.5 - Local Conditions","638","Teledyne T640X at 16.67 LPM w/Network Data Alignment enabled","21340","El Paso, TX","48","Texas","141","El Paso","31.6675492","-106.287972"
"04/07/2025","AQS","481410057","5","5.7","ug/m3 LC","32","Socorro Hueco","1","100.0000","88101","PM2.5 - Local Conditions","638","Teledyne T640X at 16.67 LPM w/Network Data Alignment enabled","21340","El Paso, TX","48","Texas","141","El Paso","31.6675492","-106.287972"
"04/08/2025","AQS","481410057","5","7.5","ug/m3 LC","42","Socorro Hueco","1","100.0000","88101","PM2.5 - Local Conditions","638","Teledyne T640X at 16.67 LPM w/Network Data Alignment enabled","21340","El Paso, TX","48","Texas","141","El Paso","31.6675492","-106.287972"
"04/09/2025","AQS","481410057","5","9.8","ug/m3 LC","52","Socorro Hueco","1","100.0000","88101","PM2.5 - Local Conditions","638","Teledyne T640X at 16.67 LPM w/Network Data Alignment enabled","21340","El Paso, TX","48","Texas","141","El Paso","31.6675492","-106.287972"
"04/10/2025","AQS","481410057","5","7.9","ug/m3 LC","44","Socorro Hueco","1","100.0000","88101","PM2.5 - Local Conditions","638","Teledyne T640X at 16.67 LPM w/Network Data Alignment enabled","21340","El Paso, TX","48","Texas","141","El Paso","31.6675492","-106.287972"
"04/11/2025","AQS","481410057","5","7.6","ug/m3 LC","42","Socorro Hueco","1","100.0000","88101","PM2.5 - Local Conditions","638","Teledyne T640X at 16.67 LPM w/Network Data Alignment enabled","21340","El Paso, TX","48","Texas","141","El Paso","31.6675492","-106.287972"
"04/12/2025","AQS","481410057","5","11.6","ug/m3 LC","56","Socorro Hueco","1","100.0000","88101","PM2.5 - Local Conditions","638","Teledyne T640X at 16.67 LPM w/Network Data Alignment enabled","21340","El Paso, TX","48","Texas","141","El Paso","31.6675492","-106.287972"
"04/13/2025","AQS","481410057","5","18.5","ug/m3 LC","69","Socorro Hueco","1","100.0000","88101","PM2.5 - Local Conditions","638","Teledyne T640X at 16.67 LPM w/Network Data Alignment enabled","21340","El Paso, TX","48","Texas","141","El Paso","31.6675492","-106.287972"
"04/14/2025","AQS","481410057","5","13.6","ug/m3 LC","59","Socorro Hueco","1","100.0000","88101","PM2.5 - Local Conditions","638","Teledyne T640X at 16.67 LPM w/Network Data Alignment enabled","21340","El Paso, TX","48","Texas","141","El Paso","31.6675492","-106.287972"
"04/15/2025","AQS","481410057","5","10.7","ug/m3 LC","54","Socorro Hueco","1","100.0000","88101","PM2.5 - Local Conditions","638","Teledyne T640X at 16.67 LPM w/Network Data Alignment enabled","21340","El Paso, TX","48","Texas","141","El Paso","31.6675492","-106.287972"
"04/16/2025","AQS","481410057","5","21.6","ug/m3 LC","74","Socorro Hueco","1","100.0000","88101","PM2.5 - Local Conditions","638","Teledyne T640X at 16.67 LPM w/Network Data Alignment enabled","21340","El Paso, TX","48","Texas","141","El Paso","31.6675492","-106.287972"
"04/17/2025","AQS","481410057","5","52.8","ug/m3 LC","144","Socorro Hueco","1","100.0000","88101","PM2.5 - Local Conditions","638","Teledyne T640X at 16.67 LPM w/Network Data Alignment enabled","21340","El Paso, TX","48","Texas","141","El Paso","31.6675492","-106.287972"
"04/18/2025","AQS","481410057","5","91","ug/m3 LC","176","Socorro Hueco","1","100.0000","88101","PM2.5 - Local Conditions","638","Teledyne T640X at 16.67 LPM w/Network Data Alignment enabled","21340","El Paso, TX","48","Texas","141","El Paso","31.6675492","-106.287972"
"04/19/2025","AQS","481410057","5","16.9","ug/m3 LC","66","Socorro Hueco","1","100.0000","88101","PM2.5 - Local Conditions","638","Teledyne T640X at 16.67 LPM w/Network Data Alignment enabled","21340","El Paso, TX","48","Texas","141","El Paso","31.6675492","-106.287972"
"04/20/2025","AQS","481410057","5","5","ug/m3 LC","28","Socorro Hueco","1","100.0000","88101","PM2.5 - Local Conditions","638","Teledyne T640X at 16.67 LPM w/Network Data Alignment enabled","21340","El Paso, TX","48","Texas","141","El Paso","31.6675492","-106.287972"
"04/21/2025","AQS","481410057","5","6.4","ug/m3 LC","36","Socorro Hueco","1","100.0000","88101","PM2.5 - Local Conditions","638","Teledyne T640X at 16.67 LPM w/Network Data Alignment enabled","21340","El Paso, TX","48","Texas","141","El Paso","31.6675492","-106.287972"
"04/22/2025","AQS","481410057","5","9.8","ug/m3 LC","52","Socorro Hueco","1","100.0000","88101","PM2.5 - Local Conditions","638","Teledyne T640X at 16.67 LPM w/Network Data Alignment enabled","21340","El Paso, TX","48","Texas","141","El Paso","31.6675492","-106.287972"
"04/23/2025","AQS","481410057","5","8.7","ug/m3 LC","48","Socorro Hueco","1","100.0000","88101","PM2.5 - Local Conditions","638","Teledyne T640X at 16.67 LPM w/Network Data Alignment enabled","21340","El Paso, TX","48","Texas","141","El Paso","31.6675492","-106.287972"
"04/24/2025","AQS","481410057","5","7","ug/m3 LC","39","Socorro Hueco","1","100.0000","88101","PM2.5 - Local Conditions","638","Teledyne T640X at 16.67 LPM w/Network Data Alignment enabled","21340","El Paso, TX","48","Texas","141","El Paso","31.6675492","-106.287972"
"04/25/2025","AQS","481410057","5","9.8","ug/m3 LC","52","Socorro Hueco","1","100.0000","88101","PM2.5 - Local Conditions","638","Teledyne T640X at 16.67 LPM w/Network Data Alignment enabled","21340","El Paso, TX","48","Texas","141","El Paso","31.6675492","-106.287972"
"04/26/2025","AQS","481410057","5","14.9","ug/m3 LC","62","Socorro Hueco","1","100.0000","88101","PM2.5 - Local Conditions","638","Teledyne T640X at 16.67 LPM w/Network Data Alignment enabled","21340","El Paso, TX","48","Texas","141","El Paso","31.6675492","-106.287972"
"04/27/2025","AQS","481410057","5","125.7","ug/m3 LC","201","Socorro Hueco","1","100.0000","88101","PM2.5 - Local Conditions","638","Teledyne T640X at 16.67 LPM w/Network Data Alignment enabled","21340","El Paso, TX","48","Texas","141","El Paso","31.6675492","-106.287972"
"04/28/2025","AQS","481410057","5","20.6","ug/m3 LC","72","Socorro Hueco","1","100.0000","88101","PM2.5 - Local Conditions","638","Teledyne T640X at 16.67 LPM w/Network Data Alignment enabled","21340","El Paso, TX","48","Texas","141","El Paso","31.6675492","-106.287972"
"04/29/2025","AQS","481410057","5","13.8","ug/m3 LC","60","Socorro Hueco","1","100.0000","88101","PM2.5 - Local Conditions","638","Teledyne T640X at 16.67 LPM w/Network Data Alignment enabled","21340","El Paso, TX","48","Texas","141","El Paso","31.6675492","-106.287972"
"04/30/2025","AQS","481410057","5","8","ug/m3 LC","44","Socorro Hueco","1","100.0000","88101","PM2.5 - Local Conditions","638","Teledyne T640X at 16.67 LPM w/Network Data Alignment enabled","21340","El Paso, TX","48","Texas","141","El Paso","31.6675492","-106.287972"
"05/01/2025","AQS","481410057","5","7.8","ug/m3 LC","43","Socorro Hueco","1","100.0000","88101","PM2.5 - Local Conditions","638","Teledyne T640X at 16.67 LPM w/Network Data Alignment enabled","21340","El Paso, TX","48","Texas","141","El Paso","31.6675492","-106.287972"
"05/02/2025","AQS","481410057","5","15.4","ug/m3 LC","63","Socorro Hueco","1","100.0000","88101","PM2.5 - Local Conditions","638","Teledyne T640X at 16.67 LPM w/Network Data Alignment enabled","21340","El Paso, TX","48","Texas","141","El Paso","31.6675492","-106.287972"
"05/03/2025","AQS","481410057","5","5.2","ug/m3 LC","29","Socorro Hueco","1","100.0000","88101","PM2.5 - Local Conditions","638","Teledyne T640X at 16.67 LPM w/Network Data Alignment enabled","21340","El Paso, TX","48","Texas","141","El Paso","31.6675492","-106.287972"
"05/04/2025","AQS","481410057","5","17.2","ug/m3 LC","66","Socorro Hueco","1","100.0000","88101","PM2.5 - Local Conditions","638","Teledyne T640X at 16.67 LPM w/Network Data Alignment enabled","21340","El Paso, TX","48","Texas","141","El Paso","31.6675492","-106.287972"
"05/05/2025","AQS","481410057","5","16.7","ug/m3 LC","65","Socorro Hueco","1","100.0000","88101","PM2.5 - Local Conditions","638","Teledyne T640X at 16.67 LPM w/Network Data Alignment enabled","21340","El Paso, TX","48","Texas","141","El Paso","31.6675492","-106.287972"
"05/06/2025","AQS","481410057","5","6.4","ug/m3 LC","36","Socorro Hueco","1","100.0000","88101","PM2.5 - Local Conditions","638","Teledyne T640X at 16.67 LPM w/Network Data Alignment enabled","21340","El Paso, TX","48","Texas","141","El Paso","31.6675492","-106.287972"
"05/07/2025","AQS","481410057","5","6.5","ug/m3 LC","36","Socorro Hueco","1","100.0000","88101","PM2.5 - Local Conditions","638","Teledyne T640X at 16.67 LPM w/Network Data Alignment enabled","21340","El Paso, TX","48","Texas","141","El Paso","31.6675492","-106.287972"
"05/08/2025","AQS","481410057","5","7.4","ug/m3 LC","41","Socorro Hueco","1","100.0000","88101","PM2.5 - Local Conditions","638","Teledyne T640X at 16.67 LPM w/Network Data Alignment enabled","21340","El Paso, TX","48","Texas","141","El Paso","31.6675492","-106.287972"
"05/09/2025","AQS","481410057","5","2.7","ug/m3 LC","15","Socorro Hueco","1","100.0000","88101","PM2.5 - Local Conditions","638","Teledyne T640X at 16.67 LPM w/Network Data Alignment enabled","21340","El Paso, TX","48","Texas","141","El Paso","31.6675492","-106.287972"
"05/10/2025","AQS","481410057","5","4.6","ug/m3 LC","26","Socorro Hueco","1","100.0000","88101","PM2.5 - Local Conditions","638","Teledyne T640X at 16.67 LPM w/Network Data Alignment enabled","21340","El Paso, TX","48","Texas","141","El Paso","31.6675492","-106.287972"
"05/11/2025","AQS","481410057","5","10.7","ug/m3 LC","54","Socorro Hueco","1","100.0000","88101","PM2.5 - Local Conditions","638","Teledyne T640X at 16.67 LPM w/Network Data Alignment enabled","21340","El Paso, TX","48","Texas","141","El Paso","31.6675492","-106.287972"
"05/12/2025","AQS","481410057","5","16.4","ug/m3 LC","65","Socorro Hueco","1","100.0000","88101","PM2.5 - Local Conditions","638","Teledyne T640X at 16.67 LPM w/Network Data Alignment enabled","21340","El Paso, TX","48","Texas","141","El Paso","31.6675492","-106.287972"
"05/13/2025","AQS","481410057","5","55","ug/m3 LC","149","Socorro Hueco","1","100.0000","88101","PM2.5 - Local Conditions","638","Teledyne T640X at 16.67 LPM w/Network Data Alignment enabled","21340","El Paso, TX","48","Texas","141","El Paso","31.6675492","-106.287972"
"05/14/2025","AQS","481410057","5","37.1","ug/m3 LC","105","Socorro Hueco","1","100.0000","88101","PM2.5 - Local Conditions","638","Teledyne T640X at 16.67 LPM w/Network Data Alignment enabled","21340","El Paso, TX","48","Texas","141","El Paso","31.6675492","-106.287972"
"05/15/2025","AQS","481410057","5","7.5","ug/m3 LC","42","Socorro Hueco","1","100.0000","88101","PM2.5 - Local Conditions","638","Teledyne T640X at 16.67 LPM w/Network Data Alignment enabled","21340","El Paso, TX","48","Texas","141","El Paso","31.6675492","-106.287972"
"05/16/2025","AQS","481410057","5","10.3","ug/m3 LC","53","Socorro Hueco","1","100.0000","88101","PM2.5 - Local Conditions","638","Teledyne T640X at 16.67 LPM w/Network Data Alignment enabled","21340","El Paso, TX","48","Texas","141","El Paso","31.6675492","-106.287972"
"05/17/2025","AQS","481410057","5","17.8","ug/m3 LC","67","Socorro Hueco","1","100.0000","88101","PM2.5 - Local Conditions","638","Teledyne T640X at 16.67 LPM w/Network Data Alignment enabled","21340","El Paso, TX","48","Texas","141","El Paso","31.6675492","-106.287972"
"05/18/2025","AQS","481410057","5","24.9","ug/m3 LC","80","Socorro Hueco","1","100.0000","88101","PM2.5 - Local Conditions","638","Teledyne T640X at 16.67 LPM w/Network Data Alignment enabled","21340","El Paso, TX","48","Texas","141","El Paso","31.6675492","-106.287972"
"05/19/2025","AQS","481410057","5","22.1","ug/m3 LC","75","Socorro Hueco","1","100.0000","88101","PM2.5 - Local Conditions","638","Teledyne T640X at 16.67 LPM w/Network Data Alignment enabled","21340","El Paso, TX","48","Texas","141","El Paso","31.6675492","-106.287972"
"05/20/2025","AQS","481410057","5","9","ug/m3 LC","50","Socorro Hueco","1","100.0000","88101","PM2.5 - Local Conditions","638","Teledyne T640X at 16.67 LPM w/Network Data Alignment enabled","21340","El Paso, TX","48","Texas","141","El Paso","31.6675492","-106.287972"
"05/21/2025","AQS","481410057","5","12.6","ug/m3 LC","58","Socorro Hueco","1","100.0000","88101","PM2.5 - Local Conditions","638","Teledyne T640X at 16.67 LPM w/Network Data Alignment enabled","21340","El Paso, TX","48","Texas","141","El Paso","31.6675492","-106.287972"
"05/22/2025","AQS","481410057","5","16.2","ug/m3 LC","64","Socorro Hueco","1","100.0000","88101","PM2.5 - Local Conditions","638","Teledyne T640X at 16.67 LPM w/Network Data Alignment enabled","21340","El Paso, TX","48","Texas","141","El Paso","31.6675492","-106.287972"
"05/23/2025","AQS","481410057","5","15.7","ug/m3 LC","63","Socorro Hueco","1","100.0000","88101","PM2.5 - Local Conditions","638","Teledyne T640X at 16.67 LPM w/Network Data Alignment enabled","21340","El Paso, TX","48","Texas","141","El Paso","31.6675492","-106.287972"
"05/24/2025","AQS","481410057","5","14.2","ug/m3 LC","61","Socorro Hueco","1","100.0000","88101","PM2.5 - Local Conditions","638","Teledyne T640X at 16.67 LPM w/Network Data Alignment enabled","21340","El Paso, TX","48","Texas","141","El Paso","31.6675492","-106.287972"
"05/25/2025","AQS","481410057","5","15.3","ug/m3 LC","63","Socorro Hueco","1","100.0000","88101","PM2.5 - Local Conditions","638","Teledyne T640X at 16.67 LPM w/Network Data Alignment enabled","21340","El Paso, TX","48","Texas","141","El Paso","31.6675492","-106.287972"
"05/26/2025","AQS","481410057","5","13.3","ug/m3 LC","59","Socorro Hueco","1","100.0000","88101","PM2.5 - Local Conditions","638","Teledyne T640X at 16.67 LPM w/Network Data Alignment enabled","21340","El Paso, TX","48","Texas","141","El Paso","31.6675492","-106.287972"
"05/27/2025","AQS","481410057","5","13","ug/m3 LC","58","Socorro Hueco","1","100.0000","88101","PM2.5 - Local Conditions","638","Teledyne T640X at 16.67 LPM w/Network Data Alignment enabled","21340","El Paso, TX","48","Texas","141","El Paso","31.6675492","-106.287972"
"05/28/2025","AQS","481410057","5","10.3","ug/m3 LC","53","Socorro Hueco","1","100.0000","88101","PM2.5 - Local Conditions","638","Teledyne T640X at 16.67 LPM w/Network Data Alignment enabled","21340","El Paso, TX","48","Texas","141","El Paso","31.6675492","-106.287972"
"05/29/2025","AQS","481410057","5","14.5","ug/m3 LC","61","Socorro Hueco","1","100.0000","88101","PM2.5 - Local Conditions","638","Teledyne T640X at 16.67 LPM w/Network Data Alignment enabled","21340","El Paso, TX","48","Texas","141","El Paso","31.6675492","-106.287972"
"05/30/2025","AQS","481410057","5","18.3","ug/m3 LC","68","Socorro Hueco","1","100.0000","88101","PM2.5 - Local Conditions","638","Teledyne T640X at 16.67 LPM w/Network Data Alignment enabled","21340","El Paso, TX","48","Texas","141","El Paso","31.6675492","-106.287972"
"05/31/2025","AQS","481410057","5","8.7","ug/m3 LC","48","Socorro Hueco","1","100.0000","88101","PM2.5 - Local Conditions","638","Teledyne T640X at 16.67 LPM w/Network Data Alignment enabled","21340","El Paso, TX","48","Texas","141","El Paso","31.6675492","-106.287972"
"06/01/2025","AQS","481410057","5","10.9","ug/m3 LC","54","Socorro Hueco","1","100.0000","88101","PM2.5 - Local Conditions","638","Teledyne T640X at 16.67 LPM w/Network Data Alignment enabled","21340","El Paso, TX","48","Texas","141","El Paso","31.6675492","-106.287972"
"06/02/2025","AQS","481410057","5","20.1","ug/m3 LC","71","Socorro Hueco","1","100.0000","88101","PM2.5 - Local Conditions","638","Teledyne T640X at 16.67 LPM w/Network Data Alignment enabled","21340","El Paso, TX","48","Texas","141","El Paso","31.6675492","-106.287972"
"06/03/2025","AQS","481410057","5","6","ug/m3 LC","33","Socorro Hueco","1","100.0000","88101","PM2.5 - Local Conditions","638","Teledyne T640X at 16.67 LPM w/Network Data Alignment enabled","21340","El Paso, TX","48","Texas","141","El Paso","31.6675492","-106.287972"
"06/04/2025","AQS","481410057","5","9.2","ug/m3 LC","51","Socorro Hueco","1","100.0000","88101","PM2.5 - Local Conditions","638","Teledyne T640X at 16.67 LPM w/Network Data Alignment enabled","21340","El Paso, TX","48","Texas","141","El Paso","31.6675492","-106.287972"
"06/05/2025","AQS","481410057","5","11.2","ug/m3 LC","55","Socorro Hueco","1","100.0000","88101","PM2.5 - Local Conditions","638","Teledyne T640X at 16.67 LPM w/Network Data Alignment enabled","21340","El Paso, TX","48","Texas","141","El Paso","31.6675492","-106.287972"
"06/06/2025","AQS","481410057","5","11.9","ug/m3 LC","56","Socorro Hueco","1","100.0000","88101","PM2.5 - Local Conditions","638","Teledyne T640X at 16.67 LPM w/Network Data Alignment enabled","21340","El Paso, TX","48","Texas","141","El Paso","31.6675492","-106.287972"
"06/07/2025","AQS","481410057","5","10.8","ug/m3 LC","54","Socorro Hueco","1","100.0000","88101","PM2.5 - Local Conditions","638","Teledyne T640X at 16.67 LPM w/Network Data Alignment enabled","21340","El Paso, TX","48","Texas","141","El Paso","31.6675492","-106.287972"
"06/08/2025","AQS","481410057","5","9.2","ug/m3 LC","51","Socorro Hueco","1","100.0000","88101","PM2.5 - Local Conditions","638","Teledyne T640X at 16.67 LPM w/Network Data Alignment enabled","21340","El Paso, TX","48","Texas","141","El Paso","31.6675492","-106.287972"
"06/09/2025","AQS","481410057","5","24.4","ug/m3 LC","80","Socorro Hueco","1","100.0000","88101","PM2.5 - Local Conditions","638","Teledyne T640X at 16.67 LPM w/Network Data Alignment enabled","21340","El Paso, TX","48","Texas","141","El Paso","31.6675492","-106.287972"
"06/10/2025","AQS","481410057","5","22.4","ug/m3 LC","76","Socorro Hueco","1","100.0000","88101","PM2.5 - Local Conditions","638","Teledyne T640X at 16.67 LPM w/Network Data Alignment enabled","21340","El Paso, TX","48","Texas","141","El Paso","31.6675492","-106.287972"
"06/11/2025","AQS","481410057","5","5.1","ug/m3 LC","28","Socorro Hueco","1","100.0000","88101","PM2.5 - Local Conditions","638","Teledyne T640X at 16.67 LPM w/Network Data Alignment enabled","21340","El Paso, TX","48","Texas","141","El Paso","31.6675492","-106.287972"
"06/12/2025","AQS","481410057","5","7.8","ug/m3 LC","43","Socorro Hueco","1","100.0000","88101","PM2.5 - Local Conditions","638","Teledyne T640X at 16.67 LPM w/Network Data Alignment enabled","21340","El Paso, TX","48","Texas","141","El Paso","31.6675492","-106.287972"
"06/13/2025","AQS","481410057","5","19.4","ug/m3 LC","70","Socorro Hueco","1","100.0000","88101","PM2.5 - Local Conditions","638","Teledyne T640X at 16.67 LPM w/Network Data Alignment enabled","21340","El Paso, TX","48","Texas","141","El Paso","31.6675492","-106.287972"
"06/14/2025","AQS","481410057","5","20.4","ug/m3 LC","72","Socorro Hueco","1","100.0000","88101","PM2.5 - Local Conditions","638","Teledyne T640X at 16.67 LPM w/Network Data Alignment enabled","21340","El Paso, TX","48","Texas","141","El Paso","31.6675492","-106.287972"
"06/15/2025","AQS","481410057","5","42.9","ug/m3 LC","119","Socorro Hueco","1","100.0000","88101","PM2.5 - Local Conditions","638","Teledyne T640X at 16.67 LPM w/Network Data Alignment enabled","21340","El Paso, TX","48","Texas","141","El Paso","31.6675492","-106.287972"
"06/16/2025","AQS","481410057","5","21","ug/m3 LC","73","Socorro Hueco","1","100.0000","88101","PM2.5 - Local Conditions","638","Teledyne T640X at 16.67 LPM w/Network Data Alignment enabled","21340","El Paso, TX","48","Texas","141","El Paso","31.6675492","-106.287972"
"06/17/2025","AQS","481410057","5","19.6","ug/m3 LC","71","Socorro Hueco","1","100.0000","88101","PM2.5 - Local Conditions","638","Teledyne T640X at 16.67 LPM w/Network Data Alignment enabled","21340","El Paso, TX","48","Texas","141","El Paso","31.6675492","-106.287972"
"06/18/2025","AQS","481410057","5","14.2","ug/m3 LC","61","Socorro Hueco","1","100.0000","88101","PM2.5 - Local Conditions","638","Teledyne T640X at 16.67 LPM w/Network Data Alignment enabled","21340","El Paso, TX","48","Texas","141","El Paso","31.6675492","-106.287972"
"06/19/2025","AQS","481410057","5","14.3","ug/m3 LC","61","Socorro Hueco","1","100.0000","88101","PM2.5 - Local Conditions","638","Teledyne T640X at 16.67 LPM w/Network Data Alignment enabled","21340","El Paso, TX","48","Texas","141","El Paso","31.6675492","-106.287972"
"06/20/2025","AQS","481410057","5","14.1","ug/m3 LC","60","Socorro Hueco","1","100.0000","88101","PM2.5 - Local Conditions","638","Teledyne T640X at 16.67 LPM w/Network Data Alignment enabled","21340","El Paso, TX","48","Texas","141","El Paso","31.6675492","-106.287972"
"06/21/2025","AQS","481410057","5","21.5","ug/m3 LC","74","Socorro Hueco","1","100.0000","88101","PM2.5 - Local Conditions","638","Teledyne T640X at 16.67 LPM w/Network Data Alignment enabled","21340","El Paso, TX","48","Texas","141","El Paso","31.6675492","-106.287972"
"06/22/2025","AQS","481410057","5","10.4","ug/m3 LC","53","Socorro Hueco","1","100.0000","88101","PM2.5 - Local Conditions","638","Teledyne T640X at 16.67 LPM w/Network Data Alignment enabled","21340","El Paso, TX","48","Texas","141","El Paso","31.6675492","-106.287972"
"06/23/2025","AQS","481410057","5","6.1","ug/m3 LC","34","Socorro Hueco","1","100.0000","88101","PM2.5 - Local Conditions","638","Teledyne T640X at 16.67 LPM w/Network Data Alignment enabled","21340","El Paso, TX","48","Texas","141","El Paso","31.6675492","-106.287972"
"06/24/2025","AQS","481410057","5","3.2","ug/m3 LC","18","Socorro Hueco","1","100.0000","88101","PM2.5 - Local Conditions","638","Teledyne T640X at 16.67 LPM w/Network Data Alignment enabled","21340","El Paso, TX","48","Texas","141","El Paso","31.6675492","-106.287972"
"06/25/2025","AQS","481410057","5","2.8","ug/m3 LC","16","Socorro Hueco","1","100.0000","88101","PM2.5 - Local Conditions","638","Teledyne T640X at 16.67 LPM w/Network Data Alignment enabled","21340","El Paso, TX","48","Texas","141","El Paso","31.6675492","-106.287972"
"06/26/2025","AQS","481410057","5","3.5","ug/m3 LC","19","Socorro Hueco","1","100.0000","88101","PM2.5 - Local Conditions","638","Teledyne T640X at 16.67 LPM w/Network Data Alignment enabled","21340","El Paso, TX","48","Texas","141","El Paso","31.6675492","-106.287972"
"06/27/2025","AQS","481410057","5","4.6","ug/m3 LC","26","Socorro Hueco","1","100.0000","88101","PM2.5 - Local Conditions","638","Teledyne T640X at 16.67 LPM w/Network Data Alignment enabled","21340","El Paso, TX","48","Texas","141","El Paso","31.6675492","-106.287972"
"06/28/2025","AQS","481410057","5","2.9","ug/m3 LC","16","Socorro Hueco","1","100.0000","88101","PM2.5 - Local Conditions","638","Teledyne T640X at 16.67 LPM w/Network Data Alignment enabled","21340","El Paso, TX","48","Texas","141","El Paso","31.6675492","-106.287972"
"06/29/2025","AQS","481410057","5","2.6","ug/m3 LC","14","Socorro Hueco","1","100.0000","88101","PM2.5 - Local Conditions","638","Teledyne T640X at 16.67 LPM w/Network Data Alignment enabled","21340","El Paso, TX","48","Texas","141","El Paso","31.6675492","-106.287972"
"06/30/2025","AQS","481410057","5","5","ug/m3 LC","28","Socorro Hueco","1","100.0000","88101","PM2.5 - Local Conditions","638","Teledyne T640X at 16.67 LPM w/Network Data Alignment enabled","21340","El Paso, TX","48","Texas","141","El Paso","31.6675492","-106.287972"
"07/01/2025","AQS","481410057","5","4.3","ug/m3 LC","24","Socorro Hueco","1","100.0000","88101","PM2.5 - Local Conditions","638","Teledyne T640X at 16.67 LPM w/Network Data Alignment enabled","21340","El Paso, TX","48","Texas","141","El Paso","31.6675492","-106.287972"
"07/02/2025","AQS","481410057","5","1.9","ug/m3 LC","11","Socorro Hueco","1","100.0000","88101","PM2.5 - Local Conditions","638","Teledyne T640X at 16.67 LPM w/Network Data Alignment enabled","21340","El Paso, TX","48","Texas","141","El Paso","31.6675492","-106.287972"
"07/03/2025","AQS","481410057","5","3.4","ug/m3 LC","19","Socorro Hueco","1","100.0000","88101","PM2.5 - Local Conditions","638","Teledyne T640X at 16.67 LPM w/Network Data Alignment enabled","21340","El Paso, TX","48","Texas","141","El Paso","31.6675492","-106.287972"
"07/04/2025","AQS","481410057","5","4.6","ug/m3 LC","26","Socorro Hueco","1","100.0000","88101","PM2.5 - Local Conditions","638","Teledyne T640X at 16.67 LPM w/Network Data Alignment enabled","21340","El Paso, TX","48","Texas","141","El Paso","31.6675492","-106.287972"
"07/05/2025","AQS","481410057","5","5.5","ug/m3 LC","31","Socorro Hueco","1","100.0000","88101","PM2.5 - Local Conditions","638","Teledyne T640X at 16.67 LPM w/Network Data Alignment enabled","21340","El Paso, TX","48","Texas","141","El Paso","31.6675492","-106.287972"
"07/06/2025","AQS","481410057","5","7.8","ug/m3 LC","43","Socorro Hueco","1","100.0000","88101","PM2.5 - Local Conditions","638","Teledyne T640X at 16.67 LPM w/Network Data Alignment enabled","21340","El Paso, TX","48","Texas","141","El Paso","31.6675492","-106.287972"
"07/07/2025","AQS","481410057","5","6","ug/m3 LC","33","Socorro Hueco","1","100.0000","88101","PM2.5 - Local Conditions","638","Teledyne T640X at 16.67 LPM w/Network Data Alignment enabled","21340","El Paso, TX","48","Texas","141","El Paso","31.6675492","-106.287972"
"07/08/2025","AQS","481410057","5","6.7","ug/m3 LC","37","Socorro Hueco","1","100.0000","88101","PM2.5 - Local Conditions","638","Teledyne T640X at 16.67 LPM w/Network Data Alignment enabled","21340","El Paso, TX","48","Texas","141","El Paso","31.6675492","-106.287972"
"07/09/2025","AQS","481410057","5","5.3","ug/m3 LC","29","Socorro Hueco","1","100.0000","88101","PM2.5 - Local Conditions","638","Teledyne T640X at 16.67 LPM w/Network Data Alignment enabled","21340","El Paso, TX","48","Texas","141","El Paso","31.6675492","-106.287972"
"07/10/2025","AQS","481410057","5","6.4","ug/m3 LC","36","Socorro Hueco","1","100.0000","88101","PM2.5 - Local Conditions","638","Teledyne T640X at 16.67 LPM w/Network Data Alignment enabled","21340","El Paso, TX","48","Texas","141","El Paso","31.6675492","-106.287972"
"07/11/2025","AQS","481410057","5","17.8","ug/m3 LC","67","Socorro Hueco","1","100.0000","88101","PM2.5 - Local Conditions","638","Teledyne T640X at 16.67 LPM w/Network Data Alignment enabled","21340","El Paso, TX","48","Texas","141","El Paso","31.6675492","-106.287972"
"07/12/2025","AQS","481410057","5","32.4","ug/m3 LC","94","Socorro Hueco","1","100.0000","88101","PM2.5 - Local Conditions","638","Teledyne T640X at 16.67 LPM w/Network Data Alignment enabled","21340","El Paso, TX","48","Texas","141","El Paso","31.6675492","-106.287972"
"07/13/2025","AQS","481410057","5","10.5","ug/m3 LC","54","Socorro Hueco","1","100.0000","88101","PM2.5 - Local Conditions","638","Teledyne T640X at 16.67 LPM w/Network Data Alignment enabled","21340","El Paso, TX","48","Texas","141","El Paso","31.6675492","-106.287972"
"07/14/2025","AQS","481410057","5","7.8","ug/m3 LC","43","Socorro Hueco","1","100.0000","88101","PM2.5 - Local Conditions","638","Teledyne T640X at 16.67 LPM w/Network Data Alignment enabled","21340","El Paso, TX","48","Texas","141","El Paso","31.6675492","-106.287972"
"07/15/2025","AQS","481410057","5","9.3","ug/m3 LC","51","Socorro Hueco","1","100.0000","88101","PM2.5 - Local Conditions","638","Teledyne T640X at 16.67 LPM w/Network Data Alignment enabled","21340","El Paso, TX","48","Texas","141","El Paso","31.6675492","-106.287972"
"07/16/2025","AQS","481410057","5","9.4","ug/m3 LC","52","Socorro Hueco","1","100.0000","88101","PM2.5 - Local Conditions","638","Teledyne T640X at 16.67 LPM w/Network Data Alignment enabled","21340","El Paso, TX","48","Texas","141","El Paso","31.6675492","-106.287972"
"07/17/2025","AQS","481410057","5","6.7","ug/m3 LC","37","Socorro Hueco","1","100.0000","88101","PM2.5 - Local Conditions","638","Teledyne T640X at 16.67 LPM w/Network Data Alignment enabled","21340","El Paso, TX","48","Texas","141","El Paso","31.6675492","-106.287972"
"07/18/2025","AQS","481410057","5","6","ug/m3 LC","33","Socorro Hueco","1","100.0000","88101","PM2.5 - Local Conditions","638","Teledyne T640X at 16.67 LPM w/Network Data Alignment enabled","21340","El Paso, TX","48","Texas","141","El Paso","31.6675492","-106.287972"
"07/19/2025","AQS","481410057","5","7.2","ug/m3 LC","40","Socorro Hueco","1","100.0000","88101","PM2.5 - Local Conditions","638","Teledyne T640X at 16.67 LPM w/Network Data Alignment enabled","21340","El Paso, TX","48","Texas","141","El Paso","31.6675492","-106.287972"
"07/20/2025","AQS","481410057","5","11.3","ug/m3 LC","55","Socorro Hueco","1","100.0000","88101","PM2.5 - Local Conditions","638","Teledyne T640X at 16.67 LPM w/Network Data Alignment enabled","21340","El Paso, TX","48","Texas","141","El Paso","31.6675492","-106.287972"
"07/21/2025","AQS","481410057","5","11.1","ug/m3 LC","55","Socorro Hueco","1","100.0000","88101","PM2.5 - Local Conditions","638","Teledyne T640X at 16.67 LPM w/Network Data Alignment enabled","21340","El Paso, TX","48","Texas","141","El Paso","31.6675492","-106.287972"
"07/22/2025","AQS","481410057","5","6.2","ug/m3 LC","34","Socorro Hueco","1","100.0000","88101","PM2.5 - Local Conditions","638","Teledyne T640X at 16.67 LPM w/Network Data Alignment enabled","21340","El Paso, TX","48","Texas","141","El Paso","31.6675492","-106.287972"
"07/23/2025","AQS","481410057","5","4.6","ug/m3 LC","26","Socorro Hueco","1","100.0000","88101","PM2.5 - Local Conditions","638","Teledyne T640X at 16.67 LPM w/Network Data Alignment enabled","21340","El Paso, TX","48","Texas","141","El Paso","31.6675492","-106.287972"
"07/24/2025","AQS","481410057","5","5.9","ug/m3 LC","33","Socorro Hueco","1","100.0000","88101","PM2.5 - Local Conditions","638","Teledyne T640X at 16.67 LPM w/Network Data Alignment enabled","21340","El Paso, TX","48","Texas","141","El Paso","31.6675492","-106.287972"
"07/25/2025","AQS","481410057","5","4.7","ug/m3 LC","26","Socorro Hueco","1","100.0000","88101","PM2.5 - Local Conditions","638","Teledyne T640X at 16.67 LPM w/Network Data Alignment enabled","21340","El Paso, TX","48","Texas","141","El Paso","31.6675492","-106.287972"
"07/26/2025","AQS","481410057","5","3.8","ug/m3 LC","21","Socorro Hueco","1","100.0000","88101","PM2.5 - Local Conditions","638","Teledyne T640X at 16.67 LPM w/Network Data Alignment enabled","21340","El Paso, TX","48","Texas","141","El Paso","31.6675492","-106.287972"
"07/27/2025","AQS","481410057","5","4.7","ug/m3 LC","26","Socorro Hueco","1","100.0000","88101","PM2.5 - Local Conditions","638","Teledyne T640X at 16.67 LPM w/Network Data Alignment enabled","21340","El Paso, TX","48","Texas","141","El Paso","31.6675492","-106.287972"
"07/28/2025","AQS","481410057","5","4.3","ug/m3 LC","24","Socorro Hueco","1","100.0000","88101","PM2.5 - Local Conditions","638","Teledyne T640X at 16.67 LPM w/Network Data Alignment enabled","21340","El Paso, TX","48","Texas","141","El Paso","31.6675492","-106.287972"
"07/29/2025","AQS","481410057","5","3.2","ug/m3 LC","18","Socorro Hueco","1","100.0000","88101","PM2.5 - Local Conditions","638","Teledyne T640X at 16.67 LPM w/Network Data Alignment enabled","21340","El Paso, TX","48","Texas","141","El Paso","31.6675492","-106.287972"
"07/30/2025","AQS","481410057","5","4.6","ug/m3 LC","26","Socorro Hueco","1","100.0000","88101","PM2.5 - Local Conditions","638","Teledyne T640X at 16.67 LPM w/Network Data Alignment enabled","21340","El Paso, TX","48","Texas","141","El Paso","31.6675492","-106.287972"
"07/31/2025","AQS","481410057","5","3.9","ug/m3 LC","22","Socorro Hueco","1","100.0000","88101","PM2.5 - Local Conditions","638","Teledyne T640X at 16.67 LPM w/Network Data Alignment enabled","21340","El Paso, TX","48","Texas","141","El Paso","31.6675492","-106.287972"
"08/01/2025","AQS","481410057","5","4.4","ug/m3 LC","24","Socorro Hueco","1","100.0000","88101","PM2.5 - Local Conditions","638","Teledyne T640X at 16.67 LPM w/Network Data Alignment enabled","21340","El Paso, TX","48","Texas","141","El Paso","31.6675492","-106.287972"
"08/02/2025","AQS","481410057","5","7.2","ug/m3 LC","40","Socorro Hueco","1","100.0000","88101","PM2.5 - Local Conditions","638","Teledyne T640X at 16.67 LPM w/Network Data Alignment enabled","21340","El Paso, TX","48","Texas","141","El Paso","31.6675492","-106.287972"
"08/03/2025","AQS","481410057","5","5.4","ug/m3 LC","30","Socorro Hueco","1","100.0000","88101","PM2.5 - Local Conditions","638","Teledyne T640X at 16.67 LPM w/Network Data Alignment enabled","21340","El Paso, TX","48","Texas","141","El Paso","31.6675492","-106.287972"
"08/04/2025","AQS","481410057","5","7","ug/m3 LC","39","Socorro Hueco","1","100.0000","88101","PM2.5 - Local Conditions","638","Teledyne T640X at 16.67 LPM w/Network Data Alignment enabled","21340","El Paso, TX","48","Texas","141","El Paso","31.6675492","-106.287972"
"08/05/2025","AQS","481410057","5","7.9","ug/m3 LC","44","Socorro Hueco","1","100.0000","88101","PM2.5 - Local Conditions","638","Teledyne T640X at 16.67 LPM w/Network Data Alignment enabled","21340","El Paso, TX","48","Texas","141","El Paso","31.6675492","-106.287972"
"08/06/2025","AQS","481410057","5","6.5","ug/m3 LC","36","Socorro Hueco","1","100.0000","88101","PM2.5 - Local Conditions","638","Teledyne T640X at 16.67 LPM w/Network Data Alignment enabled","21340","El Paso, TX","48","Texas","141","El Paso","31.6675492","-106.287972"
"08/07/2025","AQS","481410057","5","8.4","ug/m3 LC","47","Socorro Hueco","1","100.0000","88101","PM2.5 - Local Conditions","638","Teledyne T640X at 16.67 LPM w/Network Data Alignment enabled","21340","El Paso, TX","48","Texas","141","El Paso","31.6675492","-106.287972"
"08/08/2025","AQS","481410057","5","11.8","ug/m3 LC","56","Socorro Hueco","1","100.0000","88101","PM2.5 - Local Conditions","638","Teledyne T640X at 16.67 LPM w/Network Data Alignment enabled","21340","El Paso, TX","48","Texas","141","El Paso","31.6675492","-106.287972"
"08/09/2025","AQS","481410057","5","9.9","ug/m3 LC","52","Socorro Hueco","1","100.0000","88101","PM2.5 - Local Conditions","638","Teledyne T640X at 16.67 LPM w/Network Data Alignment enabled","21340","El Paso, TX","48","Texas","141","El Paso","31.6675492","-106.287972"
"08/10/2025","AQS","481410057","5","10.2","ug/m3 LC","53","Socorro Hueco","1","100.0000","88101","PM2.5 - Local Conditions","638","Teledyne T640X at 16.67 LPM w/Network Data Alignment enabled","21340","El Paso, TX","48","Texas","141","El Paso","31.6675492","-106.287972"
"08/11/2025","AQS","481410057","5","8","ug/m3 LC","44","Socorro Hueco","1","100.0000","88101","PM2.5 - Local Conditions","638","Teledyne T640X at 16.67 LPM w/Network Data Alignment enabled","21340","El Paso, TX","48","Texas","141","El Paso","31.6675492","-106.287972"
"08/12/2025","AQS","481410057","5","6.5","ug/m3 LC","36","Socorro Hueco","1","100.0000","88101","PM2.5 - Local Conditions","638","Teledyne T640X at 16.67 LPM w/Network Data Alignment enabled","21340","El Paso, TX","48","Texas","141","El Paso","31.6675492","-106.287972"
"08/13/2025","AQS","481410057","5","7.1","ug/m3 LC","39","Socorro Hueco","1","100.0000","88101","PM2.5 - Local Conditions","638","Teledyne T640X at 16.67 LPM w/Network Data Alignment enabled","21340","El Paso, TX","48","Texas","141","El Paso","31.6675492","-106.287972"
"08/14/2025","AQS","481410057","5","7.8","ug/m3 LC","43","Socorro Hueco","1","100.0000","88101","PM2.5 - Local Conditions","638","Teledyne T640X at 16.67 LPM w/Network Data Alignment enabled","21340","El Paso, TX","48","Texas","141","El Paso","31.6675492","-106.287972"
"08/15/2025","AQS","481410057","5","5.4","ug/m3 LC","30","Socorro Hueco","1","100.0000","88101","PM2.5 - Local Conditions","638","Teledyne T640X at 16.67 LPM w/Network Data Alignment enabled","21340","El Paso, TX","48","Texas","141","El Paso","31.6675492","-106.287972"
"08/16/2025","AQS","481410057","5","5.7","ug/m3 LC","32","Socorro Hueco","1","100.0000","88101","PM2.5 - Local Conditions","638","Teledyne T640X at 16.67 LPM w/Network Data Alignment enabled","21340","El Paso, TX","48","Texas","141","El Paso","31.6675492","-106.287972"
"08/17/2025","AQS","481410057","5","5.2","ug/m3 LC","29","Socorro Hueco","1","100.0000","88101","PM2.5 - Local Conditions","638","Teledyne T640X at 16.67 LPM w/Network Data Alignment enabled","21340","El Paso, TX","48","Texas","141","El Paso","31.6675492","-106.287972"
"08/18/2025","AQS","481410057","5","4.5","ug/m3 LC","25","Socorro Hueco","1","100.0000","88101","PM2.5 - Local Conditions","638","Teledyne T640X at 16.67 LPM w/Network Data Alignment enabled","21340","El Paso, TX","48","Texas","141","El Paso","31.6675492","-106.287972"
"08/19/2025","AQS","481410057","5","5.9","ug/m3 LC","33","Socorro Hueco","1","100.0000","88101","PM2.5 - Local Conditions","638","Teledyne T640X at 16.67 LPM w/Network Data Alignment enabled","21340","El Paso, TX","48","Texas","141","El Paso","31.6675492","-106.287972"
"08/20/2025","AQS","481410057","5","4.9","ug/m3 LC","27","Socorro Hueco","1","100.0000","88101","PM2.5 - Local Conditions","638","Teledyne T640X at 16.67 LPM w/Network Data Alignment enabled","21340","El Paso, TX","48","Texas","141","El Paso","31.6675492","-106.287972"
"08/21/2025","AQS","481410057","5","5.7","ug/m3 LC","32","Socorro Hueco","1","100.0000","88101","PM2.5 - Local Conditions","638","Teledyne T640X at 16.67 LPM w/Network Data Alignment enabled","21340","El Paso, TX","48","Texas","141","El Paso","31.6675492","-106.287972"
"08/22/2025","AQS","481410057","5","7.1","ug/m3 LC","39","Socorro Hueco","1","100.0000","88101","PM2.5 - Local Conditions","638","Teledyne T640X at 16.67 LPM w/Network Data Alignment enabled","21340","El Paso, TX","48","Texas","141","El Paso","31.6675492","-106.287972"
"08/23/2025","AQS","481410057","5","7.2","ug/m3 LC","40","Socorro Hueco","1","100.0000","88101","PM2.5 - Local Conditions","638","Teledyne T640X at 16.67 LPM w/Network Data Alignment enabled","21340","El Paso, TX","48","Texas","141","El Paso","31.6675492","-106.287972"
"08/24/2025","AQS","481410057","5","8.1","ug/m3 LC","45","Socorro Hueco","1","100.0000","88101","PM2.5 - Local Conditions","638","Teledyne T640X at 16.67 LPM w/Network Data Alignment enabled","21340","El Paso, TX","48","Texas","141","El Paso","31.6675492","-106.287972"
"08/25/2025","AQS","481410057","5","7.6","ug/m3 LC","42","Socorro Hueco","1","100.0000","88101","PM2.5 - Local Conditions","638","Teledyne T640X at 16.67 LPM w/Network Data Alignment enabled","21340","El Paso, TX","48","Texas","141","El Paso","31.6675492","-106.287972"
"08/26/2025","AQS","481410057","5","8.6","ug/m3 LC","48","Socorro Hueco","1","100.0000","88101","PM2.5 - Local Conditions","638","Teledyne T640X at 16.67 LPM w/Network Data Alignment enabled","21340","El Paso, TX","48","Texas","141","El Paso","31.6675492","-106.287972"
"08/27/2025","AQS","481410057","5","6.1","ug/m3 LC","34","Socorro Hueco","1","100.0000","88101","PM2.5 - Local Conditions","638","Teledyne T640X at 16.67 LPM w/Network Data Alignment enabled","21340","El Paso, TX","48","Texas","141","El Paso","31.6675492","-106.287972"
"08/28/2025","AQS","481410057","5","4.8","ug/m3 LC","27","Socorro Hueco","1","100.0000","88101","PM2.5 - Local Conditions","638","Teledyne T640X at 16.67 LPM w/Network Data Alignment enabled","21340","El Paso, TX","48","Texas","141","El Paso","31.6675492","-106.287972"
"08/29/2025","AQS","481410057","5","5.8","ug/m3 LC","32","Socorro Hueco","1","100.0000","88101","PM2.5 - Local Conditions","638","Teledyne T640X at 16.67 LPM w/Network Data Alignment enabled","21340","El Paso, TX","48","Texas","141","El Paso","31.6675492","-106.287972"
"08/30/2025","AirNow","481410057","5","0","ug/m3 LC","0","Socorro Hueco","1","100.0000","88101","PM2.5 - Local Conditions","","","21340","El Paso, TX","48","Texas","141","El Paso","31.6675492","-106.287972"
"08/31/2025","AirNow","481410057","5","0","ug/m3 LC","0","Socorro Hueco","1","100.0000","88101","PM2.5 - Local Conditions","","","21340","El Paso, TX","48","Texas","141","El Paso","31.6675492","-106.287972"
"09/01/2025","AirNow","481410057","5","0","ug/m3 LC","0","Socorro Hueco","1","100.0000","88101","PM2.5 - Local Conditions","","","21340","El Paso, TX","48","Texas","141","El Paso","31.6675492","-106.287972"
"09/02/2025","AirNow","481410057","5","3.6","ug/m3 LC","20","Socorro Hueco","1","100.0000","88101","PM2.5 - Local Conditions","","","21340","El Paso, TX","48","Texas","141","El Paso","31.6675492","-106.287972"
"09/03/2025","AQS","481410057","5","7.2","ug/m3 LC","40","Socorro Hueco","1","100.0000","88101","PM2.5 - Local Conditions","638","Teledyne T640X at 16.67 LPM w/Network Data Alignment enabled","21340","El Paso, TX","48","Texas","141","El Paso","31.6675492","-106.287972"
"09/04/2025","AQS","481410057","5","8.1","ug/m3 LC","45","Socorro Hueco","1","100.0000","88101","PM2.5 - Local Conditions","638","Teledyne T640X at 16.67 LPM w/Network Data Alignment enabled","21340","El Paso, TX","48","Texas","141","El Paso","31.6675492","-106.287972"
"09/05/2025","AQS","481410057","5","3.3","ug/m3 LC","18","Socorro Hueco","1","100.0000","88101","PM2.5 - Local Conditions","638","Teledyne T640X at 16.67 LPM w/Network Data Alignment enabled","21340","El Paso, TX","48","Texas","141","El Paso","31.6675492","-106.287972"
"09/06/2025","AQS","481410057","5","2.8","ug/m3 LC","16","Socorro Hueco","1","100.0000","88101","PM2.5 - Local Conditions","638","Teledyne T640X at 16.67 LPM w/Network Data Alignment enabled","21340","El Paso, TX","48","Texas","141","El Paso","31.6675492","-106.287972"
"09/07/2025","AQS","481410057","5","3.7","ug/m3 LC","21","Socorro Hueco","1","100.0000","88101","PM2.5 - Local Conditions","638","Teledyne T640X at 16.67 LPM w/Network Data Alignment enabled","21340","El Paso, TX","48","Texas","141","El Paso","31.6675492","-106.287972"
"09/08/2025","AQS","481410057","5","4.6","ug/m3 LC","26","Socorro Hueco","1","100.0000","88101","PM2.5 - Local Conditions","638","Teledyne T640X at 16.67 LPM w/Network Data Alignment enabled","21340","El Paso, TX","48","Texas","141","El Paso","31.6675492","-106.287972"
"09/09/2025","AQS","481410057","5","4.8","ug/m3 LC","27","Socorro Hueco","1","100.0000","88101","PM2.5 - Local Conditions","638","Teledyne T640X at 16.67 LPM w/Network Data Alignment enabled","21340","El Paso, TX","48","Texas","141","El Paso","31.6675492","-106.287972"
"09/10/2025","AQS","481410057","5","4.1","ug/m3 LC","23","Socorro Hueco","1","100.0000","88101","PM2.5 - Local Conditions","638","Teledyne T640X at 16.67 LPM w/Network Data Alignment enabled","21340","El Paso, TX","48","Texas","141","El Paso","31.6675492","-106.287972"
"09/11/2025","AQS","481410057","5","4.8","ug/m3 LC","27","Socorro Hueco","1","100.0000","88101","PM2.5 - Local Conditions","638","Teledyne T640X at 16.67 LPM w/Network Data Alignment enabled","21340","El Paso, TX","48","Texas","141","El Paso","31.6675492","-106.287972"
"09/12/2025","AQS","481410057","5","5","ug/m3 LC","28","Socorro Hueco","1","100.0000","88101","PM2.5 - Local Conditions","638","Teledyne T640X at 16.67 LPM w/Network Data Alignment enabled","21340","El Paso, TX","48","Texas","141","El Paso","31.6675492","-106.287972"
"09/13/2025","AQS","481410057","5","3.8","ug/m3 LC","21","Socorro Hueco","1","100.0000","88101","PM2.5 - Local Conditions","638","Teledyne T640X at 16.67 LPM w/Network Data Alignment enabled","21340","El Paso, TX","48","Texas","141","El Paso","31.6675492","-106.287972"
"09/14/2025","AQS","481410057","5","3","ug/m3 LC","17","Socorro Hueco","1","100.0000","88101","PM2.5 - Local Conditions","638","Teledyne T640X at 16.67 LPM w/Network Data Alignment enabled","21340","El Paso, TX","48","Texas","141","El Paso","31.6675492","-106.287972"
"09/15/2025","AQS","481410057","5","3.5","ug/m3 LC","19","Socorro Hueco","1","100.0000","88101","PM2.5 - Local Conditions","638","Teledyne T640X at 16.67 LPM w/Network Data Alignment enabled","21340","El Paso, TX","48","Texas","141","El Paso","31.6675492","-106.287972"
"09/16/2025","AQS","481410057","5","9.2","ug/m3 LC","51","Socorro Hueco","1","100.0000","88101","PM2.5 - Local Conditions","638","Teledyne T640X at 16.67 LPM w/Network Data Alignment enabled","21340","El Paso, TX","48","Texas","141","El Paso","31.6675492","-106.287972"
"09/17/2025","AQS","481410057","5","4.9","ug/m3 LC","27","Socorro Hueco","1","100.0000","88101","PM2.5 - Local Conditions","638","Teledyne T640X at 16.67 LPM w/Network Data Alignment enabled","21340","El Paso, TX","48","Texas","141","El Paso","31.6675492","-106.287972"
"09/18/2025","AQS","481410057","5","5","ug/m3 LC","28","Socorro Hueco","1","100.0000","88101","PM2.5 - Local Conditions","638","Teledyne T640X at 16.67 LPM w/Network Data Alignment enabled","21340","El Paso, TX","48","Texas","141","El Paso","31.6675492","-106.287972"
"09/19/2025","AQS","481410057","5","4.5","ug/m3 LC","25","Socorro Hueco","1","100.0000","88101","PM2.5 - Local Conditions","638","Teledyne T640X at 16.67 LPM w/Network Data Alignment enabled","21340","El Paso, TX","48","Texas","141","El Paso","31.6675492","-106.287972"
"09/20/2025","AQS","481410057","5","4.7","ug/m3 LC","26","Socorro Hueco","1","100.0000","88101","PM2.5 - Local Conditions","638","Teledyne T640X at 16.67 LPM w/Network Data Alignment enabled","21340","El Paso, TX","48","Texas","141","El Paso","31.6675492","-106.287972"
"09/21/2025","AQS","481410057","5","5.8","ug/m3 LC","32","Socorro Hueco","1","100.0000","88101","PM2.5 - Local Conditions","638","Teledyne T640X at 16.67 LPM w/Network Data Alignment enabled","21340","El Paso, TX","48","Texas","141","El Paso","31.6675492","-106.287972"
"09/22/2025","AQS","481410057","5","6.2","ug/m3 LC","34","Socorro Hueco","1","100.0000","88101","PM2.5 - Local Conditions","638","Teledyne T640X at 16.67 LPM w/Network Data Alignment enabled","21340","El Paso, TX","48","Texas","141","El Paso","31.6675492","-106.287972"
"09/23/2025","AQS","481410057","5","4.8","ug/m3 LC","27","Socorro Hueco","1","100.0000","88101","PM2.5 - Local Conditions","638","Teledyne T640X at 16.67 LPM w/Network Data Alignment enabled","21340","El Paso, TX","48","Texas","141","El Paso","31.6675492","-106.287972"
"09/24/2025","AQS","481410057","5","3.3","ug/m3 LC","18","Socorro Hueco","1","100.0000","88101","PM2.5 - Local Conditions","638","Teledyne T640X at 16.67 LPM w/Network Data Alignment enabled","21340","El Paso, TX","48","Texas","141","El Paso","31.6675492","-106.287972"
"09/25/2025","AQS","481410057","5","5.8","ug/m3 LC","32","Socorro Hueco","1","100.0000","88101","PM2.5 - Local Conditions","638","Teledyne T640X at 16.67 LPM w/Network Data Alignment enabled","21340","El Paso, TX","48","Texas","141","El Paso","31.6675492","-106.287972"
"09/26/2025","AQS","481410057","5","4.7","ug/m3 LC","26","Socorro Hueco","1","100.0000","88101","PM2.5 - Local Conditions","638","Teledyne T640X at 16.67 LPM w/Network Data Alignment enabled","21340","El Paso, TX","48","Texas","141","El Paso","31.6675492","-106.287972"
"09/27/2025","AQS","481410057","5","2.8","ug/m3 LC","16","Socorro Hueco","1","100.0000","88101","PM2.5 - Local Conditions","638","Teledyne T640X at 16.67 LPM w/Network Data Alignment enabled","21340","El Paso, TX","48","Texas","141","El Paso","31.6675492","-106.287972"
"09/28/2025","AQS","481410057","5","4.2","ug/m3 LC","23","Socorro Hueco","1","100.0000","88101","PM2.5 - Local Conditions","638","Teledyne T640X at 16.67 LPM w/Network Data Alignment enabled","21340","El Paso, TX","48","Texas","141","El Paso","31.6675492","-106.287972"
"09/29/2025","AQS","481410057","5","3","ug/m3 LC","17","Socorro Hueco","1","100.0000","88101","PM2.5 - Local Conditions","638","Teledyne T640X at 16.67 LPM w/Network Data Alignment enabled","21340","El Paso, TX","48","Texas","141","El Paso","31.6675492","-106.287972"
"09/30/2025","AQS","481410057","5","5.7","ug/m3 LC","32","Socorro Hueco","1","100.0000","88101","PM2.5 - Local Conditions","638","Teledyne T640X at 16.67 LPM w/Network Data Alignment enabled","21340","El Paso, TX","48","Texas","141","El Paso","31.6675492","-106.287972"
"10/01/2025","AQS","481410057","5","6.1","ug/m3 LC","34","Socorro Hueco","1","100.0000","88101","PM2.5 - Local Conditions","638","Teledyne T640X at 16.67 LPM w/Network Data Alignment enabled","21340","El Paso, TX","48","Texas","141","El Paso","31.6675492","-106.287972"
"10/02/2025","AQS","481410057","5","5.7","ug/m3 LC","32","Socorro Hueco","1","100.0000","88101","PM2.5 - Local Conditions","638","Teledyne T640X at 16.67 LPM w/Network Data Alignment enabled","21340","El Paso, TX","48","Texas","141","El Paso","31.6675492","-106.287972"
"10/03/2025","AQS","481410057","5","5.7","ug/m3 LC","32","Socorro Hueco","1","100.0000","88101","PM2.5 - Local Conditions","638","Teledyne T640X at 16.67 LPM w/Network Data Alignment enabled","21340","El Paso, TX","48","Texas","141","El Paso","31.6675492","-106.287972"
"10/04/2025","AQS","481410057","5","7.7","ug/m3 LC","43","Socorro Hueco","1","100.0000","88101","PM2.5 - Local Conditions","638","Teledyne T640X at 16.67 LPM w/Network Data Alignment enabled","21340","El Paso, TX","48","Texas","141","El Paso","31.6675492","-106.287972"
"10/05/2025","AQS","481410057","5","6.4","ug/m3 LC","36","Socorro Hueco","1","100.0000","88101","PM2.5 - Local Conditions","638","Teledyne T640X at 16.67 LPM w/Network Data Alignment enabled","21340","El Paso, TX","48","Texas","141","El Paso","31.6675492","-106.287972"
"10/06/2025","AQS","481410057","5","12.8","ug/m3 LC","58","Socorro Hueco","1","100.0000","88101","PM2.5 - Local Conditions","638","Teledyne T640X at 16.67 LPM w/Network Data Alignment enabled","21340","El Paso, TX","48","Texas","141","El Paso","31.6675492","-106.287972"
"10/07/2025","AQS","481410057","5","7.2","ug/m3 LC","40","Socorro Hueco","1","100.0000","88101","PM2.5 - Local Conditions","638","Teledyne T640X at 16.67 LPM w/Network Data Alignment enabled","21340","El Paso, TX","48","Texas","141","El Paso","31.6675492","-106.287972"
"10/08/2025","AQS","481410057","5","5.7","ug/m3 LC","32","Socorro Hueco","1","100.0000","88101","PM2.5 - Local Conditions","638","Teledyne T640X at 16.67 LPM w/Network Data Alignment enabled","21340","El Paso, TX","48","Texas","141","El Paso","31.6675492","-106.287972"
"10/09/2025","AQS","481410057","5","5","ug/m3 LC","28","Socorro Hueco","1","100.0000","88101","PM2.5 - Local Conditions","638","Teledyne T640X at 16.67 LPM w/Network Data Alignment enabled","21340","El Paso, TX","48","Texas","141","El Paso","31.6675492","-106.287972"
"10/10/2025","AQS","481410057","5","6.3","ug/m3 LC","35","Socorro Hueco","1","100.0000","88101","PM2.5 - Local Conditions","638","Teledyne T640X at 16.67 LPM w/Network Data Alignment enabled","21340","El Paso, TX","48","Texas","141","El Paso","31.6675492","-106.287972"
"10/11/2025","AQS","481410057","5","5.2","ug/m3 LC","29","Socorro Hueco","1","100.0000","88101","PM2.5 - Local Conditions","638","Teledyne T640X at 16.67 LPM w/Network Data Alignment enabled","21340","El Paso, TX","48","Texas","141","El Paso","31.6675492","-106.287972"
"10/12/2025","AQS","481410057","5","2.5","ug/m3 LC","14","Socorro Hueco","1","100.0000","88101","PM2.5 - Local Conditions","638","Teledyne T640X at 16.67 LPM w/Network Data Alignment enabled","21340","El Paso, TX","48","Texas","141","El Paso","31.6675492","-106.287972"
"10/13/2025","AQS","481410057","5","2","ug/m3 LC","11","Socorro Hueco","1","100.0000","88101","PM2.5 - Local Conditions","638","Teledyne T640X at 16.67 LPM w/Network Data Alignment enabled","21340","El Paso, TX","48","Texas","141","El Paso","31.6675492","-106.287972"
"10/14/2025","AQS","481410057","5","5.1","ug/m3 LC","28","Socorro Hueco","1","100.0000","88101","PM2.5 - Local Conditions","638","Teledyne T640X at 16.67 LPM w/Network Data Alignment enabled","21340","El Paso, TX","48","Texas","141","El Paso","31.6675492","-106.287972"
"10/15/2025","AQS","481410057","5","4.5","ug/m3 LC","25","Socorro Hueco","1","100.0000","88101","PM2.5 - Local Conditions","638","Teledyne T640X at 16.67 LPM w/Network Data Alignment enabled","21340","El Paso, TX","48","Texas","141","El Paso","31.6675492","-106.287972"
"10/16/2025","AQS","481410057","5","8.2","ug/m3 LC","46","Socorro Hueco","1","100.0000","88101","PM2.5 - Local Conditions","638","Teledyne T640X at 16.67 LPM w/Network Data Alignment enabled","21340","El Paso, TX","48","Texas","141","El Paso","31.6675492","-106.287972"
"10/17/2025","AQS","481410057","5","7.4","ug/m3 LC","41","Socorro Hueco","1","100.0000","88101","PM2.5 - Local Conditions","638","Teledyne T640X at 16.67 LPM w/Network Data Alignment enabled","21340","El Paso, TX","48","Texas","141","El Paso","31.6675492","-106.287972"
"10/18/2025","AQS","481410057","5","4.9","ug/m3 LC","27","Socorro Hueco","1","100.0000","88101","PM2.5 - Local Conditions","638","Teledyne T640X at 16.67 LPM w/Network Data Alignment enabled","21340","El Paso, TX","48","Texas","141","El Paso","31.6675492","-106.287972"
"10/19/2025","AQS","481410057","5","7.5","ug/m3 LC","42","Socorro Hueco","1","100.0000","88101","PM2.5 - Local Conditions","638","Teledyne T640X at 16.67 LPM w/Network Data Alignment enabled","21340","El Paso, TX","48","Texas","141","El Paso","31.6675492","-106.287972"
"10/20/2025","AQS","481410057","5","8","ug/m3 LC","44","Socorro Hueco","1","100.0000","88101","PM2.5 - Local Conditions","638","Teledyne T640X at 16.67 LPM w/Network Data Alignment enabled","21340","El Paso, TX","48","Texas","141","El Paso","31.6675492","-106.287972"
"10/21/2025","AQS","481410057","5","5.6","ug/m3 LC","31","Socorro Hueco","1","100.0000","88101","PM2.5 - Local Conditions","638","Teledyne T640X at 16.67 LPM w/Network Data Alignment enabled","21340","El Paso, TX","48","Texas","141","El Paso","31.6675492","-106.287972"
"10/22/2025","AQS","481410057","5","7.7","ug/m3 LC","43","Socorro Hueco","1","100.0000","88101","PM2.5 - Local Conditions","638","Teledyne T640X at 16.67 LPM w/Network Data Alignment enabled","21340","El Paso, TX","48","Texas","141","El Paso","31.6675492","-106.287972"
"10/23/2025","AQS","481410057","5","8.6","ug/m3 LC","48","Socorro Hueco","1","100.0000","88101","PM2.5 - Local Conditions","638","Teledyne T640X at 16.67 LPM w/Network Data Alignment enabled","21340","El Paso, TX","48","Texas","141","El Paso","31.6675492","-106.287972"
"10/24/2025","AQS","481410057","5","6.7","ug/m3 LC","37","Socorro Hueco","1","100.0000","88101","PM2.5 - Local Conditions","638","Teledyne T640X at 16.67 LPM w/Network Data Alignment enabled","21340","El Paso, TX","48","Texas","141","El Paso","31.6675492","-106.287972"
"10/25/2025","AQS","481410057","5","6.8","ug/m3 LC","38","Socorro Hueco","1","100.0000","88101","PM2.5 - Local Conditions","638","Teledyne T640X at 16.67 LPM w/Network Data Alignment enabled","21340","El Paso, TX","48","Texas","141","El Paso","31.6675492","-106.287972"
"10/26/2025","AQS","481410057","5","8.3","ug/m3 LC","46","Socorro Hueco","1","100.0000","88101","PM2.5 - Local Conditions","638","Teledyne T640X at 16.67 LPM w/Network Data Alignment enabled","21340","El Paso, TX","48","Texas","141","El Paso","31.6675492","-106.287972"
"10/27/2025","AQS","481410057","5","6.1","ug/m3 LC","34","Socorro Hueco","1","100.0000","88101","PM2.5 - Local Conditions","638","Teledyne T640X at 16.67 LPM w/Network Data Alignment enabled","21340","El Paso, TX","48","Texas","141","El Paso","31.6675492","-106.287972"
"10/28/2025","AQS","481410057","5","5.6","ug/m3 LC","31","Socorro Hueco","1","100.0000","88101","PM2.5 - Local Conditions","638","Teledyne T640X at 16.67 LPM w/Network Data Alignment enabled","21340","El Paso, TX","48","Texas","141","El Paso","31.6675492","-106.287972"
"10/29/2025","AQS","481410057","5","6.6","ug/m3 LC","37","Socorro Hueco","1","100.0000","88101","PM2.5 - Local Conditions","638","Teledyne T640X at 16.67 LPM w/Network Data Alignment enabled","21340","El Paso, TX","48","Texas","141","El Paso","31.6675492","-106.287972"
"10/30/2025","AQS","481410057","5","9.5","ug/m3 LC","52","Socorro Hueco","1","100.0000","88101","PM2.5 - Local Conditions","638","Teledyne T640X at 16.67 LPM w/Network Data Alignment enabled","21340","El Paso, TX","48","Texas","141","El Paso","31.6675492","-106.287972"
"10/31/2025","AQS","481410057","5","8.7","ug/m3 LC","48","Socorro Hueco","1","100.0000","88101","PM2.5 - Local Conditions","638","Teledyne T640X at 16.67 LPM w/Network Data Alignment enabled","21340","El Paso, TX","48","Texas","141","El Paso","31.6675492","-106.287972"
"11/01/2025","AQS","481410057","5","4.9","ug/m3 LC","27","Socorro Hueco","1","100.0000","88101","PM2.5 - Local Conditions","638","Teledyne T640X at 16.67 LPM w/Network Data Alignment enabled","21340","El Paso, TX","48","Texas","141","El Paso","31.6675492","-106.287972"
"11/02/2025","AQS","481410057","5","9.6","ug/m3 LC","52","Socorro Hueco","1","100.0000","88101","PM2.5 - Local Conditions","638","Teledyne T640X at 16.67 LPM w/Network Data Alignment enabled","21340","El Paso, TX","48","Texas","141","El Paso","31.6675492","-106.287972"
"11/03/2025","AQS","481410057","5","8.5","ug/m3 LC","47","Socorro Hueco","1","100.0000","88101","PM2.5 - Local Conditions","638","Teledyne T640X at 16.67 LPM w/Network Data Alignment enabled","21340","El Paso, TX","48","Texas","141","El Paso","31.6675492","-106.287972"
"11/04/2025","AQS","481410057","5","13.1","ug/m3 LC","58","Socorro Hueco","1","100.0000","88101","PM2.5 - Local Conditions","638","Teledyne T640X at 16.67 LPM w/Network Data Alignment enabled","21340","El Paso, TX","48","Texas","141","El Paso","31.6675492","-106.287972"
"11/05/2025","AQS","481410057","5","13.5","ug/m3 LC","59","Socorro Hueco","1","100.0000","88101","PM2.5 - Local Conditions","638","Teledyne T640X at 16.67 LPM w/Network Data Alignment enabled","21340","El Paso, TX","48","Texas","141","El Paso","31.6675492","-106.287972"
"11/06/2025","AQS","481410057","5","11.9","ug/m3 LC","56","Socorro Hueco","1","100.0000","88101","PM2.5 - Local Conditions","638","Teledyne T640X at 16.67 LPM w/Network Data Alignment enabled","21340","El Paso, TX","48","Texas","141","El Paso","31.6675492","-106.287972"
"11/07/2025","AQS","481410057","5","16.6","ug/m3 LC","65","Socorro Hueco","1","100.0000","88101","PM2.5 - Local Conditions","638","Teledyne T640X at 16.67 LPM w/Network Data Alignment enabled","21340","El Paso, TX","48","Texas","141","El Paso","31.6675492","-106.287972"
"11/08/2025","AQS","481410057","5","11.4","ug/m3 LC","55","Socorro Hueco","1","100.0000","88101","PM2.5 - Local Conditions","638","Teledyne T640X at 16.67 LPM w/Network Data Alignment enabled","21340","El Paso, TX","48","Texas","141","El Paso","31.6675492","-106.287972"
"11/09/2025","AQS","481410057","5","13.5","ug/m3 LC","59","Socorro Hueco","1","100.0000","88101","PM2.5 - Local Conditions","638","Teledyne T640X at 16.67 LPM w/Network Data Alignment enabled","21340","El Paso, TX","48","Texas","141","El Paso","31.6675492","-106.287972"
"11/10/2025","AQS","481410057","5","9.3","ug/m3 LC","51","Socorro Hueco","1","100.0000","88101","PM2.5 - Local Conditions","638","Teledyne T640X at 16.67 LPM w/Network Data Alignment enabled","21340","El Paso, TX","48","Texas","141","El Paso","31.6675492","-106.287972"
"11/11/2025","AQS","481410057","5","18.2","ug/m3 LC","68","Socorro Hueco","1","100.0000","88101","PM2.5 - Local Conditions","638","Teledyne T640X at 16.67 LPM w/Network Data Alignment enabled","21340","El Paso, TX","48","Texas","141","El Paso","31.6675492","-106.287972"
"11/12/2025","AQS","481410057","5","18.8","ug/m3 LC","69","Socorro Hueco","1","100.0000","88101","PM2.5 - Local Conditions","638","Teledyne T640X at 16.67 LPM w/Network Data Alignment enabled","21340","El Paso, TX","48","Texas","141","El Paso","31.6675492","-106.287972"
"11/13/2025","AQS","481410057","5","16.5","ug/m3 LC","65","Socorro Hueco","1","100.0000","88101","PM2.5 - Local Conditions","638","Teledyne T640X at 16.67 LPM w/Network Data Alignment enabled","21340","El Paso, TX","48","Texas","141","El Paso","31.6675492","-106.287972"
"11/14/2025","AQS","481410057","5","17.9","ug/m3 LC","67","Socorro Hueco","1","100.0000","88101","PM2.5 - Local Conditions","638","Teledyne T640X at 16.67 LPM w/Network Data Alignment enabled","21340","El Paso, TX","48","Texas","141","El Paso","31.6675492","-106.287972"
"11/15/2025","AQS","481410057","5","27.9","ug/m3 LC","86","Socorro Hueco","1","100.0000","88101","PM2.5 - Local Conditions","638","Teledyne T640X at 16.67 LPM w/Network Data Alignment enabled","21340","El Paso, TX","48","Texas","141","El Paso","31.6675492","-106.287972"
"11/16/2025","AQS","481410057","5","12.4","ug/m3 LC","57","Socorro Hueco","1","100.0000","88101","PM2.5 - Local Conditions","638","Teledyne T640X at 16.67 LPM w/Network Data Alignment enabled","21340","El Paso, TX","48","Texas","141","El Paso","31.6675492","-106.287972"
"11/17/2025","AQS","481410057","5","8.1","ug/m3 LC","45","Socorro Hueco","1","100.0000","88101","PM2.5 - Local Conditions","638","Teledyne T640X at 16.67 LPM w/Network Data Alignment enabled","21340","El Paso, TX","48","Texas","141","El Paso","31.6675492","-106.287972"
"11/18/2025","AQS","481410057","5","8.2","ug/m3 LC","46","Socorro Hueco","1","100.0000","88101","PM2.5 - Local Conditions","638","Teledyne T640X at 16.67 LPM w/Network Data Alignment enabled","21340","El Paso, TX","48","Texas","141","El Paso","31.6675492","-106.287972"
"11/19/2025","AQS","481410057","5","4.7","ug/m3 LC","26","Socorro Hueco","1","100.0000","88101","PM2.5 - Local Conditions","638","Teledyne T640X at 16.67 LPM w/Network Data Alignment enabled","21340","El Paso, TX","48","Texas","141","El Paso","31.6675492","-106.287972"
"11/20/2025","AQS","481410057","5","3.7","ug/m3 LC","21","Socorro Hueco","1","100.0000","88101","PM2.5 - Local Conditions","638","Teledyne T640X at 16.67 LPM w/Network Data Alignment enabled","21340","El Paso, TX","48","Texas","141","El Paso","31.6675492","-106.287972"
"11/21/2025","AQS","481410057","5","7.4","ug/m3 LC","41","Socorro Hueco","1","100.0000","88101","PM2.5 - Local Conditions","638","Teledyne T640X at 16.67 LPM w/Network Data Alignment enabled","21340","El Paso, TX","48","Texas","141","El Paso","31.6675492","-106.287972"
"11/22/2025","AQS","481410057","5","3.5","ug/m3 LC","19","Socorro Hueco","1","100.0000","88101","PM2.5 - Local Conditions","638","Teledyne T640X at 16.67 LPM w/Network Data Alignment enabled","21340","El Paso, TX","48","Texas","141","El Paso","31.6675492","-106.287972"
"11/23/2025","AQS","481410057","5","4.1","ug/m3 LC","23","Socorro Hueco","1","100.0000","88101","PM2.5 - Local Conditions","638","Teledyne T640X at 16.67 LPM w/Network Data Alignment enabled","21340","El Paso, TX","48","Texas","141","El Paso","31.6675492","-106.287972"
"11/24/2025","AQS","481410057","5","6.3","ug/m3 LC","35","Socorro Hueco","1","100.0000","88101","PM2.5 - Local Conditions","638","Teledyne T640X at 16.67 LPM w/Network Data Alignment enabled","21340","El Paso, TX","48","Texas","141","El Paso","31.6675492","-106.287972"
"11/25/2025","AQS","481410057","5","8.9","ug/m3 LC","49","Socorro Hueco","1","100.0000","88101","PM2.5 - Local Conditions","638","Teledyne T640X at 16.67 LPM w/Network Data Alignment enabled","21340","El Paso, TX","48","Texas","141","El Paso","31.6675492","-106.287972"
"11/26/2025","AQS","481410057","5","7","ug/m3 LC","39","Socorro Hueco","1","100.0000","88101","PM2.5 - Local Conditions","638","Teledyne T640X at 16.67 LPM w/Network Data Alignment enabled","21340","El Paso, TX","48","Texas","141","El Paso","31.6675492","-106.287972"
"11/27/2025","AQS","481410057","5","6.6","ug/m3 LC","37","Socorro Hueco","1","100.0000","88101","PM2.5 - Local Conditions","638","Teledyne T640X at 16.67 LPM w/Network Data Alignment enabled","21340","El Paso, TX","48","Texas","141","El Paso","31.6675492","-106.287972"
"11/28/2025","AQS","481410057","5","20.5","ug/m3 LC","72","Socorro Hueco","1","100.0000","88101","PM2.5 - Local Conditions","638","Teledyne T640X at 16.67 LPM w/Network Data Alignment enabled","21340","El Paso, TX","48","Texas","141","El Paso","31.6675492","-106.287972"
"11/29/2025","AQS","481410057","5","18.2","ug/m3 LC","68","Socorro Hueco","1","100.0000","88101","PM2.5 - Local Conditions","638","Teledyne T640X at 16.67 LPM w/Network Data Alignment enabled","21340","El Paso, TX","48","Texas","141","El Paso","31.6675492","-106.287972"
"11/30/2025","AQS","481410057","5","7.3","ug/m3 LC","41","Socorro Hueco","1","100.0000","88101","PM2.5 - Local Conditions","638","Teledyne T640X at 16.67 LPM w/Network Data Alignment enabled","21340","El Paso, TX","48","Texas","141","El Paso","31.6675492","-106.287972"
"12/01/2025","AQS","481410057","5","9.1","ug/m3 LC","51","Socorro Hueco","1","100.0000","88101","PM2.5 - Local Conditions","638","Teledyne T640X at 16.67 LPM w/Network Data Alignment enabled","21340","El Paso, TX","48","Texas","141","El Paso","31.6675492","-106.287972"
"12/02/2025","AQS","481410057","5","11","ug/m3 LC","55","Socorro Hueco","1","100.0000","88101","PM2.5 - Local Conditions","638","Teledyne T640X at 16.67 LPM w/Network Data Alignment enabled","21340","El Paso, TX","48","Texas","141","El Paso","31.6675492","-106.287972"
"12/03/2025","AQS","481410057","5","20.7","ug/m3 LC","73","Socorro Hueco","1","100.0000","88101","PM2.5 - Local Conditions","638","Teledyne T640X at 16.67 LPM w/Network Data Alignment enabled","21340","El Paso, TX","48","Texas","141","El Paso","31.6675492","-106.287972"
"12/04/2025","AQS","481410057","5","6.3","ug/m3 LC","35","Socorro Hueco","1","100.0000","88101","PM2.5 - Local Conditions","638","Teledyne T640X at 16.67 LPM w/Network Data Alignment enabled","21340","El Paso, TX","48","Texas","141","El Paso","31.6675492","-106.287972"
"12/05/2025","AQS","481410057","5","12.8","ug/m3 LC","58","Socorro Hueco","1","100.0000","88101","PM2.5 - Local Conditions","638","Teledyne T640X at 16.67 LPM w/Network Data Alignment enabled","21340","El Paso, TX","48","Texas","141","El Paso","31.6675492","-106.287972"
"12/06/2025","AQS","481410057","5","11","ug/m3 LC","55","Socorro Hueco","1","100.0000","88101","PM2.5 - Local Conditions","638","Teledyne T640X at 16.67 LPM w/Network Data Alignment enabled","21340","El Paso, TX","48","Texas","141","El Paso","31.6675492","-106.287972"
"12/07/2025","AQS","481410057","5","4.4","ug/m3 LC","24","Socorro Hueco","1","100.0000","88101","PM2.5 - Local Conditions","638","Teledyne T640X at 16.67 LPM w/Network Data Alignment enabled","21340","El Paso, TX","48","Texas","141","El Paso","31.6675492","-106.287972"
"12/08/2025","AQS","481410057","5","14.7","ug/m3 LC","61","Socorro Hueco","1","100.0000","88101","PM2.5 - Local Conditions","638","Teledyne T640X at 16.67 LPM w/Network Data Alignment enabled","21340","El Paso, TX","48","Texas","141","El Paso","31.6675492","-106.287972"
"12/09/2025","AQS","481410057","5","20.9","ug/m3 LC","73","Socorro Hueco","1","100.0000","88101","PM2.5 - Local Conditions","638","Teledyne T640X at 16.67 LPM w/Network Data Alignment enabled","21340","El Paso, TX","48","Texas","141","El Paso","31.6675492","-106.287972"
"12/10/2025","AQS","481410057","5","14.6","ug/m3 LC","61","Socorro Hueco","1","100.0000","88101","PM2.5 - Local Conditions","638","Teledyne T640X at 16.67 LPM w/Network Data Alignment enabled","21340","El Paso, TX","48","Texas","141","El Paso","31.6675492","-106.287972"
"12/11/2025","AQS","481410057","5","17.5","ug/m3 LC","67","Socorro Hueco","1","100.0000","88101","PM2.5 - Local Conditions","638","Teledyne T640X at 16.67 LPM w/Network Data Alignment enabled","21340","El Paso, TX","48","Texas","141","El Paso","31.6675492","-106.287972"
"12/12/2025","AQS","481410057","5","15.4","ug/m3 LC","63","Socorro Hueco","1","100.0000","88101","PM2.5 - Local Conditions","638","Teledyne T640X at 16.67 LPM w/Network Data Alignment enabled","21340","El Paso, TX","48","Texas","141","El Paso","31.6675492","-106.287972"
"12/13/2025","AQS","481410057","5","19.7","ug/m3 LC","71","Socorro Hueco","1","100.0000","88101","PM2.5 - Local Conditions","638","Teledyne T640X at 16.67 LPM w/Network Data Alignment enabled","21340","El Paso, TX","48","Texas","141","El Paso","31.6675492","-106.287972"
"12/14/2025","AQS","481410057","5","16.5","ug/m3 LC","65","Socorro Hueco","1","100.0000","88101","PM2.5 - Local Conditions","638","Teledyne T640X at 16.67 LPM w/Network Data Alignment enabled","21340","El Paso, TX","48","Texas","141","El Paso","31.6675492","-106.287972"
"12/15/2025","AQS","481410057","5","21.3","ug/m3 LC","74","Socorro Hueco","1","100.0000","88101","PM2.5 - Local Conditions","638","Teledyne T640X at 16.67 LPM w/Network Data Alignment enabled","21340","El Paso, TX","48","Texas","141","El Paso","31.6675492","-106.287972"
"12/16/2025","AQS","481410057","5","17.2","ug/m3 LC","66","Socorro Hueco","1","100.0000","88101","PM2.5 - Local Conditions","638","Teledyne T640X at 16.67 LPM w/Network Data Alignment enabled","21340","El Paso, TX","48","Texas","141","El Paso","31.6675492","-106.287972"
"12/17/2025","AQS","481410057","5","17.6","ug/m3 LC","67","Socorro Hueco","1","100.0000","88101","PM2.5 - Local Conditions","638","Teledyne T640X at 16.67 LPM w/Network Data Alignment enabled","21340","El Paso, TX","48","Texas","141","El Paso","31.6675492","-106.287972"
"12/18/2025","AQS","481410057","5","11.5","ug/m3 LC","55","Socorro Hueco","1","100.0000","88101","PM2.5 - Local Conditions","638","Teledyne T640X at 16.67 LPM w/Network Data Alignment enabled","21340","El Paso, TX","48","Texas","141","El Paso","31.6675492","-106.287972"
"12/19/2025","AQS","481410057","5","15.8","ug/m3 LC","63","Socorro Hueco","1","100.0000","88101","PM2.5 - Local Conditions","638","Teledyne T640X at 16.67 LPM w/Network Data Alignment enabled","21340","El Paso, TX","48","Texas","141","El Paso","31.6675492","-106.287972"
"12/20/2025","AQS","481410057","5","9.2","ug/m3 LC","51","Socorro Hueco","1","100.0000","88101","PM2.5 - Local Conditions","638","Teledyne T640X at 16.67 LPM w/Network Data Alignment enabled","21340","El Paso, TX","48","Texas","141","El Paso","31.6675492","-106.287972"
"12/21/2025","AQS","481410057","5","11.1","ug/m3 LC","55","Socorro Hueco","1","100.0000","88101","PM2.5 - Local Conditions","638","Teledyne T640X at 16.67 LPM w/Network Data Alignment enabled","21340","El Paso, TX","48","Texas","141","El Paso","31.6675492","-106.287972"
"12/22/2025","AQS","481410057","5","19.7","ug/m3 LC","71","Socorro Hueco","1","100.0000","88101","PM2.5 - Local Conditions","638","Teledyne T640X at 16.67 LPM w/Network Data Alignment enabled","21340","El Paso, TX","48","Texas","141","El Paso","31.6675492","-106.287972"
"12/23/2025","AQS","481410057","5","20.6","ug/m3 LC","72","Socorro Hueco","1","100.0000","88101","PM2.5 - Local Conditions","638","Teledyne T640X at 16.67 LPM w/Network Data Alignment enabled","21340","El Paso, TX","48","Texas","141","El Paso","31.6675492","-106.287972"
"12/24/2025","AQS","481410057","5","30","ug/m3 LC","90","Socorro Hueco","1","100.0000","88101","PM2.5 - Local Conditions","638","Teledyne T640X at 16.67 LPM w/Network Data Alignment enabled","21340","El Paso, TX","48","Texas","141","El Paso","31.6675492","-106.287972"
"12/25/2025","AQS","481410057","5","26.2","ug/m3 LC","83","Socorro Hueco","1","100.0000","88101","PM2.5 - Local Conditions","638","Teledyne T640X at 16.67 LPM w/Network Data Alignment enabled","21340","El Paso, TX","48","Texas","141","El Paso","31.6675492","-106.287972"
"12/26/2025","AQS","481410057","5","18.5","ug/m3 LC","69","Socorro Hueco","1","100.0000","88101","PM2.5 - Local Conditions","638","Teledyne T640X at 16.67 LPM w/Network Data Alignment enabled","21340","El Paso, TX","48","Texas","141","El Paso","31.6675492","-106.287972"
"12/27/2025","AQS","481410057","5","13","ug/m3 LC","58","Socorro Hueco","1","100.0000","88101","PM2.5 - Local Conditions","638","Teledyne T640X at 16.67 LPM w/Network Data Alignment enabled","21340","El Paso, TX","48","Texas","141","El Paso","31.6675492","-106.287972"
"12/28/2025","AQS","481410057","5","4.7","ug/m3 LC","26","Socorro Hueco","1","100.0000","88101","PM2.5 - Local Conditions","638","Teledyne T640X at 16.67 LPM w/Network Data Alignment enabled","21340","El Paso, TX","48","Texas","141","El Paso","31.6675492","-106.287972"
"12/29/2025","AQS","481410057","5","6.8","ug/m3 LC","38","Socorro Hueco","1","100.0000","88101","PM2.5 - Local Conditions","638","Teledyne T640X at 16.67 LPM w/Network Data Alignment enabled","21340","El Paso, TX","48","Texas","141","El Paso","31.6675492","-106.287972"
"12/30/2025","AQS","481410057","5","6.2","ug/m3 LC","34","Socorro Hueco","1","100.0000","88101","PM2.5 - Local Conditions","638","Teledyne T640X at 16.67 LPM w/Network Data Alignment enabled","21340","El Paso, TX","48","Texas","141","El Paso","31.6675492","-106.287972"
"12/31/2025","AQS","481410057","5","32.7","ug/m3 LC","95","Socorro Hueco","1","100.0000","88101","PM2.5 - Local Conditions","638","Teledyne T640X at 16.67 LPM w/Network Data Alignment enabled","21340","El Paso, TX","48","Texas","141","El Paso","31.6675492","-106.287972"
"01/01/2025","AQS","481410057","6","34.4","ug/m3 LC","98","Socorro Hueco","1","100.0000","88101","PM2.5 - Local Conditions","638","Teledyne T640X at 16.67 LPM w/Network Data Alignment enabled","21340","El Paso, TX","48","Texas","141","El Paso","31.6675492","-106.287972"
"01/02/2025","AQS","481410057","6","14.4","ug/m3 LC","61","Socorro Hueco","1","100.0000","88101","PM2.5 - Local Conditions","638","Teledyne T640X at 16.67 LPM w/Network Data Alignment enabled","21340","El Paso, TX","48","Texas","141","El Paso","31.6675492","-106.287972"
"01/03/2025","AQS","481410057","6","19.5","ug/m3 LC","70","Socorro Hueco","1","100.0000","88101","PM2.5 - Local Conditions","638","Teledyne T640X at 16.67 LPM w/Network Data Alignment enabled","21340","El Paso, TX","48","Texas","141","El Paso","31.6675492","-106.287972"
"01/04/2025","AQS","481410057","6","31.7","ug/m3 LC","93","Socorro Hueco","1","100.0000","88101","PM2.5 - Local Conditions","638","Teledyne T640X at 16.67 LPM w/Network Data Alignment enabled","21340","El Paso, TX","48","Texas","141","El Paso","31.6675492","-106.287972"
"01/05/2025","AQS","481410057","6","6.7","ug/m3 LC","37","Socorro Hueco","1","100.0000","88101","PM2.5 - Local Conditions","638","Teledyne T640X at 16.67 LPM w/Network Data Alignment enabled","21340","El Paso, TX","48","Texas","141","El Paso","31.6675492","-106.287972"
"01/06/2025","AQS","481410057","6","7.1","ug/m3 LC","39","Socorro Hueco","1","100.0000","88101","PM2.5 - Local Conditions","638","Teledyne T640X at 16.67 LPM w/Network Data Alignment enabled","21340","El Paso, TX","48","Texas","141","El Paso","31.6675492","-106.287972"
"01/07/2025","AQS","481410057","6","29.4","ug/m3 LC","89","Socorro Hueco","1","100.0000","88101","PM2.5 - Local Conditions","638","Teledyne T640X at 16.67 LPM w/Network Data Alignment enabled","21340","El Paso, TX","48","Texas","141","El Paso","31.6675492","-106.287972"
"01/08/2025","AQS","481410057","6","7.4","ug/m3 LC","41","Socorro Hueco","1","100.0000","88101","PM2.5 - Local Conditions","638","Teledyne T640X at 16.67 LPM w/Network Data Alignment enabled","21340","El Paso, TX","48","Texas","141","El Paso","31.6675492","-106.287972"
"01/09/2025","AQS","481410057","6","4.9","ug/m3 LC","27","Socorro Hueco","1","100.0000","88101","PM2.5 - Local Conditions","638","Teledyne T640X at 16.67 LPM w/Network Data Alignment enabled","21340","El Paso, TX","48","Texas","141","El Paso","31.6675492","-106.287972"
"01/10/2025","AQS","481410057","6","6.7","ug/m3 LC","37","Socorro Hueco","1","100.0000","88101","PM2.5 - Local Conditions","638","Teledyne T640X at 16.67 LPM w/Network Data Alignment enabled","21340","El Paso, TX","48","Texas","141","El Paso","31.6675492","-106.287972"
"01/11/2025","AQS","481410057","6","14","ug/m3 LC","60","Socorro Hueco","1","100.0000","88101","PM2.5 - Local Conditions","638","Teledyne T640X at 16.67 LPM w/Network Data Alignment enabled","21340","El Paso, TX","48","Texas","141","El Paso","31.6675492","-106.287972"
"01/12/2025","AQS","481410057","6","3.7","ug/m3 LC","21","Socorro Hueco","1","100.0000","88101","PM2.5 - Local Conditions","638","Teledyne T640X at 16.67 LPM w/Network Data Alignment enabled","21340","El Paso, TX","48","Texas","141","El Paso","31.6675492","-106.287972"
"01/13/2025","AQS","481410057","6","4.2","ug/m3 LC","23","Socorro Hueco","1","100.0000","88101","PM2.5 - Local Conditions","638","Teledyne T640X at 16.67 LPM w/Network Data Alignment enabled","21340","El Paso, TX","48","Texas","141","El Paso","31.6675492","-106.287972"
"01/14/2025","AQS","481410057","6","5.4","ug/m3 LC","30","Socorro Hueco","1","100.0000","88101","PM2.5 - Local Conditions","638","Teledyne T640X at 16.67 LPM w/Network Data Alignment enabled","21340","El Paso, TX","48","Texas","141","El Paso","31.6675492","-106.287972"
"01/15/2025","AQS","481410057","6","4.3","ug/m3 LC","24","Socorro Hueco","1","100.0000","88101","PM2.5 - Local Conditions","638","Teledyne T640X at 16.67 LPM w/Network Data Alignment enabled","21340","El Paso, TX","48","Texas","141","El Paso","31.6675492","-106.287972"
"01/16/2025","AQS","481410057","6","7.3","ug/m3 LC","41","Socorro Hueco","1","100.0000","88101","PM2.5 - Local Conditions","638","Teledyne T640X at 16.67 LPM w/Network Data Alignment enabled","21340","El Paso, TX","48","Texas","141","El Paso","31.6675492","-106.287972"
"01/17/2025","AQS","481410057","6","10.9","ug/m3 LC","54","Socorro Hueco","1","100.0000","88101","PM2.5 - Local Conditions","638","Teledyne T640X at 16.67 LPM w/Network Data Alignment enabled","21340","El Paso, TX","48","Texas","141","El Paso","31.6675492","-106.287972"
"01/18/2025","AQS","481410057","6","10.3","ug/m3 LC","53","Socorro Hueco","1","100.0000","88101","PM2.5 - Local Conditions","638","Teledyne T640X at 16.67 LPM w/Network Data Alignment enabled","21340","El Paso, TX","48","Texas","141","El Paso","31.6675492","-106.287972"
"01/19/2025","AQS","481410057","6","8.2","ug/m3 LC","46","Socorro Hueco","1","100.0000","88101","PM2.5 - Local Conditions","638","Teledyne T640X at 16.67 LPM w/Network Data Alignment enabled","21340","El Paso, TX","48","Texas","141","El Paso","31.6675492","-106.287972"
"01/20/2025","AQS","481410057","6","20.2","ug/m3 LC","72","Socorro Hueco","1","100.0000","88101","PM2.5 - Local Conditions","638","Teledyne T640X at 16.67 LPM w/Network Data Alignment enabled","21340","El Paso, TX","48","Texas","141","El Paso","31.6675492","-106.287972"
"01/21/2025","AQS","481410057","6","13.3","ug/m3 LC","59","Socorro Hueco","1","100.0000","88101","PM2.5 - Local Conditions","638","Teledyne T640X at 16.67 LPM w/Network Data Alignment enabled","21340","El Paso, TX","48","Texas","141","El Paso","31.6675492","-106.287972"
"01/22/2025","AQS","481410057","6","23.7","ug/m3 LC","78","Socorro Hueco","1","100.0000","88101","PM2.5 - Local Conditions","638","Teledyne T640X at 16.67 LPM w/Network Data Alignment enabled","21340","El Paso, TX","48","Texas","141","El Paso","31.6675492","-106.287972"
"01/23/2025","AQS","481410057","6","7.2","ug/m3 LC","40","Socorro Hueco","1","100.0000","88101","PM2.5 - Local Conditions","638","Teledyne T640X at 16.67 LPM w/Network Data Alignment enabled","21340","El Paso, TX","48","Texas","141","El Paso","31.6675492","-106.287972"
"01/24/2025","AQS","481410057","6","14.5","ug/m3 LC","61","Socorro Hueco","1","100.0000","88101","PM2.5 - Local Conditions","638","Teledyne T640X at 16.67 LPM w/Network Data Alignment enabled","21340","El Paso, TX","48","Texas","141","El Paso","31.6675492","-106.287972"
"01/25/2025","AQS","481410057","6","17.8","ug/m3 LC","67","Socorro Hueco","1","100.0000","88101","PM2.5 - Local Conditions","638","Teledyne T640X at 16.67 LPM w/Network Data Alignment enabled","21340","El Paso, TX","48","Texas","141","El Paso","31.6675492","-106.287972"
"01/26/2025","AQS","481410057","6","10.2","ug/m3 LC","53","Socorro Hueco","1","100.0000","88101","PM2.5 - Local Conditions","638","Teledyne T640X at 16.67 LPM w/Network Data Alignment enabled","21340","El Paso, TX","48","Texas","141","El Paso","31.6675492","-106.287972"
"01/27/2025","AQS","481410057","6","14.8","ug/m3 LC","62","Socorro Hueco","1","100.0000","88101","PM2.5 - Local Conditions","638","Teledyne T640X at 16.67 LPM w/Network Data Alignment enabled","21340","El Paso, TX","48","Texas","141","El Paso","31.6675492","-106.287972"
"01/28/2025","AQS","481410057","6","11","ug/m3 LC","55","Socorro Hueco","1","100.0000","88101","PM2.5 - Local Conditions","638","Teledyne T640X at 16.67 LPM w/Network Data Alignment enabled","21340","El Paso, TX","48","Texas","141","El Paso","31.6675492","-106.287972"
"01/29/2025","AQS","481410057","6","9.5","ug/m3 LC","52","Socorro Hueco","1","100.0000","88101","PM2.5 - Local Conditions","638","Teledyne T640X at 16.67 LPM w/Network Data Alignment enabled","21340","El Paso, TX","48","Texas","141","El Paso","31.6675492","-106.287972"
"01/30/2025","AQS","481410057","6","28.8","ug/m3 LC","88","Socorro Hueco","1","100.0000","88101","PM2.5 - Local Conditions","638","Teledyne T640X at 16.67 LPM w/Network Data Alignment enabled","21340","El Paso, TX","48","Texas","141","El Paso","31.6675492","-106.287972"
"01/31/2025","AQS","481410057","6","18.6","ug/m3 LC","69","Socorro Hueco","1","100.0000","88101","PM2.5 - Local Conditions","638","Teledyne T640X at 16.67 LPM w/Network Data Alignment enabled","21340","El Paso, TX","48","Texas","141","El Paso","31.6675492","-106.287972"
"02/01/2025","AQS","481410057","6","22.5","ug/m3 LC","76","Socorro Hueco","1","100.0000","88101","PM2.5 - Local Conditions","638","Teledyne T640X at 16.67 LPM w/Network Data Alignment enabled","21340","El Paso, TX","48","Texas","141","El Paso","31.6675492","-106.287972"
"02/02/2025","AQS","481410057","6","15.6","ug/m3 LC","63","Socorro Hueco","1","100.0000","88101","PM2.5 - Local Conditions","638","Teledyne T640X at 16.67 LPM w/Network Data Alignment enabled","21340","El Paso, TX","48","Texas","141","El Paso","31.6675492","-106.287972"
"02/03/2025","AQS","481410057","6","18","ug/m3 LC","68","Socorro Hueco","1","100.0000","88101","PM2.5 - Local Conditions","638","Teledyne T640X at 16.67 LPM w/Network Data Alignment enabled","21340","El Paso, TX","48","Texas","141","El Paso","31.6675492","-106.287972"
"02/04/2025","AQS","481410057","6","28.4","ug/m3 LC","87","Socorro Hueco","1","100.0000","88101","PM2.5 - Local Conditions","638","Teledyne T640X at 16.67 LPM w/Network Data Alignment enabled","21340","El Paso, TX","48","Texas","141","El Paso","31.6675492","-106.287972"
"02/05/2025","AQS","481410057","6","17.5","ug/m3 LC","67","Socorro Hueco","1","100.0000","88101","PM2.5 - Local Conditions","638","Teledyne T640X at 16.67 LPM w/Network Data Alignment enabled","21340","El Paso, TX","48","Texas","141","El Paso","31.6675492","-106.287972"
"02/06/2025","AQS","481410057","6","14.8","ug/m3 LC","62","Socorro Hueco","1","100.0000","88101","PM2.5 - Local Conditions","638","Teledyne T640X at 16.67 LPM w/Network Data Alignment enabled","21340","El Paso, TX","48","Texas","141","El Paso","31.6675492","-106.287972"
"02/07/2025","AQS","481410057","6","19.4","ug/m3 LC","70","Socorro Hueco","1","100.0000","88101","PM2.5 - Local Conditions","638","Teledyne T640X at 16.67 LPM w/Network Data Alignment enabled","21340","El Paso, TX","48","Texas","141","El Paso","31.6675492","-106.287972"
"02/08/2025","AQS","481410057","6","16.5","ug/m3 LC","65","Socorro Hueco","1","100.0000","88101","PM2.5 - Local Conditions","638","Teledyne T640X at 16.67 LPM w/Network Data Alignment enabled","21340","El Paso, TX","48","Texas","141","El Paso","31.6675492","-106.287972"
"02/09/2025","AQS","481410057","6","19.6","ug/m3 LC","71","Socorro Hueco","1","100.0000","88101","PM2.5 - Local Conditions","638","Teledyne T640X at 16.67 LPM w/Network Data Alignment enabled","21340","El Paso, TX","48","Texas","141","El Paso","31.6675492","-106.287972"
"02/10/2025","AQS","481410057","6","24.9","ug/m3 LC","80","Socorro Hueco","1","100.0000","88101","PM2.5 - Local Conditions","638","Teledyne T640X at 16.67 LPM w/Network Data Alignment enabled","21340","El Paso, TX","48","Texas","141","El Paso","31.6675492","-106.287972"
"02/11/2025","AQS","481410057","6","67","ug/m3 LC","159","Socorro Hueco","1","100.0000","88101","PM2.5 - Local Conditions","638","Teledyne T640X at 16.67 LPM w/Network Data Alignment enabled","21340","El Paso, TX","48","Texas","141","El Paso","31.6675492","-106.287972"
"02/12/2025","AQS","481410057","6","22.6","ug/m3 LC","76","Socorro Hueco","1","100.0000","88101","PM2.5 - Local Conditions","638","Teledyne T640X at 16.67 LPM w/Network Data Alignment enabled","21340","El Paso, TX","48","Texas","141","El Paso","31.6675492","-106.287972"
"02/13/2025","AQS","481410057","6","8.9","ug/m3 LC","49","Socorro Hueco","1","100.0000","88101","PM2.5 - Local Conditions","638","Teledyne T640X at 16.67 LPM w/Network Data Alignment enabled","21340","El Paso, TX","48","Texas","141","El Paso","31.6675492","-106.287972"
"02/14/2025","AQS","481410057","6","34.5","ug/m3 LC","98","Socorro Hueco","1","100.0000","88101","PM2.5 - Local Conditions","638","Teledyne T640X at 16.67 LPM w/Network Data Alignment enabled","21340","El Paso, TX","48","Texas","141","El Paso","31.6675492","-106.287972"
"02/15/2025","AQS","481410057","6","17.7","ug/m3 LC","67","Socorro Hueco","1","100.0000","88101","PM2.5 - Local Conditions","638","Teledyne T640X at 16.67 LPM w/Network Data Alignment enabled","21340","El Paso, TX","48","Texas","141","El Paso","31.6675492","-106.287972"
"02/16/2025","AQS","481410057","6","8","ug/m3 LC","44","Socorro Hueco","1","100.0000","88101","PM2.5 - Local Conditions","638","Teledyne T640X at 16.67 LPM w/Network Data Alignment enabled","21340","El Paso, TX","48","Texas","141","El Paso","31.6675492","-106.287972"
"02/17/2025","AQS","481410057","6","10.3","ug/m3 LC","53","Socorro Hueco","1","100.0000","88101","PM2.5 - Local Conditions","638","Teledyne T640X at 16.67 LPM w/Network Data Alignment enabled","21340","El Paso, TX","48","Texas","141","El Paso","31.6675492","-106.287972"
"02/18/2025","AQS","481410057","6","5.6","ug/m3 LC","31","Socorro Hueco","1","100.0000","88101","PM2.5 - Local Conditions","638","Teledyne T640X at 16.67 LPM w/Network Data Alignment enabled","21340","El Paso, TX","48","Texas","141","El Paso","31.6675492","-106.287972"
"02/19/2025","AQS","481410057","6","9.4","ug/m3 LC","52","Socorro Hueco","1","100.0000","88101","PM2.5 - Local Conditions","638","Teledyne T640X at 16.67 LPM w/Network Data Alignment enabled","21340","El Paso, TX","48","Texas","141","El Paso","31.6675492","-106.287972"
"02/20/2025","AQS","481410057","6","6.2","ug/m3 LC","34","Socorro Hueco","1","100.0000","88101","PM2.5 - Local Conditions","638","Teledyne T640X at 16.67 LPM w/Network Data Alignment enabled","21340","El Paso, TX","48","Texas","141","El Paso","31.6675492","-106.287972"
"02/21/2025","AQS","481410057","6","4.2","ug/m3 LC","23","Socorro Hueco","1","100.0000","88101","PM2.5 - Local Conditions","638","Teledyne T640X at 16.67 LPM w/Network Data Alignment enabled","21340","El Paso, TX","48","Texas","141","El Paso","31.6675492","-106.287972"
"02/22/2025","AQS","481410057","6","8.5","ug/m3 LC","47","Socorro Hueco","1","100.0000","88101","PM2.5 - Local Conditions","638","Teledyne T640X at 16.67 LPM w/Network Data Alignment enabled","21340","El Paso, TX","48","Texas","141","El Paso","31.6675492","-106.287972"
"02/23/2025","AQS","481410057","6","12.4","ug/m3 LC","57","Socorro Hueco","1","100.0000","88101","PM2.5 - Local Conditions","638","Teledyne T640X at 16.67 LPM w/Network Data Alignment enabled","21340","El Paso, TX","48","Texas","141","El Paso","31.6675492","-106.287972"
"02/24/2025","AQS","481410057","6","12.4","ug/m3 LC","57","Socorro Hueco","1","100.0000","88101","PM2.5 - Local Conditions","638","Teledyne T640X at 16.67 LPM w/Network Data Alignment enabled","21340","El Paso, TX","48","Texas","141","El Paso","31.6675492","-106.287972"
"02/25/2025","AQS","481410057","6","12.7","ug/m3 LC","58","Socorro Hueco","1","100.0000","88101","PM2.5 - Local Conditions","638","Teledyne T640X at 16.67 LPM w/Network Data Alignment enabled","21340","El Paso, TX","48","Texas","141","El Paso","31.6675492","-106.287972"
"02/26/2025","AQS","481410057","6","10","ug/m3 LC","53","Socorro Hueco","1","100.0000","88101","PM2.5 - Local Conditions","638","Teledyne T640X at 16.67 LPM w/Network Data Alignment enabled","21340","El Paso, TX","48","Texas","141","El Paso","31.6675492","-106.287972"
"02/27/2025","AQS","481410057","6","29.6","ug/m3 LC","89","Socorro Hueco","1","100.0000","88101","PM2.5 - Local Conditions","638","Teledyne T640X at 16.67 LPM w/Network Data Alignment enabled","21340","El Paso, TX","48","Texas","141","El Paso","31.6675492","-106.287972"
"02/28/2025","AQS","481410057","6","7.8","ug/m3 LC","43","Socorro Hueco","1","100.0000","88101","PM2.5 - Local Conditions","638","Teledyne T640X at 16.67 LPM w/Network Data Alignment enabled","21340","El Paso, TX","48","Texas","141","El Paso","31.6675492","-106.287972"
"03/01/2025","AQS","481410057","6","8","ug/m3 LC","44","Socorro Hueco","1","100.0000","88101","PM2.5 - Local Conditions","638","Teledyne T640X at 16.67 LPM w/Network Data Alignment enabled","21340","El Paso, TX","48","Texas","141","El Paso","31.6675492","-106.287972"
"03/02/2025","AQS","481410057","6","15.6","ug/m3 LC","63","Socorro Hueco","1","100.0000","88101","PM2.5 - Local Conditions","638","Teledyne T640X at 16.67 LPM w/Network Data Alignment enabled","21340","El Paso, TX","48","Texas","141","El Paso","31.6675492","-106.287972"
"03/03/2025","AQS","481410057","6","95.8","ug/m3 LC","179","Socorro Hueco","1","100.0000","88101","PM2.5 - Local Conditions","638","Teledyne T640X at 16.67 LPM w/Network Data Alignment enabled","21340","El Paso, TX","48","Texas","141","El Paso","31.6675492","-106.287972"
"03/04/2025","AQS","481410057","6","39.3","ug/m3 LC","110","Socorro Hueco","1","100.0000","88101","PM2.5 - Local Conditions","638","Teledyne T640X at 16.67 LPM w/Network Data Alignment enabled","21340","El Paso, TX","48","Texas","141","El Paso","31.6675492","-106.287972"
"03/05/2025","AQS","481410057","6","6.8","ug/m3 LC","38","Socorro Hueco","1","100.0000","88101","PM2.5 - Local Conditions","638","Teledyne T640X at 16.67 LPM w/Network Data Alignment enabled","21340","El Paso, TX","48","Texas","141","El Paso","31.6675492","-106.287972"
"03/06/2025","AQS","481410057","6","111.6","ug/m3 LC","190","Socorro Hueco","1","100.0000","88101","PM2.5 - Local Conditions","638","Teledyne T640X at 16.67 LPM w/Network Data Alignment enabled","21340","El Paso, TX","48","Texas","141","El Paso","31.6675492","-106.287972"
"03/07/2025","AQS","481410057","6","51.4","ug/m3 LC","140","Socorro Hueco","1","100.0000","88101","PM2.5 - Local Conditions","638","Teledyne T640X at 16.67 LPM w/Network Data Alignment enabled","21340","El Paso, TX","48","Texas","141","El Paso","31.6675492","-106.287972"
"03/08/2025","AQS","481410057","6","3.4","ug/m3 LC","19","Socorro Hueco","1","100.0000","88101","PM2.5 - Local Conditions","638","Teledyne T640X at 16.67 LPM w/Network Data Alignment enabled","21340","El Paso, TX","48","Texas","141","El Paso","31.6675492","-106.287972"
"03/09/2025","AQS","481410057","6","7.8","ug/m3 LC","43","Socorro Hueco","1","100.0000","88101","PM2.5 - Local Conditions","638","Teledyne T640X at 16.67 LPM w/Network Data Alignment enabled","21340","El Paso, TX","48","Texas","141","El Paso","31.6675492","-106.287972"
"03/10/2025","AQS","481410057","6","9.4","ug/m3 LC","52","Socorro Hueco","1","100.0000","88101","PM2.5 - Local Conditions","638","Teledyne T640X at 16.67 LPM w/Network Data Alignment enabled","21340","El Paso, TX","48","Texas","141","El Paso","31.6675492","-106.287972"
"03/11/2025","AQS","481410057","6","24.4","ug/m3 LC","80","Socorro Hueco","1","100.0000","88101","PM2.5 - Local Conditions","638","Teledyne T640X at 16.67 LPM w/Network Data Alignment enabled","21340","El Paso, TX","48","Texas","141","El Paso","31.6675492","-106.287972"
"03/12/2025","AQS","481410057","6","10.3","ug/m3 LC","53","Socorro Hueco","1","100.0000","88101","PM2.5 - Local Conditions","638","Teledyne T640X at 16.67 LPM w/Network Data Alignment enabled","21340","El Paso, TX","48","Texas","141","El Paso","31.6675492","-106.287972"
"03/13/2025","AQS","481410057","6","36.8","ug/m3 LC","104","Socorro Hueco","1","100.0000","88101","PM2.5 - Local Conditions","638","Teledyne T640X at 16.67 LPM w/Network Data Alignment enabled","21340","El Paso, TX","48","Texas","141","El Paso","31.6675492","-106.287972"
"03/14/2025","AQS","481410057","6","36.6","ug/m3 LC","104","Socorro Hueco","1","100.0000","88101","PM2.5 - Local Conditions","638","Teledyne T640X at 16.67 LPM w/Network Data Alignment enabled","21340","El Paso, TX","48","Texas","141","El Paso","31.6675492","-106.287972"
"03/15/2025","AQS","481410057","6","7.6","ug/m3 LC","42","Socorro Hueco","1","100.0000","88101","PM2.5 - Local Conditions","638","Teledyne T640X at 16.67 LPM w/Network Data Alignment enabled","21340","El Paso, TX","48","Texas","141","El Paso","31.6675492","-106.287972"
"03/16/2025","AQS","481410057","6","6","ug/m3 LC","33","Socorro Hueco","1","100.0000","88101","PM2.5 - Local Conditions","638","Teledyne T640X at 16.67 LPM w/Network Data Alignment enabled","21340","El Paso, TX","48","Texas","141","El Paso","31.6675492","-106.287972"
"03/17/2025","AQS","481410057","6","11.4","ug/m3 LC","55","Socorro Hueco","1","100.0000","88101","PM2.5 - Local Conditions","638","Teledyne T640X at 16.67 LPM w/Network Data Alignment enabled","21340","El Paso, TX","48","Texas","141","El Paso","31.6675492","-106.287972"
"03/18/2025","AQS","481410057","6","121.8","ug/m3 LC","197","Socorro Hueco","1","100.0000","88101","PM2.5 - Local Conditions","638","Teledyne T640X at 16.67 LPM w/Network Data Alignment enabled","21340","El Paso, TX","48","Texas","141","El Paso","31.6675492","-106.287972"
"03/19/2025","AQS","481410057","6","4.7","ug/m3 LC","26","Socorro Hueco","1","100.0000","88101","PM2.5 - Local Conditions","638","Teledyne T640X at 16.67 LPM w/Network Data Alignment enabled","21340","El Paso, TX","48","Texas","141","El Paso","31.6675492","-106.287972"
"03/20/2025","AQS","481410057","6","13.8","ug/m3 LC","60","Socorro Hueco","1","100.0000","88101","PM2.5 - Local Conditions","638","Teledyne T640X at 16.67 LPM w/Network Data Alignment enabled","21340","El Paso, TX","48","Texas","141","El Paso","31.6675492","-106.287972"
"03/21/2025","AQS","481410057","6","13.2","ug/m3 LC","59","Socorro Hueco","1","100.0000","88101","PM2.5 - Local Conditions","638","Teledyne T640X at 16.67 LPM w/Network Data Alignment enabled","21340","El Paso, TX","48","Texas","141","El Paso","31.6675492","-106.287972"
"03/22/2025","AQS","481410057","6","10.1","ug/m3 LC","53","Socorro Hueco","1","100.0000","88101","PM2.5 - Local Conditions","638","Teledyne T640X at 16.67 LPM w/Network Data Alignment enabled","21340","El Paso, TX","48","Texas","141","El Paso","31.6675492","-106.287972"
"03/23/2025","AQS","481410057","6","11.2","ug/m3 LC","55","Socorro Hueco","1","100.0000","88101","PM2.5 - Local Conditions","638","Teledyne T640X at 16.67 LPM w/Network Data Alignment enabled","21340","El Paso, TX","48","Texas","141","El Paso","31.6675492","-106.287972"
"03/24/2025","AQS","481410057","6","12.9","ug/m3 LC","58","Socorro Hueco","1","100.0000","88101","PM2.5 - Local Conditions","638","Teledyne T640X at 16.67 LPM w/Network Data Alignment enabled","21340","El Paso, TX","48","Texas","141","El Paso","31.6675492","-106.287972"
"03/25/2025","AQS","481410057","6","11.9","ug/m3 LC","56","Socorro Hueco","1","100.0000","88101","PM2.5 - Local Conditions","638","Teledyne T640X at 16.67 LPM w/Network Data Alignment enabled","21340","El Paso, TX","48","Texas","141","El Paso","31.6675492","-106.287972"
"03/26/2025","AQS","481410057","6","30.3","ug/m3 LC","90","Socorro Hueco","1","100.0000","88101","PM2.5 - Local Conditions","638","Teledyne T640X at 16.67 LPM w/Network Data Alignment enabled","21340","El Paso, TX","48","Texas","141","El Paso","31.6675492","-106.287972"
"03/27/2025","AQS","481410057","6","16.2","ug/m3 LC","64","Socorro Hueco","1","100.0000","88101","PM2.5 - Local Conditions","638","Teledyne T640X at 16.67 LPM w/Network Data Alignment enabled","21340","El Paso, TX","48","Texas","141","El Paso","31.6675492","-106.287972"
"03/28/2025","AQS","481410057","6","21.4","ug/m3 LC","74","Socorro Hueco","1","100.0000","88101","PM2.5 - Local Conditions","638","Teledyne T640X at 16.67 LPM w/Network Data Alignment enabled","21340","El Paso, TX","48","Texas","141","El Paso","31.6675492","-106.287972"
"03/29/2025","AQS","481410057","6","49","ug/m3 LC","134","Socorro Hueco","1","100.0000","88101","PM2.5 - Local Conditions","638","Teledyne T640X at 16.67 LPM w/Network Data Alignment enabled","21340","El Paso, TX","48","Texas","141","El Paso","31.6675492","-106.287972"
"03/30/2025","AQS","481410057","6","18.3","ug/m3 LC","68","Socorro Hueco","1","100.0000","88101","PM2.5 - Local Conditions","638","Teledyne T640X at 16.67 LPM w/Network Data Alignment enabled","21340","El Paso, TX","48","Texas","141","El Paso","31.6675492","-106.287972"
"03/31/2025","AQS","481410057","6","14.4","ug/m3 LC","61","Socorro Hueco","1","100.0000","88101","PM2.5 - Local Conditions","638","Teledyne T640X at 16.67 LPM w/Network Data Alignment enabled","21340","El Paso, TX","48","Texas","141","El Paso","31.6675492","-106.287972"
"04/01/2025","AQS","481410057","6","32.4","ug/m3 LC","94","Socorro Hueco","1","100.0000","88101","PM2.5 - Local Conditions","638","Teledyne T640X at 16.67 LPM w/Network Data Alignment enabled","21340","El Paso, TX","48","Texas","141","El Paso","31.6675492","-106.287972"
"04/02/2025","AQS","481410057","6","29.5","ug/m3 LC","89","Socorro Hueco","1","100.0000","88101","PM2.5 - Local Conditions","638","Teledyne T640X at 16.67 LPM w/Network Data Alignment enabled","21340","El Paso, TX","48","Texas","141","El Paso","31.6675492","-106.287972"
"04/03/2025","AQS","481410057","6","7.5","ug/m3 LC","42","Socorro Hueco","1","100.0000","88101","PM2.5 - Local Conditions","638","Teledyne T640X at 16.67 LPM w/Network Data Alignment enabled","21340","El Paso, TX","48","Texas","141","El Paso","31.6675492","-106.287972"
"04/04/2025","AQS","481410057","6","3","ug/m3 LC","17","Socorro Hueco","1","100.0000","88101","PM2.5 - Local Conditions","638","Teledyne T640X at 16.67 LPM w/Network Data Alignment enabled","21340","El Paso, TX","48","Texas","141","El Paso","31.6675492","-106.287972"
"04/05/2025","AQS","481410057","6","1.9","ug/m3 LC","11","Socorro Hueco","1","100.0000","88101","PM2.5 - Local Conditions","638","Teledyne T640X at 16.67 LPM w/Network Data Alignment enabled","21340","El Paso, TX","48","Texas","141","El Paso","31.6675492","-106.287972"
"04/06/2025","AQS","481410057","6","3.5","ug/m3 LC","19","Socorro Hueco","1","100.0000","88101","PM2.5 - Local Conditions","638","Teledyne T640X at 16.67 LPM w/Network Data Alignment enabled","21340","El Paso, TX","48","Texas","141","El Paso","31.6675492","-106.287972"
"04/07/2025","AQS","481410057","6","4.5","ug/m3 LC","25","Socorro Hueco","1","100.0000","88101","PM2.5 - Local Conditions","638","Teledyne T640X at 16.67 LPM w/Network Data Alignment enabled","21340","El Paso, TX","48","Texas","141","El Paso","31.6675492","-106.287972"
"04/08/2025","AQS","481410057","6","6.4","ug/m3 LC","36","Socorro Hueco","1","100.0000","88101","PM2.5 - Local Conditions","638","Teledyne T640X at 16.67 LPM w/Network Data Alignment enabled","21340","El Paso, TX","48","Texas","141","El Paso","31.6675492","-106.287972"
"04/09/2025","AQS","481410057","6","8.6","ug/m3 LC","48","Socorro Hueco","1","100.0000","88101","PM2.5 - Local Conditions","638","Teledyne T640X at 16.67 LPM w/Network Data Alignment enabled","21340","El Paso, TX","48","Texas","141","El Paso","31.6675492","-106.287972"
"04/10/2025","AQS","481410057","6","6.9","ug/m3 LC","38","Socorro Hueco","1","100.0000","88101","PM2.5 - Local Conditions","638","Teledyne T640X at 16.67 LPM w/Network Data Alignment enabled","21340","El Paso, TX","48","Texas","141","El Paso","31.6675492","-106.287972"
"04/11/2025","AQS","481410057","6","6.7","ug/m3 LC","37","Socorro Hueco","1","100.0000","88101","PM2.5 - Local Conditions","638","Teledyne T640X at 16.67 LPM w/Network Data Alignment enabled","21340","El Paso, TX","48","Texas","141","El Paso","31.6675492","-106.287972"
"04/12/2025","AQS","481410057","6","10.4","ug/m3 LC","53","Socorro Hueco","1","100.0000","88101","PM2.5 - Local Conditions","638","Teledyne T640X at 16.67 LPM w/Network Data Alignment enabled","21340","El Paso, TX","48","Texas","141","El Paso","31.6675492","-106.287972"
"04/13/2025","AQS","481410057","6","16.1","ug/m3 LC","64","Socorro Hueco","1","100.0000","88101","PM2.5 - Local Conditions","638","Teledyne T640X at 16.67 LPM w/Network Data Alignment enabled","21340","El Paso, TX","48","Texas","141","El Paso","31.6675492","-106.287972"
"04/14/2025","AQS","481410057","6","11.5","ug/m3 LC","55","Socorro Hueco","1","100.0000","88101","PM2.5 - Local Conditions","638","Teledyne T640X at 16.67 LPM w/Network Data Alignment enabled","21340","El Paso, TX","48","Texas","141","El Paso","31.6675492","-106.287972"
"04/15/2025","AQS","481410057","6","9.4","ug/m3 LC","52","Socorro Hueco","1","100.0000","88101","PM2.5 - Local Conditions","638","Teledyne T640X at 16.67 LPM w/Network Data Alignment enabled","21340","El Paso, TX","48","Texas","141","El Paso","31.6675492","-106.287972"
"04/16/2025","AQS","481410057","6","19.7","ug/m3 LC","71","Socorro Hueco","1","100.0000","88101","PM2.5 - Local Conditions","638","Teledyne T640X at 16.67 LPM w/Network Data Alignment enabled","21340","El Paso, TX","48","Texas","141","El Paso","31.6675492","-106.287972"
"04/17/2025","AQS","481410057","6","48.6","ug/m3 LC","133","Socorro Hueco","1","100.0000","88101","PM2.5 - Local Conditions","638","Teledyne T640X at 16.67 LPM w/Network Data Alignment enabled","21340","El Paso, TX","48","Texas","141","El Paso","31.6675492","-106.287972"
"04/18/2025","AQS","481410057","6","84.4","ug/m3 LC","171","Socorro Hueco","1","100.0000","88101","PM2.5 - Local Conditions","638","Teledyne T640X at 16.67 LPM w/Network Data Alignment enabled","21340","El Paso, TX","48","Texas","141","El Paso","31.6675492","-106.287972"
"04/19/2025","AQS","481410057","6","15.4","ug/m3 LC","63","Socorro Hueco","1","100.0000","88101","PM2.5 - Local Conditions","638","Teledyne T640X at 16.67 LPM w/Network Data Alignment enabled","21340","El Paso, TX","48","Texas","141","El Paso","31.6675492","-106.287972"
"04/20/2025","AQS","481410057","6","4.1","ug/m3 LC","23","Socorro Hueco","1","100.0000","88101","PM2.5 - Local Conditions","638","Teledyne T640X at 16.67 LPM w/Network Data Alignment enabled","21340","El Paso, TX","48","Texas","141","El Paso","31.6675492","-106.287972"
"04/21/2025","AQS","481410057","6","5.5","ug/m3 LC","31","Socorro Hueco","1","100.0000","88101","PM2.5 - Local Conditions","638","Teledyne T640X at 16.67 LPM w/Network Data Alignment enabled","21340","El Paso, TX","48","Texas","141","El Paso","31.6675492","-106.287972"
"04/22/2025","AQS","481410057","6","8.4","ug/m3 LC","47","Socorro Hueco","1","100.0000","88101","PM2.5 - Local Conditions","638","Teledyne T640X at 16.67 LPM w/Network Data Alignment enabled","21340","El Paso, TX","48","Texas","141","El Paso","31.6675492","-106.287972"
"04/23/2025","AQS","481410057","6","7.6","ug/m3 LC","42","Socorro Hueco","1","100.0000","88101","PM2.5 - Local Conditions","638","Teledyne T640X at 16.67 LPM w/Network Data Alignment enabled","21340","El Paso, TX","48","Texas","141","El Paso","31.6675492","-106.287972"
"04/24/2025","AQS","481410057","6","6.2","ug/m3 LC","34","Socorro Hueco","1","100.0000","88101","PM2.5 - Local Conditions","638","Teledyne T640X at 16.67 LPM w/Network Data Alignment enabled","21340","El Paso, TX","48","Texas","141","El Paso","31.6675492","-106.287972"
"04/25/2025","AQS","481410057","6","8.5","ug/m3 LC","47","Socorro Hueco","1","100.0000","88101","PM2.5 - Local Conditions","638","Teledyne T640X at 16.67 LPM w/Network Data Alignment enabled","21340","El Paso, TX","48","Texas","141","El Paso","31.6675492","-106.287972"
"04/26/2025","AQS","481410057","6","12.9","ug/m3 LC","58","Socorro Hueco","1","100.0000","88101","PM2.5 - Local Conditions","638","Teledyne T640X at 16.67 LPM w/Network Data Alignment enabled","21340","El Paso, TX","48","Texas","141","El Paso","31.6675492","-106.287972"
"04/27/2025","AQS","481410057","6","116.6","ug/m3 LC","194","Socorro Hueco","1","100.0000","88101","PM2.5 - Local Conditions","638","Teledyne T640X at 16.67 LPM w/Network Data Alignment enabled","21340","El Paso, TX","48","Texas","141","El Paso","31.6675492","-106.287972"
"04/28/2025","AQS","481410057","6","18.9","ug/m3 LC","69","Socorro Hueco","1","100.0000","88101","PM2.5 - Local Conditions","638","Teledyne T640X at 16.67 LPM w/Network Data Alignment enabled","21340","El Paso, TX","48","Texas","141","El Paso","31.6675492","-106.287972"
"04/29/2025","AQS","481410057","6","12.2","ug/m3 LC","57","Socorro Hueco","1","100.0000","88101","PM2.5 - Local Conditions","638","Teledyne T640X at 16.67 LPM w/Network Data Alignment enabled","21340","El Paso, TX","48","Texas","141","El Paso","31.6675492","-106.287972"
"04/30/2025","AQS","481410057","6","7","ug/m3 LC","39","Socorro Hueco","1","100.0000","88101","PM2.5 - Local Conditions","638","Teledyne T640X at 16.67 LPM w/Network Data Alignment enabled","21340","El Paso, TX","48","Texas","141","El Paso","31.6675492","-106.287972"
"05/01/2025","AQS","481410057","6","7.1","ug/m3 LC","39","Socorro Hueco","1","100.0000","88101","PM2.5 - Local Conditions","638","Teledyne T640X at 16.67 LPM w/Network Data Alignment enabled","21340","El Paso, TX","48","Texas","141","El Paso","31.6675492","-106.287972"
"05/02/2025","AQS","481410057","6","14.4","ug/m3 LC","61","Socorro Hueco","1","100.0000","88101","PM2.5 - Local Conditions","638","Teledyne T640X at 16.67 LPM w/Network Data Alignment enabled","21340","El Paso, TX","48","Texas","141","El Paso","31.6675492","-106.287972"
"05/03/2025","AQS","481410057","6","4.9","ug/m3 LC","27","Socorro Hueco","1","100.0000","88101","PM2.5 - Local Conditions","638","Teledyne T640X at 16.67 LPM w/Network Data Alignment enabled","21340","El Paso, TX","48","Texas","141","El Paso","31.6675492","-106.287972"
"05/04/2025","AQS","481410057","6","16.4","ug/m3 LC","65","Socorro Hueco","1","100.0000","88101","PM2.5 - Local Conditions","638","Teledyne T640X at 16.67 LPM w/Network Data Alignment enabled","21340","El Paso, TX","48","Texas","141","El Paso","31.6675492","-106.287972"
"05/05/2025","AQS","481410057","6","15.7","ug/m3 LC","63","Socorro Hueco","1","100.0000","88101","PM2.5 - Local Conditions","638","Teledyne T640X at 16.67 LPM w/Network Data Alignment enabled","21340","El Paso, TX","48","Texas","141","El Paso","31.6675492","-106.287972"
"05/06/2025","AQS","481410057","6","6","ug/m3 LC","33","Socorro Hueco","1","100.0000","88101","PM2.5 - Local Conditions","638","Teledyne T640X at 16.67 LPM w/Network Data Alignment enabled","21340","El Paso, TX","48","Texas","141","El Paso","31.6675492","-106.287972"
"05/07/2025","AQS","481410057","6","6.1","ug/m3 LC","34","Socorro Hueco","1","100.0000","88101","PM2.5 - Local Conditions","638","Teledyne T640X at 16.67 LPM w/Network Data Alignment enabled","21340","El Paso, TX","48","Texas","141","El Paso","31.6675492","-106.287972"
"05/08/2025","AQS","481410057","6","6.9","ug/m3 LC","38","Socorro Hueco","1","100.0000","88101","PM2.5 - Local Conditions","638","Teledyne T640X at 16.67 LPM w/Network Data Alignment enabled","21340","El Paso, TX","48","Texas","141","El Paso","31.6675492","-106.287972"
"05/09/2025","AQS","481410057","6","2.4","ug/m3 LC","13","Socorro Hueco","1","100.0000","88101","PM2.5 - Local Conditions","638","Teledyne T640X at 16.67 LPM w/Network Data Alignment enabled","21340","El Paso, TX","48","Texas","141","El Paso","31.6675492","-106.287972"
"05/10/2025","AQS","481410057","6","4.1","ug/m3 LC","23","Socorro Hueco","1","100.0000","88101","PM2.5 - Local Conditions","638","Teledyne T640X at 16.67 LPM w/Network Data Alignment enabled","21340","El Paso, TX","48","Texas","141","El Paso","31.6675492","-106.287972"
"05/11/2025","AQS","481410057","6","9.8","ug/m3 LC","52","Socorro Hueco","1","100.0000","88101","PM2.5 - Local Conditions","638","Teledyne T640X at 16.67 LPM w/Network Data Alignment enabled","21340","El Paso, TX","48","Texas","141","El Paso","31.6675492","-106.287972"
"05/12/2025","AQS","481410057","6","15.5","ug/m3 LC","63","Socorro Hueco","1","100.0000","88101","PM2.5 - Local Conditions","638","Teledyne T640X at 16.67 LPM w/Network Data Alignment enabled","21340","El Paso, TX","48","Texas","141","El Paso","31.6675492","-106.287972"
"05/13/2025","AQS","481410057","6","54","ug/m3 LC","147","Socorro Hueco","1","100.0000","88101","PM2.5 - Local Conditions","638","Teledyne T640X at 16.67 LPM w/Network Data Alignment enabled","21340","El Paso, TX","48","Texas","141","El Paso","31.6675492","-106.287972"
"05/14/2025","AQS","481410057","6","35.6","ug/m3 LC","101","Socorro Hueco","1","100.0000","88101","PM2.5 - Local Conditions","638","Teledyne T640X at 16.67 LPM w/Network Data Alignment enabled","21340","El Paso, TX","48","Texas","141","El Paso","31.6675492","-106.287972"
"05/15/2025","AQS","481410057","6","7.1","ug/m3 LC","39","Socorro Hueco","1","100.0000","88101","PM2.5 - Local Conditions","638","Teledyne T640X at 16.67 LPM w/Network Data Alignment enabled","21340","El Paso, TX","48","Texas","141","El Paso","31.6675492","-106.287972"
"05/16/2025","AQS","481410057","6","9.5","ug/m3 LC","52","Socorro Hueco","1","100.0000","88101","PM2.5 - Local Conditions","638","Teledyne T640X at 16.67 LPM w/Network Data Alignment enabled","21340","El Paso, TX","48","Texas","141","El Paso","31.6675492","-106.287972"
"05/17/2025","AQS","481410057","6","17","ug/m3 LC","66","Socorro Hueco","1","100.0000","88101","PM2.5 - Local Conditions","638","Teledyne T640X at 16.67 LPM w/Network Data Alignment enabled","21340","El Paso, TX","48","Texas","141","El Paso","31.6675492","-106.287972"
"05/18/2025","AQS","481410057","6","23.7","ug/m3 LC","78","Socorro Hueco","1","100.0000","88101","PM2.5 - Local Conditions","638","Teledyne T640X at 16.67 LPM w/Network Data Alignment enabled","21340","El Paso, TX","48","Texas","141","El Paso","31.6675492","-106.287972"
"05/19/2025","AQS","481410057","6","21.4","ug/m3 LC","74","Socorro Hueco","1","100.0000","88101","PM2.5 - Local Conditions","638","Teledyne T640X at 16.67 LPM w/Network Data Alignment enabled","21340","El Paso, TX","48","Texas","141","El Paso","31.6675492","-106.287972"
"05/20/2025","AQS","481410057","6","6.6","ug/m3 LC","37","Socorro Hueco","1","100.0000","88101","PM2.5 - Local Conditions","638","Teledyne T640X at 16.67 LPM w/Network Data Alignment enabled","21340","El Paso, TX","48","Texas","141","El Paso","31.6675492","-106.287972"
"05/21/2025","AQS","481410057","6","9.1","ug/m3 LC","51","Socorro Hueco","1","100.0000","88101","PM2.5 - Local Conditions","638","Teledyne T640X at 16.67 LPM w/Network Data Alignment enabled","21340","El Paso, TX","48","Texas","141","El Paso","31.6675492","-106.287972"
"05/22/2025","AQS","481410057","6","11.7","ug/m3 LC","56","Socorro Hueco","1","100.0000","88101","PM2.5 - Local Conditions","638","Teledyne T640X at 16.67 LPM w/Network Data Alignment enabled","21340","El Paso, TX","48","Texas","141","El Paso","31.6675492","-106.287972"
"05/23/2025","AQS","481410057","6","11.3","ug/m3 LC","55","Socorro Hueco","1","100.0000","88101","PM2.5 - Local Conditions","638","Teledyne T640X at 16.67 LPM w/Network Data Alignment enabled","21340","El Paso, TX","48","Texas","141","El Paso","31.6675492","-106.287972"
"05/24/2025","AQS","481410057","6","10.3","ug/m3 LC","53","Socorro Hueco","1","100.0000","88101","PM2.5 - Local Conditions","638","Teledyne T640X at 16.67 LPM w/Network Data Alignment enabled","21340","El Paso, TX","48","Texas","141","El Paso","31.6675492","-106.287972"
"05/25/2025","AQS","481410057","6","10.9","ug/m3 LC","54","Socorro Hueco","1","100.0000","88101","PM2.5 - Local Conditions","638","Teledyne T640X at 16.67 LPM w/Network Data Alignment enabled","21340","El Paso, TX","48","Texas","141","El Paso","31.6675492","-106.287972"
"05/26/2025","AQS","481410057","6","9.7","ug/m3 LC","52","Socorro Hueco","1","100.0000","88101","PM2.5 - Local Conditions","638","Teledyne T640X at 16.67 LPM w/Network Data Alignment enabled","21340","El Paso, TX","48","Texas","141","El Paso","31.6675492","-106.287972"
"05/27/2025","AQS","481410057","6","9.4","ug/m3 LC","52","Socorro Hueco","1","100.0000","88101","PM2.5 - Local Conditions","638","Teledyne T640X at 16.67 LPM w/Network Data Alignment enabled","21340","El Paso, TX","48","Texas","141","El Paso","31.6675492","-106.287972"
"05/28/2025","AQS","481410057","6","7.4","ug/m3 LC","41","Socorro Hueco","1","100.0000","88101","PM2.5 - Local Conditions","638","Teledyne T640X at 16.67 LPM w/Network Data Alignment enabled","21340","El Paso, TX","48","Texas","141","El Paso","31.6675492","-106.287972"
"05/29/2025","AQS","481410057","6","10.7","ug/m3 LC","54","Socorro Hueco","1","100.0000","88101","PM2.5 - Local Conditions","638","Teledyne T640X at 16.67 LPM w/Network Data Alignment enabled","21340","El Paso, TX","48","Texas","141","El Paso","31.6675492","-106.287972"
"05/30/2025","AQS","481410057","6","13.6","ug/m3 LC","59","Socorro Hueco","1","100.0000","88101","PM2.5 - Local Conditions","638","Teledyne T640X at 16.67 LPM w/Network Data Alignment enabled","21340","El Paso, TX","48","Texas","141","El Paso","31.6675492","-106.287972"
"05/31/2025","AQS","481410057","6","6.4","ug/m3 LC","36","Socorro Hueco","1","100.0000","88101","PM2.5 - Local Conditions","638","Teledyne T640X at 16.67 LPM w/Network Data Alignment enabled","21340","El Paso, TX","48","Texas","141","El Paso","31.6675492","-106.287972"
"06/01/2025","AQS","481410057","6","8.2","ug/m3 LC","46","Socorro Hueco","1","100.0000","88101","PM2.5 - Local Conditions","638","Teledyne T640X at 16.67 LPM w/Network Data Alignment enabled","21340","El Paso, TX","48","Texas","141","El Paso","31.6675492","-106.287972"
"06/02/2025","AQS","481410057","6","15.2","ug/m3 LC","62","Socorro Hueco","1","100.0000","88101","PM2.5 - Local Conditions","638","Teledyne T640X at 16.67 LPM w/Network Data Alignment enabled","21340","El Paso, TX","48","Texas","141","El Paso","31.6675492","-106.287972"
"06/03/2025","AQS","481410057","6","4.5","ug/m3 LC","25","Socorro Hueco","1","100.0000","88101","PM2.5 - Local Conditions","638","Teledyne T640X at 16.67 LPM w/Network Data Alignment enabled","21340","El Paso, TX","48","Texas","141","El Paso","31.6675492","-106.287972"
"06/04/2025","AQS","481410057","6","6.8","ug/m3 LC","38","Socorro Hueco","1","100.0000","88101","PM2.5 - Local Conditions","638","Teledyne T640X at 16.67 LPM w/Network Data Alignment enabled","21340","El Paso, TX","48","Texas","141","El Paso","31.6675492","-106.287972"
"06/05/2025","AQS","481410057","6","8.3","ug/m3 LC","46","Socorro Hueco","1","100.0000","88101","PM2.5 - Local Conditions","638","Teledyne T640X at 16.67 LPM w/Network Data Alignment enabled","21340","El Paso, TX","48","Texas","141","El Paso","31.6675492","-106.287972"
"06/06/2025","AQS","481410057","6","9","ug/m3 LC","50","Socorro Hueco","1","100.0000","88101","PM2.5 - Local Conditions","638","Teledyne T640X at 16.67 LPM w/Network Data Alignment enabled","21340","El Paso, TX","48","Texas","141","El Paso","31.6675492","-106.287972"
"06/07/2025","AQS","481410057","6","8.1","ug/m3 LC","45","Socorro Hueco","1","100.0000","88101","PM2.5 - Local Conditions","638","Teledyne T640X at 16.67 LPM w/Network Data Alignment enabled","21340","El Paso, TX","48","Texas","141","El Paso","31.6675492","-106.287972"
"06/08/2025","AQS","481410057","6","6.9","ug/m3 LC","38","Socorro Hueco","1","100.0000","88101","PM2.5 - Local Conditions","638","Teledyne T640X at 16.67 LPM w/Network Data Alignment enabled","21340","El Paso, TX","48","Texas","141","El Paso","31.6675492","-106.287972"
"06/09/2025","AQS","481410057","6","18.6","ug/m3 LC","69","Socorro Hueco","1","100.0000","88101","PM2.5 - Local Conditions","638","Teledyne T640X at 16.67 LPM w/Network Data Alignment enabled","21340","El Paso, TX","48","Texas","141","El Paso","31.6675492","-106.287972"
"06/10/2025","AQS","481410057","6","17.3","ug/m3 LC","66","Socorro Hueco","1","100.0000","88101","PM2.5 - Local Conditions","638","Teledyne T640X at 16.67 LPM w/Network Data Alignment enabled","21340","El Paso, TX","48","Texas","141","El Paso","31.6675492","-106.287972"
"06/11/2025","AQS","481410057","6","3.9","ug/m3 LC","22","Socorro Hueco","1","100.0000","88101","PM2.5 - Local Conditions","638","Teledyne T640X at 16.67 LPM w/Network Data Alignment enabled","21340","El Paso, TX","48","Texas","141","El Paso","31.6675492","-106.287972"
"06/12/2025","AQS","481410057","6","5.7","ug/m3 LC","32","Socorro Hueco","1","100.0000","88101","PM2.5 - Local Conditions","638","Teledyne T640X at 16.67 LPM w/Network Data Alignment enabled","21340","El Paso, TX","48","Texas","141","El Paso","31.6675492","-106.287972"
"06/13/2025","AQS","481410057","6","14.8","ug/m3 LC","62","Socorro Hueco","1","100.0000","88101","PM2.5 - Local Conditions","638","Teledyne T640X at 16.67 LPM w/Network Data Alignment enabled","21340","El Paso, TX","48","Texas","141","El Paso","31.6675492","-106.287972"
"06/14/2025","AQS","481410057","6","16","ug/m3 LC","64","Socorro Hueco","1","100.0000","88101","PM2.5 - Local Conditions","638","Teledyne T640X at 16.67 LPM w/Network Data Alignment enabled","21340","El Paso, TX","48","Texas","141","El Paso","31.6675492","-106.287972"
"06/15/2025","AQS","481410057","6","33.8","ug/m3 LC","97","Socorro Hueco","1","100.0000","88101","PM2.5 - Local Conditions","638","Teledyne T640X at 16.67 LPM w/Network Data Alignment enabled","21340","El Paso, TX","48","Texas","141","El Paso","31.6675492","-106.287972"
"06/16/2025","AQS","481410057","6","15.9","ug/m3 LC","64","Socorro Hueco","1","100.0000","88101","PM2.5 - Local Conditions","638","Teledyne T640X at 16.67 LPM w/Network Data Alignment enabled","21340","El Paso, TX","48","Texas","141","El Paso","31.6675492","-106.287972"
"06/17/2025","AQS","481410057","6","14.8","ug/m3 LC","62","Socorro Hueco","1","100.0000","88101","PM2.5 - Local Conditions","638","Teledyne T640X at 16.67 LPM w/Network Data Alignment enabled","21340","El Paso, TX","48","Texas","141","El Paso","31.6675492","-106.287972"
"06/18/2025","AQS","481410057","6","10.2","ug/m3 LC","53","Socorro Hueco","1","100.0000","88101","PM2.5 - Local Conditions","638","Teledyne T640X at 16.67 LPM w/Network Data Alignment enabled","21340","El Paso, TX","48","Texas","141","El Paso","31.6675492","-106.287972"
"06/19/2025","AQS","481410057","6","10.8","ug/m3 LC","54","Socorro Hueco","1","100.0000","88101","PM2.5 - Local Conditions","638","Teledyne T640X at 16.67 LPM w/Network Data Alignment enabled","21340","El Paso, TX","48","Texas","141","El Paso","31.6675492","-106.287972"
"06/20/2025","AQS","481410057","6","11.3","ug/m3 LC","55","Socorro Hueco","1","100.0000","88101","PM2.5 - Local Conditions","638","Teledyne T640X at 16.67 LPM w/Network Data Alignment enabled","21340","El Paso, TX","48","Texas","141","El Paso","31.6675492","-106.287972"
"06/21/2025","AQS","481410057","6","17.1","ug/m3 LC","66","Socorro Hueco","1","100.0000","88101","PM2.5 - Local Conditions","638","Teledyne T640X at 16.67 LPM w/Network Data Alignment enabled","21340","El Paso, TX","48","Texas","141","El Paso","31.6675492","-106.287972"
"06/22/2025","AQS","481410057","6","7.9","ug/m3 LC","44","Socorro Hueco","1","100.0000","88101","PM2.5 - Local Conditions","638","Teledyne T640X at 16.67 LPM w/Network Data Alignment enabled","21340","El Paso, TX","48","Texas","141","El Paso","31.6675492","-106.287972"
"06/23/2025","AQS","481410057","6","4.7","ug/m3 LC","26","Socorro Hueco","1","100.0000","88101","PM2.5 - Local Conditions","638","Teledyne T640X at 16.67 LPM w/Network Data Alignment enabled","21340","El Paso, TX","48","Texas","141","El Paso","31.6675492","-106.287972"
"06/24/2025","AQS","481410057","6","2.5","ug/m3 LC","14","Socorro Hueco","1","100.0000","88101","PM2.5 - Local Conditions","638","Teledyne T640X at 16.67 LPM w/Network Data Alignment enabled","21340","El Paso, TX","48","Texas","141","El Paso","31.6675492","-106.287972"
"06/25/2025","AQS","481410057","6","2.2","ug/m3 LC","12","Socorro Hueco","1","100.0000","88101","PM2.5 - Local Conditions","638","Teledyne T640X at 16.67 LPM w/Network Data Alignment enabled","21340","El Paso, TX","48","Texas","141","El Paso","31.6675492","-106.287972"
"06/26/2025","AQS","481410057","6","2.7","ug/m3 LC","15","Socorro Hueco","1","100.0000","88101","PM2.5 - Local Conditions","638","Teledyne T640X at 16.67 LPM w/Network Data Alignment enabled","21340","El Paso, TX","48","Texas","141","El Paso","31.6675492","-106.287972"
"06/27/2025","AQS","481410057","6","3.6","ug/m3 LC","20","Socorro Hueco","1","100.0000","88101","PM2.5 - Local Conditions","638","Teledyne T640X at 16.67 LPM w/Network Data Alignment enabled","21340","El Paso, TX","48","Texas","141","El Paso","31.6675492","-106.287972"
"06/28/2025","AQS","481410057","6","2.2","ug/m3 LC","12","Socorro Hueco","1","100.0000","88101","PM2.5 - Local Conditions","638","Teledyne T640X at 16.67 LPM w/Network Data Alignment enabled","21340","El Paso, TX","48","Texas","141","El Paso","31.6675492","-106.287972"
"06/29/2025","AQS","481410057","6","2","ug/m3 LC","11","Socorro Hueco","1","100.0000","88101","PM2.5 - Local Conditions","638","Teledyne T640X at 16.67 LPM w/Network Data Alignment enabled","21340","El Paso, TX","48","Texas","141","El Paso","31.6675492","-106.287972"
"06/30/2025","AQS","481410057","6","3.7","ug/m3 LC","21","Socorro Hueco","1","100.0000","88101","PM2.5 - Local Conditions","638","Teledyne T640X at 16.67 LPM w/Network Data Alignment enabled","21340","El Paso, TX","48","Texas","141","El Paso","31.6675492","-106.287972"
"07/01/2025","AQS","481410057","6","3.3","ug/m3 LC","18","Socorro Hueco","1","100.0000","88101","PM2.5 - Local Conditions","638","Teledyne T640X at 16.67 LPM w/Network Data Alignment enabled","21340","El Paso, TX","48","Texas","141","El Paso","31.6675492","-106.287972"
"07/02/2025","AQS","481410057","6","1.8","ug/m3 LC","10","Socorro Hueco","1","100.0000","88101","PM2.5 - Local Conditions","638","Teledyne T640X at 16.67 LPM w/Network Data Alignment enabled","21340","El Paso, TX","48","Texas","141","El Paso","31.6675492","-106.287972"
"07/03/2025","AQS","481410057","6","3.3","ug/m3 LC","18","Socorro Hueco","1","100.0000","88101","PM2.5 - Local Conditions","638","Teledyne T640X at 16.67 LPM w/Network Data Alignment enabled","21340","El Paso, TX","48","Texas","141","El Paso","31.6675492","-106.287972"
"07/04/2025","AQS","481410057","6","4.5","ug/m3 LC","25","Socorro Hueco","1","100.0000","88101","PM2.5 - Local Conditions","638","Teledyne T640X at 16.67 LPM w/Network Data Alignment enabled","21340","El Paso, TX","48","Texas","141","El Paso","31.6675492","-106.287972"
"07/05/2025","AQS","481410057","6","5.4","ug/m3 LC","30","Socorro Hueco","1","100.0000","88101","PM2.5 - Local Conditions","638","Teledyne T640X at 16.67 LPM w/Network Data Alignment enabled","21340","El Paso, TX","48","Texas","141","El Paso","31.6675492","-106.287972"
"07/06/2025","AQS","481410057","6","7.4","ug/m3 LC","41","Socorro Hueco","1","100.0000","88101","PM2.5 - Local Conditions","638","Teledyne T640X at 16.67 LPM w/Network Data Alignment enabled","21340","El Paso, TX","48","Texas","141","El Paso","31.6675492","-106.287972"
"07/07/2025","AQS","481410057","6","5.6","ug/m3 LC","31","Socorro Hueco","1","100.0000","88101","PM2.5 - Local Conditions","638","Teledyne T640X at 16.67 LPM w/Network Data Alignment enabled","21340","El Paso, TX","48","Texas","141","El Paso","31.6675492","-106.287972"
"07/15/2025","AQS","481410057","6","9.1","ug/m3 LC","51","Socorro Hueco","1","100.0000","88101","PM2.5 - Local Conditions","638","Teledyne T640X at 16.67 LPM w/Network Data Alignment enabled","21340","El Paso, TX","48","Texas","141","El Paso","31.6675492","-106.287972"
"07/16/2025","AQS","481410057","6","9.3","ug/m3 LC","51","Socorro Hueco","1","100.0000","88101","PM2.5 - Local Conditions","638","Teledyne T640X at 16.67 LPM w/Network Data Alignment enabled","21340","El Paso, TX","48","Texas","141","El Paso","31.6675492","-106.287972"
"07/17/2025","AQS","481410057","6","6.5","ug/m3 LC","36","Socorro Hueco","1","100.0000","88101","PM2.5 - Local Conditions","638","Teledyne T640X at 16.67 LPM w/Network Data Alignment enabled","21340","El Paso, TX","48","Texas","141","El Paso","31.6675492","-106.287972"
"07/18/2025","AQS","481410057","6","5.8","ug/m3 LC","32","Socorro Hueco","1","100.0000","88101","PM2.5 - Local Conditions","638","Teledyne T640X at 16.67 LPM w/Network Data Alignment enabled","21340","El Paso, TX","48","Texas","141","El Paso","31.6675492","-106.287972"
"07/19/2025","AQS","481410057","6","7","ug/m3 LC","39","Socorro Hueco","1","100.0000","88101","PM2.5 - Local Conditions","638","Teledyne T640X at 16.67 LPM w/Network Data Alignment enabled","21340","El Paso, TX","48","Texas","141","El Paso","31.6675492","-106.287972"
"07/20/2025","AQS","481410057","6","11.2","ug/m3 LC","55","Socorro Hueco","1","100.0000","88101","PM2.5 - Local Conditions","638","Teledyne T640X at 16.67 LPM w/Network Data Alignment enabled","21340","El Paso, TX","48","Texas","141","El Paso","31.6675492","-106.287972"
"07/21/2025","AQS","481410057","6","10.6","ug/m3 LC","54","Socorro Hueco","1","100.0000","88101","PM2.5 - Local Conditions","638","Teledyne T640X at 16.67 LPM w/Network Data Alignment enabled","21340","El Paso, TX","48","Texas","141","El Paso","31.6675492","-106.287972"
"07/22/2025","AQS","481410057","6","5.8","ug/m3 LC","32","Socorro Hueco","1","100.0000","88101","PM2.5 - Local Conditions","638","Teledyne T640X at 16.67 LPM w/Network Data Alignment enabled","21340","El Paso, TX","48","Texas","141","El Paso","31.6675492","-106.287972"
"07/23/2025","AQS","481410057","6","4.4","ug/m3 LC","24","Socorro Hueco","1","100.0000","88101","PM2.5 - Local Conditions","638","Teledyne T640X at 16.67 LPM w/Network Data Alignment enabled","21340","El Paso, TX","48","Texas","141","El Paso","31.6675492","-106.287972"
"07/24/2025","AQS","481410057","6","5.8","ug/m3 LC","32","Socorro Hueco","1","100.0000","88101","PM2.5 - Local Conditions","638","Teledyne T640X at 16.67 LPM w/Network Data Alignment enabled","21340","El Paso, TX","48","Texas","141","El Paso","31.6675492","-106.287972"
"07/25/2025","AQS","481410057","6","4.6","ug/m3 LC","26","Socorro Hueco","1","100.0000","88101","PM2.5 - Local Conditions","638","Teledyne T640X at 16.67 LPM w/Network Data Alignment enabled","21340","El Paso, TX","48","Texas","141","El Paso","31.6675492","-106.287972"
"07/26/2025","AQS","481410057","6","3.7","ug/m3 LC","21","Socorro Hueco","1","100.0000","88101","PM2.5 - Local Conditions","638","Teledyne T640X at 16.67 LPM w/Network Data Alignment enabled","21340","El Paso, TX","48","Texas","141","El Paso","31.6675492","-106.287972"
"07/27/2025","AQS","481410057","6","4.6","ug/m3 LC","26","Socorro Hueco","1","100.0000","88101","PM2.5 - Local Conditions","638","Teledyne T640X at 16.67 LPM w/Network Data Alignment enabled","21340","El Paso, TX","48","Texas","141","El Paso","31.6675492","-106.287972"
"07/28/2025","AQS","481410057","6","4.1","ug/m3 LC","23","Socorro Hueco","1","100.0000","88101","PM2.5 - Local Conditions","638","Teledyne T640X at 16.67 LPM w/Network Data Alignment enabled","21340","El Paso, TX","48","Texas","141","El Paso","31.6675492","-106.287972"
"07/29/2025","AQS","481410057","6","3.1","ug/m3 LC","17","Socorro Hueco","1","100.0000","88101","PM2.5 - Local Conditions","638","Teledyne T640X at 16.67 LPM w/Network Data Alignment enabled","21340","El Paso, TX","48","Texas","141","El Paso","31.6675492","-106.287972"
"07/30/2025","AQS","481410057","6","4.6","ug/m3 LC","26","Socorro Hueco","1","100.0000","88101","PM2.5 - Local Conditions","638","Teledyne T640X at 16.67 LPM w/Network Data Alignment enabled","21340","El Paso, TX","48","Texas","141","El Paso","31.6675492","-106.287972"
"07/31/2025","AQS","481410057","6","3.8","ug/m3 LC","21","Socorro Hueco","1","100.0000","88101","PM2.5 - Local Conditions","638","Teledyne T640X at 16.67 LPM w/Network Data Alignment enabled","21340","El Paso, TX","48","Texas","141","El Paso","31.6675492","-106.287972"
"08/01/2025","AQS","481410057","6","4.2","ug/m3 LC","23","Socorro Hueco","1","100.0000","88101","PM2.5 - Local Conditions","638","Teledyne T640X at 16.67 LPM w/Network Data Alignment enabled","21340","El Paso, TX","48","Texas","141","El Paso","31.6675492","-106.287972"
"08/02/2025","AQS","481410057","6","7","ug/m3 LC","39","Socorro Hueco","1","100.0000","88101","PM2.5 - Local Conditions","638","Teledyne T640X at 16.67 LPM w/Network Data Alignment enabled","21340","El Paso, TX","48","Texas","141","El Paso","31.6675492","-106.287972"
"08/03/2025","AQS","481410057","6","5.2","ug/m3 LC","29","Socorro Hueco","1","100.0000","88101","PM2.5 - Local Conditions","638","Teledyne T640X at 16.67 LPM w/Network Data Alignment enabled","21340","El Paso, TX","48","Texas","141","El Paso","31.6675492","-106.287972"
"08/04/2025","AQS","481410057","6","6.8","ug/m3 LC","38","Socorro Hueco","1","100.0000","88101","PM2.5 - Local Conditions","638","Teledyne T640X at 16.67 LPM w/Network Data Alignment enabled","21340","El Paso, TX","48","Texas","141","El Paso","31.6675492","-106.287972"
"08/05/2025","AQS","481410057","6","7.5","ug/m3 LC","42","Socorro Hueco","1","100.0000","88101","PM2.5 - Local Conditions","638","Teledyne T640X at 16.67 LPM w/Network Data Alignment enabled","21340","El Paso, TX","48","Texas","141","El Paso","31.6675492","-106.287972"
"08/06/2025","AQS","481410057","6","6.2","ug/m3 LC","34","Socorro Hueco","1","100.0000","88101","PM2.5 - Local Conditions","638","Teledyne T640X at 16.67 LPM w/Network Data Alignment enabled","21340","El Paso, TX","48","Texas","141","El Paso","31.6675492","-106.287972"
"08/07/2025","AQS","481410057","6","8","ug/m3 LC","44","Socorro Hueco","1","100.0000","88101","PM2.5 - Local Conditions","638","Teledyne T640X at 16.67 LPM w/Network Data Alignment enabled","21340","El Paso, TX","48","Texas","141","El Paso","31.6675492","-106.287972"
"08/08/2025","AQS","481410057","6","11.3","ug/m3 LC","55","Socorro Hueco","1","100.0000","88101","PM2.5 - Local Conditions","638","Teledyne T640X at 16.67 LPM w/Network Data Alignment enabled","21340","El Paso, TX","48","Texas","141","El Paso","31.6675492","-106.287972"
"08/09/2025","AQS","481410057","6","9.6","ug/m3 LC","52","Socorro Hueco","1","100.0000","88101","PM2.5 - Local Conditions","638","Teledyne T640X at 16.67 LPM w/Network Data Alignment enabled","21340","El Paso, TX","48","Texas","141","El Paso","31.6675492","-106.287972"
"08/10/2025","AQS","481410057","6","9.9","ug/m3 LC","52","Socorro Hueco","1","100.0000","88101","PM2.5 - Local Conditions","638","Teledyne T640X at 16.67 LPM w/Network Data Alignment enabled","21340","El Paso, TX","48","Texas","141","El Paso","31.6675492","-106.287972"
"08/11/2025","AQS","481410057","6","7.7","ug/m3 LC","43","Socorro Hueco","1","100.0000","88101","PM2.5 - Local Conditions","638","Teledyne T640X at 16.67 LPM w/Network Data Alignment enabled","21340","El Paso, TX","48","Texas","141","El Paso","31.6675492","-106.287972"
"08/12/2025","AQS","481410057","6","6.3","ug/m3 LC","35","Socorro Hueco","1","100.0000","88101","PM2.5 - Local Conditions","638","Teledyne T640X at 16.67 LPM w/Network Data Alignment enabled","21340","El Paso, TX","48","Texas","141","El Paso","31.6675492","-106.287972"
"08/13/2025","AQS","481410057","6","6.9","ug/m3 LC","38","Socorro Hueco","1","100.0000","88101","PM2.5 - Local Conditions","638","Teledyne T640X at 16.67 LPM w/Network Data Alignment enabled","21340","El Paso, TX","48","Texas","141","El Paso","31.6675492","-106.287972"
"08/14/2025","AQS","481410057","6","7.5","ug/m3 LC","42","Socorro Hueco","1","100.0000","88101","PM2.5 - Local Conditions","638","Teledyne T640X at 16.67 LPM w/Network Data Alignment enabled","21340","El Paso, TX","48","Texas","141","El Paso","31.6675492","-106.287972"
"08/15/2025","AQS","481410057","6","5.1","ug/m3 LC","28","Socorro Hueco","1","100.0000","88101","PM2.5 - Local Conditions","638","Teledyne T640X at 16.67 LPM w/Network Data Alignment enabled","21340","El Paso, TX","48","Texas","141","El Paso","31.6675492","-106.287972"
"08/16/2025","AQS","481410057","6","5.4","ug/m3 LC","30","Socorro Hueco","1","100.0000","88101","PM2.5 - Local Conditions","638","Teledyne T640X at 16.67 LPM w/Network Data Alignment enabled","21340","El Paso, TX","48","Texas","141","El Paso","31.6675492","-106.287972"
"08/17/2025","AQS","481410057","6","5","ug/m3 LC","28","Socorro Hueco","1","100.0000","88101","PM2.5 - Local Conditions","638","Teledyne T640X at 16.67 LPM w/Network Data Alignment enabled","21340","El Paso, TX","48","Texas","141","El Paso","31.6675492","-106.287972"
"08/18/2025","AQS","481410057","6","4.3","ug/m3 LC","24","Socorro Hueco","1","100.0000","88101","PM2.5 - Local Conditions","638","Teledyne T640X at 16.67 LPM w/Network Data Alignment enabled","21340","El Paso, TX","48","Texas","141","El Paso","31.6675492","-106.287972"
"08/19/2025","AQS","481410057","6","5.6","ug/m3 LC","31","Socorro Hueco","1","100.0000","88101","PM2.5 - Local Conditions","638","Teledyne T640X at 16.67 LPM w/Network Data Alignment enabled","21340","El Paso, TX","48","Texas","141","El Paso","31.6675492","-106.287972"
"08/20/2025","AQS","481410057","6","4.7","ug/m3 LC","26","Socorro Hueco","1","100.0000","88101","PM2.5 - Local Conditions","638","Teledyne T640X at 16.67 LPM w/Network Data Alignment enabled","21340","El Paso, TX","48","Texas","141","El Paso","31.6675492","-106.287972"
"08/21/2025","AQS","481410057","6","5.4","ug/m3 LC","30","Socorro Hueco","1","100.0000","88101","PM2.5 - Local Conditions","638","Teledyne T640X at 16.67 LPM w/Network Data Alignment enabled","21340","El Paso, TX","48","Texas","141","El Paso","31.6675492","-106.287972"
"08/22/2025","AQS","481410057","6","6.7","ug/m3 LC","37","Socorro Hueco","1","100.0000","88101","PM2.5 - Local Conditions","638","Teledyne T640X at 16.67 LPM w/Network Data Alignment enabled","21340","El Paso, TX","48","Texas","141","El Paso","31.6675492","-106.287972"
"08/23/2025","AQS","481410057","6","6.8","ug/m3 LC","38","Socorro Hueco","1","100.0000","88101","PM2.5 - Local Conditions","638","Teledyne T640X at 16.67 LPM w/Network Data Alignment enabled","21340","El Paso, TX","48","Texas","141","El Paso","31.6675492","-106.287972"
"08/24/2025","AQS","481410057","6","7.7","ug/m3 LC","43","Socorro Hueco","1","100.0000","88101","PM2.5 - Local Conditions","638","Teledyne T640X at 16.67 LPM w/Network Data Alignment enabled","21340","El Paso, TX","48","Texas","141","El Paso","31.6675492","-106.287972"
"08/25/2025","AQS","481410057","6","7.2","ug/m3 LC","40","Socorro Hueco","1","100.0000","88101","PM2.5 - Local Conditions","638","Teledyne T640X at 16.67 LPM w/Network Data Alignment enabled","21340","El Paso, TX","48","Texas","141","El Paso","31.6675492","-106.287972"
"08/26/2025","AQS","481410057","6","8.3","ug/m3 LC","46","Socorro Hueco","1","100.0000","88101","PM2.5 - Local Conditions","638","Teledyne T640X at 16.67 LPM w/Network Data Alignment enabled","21340","El Paso, TX","48","Texas","141","El Paso","31.6675492","-106.287972"
"08/27/2025","AQS","481410057","6","5.8","ug/m3 LC","32","Socorro Hueco","1","100.0000","88101","PM2.5 - Local Conditions","638","Teledyne T640X at 16.67 LPM w/Network Data Alignment enabled","21340","El Paso, TX","48","Texas","141","El Paso","31.6675492","-106.287972"
"08/28/2025","AQS","481410057","6","4.6","ug/m3 LC","26","Socorro Hueco","1","100.0000","88101","PM2.5 - Local Conditions","638","Teledyne T640X at 16.67 LPM w/Network Data Alignment enabled","21340","El Paso, TX","48","Texas","141","El Paso","31.6675492","-106.287972"
"08/29/2025","AQS","481410057","6","5.5","ug/m3 LC","31","Socorro Hueco","1","100.0000","88101","PM2.5 - Local Conditions","638","Teledyne T640X at 16.67 LPM w/Network Data Alignment enabled","21340","El Paso, TX","48","Texas","141","El Paso","31.6675492","-106.287972"
"08/30/2025","AQS","481410057","6","5.1","ug/m3 LC","28","Socorro Hueco","1","100.0000","88101","PM2.5 - Local Conditions","638","Teledyne T640X at 16.67 LPM w/Network Data Alignment enabled","21340","El Paso, TX","48","Texas","141","El Paso","31.6675492","-106.287972"
"08/31/2025","AQS","481410057","6","3.7","ug/m3 LC","21","Socorro Hueco","1","100.0000","88101","PM2.5 - Local Conditions","638","Teledyne T640X at 16.67 LPM w/Network Data Alignment enabled","21340","El Paso, TX","48","Texas","141","El Paso","31.6675492","-106.287972"
"09/01/2025","AQS","481410057","6","3.6","ug/m3 LC","20","Socorro Hueco","1","100.0000","88101","PM2.5 - Local Conditions","638","Teledyne T640X at 16.67 LPM w/Network Data Alignment enabled","21340","El Paso, TX","48","Texas","141","El Paso","31.6675492","-106.287972"
"09/02/2025","AQS","481410057","6","5.3","ug/m3 LC","29","Socorro Hueco","1","100.0000","88101","PM2.5 - Local Conditions","638","Teledyne T640X at 16.67 LPM w/Network Data Alignment enabled","21340","El Paso, TX","48","Texas","141","El Paso","31.6675492","-106.287972"
"09/03/2025","AQS","481410057","6","6.8","ug/m3 LC","38","Socorro Hueco","1","100.0000","88101","PM2.5 - Local Conditions","638","Teledyne T640X at 16.67 LPM w/Network Data Alignment enabled","21340","El Paso, TX","48","Texas","141","El Paso","31.6675492","-106.287972"
"09/04/2025","AQS","481410057","6","7.7","ug/m3 LC","43","Socorro Hueco","1","100.0000","88101","PM2.5 - Local Conditions","638","Teledyne T640X at 16.67 LPM w/Network Data Alignment enabled","21340","El Paso, TX","48","Texas","141","El Paso","31.6675492","-106.287972"
"09/05/2025","AQS","481410057","6","3.1","ug/m3 LC","17","Socorro Hueco","1","100.0000","88101","PM2.5 - Local Conditions","638","Teledyne T640X at 16.67 LPM w/Network Data Alignment enabled","21340","El Paso, TX","48","Texas","141","El Paso","31.6675492","-106.287972"
"09/06/2025","AQS","481410057","6","2.6","ug/m3 LC","14","Socorro Hueco","1","100.0000","88101","PM2.5 - Local Conditions","638","Teledyne T640X at 16.67 LPM w/Network Data Alignment enabled","21340","El Paso, TX","48","Texas","141","El Paso","31.6675492","-106.287972"
"09/07/2025","AQS","481410057","6","3.5","ug/m3 LC","19","Socorro Hueco","1","100.0000","88101","PM2.5 - Local Conditions","638","Teledyne T640X at 16.67 LPM w/Network Data Alignment enabled","21340","El Paso, TX","48","Texas","141","El Paso","31.6675492","-106.287972"
"09/08/2025","AQS","481410057","6","4.4","ug/m3 LC","24","Socorro Hueco","1","100.0000","88101","PM2.5 - Local Conditions","638","Teledyne T640X at 16.67 LPM w/Network Data Alignment enabled","21340","El Paso, TX","48","Texas","141","El Paso","31.6675492","-106.287972"
"09/09/2025","AQS","481410057","6","4.6","ug/m3 LC","26","Socorro Hueco","1","100.0000","88101","PM2.5 - Local Conditions","638","Teledyne T640X at 16.67 LPM w/Network Data Alignment enabled","21340","El Paso, TX","48","Texas","141","El Paso","31.6675492","-106.287972"
"09/10/2025","AQS","481410057","6","3.9","ug/m3 LC","22","Socorro Hueco","1","100.0000","88101","PM2.5 - Local Conditions","638","Teledyne T640X at 16.67 LPM w/Network Data Alignment enabled","21340","El Paso, TX","48","Texas","141","El Paso","31.6675492","-106.287972"
"09/11/2025","AQS","481410057","6","4.5","ug/m3 LC","25","Socorro Hueco","1","100.0000","88101","PM2.5 - Local Conditions","638","Teledyne T640X at 16.67 LPM w/Network Data Alignment enabled","21340","El Paso, TX","48","Texas","141","El Paso","31.6675492","-106.287972"
"09/12/2025","AQS","481410057","6","4.7","ug/m3 LC","26","Socorro Hueco","1","100.0000","88101","PM2.5 - Local Conditions","638","Teledyne T640X at 16.67 LPM w/Network Data Alignment enabled","21340","El Paso, TX","48","Texas","141","El Paso","31.6675492","-106.287972"
"09/13/2025","AQS","481410057","6","3.6","ug/m3 LC","20","Socorro Hueco","1","100.0000","88101","PM2.5 - Local Conditions","638","Teledyne T640X at 16.67 LPM w/Network Data Alignment enabled","21340","El Paso, TX","48","Texas","141","El Paso","31.6675492","-106.287972"
"09/14/2025","AQS","481410057","6","2.8","ug/m3 LC","16","Socorro Hueco","1","100.0000","88101","PM2.5 - Local Conditions","638","Teledyne T640X at 16.67 LPM w/Network Data Alignment enabled","21340","El Paso, TX","48","Texas","141","El Paso","31.6675492","-106.287972"
"09/15/2025","AQS","481410057","6","3.3","ug/m3 LC","18","Socorro Hueco","1","100.0000","88101","PM2.5 - Local Conditions","638","Teledyne T640X at 16.67 LPM w/Network Data Alignment enabled","21340","El Paso, TX","48","Texas","141","El Paso","31.6675492","-106.287972"
"09/16/2025","AQS","481410057","6","7.9","ug/m3 LC","44","Socorro Hueco","1","100.0000","88101","PM2.5 - Local Conditions","638","Teledyne T640X at 16.67 LPM w/Network Data Alignment enabled","21340","El Paso, TX","48","Texas","141","El Paso","31.6675492","-106.287972"
"09/17/2025","AQS","481410057","6","4.6","ug/m3 LC","26","Socorro Hueco","1","100.0000","88101","PM2.5 - Local Conditions","638","Teledyne T640X at 16.67 LPM w/Network Data Alignment enabled","21340","El Paso, TX","48","Texas","141","El Paso","31.6675492","-106.287972"
"09/18/2025","AQS","481410057","6","4.6","ug/m3 LC","26","Socorro Hueco","1","100.0000","88101","PM2.5 - Local Conditions","638","Teledyne T640X at 16.67 LPM w/Network Data Alignment enabled","21340","El Paso, TX","48","Texas","141","El Paso","31.6675492","-106.287972"
"09/19/2025","AQS","481410057","6","4.2","ug/m3 LC","23","Socorro Hueco","1","100.0000","88101","PM2.5 - Local Conditions","638","Teledyne T640X at 16.67 LPM w/Network Data Alignment enabled","21340","El Paso, TX","48","Texas","141","El Paso","31.6675492","-106.287972"
"09/20/2025","AQS","481410057","6","4.4","ug/m3 LC","24","Socorro Hueco","1","100.0000","88101","PM2.5 - Local Conditions","638","Teledyne T640X at 16.67 LPM w/Network Data Alignment enabled","21340","El Paso, TX","48","Texas","141","El Paso","31.6675492","-106.287972"
"09/21/2025","AQS","481410057","6","5.5","ug/m3 LC","31","Socorro Hueco","1","100.0000","88101","PM2.5 - Local Conditions","638","Teledyne T640X at 16.67 LPM w/Network Data Alignment enabled","21340","El Paso, TX","48","Texas","141","El Paso","31.6675492","-106.287972"
"09/22/2025","AQS","481410057","6","5.8","ug/m3 LC","32","Socorro Hueco","1","100.0000","88101","PM2.5 - Local Conditions","638","Teledyne T640X at 16.67 LPM w/Network Data Alignment enabled","21340","El Paso, TX","48","Texas","141","El Paso","31.6675492","-106.287972"
"09/23/2025","AQS","481410057","6","4.6","ug/m3 LC","26","Socorro Hueco","1","100.0000","88101","PM2.5 - Local Conditions","638","Teledyne T640X at 16.67 LPM w/Network Data Alignment enabled","21340","El Paso, TX","48","Texas","141","El Paso","31.6675492","-106.287972"
"09/24/2025","AQS","481410057","6","3.1","ug/m3 LC","17","Socorro Hueco","1","100.0000","88101","PM2.5 - Local Conditions","638","Teledyne T640X at 16.67 LPM w/Network Data Alignment enabled","21340","El Paso, TX","48","Texas","141","El Paso","31.6675492","-106.287972"
"09/25/2025","AQS","481410057","6","5.5","ug/m3 LC","31","Socorro Hueco","1","100.0000","88101","PM2.5 - Local Conditions","638","Teledyne T640X at 16.67 LPM w/Network Data Alignment enabled","21340","El Paso, TX","48","Texas","141","El Paso","31.6675492","-106.287972"
"09/26/2025","AQS","481410057","6","4.4","ug/m3 LC","24","Socorro Hueco","1","100.0000","88101","PM2.5 - Local Conditions","638","Teledyne T640X at 16.67 LPM w/Network Data Alignment enabled","21340","El Paso, TX","48","Texas","141","El Paso","31.6675492","-106.287972"
"09/27/2025","AQS","481410057","6","2.6","ug/m3 LC","14","Socorro Hueco","1","100.0000","88101","PM2.5 - Local Conditions","638","Teledyne T640X at 16.67 LPM w/Network Data Alignment enabled","21340","El Paso, TX","48","Texas","141","El Paso","31.6675492","-106.287972"
"09/28/2025","AQS","481410057","6","4","ug/m3 LC","22","Socorro Hueco","1","100.0000","88101","PM2.5 - Local Conditions","638","Teledyne T640X at 16.67 LPM w/Network Data Alignment enabled","21340","El Paso, TX","48","Texas","141","El Paso","31.6675492","-106.287972"
"09/29/2025","AQS","481410057","6","2.7","ug/m3 LC","15","Socorro Hueco","1","100.0000","88101","PM2.5 - Local Conditions","638","Teledyne T640X at 16.67 LPM w/Network Data Alignment enabled","21340","El Paso, TX","48","Texas","141","El Paso","31.6675492","-106.287972"
"09/30/2025","AQS","481410057","6","5.3","ug/m3 LC","29","Socorro Hueco","1","100.0000","88101","PM2.5 - Local Conditions","638","Teledyne T640X at 16.67 LPM w/Network Data Alignment enabled","21340","El Paso, TX","48","Texas","141","El Paso","31.6675492","-106.287972"
"10/01/2025","AQS","481410057","6","5.7","ug/m3 LC","32","Socorro Hueco","1","100.0000","88101","PM2.5 - Local Conditions","638","Teledyne T640X at 16.67 LPM w/Network Data Alignment enabled","21340","El Paso, TX","48","Texas","141","El Paso","31.6675492","-106.287972"
"10/02/2025","AQS","481410057","6","5.4","ug/m3 LC","30","Socorro Hueco","1","100.0000","88101","PM2.5 - Local Conditions","638","Teledyne T640X at 16.67 LPM w/Network Data Alignment enabled","21340","El Paso, TX","48","Texas","141","El Paso","31.6675492","-106.287972"
"10/03/2025","AQS","481410057","6","5.3","ug/m3 LC","29","Socorro Hueco","1","100.0000","88101","PM2.5 - Local Conditions","638","Teledyne T640X at 16.67 LPM w/Network Data Alignment enabled","21340","El Paso, TX","48","Texas","141","El Paso","31.6675492","-106.287972"
"10/04/2025","AQS","481410057","6","7.2","ug/m3 LC","40","Socorro Hueco","1","100.0000","88101","PM2.5 - Local Conditions","638","Teledyne T640X at 16.67 LPM w/Network Data Alignment enabled","21340","El Paso, TX","48","Texas","141","El Paso","31.6675492","-106.287972"
"10/05/2025","AQS","481410057","6","6.1","ug/m3 LC","34","Socorro Hueco","1","100.0000","88101","PM2.5 - Local Conditions","638","Teledyne T640X at 16.67 LPM w/Network Data Alignment enabled","21340","El Paso, TX","48","Texas","141","El Paso","31.6675492","-106.287972"
"10/06/2025","AQS","481410057","6","12.1","ug/m3 LC","57","Socorro Hueco","1","100.0000","88101","PM2.5 - Local Conditions","638","Teledyne T640X at 16.67 LPM w/Network Data Alignment enabled","21340","El Paso, TX","48","Texas","141","El Paso","31.6675492","-106.287972"
"10/07/2025","AQS","481410057","6","6.8","ug/m3 LC","38","Socorro Hueco","1","100.0000","88101","PM2.5 - Local Conditions","638","Teledyne T640X at 16.67 LPM w/Network Data Alignment enabled","21340","El Paso, TX","48","Texas","141","El Paso","31.6675492","-106.287972"
"10/08/2025","AQS","481410057","6","5.4","ug/m3 LC","30","Socorro Hueco","1","100.0000","88101","PM2.5 - Local Conditions","638","Teledyne T640X at 16.67 LPM w/Network Data Alignment enabled","21340","El Paso, TX","48","Texas","141","El Paso","31.6675492","-106.287972"
"10/09/2025","AQS","481410057","6","4.8","ug/m3 LC","27","Socorro Hueco","1","100.0000","88101","PM2.5 - Local Conditions","638","Teledyne T640X at 16.67 LPM w/Network Data Alignment enabled","21340","El Paso, TX","48","Texas","141","El Paso","31.6675492","-106.287972"
"10/10/2025","AQS","481410057","6","6.1","ug/m3 LC","34","Socorro Hueco","1","100.0000","88101","PM2.5 - Local Conditions","638","Teledyne T640X at 16.67 LPM w/Network Data Alignment enabled","21340","El Paso, TX","48","Texas","141","El Paso","31.6675492","-106.287972"
"10/11/2025","AQS","481410057","6","5.1","ug/m3 LC","28","Socorro Hueco","1","100.0000","88101","PM2.5 - Local Conditions","638","Teledyne T640X at 16.67 LPM w/Network Data Alignment enabled","21340","El Paso, TX","48","Texas","141","El Paso","31.6675492","-106.287972"
"10/12/2025","AQS","481410057","6","2.3","ug/m3 LC","13","Socorro Hueco","1","100.0000","88101","PM2.5 - Local Conditions","638","Teledyne T640X at 16.67 LPM w/Network Data Alignment enabled","21340","El Paso, TX","48","Texas","141","El Paso","31.6675492","-106.287972"
"10/13/2025","AQS","481410057","6","1.8","ug/m3 LC","10","Socorro Hueco","1","100.0000","88101","PM2.5 - Local Conditions","638","Teledyne T640X at 16.67 LPM w/Network Data Alignment enabled","21340","El Paso, TX","48","Texas","141","El Paso","31.6675492","-106.287972"
"10/14/2025","AQS","481410057","6","4.8","ug/m3 LC","27","Socorro Hueco","1","100.0000","88101","PM2.5 - Local Conditions","638","Teledyne T640X at 16.67 LPM w/Network Data Alignment enabled","21340","El Paso, TX","48","Texas","141","El Paso","31.6675492","-106.287972"
"10/15/2025","AQS","481410057","6","4.3","ug/m3 LC","24","Socorro Hueco","1","100.0000","88101","PM2.5 - Local Conditions","638","Teledyne T640X at 16.67 LPM w/Network Data Alignment enabled","21340","El Paso, TX","48","Texas","141","El Paso","31.6675492","-106.287972"
"10/16/2025","AQS","481410057","6","7.9","ug/m3 LC","44","Socorro Hueco","1","100.0000","88101","PM2.5 - Local Conditions","638","Teledyne T640X at 16.67 LPM w/Network Data Alignment enabled","21340","El Paso, TX","48","Texas","141","El Paso","31.6675492","-106.287972"
"10/17/2025","AQS","481410057","6","7.3","ug/m3 LC","41","Socorro Hueco","1","100.0000","88101","PM2.5 - Local Conditions","638","Teledyne T640X at 16.67 LPM w/Network Data Alignment enabled","21340","El Paso, TX","48","Texas","141","El Paso","31.6675492","-106.287972"
"10/18/2025","AQS","481410057","6","4.8","ug/m3 LC","27","Socorro Hueco","1","100.0000","88101","PM2.5 - Local Conditions","638","Teledyne T640X at 16.67 LPM w/Network Data Alignment enabled","21340","El Paso, TX","48","Texas","141","El Paso","31.6675492","-106.287972"
"10/19/2025","AQS","481410057","6","7.3","ug/m3 LC","41","Socorro Hueco","1","100.0000","88101","PM2.5 - Local Conditions","638","Teledyne T640X at 16.67 LPM w/Network Data Alignment enabled","21340","El Paso, TX","48","Texas","141","El Paso","31.6675492","-106.287972"
"10/20/2025","AQS","481410057","6","7.8","ug/m3 LC","43","Socorro Hueco","1","100.0000","88101","PM2.5 - Local Conditions","638","Teledyne T640X at 16.67 LPM w/Network Data Alignment enabled","21340","El Paso, TX","48","Texas","141","El Paso","31.6675492","-106.287972"
"10/21/2025","AQS","481410057","6","5.4","ug/m3 LC","30","Socorro Hueco","1","100.0000","88101","PM2.5 - Local Conditions","638","Teledyne T640X at 16.67 LPM w/Network Data Alignment enabled","21340","El Paso, TX","48","Texas","141","El Paso","31.6675492","-106.287972"
"10/22/2025","AQS","481410057","6","7.4","ug/m3 LC","41","Socorro Hueco","1","100.0000","88101","PM2.5 - Local Conditions","638","Teledyne T640X at 16.67 LPM w/Network Data Alignment enabled","21340","El Paso, TX","48","Texas","141","El Paso","31.6675492","-106.287972"
"10/23/2025","AQS","481410057","6","8.3","ug/m3 LC","46","Socorro Hueco","1","100.0000","88101","PM2.5 - Local Conditions","638","Teledyne T640X at 16.67 LPM w/Network Data Alignment enabled","21340","El Paso, TX","48","Texas","141","El Paso","31.6675492","-106.287972"
"10/24/2025","AQS","481410057","6","6.5","ug/m3 LC","36","Socorro Hueco","1","100.0000","88101","PM2.5 - Local Conditions","638","Teledyne T640X at 16.67 LPM w/Network Data Alignment enabled","21340","El Paso, TX","48","Texas","141","El Paso","31.6675492","-106.287972"
"10/25/2025","AQS","481410057","6","6.6","ug/m3 LC","37","Socorro Hueco","1","100.0000","88101","PM2.5 - Local Conditions","638","Teledyne T640X at 16.67 LPM w/Network Data Alignment enabled","21340","El Paso, TX","48","Texas","141","El Paso","31.6675492","-106.287972"
"10/26/2025","AQS","481410057","6","8","ug/m3 LC","44","Socorro Hueco","1","100.0000","88101","PM2.5 - Local Conditions","638","Teledyne T640X at 16.67 LPM w/Network Data Alignment enabled","21340","El Paso, TX","48","Texas","141","El Paso","31.6675492","-106.287972"
"10/27/2025","AQS","481410057","6","5.9","ug/m3 LC","33","Socorro Hueco","1","100.0000","88101","PM2.5 - Local Conditions","638","Teledyne T640X at 16.67 LPM w/Network Data Alignment enabled","21340","El Paso, TX","48","Texas","141","El Paso","31.6675492","-106.287972"
"10/28/2025","AQS","481410057","6","5.4","ug/m3 LC","30","Socorro Hueco","1","100.0000","88101","PM2.5 - Local Conditions","638","Teledyne T640X at 16.67 LPM w/Network Data Alignment enabled","21340","El Paso, TX","48","Texas","141","El Paso","31.6675492","-106.287972"
"10/29/2025","AQS","481410057","6","6.4","ug/m3 LC","36","Socorro Hueco","1","100.0000","88101","PM2.5 - Local Conditions","638","Teledyne T640X at 16.67 LPM w/Network Data Alignment enabled","21340","El Paso, TX","48","Texas","141","El Paso","31.6675492","-106.287972"
"10/30/2025","AQS","481410057","6","9.2","ug/m3 LC","51","Socorro Hueco","1","100.0000","88101","PM2.5 - Local Conditions","638","Teledyne T640X at 16.67 LPM w/Network Data Alignment enabled","21340","El Paso, TX","48","Texas","141","El Paso","31.6675492","-106.287972"
"10/31/2025","AQS","481410057","6","8.4","ug/m3 LC","47","Socorro Hueco","1","100.0000","88101","PM2.5 - Local Conditions","638","Teledyne T640X at 16.67 LPM w/Network Data Alignment enabled","21340","El Paso, TX","48","Texas","141","El Paso","31.6675492","-106.287972"
"11/01/2025","AQS","481410057","6","4.7","ug/m3 LC","26","Socorro Hueco","1","100.0000","88101","PM2.5 - Local Conditions","638","Teledyne T640X at 16.67 LPM w/Network Data Alignment enabled","21340","El Paso, TX","48","Texas","141","El Paso","31.6675492","-106.287972"
"11/02/2025","AQS","481410057","6","9.3","ug/m3 LC","51","Socorro Hueco","1","100.0000","88101","PM2.5 - Local Conditions","638","Teledyne T640X at 16.67 LPM w/Network Data Alignment enabled","21340","El Paso, TX","48","Texas","141","El Paso","31.6675492","-106.287972"
"11/03/2025","AQS","481410057","6","8.2","ug/m3 LC","46","Socorro Hueco","1","100.0000","88101","PM2.5 - Local Conditions","638","Teledyne T640X at 16.67 LPM w/Network Data Alignment enabled","21340","El Paso, TX","48","Texas","141","El Paso","31.6675492","-106.287972"
"11/04/2025","AQS","481410057","6","12.8","ug/m3 LC","58","Socorro Hueco","1","100.0000","88101","PM2.5 - Local Conditions","638","Teledyne T640X at 16.67 LPM w/Network Data Alignment enabled","21340","El Paso, TX","48","Texas","141","El Paso","31.6675492","-106.287972"
"11/05/2025","AQS","481410057","6","13.1","ug/m3 LC","58","Socorro Hueco","1","100.0000","88101","PM2.5 - Local Conditions","638","Teledyne T640X at 16.67 LPM w/Network Data Alignment enabled","21340","El Paso, TX","48","Texas","141","El Paso","31.6675492","-106.287972"
"11/06/2025","AQS","481410057","6","11.6","ug/m3 LC","56","Socorro Hueco","1","100.0000","88101","PM2.5 - Local Conditions","638","Teledyne T640X at 16.67 LPM w/Network Data Alignment enabled","21340","El Paso, TX","48","Texas","141","El Paso","31.6675492","-106.287972"
"11/07/2025","AQS","481410057","6","16.1","ug/m3 LC","64","Socorro Hueco","1","100.0000","88101","PM2.5 - Local Conditions","638","Teledyne T640X at 16.67 LPM w/Network Data Alignment enabled","21340","El Paso, TX","48","Texas","141","El Paso","31.6675492","-106.287972"
"11/08/2025","AQS","481410057","6","11","ug/m3 LC","55","Socorro Hueco","1","100.0000","88101","PM2.5 - Local Conditions","638","Teledyne T640X at 16.67 LPM w/Network Data Alignment enabled","21340","El Paso, TX","48","Texas","141","El Paso","31.6675492","-106.287972"
"11/09/2025","AQS","481410057","6","12.7","ug/m3 LC","58","Socorro Hueco","1","100.0000","88101","PM2.5 - Local Conditions","638","Teledyne T640X at 16.67 LPM w/Network Data Alignment enabled","21340","El Paso, TX","48","Texas","141","El Paso","31.6675492","-106.287972"
"11/10/2025","AQS","481410057","6","9","ug/m3 LC","50","Socorro Hueco","1","100.0000","88101","PM2.5 - Local Conditions","638","Teledyne T640X at 16.67 LPM w/Network Data Alignment enabled","21340","El Paso, TX","48","Texas","141","El Paso","31.6675492","-106.287972"
"11/11/2025","AQS","481410057","6","17.5","ug/m3 LC","67","Socorro Hueco","1","100.0000","88101","PM2.5 - Local Conditions","638","Teledyne T640X at 16.67 LPM w/Network Data Alignment enabled","21340","El Paso, TX","48","Texas","141","El Paso","31.6675492","-106.287972"
"11/12/2025","AQS","481410057","6","18.1","ug/m3 LC","68","Socorro Hueco","1","100.0000","88101","PM2.5 - Local Conditions","638","Teledyne T640X at 16.67 LPM w/Network Data Alignment enabled","21340","El Paso, TX","48","Texas","141","El Paso","31.6675492","-106.287972"
"11/13/2025","AQS","481410057","6","16","ug/m3 LC","64","Socorro Hueco","1","100.0000","88101","PM2.5 - Local Conditions","638","Teledyne T640X at 16.67 LPM w/Network Data Alignment enabled","21340","El Paso, TX","48","Texas","141","El Paso","31.6675492","-106.287972"
"11/14/2025","AQS","481410057","6","17.4","ug/m3 LC","66","Socorro Hueco","1","100.0000","88101","PM2.5 - Local Conditions","638","Teledyne T640X at 16.67 LPM w/Network Data Alignment enabled","21340","El Paso, TX","48","Texas","141","El Paso","31.6675492","-106.287972"
"11/15/2025","AQS","481410057","6","26.8","ug/m3 LC","84","Socorro Hueco","1","100.0000","88101","PM2.5 - Local Conditions","638","Teledyne T640X at 16.67 LPM w/Network Data Alignment enabled","21340","El Paso, TX","48","Texas","141","El Paso","31.6675492","-106.287972"
"11/16/2025","AQS","481410057","6","11.9","ug/m3 LC","56","Socorro Hueco","1","100.0000","88101","PM2.5 - Local Conditions","638","Teledyne T640X at 16.67 LPM w/Network Data Alignment enabled","21340","El Paso, TX","48","Texas","141","El Paso","31.6675492","-106.287972"
"11/17/2025","AQS","481410057","6","7.9","ug/m3 LC","44","Socorro Hueco","1","100.0000","88101","PM2.5 - Local Conditions","638","Teledyne T640X at 16.67 LPM w/Network Data Alignment enabled","21340","El Paso, TX","48","Texas","141","El Paso","31.6675492","-106.287972"
"11/18/2025","AQS","481410057","6","7.9","ug/m3 LC","44","Socorro Hueco","1","100.0000","88101","PM2.5 - Local Conditions","638","Teledyne T640X at 16.67 LPM w/Network Data Alignment enabled","21340","El Paso, TX","48","Texas","141","El Paso","31.6675492","-106.287972"
"11/19/2025","AQS","481410057","6","4.5","ug/m3 LC","25","Socorro Hueco","1","100.0000","88101","PM2.5 - Local Conditions","638","Teledyne T640X at 16.67 LPM w/Network Data Alignment enabled","21340","El Paso, TX","48","Texas","141","El Paso","31.6675492","-106.287972"
"11/20/2025","AQS","481410057","6","3.6","ug/m3 LC","20","Socorro Hueco","1","100.0000","88101","PM2.5 - Local Conditions","638","Teledyne T640X at 16.67 LPM w/Network Data Alignment enabled","21340","El Paso, TX","48","Texas","141","El Paso","31.6675492","-106.287972"
"11/21/2025","AQS","481410057","6","7","ug/m3 LC","39","Socorro Hueco","1","100.0000","88101","PM2.5 - Local Conditions","638","Teledyne T640X at 16.67 LPM w/Network Data Alignment enabled","21340","El Paso, TX","48","Texas","141","El Paso","31.6675492","-106.287972"
"11/22/2025","AQS","481410057","6","3.3","ug/m3 LC","18","Socorro Hueco","1","100.0000","88101","PM2.5 - Local Conditions","638","Teledyne T640X at 16.67 LPM w/Network Data Alignment enabled","21340","El Paso, TX","48","Texas","141","El Paso","31.6675492","-106.287972"
"11/23/2025","AQS","481410057","6","3.9","ug/m3 LC","22","Socorro Hueco","1","100.0000","88101","PM2.5 - Local Conditions","638","Teledyne T640X at 16.67 LPM w/Network Data Alignment enabled","21340","El Paso, TX","48","Texas","141","El Paso","31.6675492","-106.287972"
"11/24/2025","AQS","481410057","6","6","ug/m3 LC","33","Socorro Hueco","1","100.0000","88101","PM2.5 - Local Conditions","638","Teledyne T640X at 16.67 LPM w/Network Data Alignment enabled","21340","El Paso, TX","48","Texas","141","El Paso","31.6675492","-106.287972"
"11/25/2025","AQS","481410057","6","8.4","ug/m3 LC","47","Socorro Hueco","1","100.0000","88101","PM2.5 - Local Conditions","638","Teledyne T640X at 16.67 LPM w/Network Data Alignment enabled","21340","El Paso, TX","48","Texas","141","El Paso","31.6675492","-106.287972"
"11/26/2025","AQS","481410057","6","6.6","ug/m3 LC","37","Socorro Hueco","1","100.0000","88101","PM2.5 - Local Conditions","638","Teledyne T640X at 16.67 LPM w/Network Data Alignment enabled","21340","El Paso, TX","48","Texas","141","El Paso","31.6675492","-106.287972"
"11/27/2025","AQS","481410057","6","6.1","ug/m3 LC","34","Socorro Hueco","1","100.0000","88101","PM2.5 - Local Conditions","638","Teledyne T640X at 16.67 LPM w/Network Data Alignment enabled","21340","El Paso, TX","48","Texas","141","El Paso","31.6675492","-106.287972"
"11/28/2025","AQS","481410057","6","19.4","ug/m3 LC","70","Socorro Hueco","1","100.0000","88101","PM2.5 - Local Conditions","638","Teledyne T640X at 16.67 LPM w/Network Data Alignment enabled","21340","El Paso, TX","48","Texas","141","El Paso","31.6675492","-106.287972"
"11/29/2025","AQS","481410057","6","17.1","ug/m3 LC","66","Socorro Hueco","1","100.0000","88101","PM2.5 - Local Conditions","638","Teledyne T640X at 16.67 LPM w/Network Data Alignment enabled","21340","El Paso, TX","48","Texas","141","El Paso","31.6675492","-106.287972"
"11/30/2025","AQS","481410057","6","6.9","ug/m3 LC","38","Socorro Hueco","1","100.0000","88101","PM2.5 - Local Conditions","638","Teledyne T640X at 16.67 LPM w/Network Data Alignment enabled","21340","El Paso, TX","48","Texas","141","El Paso","31.6675492","-106.287972"
"12/01/2025","AQS","481410057","6","8.4","ug/m3 LC","47","Socorro Hueco","1","100.0000","88101","PM2.5 - Local Conditions","638","Teledyne T640X at 16.67 LPM w/Network Data Alignment enabled","21340","El Paso, TX","48","Texas","141","El Paso","31.6675492","-106.287972"
"12/02/2025","AQS","481410057","6","11.3","ug/m3 LC","55","Socorro Hueco","1","100.0000","88101","PM2.5 - Local Conditions","638","Teledyne T640X at 16.67 LPM w/Network Data Alignment enabled","21340","El Paso, TX","48","Texas","141","El Paso","31.6675492","-106.287972"
"12/03/2025","AQS","481410057","6","19.5","ug/m3 LC","70","Socorro Hueco","1","100.0000","88101","PM2.5 - Local Conditions","638","Teledyne T640X at 16.67 LPM w/Network Data Alignment enabled","21340","El Paso, TX","48","Texas","141","El Paso","31.6675492","-106.287972"
"12/04/2025","AQS","481410057","6","5.9","ug/m3 LC","33","Socorro Hueco","1","100.0000","88101","PM2.5 - Local Conditions","638","Teledyne T640X at 16.67 LPM w/Network Data Alignment enabled","21340","El Paso, TX","48","Texas","141","El Paso","31.6675492","-106.287972"
"12/05/2025","AQS","481410057","6","12","ug/m3 LC","56","Socorro Hueco","1","100.0000","88101","PM2.5 - Local Conditions","638","Teledyne T640X at 16.67 LPM w/Network Data Alignment enabled","21340","El Paso, TX","48","Texas","141","El Paso","31.6675492","-106.287972"
"12/06/2025","AQS","481410057","6","10.2","ug/m3 LC","53","Socorro Hueco","1","100.0000","88101","PM2.5 - Local Conditions","638","Teledyne T640X at 16.67 LPM w/Network Data Alignment enabled","21340","El Paso, TX","48","Texas","141","El Paso","31.6675492","-106.287972"
"12/07/2025","AQS","481410057","6","4.2","ug/m3 LC","23","Socorro Hueco","1","100.0000","88101","PM2.5 - Local Conditions","638","Teledyne T640X at 16.67 LPM w/Network Data Alignment enabled","21340","El Paso, TX","48","Texas","141","El Paso","31.6675492","-106.287972"
"12/08/2025","AQS","481410057","6","13.8","ug/m3 LC","60","Socorro Hueco","1","100.0000","88101","PM2.5 - Local Conditions","638","Teledyne T640X at 16.67 LPM w/Network Data Alignment enabled","21340","El Paso, TX","48","Texas","141","El Paso","31.6675492","-106.287972"
"12/09/2025","AQS","481410057","6","19.6","ug/m3 LC","71","Socorro Hueco","1","100.0000","88101","PM2.5 - Local Conditions","638","Teledyne T640X at 16.67 LPM w/Network Data Alignment enabled","21340","El Paso, TX","48","Texas","141","El Paso","31.6675492","-106.287972"
"12/10/2025","AQS","481410057","6","14.1","ug/m3 LC","60","Socorro Hueco","1","100.0000","88101","PM2.5 - Local Conditions","638","Teledyne T640X at 16.67 LPM w/Network Data Alignment enabled","21340","El Paso, TX","48","Texas","141","El Paso","31.6675492","-106.287972"
"12/11/2025","AQS","481410057","6","16.5","ug/m3 LC","65","Socorro Hueco","1","100.0000","88101","PM2.5 - Local Conditions","638","Teledyne T640X at 16.67 LPM w/Network Data Alignment enabled","21340","El Paso, TX","48","Texas","141","El Paso","31.6675492","-106.287972"
"12/12/2025","AQS","481410057","6","14.5","ug/m3 LC","61","Socorro Hueco","1","100.0000","88101","PM2.5 - Local Conditions","638","Teledyne T640X at 16.67 LPM w/Network Data Alignment enabled","21340","El Paso, TX","48","Texas","141","El Paso","31.6675492","-106.287972"
"12/13/2025","AQS","481410057","6","18.4","ug/m3 LC","68","Socorro Hueco","1","100.0000","88101","PM2.5 - Local Conditions","638","Teledyne T640X at 16.67 LPM w/Network Data Alignment enabled","21340","El Paso, TX","48","Texas","141","El Paso","31.6675492","-106.287972"
"12/14/2025","AQS","481410057","6","15.2","ug/m3 LC","62","Socorro Hueco","1","100.0000","88101","PM2.5 - Local Conditions","638","Teledyne T640X at 16.67 LPM w/Network Data Alignment enabled","21340","El Paso, TX","48","Texas","141","El Paso","31.6675492","-106.287972"
"12/15/2025","AQS","481410057","6","19.9","ug/m3 LC","71","Socorro Hueco","1","100.0000","88101","PM2.5 - Local Conditions","638","Teledyne T640X at 16.67 LPM w/Network Data Alignment enabled","21340","El Paso, TX","48","Texas","141","El Paso","31.6675492","-106.287972"
"12/16/2025","AQS","481410057","6","16.2","ug/m3 LC","64","Socorro Hueco","1","100.0000","88101","PM2.5 - Local Conditions","638","Teledyne T640X at 16.67 LPM w/Network Data Alignment enabled","21340","El Paso, TX","48","Texas","141","El Paso","31.6675492","-106.287972"
"12/17/2025","AQS","481410057","6","16.5","ug/m3 LC","65","Socorro Hueco","1","100.0000","88101","PM2.5 - Local Conditions","638","Teledyne T640X at 16.67 LPM w/Network Data Alignment enabled","21340","El Paso, TX","48","Texas","141","El Paso","31.6675492","-106.287972"
"12/18/2025","AQS","481410057","6","10.9","ug/m3 LC","54","Socorro Hueco","1","100.0000","88101","PM2.5 - Local Conditions","638","Teledyne T640X at 16.67 LPM w/Network Data Alignment enabled","21340","El Paso, TX","48","Texas","141","El Paso","31.6675492","-106.287972"
"12/19/2025","AQS","481410057","6","15.1","ug/m3 LC","62","Socorro Hueco","1","100.0000","88101","PM2.5 - Local Conditions","638","Teledyne T640X at 16.67 LPM w/Network Data Alignment enabled","21340","El Paso, TX","48","Texas","141","El Paso","31.6675492","-106.287972"
"12/20/2025","AQS","481410057","6","8.7","ug/m3 LC","48","Socorro Hueco","1","100.0000","88101","PM2.5 - Local Conditions","638","Teledyne T640X at 16.67 LPM w/Network Data Alignment enabled","21340","El Paso, TX","48","Texas","141","El Paso","31.6675492","-106.287972"
"12/21/2025","AQS","481410057","6","10.5","ug/m3 LC","54","Socorro Hueco","1","100.0000","88101","PM2.5 - Local Conditions","638","Teledyne T640X at 16.67 LPM w/Network Data Alignment enabled","21340","El Paso, TX","48","Texas","141","El Paso","31.6675492","-106.287972"
"12/22/2025","AQS","481410057","6","18.5","ug/m3 LC","69","Socorro Hueco","1","100.0000","88101","PM2.5 - Local Conditions","638","Teledyne T640X at 16.67 LPM w/Network Data Alignment enabled","21340","El Paso, TX","48","Texas","141","El Paso","31.6675492","-106.287972"
"12/23/2025","AQS","481410057","6","20.3","ug/m3 LC","72","Socorro Hueco","1","100.0000","88101","PM2.5 - Local Conditions","638","Teledyne T640X at 16.67 LPM w/Network Data Alignment enabled","21340","El Paso, TX","48","Texas","141","El Paso","31.6675492","-106.287972"
"12/24/2025","AQS","481410057","6","29.4","ug/m3 LC","89","Socorro Hueco","1","100.0000","88101","PM2.5 - Local Conditions","638","Teledyne T640X at 16.67 LPM w/Network Data Alignment enabled","21340","El Paso, TX","48","Texas","141","El Paso","31.6675492","-106.287972"
"12/25/2025","AQS","481410057","6","24.3","ug/m3 LC","79","Socorro Hueco","1","100.0000","88101","PM2.5 - Local Conditions","638","Teledyne T640X at 16.67 LPM w/Network Data Alignment enabled","21340","El Paso, TX","48","Texas","141","El Paso","31.6675492","-106.287972"
"12/26/2025","AQS","481410057","6","17.3","ug/m3 LC","66","Socorro Hueco","1","100.0000","88101","PM2.5 - Local Conditions","638","Teledyne T640X at 16.67 LPM w/Network Data Alignment enabled","21340","El Paso, TX","48","Texas","141","El Paso","31.6675492","-106.287972"
"12/27/2025","AQS","481410057","6","12.4","ug/m3 LC","57","Socorro Hueco","1","100.0000","88101","PM2.5 - Local Conditions","638","Teledyne T640X at 16.67 LPM w/Network Data Alignment enabled","21340","El Paso, TX","48","Texas","141","El Paso","31.6675492","-106.287972"
"12/28/2025","AQS","481410057","6","4.2","ug/m3 LC","23","Socorro Hueco","1","100.0000","88101","PM2.5 - Local Conditions","638","Teledyne T640X at 16.67 LPM w/Network Data Alignment enabled","21340","El Paso, TX","48","Texas","141","El Paso","31.6675492","-106.287972"
"12/29/2025","AQS","481410057","6","6.5","ug/m3 LC","36","Socorro Hueco","1","100.0000","88101","PM2.5 - Local Conditions","638","Teledyne T640X at 16.67 LPM w/Network Data Alignment enabled","21340","El Paso, TX","48","Texas","141","El Paso","31.6675492","-106.287972"
"12/30/2025","AQS","481410057","6","5.6","ug/m3 LC","31","Socorro Hueco","1","100.0000","88101","PM2.5 - Local Conditions","638","Teledyne T640X at 16.67 LPM w/Network Data Alignment enabled","21340","El Paso, TX","48","Texas","141","El Paso","31.6675492","-106.287972"
"12/31/2025","AQS","481410057","6","30.1","ug/m3 LC","90","Socorro Hueco","1","100.0000","88101","PM2.5 - Local Conditions","638","Teledyne T640X at 16.67 LPM w/Network Data Alignment enabled","21340","El Paso, TX","48","Texas","141","El Paso","31.6675492","-106.287972"
"08/19/2025","AQS","481410058","3","4.7","ug/m3 LC","26","Skyline Park","1","100.0000","88101","PM2.5 - Local Conditions","209","Met One BAM-1022 Mass Monitor w/ VSCC or TE-PM2.5C","21340","El Paso, TX","48","Texas","141","El Paso","31.893941","-106.425837"
"08/20/2025","AQS","481410058","3","4.9","ug/m3 LC","27","Skyline Park","1","100.0000","88101","PM2.5 - Local Conditions","209","Met One BAM-1022 Mass Monitor w/ VSCC or TE-PM2.5C","21340","El Paso, TX","48","Texas","141","El Paso","31.893941","-106.425837"
"08/21/2025","AQS","481410058","3","4","ug/m3 LC","22","Skyline Park","1","100.0000","88101","PM2.5 - Local Conditions","209","Met One BAM-1022 Mass Monitor w/ VSCC or TE-PM2.5C","21340","El Paso, TX","48","Texas","141","El Paso","31.893941","-106.425837"
"08/22/2025","AQS","481410058","3","4.4","ug/m3 LC","24","Skyline Park","1","100.0000","88101","PM2.5 - Local Conditions","209","Met One BAM-1022 Mass Monitor w/ VSCC or TE-PM2.5C","21340","El Paso, TX","48","Texas","141","El Paso","31.893941","-106.425837"
"08/23/2025","AQS","481410058","3","4.6","ug/m3 LC","26","Skyline Park","1","100.0000","88101","PM2.5 - Local Conditions","209","Met One BAM-1022 Mass Monitor w/ VSCC or TE-PM2.5C","21340","El Paso, TX","48","Texas","141","El Paso","31.893941","-106.425837"
"08/24/2025","AQS","481410058","3","5.6","ug/m3 LC","31","Skyline Park","1","100.0000","88101","PM2.5 - Local Conditions","209","Met One BAM-1022 Mass Monitor w/ VSCC or TE-PM2.5C","21340","El Paso, TX","48","Texas","141","El Paso","31.893941","-106.425837"
"08/25/2025","AQS","481410058","3","4.8","ug/m3 LC","27","Skyline Park","1","100.0000","88101","PM2.5 - Local Conditions","209","Met One BAM-1022 Mass Monitor w/ VSCC or TE-PM2.5C","21340","El Paso, TX","48","Texas","141","El Paso","31.893941","-106.425837"
"08/26/2025","AQS","481410058","3","6.4","ug/m3 LC","36","Skyline Park","1","100.0000","88101","PM2.5 - Local Conditions","209","Met One BAM-1022 Mass Monitor w/ VSCC or TE-PM2.5C","21340","El Paso, TX","48","Texas","141","El Paso","31.893941","-106.425837"
"08/27/2025","AQS","481410058","3","4.4","ug/m3 LC","24","Skyline Park","1","100.0000","88101","PM2.5 - Local Conditions","209","Met One BAM-1022 Mass Monitor w/ VSCC or TE-PM2.5C","21340","El Paso, TX","48","Texas","141","El Paso","31.893941","-106.425837"
"08/28/2025","AQS","481410058","3","3.3","ug/m3 LC","18","Skyline Park","1","100.0000","88101","PM2.5 - Local Conditions","209","Met One BAM-1022 Mass Monitor w/ VSCC or TE-PM2.5C","21340","El Paso, TX","48","Texas","141","El Paso","31.893941","-106.425837"
"08/29/2025","AQS","481410058","3","3.2","ug/m3 LC","18","Skyline Park","1","100.0000","88101","PM2.5 - Local Conditions","209","Met One BAM-1022 Mass Monitor w/ VSCC or TE-PM2.5C","21340","El Paso, TX","48","Texas","141","El Paso","31.893941","-106.425837"
"08/30/2025","AQS","481410058","3","2.4","ug/m3 LC","13","Skyline Park","1","100.0000","88101","PM2.5 - Local Conditions","209","Met One BAM-1022 Mass Monitor w/ VSCC or TE-PM2.5C","21340","El Paso, TX","48","Texas","141","El Paso","31.893941","-106.425837"
"08/31/2025","AQS","481410058","3","2.3","ug/m3 LC","13","Skyline Park","1","100.0000","88101","PM2.5 - Local Conditions","209","Met One BAM-1022 Mass Monitor w/ VSCC or TE-PM2.5C","21340","El Paso, TX","48","Texas","141","El Paso","31.893941","-106.425837"
"09/01/2025","AQS","481410058","3","1.8","ug/m3 LC","10","Skyline Park","1","100.0000","88101","PM2.5 - Local Conditions","209","Met One BAM-1022 Mass Monitor w/ VSCC or TE-PM2.5C","21340","El Paso, TX","48","Texas","141","El Paso","31.893941","-106.425837"
"09/02/2025","AQS","481410058","3","3.4","ug/m3 LC","19","Skyline Park","1","100.0000","88101","PM2.5 - Local Conditions","209","Met One BAM-1022 Mass Monitor w/ VSCC or TE-PM2.5C","21340","El Paso, TX","48","Texas","141","El Paso","31.893941","-106.425837"
"09/03/2025","AQS","481410058","3","3.8","ug/m3 LC","21","Skyline Park","1","100.0000","88101","PM2.5 - Local Conditions","209","Met One BAM-1022 Mass Monitor w/ VSCC or TE-PM2.5C","21340","El Paso, TX","48","Texas","141","El Paso","31.893941","-106.425837"
"09/05/2025","AQS","481410058","3","3","ug/m3 LC","17","Skyline Park","1","100.0000","88101","PM2.5 - Local Conditions","209","Met One BAM-1022 Mass Monitor w/ VSCC or TE-PM2.5C","21340","El Paso, TX","48","Texas","141","El Paso","31.893941","-106.425837"
"09/06/2025","AQS","481410058","3","2.8","ug/m3 LC","16","Skyline Park","1","100.0000","88101","PM2.5 - Local Conditions","209","Met One BAM-1022 Mass Monitor w/ VSCC or TE-PM2.5C","21340","El Paso, TX","48","Texas","141","El Paso","31.893941","-106.425837"
"09/07/2025","AQS","481410058","3","0.5","ug/m3 LC","3","Skyline Park","1","100.0000","88101","PM2.5 - Local Conditions","209","Met One BAM-1022 Mass Monitor w/ VSCC or TE-PM2.5C","21340","El Paso, TX","48","Texas","141","El Paso","31.893941","-106.425837"
"09/08/2025","AQS","481410058","3","3.4","ug/m3 LC","19","Skyline Park","1","100.0000","88101","PM2.5 - Local Conditions","209","Met One BAM-1022 Mass Monitor w/ VSCC or TE-PM2.5C","21340","El Paso, TX","48","Texas","141","El Paso","31.893941","-106.425837"
"09/09/2025","AQS","481410058","3","3.3","ug/m3 LC","18","Skyline Park","1","100.0000","88101","PM2.5 - Local Conditions","209","Met One BAM-1022 Mass Monitor w/ VSCC or TE-PM2.5C","21340","El Paso, TX","48","Texas","141","El Paso","31.893941","-106.425837"
"09/10/2025","AQS","481410058","3","2.2","ug/m3 LC","12","Skyline Park","1","100.0000","88101","PM2.5 - Local Conditions","209","Met One BAM-1022 Mass Monitor w/ VSCC or TE-PM2.5C","21340","El Paso, TX","48","Texas","141","El Paso","31.893941","-106.425837"
"09/11/2025","AQS","481410058","3","2.6","ug/m3 LC","14","Skyline Park","1","100.0000","88101","PM2.5 - Local Conditions","209","Met One BAM-1022 Mass Monitor w/ VSCC or TE-PM2.5C","21340","El Paso, TX","48","Texas","141","El Paso","31.893941","-106.425837"
"09/12/2025","AQS","481410058","3","2.7","ug/m3 LC","15","Skyline Park","1","100.0000","88101","PM2.5 - Local Conditions","209","Met One BAM-1022 Mass Monitor w/ VSCC or TE-PM2.5C","21340","El Paso, TX","48","Texas","141","El Paso","31.893941","-106.425837"
"09/13/2025","AQS","481410058","3","0.5","ug/m3 LC","3","Skyline Park","1","100.0000","88101","PM2.5 - Local Conditions","209","Met One BAM-1022 Mass Monitor w/ VSCC or TE-PM2.5C","21340","El Paso, TX","48","Texas","141","El Paso","31.893941","-106.425837"
"09/14/2025","AQS","481410058","3","1.1","ug/m3 LC","6","Skyline Park","1","100.0000","88101","PM2.5 - Local Conditions","209","Met One BAM-1022 Mass Monitor w/ VSCC or TE-PM2.5C","21340","El Paso, TX","48","Texas","141","El Paso","31.893941","-106.425837"
"09/15/2025","AQS","481410058","3","0.7","ug/m3 LC","4","Skyline Park","1","100.0000","88101","PM2.5 - Local Conditions","209","Met One BAM-1022 Mass Monitor w/ VSCC or TE-PM2.5C","21340","El Paso, TX","48","Texas","141","El Paso","31.893941","-106.425837"
"09/16/2025","AQS","481410058","3","2.3","ug/m3 LC","13","Skyline Park","1","100.0000","88101","PM2.5 - Local Conditions","209","Met One BAM-1022 Mass Monitor w/ VSCC or TE-PM2.5C","21340","El Paso, TX","48","Texas","141","El Paso","31.893941","-106.425837"
"09/17/2025","AQS","481410058","3","1.9","ug/m3 LC","11","Skyline Park","1","100.0000","88101","PM2.5 - Local Conditions","209","Met One BAM-1022 Mass Monitor w/ VSCC or TE-PM2.5C","21340","El Paso, TX","48","Texas","141","El Paso","31.893941","-106.425837"
"09/18/2025","AQS","481410058","3","2.3","ug/m3 LC","13","Skyline Park","1","100.0000","88101","PM2.5 - Local Conditions","209","Met One BAM-1022 Mass Monitor w/ VSCC or TE-PM2.5C","21340","El Paso, TX","48","Texas","141","El Paso","31.893941","-106.425837"
"09/19/2025","AQS","481410058","3","2.4","ug/m3 LC","13","Skyline Park","1","100.0000","88101","PM2.5 - Local Conditions","209","Met One BAM-1022 Mass Monitor w/ VSCC or TE-PM2.5C","21340","El Paso, TX","48","Texas","141","El Paso","31.893941","-106.425837"
"09/20/2025","AQS","481410058","3","2.5","ug/m3 LC","14","Skyline Park","1","100.0000","88101","PM2.5 - Local Conditions","209","Met One BAM-1022 Mass Monitor w/ VSCC or TE-PM2.5C","21340","El Paso, TX","48","Texas","141","El Paso","31.893941","-106.425837"
"09/21/2025","AQS","481410058","3","2.3","ug/m3 LC","13","Skyline Park","1","100.0000","88101","PM2.5 - Local Conditions","209","Met One BAM-1022 Mass Monitor w/ VSCC or TE-PM2.5C","21340","El Paso, TX","48","Texas","141","El Paso","31.893941","-106.425837"
"09/22/2025","AQS","481410058","3","1.7","ug/m3 LC","9","Skyline Park","1","100.0000","88101","PM2.5 - Local Conditions","209","Met One BAM-1022 Mass Monitor w/ VSCC or TE-PM2.5C","21340","El Paso, TX","48","Texas","141","El Paso","31.893941","-106.425837"
"09/23/2025","AQS","481410058","3","1","ug/m3 LC","6","Skyline Park","1","100.0000","88101","PM2.5 - Local Conditions","209","Met One BAM-1022 Mass Monitor w/ VSCC or TE-PM2.5C","21340","El Paso, TX","48","Texas","141","El Paso","31.893941","-106.425837"
"09/24/2025","AQS","481410058","3","1","ug/m3 LC","6","Skyline Park","1","100.0000","88101","PM2.5 - Local Conditions","209","Met One BAM-1022 Mass Monitor w/ VSCC or TE-PM2.5C","21340","El Paso, TX","48","Texas","141","El Paso","31.893941","-106.425837"
"09/25/2025","AQS","481410058","3","2.9","ug/m3 LC","16","Skyline Park","1","100.0000","88101","PM2.5 - Local Conditions","209","Met One BAM-1022 Mass Monitor w/ VSCC or TE-PM2.5C","21340","El Paso, TX","48","Texas","141","El Paso","31.893941","-106.425837"
"09/26/2025","AQS","481410058","3","1.1","ug/m3 LC","6","Skyline Park","1","100.0000","88101","PM2.5 - Local Conditions","209","Met One BAM-1022 Mass Monitor w/ VSCC or TE-PM2.5C","21340","El Paso, TX","48","Texas","141","El Paso","31.893941","-106.425837"
"09/27/2025","AQS","481410058","3","1","ug/m3 LC","6","Skyline Park","1","100.0000","88101","PM2.5 - Local Conditions","209","Met One BAM-1022 Mass Monitor w/ VSCC or TE-PM2.5C","21340","El Paso, TX","48","Texas","141","El Paso","31.893941","-106.425837"
"09/28/2025","AQS","481410058","3","2.2","ug/m3 LC","12","Skyline Park","1","100.0000","88101","PM2.5 - Local Conditions","209","Met One BAM-1022 Mass Monitor w/ VSCC or TE-PM2.5C","21340","El Paso, TX","48","Texas","141","El Paso","31.893941","-106.425837"
"09/29/2025","AQS","481410058","3","1","ug/m3 LC","6","Skyline Park","1","100.0000","88101","PM2.5 - Local Conditions","209","Met One BAM-1022 Mass Monitor w/ VSCC or TE-PM2.5C","21340","El Paso, TX","48","Texas","141","El Paso","31.893941","-106.425837"
"09/30/2025","AQS","481410058","3","2.7","ug/m3 LC","15","Skyline Park","1","100.0000","88101","PM2.5 - Local Conditions","209","Met One BAM-1022 Mass Monitor w/ VSCC or TE-PM2.5C","21340","El Paso, TX","48","Texas","141","El Paso","31.893941","-106.425837"
"10/01/2025","AQS","481410058","3","2.7","ug/m3 LC","15","Skyline Park","1","100.0000","88101","PM2.5 - Local Conditions","209","Met One BAM-1022 Mass Monitor w/ VSCC or TE-PM2.5C","21340","El Paso, TX","48","Texas","141","El Paso","31.893941","-106.425837"
"10/02/2025","AQS","481410058","3","0.8","ug/m3 LC","4","Skyline Park","1","100.0000","88101","PM2.5 - Local Conditions","209","Met One BAM-1022 Mass Monitor w/ VSCC or TE-PM2.5C","21340","El Paso, TX","48","Texas","141","El Paso","31.893941","-106.425837"
"10/03/2025","AQS","481410058","3","2.6","ug/m3 LC","14","Skyline Park","1","100.0000","88101","PM2.5 - Local Conditions","209","Met One BAM-1022 Mass Monitor w/ VSCC or TE-PM2.5C","21340","El Paso, TX","48","Texas","141","El Paso","31.893941","-106.425837"
"10/04/2025","AQS","481410058","3","3.2","ug/m3 LC","18","Skyline Park","1","100.0000","88101","PM2.5 - Local Conditions","209","Met One BAM-1022 Mass Monitor w/ VSCC or TE-PM2.5C","21340","El Paso, TX","48","Texas","141","El Paso","31.893941","-106.425837"
"10/05/2025","AQS","481410058","3","1.7","ug/m3 LC","9","Skyline Park","1","100.0000","88101","PM2.5 - Local Conditions","209","Met One BAM-1022 Mass Monitor w/ VSCC or TE-PM2.5C","21340","El Paso, TX","48","Texas","141","El Paso","31.893941","-106.425837"
"10/06/2025","AQS","481410058","3","4.7","ug/m3 LC","26","Skyline Park","1","100.0000","88101","PM2.5 - Local Conditions","209","Met One BAM-1022 Mass Monitor w/ VSCC or TE-PM2.5C","21340","El Paso, TX","48","Texas","141","El Paso","31.893941","-106.425837"
"10/07/2025","AQS","481410058","3","5.4","ug/m3 LC","30","Skyline Park","1","100.0000","88101","PM2.5 - Local Conditions","209","Met One BAM-1022 Mass Monitor w/ VSCC or TE-PM2.5C","21340","El Paso, TX","48","Texas","141","El Paso","31.893941","-106.425837"
"10/08/2025","AQS","481410058","3","4.7","ug/m3 LC","26","Skyline Park","1","100.0000","88101","PM2.5 - Local Conditions","209","Met One BAM-1022 Mass Monitor w/ VSCC or TE-PM2.5C","21340","El Paso, TX","48","Texas","141","El Paso","31.893941","-106.425837"
"10/09/2025","AQS","481410058","3","3.4","ug/m3 LC","19","Skyline Park","1","100.0000","88101","PM2.5 - Local Conditions","209","Met One BAM-1022 Mass Monitor w/ VSCC or TE-PM2.5C","21340","El Paso, TX","48","Texas","141","El Paso","31.893941","-106.425837"
"10/10/2025","AQS","481410058","3","3.8","ug/m3 LC","21","Skyline Park","1","100.0000","88101","PM2.5 - Local Conditions","209","Met One BAM-1022 Mass Monitor w/ VSCC or TE-PM2.5C","21340","El Paso, TX","48","Texas","141","El Paso","31.893941","-106.425837"
"10/11/2025","AQS","481410058","3","2.8","ug/m3 LC","16","Skyline Park","1","100.0000","88101","PM2.5 - Local Conditions","209","Met One BAM-1022 Mass Monitor w/ VSCC or TE-PM2.5C","21340","El Paso, TX","48","Texas","141","El Paso","31.893941","-106.425837"
"10/12/2025","AQS","481410058","3","1.2","ug/m3 LC","7","Skyline Park","1","100.0000","88101","PM2.5 - Local Conditions","209","Met One BAM-1022 Mass Monitor w/ VSCC or TE-PM2.5C","21340","El Paso, TX","48","Texas","141","El Paso","31.893941","-106.425837"
"10/13/2025","AQS","481410058","3","2.1","ug/m3 LC","12","Skyline Park","1","100.0000","88101","PM2.5 - Local Conditions","209","Met One BAM-1022 Mass Monitor w/ VSCC or TE-PM2.5C","21340","El Paso, TX","48","Texas","141","El Paso","31.893941","-106.425837"
"10/14/2025","AQS","481410058","3","2.9","ug/m3 LC","16","Skyline Park","1","100.0000","88101","PM2.5 - Local Conditions","209","Met One BAM-1022 Mass Monitor w/ VSCC or TE-PM2.5C","21340","El Paso, TX","48","Texas","141","El Paso","31.893941","-106.425837"
"10/15/2025","AQS","481410058","3","2.3","ug/m3 LC","13","Skyline Park","1","100.0000","88101","PM2.5 - Local Conditions","209","Met One BAM-1022 Mass Monitor w/ VSCC or TE-PM2.5C","21340","El Paso, TX","48","Texas","141","El Paso","31.893941","-106.425837"
"10/16/2025","AQS","481410058","3","1.7","ug/m3 LC","9","Skyline Park","1","100.0000","88101","PM2.5 - Local Conditions","209","Met One BAM-1022 Mass Monitor w/ VSCC or TE-PM2.5C","21340","El Paso, TX","48","Texas","141","El Paso","31.893941","-106.425837"
"10/17/2025","AQS","481410058","3","0.7","ug/m3 LC","4","Skyline Park","1","100.0000","88101","PM2.5 - Local Conditions","209","Met One BAM-1022 Mass Monitor w/ VSCC or TE-PM2.5C","21340","El Paso, TX","48","Texas","141","El Paso","31.893941","-106.425837"
"10/18/2025","AQS","481410058","3","0","ug/m3 LC","0","Skyline Park","1","100.0000","88101","PM2.5 - Local Conditions","209","Met One BAM-1022 Mass Monitor w/ VSCC or TE-PM2.5C","21340","El Paso, TX","48","Texas","141","El Paso","31.893941","-106.425837"
"10/19/2025","AQS","481410058","3","1.1","ug/m3 LC","6","Skyline Park","1","100.0000","88101","PM2.5 - Local Conditions","209","Met One BAM-1022 Mass Monitor w/ VSCC or TE-PM2.5C","21340","El Paso, TX","48","Texas","141","El Paso","31.893941","-106.425837"
"10/20/2025","AQS","481410058","3","1.5","ug/m3 LC","8","Skyline Park","1","100.0000","88101","PM2.5 - Local Conditions","209","Met One BAM-1022 Mass Monitor w/ VSCC or TE-PM2.5C","21340","El Paso, TX","48","Texas","141","El Paso","31.893941","-106.425837"
"10/21/2025","AQS","481410058","3","0.2","ug/m3 LC","1","Skyline Park","1","100.0000","88101","PM2.5 - Local Conditions","209","Met One BAM-1022 Mass Monitor w/ VSCC or TE-PM2.5C","21340","El Paso, TX","48","Texas","141","El Paso","31.893941","-106.425837"
"10/22/2025","AQS","481410058","3","1.7","ug/m3 LC","9","Skyline Park","1","100.0000","88101","PM2.5 - Local Conditions","209","Met One BAM-1022 Mass Monitor w/ VSCC or TE-PM2.5C","21340","El Paso, TX","48","Texas","141","El Paso","31.893941","-106.425837"
"10/23/2025","AQS","481410058","3","1.8","ug/m3 LC","10","Skyline Park","1","100.0000","88101","PM2.5 - Local Conditions","209","Met One BAM-1022 Mass Monitor w/ VSCC or TE-PM2.5C","21340","El Paso, TX","48","Texas","141","El Paso","31.893941","-106.425837"
"10/24/2025","AQS","481410058","3","-0.3","ug/m3 LC","0","Skyline Park","1","100.0000","88101","PM2.5 - Local Conditions","209","Met One BAM-1022 Mass Monitor w/ VSCC or TE-PM2.5C","21340","El Paso, TX","48","Texas","141","El Paso","31.893941","-106.425837"
"10/29/2025","AQS","481410058","3","1.1","ug/m3 LC","6","Skyline Park","1","100.0000","88101","PM2.5 - Local Conditions","209","Met One BAM-1022 Mass Monitor w/ VSCC or TE-PM2.5C","21340","El Paso, TX","48","Texas","141","El Paso","31.893941","-106.425837"
"10/30/2025","AQS","481410058","3","2.8","ug/m3 LC","16","Skyline Park","1","100.0000","88101","PM2.5 - Local Conditions","209","Met One BAM-1022 Mass Monitor w/ VSCC or TE-PM2.5C","21340","El Paso, TX","48","Texas","141","El Paso","31.893941","-106.425837"
"10/31/2025","AQS","481410058","3","5.4","ug/m3 LC","30","Skyline Park","1","100.0000","88101","PM2.5 - Local Conditions","209","Met One BAM-1022 Mass Monitor w/ VSCC or TE-PM2.5C","21340","El Paso, TX","48","Texas","141","El Paso","31.893941","-106.425837"
"11/01/2025","AQS","481410058","3","1.7","ug/m3 LC","9","Skyline Park","1","100.0000","88101","PM2.5 - Local Conditions","209","Met One BAM-1022 Mass Monitor w/ VSCC or TE-PM2.5C","21340","El Paso, TX","48","Texas","141","El Paso","31.893941","-106.425837"
"11/02/2025","AQS","481410058","3","3.7","ug/m3 LC","21","Skyline Park","1","100.0000","88101","PM2.5 - Local Conditions","209","Met One BAM-1022 Mass Monitor w/ VSCC or TE-PM2.5C","21340","El Paso, TX","48","Texas","141","El Paso","31.893941","-106.425837"
"11/03/2025","AQS","481410058","3","6.2","ug/m3 LC","34","Skyline Park","1","100.0000","88101","PM2.5 - Local Conditions","209","Met One BAM-1022 Mass Monitor w/ VSCC or TE-PM2.5C","21340","El Paso, TX","48","Texas","141","El Paso","31.893941","-106.425837"
"11/04/2025","AQS","481410058","3","4.3","ug/m3 LC","24","Skyline Park","1","100.0000","88101","PM2.5 - Local Conditions","209","Met One BAM-1022 Mass Monitor w/ VSCC or TE-PM2.5C","21340","El Paso, TX","48","Texas","141","El Paso","31.893941","-106.425837"
"11/05/2025","AQS","481410058","3","5.6","ug/m3 LC","31","Skyline Park","1","100.0000","88101","PM2.5 - Local Conditions","209","Met One BAM-1022 Mass Monitor w/ VSCC or TE-PM2.5C","21340","El Paso, TX","48","Texas","141","El Paso","31.893941","-106.425837"
"11/06/2025","AQS","481410058","3","4.8","ug/m3 LC","27","Skyline Park","1","100.0000","88101","PM2.5 - Local Conditions","209","Met One BAM-1022 Mass Monitor w/ VSCC or TE-PM2.5C","21340","El Paso, TX","48","Texas","141","El Paso","31.893941","-106.425837"
"11/07/2025","AQS","481410058","3","6.2","ug/m3 LC","34","Skyline Park","1","100.0000","88101","PM2.5 - Local Conditions","209","Met One BAM-1022 Mass Monitor w/ VSCC or TE-PM2.5C","21340","El Paso, TX","48","Texas","141","El Paso","31.893941","-106.425837"
"11/08/2025","AQS","481410058","3","5.5","ug/m3 LC","31","Skyline Park","1","100.0000","88101","PM2.5 - Local Conditions","209","Met One BAM-1022 Mass Monitor w/ VSCC or TE-PM2.5C","21340","El Paso, TX","48","Texas","141","El Paso","31.893941","-106.425837"
"11/09/2025","AQS","481410058","3","3.5","ug/m3 LC","19","Skyline Park","1","100.0000","88101","PM2.5 - Local Conditions","209","Met One BAM-1022 Mass Monitor w/ VSCC or TE-PM2.5C","21340","El Paso, TX","48","Texas","141","El Paso","31.893941","-106.425837"
"11/10/2025","AQS","481410058","3","3.5","ug/m3 LC","19","Skyline Park","1","100.0000","88101","PM2.5 - Local Conditions","209","Met One BAM-1022 Mass Monitor w/ VSCC or TE-PM2.5C","21340","El Paso, TX","48","Texas","141","El Paso","31.893941","-106.425837"
"11/11/2025","AQS","481410058","3","5","ug/m3 LC","28","Skyline Park","1","100.0000","88101","PM2.5 - Local Conditions","209","Met One BAM-1022 Mass Monitor w/ VSCC or TE-PM2.5C","21340","El Paso, TX","48","Texas","141","El Paso","31.893941","-106.425837"
"11/12/2025","AQS","481410058","3","6.4","ug/m3 LC","36","Skyline Park","1","100.0000","88101","PM2.5 - Local Conditions","209","Met One BAM-1022 Mass Monitor w/ VSCC or TE-PM2.5C","21340","El Paso, TX","48","Texas","141","El Paso","31.893941","-106.425837"
"11/13/2025","AQS","481410058","3","7","ug/m3 LC","39","Skyline Park","1","100.0000","88101","PM2.5 - Local Conditions","209","Met One BAM-1022 Mass Monitor w/ VSCC or TE-PM2.5C","21340","El Paso, TX","48","Texas","141","El Paso","31.893941","-106.425837"
"11/14/2025","AQS","481410058","3","6.2","ug/m3 LC","34","Skyline Park","1","100.0000","88101","PM2.5 - Local Conditions","209","Met One BAM-1022 Mass Monitor w/ VSCC or TE-PM2.5C","21340","El Paso, TX","48","Texas","141","El Paso","31.893941","-106.425837"
"11/15/2025","AQS","481410058","3","4.4","ug/m3 LC","24","Skyline Park","1","100.0000","88101","PM2.5 - Local Conditions","209","Met One BAM-1022 Mass Monitor w/ VSCC or TE-PM2.5C","21340","El Paso, TX","48","Texas","141","El Paso","31.893941","-106.425837"
"11/16/2025","AQS","481410058","3","3.8","ug/m3 LC","21","Skyline Park","1","100.0000","88101","PM2.5 - Local Conditions","209","Met One BAM-1022 Mass Monitor w/ VSCC or TE-PM2.5C","21340","El Paso, TX","48","Texas","141","El Paso","31.893941","-106.425837"
"11/17/2025","AQS","481410058","3","1.1","ug/m3 LC","6","Skyline Park","1","100.0000","88101","PM2.5 - Local Conditions","209","Met One BAM-1022 Mass Monitor w/ VSCC or TE-PM2.5C","21340","El Paso, TX","48","Texas","141","El Paso","31.893941","-106.425837"
"11/18/2025","AQS","481410058","3","5","ug/m3 LC","28","Skyline Park","1","100.0000","88101","PM2.5 - Local Conditions","209","Met One BAM-1022 Mass Monitor w/ VSCC or TE-PM2.5C","21340","El Paso, TX","48","Texas","141","El Paso","31.893941","-106.425837"
"11/19/2025","AQS","481410058","3","2","ug/m3 LC","11","Skyline Park","1","100.0000","88101","PM2.5 - Local Conditions","209","Met One BAM-1022 Mass Monitor w/ VSCC or TE-PM2.5C","21340","El Paso, TX","48","Texas","141","El Paso","31.893941","-106.425837"
"11/20/2025","AQS","481410058","3","0.6","ug/m3 LC","3","Skyline Park","1","100.0000","88101","PM2.5 - Local Conditions","209","Met One BAM-1022 Mass Monitor w/ VSCC or TE-PM2.5C","21340","El Paso, TX","48","Texas","141","El Paso","31.893941","-106.425837"
"11/21/2025","AQS","481410058","3","1.8","ug/m3 LC","10","Skyline Park","1","100.0000","88101","PM2.5 - Local Conditions","209","Met One BAM-1022 Mass Monitor w/ VSCC or TE-PM2.5C","21340","El Paso, TX","48","Texas","141","El Paso","31.893941","-106.425837"
"11/22/2025","AQS","481410058","3","1.2","ug/m3 LC","7","Skyline Park","1","100.0000","88101","PM2.5 - Local Conditions","209","Met One BAM-1022 Mass Monitor w/ VSCC or TE-PM2.5C","21340","El Paso, TX","48","Texas","141","El Paso","31.893941","-106.425837"
"11/23/2025","AQS","481410058","3","1.7","ug/m3 LC","9","Skyline Park","1","100.0000","88101","PM2.5 - Local Conditions","209","Met One BAM-1022 Mass Monitor w/ VSCC or TE-PM2.5C","21340","El Paso, TX","48","Texas","141","El Paso","31.893941","-106.425837"
"11/24/2025","AQS","481410058","3","0.5","ug/m3 LC","3","Skyline Park","1","100.0000","88101","PM2.5 - Local Conditions","209","Met One BAM-1022 Mass Monitor w/ VSCC or TE-PM2.5C","21340","El Paso, TX","48","Texas","141","El Paso","31.893941","-106.425837"
"11/25/2025","AQS","481410058","3","3.2","ug/m3 LC","18","Skyline Park","1","100.0000","88101","PM2.5 - Local Conditions","209","Met One BAM-1022 Mass Monitor w/ VSCC or TE-PM2.5C","21340","El Paso, TX","48","Texas","141","El Paso","31.893941","-106.425837"
"11/26/2025","AQS","481410058","3","4","ug/m3 LC","22","Skyline Park","1","100.0000","88101","PM2.5 - Local Conditions","209","Met One BAM-1022 Mass Monitor w/ VSCC or TE-PM2.5C","21340","El Paso, TX","48","Texas","141","El Paso","31.893941","-106.425837"
"11/27/2025","AQS","481410058","3","2.7","ug/m3 LC","15","Skyline Park","1","100.0000","88101","PM2.5 - Local Conditions","209","Met One BAM-1022 Mass Monitor w/ VSCC or TE-PM2.5C","21340","El Paso, TX","48","Texas","141","El Paso","31.893941","-106.425837"
"11/28/2025","AQS","481410058","3","5.2","ug/m3 LC","29","Skyline Park","1","100.0000","88101","PM2.5 - Local Conditions","209","Met One BAM-1022 Mass Monitor w/ VSCC or TE-PM2.5C","21340","El Paso, TX","48","Texas","141","El Paso","31.893941","-106.425837"
"11/29/2025","AQS","481410058","3","4.3","ug/m3 LC","24","Skyline Park","1","100.0000","88101","PM2.5 - Local Conditions","209","Met One BAM-1022 Mass Monitor w/ VSCC or TE-PM2.5C","21340","El Paso, TX","48","Texas","141","El Paso","31.893941","-106.425837"
"11/30/2025","AQS","481410058","3","4.9","ug/m3 LC","27","Skyline Park","1","100.0000","88101","PM2.5 - Local Conditions","209","Met One BAM-1022 Mass Monitor w/ VSCC or TE-PM2.5C","21340","El Paso, TX","48","Texas","141","El Paso","31.893941","-106.425837"
"12/01/2025","AQS","481410058","3","3.3","ug/m3 LC","18","Skyline Park","1","100.0000","88101","PM2.5 - Local Conditions","209","Met One BAM-1022 Mass Monitor w/ VSCC or TE-PM2.5C","21340","El Paso, TX","48","Texas","141","El Paso","31.893941","-106.425837"
"12/02/2025","AQS","481410058","3","1.5","ug/m3 LC","8","Skyline Park","1","100.0000","88101","PM2.5 - Local Conditions","209","Met One BAM-1022 Mass Monitor w/ VSCC or TE-PM2.5C","21340","El Paso, TX","48","Texas","141","El Paso","31.893941","-106.425837"
"12/03/2025","AQS","481410058","3","2.3","ug/m3 LC","13","Skyline Park","1","100.0000","88101","PM2.5 - Local Conditions","209","Met One BAM-1022 Mass Monitor w/ VSCC or TE-PM2.5C","21340","El Paso, TX","48","Texas","141","El Paso","31.893941","-106.425837"
"12/04/2025","AQS","481410058","3","1.8","ug/m3 LC","10","Skyline Park","1","100.0000","88101","PM2.5 - Local Conditions","209","Met One BAM-1022 Mass Monitor w/ VSCC or TE-PM2.5C","21340","El Paso, TX","48","Texas","141","El Paso","31.893941","-106.425837"
"12/05/2025","AQS","481410058","3","2.2","ug/m3 LC","12","Skyline Park","1","100.0000","88101","PM2.5 - Local Conditions","209","Met One BAM-1022 Mass Monitor w/ VSCC or TE-PM2.5C","21340","El Paso, TX","48","Texas","141","El Paso","31.893941","-106.425837"
"12/06/2025","AQS","481410058","3","3","ug/m3 LC","17","Skyline Park","1","100.0000","88101","PM2.5 - Local Conditions","209","Met One BAM-1022 Mass Monitor w/ VSCC or TE-PM2.5C","21340","El Paso, TX","48","Texas","141","El Paso","31.893941","-106.425837"
"12/07/2025","AQS","481410058","3","1.2","ug/m3 LC","7","Skyline Park","1","100.0000","88101","PM2.5 - Local Conditions","209","Met One BAM-1022 Mass Monitor w/ VSCC or TE-PM2.5C","21340","El Paso, TX","48","Texas","141","El Paso","31.893941","-106.425837"
"12/08/2025","AQS","481410058","3","3.2","ug/m3 LC","18","Skyline Park","1","100.0000","88101","PM2.5 - Local Conditions","209","Met One BAM-1022 Mass Monitor w/ VSCC or TE-PM2.5C","21340","El Paso, TX","48","Texas","141","El Paso","31.893941","-106.425837"
"12/09/2025","AQS","481410058","3","3.7","ug/m3 LC","21","Skyline Park","1","100.0000","88101","PM2.5 - Local Conditions","209","Met One BAM-1022 Mass Monitor w/ VSCC or TE-PM2.5C","21340","El Paso, TX","48","Texas","141","El Paso","31.893941","-106.425837"
"12/10/2025","AQS","481410058","3","3.7","ug/m3 LC","21","Skyline Park","1","100.0000","88101","PM2.5 - Local Conditions","209","Met One BAM-1022 Mass Monitor w/ VSCC or TE-PM2.5C","21340","El Paso, TX","48","Texas","141","El Paso","31.893941","-106.425837"
"12/11/2025","AQS","481410058","3","6","ug/m3 LC","33","Skyline Park","1","100.0000","88101","PM2.5 - Local Conditions","209","Met One BAM-1022 Mass Monitor w/ VSCC or TE-PM2.5C","21340","El Paso, TX","48","Texas","141","El Paso","31.893941","-106.425837"
"12/12/2025","AQS","481410058","3","7.8","ug/m3 LC","43","Skyline Park","1","100.0000","88101","PM2.5 - Local Conditions","209","Met One BAM-1022 Mass Monitor w/ VSCC or TE-PM2.5C","21340","El Paso, TX","48","Texas","141","El Paso","31.893941","-106.425837"
"12/13/2025","AQS","481410058","3","4.6","ug/m3 LC","26","Skyline Park","1","100.0000","88101","PM2.5 - Local Conditions","209","Met One BAM-1022 Mass Monitor w/ VSCC or TE-PM2.5C","21340","El Paso, TX","48","Texas","141","El Paso","31.893941","-106.425837"
"12/14/2025","AQS","481410058","3","5.8","ug/m3 LC","32","Skyline Park","1","100.0000","88101","PM2.5 - Local Conditions","209","Met One BAM-1022 Mass Monitor w/ VSCC or TE-PM2.5C","21340","El Paso, TX","48","Texas","141","El Paso","31.893941","-106.425837"
"12/15/2025","AQS","481410058","3","6.4","ug/m3 LC","36","Skyline Park","1","100.0000","88101","PM2.5 - Local Conditions","209","Met One BAM-1022 Mass Monitor w/ VSCC or TE-PM2.5C","21340","El Paso, TX","48","Texas","141","El Paso","31.893941","-106.425837"
"12/16/2025","AQS","481410058","3","4","ug/m3 LC","22","Skyline Park","1","100.0000","88101","PM2.5 - Local Conditions","209","Met One BAM-1022 Mass Monitor w/ VSCC or TE-PM2.5C","21340","El Paso, TX","48","Texas","141","El Paso","31.893941","-106.425837"
"12/17/2025","AQS","481410058","3","3.9","ug/m3 LC","22","Skyline Park","1","100.0000","88101","PM2.5 - Local Conditions","209","Met One BAM-1022 Mass Monitor w/ VSCC or TE-PM2.5C","21340","El Paso, TX","48","Texas","141","El Paso","31.893941","-106.425837"
"12/18/2025","AQS","481410058","3","3.8","ug/m3 LC","21","Skyline Park","1","100.0000","88101","PM2.5 - Local Conditions","209","Met One BAM-1022 Mass Monitor w/ VSCC or TE-PM2.5C","21340","El Paso, TX","48","Texas","141","El Paso","31.893941","-106.425837"
"12/19/2025","AQS","481410058","3","5.3","ug/m3 LC","29","Skyline Park","1","100.0000","88101","PM2.5 - Local Conditions","209","Met One BAM-1022 Mass Monitor w/ VSCC or TE-PM2.5C","21340","El Paso, TX","48","Texas","141","El Paso","31.893941","-106.425837"
"12/20/2025","AQS","481410058","3","-0.1","ug/m3 LC","0","Skyline Park","1","100.0000","88101","PM2.5 - Local Conditions","209","Met One BAM-1022 Mass Monitor w/ VSCC or TE-PM2.5C","21340","El Paso, TX","48","Texas","141","El Paso","31.893941","-106.425837"
"12/21/2025","AQS","481410058","3","5.1","ug/m3 LC","28","Skyline Park","1","100.0000","88101","PM2.5 - Local Conditions","209","Met One BAM-1022 Mass Monitor w/ VSCC or TE-PM2.5C","21340","El Paso, TX","48","Texas","141","El Paso","31.893941","-106.425837"
"12/22/2025","AQS","481410058","3","9.5","ug/m3 LC","52","Skyline Park","1","100.0000","88101","PM2.5 - Local Conditions","209","Met One BAM-1022 Mass Monitor w/ VSCC or TE-PM2.5C","21340","El Paso, TX","48","Texas","141","El Paso","31.893941","-106.425837"
"12/23/2025","AQS","481410058","3","7.2","ug/m3 LC","40","Skyline Park","1","100.0000","88101","PM2.5 - Local Conditions","209","Met One BAM-1022 Mass Monitor w/ VSCC or TE-PM2.5C","21340","El Paso, TX","48","Texas","141","El Paso","31.893941","-106.425837"
"12/24/2025","AQS","481410058","3","10.6","ug/m3 LC","54","Skyline Park","1","100.0000","88101","PM2.5 - Local Conditions","209","Met One BAM-1022 Mass Monitor w/ VSCC or TE-PM2.5C","21340","El Paso, TX","48","Texas","141","El Paso","31.893941","-106.425837"
"12/25/2025","AQS","481410058","3","10.7","ug/m3 LC","54","Skyline Park","1","100.0000","88101","PM2.5 - Local Conditions","209","Met One BAM-1022 Mass Monitor w/ VSCC or TE-PM2.5C","21340","El Paso, TX","48","Texas","141","El Paso","31.893941","-106.425837"
"12/26/2025","AQS","481410058","3","8.7","ug/m3 LC","48","Skyline Park","1","100.0000","88101","PM2.5 - Local Conditions","209","Met One BAM-1022 Mass Monitor w/ VSCC or TE-PM2.5C","21340","El Paso, TX","48","Texas","141","El Paso","31.893941","-106.425837"
"12/27/2025","AQS","481410058","3","7.2","ug/m3 LC","40","Skyline Park","1","100.0000","88101","PM2.5 - Local Conditions","209","Met One BAM-1022 Mass Monitor w/ VSCC or TE-PM2.5C","21340","El Paso, TX","48","Texas","141","El Paso","31.893941","-106.425837"
"12/28/2025","AQS","481410058","3","1.6","ug/m3 LC","9","Skyline Park","1","100.0000","88101","PM2.5 - Local Conditions","209","Met One BAM-1022 Mass Monitor w/ VSCC or TE-PM2.5C","21340","El Paso, TX","48","Texas","141","El Paso","31.893941","-106.425837"
"12/29/2025","AQS","481410058","3","4.6","ug/m3 LC","26","Skyline Park","1","100.0000","88101","PM2.5 - Local Conditions","209","Met One BAM-1022 Mass Monitor w/ VSCC or TE-PM2.5C","21340","El Paso, TX","48","Texas","141","El Paso","31.893941","-106.425837"
"12/30/2025","AQS","481410058","3","1.8","ug/m3 LC","10","Skyline Park","1","100.0000","88101","PM2.5 - Local Conditions","209","Met One BAM-1022 Mass Monitor w/ VSCC or TE-PM2.5C","21340","El Paso, TX","48","Texas","141","El Paso","31.893941","-106.425837"
"12/31/2025","AQS","481410058","3","7.3","ug/m3 LC","41","Skyline Park","1","100.0000","88101","PM2.5 - Local Conditions","209","Met One BAM-1022 Mass Monitor w/ VSCC or TE-PM2.5C","21340","El Paso, TX","48","Texas","141","El Paso","31.893941","-106.425837"
