"Date","Source","Site ID","POC","Daily Mean PM2.5 Concentration","Units","Daily AQI Value","Local Site Name","Daily Obs Count","Percent Complete","AQS Parameter Code","AQS Parameter Description","Method Code","Method Description","CBSA Code","CBSA Name","State FIPS Code","State","County FIPS Code","County","Site Latitude","Site Longitude"
"01/01/2025","AQS","060190011","1","64.2","ug/m3 LC","157","Fresno - Garland","1","100.0000","88502","Acceptable PM2.5 AQI & Speciation Mass","707","IMPROVE Module A with Cyclone Inlet-Teflon Filter, 2.2 sq. cm.","23420","Fresno, CA","06","California","019","Fresno","36.78538","-119.77321"
"01/04/2025","AQS","060190011","1","10","ug/m3 LC","53","Fresno - Garland","1","100.0000","88502","Acceptable PM2.5 AQI & Speciation Mass","707","IMPROVE Module A with Cyclone Inlet-Teflon Filter, 2.2 sq. cm.","23420","Fresno, CA","06","California","019","Fresno","36.78538","-119.77321"
"01/07/2025","AQS","060190011","1","14.8","ug/m3 LC","62","Fresno - Garland","1","100.0000","88502","Acceptable PM2.5 AQI & Speciation Mass","707","IMPROVE Module A with Cyclone Inlet-Teflon Filter, 2.2 sq. cm.","23420","Fresno, CA","06","California","019","Fresno","36.78538","-119.77321"
"01/10/2025","AQS","060190011","1","18.2","ug/m3 LC","68","Fresno - Garland","1","100.0000","88502","Acceptable PM2.5 AQI & Speciation Mass","707","IMPROVE Module A with Cyclone Inlet-Teflon Filter, 2.2 sq. cm.","23420","Fresno, CA","06","California","019","Fresno","36.78538","-119.77321"
"01/13/2025","AQS","060190011","1","13.6","ug/m3 LC","59","Fresno - Garland","1","100.0000","88502","Acceptable PM2.5 AQI & Speciation Mass","707","IMPROVE Module A with Cyclone Inlet-Teflon Filter, 2.2 sq. cm.","23420","Fresno, CA","06","California","019","Fresno","36.78538","-119.77321"
"01/16/2025","AQS","060190011","1","17.7","ug/m3 LC","67","Fresno - Garland","1","100.0000","88502","Acceptable PM2.5 AQI & Speciation Mass","707","IMPROVE Module A with Cyclone Inlet-Teflon Filter, 2.2 sq. cm.","23420","Fresno, CA","06","California","019","Fresno","36.78538","-119.77321"
"01/19/2025","AQS","060190011","1","32.1","ug/m3 LC","94","Fresno - Garland","1","100.0000","88502","Acceptable PM2.5 AQI & Speciation Mass","707","IMPROVE Module A with Cyclone Inlet-Teflon Filter, 2.2 sq. cm.","23420","Fresno, CA","06","California","019","Fresno","36.78538","-119.77321"
"01/22/2025","AQS","060190011","1","26.3","ug/m3 LC","83","Fresno - Garland","1","100.0000","88502","Acceptable PM2.5 AQI & Speciation Mass","707","IMPROVE Module A with Cyclone Inlet-Teflon Filter, 2.2 sq. cm.","23420","Fresno, CA","06","California","019","Fresno","36.78538","-119.77321"
"01/25/2025","AQS","060190011","1","31","ug/m3 LC","92","Fresno - Garland","1","100.0000","88502","Acceptable PM2.5 AQI & Speciation Mass","707","IMPROVE Module A with Cyclone Inlet-Teflon Filter, 2.2 sq. cm.","23420","Fresno, CA","06","California","019","Fresno","36.78538","-119.77321"
"01/28/2025","AQS","060190011","1","11.3","ug/m3 LC","55","Fresno - Garland","1","100.0000","88502","Acceptable PM2.5 AQI & Speciation Mass","707","IMPROVE Module A with Cyclone Inlet-Teflon Filter, 2.2 sq. cm.","23420","Fresno, CA","06","California","019","Fresno","36.78538","-119.77321"
"01/31/2025","AQS","060190011","1","17","ug/m3 LC","66","Fresno - Garland","1","100.0000","88502","Acceptable PM2.5 AQI & Speciation Mass","707","IMPROVE Module A with Cyclone Inlet-Teflon Filter, 2.2 sq. cm.","23420","Fresno, CA","06","California","019","Fresno","36.78538","-119.77321"
"02/03/2025","AQS","060190011","1","8.4","ug/m3 LC","47","Fresno - Garland","1","100.0000","88502","Acceptable PM2.5 AQI & Speciation Mass","707","IMPROVE Module A with Cyclone Inlet-Teflon Filter, 2.2 sq. cm.","23420","Fresno, CA","06","California","019","Fresno","36.78538","-119.77321"
"02/06/2025","AQS","060190011","1","4.9","ug/m3 LC","27","Fresno - Garland","1","100.0000","88502","Acceptable PM2.5 AQI & Speciation Mass","707","IMPROVE Module A with Cyclone Inlet-Teflon Filter, 2.2 sq. cm.","23420","Fresno, CA","06","California","019","Fresno","36.78538","-119.77321"
"02/09/2025","AQS","060190011","1","8.1","ug/m3 LC","45","Fresno - Garland","1","100.0000","88502","Acceptable PM2.5 AQI & Speciation Mass","707","IMPROVE Module A with Cyclone Inlet-Teflon Filter, 2.2 sq. cm.","23420","Fresno, CA","06","California","019","Fresno","36.78538","-119.77321"
"02/12/2025","AQS","060190011","1","5","ug/m3 LC","28","Fresno - Garland","1","100.0000","88502","Acceptable PM2.5 AQI & Speciation Mass","707","IMPROVE Module A with Cyclone Inlet-Teflon Filter, 2.2 sq. cm.","23420","Fresno, CA","06","California","019","Fresno","36.78538","-119.77321"
"02/15/2025","AQS","060190011","1","10.7","ug/m3 LC","54","Fresno - Garland","1","100.0000","88502","Acceptable PM2.5 AQI & Speciation Mass","707","IMPROVE Module A with Cyclone Inlet-Teflon Filter, 2.2 sq. cm.","23420","Fresno, CA","06","California","019","Fresno","36.78538","-119.77321"
"02/18/2025","AQS","060190011","1","6.1","ug/m3 LC","34","Fresno - Garland","1","100.0000","88502","Acceptable PM2.5 AQI & Speciation Mass","707","IMPROVE Module A with Cyclone Inlet-Teflon Filter, 2.2 sq. cm.","23420","Fresno, CA","06","California","019","Fresno","36.78538","-119.77321"
"02/21/2025","AQS","060190011","1","9.3","ug/m3 LC","51","Fresno - Garland","1","100.0000","88502","Acceptable PM2.5 AQI & Speciation Mass","707","IMPROVE Module A with Cyclone Inlet-Teflon Filter, 2.2 sq. cm.","23420","Fresno, CA","06","California","019","Fresno","36.78538","-119.77321"
"02/24/2025","AQS","060190011","1","7.8","ug/m3 LC","43","Fresno - Garland","1","100.0000","88502","Acceptable PM2.5 AQI & Speciation Mass","707","IMPROVE Module A with Cyclone Inlet-Teflon Filter, 2.2 sq. cm.","23420","Fresno, CA","06","California","019","Fresno","36.78538","-119.77321"
"02/27/2025","AQS","060190011","1","10.3","ug/m3 LC","53","Fresno - Garland","1","100.0000","88502","Acceptable PM2.5 AQI & Speciation Mass","707","IMPROVE Module A with Cyclone Inlet-Teflon Filter, 2.2 sq. cm.","23420","Fresno, CA","06","California","019","Fresno","36.78538","-119.77321"
"03/02/2025","AQS","060190011","1","1.9","ug/m3 LC","11","Fresno - Garland","1","100.0000","88502","Acceptable PM2.5 AQI & Speciation Mass","707","IMPROVE Module A with Cyclone Inlet-Teflon Filter, 2.2 sq. cm.","23420","Fresno, CA","06","California","019","Fresno","36.78538","-119.77321"
"03/05/2025","AQS","060190011","1","3.8","ug/m3 LC","21","Fresno - Garland","1","100.0000","88502","Acceptable PM2.5 AQI & Speciation Mass","707","IMPROVE Module A with Cyclone Inlet-Teflon Filter, 2.2 sq. cm.","23420","Fresno, CA","06","California","019","Fresno","36.78538","-119.77321"
"03/08/2025","AQS","060190011","1","6.6","ug/m3 LC","37","Fresno - Garland","1","100.0000","88502","Acceptable PM2.5 AQI & Speciation Mass","707","IMPROVE Module A with Cyclone Inlet-Teflon Filter, 2.2 sq. cm.","23420","Fresno, CA","06","California","019","Fresno","36.78538","-119.77321"
"03/11/2025","AQS","060190011","1","6.2","ug/m3 LC","34","Fresno - Garland","1","100.0000","88502","Acceptable PM2.5 AQI & Speciation Mass","707","IMPROVE Module A with Cyclone Inlet-Teflon Filter, 2.2 sq. cm.","23420","Fresno, CA","06","California","019","Fresno","36.78538","-119.77321"
"03/14/2025","AQS","060190011","1","3.5","ug/m3 LC","19","Fresno - Garland","1","100.0000","88502","Acceptable PM2.5 AQI & Speciation Mass","707","IMPROVE Module A with Cyclone Inlet-Teflon Filter, 2.2 sq. cm.","23420","Fresno, CA","06","California","019","Fresno","36.78538","-119.77321"
"03/17/2025","AQS","060190011","1","3.1","ug/m3 LC","17","Fresno - Garland","1","100.0000","88502","Acceptable PM2.5 AQI & Speciation Mass","707","IMPROVE Module A with Cyclone Inlet-Teflon Filter, 2.2 sq. cm.","23420","Fresno, CA","06","California","019","Fresno","36.78538","-119.77321"
"03/20/2025","AQS","060190011","1","2","ug/m3 LC","11","Fresno - Garland","1","100.0000","88502","Acceptable PM2.5 AQI & Speciation Mass","707","IMPROVE Module A with Cyclone Inlet-Teflon Filter, 2.2 sq. cm.","23420","Fresno, CA","06","California","019","Fresno","36.78538","-119.77321"
"03/23/2025","AQS","060190011","1","5","ug/m3 LC","28","Fresno - Garland","1","100.0000","88502","Acceptable PM2.5 AQI & Speciation Mass","707","IMPROVE Module A with Cyclone Inlet-Teflon Filter, 2.2 sq. cm.","23420","Fresno, CA","06","California","019","Fresno","36.78538","-119.77321"
"03/26/2025","AQS","060190011","1","6.6","ug/m3 LC","37","Fresno - Garland","1","100.0000","88502","Acceptable PM2.5 AQI & Speciation Mass","707","IMPROVE Module A with Cyclone Inlet-Teflon Filter, 2.2 sq. cm.","23420","Fresno, CA","06","California","019","Fresno","36.78538","-119.77321"
"03/29/2025","AQS","060190011","1","3.1","ug/m3 LC","17","Fresno - Garland","1","100.0000","88502","Acceptable PM2.5 AQI & Speciation Mass","707","IMPROVE Module A with Cyclone Inlet-Teflon Filter, 2.2 sq. cm.","23420","Fresno, CA","06","California","019","Fresno","36.78538","-119.77321"
"04/01/2025","AQS","060190011","1","2.1","ug/m3 LC","12","Fresno - Garland","1","100.0000","88502","Acceptable PM2.5 AQI & Speciation Mass","707","IMPROVE Module A with Cyclone Inlet-Teflon Filter, 2.2 sq. cm.","23420","Fresno, CA","06","California","019","Fresno","36.78538","-119.77321"
"04/04/2025","AQS","060190011","1","4.5","ug/m3 LC","25","Fresno - Garland","1","100.0000","88502","Acceptable PM2.5 AQI & Speciation Mass","707","IMPROVE Module A with Cyclone Inlet-Teflon Filter, 2.2 sq. cm.","23420","Fresno, CA","06","California","019","Fresno","36.78538","-119.77321"
"04/07/2025","AQS","060190011","1","3.2","ug/m3 LC","18","Fresno - Garland","1","100.0000","88502","Acceptable PM2.5 AQI & Speciation Mass","707","IMPROVE Module A with Cyclone Inlet-Teflon Filter, 2.2 sq. cm.","23420","Fresno, CA","06","California","019","Fresno","36.78538","-119.77321"
"04/10/2025","AQS","060190011","1","7.3","ug/m3 LC","41","Fresno - Garland","1","100.0000","88502","Acceptable PM2.5 AQI & Speciation Mass","707","IMPROVE Module A with Cyclone Inlet-Teflon Filter, 2.2 sq. cm.","23420","Fresno, CA","06","California","019","Fresno","36.78538","-119.77321"
"04/13/2025","AQS","060190011","1","5.8","ug/m3 LC","32","Fresno - Garland","1","100.0000","88502","Acceptable PM2.5 AQI & Speciation Mass","707","IMPROVE Module A with Cyclone Inlet-Teflon Filter, 2.2 sq. cm.","23420","Fresno, CA","06","California","019","Fresno","36.78538","-119.77321"
"04/16/2025","AQS","060190011","1","7","ug/m3 LC","39","Fresno - Garland","1","100.0000","88502","Acceptable PM2.5 AQI & Speciation Mass","707","IMPROVE Module A with Cyclone Inlet-Teflon Filter, 2.2 sq. cm.","23420","Fresno, CA","06","California","019","Fresno","36.78538","-119.77321"
"04/19/2025","AQS","060190011","1","9","ug/m3 LC","50","Fresno - Garland","1","100.0000","88502","Acceptable PM2.5 AQI & Speciation Mass","707","IMPROVE Module A with Cyclone Inlet-Teflon Filter, 2.2 sq. cm.","23420","Fresno, CA","06","California","019","Fresno","36.78538","-119.77321"
"04/22/2025","AQS","060190011","1","5.9","ug/m3 LC","33","Fresno - Garland","1","100.0000","88502","Acceptable PM2.5 AQI & Speciation Mass","707","IMPROVE Module A with Cyclone Inlet-Teflon Filter, 2.2 sq. cm.","23420","Fresno, CA","06","California","019","Fresno","36.78538","-119.77321"
"04/25/2025","AQS","060190011","1","4.2","ug/m3 LC","23","Fresno - Garland","1","100.0000","88502","Acceptable PM2.5 AQI & Speciation Mass","707","IMPROVE Module A with Cyclone Inlet-Teflon Filter, 2.2 sq. cm.","23420","Fresno, CA","06","California","019","Fresno","36.78538","-119.77321"
"04/28/2025","AQS","060190011","1","4.9","ug/m3 LC","27","Fresno - Garland","1","100.0000","88502","Acceptable PM2.5 AQI & Speciation Mass","707","IMPROVE Module A with Cyclone Inlet-Teflon Filter, 2.2 sq. cm.","23420","Fresno, CA","06","California","019","Fresno","36.78538","-119.77321"
"05/01/2025","AQS","060190011","1","11","ug/m3 LC","55","Fresno - Garland","1","100.0000","88502","Acceptable PM2.5 AQI & Speciation Mass","707","IMPROVE Module A with Cyclone Inlet-Teflon Filter, 2.2 sq. cm.","23420","Fresno, CA","06","California","019","Fresno","36.78538","-119.77321"
"05/04/2025","AQS","060190011","1","7.4","ug/m3 LC","41","Fresno - Garland","1","100.0000","88502","Acceptable PM2.5 AQI & Speciation Mass","707","IMPROVE Module A with Cyclone Inlet-Teflon Filter, 2.2 sq. cm.","23420","Fresno, CA","06","California","019","Fresno","36.78538","-119.77321"
"05/07/2025","AQS","060190011","1","9.7","ug/m3 LC","52","Fresno - Garland","1","100.0000","88502","Acceptable PM2.5 AQI & Speciation Mass","707","IMPROVE Module A with Cyclone Inlet-Teflon Filter, 2.2 sq. cm.","23420","Fresno, CA","06","California","019","Fresno","36.78538","-119.77321"
"05/10/2025","AQS","060190011","1","10.3","ug/m3 LC","53","Fresno - Garland","1","100.0000","88502","Acceptable PM2.5 AQI & Speciation Mass","707","IMPROVE Module A with Cyclone Inlet-Teflon Filter, 2.2 sq. cm.","23420","Fresno, CA","06","California","019","Fresno","36.78538","-119.77321"
"05/13/2025","AQS","060190011","1","2.7","ug/m3 LC","15","Fresno - Garland","1","100.0000","88502","Acceptable PM2.5 AQI & Speciation Mass","707","IMPROVE Module A with Cyclone Inlet-Teflon Filter, 2.2 sq. cm.","23420","Fresno, CA","06","California","019","Fresno","36.78538","-119.77321"
"05/16/2025","AQS","060190011","1","5.8","ug/m3 LC","32","Fresno - Garland","1","100.0000","88502","Acceptable PM2.5 AQI & Speciation Mass","707","IMPROVE Module A with Cyclone Inlet-Teflon Filter, 2.2 sq. cm.","23420","Fresno, CA","06","California","019","Fresno","36.78538","-119.77321"
"05/19/2025","AQS","060190011","1","6","ug/m3 LC","33","Fresno - Garland","1","100.0000","88502","Acceptable PM2.5 AQI & Speciation Mass","707","IMPROVE Module A with Cyclone Inlet-Teflon Filter, 2.2 sq. cm.","23420","Fresno, CA","06","California","019","Fresno","36.78538","-119.77321"
"05/22/2025","AQS","060190011","1","5.5","ug/m3 LC","31","Fresno - Garland","1","100.0000","88502","Acceptable PM2.5 AQI & Speciation Mass","707","IMPROVE Module A with Cyclone Inlet-Teflon Filter, 2.2 sq. cm.","23420","Fresno, CA","06","California","019","Fresno","36.78538","-119.77321"
"05/25/2025","AQS","060190011","1","4.8","ug/m3 LC","27","Fresno - Garland","1","100.0000","88502","Acceptable PM2.5 AQI & Speciation Mass","707","IMPROVE Module A with Cyclone Inlet-Teflon Filter, 2.2 sq. cm.","23420","Fresno, CA","06","California","019","Fresno","36.78538","-119.77321"
"05/28/2025","AQS","060190011","1","6.4","ug/m3 LC","36","Fresno - Garland","1","100.0000","88502","Acceptable PM2.5 AQI & Speciation Mass","707","IMPROVE Module A with Cyclone Inlet-Teflon Filter, 2.2 sq. cm.","23420","Fresno, CA","06","California","019","Fresno","36.78538","-119.77321"
"05/31/2025","AQS","060190011","1","14.8","ug/m3 LC","62","Fresno - Garland","1","100.0000","88502","Acceptable PM2.5 AQI & Speciation Mass","707","IMPROVE Module A with Cyclone Inlet-Teflon Filter, 2.2 sq. cm.","23420","Fresno, CA","06","California","019","Fresno","36.78538","-119.77321"
"06/03/2025","AQS","060190011","1","7.4","ug/m3 LC","41","Fresno - Garland","1","100.0000","88502","Acceptable PM2.5 AQI & Speciation Mass","707","IMPROVE Module A with Cyclone Inlet-Teflon Filter, 2.2 sq. cm.","23420","Fresno, CA","06","California","019","Fresno","36.78538","-119.77321"
"06/06/2025","AQS","060190011","1","6.8","ug/m3 LC","38","Fresno - Garland","1","100.0000","88502","Acceptable PM2.5 AQI & Speciation Mass","707","IMPROVE Module A with Cyclone Inlet-Teflon Filter, 2.2 sq. cm.","23420","Fresno, CA","06","California","019","Fresno","36.78538","-119.77321"
"06/09/2025","AQS","060190011","1","7.1","ug/m3 LC","39","Fresno - Garland","1","100.0000","88502","Acceptable PM2.5 AQI & Speciation Mass","707","IMPROVE Module A with Cyclone Inlet-Teflon Filter, 2.2 sq. cm.","23420","Fresno, CA","06","California","019","Fresno","36.78538","-119.77321"
"06/12/2025","AQS","060190011","1","8.6","ug/m3 LC","48","Fresno - Garland","1","100.0000","88502","Acceptable PM2.5 AQI & Speciation Mass","707","IMPROVE Module A with Cyclone Inlet-Teflon Filter, 2.2 sq. cm.","23420","Fresno, CA","06","California","019","Fresno","36.78538","-119.77321"
"06/15/2025","AQS","060190011","1","6.8","ug/m3 LC","38","Fresno - Garland","1","100.0000","88502","Acceptable PM2.5 AQI & Speciation Mass","707","IMPROVE Module A with Cyclone Inlet-Teflon Filter, 2.2 sq. cm.","23420","Fresno, CA","06","California","019","Fresno","36.78538","-119.77321"
"06/18/2025","AQS","060190011","1","8.2","ug/m3 LC","46","Fresno - Garland","1","100.0000","88502","Acceptable PM2.5 AQI & Speciation Mass","707","IMPROVE Module A with Cyclone Inlet-Teflon Filter, 2.2 sq. cm.","23420","Fresno, CA","06","California","019","Fresno","36.78538","-119.77321"
"06/21/2025","AQS","060190011","1","4.8","ug/m3 LC","27","Fresno - Garland","1","100.0000","88502","Acceptable PM2.5 AQI & Speciation Mass","707","IMPROVE Module A with Cyclone Inlet-Teflon Filter, 2.2 sq. cm.","23420","Fresno, CA","06","California","019","Fresno","36.78538","-119.77321"
"06/24/2025","AQS","060190011","1","5.5","ug/m3 LC","31","Fresno - Garland","1","100.0000","88502","Acceptable PM2.5 AQI & Speciation Mass","707","IMPROVE Module A with Cyclone Inlet-Teflon Filter, 2.2 sq. cm.","23420","Fresno, CA","06","California","019","Fresno","36.78538","-119.77321"
"06/27/2025","AQS","060190011","1","7.8","ug/m3 LC","43","Fresno - Garland","1","100.0000","88502","Acceptable PM2.5 AQI & Speciation Mass","707","IMPROVE Module A with Cyclone Inlet-Teflon Filter, 2.2 sq. cm.","23420","Fresno, CA","06","California","019","Fresno","36.78538","-119.77321"
"06/30/2025","AQS","060190011","1","6.8","ug/m3 LC","38","Fresno - Garland","1","100.0000","88502","Acceptable PM2.5 AQI & Speciation Mass","707","IMPROVE Module A with Cyclone Inlet-Teflon Filter, 2.2 sq. cm.","23420","Fresno, CA","06","California","019","Fresno","36.78538","-119.77321"
"07/03/2025","AQS","060190011","1","9","ug/m3 LC","50","Fresno - Garland","1","100.0000","88502","Acceptable PM2.5 AQI & Speciation Mass","707","IMPROVE Module A with Cyclone Inlet-Teflon Filter, 2.2 sq. cm.","23420","Fresno, CA","06","California","019","Fresno","36.78538","-119.77321"
"07/06/2025","AQS","060190011","1","5.7","ug/m3 LC","32","Fresno - Garland","1","100.0000","88502","Acceptable PM2.5 AQI & Speciation Mass","707","IMPROVE Module A with Cyclone Inlet-Teflon Filter, 2.2 sq. cm.","23420","Fresno, CA","06","California","019","Fresno","36.78538","-119.77321"
"07/09/2025","AQS","060190011","1","5.7","ug/m3 LC","32","Fresno - Garland","1","100.0000","88502","Acceptable PM2.5 AQI & Speciation Mass","707","IMPROVE Module A with Cyclone Inlet-Teflon Filter, 2.2 sq. cm.","23420","Fresno, CA","06","California","019","Fresno","36.78538","-119.77321"
"07/12/2025","AQS","060190011","1","14.4","ug/m3 LC","61","Fresno - Garland","1","100.0000","88502","Acceptable PM2.5 AQI & Speciation Mass","707","IMPROVE Module A with Cyclone Inlet-Teflon Filter, 2.2 sq. cm.","23420","Fresno, CA","06","California","019","Fresno","36.78538","-119.77321"
"07/15/2025","AQS","060190011","1","9.9","ug/m3 LC","52","Fresno - Garland","1","100.0000","88502","Acceptable PM2.5 AQI & Speciation Mass","707","IMPROVE Module A with Cyclone Inlet-Teflon Filter, 2.2 sq. cm.","23420","Fresno, CA","06","California","019","Fresno","36.78538","-119.77321"
"07/18/2025","AQS","060190011","1","6.6","ug/m3 LC","37","Fresno - Garland","1","100.0000","88502","Acceptable PM2.5 AQI & Speciation Mass","707","IMPROVE Module A with Cyclone Inlet-Teflon Filter, 2.2 sq. cm.","23420","Fresno, CA","06","California","019","Fresno","36.78538","-119.77321"
"07/21/2025","AQS","060190011","1","4.3","ug/m3 LC","24","Fresno - Garland","1","100.0000","88502","Acceptable PM2.5 AQI & Speciation Mass","707","IMPROVE Module A with Cyclone Inlet-Teflon Filter, 2.2 sq. cm.","23420","Fresno, CA","06","California","019","Fresno","36.78538","-119.77321"
"07/24/2025","AQS","060190011","1","4.1","ug/m3 LC","23","Fresno - Garland","1","100.0000","88502","Acceptable PM2.5 AQI & Speciation Mass","707","IMPROVE Module A with Cyclone Inlet-Teflon Filter, 2.2 sq. cm.","23420","Fresno, CA","06","California","019","Fresno","36.78538","-119.77321"
"07/27/2025","AQS","060190011","1","3.7","ug/m3 LC","21","Fresno - Garland","1","100.0000","88502","Acceptable PM2.5 AQI & Speciation Mass","707","IMPROVE Module A with Cyclone Inlet-Teflon Filter, 2.2 sq. cm.","23420","Fresno, CA","06","California","019","Fresno","36.78538","-119.77321"
"01/01/2025","AQS","060190011","2","39.5","ug/m3 LC","111","Fresno - Garland","1","100.0000","88101","PM2.5 - Local Conditions","145","R & P Model 2025 PM-2.5 Sequential Air Sampler w/VSCC","23420","Fresno, CA","06","California","019","Fresno","36.78538","-119.77321"
"01/04/2025","AQS","060190011","2","12.5","ug/m3 LC","57","Fresno - Garland","1","100.0000","88101","PM2.5 - Local Conditions","145","R & P Model 2025 PM-2.5 Sequential Air Sampler w/VSCC","23420","Fresno, CA","06","California","019","Fresno","36.78538","-119.77321"
"01/07/2025","AQS","060190011","2","20.4","ug/m3 LC","72","Fresno - Garland","1","100.0000","88101","PM2.5 - Local Conditions","145","R & P Model 2025 PM-2.5 Sequential Air Sampler w/VSCC","23420","Fresno, CA","06","California","019","Fresno","36.78538","-119.77321"
"01/10/2025","AQS","060190011","2","19.8","ug/m3 LC","71","Fresno - Garland","1","100.0000","88101","PM2.5 - Local Conditions","145","R & P Model 2025 PM-2.5 Sequential Air Sampler w/VSCC","23420","Fresno, CA","06","California","019","Fresno","36.78538","-119.77321"
"01/13/2025","AQS","060190011","2","15","ug/m3 LC","62","Fresno - Garland","1","100.0000","88101","PM2.5 - Local Conditions","145","R & P Model 2025 PM-2.5 Sequential Air Sampler w/VSCC","23420","Fresno, CA","06","California","019","Fresno","36.78538","-119.77321"
"01/16/2025","AQS","060190011","2","23.3","ug/m3 LC","77","Fresno - Garland","1","100.0000","88101","PM2.5 - Local Conditions","145","R & P Model 2025 PM-2.5 Sequential Air Sampler w/VSCC","23420","Fresno, CA","06","California","019","Fresno","36.78538","-119.77321"
"01/19/2025","AQS","060190011","2","36.5","ug/m3 LC","103","Fresno - Garland","1","100.0000","88101","PM2.5 - Local Conditions","145","R & P Model 2025 PM-2.5 Sequential Air Sampler w/VSCC","23420","Fresno, CA","06","California","019","Fresno","36.78538","-119.77321"
"01/22/2025","AQS","060190011","2","29.5","ug/m3 LC","89","Fresno - Garland","1","100.0000","88101","PM2.5 - Local Conditions","145","R & P Model 2025 PM-2.5 Sequential Air Sampler w/VSCC","23420","Fresno, CA","06","California","019","Fresno","36.78538","-119.77321"
"01/25/2025","AQS","060190011","2","23","ug/m3 LC","77","Fresno - Garland","1","100.0000","88101","PM2.5 - Local Conditions","145","R & P Model 2025 PM-2.5 Sequential Air Sampler w/VSCC","23420","Fresno, CA","06","California","019","Fresno","36.78538","-119.77321"
"01/28/2025","AQS","060190011","2","14.2","ug/m3 LC","61","Fresno - Garland","1","100.0000","88101","PM2.5 - Local Conditions","145","R & P Model 2025 PM-2.5 Sequential Air Sampler w/VSCC","23420","Fresno, CA","06","California","019","Fresno","36.78538","-119.77321"
"01/31/2025","AQS","060190011","2","27.1","ug/m3 LC","85","Fresno - Garland","1","100.0000","88101","PM2.5 - Local Conditions","145","R & P Model 2025 PM-2.5 Sequential Air Sampler w/VSCC","23420","Fresno, CA","06","California","019","Fresno","36.78538","-119.77321"
"02/03/2025","AQS","060190011","2","10.3","ug/m3 LC","53","Fresno - Garland","1","100.0000","88101","PM2.5 - Local Conditions","145","R & P Model 2025 PM-2.5 Sequential Air Sampler w/VSCC","23420","Fresno, CA","06","California","019","Fresno","36.78538","-119.77321"
"02/06/2025","AQS","060190011","2","5.5","ug/m3 LC","31","Fresno - Garland","1","100.0000","88101","PM2.5 - Local Conditions","145","R & P Model 2025 PM-2.5 Sequential Air Sampler w/VSCC","23420","Fresno, CA","06","California","019","Fresno","36.78538","-119.77321"
"02/09/2025","AQS","060190011","2","8.9","ug/m3 LC","49","Fresno - Garland","1","100.0000","88101","PM2.5 - Local Conditions","145","R & P Model 2025 PM-2.5 Sequential Air Sampler w/VSCC","23420","Fresno, CA","06","California","019","Fresno","36.78538","-119.77321"
"02/12/2025","AQS","060190011","2","5.9","ug/m3 LC","33","Fresno - Garland","1","100.0000","88101","PM2.5 - Local Conditions","145","R & P Model 2025 PM-2.5 Sequential Air Sampler w/VSCC","23420","Fresno, CA","06","California","019","Fresno","36.78538","-119.77321"
"02/15/2025","AQS","060190011","2","12.1","ug/m3 LC","57","Fresno - Garland","1","100.0000","88101","PM2.5 - Local Conditions","145","R & P Model 2025 PM-2.5 Sequential Air Sampler w/VSCC","23420","Fresno, CA","06","California","019","Fresno","36.78538","-119.77321"
"02/21/2025","AQS","060190011","2","10.6","ug/m3 LC","54","Fresno - Garland","1","100.0000","88101","PM2.5 - Local Conditions","145","R & P Model 2025 PM-2.5 Sequential Air Sampler w/VSCC","23420","Fresno, CA","06","California","019","Fresno","36.78538","-119.77321"
"02/24/2025","AQS","060190011","2","13.5","ug/m3 LC","59","Fresno - Garland","1","100.0000","88101","PM2.5 - Local Conditions","145","R & P Model 2025 PM-2.5 Sequential Air Sampler w/VSCC","23420","Fresno, CA","06","California","019","Fresno","36.78538","-119.77321"
"02/27/2025","AQS","060190011","2","13","ug/m3 LC","58","Fresno - Garland","1","100.0000","88101","PM2.5 - Local Conditions","145","R & P Model 2025 PM-2.5 Sequential Air Sampler w/VSCC","23420","Fresno, CA","06","California","019","Fresno","36.78538","-119.77321"
"03/02/2025","AQS","060190011","2","2.3","ug/m3 LC","13","Fresno - Garland","1","100.0000","88101","PM2.5 - Local Conditions","145","R & P Model 2025 PM-2.5 Sequential Air Sampler w/VSCC","23420","Fresno, CA","06","California","019","Fresno","36.78538","-119.77321"
"03/05/2025","AQS","060190011","2","5.6","ug/m3 LC","31","Fresno - Garland","1","100.0000","88101","PM2.5 - Local Conditions","145","R & P Model 2025 PM-2.5 Sequential Air Sampler w/VSCC","23420","Fresno, CA","06","California","019","Fresno","36.78538","-119.77321"
"03/08/2025","AQS","060190011","2","7.4","ug/m3 LC","41","Fresno - Garland","1","100.0000","88101","PM2.5 - Local Conditions","145","R & P Model 2025 PM-2.5 Sequential Air Sampler w/VSCC","23420","Fresno, CA","06","California","019","Fresno","36.78538","-119.77321"
"03/11/2025","AQS","060190011","2","8.3","ug/m3 LC","46","Fresno - Garland","1","100.0000","88101","PM2.5 - Local Conditions","145","R & P Model 2025 PM-2.5 Sequential Air Sampler w/VSCC","23420","Fresno, CA","06","California","019","Fresno","36.78538","-119.77321"
"03/14/2025","AQS","060190011","2","3.9","ug/m3 LC","22","Fresno - Garland","1","100.0000","88101","PM2.5 - Local Conditions","145","R & P Model 2025 PM-2.5 Sequential Air Sampler w/VSCC","23420","Fresno, CA","06","California","019","Fresno","36.78538","-119.77321"
"03/17/2025","AQS","060190011","2","3.6","ug/m3 LC","20","Fresno - Garland","1","100.0000","88101","PM2.5 - Local Conditions","145","R & P Model 2025 PM-2.5 Sequential Air Sampler w/VSCC","23420","Fresno, CA","06","California","019","Fresno","36.78538","-119.77321"
"03/20/2025","AQS","060190011","2","2.3","ug/m3 LC","13","Fresno - Garland","1","100.0000","88101","PM2.5 - Local Conditions","145","R & P Model 2025 PM-2.5 Sequential Air Sampler w/VSCC","23420","Fresno, CA","06","California","019","Fresno","36.78538","-119.77321"
"03/23/2025","AQS","060190011","2","5.5","ug/m3 LC","31","Fresno - Garland","1","100.0000","88101","PM2.5 - Local Conditions","145","R & P Model 2025 PM-2.5 Sequential Air Sampler w/VSCC","23420","Fresno, CA","06","California","019","Fresno","36.78538","-119.77321"
"03/26/2025","AQS","060190011","2","7.5","ug/m3 LC","42","Fresno - Garland","1","100.0000","88101","PM2.5 - Local Conditions","145","R & P Model 2025 PM-2.5 Sequential Air Sampler w/VSCC","23420","Fresno, CA","06","California","019","Fresno","36.78538","-119.77321"
"03/29/2025","AQS","060190011","2","3.9","ug/m3 LC","22","Fresno - Garland","1","100.0000","88101","PM2.5 - Local Conditions","145","R & P Model 2025 PM-2.5 Sequential Air Sampler w/VSCC","23420","Fresno, CA","06","California","019","Fresno","36.78538","-119.77321"
"04/01/2025","AQS","060190011","2","2.3","ug/m3 LC","13","Fresno - Garland","1","100.0000","88101","PM2.5 - Local Conditions","145","R & P Model 2025 PM-2.5 Sequential Air Sampler w/VSCC","23420","Fresno, CA","06","California","019","Fresno","36.78538","-119.77321"
"04/04/2025","AQS","060190011","2","5.1","ug/m3 LC","28","Fresno - Garland","1","100.0000","88101","PM2.5 - Local Conditions","145","R & P Model 2025 PM-2.5 Sequential Air Sampler w/VSCC","23420","Fresno, CA","06","California","019","Fresno","36.78538","-119.77321"
"04/07/2025","AQS","060190011","2","3.5","ug/m3 LC","19","Fresno - Garland","1","100.0000","88101","PM2.5 - Local Conditions","145","R & P Model 2025 PM-2.5 Sequential Air Sampler w/VSCC","23420","Fresno, CA","06","California","019","Fresno","36.78538","-119.77321"
"04/10/2025","AQS","060190011","2","7.9","ug/m3 LC","44","Fresno - Garland","1","100.0000","88101","PM2.5 - Local Conditions","145","R & P Model 2025 PM-2.5 Sequential Air Sampler w/VSCC","23420","Fresno, CA","06","California","019","Fresno","36.78538","-119.77321"
"04/13/2025","AQS","060190011","2","6.9","ug/m3 LC","38","Fresno - Garland","1","100.0000","88101","PM2.5 - Local Conditions","145","R & P Model 2025 PM-2.5 Sequential Air Sampler w/VSCC","23420","Fresno, CA","06","California","019","Fresno","36.78538","-119.77321"
"04/16/2025","AQS","060190011","2","8.8","ug/m3 LC","49","Fresno - Garland","1","100.0000","88101","PM2.5 - Local Conditions","145","R & P Model 2025 PM-2.5 Sequential Air Sampler w/VSCC","23420","Fresno, CA","06","California","019","Fresno","36.78538","-119.77321"
"04/19/2025","AQS","060190011","2","9.9","ug/m3 LC","52","Fresno - Garland","1","100.0000","88101","PM2.5 - Local Conditions","145","R & P Model 2025 PM-2.5 Sequential Air Sampler w/VSCC","23420","Fresno, CA","06","California","019","Fresno","36.78538","-119.77321"
"04/22/2025","AQS","060190011","2","7","ug/m3 LC","39","Fresno - Garland","1","100.0000","88101","PM2.5 - Local Conditions","145","R & P Model 2025 PM-2.5 Sequential Air Sampler w/VSCC","23420","Fresno, CA","06","California","019","Fresno","36.78538","-119.77321"
"04/25/2025","AQS","060190011","2","5.3","ug/m3 LC","29","Fresno - Garland","1","100.0000","88101","PM2.5 - Local Conditions","145","R & P Model 2025 PM-2.5 Sequential Air Sampler w/VSCC","23420","Fresno, CA","06","California","019","Fresno","36.78538","-119.77321"
"04/28/2025","AQS","060190011","2","2.9","ug/m3 LC","16","Fresno - Garland","1","100.0000","88101","PM2.5 - Local Conditions","145","R & P Model 2025 PM-2.5 Sequential Air Sampler w/VSCC","23420","Fresno, CA","06","California","019","Fresno","36.78538","-119.77321"
"05/01/2025","AQS","060190011","2","9.9","ug/m3 LC","52","Fresno - Garland","1","100.0000","88101","PM2.5 - Local Conditions","145","R & P Model 2025 PM-2.5 Sequential Air Sampler w/VSCC","23420","Fresno, CA","06","California","019","Fresno","36.78538","-119.77321"
"05/04/2025","AQS","060190011","2","8.7","ug/m3 LC","48","Fresno - Garland","1","100.0000","88101","PM2.5 - Local Conditions","145","R & P Model 2025 PM-2.5 Sequential Air Sampler w/VSCC","23420","Fresno, CA","06","California","019","Fresno","36.78538","-119.77321"
"05/07/2025","AQS","060190011","2","9.3","ug/m3 LC","51","Fresno - Garland","1","100.0000","88502","Acceptable PM2.5 AQI & Speciation Mass","707","IMPROVE Module A with Cyclone Inlet-Teflon Filter, 2.2 sq. cm.","23420","Fresno, CA","06","California","019","Fresno","36.78538","-119.77321"
"05/10/2025","AQS","060190011","2","11","ug/m3 LC","55","Fresno - Garland","1","100.0000","88101","PM2.5 - Local Conditions","145","R & P Model 2025 PM-2.5 Sequential Air Sampler w/VSCC","23420","Fresno, CA","06","California","019","Fresno","36.78538","-119.77321"
"05/13/2025","AQS","060190011","2","3.8","ug/m3 LC","21","Fresno - Garland","1","100.0000","88101","PM2.5 - Local Conditions","145","R & P Model 2025 PM-2.5 Sequential Air Sampler w/VSCC","23420","Fresno, CA","06","California","019","Fresno","36.78538","-119.77321"
"05/16/2025","AQS","060190011","2","4.9","ug/m3 LC","27","Fresno - Garland","1","100.0000","88101","PM2.5 - Local Conditions","145","R & P Model 2025 PM-2.5 Sequential Air Sampler w/VSCC","23420","Fresno, CA","06","California","019","Fresno","36.78538","-119.77321"
"05/19/2025","AQS","060190011","2","5.8","ug/m3 LC","32","Fresno - Garland","1","100.0000","88502","Acceptable PM2.5 AQI & Speciation Mass","707","IMPROVE Module A with Cyclone Inlet-Teflon Filter, 2.2 sq. cm.","23420","Fresno, CA","06","California","019","Fresno","36.78538","-119.77321"
"05/22/2025","AQS","060190011","2","5.8","ug/m3 LC","32","Fresno - Garland","1","100.0000","88101","PM2.5 - Local Conditions","145","R & P Model 2025 PM-2.5 Sequential Air Sampler w/VSCC","23420","Fresno, CA","06","California","019","Fresno","36.78538","-119.77321"
"05/25/2025","AQS","060190011","2","5.7","ug/m3 LC","32","Fresno - Garland","1","100.0000","88101","PM2.5 - Local Conditions","145","R & P Model 2025 PM-2.5 Sequential Air Sampler w/VSCC","23420","Fresno, CA","06","California","019","Fresno","36.78538","-119.77321"
"05/28/2025","AQS","060190011","2","7.1","ug/m3 LC","39","Fresno - Garland","1","100.0000","88502","Acceptable PM2.5 AQI & Speciation Mass","707","IMPROVE Module A with Cyclone Inlet-Teflon Filter, 2.2 sq. cm.","23420","Fresno, CA","06","California","019","Fresno","36.78538","-119.77321"
"05/31/2025","AQS","060190011","2","16","ug/m3 LC","64","Fresno - Garland","1","100.0000","88101","PM2.5 - Local Conditions","145","R & P Model 2025 PM-2.5 Sequential Air Sampler w/VSCC","23420","Fresno, CA","06","California","019","Fresno","36.78538","-119.77321"
"06/03/2025","AQS","060190011","2","7.3","ug/m3 LC","41","Fresno - Garland","1","100.0000","88502","Acceptable PM2.5 AQI & Speciation Mass","707","IMPROVE Module A with Cyclone Inlet-Teflon Filter, 2.2 sq. cm.","23420","Fresno, CA","06","California","019","Fresno","36.78538","-119.77321"
"06/06/2025","AQS","060190011","2","6.9","ug/m3 LC","38","Fresno - Garland","1","100.0000","88502","Acceptable PM2.5 AQI & Speciation Mass","707","IMPROVE Module A with Cyclone Inlet-Teflon Filter, 2.2 sq. cm.","23420","Fresno, CA","06","California","019","Fresno","36.78538","-119.77321"
"06/09/2025","AQS","060190011","2","6.9","ug/m3 LC","38","Fresno - Garland","1","100.0000","88502","Acceptable PM2.5 AQI & Speciation Mass","707","IMPROVE Module A with Cyclone Inlet-Teflon Filter, 2.2 sq. cm.","23420","Fresno, CA","06","California","019","Fresno","36.78538","-119.77321"
"06/12/2025","AQS","060190011","2","9.5","ug/m3 LC","52","Fresno - Garland","1","100.0000","88502","Acceptable PM2.5 AQI & Speciation Mass","707","IMPROVE Module A with Cyclone Inlet-Teflon Filter, 2.2 sq. cm.","23420","Fresno, CA","06","California","019","Fresno","36.78538","-119.77321"
"06/15/2025","AQS","060190011","2","6.7","ug/m3 LC","37","Fresno - Garland","1","100.0000","88502","Acceptable PM2.5 AQI & Speciation Mass","707","IMPROVE Module A with Cyclone Inlet-Teflon Filter, 2.2 sq. cm.","23420","Fresno, CA","06","California","019","Fresno","36.78538","-119.77321"
"06/18/2025","AQS","060190011","2","9.2","ug/m3 LC","51","Fresno - Garland","1","100.0000","88502","Acceptable PM2.5 AQI & Speciation Mass","707","IMPROVE Module A with Cyclone Inlet-Teflon Filter, 2.2 sq. cm.","23420","Fresno, CA","06","California","019","Fresno","36.78538","-119.77321"
"06/21/2025","AQS","060190011","2","4.6","ug/m3 LC","26","Fresno - Garland","1","100.0000","88502","Acceptable PM2.5 AQI & Speciation Mass","707","IMPROVE Module A with Cyclone Inlet-Teflon Filter, 2.2 sq. cm.","23420","Fresno, CA","06","California","019","Fresno","36.78538","-119.77321"
"06/24/2025","AQS","060190011","2","6","ug/m3 LC","33","Fresno - Garland","1","100.0000","88101","PM2.5 - Local Conditions","145","R & P Model 2025 PM-2.5 Sequential Air Sampler w/VSCC","23420","Fresno, CA","06","California","019","Fresno","36.78538","-119.77321"
"06/27/2025","AQS","060190011","2","7.9","ug/m3 LC","44","Fresno - Garland","1","100.0000","88502","Acceptable PM2.5 AQI & Speciation Mass","707","IMPROVE Module A with Cyclone Inlet-Teflon Filter, 2.2 sq. cm.","23420","Fresno, CA","06","California","019","Fresno","36.78538","-119.77321"
"06/30/2025","AQS","060190011","2","6.9","ug/m3 LC","38","Fresno - Garland","1","100.0000","88101","PM2.5 - Local Conditions","145","R & P Model 2025 PM-2.5 Sequential Air Sampler w/VSCC","23420","Fresno, CA","06","California","019","Fresno","36.78538","-119.77321"
"07/03/2025","AQS","060190011","2","10","ug/m3 LC","53","Fresno - Garland","1","100.0000","88502","Acceptable PM2.5 AQI & Speciation Mass","707","IMPROVE Module A with Cyclone Inlet-Teflon Filter, 2.2 sq. cm.","23420","Fresno, CA","06","California","019","Fresno","36.78538","-119.77321"
"07/06/2025","AQS","060190011","2","6.5","ug/m3 LC","36","Fresno - Garland","1","100.0000","88101","PM2.5 - Local Conditions","145","R & P Model 2025 PM-2.5 Sequential Air Sampler w/VSCC","23420","Fresno, CA","06","California","019","Fresno","36.78538","-119.77321"
"07/09/2025","AQS","060190011","2","6.8","ug/m3 LC","38","Fresno - Garland","1","100.0000","88502","Acceptable PM2.5 AQI & Speciation Mass","707","IMPROVE Module A with Cyclone Inlet-Teflon Filter, 2.2 sq. cm.","23420","Fresno, CA","06","California","019","Fresno","36.78538","-119.77321"
"07/12/2025","AQS","060190011","2","14.8","ug/m3 LC","62","Fresno - Garland","1","100.0000","88502","Acceptable PM2.5 AQI & Speciation Mass","707","IMPROVE Module A with Cyclone Inlet-Teflon Filter, 2.2 sq. cm.","23420","Fresno, CA","06","California","019","Fresno","36.78538","-119.77321"
"07/15/2025","AQS","060190011","2","10.8","ug/m3 LC","54","Fresno - Garland","1","100.0000","88101","PM2.5 - Local Conditions","145","R & P Model 2025 PM-2.5 Sequential Air Sampler w/VSCC","23420","Fresno, CA","06","California","019","Fresno","36.78538","-119.77321"
"07/18/2025","AQS","060190011","2","7.1","ug/m3 LC","39","Fresno - Garland","1","100.0000","88101","PM2.5 - Local Conditions","145","R & P Model 2025 PM-2.5 Sequential Air Sampler w/VSCC","23420","Fresno, CA","06","California","019","Fresno","36.78538","-119.77321"
"07/21/2025","AQS","060190011","2","5.1","ug/m3 LC","28","Fresno - Garland","1","100.0000","88101","PM2.5 - Local Conditions","145","R & P Model 2025 PM-2.5 Sequential Air Sampler w/VSCC","23420","Fresno, CA","06","California","019","Fresno","36.78538","-119.77321"
"07/24/2025","AQS","060190011","2","4.3","ug/m3 LC","24","Fresno - Garland","1","100.0000","88502","Acceptable PM2.5 AQI & Speciation Mass","707","IMPROVE Module A with Cyclone Inlet-Teflon Filter, 2.2 sq. cm.","23420","Fresno, CA","06","California","019","Fresno","36.78538","-119.77321"
"07/27/2025","AQS","060190011","2","3.8","ug/m3 LC","21","Fresno - Garland","1","100.0000","88502","Acceptable PM2.5 AQI & Speciation Mass","707","IMPROVE Module A with Cyclone Inlet-Teflon Filter, 2.2 sq. cm.","23420","Fresno, CA","06","California","019","Fresno","36.78538","-119.77321"
"07/30/2025","AQS","060190011","2","5","ug/m3 LC","28","Fresno - Garland","1","100.0000","88101","PM2.5 - Local Conditions","145","R & P Model 2025 PM-2.5 Sequential Air Sampler w/VSCC","23420","Fresno, CA","06","California","019","Fresno","36.78538","-119.77321"
"08/02/2025","AQS","060190011","2","5.8","ug/m3 LC","32","Fresno - Garland","1","100.0000","88101","PM2.5 - Local Conditions","145","R & P Model 2025 PM-2.5 Sequential Air Sampler w/VSCC","23420","Fresno, CA","06","California","019","Fresno","36.78538","-119.77321"
"08/05/2025","AQS","060190011","2","4.2","ug/m3 LC","23","Fresno - Garland","1","100.0000","88101","PM2.5 - Local Conditions","145","R & P Model 2025 PM-2.5 Sequential Air Sampler w/VSCC","23420","Fresno, CA","06","California","019","Fresno","36.78538","-119.77321"
"08/08/2025","AQS","060190011","2","9.5","ug/m3 LC","52","Fresno - Garland","1","100.0000","88101","PM2.5 - Local Conditions","145","R & P Model 2025 PM-2.5 Sequential Air Sampler w/VSCC","23420","Fresno, CA","06","California","019","Fresno","36.78538","-119.77321"
"08/14/2025","AQS","060190011","2","1","ug/m3 LC","6","Fresno - Garland","1","100.0000","88101","PM2.5 - Local Conditions","145","R & P Model 2025 PM-2.5 Sequential Air Sampler w/VSCC","23420","Fresno, CA","06","California","019","Fresno","36.78538","-119.77321"
"08/17/2025","AQS","060190011","2","2.8","ug/m3 LC","16","Fresno - Garland","1","100.0000","88101","PM2.5 - Local Conditions","145","R & P Model 2025 PM-2.5 Sequential Air Sampler w/VSCC","23420","Fresno, CA","06","California","019","Fresno","36.78538","-119.77321"
"08/23/2025","AQS","060190011","2","16.8","ug/m3 LC","65","Fresno - Garland","1","100.0000","88101","PM2.5 - Local Conditions","145","R & P Model 2025 PM-2.5 Sequential Air Sampler w/VSCC","23420","Fresno, CA","06","California","019","Fresno","36.78538","-119.77321"
"08/26/2025","AQS","060190011","2","11.4","ug/m3 LC","55","Fresno - Garland","1","100.0000","88101","PM2.5 - Local Conditions","145","R & P Model 2025 PM-2.5 Sequential Air Sampler w/VSCC","23420","Fresno, CA","06","California","019","Fresno","36.78538","-119.77321"
"08/29/2025","AQS","060190011","2","8.4","ug/m3 LC","47","Fresno - Garland","1","100.0000","88101","PM2.5 - Local Conditions","145","R & P Model 2025 PM-2.5 Sequential Air Sampler w/VSCC","23420","Fresno, CA","06","California","019","Fresno","36.78538","-119.77321"
"09/01/2025","AQS","060190011","2","10.2","ug/m3 LC","53","Fresno - Garland","1","100.0000","88101","PM2.5 - Local Conditions","145","R & P Model 2025 PM-2.5 Sequential Air Sampler w/VSCC","23420","Fresno, CA","06","California","019","Fresno","36.78538","-119.77321"
"09/04/2025","AQS","060190011","2","14.1","ug/m3 LC","60","Fresno - Garland","1","100.0000","88101","PM2.5 - Local Conditions","145","R & P Model 2025 PM-2.5 Sequential Air Sampler w/VSCC","23420","Fresno, CA","06","California","019","Fresno","36.78538","-119.77321"
"09/07/2025","AQS","060190011","2","6.7","ug/m3 LC","37","Fresno - Garland","1","100.0000","88101","PM2.5 - Local Conditions","145","R & P Model 2025 PM-2.5 Sequential Air Sampler w/VSCC","23420","Fresno, CA","06","California","019","Fresno","36.78538","-119.77321"
"09/10/2025","AQS","060190011","2","3","ug/m3 LC","17","Fresno - Garland","1","100.0000","88101","PM2.5 - Local Conditions","145","R & P Model 2025 PM-2.5 Sequential Air Sampler w/VSCC","23420","Fresno, CA","06","California","019","Fresno","36.78538","-119.77321"
"09/13/2025","AQS","060190011","2","8.1","ug/m3 LC","45","Fresno - Garland","1","100.0000","88101","PM2.5 - Local Conditions","145","R & P Model 2025 PM-2.5 Sequential Air Sampler w/VSCC","23420","Fresno, CA","06","California","019","Fresno","36.78538","-119.77321"
"09/16/2025","AQS","060190011","2","12.8","ug/m3 LC","58","Fresno - Garland","1","100.0000","88101","PM2.5 - Local Conditions","145","R & P Model 2025 PM-2.5 Sequential Air Sampler w/VSCC","23420","Fresno, CA","06","California","019","Fresno","36.78538","-119.77321"
"09/18/2025","AQS","060190011","2","10.8","ug/m3 LC","54","Fresno - Garland","1","100.0000","88101","PM2.5 - Local Conditions","145","R & P Model 2025 PM-2.5 Sequential Air Sampler w/VSCC","23420","Fresno, CA","06","California","019","Fresno","36.78538","-119.77321"
"09/19/2025","AQS","060190011","2","9.4","ug/m3 LC","52","Fresno - Garland","1","100.0000","88101","PM2.5 - Local Conditions","145","R & P Model 2025 PM-2.5 Sequential Air Sampler w/VSCC","23420","Fresno, CA","06","California","019","Fresno","36.78538","-119.77321"
"09/21/2025","AQS","060190011","2","11","ug/m3 LC","55","Fresno - Garland","1","100.0000","88101","PM2.5 - Local Conditions","145","R & P Model 2025 PM-2.5 Sequential Air Sampler w/VSCC","23420","Fresno, CA","06","California","019","Fresno","36.78538","-119.77321"
"09/22/2025","AQS","060190011","2","10.3","ug/m3 LC","53","Fresno - Garland","1","100.0000","88101","PM2.5 - Local Conditions","145","R & P Model 2025 PM-2.5 Sequential Air Sampler w/VSCC","23420","Fresno, CA","06","California","019","Fresno","36.78538","-119.77321"
"09/25/2025","AQS","060190011","2","7.3","ug/m3 LC","41","Fresno - Garland","1","100.0000","88101","PM2.5 - Local Conditions","145","R & P Model 2025 PM-2.5 Sequential Air Sampler w/VSCC","23420","Fresno, CA","06","California","019","Fresno","36.78538","-119.77321"
"09/28/2025","AQS","060190011","2","7.1","ug/m3 LC","39","Fresno - Garland","1","100.0000","88101","PM2.5 - Local Conditions","145","R & P Model 2025 PM-2.5 Sequential Air Sampler w/VSCC","23420","Fresno, CA","06","California","019","Fresno","36.78538","-119.77321"
"10/01/2025","AQS","060190011","2","6","ug/m3 LC","33","Fresno - Garland","1","100.0000","88101","PM2.5 - Local Conditions","145","R & P Model 2025 PM-2.5 Sequential Air Sampler w/VSCC","23420","Fresno, CA","06","California","019","Fresno","36.78538","-119.77321"
"10/04/2025","AQS","060190011","2","6.7","ug/m3 LC","37","Fresno - Garland","1","100.0000","88101","PM2.5 - Local Conditions","145","R & P Model 2025 PM-2.5 Sequential Air Sampler w/VSCC","23420","Fresno, CA","06","California","019","Fresno","36.78538","-119.77321"
"10/07/2025","AQS","060190011","2","10.6","ug/m3 LC","54","Fresno - Garland","1","100.0000","88101","PM2.5 - Local Conditions","145","R & P Model 2025 PM-2.5 Sequential Air Sampler w/VSCC","23420","Fresno, CA","06","California","019","Fresno","36.78538","-119.77321"
"10/10/2025","AQS","060190011","2","5.8","ug/m3 LC","32","Fresno - Garland","1","100.0000","88101","PM2.5 - Local Conditions","145","R & P Model 2025 PM-2.5 Sequential Air Sampler w/VSCC","23420","Fresno, CA","06","California","019","Fresno","36.78538","-119.77321"
"10/13/2025","AQS","060190011","2","5.4","ug/m3 LC","30","Fresno - Garland","1","100.0000","88101","PM2.5 - Local Conditions","145","R & P Model 2025 PM-2.5 Sequential Air Sampler w/VSCC","23420","Fresno, CA","06","California","019","Fresno","36.78538","-119.77321"
"10/16/2025","AQS","060190011","2","8.5","ug/m3 LC","47","Fresno - Garland","1","100.0000","88101","PM2.5 - Local Conditions","145","R & P Model 2025 PM-2.5 Sequential Air Sampler w/VSCC","23420","Fresno, CA","06","California","019","Fresno","36.78538","-119.77321"
"10/19/2025","AQS","060190011","2","14.4","ug/m3 LC","61","Fresno - Garland","1","100.0000","88101","PM2.5 - Local Conditions","145","R & P Model 2025 PM-2.5 Sequential Air Sampler w/VSCC","23420","Fresno, CA","06","California","019","Fresno","36.78538","-119.77321"
"10/22/2025","AQS","060190011","2","12.1","ug/m3 LC","57","Fresno - Garland","1","100.0000","88101","PM2.5 - Local Conditions","145","R & P Model 2025 PM-2.5 Sequential Air Sampler w/VSCC","23420","Fresno, CA","06","California","019","Fresno","36.78538","-119.77321"
"10/25/2025","AQS","060190011","2","13.8","ug/m3 LC","60","Fresno - Garland","1","100.0000","88101","PM2.5 - Local Conditions","145","R & P Model 2025 PM-2.5 Sequential Air Sampler w/VSCC","23420","Fresno, CA","06","California","019","Fresno","36.78538","-119.77321"
"10/28/2025","AQS","060190011","2","9.5","ug/m3 LC","52","Fresno - Garland","1","100.0000","88101","PM2.5 - Local Conditions","145","R & P Model 2025 PM-2.5 Sequential Air Sampler w/VSCC","23420","Fresno, CA","06","California","019","Fresno","36.78538","-119.77321"
"10/31/2025","AQS","060190011","2","18.1","ug/m3 LC","68","Fresno - Garland","1","100.0000","88101","PM2.5 - Local Conditions","145","R & P Model 2025 PM-2.5 Sequential Air Sampler w/VSCC","23420","Fresno, CA","06","California","019","Fresno","36.78538","-119.77321"
"11/03/2025","AQS","060190011","2","18","ug/m3 LC","68","Fresno - Garland","1","100.0000","88101","PM2.5 - Local Conditions","145","R & P Model 2025 PM-2.5 Sequential Air Sampler w/VSCC","23420","Fresno, CA","06","California","019","Fresno","36.78538","-119.77321"
"11/06/2025","AQS","060190011","2","5.1","ug/m3 LC","28","Fresno - Garland","1","100.0000","88101","PM2.5 - Local Conditions","145","R & P Model 2025 PM-2.5 Sequential Air Sampler w/VSCC","23420","Fresno, CA","06","California","019","Fresno","36.78538","-119.77321"
"11/09/2025","AQS","060190011","2","13.2","ug/m3 LC","59","Fresno - Garland","1","100.0000","88101","PM2.5 - Local Conditions","145","R & P Model 2025 PM-2.5 Sequential Air Sampler w/VSCC","23420","Fresno, CA","06","California","019","Fresno","36.78538","-119.77321"
"11/12/2025","AQS","060190011","2","13.5","ug/m3 LC","59","Fresno - Garland","1","100.0000","88101","PM2.5 - Local Conditions","145","R & P Model 2025 PM-2.5 Sequential Air Sampler w/VSCC","23420","Fresno, CA","06","California","019","Fresno","36.78538","-119.77321"
"11/15/2025","AQS","060190011","2","7.1","ug/m3 LC","39","Fresno - Garland","1","100.0000","88101","PM2.5 - Local Conditions","145","R & P Model 2025 PM-2.5 Sequential Air Sampler w/VSCC","23420","Fresno, CA","06","California","019","Fresno","36.78538","-119.77321"
"11/18/2025","AQS","060190011","2","5.7","ug/m3 LC","32","Fresno - Garland","1","100.0000","88101","PM2.5 - Local Conditions","145","R & P Model 2025 PM-2.5 Sequential Air Sampler w/VSCC","23420","Fresno, CA","06","California","019","Fresno","36.78538","-119.77321"
"11/21/2025","AQS","060190011","2","12.2","ug/m3 LC","57","Fresno - Garland","1","100.0000","88101","PM2.5 - Local Conditions","145","R & P Model 2025 PM-2.5 Sequential Air Sampler w/VSCC","23420","Fresno, CA","06","California","019","Fresno","36.78538","-119.77321"
"11/24/2025","AQS","060190011","2","16.2","ug/m3 LC","64","Fresno - Garland","1","100.0000","88101","PM2.5 - Local Conditions","145","R & P Model 2025 PM-2.5 Sequential Air Sampler w/VSCC","23420","Fresno, CA","06","California","019","Fresno","36.78538","-119.77321"
"12/03/2025","AQS","060190011","2","17.5","ug/m3 LC","67","Fresno - Garland","1","100.0000","88101","PM2.5 - Local Conditions","145","R & P Model 2025 PM-2.5 Sequential Air Sampler w/VSCC","23420","Fresno, CA","06","California","019","Fresno","36.78538","-119.77321"
"12/04/2025","AQS","060190011","2","19.5","ug/m3 LC","70","Fresno - Garland","1","100.0000","88101","PM2.5 - Local Conditions","145","R & P Model 2025 PM-2.5 Sequential Air Sampler w/VSCC","23420","Fresno, CA","06","California","019","Fresno","36.78538","-119.77321"
"12/06/2025","AQS","060190011","2","33.4","ug/m3 LC","96","Fresno - Garland","1","100.0000","88101","PM2.5 - Local Conditions","145","R & P Model 2025 PM-2.5 Sequential Air Sampler w/VSCC","23420","Fresno, CA","06","California","019","Fresno","36.78538","-119.77321"
"12/07/2025","AQS","060190011","2","30.6","ug/m3 LC","91","Fresno - Garland","1","100.0000","88101","PM2.5 - Local Conditions","145","R & P Model 2025 PM-2.5 Sequential Air Sampler w/VSCC","23420","Fresno, CA","06","California","019","Fresno","36.78538","-119.77321"
"12/09/2025","AQS","060190011","2","34.2","ug/m3 LC","98","Fresno - Garland","1","100.0000","88101","PM2.5 - Local Conditions","145","R & P Model 2025 PM-2.5 Sequential Air Sampler w/VSCC","23420","Fresno, CA","06","California","019","Fresno","36.78538","-119.77321"
"12/10/2025","AQS","060190011","2","28.4","ug/m3 LC","87","Fresno - Garland","1","100.0000","88101","PM2.5 - Local Conditions","145","R & P Model 2025 PM-2.5 Sequential Air Sampler w/VSCC","23420","Fresno, CA","06","California","019","Fresno","36.78538","-119.77321"
"12/12/2025","AQS","060190011","2","12.5","ug/m3 LC","57","Fresno - Garland","1","100.0000","88101","PM2.5 - Local Conditions","145","R & P Model 2025 PM-2.5 Sequential Air Sampler w/VSCC","23420","Fresno, CA","06","California","019","Fresno","36.78538","-119.77321"
"12/15/2025","AQS","060190011","2","14.2","ug/m3 LC","61","Fresno - Garland","1","100.0000","88101","PM2.5 - Local Conditions","145","R & P Model 2025 PM-2.5 Sequential Air Sampler w/VSCC","23420","Fresno, CA","06","California","019","Fresno","36.78538","-119.77321"
"12/18/2025","AQS","060190011","2","18.1","ug/m3 LC","68","Fresno - Garland","1","100.0000","88101","PM2.5 - Local Conditions","145","R & P Model 2025 PM-2.5 Sequential Air Sampler w/VSCC","23420","Fresno, CA","06","California","019","Fresno","36.78538","-119.77321"
"12/21/2025","AQS","060190011","2","6.3","ug/m3 LC","35","Fresno - Garland","1","100.0000","88101","PM2.5 - Local Conditions","145","R & P Model 2025 PM-2.5 Sequential Air Sampler w/VSCC","23420","Fresno, CA","06","California","019","Fresno","36.78538","-119.77321"
"12/24/2025","AQS","060190011","2","2.4","ug/m3 LC","13","Fresno - Garland","1","100.0000","88101","PM2.5 - Local Conditions","145","R & P Model 2025 PM-2.5 Sequential Air Sampler w/VSCC","23420","Fresno, CA","06","California","019","Fresno","36.78538","-119.77321"
"12/27/2025","AQS","060190011","2","4.5","ug/m3 LC","25","Fresno - Garland","1","100.0000","88101","PM2.5 - Local Conditions","145","R & P Model 2025 PM-2.5 Sequential Air Sampler w/VSCC","23420","Fresno, CA","06","California","019","Fresno","36.78538","-119.77321"
"12/30/2025","AQS","060190011","2","25.3","ug/m3 LC","81","Fresno - Garland","1","100.0000","88101","PM2.5 - Local Conditions","145","R & P Model 2025 PM-2.5 Sequential Air Sampler w/VSCC","23420","Fresno, CA","06","California","019","Fresno","36.78538","-119.77321"
"01/01/2025","AQS","060190011","3","35.6","ug/m3 LC","101","Fresno - Garland","1","100.0000","88101","PM2.5 - Local Conditions","170","Met One BAM-1020 Mass Monitor w/VSCC","23420","Fresno, CA","06","California","019","Fresno","36.78538","-119.77321"
"01/02/2025","AQS","060190011","3","24.9","ug/m3 LC","80","Fresno - Garland","1","100.0000","88101","PM2.5 - Local Conditions","170","Met One BAM-1020 Mass Monitor w/VSCC","23420","Fresno, CA","06","California","019","Fresno","36.78538","-119.77321"
"01/03/2025","AQS","060190011","3","18","ug/m3 LC","68","Fresno - Garland","1","100.0000","88101","PM2.5 - Local Conditions","170","Met One BAM-1020 Mass Monitor w/VSCC","23420","Fresno, CA","06","California","019","Fresno","36.78538","-119.77321"
"01/04/2025","AQS","060190011","3","9","ug/m3 LC","50","Fresno - Garland","1","100.0000","88101","PM2.5 - Local Conditions","170","Met One BAM-1020 Mass Monitor w/VSCC","23420","Fresno, CA","06","California","019","Fresno","36.78538","-119.77321"
"01/05/2025","AQS","060190011","3","16.3","ug/m3 LC","64","Fresno - Garland","1","100.0000","88101","PM2.5 - Local Conditions","170","Met One BAM-1020 Mass Monitor w/VSCC","23420","Fresno, CA","06","California","019","Fresno","36.78538","-119.77321"
"01/06/2025","AQS","060190011","3","14","ug/m3 LC","60","Fresno - Garland","1","100.0000","88101","PM2.5 - Local Conditions","170","Met One BAM-1020 Mass Monitor w/VSCC","23420","Fresno, CA","06","California","019","Fresno","36.78538","-119.77321"
"01/07/2025","AQS","060190011","3","14.9","ug/m3 LC","62","Fresno - Garland","1","100.0000","88101","PM2.5 - Local Conditions","170","Met One BAM-1020 Mass Monitor w/VSCC","23420","Fresno, CA","06","California","019","Fresno","36.78538","-119.77321"
"01/08/2025","AQS","060190011","3","20.2","ug/m3 LC","72","Fresno - Garland","1","100.0000","88101","PM2.5 - Local Conditions","170","Met One BAM-1020 Mass Monitor w/VSCC","23420","Fresno, CA","06","California","019","Fresno","36.78538","-119.77321"
"01/09/2025","AQS","060190011","3","18.1","ug/m3 LC","68","Fresno - Garland","1","100.0000","88101","PM2.5 - Local Conditions","170","Met One BAM-1020 Mass Monitor w/VSCC","23420","Fresno, CA","06","California","019","Fresno","36.78538","-119.77321"
"01/10/2025","AQS","060190011","3","15.3","ug/m3 LC","63","Fresno - Garland","1","100.0000","88101","PM2.5 - Local Conditions","170","Met One BAM-1020 Mass Monitor w/VSCC","23420","Fresno, CA","06","California","019","Fresno","36.78538","-119.77321"
"01/14/2025","AQS","060190011","3","15.9","ug/m3 LC","64","Fresno - Garland","1","100.0000","88101","PM2.5 - Local Conditions","170","Met One BAM-1020 Mass Monitor w/VSCC","23420","Fresno, CA","06","California","019","Fresno","36.78538","-119.77321"
"01/15/2025","AQS","060190011","3","18.8","ug/m3 LC","69","Fresno - Garland","1","100.0000","88101","PM2.5 - Local Conditions","170","Met One BAM-1020 Mass Monitor w/VSCC","23420","Fresno, CA","06","California","019","Fresno","36.78538","-119.77321"
"01/16/2025","AQS","060190011","3","20.2","ug/m3 LC","72","Fresno - Garland","1","100.0000","88101","PM2.5 - Local Conditions","170","Met One BAM-1020 Mass Monitor w/VSCC","23420","Fresno, CA","06","California","019","Fresno","36.78538","-119.77321"
"01/17/2025","AQS","060190011","3","17.9","ug/m3 LC","67","Fresno - Garland","1","100.0000","88101","PM2.5 - Local Conditions","170","Met One BAM-1020 Mass Monitor w/VSCC","23420","Fresno, CA","06","California","019","Fresno","36.78538","-119.77321"
"01/18/2025","AQS","060190011","3","27.5","ug/m3 LC","85","Fresno - Garland","1","100.0000","88101","PM2.5 - Local Conditions","170","Met One BAM-1020 Mass Monitor w/VSCC","23420","Fresno, CA","06","California","019","Fresno","36.78538","-119.77321"
"01/19/2025","AQS","060190011","3","29.8","ug/m3 LC","90","Fresno - Garland","1","100.0000","88101","PM2.5 - Local Conditions","170","Met One BAM-1020 Mass Monitor w/VSCC","23420","Fresno, CA","06","California","019","Fresno","36.78538","-119.77321"
"01/20/2025","AQS","060190011","3","28.7","ug/m3 LC","88","Fresno - Garland","1","100.0000","88101","PM2.5 - Local Conditions","170","Met One BAM-1020 Mass Monitor w/VSCC","23420","Fresno, CA","06","California","019","Fresno","36.78538","-119.77321"
"01/21/2025","AQS","060190011","3","26.8","ug/m3 LC","84","Fresno - Garland","1","100.0000","88101","PM2.5 - Local Conditions","170","Met One BAM-1020 Mass Monitor w/VSCC","23420","Fresno, CA","06","California","019","Fresno","36.78538","-119.77321"
"01/22/2025","AQS","060190011","3","25.1","ug/m3 LC","81","Fresno - Garland","1","100.0000","88101","PM2.5 - Local Conditions","170","Met One BAM-1020 Mass Monitor w/VSCC","23420","Fresno, CA","06","California","019","Fresno","36.78538","-119.77321"
"01/23/2025","AQS","060190011","3","28.6","ug/m3 LC","87","Fresno - Garland","1","100.0000","88101","PM2.5 - Local Conditions","170","Met One BAM-1020 Mass Monitor w/VSCC","23420","Fresno, CA","06","California","019","Fresno","36.78538","-119.77321"
"01/24/2025","AQS","060190011","3","22","ug/m3 LC","75","Fresno - Garland","1","100.0000","88101","PM2.5 - Local Conditions","170","Met One BAM-1020 Mass Monitor w/VSCC","23420","Fresno, CA","06","California","019","Fresno","36.78538","-119.77321"
"01/25/2025","AQS","060190011","3","19.3","ug/m3 LC","70","Fresno - Garland","1","100.0000","88101","PM2.5 - Local Conditions","170","Met One BAM-1020 Mass Monitor w/VSCC","23420","Fresno, CA","06","California","019","Fresno","36.78538","-119.77321"
"01/26/2025","AQS","060190011","3","4.2","ug/m3 LC","23","Fresno - Garland","1","100.0000","88101","PM2.5 - Local Conditions","170","Met One BAM-1020 Mass Monitor w/VSCC","23420","Fresno, CA","06","California","019","Fresno","36.78538","-119.77321"
"01/27/2025","AQS","060190011","3","9.7","ug/m3 LC","52","Fresno - Garland","1","100.0000","88101","PM2.5 - Local Conditions","170","Met One BAM-1020 Mass Monitor w/VSCC","23420","Fresno, CA","06","California","019","Fresno","36.78538","-119.77321"
"01/28/2025","AQS","060190011","3","12.3","ug/m3 LC","57","Fresno - Garland","1","100.0000","88101","PM2.5 - Local Conditions","170","Met One BAM-1020 Mass Monitor w/VSCC","23420","Fresno, CA","06","California","019","Fresno","36.78538","-119.77321"
"01/29/2025","AQS","060190011","3","12.4","ug/m3 LC","57","Fresno - Garland","1","100.0000","88101","PM2.5 - Local Conditions","170","Met One BAM-1020 Mass Monitor w/VSCC","23420","Fresno, CA","06","California","019","Fresno","36.78538","-119.77321"
"01/30/2025","AQS","060190011","3","21.5","ug/m3 LC","74","Fresno - Garland","1","100.0000","88101","PM2.5 - Local Conditions","170","Met One BAM-1020 Mass Monitor w/VSCC","23420","Fresno, CA","06","California","019","Fresno","36.78538","-119.77321"
"01/31/2025","AQS","060190011","3","22.3","ug/m3 LC","76","Fresno - Garland","1","100.0000","88101","PM2.5 - Local Conditions","170","Met One BAM-1020 Mass Monitor w/VSCC","23420","Fresno, CA","06","California","019","Fresno","36.78538","-119.77321"
"02/01/2025","AQS","060190011","3","25.5","ug/m3 LC","82","Fresno - Garland","1","100.0000","88101","PM2.5 - Local Conditions","170","Met One BAM-1020 Mass Monitor w/VSCC","23420","Fresno, CA","06","California","019","Fresno","36.78538","-119.77321"
"02/02/2025","AQS","060190011","3","13.1","ug/m3 LC","58","Fresno - Garland","1","100.0000","88101","PM2.5 - Local Conditions","170","Met One BAM-1020 Mass Monitor w/VSCC","23420","Fresno, CA","06","California","019","Fresno","36.78538","-119.77321"
"02/03/2025","AQS","060190011","3","9.1","ug/m3 LC","51","Fresno - Garland","1","100.0000","88101","PM2.5 - Local Conditions","170","Met One BAM-1020 Mass Monitor w/VSCC","23420","Fresno, CA","06","California","019","Fresno","36.78538","-119.77321"
"02/04/2025","AQS","060190011","3","2.3","ug/m3 LC","13","Fresno - Garland","1","100.0000","88101","PM2.5 - Local Conditions","170","Met One BAM-1020 Mass Monitor w/VSCC","23420","Fresno, CA","06","California","019","Fresno","36.78538","-119.77321"
"02/05/2025","AQS","060190011","3","3.8","ug/m3 LC","21","Fresno - Garland","1","100.0000","88101","PM2.5 - Local Conditions","170","Met One BAM-1020 Mass Monitor w/VSCC","23420","Fresno, CA","06","California","019","Fresno","36.78538","-119.77321"
"02/06/2025","AQS","060190011","3","5.9","ug/m3 LC","33","Fresno - Garland","1","100.0000","88101","PM2.5 - Local Conditions","170","Met One BAM-1020 Mass Monitor w/VSCC","23420","Fresno, CA","06","California","019","Fresno","36.78538","-119.77321"
"02/07/2025","AQS","060190011","3","2.8","ug/m3 LC","16","Fresno - Garland","1","100.0000","88101","PM2.5 - Local Conditions","170","Met One BAM-1020 Mass Monitor w/VSCC","23420","Fresno, CA","06","California","019","Fresno","36.78538","-119.77321"
"02/08/2025","AQS","060190011","3","6.5","ug/m3 LC","36","Fresno - Garland","1","100.0000","88101","PM2.5 - Local Conditions","170","Met One BAM-1020 Mass Monitor w/VSCC","23420","Fresno, CA","06","California","019","Fresno","36.78538","-119.77321"
"02/09/2025","AQS","060190011","3","10","ug/m3 LC","53","Fresno - Garland","1","100.0000","88101","PM2.5 - Local Conditions","170","Met One BAM-1020 Mass Monitor w/VSCC","23420","Fresno, CA","06","California","019","Fresno","36.78538","-119.77321"
"02/10/2025","AQS","060190011","3","8.7","ug/m3 LC","48","Fresno - Garland","1","100.0000","88101","PM2.5 - Local Conditions","170","Met One BAM-1020 Mass Monitor w/VSCC","23420","Fresno, CA","06","California","019","Fresno","36.78538","-119.77321"
"02/11/2025","AQS","060190011","3","7.9","ug/m3 LC","44","Fresno - Garland","1","100.0000","88101","PM2.5 - Local Conditions","170","Met One BAM-1020 Mass Monitor w/VSCC","23420","Fresno, CA","06","California","019","Fresno","36.78538","-119.77321"
"02/12/2025","AQS","060190011","3","5.6","ug/m3 LC","31","Fresno - Garland","1","100.0000","88101","PM2.5 - Local Conditions","170","Met One BAM-1020 Mass Monitor w/VSCC","23420","Fresno, CA","06","California","019","Fresno","36.78538","-119.77321"
"02/15/2025","AQS","060190011","3","11.6","ug/m3 LC","56","Fresno - Garland","1","100.0000","88101","PM2.5 - Local Conditions","170","Met One BAM-1020 Mass Monitor w/VSCC","23420","Fresno, CA","06","California","019","Fresno","36.78538","-119.77321"
"02/16/2025","AQS","060190011","3","9.9","ug/m3 LC","52","Fresno - Garland","1","100.0000","88101","PM2.5 - Local Conditions","170","Met One BAM-1020 Mass Monitor w/VSCC","23420","Fresno, CA","06","California","019","Fresno","36.78538","-119.77321"
"02/17/2025","AQS","060190011","3","4.4","ug/m3 LC","24","Fresno - Garland","1","100.0000","88101","PM2.5 - Local Conditions","170","Met One BAM-1020 Mass Monitor w/VSCC","23420","Fresno, CA","06","California","019","Fresno","36.78538","-119.77321"
"02/18/2025","AQS","060190011","3","7.7","ug/m3 LC","43","Fresno - Garland","1","100.0000","88101","PM2.5 - Local Conditions","170","Met One BAM-1020 Mass Monitor w/VSCC","23420","Fresno, CA","06","California","019","Fresno","36.78538","-119.77321"
"02/19/2025","AQS","060190011","3","11.1","ug/m3 LC","55","Fresno - Garland","1","100.0000","88101","PM2.5 - Local Conditions","170","Met One BAM-1020 Mass Monitor w/VSCC","23420","Fresno, CA","06","California","019","Fresno","36.78538","-119.77321"
"02/20/2025","AQS","060190011","3","8.7","ug/m3 LC","48","Fresno - Garland","1","100.0000","88101","PM2.5 - Local Conditions","170","Met One BAM-1020 Mass Monitor w/VSCC","23420","Fresno, CA","06","California","019","Fresno","36.78538","-119.77321"
"02/21/2025","AQS","060190011","3","10.6","ug/m3 LC","54","Fresno - Garland","1","100.0000","88101","PM2.5 - Local Conditions","170","Met One BAM-1020 Mass Monitor w/VSCC","23420","Fresno, CA","06","California","019","Fresno","36.78538","-119.77321"
"02/22/2025","AQS","060190011","3","13.8","ug/m3 LC","60","Fresno - Garland","1","100.0000","88101","PM2.5 - Local Conditions","170","Met One BAM-1020 Mass Monitor w/VSCC","23420","Fresno, CA","06","California","019","Fresno","36.78538","-119.77321"
"02/23/2025","AQS","060190011","3","14","ug/m3 LC","60","Fresno - Garland","1","100.0000","88101","PM2.5 - Local Conditions","170","Met One BAM-1020 Mass Monitor w/VSCC","23420","Fresno, CA","06","California","019","Fresno","36.78538","-119.77321"
"02/24/2025","AQS","060190011","3","9.4","ug/m3 LC","52","Fresno - Garland","1","100.0000","88101","PM2.5 - Local Conditions","170","Met One BAM-1020 Mass Monitor w/VSCC","23420","Fresno, CA","06","California","019","Fresno","36.78538","-119.77321"
"02/25/2025","AQS","060190011","3","8","ug/m3 LC","44","Fresno - Garland","1","100.0000","88101","PM2.5 - Local Conditions","170","Met One BAM-1020 Mass Monitor w/VSCC","23420","Fresno, CA","06","California","019","Fresno","36.78538","-119.77321"
"02/26/2025","AQS","060190011","3","15.3","ug/m3 LC","63","Fresno - Garland","1","100.0000","88101","PM2.5 - Local Conditions","170","Met One BAM-1020 Mass Monitor w/VSCC","23420","Fresno, CA","06","California","019","Fresno","36.78538","-119.77321"
"02/27/2025","AQS","060190011","3","13.1","ug/m3 LC","58","Fresno - Garland","1","100.0000","88101","PM2.5 - Local Conditions","170","Met One BAM-1020 Mass Monitor w/VSCC","23420","Fresno, CA","06","California","019","Fresno","36.78538","-119.77321"
"02/28/2025","AQS","060190011","3","9.1","ug/m3 LC","51","Fresno - Garland","1","100.0000","88101","PM2.5 - Local Conditions","170","Met One BAM-1020 Mass Monitor w/VSCC","23420","Fresno, CA","06","California","019","Fresno","36.78538","-119.77321"
"03/01/2025","AQS","060190011","3","8.4","ug/m3 LC","47","Fresno - Garland","1","100.0000","88101","PM2.5 - Local Conditions","170","Met One BAM-1020 Mass Monitor w/VSCC","23420","Fresno, CA","06","California","019","Fresno","36.78538","-119.77321"
"03/02/2025","AQS","060190011","3","2.7","ug/m3 LC","15","Fresno - Garland","1","100.0000","88101","PM2.5 - Local Conditions","170","Met One BAM-1020 Mass Monitor w/VSCC","23420","Fresno, CA","06","California","019","Fresno","36.78538","-119.77321"
"03/03/2025","AQS","060190011","3","3.6","ug/m3 LC","20","Fresno - Garland","1","100.0000","88101","PM2.5 - Local Conditions","170","Met One BAM-1020 Mass Monitor w/VSCC","23420","Fresno, CA","06","California","019","Fresno","36.78538","-119.77321"
"03/04/2025","AQS","060190011","3","5.2","ug/m3 LC","29","Fresno - Garland","1","100.0000","88101","PM2.5 - Local Conditions","170","Met One BAM-1020 Mass Monitor w/VSCC","23420","Fresno, CA","06","California","019","Fresno","36.78538","-119.77321"
"03/05/2025","AQS","060190011","3","3.9","ug/m3 LC","22","Fresno - Garland","1","100.0000","88101","PM2.5 - Local Conditions","170","Met One BAM-1020 Mass Monitor w/VSCC","23420","Fresno, CA","06","California","019","Fresno","36.78538","-119.77321"
"03/06/2025","AQS","060190011","3","2.3","ug/m3 LC","13","Fresno - Garland","1","100.0000","88101","PM2.5 - Local Conditions","170","Met One BAM-1020 Mass Monitor w/VSCC","23420","Fresno, CA","06","California","019","Fresno","36.78538","-119.77321"
"03/07/2025","AQS","060190011","3","8.6","ug/m3 LC","48","Fresno - Garland","1","100.0000","88101","PM2.5 - Local Conditions","170","Met One BAM-1020 Mass Monitor w/VSCC","23420","Fresno, CA","06","California","019","Fresno","36.78538","-119.77321"
"03/08/2025","AQS","060190011","3","8.6","ug/m3 LC","48","Fresno - Garland","1","100.0000","88101","PM2.5 - Local Conditions","170","Met One BAM-1020 Mass Monitor w/VSCC","23420","Fresno, CA","06","California","019","Fresno","36.78538","-119.77321"
"03/12/2025","AQS","060190011","3","4.1","ug/m3 LC","23","Fresno - Garland","1","100.0000","88101","PM2.5 - Local Conditions","170","Met One BAM-1020 Mass Monitor w/VSCC","23420","Fresno, CA","06","California","019","Fresno","36.78538","-119.77321"
"03/13/2025","AQS","060190011","3","1.3","ug/m3 LC","7","Fresno - Garland","1","100.0000","88101","PM2.5 - Local Conditions","170","Met One BAM-1020 Mass Monitor w/VSCC","23420","Fresno, CA","06","California","019","Fresno","36.78538","-119.77321"
"03/14/2025","AQS","060190011","3","3.9","ug/m3 LC","22","Fresno - Garland","1","100.0000","88101","PM2.5 - Local Conditions","170","Met One BAM-1020 Mass Monitor w/VSCC","23420","Fresno, CA","06","California","019","Fresno","36.78538","-119.77321"
"03/15/2025","AQS","060190011","3","8.4","ug/m3 LC","47","Fresno - Garland","1","100.0000","88101","PM2.5 - Local Conditions","170","Met One BAM-1020 Mass Monitor w/VSCC","23420","Fresno, CA","06","California","019","Fresno","36.78538","-119.77321"
"03/16/2025","AQS","060190011","3","7.8","ug/m3 LC","43","Fresno - Garland","1","100.0000","88101","PM2.5 - Local Conditions","170","Met One BAM-1020 Mass Monitor w/VSCC","23420","Fresno, CA","06","California","019","Fresno","36.78538","-119.77321"
"03/17/2025","AQS","060190011","3","3.9","ug/m3 LC","22","Fresno - Garland","1","100.0000","88101","PM2.5 - Local Conditions","170","Met One BAM-1020 Mass Monitor w/VSCC","23420","Fresno, CA","06","California","019","Fresno","36.78538","-119.77321"
"03/18/2025","AQS","060190011","3","2","ug/m3 LC","11","Fresno - Garland","1","100.0000","88101","PM2.5 - Local Conditions","170","Met One BAM-1020 Mass Monitor w/VSCC","23420","Fresno, CA","06","California","019","Fresno","36.78538","-119.77321"
"03/19/2025","AQS","060190011","3","5.3","ug/m3 LC","29","Fresno - Garland","1","100.0000","88101","PM2.5 - Local Conditions","170","Met One BAM-1020 Mass Monitor w/VSCC","23420","Fresno, CA","06","California","019","Fresno","36.78538","-119.77321"
"03/20/2025","AQS","060190011","3","2.1","ug/m3 LC","12","Fresno - Garland","1","100.0000","88101","PM2.5 - Local Conditions","170","Met One BAM-1020 Mass Monitor w/VSCC","23420","Fresno, CA","06","California","019","Fresno","36.78538","-119.77321"
"03/21/2025","AQS","060190011","3","3.7","ug/m3 LC","21","Fresno - Garland","1","100.0000","88101","PM2.5 - Local Conditions","170","Met One BAM-1020 Mass Monitor w/VSCC","23420","Fresno, CA","06","California","019","Fresno","36.78538","-119.77321"
"03/22/2025","AQS","060190011","3","3.6","ug/m3 LC","20","Fresno - Garland","1","100.0000","88101","PM2.5 - Local Conditions","170","Met One BAM-1020 Mass Monitor w/VSCC","23420","Fresno, CA","06","California","019","Fresno","36.78538","-119.77321"
"03/23/2025","AQS","060190011","3","5.3","ug/m3 LC","29","Fresno - Garland","1","100.0000","88101","PM2.5 - Local Conditions","170","Met One BAM-1020 Mass Monitor w/VSCC","23420","Fresno, CA","06","California","019","Fresno","36.78538","-119.77321"
"03/24/2025","AQS","060190011","3","8.1","ug/m3 LC","45","Fresno - Garland","1","100.0000","88101","PM2.5 - Local Conditions","170","Met One BAM-1020 Mass Monitor w/VSCC","23420","Fresno, CA","06","California","019","Fresno","36.78538","-119.77321"
"03/25/2025","AQS","060190011","3","9.2","ug/m3 LC","51","Fresno - Garland","1","100.0000","88101","PM2.5 - Local Conditions","170","Met One BAM-1020 Mass Monitor w/VSCC","23420","Fresno, CA","06","California","019","Fresno","36.78538","-119.77321"
"03/26/2025","AQS","060190011","3","8.4","ug/m3 LC","47","Fresno - Garland","1","100.0000","88101","PM2.5 - Local Conditions","170","Met One BAM-1020 Mass Monitor w/VSCC","23420","Fresno, CA","06","California","019","Fresno","36.78538","-119.77321"
"03/27/2025","AQS","060190011","3","4.2","ug/m3 LC","23","Fresno - Garland","1","100.0000","88101","PM2.5 - Local Conditions","170","Met One BAM-1020 Mass Monitor w/VSCC","23420","Fresno, CA","06","California","019","Fresno","36.78538","-119.77321"
"03/28/2025","AQS","060190011","3","4.2","ug/m3 LC","23","Fresno - Garland","1","100.0000","88101","PM2.5 - Local Conditions","170","Met One BAM-1020 Mass Monitor w/VSCC","23420","Fresno, CA","06","California","019","Fresno","36.78538","-119.77321"
"03/29/2025","AQS","060190011","3","4.2","ug/m3 LC","23","Fresno - Garland","1","100.0000","88101","PM2.5 - Local Conditions","170","Met One BAM-1020 Mass Monitor w/VSCC","23420","Fresno, CA","06","California","019","Fresno","36.78538","-119.77321"
"03/30/2025","AQS","060190011","3","4.8","ug/m3 LC","27","Fresno - Garland","1","100.0000","88101","PM2.5 - Local Conditions","170","Met One BAM-1020 Mass Monitor w/VSCC","23420","Fresno, CA","06","California","019","Fresno","36.78538","-119.77321"
"03/31/2025","AQS","060190011","3","3","ug/m3 LC","17","Fresno - Garland","1","100.0000","88101","PM2.5 - Local Conditions","170","Met One BAM-1020 Mass Monitor w/VSCC","23420","Fresno, CA","06","California","019","Fresno","36.78538","-119.77321"
"04/01/2025","AirNow","060190011","3","3.1","ug/m3 LC","17","Fresno - Garland","1","100.0000","88101","PM2.5 - Local Conditions","","","23420","Fresno, CA","06","California","019","Fresno","36.78538","-119.77321"
"04/02/2025","AQS","060190011","3","2","ug/m3 LC","11","Fresno - Garland","1","100.0000","88101","PM2.5 - Local Conditions","170","Met One BAM-1020 Mass Monitor w/VSCC","23420","Fresno, CA","06","California","019","Fresno","36.78538","-119.77321"
"04/03/2025","AQS","060190011","3","4.5","ug/m3 LC","25","Fresno - Garland","1","100.0000","88101","PM2.5 - Local Conditions","170","Met One BAM-1020 Mass Monitor w/VSCC","23420","Fresno, CA","06","California","019","Fresno","36.78538","-119.77321"
"04/08/2025","AQS","060190011","3","2.3","ug/m3 LC","13","Fresno - Garland","1","100.0000","88101","PM2.5 - Local Conditions","170","Met One BAM-1020 Mass Monitor w/VSCC","23420","Fresno, CA","06","California","019","Fresno","36.78538","-119.77321"
"04/15/2025","AQS","060190011","3","8.9","ug/m3 LC","49","Fresno - Garland","1","100.0000","88101","PM2.5 - Local Conditions","170","Met One BAM-1020 Mass Monitor w/VSCC","23420","Fresno, CA","06","California","019","Fresno","36.78538","-119.77321"
"04/16/2025","AQS","060190011","3","8.8","ug/m3 LC","49","Fresno - Garland","1","100.0000","88101","PM2.5 - Local Conditions","170","Met One BAM-1020 Mass Monitor w/VSCC","23420","Fresno, CA","06","California","019","Fresno","36.78538","-119.77321"
"04/17/2025","AQS","060190011","3","8","ug/m3 LC","44","Fresno - Garland","1","100.0000","88101","PM2.5 - Local Conditions","170","Met One BAM-1020 Mass Monitor w/VSCC","23420","Fresno, CA","06","California","019","Fresno","36.78538","-119.77321"
"04/18/2025","AQS","060190011","3","6.5","ug/m3 LC","36","Fresno - Garland","1","100.0000","88101","PM2.5 - Local Conditions","170","Met One BAM-1020 Mass Monitor w/VSCC","23420","Fresno, CA","06","California","019","Fresno","36.78538","-119.77321"
"04/19/2025","AQS","060190011","3","10.7","ug/m3 LC","54","Fresno - Garland","1","100.0000","88101","PM2.5 - Local Conditions","170","Met One BAM-1020 Mass Monitor w/VSCC","23420","Fresno, CA","06","California","019","Fresno","36.78538","-119.77321"
"04/20/2025","AQS","060190011","3","8.9","ug/m3 LC","49","Fresno - Garland","1","100.0000","88101","PM2.5 - Local Conditions","170","Met One BAM-1020 Mass Monitor w/VSCC","23420","Fresno, CA","06","California","019","Fresno","36.78538","-119.77321"
"04/21/2025","AQS","060190011","3","6.2","ug/m3 LC","34","Fresno - Garland","1","100.0000","88101","PM2.5 - Local Conditions","170","Met One BAM-1020 Mass Monitor w/VSCC","23420","Fresno, CA","06","California","019","Fresno","36.78538","-119.77321"
"04/22/2025","AQS","060190011","3","6.2","ug/m3 LC","34","Fresno - Garland","1","100.0000","88101","PM2.5 - Local Conditions","170","Met One BAM-1020 Mass Monitor w/VSCC","23420","Fresno, CA","06","California","019","Fresno","36.78538","-119.77321"
"04/23/2025","AQS","060190011","3","7.3","ug/m3 LC","41","Fresno - Garland","1","100.0000","88101","PM2.5 - Local Conditions","170","Met One BAM-1020 Mass Monitor w/VSCC","23420","Fresno, CA","06","California","019","Fresno","36.78538","-119.77321"
"04/24/2025","AQS","060190011","3","9.7","ug/m3 LC","52","Fresno - Garland","1","100.0000","88101","PM2.5 - Local Conditions","170","Met One BAM-1020 Mass Monitor w/VSCC","23420","Fresno, CA","06","California","019","Fresno","36.78538","-119.77321"
"04/25/2025","AQS","060190011","3","6.6","ug/m3 LC","37","Fresno - Garland","1","100.0000","88101","PM2.5 - Local Conditions","170","Met One BAM-1020 Mass Monitor w/VSCC","23420","Fresno, CA","06","California","019","Fresno","36.78538","-119.77321"
"04/26/2025","AQS","060190011","3","2.8","ug/m3 LC","16","Fresno - Garland","1","100.0000","88101","PM2.5 - Local Conditions","170","Met One BAM-1020 Mass Monitor w/VSCC","23420","Fresno, CA","06","California","019","Fresno","36.78538","-119.77321"
"04/27/2025","AQS","060190011","3","3","ug/m3 LC","17","Fresno - Garland","1","100.0000","88101","PM2.5 - Local Conditions","170","Met One BAM-1020 Mass Monitor w/VSCC","23420","Fresno, CA","06","California","019","Fresno","36.78538","-119.77321"
"04/28/2025","AQS","060190011","3","6.5","ug/m3 LC","36","Fresno - Garland","1","100.0000","88101","PM2.5 - Local Conditions","170","Met One BAM-1020 Mass Monitor w/VSCC","23420","Fresno, CA","06","California","019","Fresno","36.78538","-119.77321"
"04/29/2025","AQS","060190011","3","9.7","ug/m3 LC","52","Fresno - Garland","1","100.0000","88101","PM2.5 - Local Conditions","170","Met One BAM-1020 Mass Monitor w/VSCC","23420","Fresno, CA","06","California","019","Fresno","36.78538","-119.77321"
"04/30/2025","AQS","060190011","3","10.9","ug/m3 LC","54","Fresno - Garland","1","100.0000","88101","PM2.5 - Local Conditions","170","Met One BAM-1020 Mass Monitor w/VSCC","23420","Fresno, CA","06","California","019","Fresno","36.78538","-119.77321"
"05/01/2025","AQS","060190011","3","11.3","ug/m3 LC","55","Fresno - Garland","1","100.0000","88101","PM2.5 - Local Conditions","170","Met One BAM-1020 Mass Monitor w/VSCC","23420","Fresno, CA","06","California","019","Fresno","36.78538","-119.77321"
"05/02/2025","AQS","060190011","3","9.7","ug/m3 LC","52","Fresno - Garland","1","100.0000","88101","PM2.5 - Local Conditions","170","Met One BAM-1020 Mass Monitor w/VSCC","23420","Fresno, CA","06","California","019","Fresno","36.78538","-119.77321"
"05/03/2025","AQS","060190011","3","4.4","ug/m3 LC","24","Fresno - Garland","1","100.0000","88101","PM2.5 - Local Conditions","170","Met One BAM-1020 Mass Monitor w/VSCC","23420","Fresno, CA","06","California","019","Fresno","36.78538","-119.77321"
"05/04/2025","AQS","060190011","3","7.9","ug/m3 LC","44","Fresno - Garland","1","100.0000","88101","PM2.5 - Local Conditions","170","Met One BAM-1020 Mass Monitor w/VSCC","23420","Fresno, CA","06","California","019","Fresno","36.78538","-119.77321"
"05/05/2025","AQS","060190011","3","11.6","ug/m3 LC","56","Fresno - Garland","1","100.0000","88101","PM2.5 - Local Conditions","170","Met One BAM-1020 Mass Monitor w/VSCC","23420","Fresno, CA","06","California","019","Fresno","36.78538","-119.77321"
"05/06/2025","AQS","060190011","3","9.1","ug/m3 LC","51","Fresno - Garland","1","100.0000","88101","PM2.5 - Local Conditions","170","Met One BAM-1020 Mass Monitor w/VSCC","23420","Fresno, CA","06","California","019","Fresno","36.78538","-119.77321"
"05/07/2025","AQS","060190011","3","10.6","ug/m3 LC","54","Fresno - Garland","1","100.0000","88101","PM2.5 - Local Conditions","170","Met One BAM-1020 Mass Monitor w/VSCC","23420","Fresno, CA","06","California","019","Fresno","36.78538","-119.77321"
"05/08/2025","AQS","060190011","3","10.2","ug/m3 LC","53","Fresno - Garland","1","100.0000","88101","PM2.5 - Local Conditions","170","Met One BAM-1020 Mass Monitor w/VSCC","23420","Fresno, CA","06","California","019","Fresno","36.78538","-119.77321"
"05/09/2025","AQS","060190011","3","11.2","ug/m3 LC","55","Fresno - Garland","1","100.0000","88101","PM2.5 - Local Conditions","170","Met One BAM-1020 Mass Monitor w/VSCC","23420","Fresno, CA","06","California","019","Fresno","36.78538","-119.77321"
"05/10/2025","AQS","060190011","3","11.2","ug/m3 LC","55","Fresno - Garland","1","100.0000","88101","PM2.5 - Local Conditions","170","Met One BAM-1020 Mass Monitor w/VSCC","23420","Fresno, CA","06","California","019","Fresno","36.78538","-119.77321"
"05/11/2025","AQS","060190011","3","3.5","ug/m3 LC","19","Fresno - Garland","1","100.0000","88101","PM2.5 - Local Conditions","170","Met One BAM-1020 Mass Monitor w/VSCC","23420","Fresno, CA","06","California","019","Fresno","36.78538","-119.77321"
"05/12/2025","AQS","060190011","3","3.2","ug/m3 LC","18","Fresno - Garland","1","100.0000","88101","PM2.5 - Local Conditions","170","Met One BAM-1020 Mass Monitor w/VSCC","23420","Fresno, CA","06","California","019","Fresno","36.78538","-119.77321"
"05/13/2025","AQS","060190011","3","3.4","ug/m3 LC","19","Fresno - Garland","1","100.0000","88101","PM2.5 - Local Conditions","170","Met One BAM-1020 Mass Monitor w/VSCC","23420","Fresno, CA","06","California","019","Fresno","36.78538","-119.77321"
"05/14/2025","AQS","060190011","3","5.6","ug/m3 LC","31","Fresno - Garland","1","100.0000","88101","PM2.5 - Local Conditions","170","Met One BAM-1020 Mass Monitor w/VSCC","23420","Fresno, CA","06","California","019","Fresno","36.78538","-119.77321"
"05/15/2025","AQS","060190011","3","5.2","ug/m3 LC","29","Fresno - Garland","1","100.0000","88101","PM2.5 - Local Conditions","170","Met One BAM-1020 Mass Monitor w/VSCC","23420","Fresno, CA","06","California","019","Fresno","36.78538","-119.77321"
"05/16/2025","AQS","060190011","3","6.9","ug/m3 LC","38","Fresno - Garland","1","100.0000","88101","PM2.5 - Local Conditions","170","Met One BAM-1020 Mass Monitor w/VSCC","23420","Fresno, CA","06","California","019","Fresno","36.78538","-119.77321"
"05/17/2025","AQS","060190011","3","6.1","ug/m3 LC","34","Fresno - Garland","1","100.0000","88101","PM2.5 - Local Conditions","170","Met One BAM-1020 Mass Monitor w/VSCC","23420","Fresno, CA","06","California","019","Fresno","36.78538","-119.77321"
"05/18/2025","AQS","060190011","3","5.7","ug/m3 LC","32","Fresno - Garland","1","100.0000","88101","PM2.5 - Local Conditions","170","Met One BAM-1020 Mass Monitor w/VSCC","23420","Fresno, CA","06","California","019","Fresno","36.78538","-119.77321"
"05/19/2025","AQS","060190011","3","7","ug/m3 LC","39","Fresno - Garland","1","100.0000","88101","PM2.5 - Local Conditions","170","Met One BAM-1020 Mass Monitor w/VSCC","23420","Fresno, CA","06","California","019","Fresno","36.78538","-119.77321"
"05/20/2025","AQS","060190011","3","5","ug/m3 LC","28","Fresno - Garland","1","100.0000","88101","PM2.5 - Local Conditions","170","Met One BAM-1020 Mass Monitor w/VSCC","23420","Fresno, CA","06","California","019","Fresno","36.78538","-119.77321"
"05/21/2025","AQS","060190011","3","6.8","ug/m3 LC","38","Fresno - Garland","1","100.0000","88101","PM2.5 - Local Conditions","170","Met One BAM-1020 Mass Monitor w/VSCC","23420","Fresno, CA","06","California","019","Fresno","36.78538","-119.77321"
"05/22/2025","AQS","060190011","3","4.5","ug/m3 LC","25","Fresno - Garland","1","100.0000","88101","PM2.5 - Local Conditions","170","Met One BAM-1020 Mass Monitor w/VSCC","23420","Fresno, CA","06","California","019","Fresno","36.78538","-119.77321"
"05/23/2025","AQS","060190011","3","4.2","ug/m3 LC","23","Fresno - Garland","1","100.0000","88101","PM2.5 - Local Conditions","170","Met One BAM-1020 Mass Monitor w/VSCC","23420","Fresno, CA","06","California","019","Fresno","36.78538","-119.77321"
"05/24/2025","AQS","060190011","3","5.4","ug/m3 LC","30","Fresno - Garland","1","100.0000","88101","PM2.5 - Local Conditions","170","Met One BAM-1020 Mass Monitor w/VSCC","23420","Fresno, CA","06","California","019","Fresno","36.78538","-119.77321"
"05/25/2025","AQS","060190011","3","5.9","ug/m3 LC","33","Fresno - Garland","1","100.0000","88101","PM2.5 - Local Conditions","170","Met One BAM-1020 Mass Monitor w/VSCC","23420","Fresno, CA","06","California","019","Fresno","36.78538","-119.77321"
"05/26/2025","AQS","060190011","3","3.4","ug/m3 LC","19","Fresno - Garland","1","100.0000","88101","PM2.5 - Local Conditions","170","Met One BAM-1020 Mass Monitor w/VSCC","23420","Fresno, CA","06","California","019","Fresno","36.78538","-119.77321"
"05/27/2025","AQS","060190011","3","5","ug/m3 LC","28","Fresno - Garland","1","100.0000","88101","PM2.5 - Local Conditions","170","Met One BAM-1020 Mass Monitor w/VSCC","23420","Fresno, CA","06","California","019","Fresno","36.78538","-119.77321"
"05/28/2025","AQS","060190011","3","6.6","ug/m3 LC","37","Fresno - Garland","1","100.0000","88101","PM2.5 - Local Conditions","170","Met One BAM-1020 Mass Monitor w/VSCC","23420","Fresno, CA","06","California","019","Fresno","36.78538","-119.77321"
"05/29/2025","AQS","060190011","3","5.6","ug/m3 LC","31","Fresno - Garland","1","100.0000","88101","PM2.5 - Local Conditions","170","Met One BAM-1020 Mass Monitor w/VSCC","23420","Fresno, CA","06","California","019","Fresno","36.78538","-119.77321"
"05/30/2025","AQS","060190011","3","14.1","ug/m3 LC","60","Fresno - Garland","1","100.0000","88101","PM2.5 - Local Conditions","170","Met One BAM-1020 Mass Monitor w/VSCC","23420","Fresno, CA","06","California","019","Fresno","36.78538","-119.77321"
"05/31/2025","AQS","060190011","3","17","ug/m3 LC","66","Fresno - Garland","1","100.0000","88101","PM2.5 - Local Conditions","170","Met One BAM-1020 Mass Monitor w/VSCC","23420","Fresno, CA","06","California","019","Fresno","36.78538","-119.77321"
"06/01/2025","AQS","060190011","3","6.8","ug/m3 LC","38","Fresno - Garland","1","100.0000","88101","PM2.5 - Local Conditions","170","Met One BAM-1020 Mass Monitor w/VSCC","23420","Fresno, CA","06","California","019","Fresno","36.78538","-119.77321"
"06/02/2025","AQS","060190011","3","9.7","ug/m3 LC","52","Fresno - Garland","1","100.0000","88101","PM2.5 - Local Conditions","170","Met One BAM-1020 Mass Monitor w/VSCC","23420","Fresno, CA","06","California","019","Fresno","36.78538","-119.77321"
"06/03/2025","AQS","060190011","3","7.5","ug/m3 LC","42","Fresno - Garland","1","100.0000","88101","PM2.5 - Local Conditions","170","Met One BAM-1020 Mass Monitor w/VSCC","23420","Fresno, CA","06","California","019","Fresno","36.78538","-119.77321"
"06/04/2025","AQS","060190011","3","8.7","ug/m3 LC","48","Fresno - Garland","1","100.0000","88101","PM2.5 - Local Conditions","170","Met One BAM-1020 Mass Monitor w/VSCC","23420","Fresno, CA","06","California","019","Fresno","36.78538","-119.77321"
"06/05/2025","AQS","060190011","3","8.9","ug/m3 LC","49","Fresno - Garland","1","100.0000","88101","PM2.5 - Local Conditions","170","Met One BAM-1020 Mass Monitor w/VSCC","23420","Fresno, CA","06","California","019","Fresno","36.78538","-119.77321"
"06/06/2025","AQS","060190011","3","8.1","ug/m3 LC","45","Fresno - Garland","1","100.0000","88101","PM2.5 - Local Conditions","170","Met One BAM-1020 Mass Monitor w/VSCC","23420","Fresno, CA","06","California","019","Fresno","36.78538","-119.77321"
"06/07/2025","AQS","060190011","3","7","ug/m3 LC","39","Fresno - Garland","1","100.0000","88101","PM2.5 - Local Conditions","170","Met One BAM-1020 Mass Monitor w/VSCC","23420","Fresno, CA","06","California","019","Fresno","36.78538","-119.77321"
"06/08/2025","AQS","060190011","3","5.6","ug/m3 LC","31","Fresno - Garland","1","100.0000","88101","PM2.5 - Local Conditions","170","Met One BAM-1020 Mass Monitor w/VSCC","23420","Fresno, CA","06","California","019","Fresno","36.78538","-119.77321"
"06/09/2025","AQS","060190011","3","6.5","ug/m3 LC","36","Fresno - Garland","1","100.0000","88101","PM2.5 - Local Conditions","170","Met One BAM-1020 Mass Monitor w/VSCC","23420","Fresno, CA","06","California","019","Fresno","36.78538","-119.77321"
"06/10/2025","AQS","060190011","3","8.5","ug/m3 LC","47","Fresno - Garland","1","100.0000","88101","PM2.5 - Local Conditions","170","Met One BAM-1020 Mass Monitor w/VSCC","23420","Fresno, CA","06","California","019","Fresno","36.78538","-119.77321"
"06/11/2025","AQS","060190011","3","5.3","ug/m3 LC","29","Fresno - Garland","1","100.0000","88101","PM2.5 - Local Conditions","170","Met One BAM-1020 Mass Monitor w/VSCC","23420","Fresno, CA","06","California","019","Fresno","36.78538","-119.77321"
"06/12/2025","AQS","060190011","3","9","ug/m3 LC","50","Fresno - Garland","1","100.0000","88101","PM2.5 - Local Conditions","170","Met One BAM-1020 Mass Monitor w/VSCC","23420","Fresno, CA","06","California","019","Fresno","36.78538","-119.77321"
"06/13/2025","AQS","060190011","3","5","ug/m3 LC","28","Fresno - Garland","1","100.0000","88101","PM2.5 - Local Conditions","170","Met One BAM-1020 Mass Monitor w/VSCC","23420","Fresno, CA","06","California","019","Fresno","36.78538","-119.77321"
"06/14/2025","AQS","060190011","3","6.2","ug/m3 LC","34","Fresno - Garland","1","100.0000","88101","PM2.5 - Local Conditions","170","Met One BAM-1020 Mass Monitor w/VSCC","23420","Fresno, CA","06","California","019","Fresno","36.78538","-119.77321"
"06/15/2025","AQS","060190011","3","6.1","ug/m3 LC","34","Fresno - Garland","1","100.0000","88101","PM2.5 - Local Conditions","170","Met One BAM-1020 Mass Monitor w/VSCC","23420","Fresno, CA","06","California","019","Fresno","36.78538","-119.77321"
"06/16/2025","AQS","060190011","3","7","ug/m3 LC","39","Fresno - Garland","1","100.0000","88101","PM2.5 - Local Conditions","170","Met One BAM-1020 Mass Monitor w/VSCC","23420","Fresno, CA","06","California","019","Fresno","36.78538","-119.77321"
"06/17/2025","AQS","060190011","3","7.5","ug/m3 LC","42","Fresno - Garland","1","100.0000","88101","PM2.5 - Local Conditions","170","Met One BAM-1020 Mass Monitor w/VSCC","23420","Fresno, CA","06","California","019","Fresno","36.78538","-119.77321"
"06/18/2025","AQS","060190011","3","9.2","ug/m3 LC","51","Fresno - Garland","1","100.0000","88101","PM2.5 - Local Conditions","170","Met One BAM-1020 Mass Monitor w/VSCC","23420","Fresno, CA","06","California","019","Fresno","36.78538","-119.77321"
"06/19/2025","AQS","060190011","3","8.5","ug/m3 LC","47","Fresno - Garland","1","100.0000","88101","PM2.5 - Local Conditions","170","Met One BAM-1020 Mass Monitor w/VSCC","23420","Fresno, CA","06","California","019","Fresno","36.78538","-119.77321"
"06/20/2025","AQS","060190011","3","7.1","ug/m3 LC","39","Fresno - Garland","1","100.0000","88101","PM2.5 - Local Conditions","170","Met One BAM-1020 Mass Monitor w/VSCC","23420","Fresno, CA","06","California","019","Fresno","36.78538","-119.77321"
"06/21/2025","AQS","060190011","3","5.9","ug/m3 LC","33","Fresno - Garland","1","100.0000","88101","PM2.5 - Local Conditions","170","Met One BAM-1020 Mass Monitor w/VSCC","23420","Fresno, CA","06","California","019","Fresno","36.78538","-119.77321"
"06/22/2025","AQS","060190011","3","3.9","ug/m3 LC","22","Fresno - Garland","1","100.0000","88101","PM2.5 - Local Conditions","170","Met One BAM-1020 Mass Monitor w/VSCC","23420","Fresno, CA","06","California","019","Fresno","36.78538","-119.77321"
"06/23/2025","AQS","060190011","3","5.4","ug/m3 LC","30","Fresno - Garland","1","100.0000","88101","PM2.5 - Local Conditions","170","Met One BAM-1020 Mass Monitor w/VSCC","23420","Fresno, CA","06","California","019","Fresno","36.78538","-119.77321"
"06/24/2025","AQS","060190011","3","5","ug/m3 LC","28","Fresno - Garland","1","100.0000","88101","PM2.5 - Local Conditions","170","Met One BAM-1020 Mass Monitor w/VSCC","23420","Fresno, CA","06","California","019","Fresno","36.78538","-119.77321"
"06/25/2025","AQS","060190011","3","6.3","ug/m3 LC","35","Fresno - Garland","1","100.0000","88101","PM2.5 - Local Conditions","170","Met One BAM-1020 Mass Monitor w/VSCC","23420","Fresno, CA","06","California","019","Fresno","36.78538","-119.77321"
"06/26/2025","AQS","060190011","3","6.1","ug/m3 LC","34","Fresno - Garland","1","100.0000","88101","PM2.5 - Local Conditions","170","Met One BAM-1020 Mass Monitor w/VSCC","23420","Fresno, CA","06","California","019","Fresno","36.78538","-119.77321"
"06/27/2025","AQS","060190011","3","8.9","ug/m3 LC","49","Fresno - Garland","1","100.0000","88101","PM2.5 - Local Conditions","170","Met One BAM-1020 Mass Monitor w/VSCC","23420","Fresno, CA","06","California","019","Fresno","36.78538","-119.77321"
"06/28/2025","AQS","060190011","3","11","ug/m3 LC","55","Fresno - Garland","1","100.0000","88101","PM2.5 - Local Conditions","170","Met One BAM-1020 Mass Monitor w/VSCC","23420","Fresno, CA","06","California","019","Fresno","36.78538","-119.77321"
"06/29/2025","AQS","060190011","3","8.1","ug/m3 LC","45","Fresno - Garland","1","100.0000","88101","PM2.5 - Local Conditions","170","Met One BAM-1020 Mass Monitor w/VSCC","23420","Fresno, CA","06","California","019","Fresno","36.78538","-119.77321"
"06/30/2025","AQS","060190011","3","6.6","ug/m3 LC","37","Fresno - Garland","1","100.0000","88101","PM2.5 - Local Conditions","170","Met One BAM-1020 Mass Monitor w/VSCC","23420","Fresno, CA","06","California","019","Fresno","36.78538","-119.77321"
"07/01/2025","AQS","060190011","3","7.3","ug/m3 LC","41","Fresno - Garland","1","100.0000","88101","PM2.5 - Local Conditions","170","Met One BAM-1020 Mass Monitor w/VSCC","23420","Fresno, CA","06","California","019","Fresno","36.78538","-119.77321"
"07/02/2025","AQS","060190011","3","8.2","ug/m3 LC","46","Fresno - Garland","1","100.0000","88101","PM2.5 - Local Conditions","170","Met One BAM-1020 Mass Monitor w/VSCC","23420","Fresno, CA","06","California","019","Fresno","36.78538","-119.77321"
"07/03/2025","AQS","060190011","3","9.4","ug/m3 LC","52","Fresno - Garland","1","100.0000","88101","PM2.5 - Local Conditions","170","Met One BAM-1020 Mass Monitor w/VSCC","23420","Fresno, CA","06","California","019","Fresno","36.78538","-119.77321"
"07/04/2025","AQS","060190011","3","9.5","ug/m3 LC","52","Fresno - Garland","1","100.0000","88101","PM2.5 - Local Conditions","170","Met One BAM-1020 Mass Monitor w/VSCC","23420","Fresno, CA","06","California","019","Fresno","36.78538","-119.77321"
"07/05/2025","AQS","060190011","3","7.3","ug/m3 LC","41","Fresno - Garland","1","100.0000","88101","PM2.5 - Local Conditions","170","Met One BAM-1020 Mass Monitor w/VSCC","23420","Fresno, CA","06","California","019","Fresno","36.78538","-119.77321"
"07/06/2025","AQS","060190011","3","5.4","ug/m3 LC","30","Fresno - Garland","1","100.0000","88101","PM2.5 - Local Conditions","170","Met One BAM-1020 Mass Monitor w/VSCC","23420","Fresno, CA","06","California","019","Fresno","36.78538","-119.77321"
"07/07/2025","AQS","060190011","3","9.1","ug/m3 LC","51","Fresno - Garland","1","100.0000","88101","PM2.5 - Local Conditions","170","Met One BAM-1020 Mass Monitor w/VSCC","23420","Fresno, CA","06","California","019","Fresno","36.78538","-119.77321"
"07/08/2025","AQS","060190011","3","8.6","ug/m3 LC","48","Fresno - Garland","1","100.0000","88101","PM2.5 - Local Conditions","170","Met One BAM-1020 Mass Monitor w/VSCC","23420","Fresno, CA","06","California","019","Fresno","36.78538","-119.77321"
"07/09/2025","AQS","060190011","3","6","ug/m3 LC","33","Fresno - Garland","1","100.0000","88101","PM2.5 - Local Conditions","170","Met One BAM-1020 Mass Monitor w/VSCC","23420","Fresno, CA","06","California","019","Fresno","36.78538","-119.77321"
"07/10/2025","AQS","060190011","3","7.5","ug/m3 LC","42","Fresno - Garland","1","100.0000","88101","PM2.5 - Local Conditions","170","Met One BAM-1020 Mass Monitor w/VSCC","23420","Fresno, CA","06","California","019","Fresno","36.78538","-119.77321"
"07/11/2025","AQS","060190011","3","14.1","ug/m3 LC","60","Fresno - Garland","1","100.0000","88101","PM2.5 - Local Conditions","170","Met One BAM-1020 Mass Monitor w/VSCC","23420","Fresno, CA","06","California","019","Fresno","36.78538","-119.77321"
"07/12/2025","AQS","060190011","3","15.3","ug/m3 LC","63","Fresno - Garland","1","100.0000","88101","PM2.5 - Local Conditions","170","Met One BAM-1020 Mass Monitor w/VSCC","23420","Fresno, CA","06","California","019","Fresno","36.78538","-119.77321"
"07/13/2025","AQS","060190011","3","10.9","ug/m3 LC","54","Fresno - Garland","1","100.0000","88101","PM2.5 - Local Conditions","170","Met One BAM-1020 Mass Monitor w/VSCC","23420","Fresno, CA","06","California","019","Fresno","36.78538","-119.77321"
"07/14/2025","AQS","060190011","3","10.8","ug/m3 LC","54","Fresno - Garland","1","100.0000","88101","PM2.5 - Local Conditions","170","Met One BAM-1020 Mass Monitor w/VSCC","23420","Fresno, CA","06","California","019","Fresno","36.78538","-119.77321"
"07/15/2025","AQS","060190011","3","9.4","ug/m3 LC","52","Fresno - Garland","1","100.0000","88101","PM2.5 - Local Conditions","170","Met One BAM-1020 Mass Monitor w/VSCC","23420","Fresno, CA","06","California","019","Fresno","36.78538","-119.77321"
"07/16/2025","AQS","060190011","3","7.8","ug/m3 LC","43","Fresno - Garland","1","100.0000","88101","PM2.5 - Local Conditions","170","Met One BAM-1020 Mass Monitor w/VSCC","23420","Fresno, CA","06","California","019","Fresno","36.78538","-119.77321"
"07/17/2025","AQS","060190011","3","6.9","ug/m3 LC","38","Fresno - Garland","1","100.0000","88101","PM2.5 - Local Conditions","170","Met One BAM-1020 Mass Monitor w/VSCC","23420","Fresno, CA","06","California","019","Fresno","36.78538","-119.77321"
"07/18/2025","AQS","060190011","3","6.5","ug/m3 LC","36","Fresno - Garland","1","100.0000","88101","PM2.5 - Local Conditions","170","Met One BAM-1020 Mass Monitor w/VSCC","23420","Fresno, CA","06","California","019","Fresno","36.78538","-119.77321"
"07/19/2025","AQS","060190011","3","6.5","ug/m3 LC","36","Fresno - Garland","1","100.0000","88101","PM2.5 - Local Conditions","170","Met One BAM-1020 Mass Monitor w/VSCC","23420","Fresno, CA","06","California","019","Fresno","36.78538","-119.77321"
"07/20/2025","AQS","060190011","3","5.8","ug/m3 LC","32","Fresno - Garland","1","100.0000","88101","PM2.5 - Local Conditions","170","Met One BAM-1020 Mass Monitor w/VSCC","23420","Fresno, CA","06","California","019","Fresno","36.78538","-119.77321"
"07/21/2025","AQS","060190011","3","4","ug/m3 LC","22","Fresno - Garland","1","100.0000","88101","PM2.5 - Local Conditions","170","Met One BAM-1020 Mass Monitor w/VSCC","23420","Fresno, CA","06","California","019","Fresno","36.78538","-119.77321"
"07/22/2025","AQS","060190011","3","2.6","ug/m3 LC","14","Fresno - Garland","1","100.0000","88101","PM2.5 - Local Conditions","170","Met One BAM-1020 Mass Monitor w/VSCC","23420","Fresno, CA","06","California","019","Fresno","36.78538","-119.77321"
"07/23/2025","AQS","060190011","3","4","ug/m3 LC","22","Fresno - Garland","1","100.0000","88101","PM2.5 - Local Conditions","170","Met One BAM-1020 Mass Monitor w/VSCC","23420","Fresno, CA","06","California","019","Fresno","36.78538","-119.77321"
"07/24/2025","AQS","060190011","3","3.2","ug/m3 LC","18","Fresno - Garland","1","100.0000","88101","PM2.5 - Local Conditions","170","Met One BAM-1020 Mass Monitor w/VSCC","23420","Fresno, CA","06","California","019","Fresno","36.78538","-119.77321"
"07/25/2025","AQS","060190011","3","4.3","ug/m3 LC","24","Fresno - Garland","1","100.0000","88101","PM2.5 - Local Conditions","170","Met One BAM-1020 Mass Monitor w/VSCC","23420","Fresno, CA","06","California","019","Fresno","36.78538","-119.77321"
"07/26/2025","AQS","060190011","3","3.8","ug/m3 LC","21","Fresno - Garland","1","100.0000","88101","PM2.5 - Local Conditions","170","Met One BAM-1020 Mass Monitor w/VSCC","23420","Fresno, CA","06","California","019","Fresno","36.78538","-119.77321"
"07/27/2025","AQS","060190011","3","3.4","ug/m3 LC","19","Fresno - Garland","1","100.0000","88101","PM2.5 - Local Conditions","170","Met One BAM-1020 Mass Monitor w/VSCC","23420","Fresno, CA","06","California","019","Fresno","36.78538","-119.77321"
"07/28/2025","AQS","060190011","3","4.5","ug/m3 LC","25","Fresno - Garland","1","100.0000","88101","PM2.5 - Local Conditions","170","Met One BAM-1020 Mass Monitor w/VSCC","23420","Fresno, CA","06","California","019","Fresno","36.78538","-119.77321"
"07/29/2025","AQS","060190011","3","4.5","ug/m3 LC","25","Fresno - Garland","1","100.0000","88101","PM2.5 - Local Conditions","170","Met One BAM-1020 Mass Monitor w/VSCC","23420","Fresno, CA","06","California","019","Fresno","36.78538","-119.77321"
"07/30/2025","AQS","060190011","3","5.2","ug/m3 LC","29","Fresno - Garland","1","100.0000","88101","PM2.5 - Local Conditions","170","Met One BAM-1020 Mass Monitor w/VSCC","23420","Fresno, CA","06","California","019","Fresno","36.78538","-119.77321"
"07/31/2025","AQS","060190011","3","6.7","ug/m3 LC","37","Fresno - Garland","1","100.0000","88101","PM2.5 - Local Conditions","170","Met One BAM-1020 Mass Monitor w/VSCC","23420","Fresno, CA","06","California","019","Fresno","36.78538","-119.77321"
"08/01/2025","AQS","060190011","3","7.4","ug/m3 LC","41","Fresno - Garland","1","100.0000","88101","PM2.5 - Local Conditions","170","Met One BAM-1020 Mass Monitor w/VSCC","23420","Fresno, CA","06","California","019","Fresno","36.78538","-119.77321"
"08/02/2025","AQS","060190011","3","7","ug/m3 LC","39","Fresno - Garland","1","100.0000","88101","PM2.5 - Local Conditions","170","Met One BAM-1020 Mass Monitor w/VSCC","23420","Fresno, CA","06","California","019","Fresno","36.78538","-119.77321"
"08/03/2025","AQS","060190011","3","5.6","ug/m3 LC","31","Fresno - Garland","1","100.0000","88101","PM2.5 - Local Conditions","170","Met One BAM-1020 Mass Monitor w/VSCC","23420","Fresno, CA","06","California","019","Fresno","36.78538","-119.77321"
"08/04/2025","AQS","060190011","3","5","ug/m3 LC","28","Fresno - Garland","1","100.0000","88101","PM2.5 - Local Conditions","170","Met One BAM-1020 Mass Monitor w/VSCC","23420","Fresno, CA","06","California","019","Fresno","36.78538","-119.77321"
"08/05/2025","AQS","060190011","3","4.4","ug/m3 LC","24","Fresno - Garland","1","100.0000","88101","PM2.5 - Local Conditions","170","Met One BAM-1020 Mass Monitor w/VSCC","23420","Fresno, CA","06","California","019","Fresno","36.78538","-119.77321"
"08/06/2025","AQS","060190011","3","6.1","ug/m3 LC","34","Fresno - Garland","1","100.0000","88101","PM2.5 - Local Conditions","170","Met One BAM-1020 Mass Monitor w/VSCC","23420","Fresno, CA","06","California","019","Fresno","36.78538","-119.77321"
"08/07/2025","AQS","060190011","3","5.3","ug/m3 LC","29","Fresno - Garland","1","100.0000","88101","PM2.5 - Local Conditions","170","Met One BAM-1020 Mass Monitor w/VSCC","23420","Fresno, CA","06","California","019","Fresno","36.78538","-119.77321"
"08/08/2025","AQS","060190011","3","9.7","ug/m3 LC","52","Fresno - Garland","1","100.0000","88101","PM2.5 - Local Conditions","170","Met One BAM-1020 Mass Monitor w/VSCC","23420","Fresno, CA","06","California","019","Fresno","36.78538","-119.77321"
"08/09/2025","AQS","060190011","3","12.6","ug/m3 LC","58","Fresno - Garland","1","100.0000","88101","PM2.5 - Local Conditions","170","Met One BAM-1020 Mass Monitor w/VSCC","23420","Fresno, CA","06","California","019","Fresno","36.78538","-119.77321"
"08/10/2025","AQS","060190011","3","10.1","ug/m3 LC","53","Fresno - Garland","1","100.0000","88101","PM2.5 - Local Conditions","170","Met One BAM-1020 Mass Monitor w/VSCC","23420","Fresno, CA","06","California","019","Fresno","36.78538","-119.77321"
"08/11/2025","AQS","060190011","3","7.2","ug/m3 LC","40","Fresno - Garland","1","100.0000","88101","PM2.5 - Local Conditions","170","Met One BAM-1020 Mass Monitor w/VSCC","23420","Fresno, CA","06","California","019","Fresno","36.78538","-119.77321"
"08/12/2025","AQS","060190011","3","7.5","ug/m3 LC","42","Fresno - Garland","1","100.0000","88101","PM2.5 - Local Conditions","170","Met One BAM-1020 Mass Monitor w/VSCC","23420","Fresno, CA","06","California","019","Fresno","36.78538","-119.77321"
"08/13/2025","AQS","060190011","3","6.1","ug/m3 LC","34","Fresno - Garland","1","100.0000","88101","PM2.5 - Local Conditions","170","Met One BAM-1020 Mass Monitor w/VSCC","23420","Fresno, CA","06","California","019","Fresno","36.78538","-119.77321"
"08/14/2025","AQS","060190011","3","8.9","ug/m3 LC","49","Fresno - Garland","1","100.0000","88101","PM2.5 - Local Conditions","170","Met One BAM-1020 Mass Monitor w/VSCC","23420","Fresno, CA","06","California","019","Fresno","36.78538","-119.77321"
"08/15/2025","AQS","060190011","3","7.6","ug/m3 LC","42","Fresno - Garland","1","100.0000","88101","PM2.5 - Local Conditions","170","Met One BAM-1020 Mass Monitor w/VSCC","23420","Fresno, CA","06","California","019","Fresno","36.78538","-119.77321"
"08/16/2025","AQS","060190011","3","3.8","ug/m3 LC","21","Fresno - Garland","1","100.0000","88101","PM2.5 - Local Conditions","170","Met One BAM-1020 Mass Monitor w/VSCC","23420","Fresno, CA","06","California","019","Fresno","36.78538","-119.77321"
"08/17/2025","AQS","060190011","3","3.5","ug/m3 LC","19","Fresno - Garland","1","100.0000","88101","PM2.5 - Local Conditions","170","Met One BAM-1020 Mass Monitor w/VSCC","23420","Fresno, CA","06","California","019","Fresno","36.78538","-119.77321"
"08/18/2025","AQS","060190011","3","5.1","ug/m3 LC","28","Fresno - Garland","1","100.0000","88101","PM2.5 - Local Conditions","170","Met One BAM-1020 Mass Monitor w/VSCC","23420","Fresno, CA","06","California","019","Fresno","36.78538","-119.77321"
"08/19/2025","AQS","060190011","3","4.4","ug/m3 LC","24","Fresno - Garland","1","100.0000","88101","PM2.5 - Local Conditions","170","Met One BAM-1020 Mass Monitor w/VSCC","23420","Fresno, CA","06","California","019","Fresno","36.78538","-119.77321"
"08/20/2025","AQS","060190011","3","7.9","ug/m3 LC","44","Fresno - Garland","1","100.0000","88101","PM2.5 - Local Conditions","170","Met One BAM-1020 Mass Monitor w/VSCC","23420","Fresno, CA","06","California","019","Fresno","36.78538","-119.77321"
"08/21/2025","AQS","060190011","3","14.9","ug/m3 LC","62","Fresno - Garland","1","100.0000","88101","PM2.5 - Local Conditions","170","Met One BAM-1020 Mass Monitor w/VSCC","23420","Fresno, CA","06","California","019","Fresno","36.78538","-119.77321"
"08/22/2025","AQS","060190011","3","14.5","ug/m3 LC","61","Fresno - Garland","1","100.0000","88101","PM2.5 - Local Conditions","170","Met One BAM-1020 Mass Monitor w/VSCC","23420","Fresno, CA","06","California","019","Fresno","36.78538","-119.77321"
"08/23/2025","AQS","060190011","3","18.2","ug/m3 LC","68","Fresno - Garland","1","100.0000","88101","PM2.5 - Local Conditions","170","Met One BAM-1020 Mass Monitor w/VSCC","23420","Fresno, CA","06","California","019","Fresno","36.78538","-119.77321"
"08/24/2025","AQS","060190011","3","11.5","ug/m3 LC","55","Fresno - Garland","1","100.0000","88101","PM2.5 - Local Conditions","170","Met One BAM-1020 Mass Monitor w/VSCC","23420","Fresno, CA","06","California","019","Fresno","36.78538","-119.77321"
"08/25/2025","AQS","060190011","3","10.4","ug/m3 LC","53","Fresno - Garland","1","100.0000","88101","PM2.5 - Local Conditions","170","Met One BAM-1020 Mass Monitor w/VSCC","23420","Fresno, CA","06","California","019","Fresno","36.78538","-119.77321"
"08/26/2025","AQS","060190011","3","12","ug/m3 LC","56","Fresno - Garland","1","100.0000","88101","PM2.5 - Local Conditions","170","Met One BAM-1020 Mass Monitor w/VSCC","23420","Fresno, CA","06","California","019","Fresno","36.78538","-119.77321"
"08/27/2025","AQS","060190011","3","9.8","ug/m3 LC","52","Fresno - Garland","1","100.0000","88101","PM2.5 - Local Conditions","170","Met One BAM-1020 Mass Monitor w/VSCC","23420","Fresno, CA","06","California","019","Fresno","36.78538","-119.77321"
"08/28/2025","AQS","060190011","3","11","ug/m3 LC","55","Fresno - Garland","1","100.0000","88101","PM2.5 - Local Conditions","170","Met One BAM-1020 Mass Monitor w/VSCC","23420","Fresno, CA","06","California","019","Fresno","36.78538","-119.77321"
"08/29/2025","AQS","060190011","3","9.5","ug/m3 LC","52","Fresno - Garland","1","100.0000","88101","PM2.5 - Local Conditions","170","Met One BAM-1020 Mass Monitor w/VSCC","23420","Fresno, CA","06","California","019","Fresno","36.78538","-119.77321"
"08/30/2025","AQS","060190011","3","8.5","ug/m3 LC","47","Fresno - Garland","1","100.0000","88101","PM2.5 - Local Conditions","170","Met One BAM-1020 Mass Monitor w/VSCC","23420","Fresno, CA","06","California","019","Fresno","36.78538","-119.77321"
"08/31/2025","AQS","060190011","3","12.2","ug/m3 LC","57","Fresno - Garland","1","100.0000","88101","PM2.5 - Local Conditions","170","Met One BAM-1020 Mass Monitor w/VSCC","23420","Fresno, CA","06","California","019","Fresno","36.78538","-119.77321"
"09/01/2025","AQS","060190011","3","10.9","ug/m3 LC","54","Fresno - Garland","1","100.0000","88101","PM2.5 - Local Conditions","170","Met One BAM-1020 Mass Monitor w/VSCC","23420","Fresno, CA","06","California","019","Fresno","36.78538","-119.77321"
"09/02/2025","AQS","060190011","3","11.7","ug/m3 LC","56","Fresno - Garland","1","100.0000","88101","PM2.5 - Local Conditions","170","Met One BAM-1020 Mass Monitor w/VSCC","23420","Fresno, CA","06","California","019","Fresno","36.78538","-119.77321"
"09/03/2025","AQS","060190011","3","15.9","ug/m3 LC","64","Fresno - Garland","1","100.0000","88101","PM2.5 - Local Conditions","170","Met One BAM-1020 Mass Monitor w/VSCC","23420","Fresno, CA","06","California","019","Fresno","36.78538","-119.77321"
"09/04/2025","AQS","060190011","3","12.2","ug/m3 LC","57","Fresno - Garland","1","100.0000","88101","PM2.5 - Local Conditions","170","Met One BAM-1020 Mass Monitor w/VSCC","23420","Fresno, CA","06","California","019","Fresno","36.78538","-119.77321"
"09/05/2025","AQS","060190011","3","8.8","ug/m3 LC","49","Fresno - Garland","1","100.0000","88101","PM2.5 - Local Conditions","170","Met One BAM-1020 Mass Monitor w/VSCC","23420","Fresno, CA","06","California","019","Fresno","36.78538","-119.77321"
"09/06/2025","AQS","060190011","3","8.6","ug/m3 LC","48","Fresno - Garland","1","100.0000","88101","PM2.5 - Local Conditions","170","Met One BAM-1020 Mass Monitor w/VSCC","23420","Fresno, CA","06","California","019","Fresno","36.78538","-119.77321"
"09/07/2025","AQS","060190011","3","7.9","ug/m3 LC","44","Fresno - Garland","1","100.0000","88101","PM2.5 - Local Conditions","170","Met One BAM-1020 Mass Monitor w/VSCC","23420","Fresno, CA","06","California","019","Fresno","36.78538","-119.77321"
"09/08/2025","AQS","060190011","3","5.7","ug/m3 LC","32","Fresno - Garland","1","100.0000","88101","PM2.5 - Local Conditions","170","Met One BAM-1020 Mass Monitor w/VSCC","23420","Fresno, CA","06","California","019","Fresno","36.78538","-119.77321"
"09/09/2025","AQS","060190011","3","3.1","ug/m3 LC","17","Fresno - Garland","1","100.0000","88101","PM2.5 - Local Conditions","170","Met One BAM-1020 Mass Monitor w/VSCC","23420","Fresno, CA","06","California","019","Fresno","36.78538","-119.77321"
"09/10/2025","AQS","060190011","3","3.4","ug/m3 LC","19","Fresno - Garland","1","100.0000","88101","PM2.5 - Local Conditions","170","Met One BAM-1020 Mass Monitor w/VSCC","23420","Fresno, CA","06","California","019","Fresno","36.78538","-119.77321"
"09/11/2025","AQS","060190011","3","4.7","ug/m3 LC","26","Fresno - Garland","1","100.0000","88101","PM2.5 - Local Conditions","170","Met One BAM-1020 Mass Monitor w/VSCC","23420","Fresno, CA","06","California","019","Fresno","36.78538","-119.77321"
"09/12/2025","AQS","060190011","3","6.7","ug/m3 LC","37","Fresno - Garland","1","100.0000","88101","PM2.5 - Local Conditions","170","Met One BAM-1020 Mass Monitor w/VSCC","23420","Fresno, CA","06","California","019","Fresno","36.78538","-119.77321"
"09/13/2025","AQS","060190011","3","8.8","ug/m3 LC","49","Fresno - Garland","1","100.0000","88101","PM2.5 - Local Conditions","170","Met One BAM-1020 Mass Monitor w/VSCC","23420","Fresno, CA","06","California","019","Fresno","36.78538","-119.77321"
"09/14/2025","AQS","060190011","3","6.2","ug/m3 LC","34","Fresno - Garland","1","100.0000","88101","PM2.5 - Local Conditions","170","Met One BAM-1020 Mass Monitor w/VSCC","23420","Fresno, CA","06","California","019","Fresno","36.78538","-119.77321"
"09/15/2025","AQS","060190011","3","8.1","ug/m3 LC","45","Fresno - Garland","1","100.0000","88101","PM2.5 - Local Conditions","170","Met One BAM-1020 Mass Monitor w/VSCC","23420","Fresno, CA","06","California","019","Fresno","36.78538","-119.77321"
"09/16/2025","AQS","060190011","3","13.2","ug/m3 LC","59","Fresno - Garland","1","100.0000","88101","PM2.5 - Local Conditions","170","Met One BAM-1020 Mass Monitor w/VSCC","23420","Fresno, CA","06","California","019","Fresno","36.78538","-119.77321"
"09/17/2025","AQS","060190011","3","12.7","ug/m3 LC","58","Fresno - Garland","1","100.0000","88101","PM2.5 - Local Conditions","170","Met One BAM-1020 Mass Monitor w/VSCC","23420","Fresno, CA","06","California","019","Fresno","36.78538","-119.77321"
"09/18/2025","AQS","060190011","3","10.4","ug/m3 LC","53","Fresno - Garland","1","100.0000","88101","PM2.5 - Local Conditions","170","Met One BAM-1020 Mass Monitor w/VSCC","23420","Fresno, CA","06","California","019","Fresno","36.78538","-119.77321"
"09/19/2025","AQS","060190011","3","8.8","ug/m3 LC","49","Fresno - Garland","1","100.0000","88101","PM2.5 - Local Conditions","170","Met One BAM-1020 Mass Monitor w/VSCC","23420","Fresno, CA","06","California","019","Fresno","36.78538","-119.77321"
"09/20/2025","AQS","060190011","3","11.1","ug/m3 LC","55","Fresno - Garland","1","100.0000","88101","PM2.5 - Local Conditions","170","Met One BAM-1020 Mass Monitor w/VSCC","23420","Fresno, CA","06","California","019","Fresno","36.78538","-119.77321"
"09/21/2025","AQS","060190011","3","7.4","ug/m3 LC","41","Fresno - Garland","1","100.0000","88101","PM2.5 - Local Conditions","170","Met One BAM-1020 Mass Monitor w/VSCC","23420","Fresno, CA","06","California","019","Fresno","36.78538","-119.77321"
"09/22/2025","AQS","060190011","3","10.8","ug/m3 LC","54","Fresno - Garland","1","100.0000","88101","PM2.5 - Local Conditions","170","Met One BAM-1020 Mass Monitor w/VSCC","23420","Fresno, CA","06","California","019","Fresno","36.78538","-119.77321"
"09/23/2025","AQS","060190011","3","14.1","ug/m3 LC","60","Fresno - Garland","1","100.0000","88101","PM2.5 - Local Conditions","170","Met One BAM-1020 Mass Monitor w/VSCC","23420","Fresno, CA","06","California","019","Fresno","36.78538","-119.77321"
"09/24/2025","AQS","060190011","3","8.5","ug/m3 LC","47","Fresno - Garland","1","100.0000","88101","PM2.5 - Local Conditions","170","Met One BAM-1020 Mass Monitor w/VSCC","23420","Fresno, CA","06","California","019","Fresno","36.78538","-119.77321"
"09/25/2025","AQS","060190011","3","7.9","ug/m3 LC","44","Fresno - Garland","1","100.0000","88101","PM2.5 - Local Conditions","170","Met One BAM-1020 Mass Monitor w/VSCC","23420","Fresno, CA","06","California","019","Fresno","36.78538","-119.77321"
"09/26/2025","AQS","060190011","3","11.1","ug/m3 LC","55","Fresno - Garland","1","100.0000","88101","PM2.5 - Local Conditions","170","Met One BAM-1020 Mass Monitor w/VSCC","23420","Fresno, CA","06","California","019","Fresno","36.78538","-119.77321"
"09/27/2025","AQS","060190011","3","10.1","ug/m3 LC","53","Fresno - Garland","1","100.0000","88101","PM2.5 - Local Conditions","170","Met One BAM-1020 Mass Monitor w/VSCC","23420","Fresno, CA","06","California","019","Fresno","36.78538","-119.77321"
"09/28/2025","AQS","060190011","3","7.1","ug/m3 LC","39","Fresno - Garland","1","100.0000","88101","PM2.5 - Local Conditions","170","Met One BAM-1020 Mass Monitor w/VSCC","23420","Fresno, CA","06","California","019","Fresno","36.78538","-119.77321"
"09/29/2025","AQS","060190011","3","7.4","ug/m3 LC","41","Fresno - Garland","1","100.0000","88101","PM2.5 - Local Conditions","170","Met One BAM-1020 Mass Monitor w/VSCC","23420","Fresno, CA","06","California","019","Fresno","36.78538","-119.77321"
"09/30/2025","AQS","060190011","3","7.1","ug/m3 LC","39","Fresno - Garland","1","100.0000","88101","PM2.5 - Local Conditions","170","Met One BAM-1020 Mass Monitor w/VSCC","23420","Fresno, CA","06","California","019","Fresno","36.78538","-119.77321"
"10/01/2025","AQS","060190011","3","5","ug/m3 LC","28","Fresno - Garland","1","100.0000","88101","PM2.5 - Local Conditions","170","Met One BAM-1020 Mass Monitor w/VSCC","23420","Fresno, CA","06","California","019","Fresno","36.78538","-119.77321"
"10/02/2025","AQS","060190011","3","3","ug/m3 LC","17","Fresno - Garland","1","100.0000","88101","PM2.5 - Local Conditions","170","Met One BAM-1020 Mass Monitor w/VSCC","23420","Fresno, CA","06","California","019","Fresno","36.78538","-119.77321"
"10/03/2025","AQS","060190011","3","4.1","ug/m3 LC","23","Fresno - Garland","1","100.0000","88101","PM2.5 - Local Conditions","170","Met One BAM-1020 Mass Monitor w/VSCC","23420","Fresno, CA","06","California","019","Fresno","36.78538","-119.77321"
"10/04/2025","AQS","060190011","3","7.7","ug/m3 LC","43","Fresno - Garland","1","100.0000","88101","PM2.5 - Local Conditions","170","Met One BAM-1020 Mass Monitor w/VSCC","23420","Fresno, CA","06","California","019","Fresno","36.78538","-119.77321"
"10/05/2025","AQS","060190011","3","9.1","ug/m3 LC","51","Fresno - Garland","1","100.0000","88101","PM2.5 - Local Conditions","170","Met One BAM-1020 Mass Monitor w/VSCC","23420","Fresno, CA","06","California","019","Fresno","36.78538","-119.77321"
"10/06/2025","AQS","060190011","3","7","ug/m3 LC","39","Fresno - Garland","1","100.0000","88101","PM2.5 - Local Conditions","170","Met One BAM-1020 Mass Monitor w/VSCC","23420","Fresno, CA","06","California","019","Fresno","36.78538","-119.77321"
"10/07/2025","AQS","060190011","3","11.6","ug/m3 LC","56","Fresno - Garland","1","100.0000","88101","PM2.5 - Local Conditions","170","Met One BAM-1020 Mass Monitor w/VSCC","23420","Fresno, CA","06","California","019","Fresno","36.78538","-119.77321"
"10/08/2025","AQS","060190011","3","11.5","ug/m3 LC","55","Fresno - Garland","1","100.0000","88101","PM2.5 - Local Conditions","170","Met One BAM-1020 Mass Monitor w/VSCC","23420","Fresno, CA","06","California","019","Fresno","36.78538","-119.77321"
"10/09/2025","AQS","060190011","3","9.2","ug/m3 LC","51","Fresno - Garland","1","100.0000","88101","PM2.5 - Local Conditions","170","Met One BAM-1020 Mass Monitor w/VSCC","23420","Fresno, CA","06","California","019","Fresno","36.78538","-119.77321"
"10/10/2025","AQS","060190011","3","8.2","ug/m3 LC","46","Fresno - Garland","1","100.0000","88101","PM2.5 - Local Conditions","170","Met One BAM-1020 Mass Monitor w/VSCC","23420","Fresno, CA","06","California","019","Fresno","36.78538","-119.77321"
"10/11/2025","AQS","060190011","3","3.9","ug/m3 LC","22","Fresno - Garland","1","100.0000","88101","PM2.5 - Local Conditions","170","Met One BAM-1020 Mass Monitor w/VSCC","23420","Fresno, CA","06","California","019","Fresno","36.78538","-119.77321"
"10/12/2025","AQS","060190011","3","6.7","ug/m3 LC","37","Fresno - Garland","1","100.0000","88101","PM2.5 - Local Conditions","170","Met One BAM-1020 Mass Monitor w/VSCC","23420","Fresno, CA","06","California","019","Fresno","36.78538","-119.77321"
"10/13/2025","AQS","060190011","3","7.6","ug/m3 LC","42","Fresno - Garland","1","100.0000","88101","PM2.5 - Local Conditions","170","Met One BAM-1020 Mass Monitor w/VSCC","23420","Fresno, CA","06","California","019","Fresno","36.78538","-119.77321"
"10/14/2025","AQS","060190011","3","2.6","ug/m3 LC","14","Fresno - Garland","1","100.0000","88101","PM2.5 - Local Conditions","170","Met One BAM-1020 Mass Monitor w/VSCC","23420","Fresno, CA","06","California","019","Fresno","36.78538","-119.77321"
"10/15/2025","AQS","060190011","3","5.6","ug/m3 LC","31","Fresno - Garland","1","100.0000","88101","PM2.5 - Local Conditions","170","Met One BAM-1020 Mass Monitor w/VSCC","23420","Fresno, CA","06","California","019","Fresno","36.78538","-119.77321"
"10/16/2025","AQS","060190011","3","9.1","ug/m3 LC","51","Fresno - Garland","1","100.0000","88101","PM2.5 - Local Conditions","170","Met One BAM-1020 Mass Monitor w/VSCC","23420","Fresno, CA","06","California","019","Fresno","36.78538","-119.77321"
"10/17/2025","AQS","060190011","3","15.6","ug/m3 LC","63","Fresno - Garland","1","100.0000","88101","PM2.5 - Local Conditions","170","Met One BAM-1020 Mass Monitor w/VSCC","23420","Fresno, CA","06","California","019","Fresno","36.78538","-119.77321"
"10/18/2025","AQS","060190011","3","15.8","ug/m3 LC","63","Fresno - Garland","1","100.0000","88101","PM2.5 - Local Conditions","170","Met One BAM-1020 Mass Monitor w/VSCC","23420","Fresno, CA","06","California","019","Fresno","36.78538","-119.77321"
"10/19/2025","AQS","060190011","3","17.8","ug/m3 LC","67","Fresno - Garland","1","100.0000","88101","PM2.5 - Local Conditions","170","Met One BAM-1020 Mass Monitor w/VSCC","23420","Fresno, CA","06","California","019","Fresno","36.78538","-119.77321"
"10/20/2025","AQS","060190011","3","21.2","ug/m3 LC","74","Fresno - Garland","1","100.0000","88101","PM2.5 - Local Conditions","170","Met One BAM-1020 Mass Monitor w/VSCC","23420","Fresno, CA","06","California","019","Fresno","36.78538","-119.77321"
"10/21/2025","AQS","060190011","3","18.9","ug/m3 LC","69","Fresno - Garland","1","100.0000","88101","PM2.5 - Local Conditions","170","Met One BAM-1020 Mass Monitor w/VSCC","23420","Fresno, CA","06","California","019","Fresno","36.78538","-119.77321"
"10/22/2025","AQS","060190011","3","11.4","ug/m3 LC","55","Fresno - Garland","1","100.0000","88101","PM2.5 - Local Conditions","170","Met One BAM-1020 Mass Monitor w/VSCC","23420","Fresno, CA","06","California","019","Fresno","36.78538","-119.77321"
"10/23/2025","AQS","060190011","3","14.6","ug/m3 LC","61","Fresno - Garland","1","100.0000","88101","PM2.5 - Local Conditions","170","Met One BAM-1020 Mass Monitor w/VSCC","23420","Fresno, CA","06","California","019","Fresno","36.78538","-119.77321"
"10/24/2025","AQS","060190011","3","17.7","ug/m3 LC","67","Fresno - Garland","1","100.0000","88101","PM2.5 - Local Conditions","170","Met One BAM-1020 Mass Monitor w/VSCC","23420","Fresno, CA","06","California","019","Fresno","36.78538","-119.77321"
"10/25/2025","AQS","060190011","3","14.7","ug/m3 LC","61","Fresno - Garland","1","100.0000","88101","PM2.5 - Local Conditions","170","Met One BAM-1020 Mass Monitor w/VSCC","23420","Fresno, CA","06","California","019","Fresno","36.78538","-119.77321"
"10/26/2025","AQS","060190011","3","8.5","ug/m3 LC","47","Fresno - Garland","1","100.0000","88101","PM2.5 - Local Conditions","170","Met One BAM-1020 Mass Monitor w/VSCC","23420","Fresno, CA","06","California","019","Fresno","36.78538","-119.77321"
"10/27/2025","AQS","060190011","3","3.4","ug/m3 LC","19","Fresno - Garland","1","100.0000","88101","PM2.5 - Local Conditions","170","Met One BAM-1020 Mass Monitor w/VSCC","23420","Fresno, CA","06","California","019","Fresno","36.78538","-119.77321"
"10/28/2025","AQS","060190011","3","10.1","ug/m3 LC","53","Fresno - Garland","1","100.0000","88101","PM2.5 - Local Conditions","170","Met One BAM-1020 Mass Monitor w/VSCC","23420","Fresno, CA","06","California","019","Fresno","36.78538","-119.77321"
"10/29/2025","AQS","060190011","3","14.7","ug/m3 LC","61","Fresno - Garland","1","100.0000","88101","PM2.5 - Local Conditions","170","Met One BAM-1020 Mass Monitor w/VSCC","23420","Fresno, CA","06","California","019","Fresno","36.78538","-119.77321"
"10/30/2025","AQS","060190011","3","17.5","ug/m3 LC","67","Fresno - Garland","1","100.0000","88101","PM2.5 - Local Conditions","170","Met One BAM-1020 Mass Monitor w/VSCC","23420","Fresno, CA","06","California","019","Fresno","36.78538","-119.77321"
"10/31/2025","AQS","060190011","3","20","ug/m3 LC","71","Fresno - Garland","1","100.0000","88101","PM2.5 - Local Conditions","170","Met One BAM-1020 Mass Monitor w/VSCC","23420","Fresno, CA","06","California","019","Fresno","36.78538","-119.77321"
"11/01/2025","AQS","060190011","3","22.4","ug/m3 LC","76","Fresno - Garland","1","100.0000","88101","PM2.5 - Local Conditions","170","Met One BAM-1020 Mass Monitor w/VSCC","23420","Fresno, CA","06","California","019","Fresno","36.78538","-119.77321"
"11/02/2025","AQS","060190011","3","19.9","ug/m3 LC","71","Fresno - Garland","1","100.0000","88101","PM2.5 - Local Conditions","170","Met One BAM-1020 Mass Monitor w/VSCC","23420","Fresno, CA","06","California","019","Fresno","36.78538","-119.77321"
"11/03/2025","AQS","060190011","3","19.1","ug/m3 LC","70","Fresno - Garland","1","100.0000","88101","PM2.5 - Local Conditions","170","Met One BAM-1020 Mass Monitor w/VSCC","23420","Fresno, CA","06","California","019","Fresno","36.78538","-119.77321"
"11/04/2025","AQS","060190011","3","13.8","ug/m3 LC","60","Fresno - Garland","1","100.0000","88101","PM2.5 - Local Conditions","170","Met One BAM-1020 Mass Monitor w/VSCC","23420","Fresno, CA","06","California","019","Fresno","36.78538","-119.77321"
"11/05/2025","AQS","060190011","3","11.8","ug/m3 LC","56","Fresno - Garland","1","100.0000","88101","PM2.5 - Local Conditions","170","Met One BAM-1020 Mass Monitor w/VSCC","23420","Fresno, CA","06","California","019","Fresno","36.78538","-119.77321"
"11/06/2025","AQS","060190011","3","6.3","ug/m3 LC","35","Fresno - Garland","1","100.0000","88101","PM2.5 - Local Conditions","170","Met One BAM-1020 Mass Monitor w/VSCC","23420","Fresno, CA","06","California","019","Fresno","36.78538","-119.77321"
"11/07/2025","AQS","060190011","3","7.6","ug/m3 LC","42","Fresno - Garland","1","100.0000","88101","PM2.5 - Local Conditions","170","Met One BAM-1020 Mass Monitor w/VSCC","23420","Fresno, CA","06","California","019","Fresno","36.78538","-119.77321"
"11/08/2025","AQS","060190011","3","11.8","ug/m3 LC","56","Fresno - Garland","1","100.0000","88101","PM2.5 - Local Conditions","170","Met One BAM-1020 Mass Monitor w/VSCC","23420","Fresno, CA","06","California","019","Fresno","36.78538","-119.77321"
"11/09/2025","AQS","060190011","3","14.1","ug/m3 LC","60","Fresno - Garland","1","100.0000","88101","PM2.5 - Local Conditions","170","Met One BAM-1020 Mass Monitor w/VSCC","23420","Fresno, CA","06","California","019","Fresno","36.78538","-119.77321"
"11/10/2025","AQS","060190011","3","14.7","ug/m3 LC","61","Fresno - Garland","1","100.0000","88101","PM2.5 - Local Conditions","170","Met One BAM-1020 Mass Monitor w/VSCC","23420","Fresno, CA","06","California","019","Fresno","36.78538","-119.77321"
"11/11/2025","AQS","060190011","3","16.9","ug/m3 LC","66","Fresno - Garland","1","100.0000","88101","PM2.5 - Local Conditions","170","Met One BAM-1020 Mass Monitor w/VSCC","23420","Fresno, CA","06","California","019","Fresno","36.78538","-119.77321"
"11/12/2025","AQS","060190011","3","14.6","ug/m3 LC","61","Fresno - Garland","1","100.0000","88101","PM2.5 - Local Conditions","170","Met One BAM-1020 Mass Monitor w/VSCC","23420","Fresno, CA","06","California","019","Fresno","36.78538","-119.77321"
"11/13/2025","AQS","060190011","3","9.5","ug/m3 LC","52","Fresno - Garland","1","100.0000","88101","PM2.5 - Local Conditions","170","Met One BAM-1020 Mass Monitor w/VSCC","23420","Fresno, CA","06","California","019","Fresno","36.78538","-119.77321"
"11/14/2025","AQS","060190011","3","2.4","ug/m3 LC","13","Fresno - Garland","1","100.0000","88101","PM2.5 - Local Conditions","170","Met One BAM-1020 Mass Monitor w/VSCC","23420","Fresno, CA","06","California","019","Fresno","36.78538","-119.77321"
"11/15/2025","AQS","060190011","3","5.4","ug/m3 LC","30","Fresno - Garland","1","100.0000","88101","PM2.5 - Local Conditions","170","Met One BAM-1020 Mass Monitor w/VSCC","23420","Fresno, CA","06","California","019","Fresno","36.78538","-119.77321"
"11/16/2025","AQS","060190011","3","1","ug/m3 LC","6","Fresno - Garland","1","100.0000","88101","PM2.5 - Local Conditions","170","Met One BAM-1020 Mass Monitor w/VSCC","23420","Fresno, CA","06","California","019","Fresno","36.78538","-119.77321"
"11/17/2025","AQS","060190011","3","2.3","ug/m3 LC","13","Fresno - Garland","1","100.0000","88101","PM2.5 - Local Conditions","170","Met One BAM-1020 Mass Monitor w/VSCC","23420","Fresno, CA","06","California","019","Fresno","36.78538","-119.77321"
"11/18/2025","AQS","060190011","3","7.5","ug/m3 LC","42","Fresno - Garland","1","100.0000","88101","PM2.5 - Local Conditions","170","Met One BAM-1020 Mass Monitor w/VSCC","23420","Fresno, CA","06","California","019","Fresno","36.78538","-119.77321"
"11/19/2025","AQS","060190011","3","12.2","ug/m3 LC","57","Fresno - Garland","1","100.0000","88101","PM2.5 - Local Conditions","170","Met One BAM-1020 Mass Monitor w/VSCC","23420","Fresno, CA","06","California","019","Fresno","36.78538","-119.77321"
"11/20/2025","AQS","060190011","3","13.2","ug/m3 LC","59","Fresno - Garland","1","100.0000","88101","PM2.5 - Local Conditions","170","Met One BAM-1020 Mass Monitor w/VSCC","23420","Fresno, CA","06","California","019","Fresno","36.78538","-119.77321"
"11/21/2025","AQS","060190011","3","12.7","ug/m3 LC","58","Fresno - Garland","1","100.0000","88101","PM2.5 - Local Conditions","170","Met One BAM-1020 Mass Monitor w/VSCC","23420","Fresno, CA","06","California","019","Fresno","36.78538","-119.77321"
"11/22/2025","AQS","060190011","3","21.1","ug/m3 LC","73","Fresno - Garland","1","100.0000","88101","PM2.5 - Local Conditions","170","Met One BAM-1020 Mass Monitor w/VSCC","23420","Fresno, CA","06","California","019","Fresno","36.78538","-119.77321"
"11/23/2025","AQS","060190011","3","21.5","ug/m3 LC","74","Fresno - Garland","1","100.0000","88101","PM2.5 - Local Conditions","170","Met One BAM-1020 Mass Monitor w/VSCC","23420","Fresno, CA","06","California","019","Fresno","36.78538","-119.77321"
"11/24/2025","AQS","060190011","3","16.3","ug/m3 LC","64","Fresno - Garland","1","100.0000","88101","PM2.5 - Local Conditions","170","Met One BAM-1020 Mass Monitor w/VSCC","23420","Fresno, CA","06","California","019","Fresno","36.78538","-119.77321"
"11/25/2025","AQS","060190011","3","12.1","ug/m3 LC","57","Fresno - Garland","1","100.0000","88101","PM2.5 - Local Conditions","170","Met One BAM-1020 Mass Monitor w/VSCC","23420","Fresno, CA","06","California","019","Fresno","36.78538","-119.77321"
"11/26/2025","AQS","060190011","3","18.9","ug/m3 LC","69","Fresno - Garland","1","100.0000","88101","PM2.5 - Local Conditions","170","Met One BAM-1020 Mass Monitor w/VSCC","23420","Fresno, CA","06","California","019","Fresno","36.78538","-119.77321"
"11/27/2025","AQS","060190011","3","29.5","ug/m3 LC","89","Fresno - Garland","1","100.0000","88101","PM2.5 - Local Conditions","170","Met One BAM-1020 Mass Monitor w/VSCC","23420","Fresno, CA","06","California","019","Fresno","36.78538","-119.77321"
"11/28/2025","AQS","060190011","3","32","ug/m3 LC","94","Fresno - Garland","1","100.0000","88101","PM2.5 - Local Conditions","170","Met One BAM-1020 Mass Monitor w/VSCC","23420","Fresno, CA","06","California","019","Fresno","36.78538","-119.77321"
"11/29/2025","AQS","060190011","3","30.5","ug/m3 LC","91","Fresno - Garland","1","100.0000","88101","PM2.5 - Local Conditions","170","Met One BAM-1020 Mass Monitor w/VSCC","23420","Fresno, CA","06","California","019","Fresno","36.78538","-119.77321"
"11/30/2025","AQS","060190011","3","28.3","ug/m3 LC","87","Fresno - Garland","1","100.0000","88101","PM2.5 - Local Conditions","170","Met One BAM-1020 Mass Monitor w/VSCC","23420","Fresno, CA","06","California","019","Fresno","36.78538","-119.77321"
"12/01/2025","AQS","060190011","3","25.8","ug/m3 LC","82","Fresno - Garland","1","100.0000","88101","PM2.5 - Local Conditions","170","Met One BAM-1020 Mass Monitor w/VSCC","23420","Fresno, CA","06","California","019","Fresno","36.78538","-119.77321"
"12/02/2025","AQS","060190011","3","21.8","ug/m3 LC","75","Fresno - Garland","1","100.0000","88101","PM2.5 - Local Conditions","170","Met One BAM-1020 Mass Monitor w/VSCC","23420","Fresno, CA","06","California","019","Fresno","36.78538","-119.77321"
"12/03/2025","AQS","060190011","3","21","ug/m3 LC","73","Fresno - Garland","1","100.0000","88101","PM2.5 - Local Conditions","170","Met One BAM-1020 Mass Monitor w/VSCC","23420","Fresno, CA","06","California","019","Fresno","36.78538","-119.77321"
"12/04/2025","AQS","060190011","3","20.3","ug/m3 LC","72","Fresno - Garland","1","100.0000","88101","PM2.5 - Local Conditions","170","Met One BAM-1020 Mass Monitor w/VSCC","23420","Fresno, CA","06","California","019","Fresno","36.78538","-119.77321"
"12/05/2025","AQS","060190011","3","27.2","ug/m3 LC","85","Fresno - Garland","1","100.0000","88101","PM2.5 - Local Conditions","170","Met One BAM-1020 Mass Monitor w/VSCC","23420","Fresno, CA","06","California","019","Fresno","36.78538","-119.77321"
"12/06/2025","AQS","060190011","3","34.5","ug/m3 LC","98","Fresno - Garland","1","100.0000","88101","PM2.5 - Local Conditions","170","Met One BAM-1020 Mass Monitor w/VSCC","23420","Fresno, CA","06","California","019","Fresno","36.78538","-119.77321"
"12/07/2025","AQS","060190011","3","31","ug/m3 LC","92","Fresno - Garland","1","100.0000","88101","PM2.5 - Local Conditions","170","Met One BAM-1020 Mass Monitor w/VSCC","23420","Fresno, CA","06","California","019","Fresno","36.78538","-119.77321"
"12/08/2025","AQS","060190011","3","35.5","ug/m3 LC","101","Fresno - Garland","1","100.0000","88101","PM2.5 - Local Conditions","170","Met One BAM-1020 Mass Monitor w/VSCC","23420","Fresno, CA","06","California","019","Fresno","36.78538","-119.77321"
"12/09/2025","AQS","060190011","3","35.1","ug/m3 LC","99","Fresno - Garland","1","100.0000","88101","PM2.5 - Local Conditions","170","Met One BAM-1020 Mass Monitor w/VSCC","23420","Fresno, CA","06","California","019","Fresno","36.78538","-119.77321"
"12/10/2025","AQS","060190011","3","29.6","ug/m3 LC","89","Fresno - Garland","1","100.0000","88101","PM2.5 - Local Conditions","170","Met One BAM-1020 Mass Monitor w/VSCC","23420","Fresno, CA","06","California","019","Fresno","36.78538","-119.77321"
"12/11/2025","AQS","060190011","3","21.9","ug/m3 LC","75","Fresno - Garland","1","100.0000","88101","PM2.5 - Local Conditions","170","Met One BAM-1020 Mass Monitor w/VSCC","23420","Fresno, CA","06","California","019","Fresno","36.78538","-119.77321"
"12/12/2025","AQS","060190011","3","15.1","ug/m3 LC","62","Fresno - Garland","1","100.0000","88101","PM2.5 - Local Conditions","170","Met One BAM-1020 Mass Monitor w/VSCC","23420","Fresno, CA","06","California","019","Fresno","36.78538","-119.77321"
"12/13/2025","AQS","060190011","3","14.6","ug/m3 LC","61","Fresno - Garland","1","100.0000","88101","PM2.5 - Local Conditions","170","Met One BAM-1020 Mass Monitor w/VSCC","23420","Fresno, CA","06","California","019","Fresno","36.78538","-119.77321"
"12/14/2025","AQS","060190011","3","21.5","ug/m3 LC","74","Fresno - Garland","1","100.0000","88101","PM2.5 - Local Conditions","170","Met One BAM-1020 Mass Monitor w/VSCC","23420","Fresno, CA","06","California","019","Fresno","36.78538","-119.77321"
"12/15/2025","AQS","060190011","3","13.5","ug/m3 LC","59","Fresno - Garland","1","100.0000","88101","PM2.5 - Local Conditions","170","Met One BAM-1020 Mass Monitor w/VSCC","23420","Fresno, CA","06","California","019","Fresno","36.78538","-119.77321"
"12/16/2025","AQS","060190011","3","21.2","ug/m3 LC","74","Fresno - Garland","1","100.0000","88101","PM2.5 - Local Conditions","170","Met One BAM-1020 Mass Monitor w/VSCC","23420","Fresno, CA","06","California","019","Fresno","36.78538","-119.77321"
"12/17/2025","AQS","060190011","3","24.6","ug/m3 LC","80","Fresno - Garland","1","100.0000","88101","PM2.5 - Local Conditions","170","Met One BAM-1020 Mass Monitor w/VSCC","23420","Fresno, CA","06","California","019","Fresno","36.78538","-119.77321"
"12/18/2025","AQS","060190011","3","18.7","ug/m3 LC","69","Fresno - Garland","1","100.0000","88101","PM2.5 - Local Conditions","170","Met One BAM-1020 Mass Monitor w/VSCC","23420","Fresno, CA","06","California","019","Fresno","36.78538","-119.77321"
"12/19/2025","AQS","060190011","3","20.5","ug/m3 LC","72","Fresno - Garland","1","100.0000","88101","PM2.5 - Local Conditions","170","Met One BAM-1020 Mass Monitor w/VSCC","23420","Fresno, CA","06","California","019","Fresno","36.78538","-119.77321"
"12/20/2025","AQS","060190011","3","22.4","ug/m3 LC","76","Fresno - Garland","1","100.0000","88101","PM2.5 - Local Conditions","170","Met One BAM-1020 Mass Monitor w/VSCC","23420","Fresno, CA","06","California","019","Fresno","36.78538","-119.77321"
"12/21/2025","AQS","060190011","3","6.3","ug/m3 LC","35","Fresno - Garland","1","100.0000","88101","PM2.5 - Local Conditions","170","Met One BAM-1020 Mass Monitor w/VSCC","23420","Fresno, CA","06","California","019","Fresno","36.78538","-119.77321"
"12/22/2025","AQS","060190011","3","7.3","ug/m3 LC","41","Fresno - Garland","1","100.0000","88101","PM2.5 - Local Conditions","170","Met One BAM-1020 Mass Monitor w/VSCC","23420","Fresno, CA","06","California","019","Fresno","36.78538","-119.77321"
"12/23/2025","AQS","060190011","3","11.3","ug/m3 LC","55","Fresno - Garland","1","100.0000","88101","PM2.5 - Local Conditions","170","Met One BAM-1020 Mass Monitor w/VSCC","23420","Fresno, CA","06","California","019","Fresno","36.78538","-119.77321"
"12/24/2025","AQS","060190011","3","2.7","ug/m3 LC","15","Fresno - Garland","1","100.0000","88101","PM2.5 - Local Conditions","170","Met One BAM-1020 Mass Monitor w/VSCC","23420","Fresno, CA","06","California","019","Fresno","36.78538","-119.77321"
"12/25/2025","AQS","060190011","3","2.2","ug/m3 LC","12","Fresno - Garland","1","100.0000","88101","PM2.5 - Local Conditions","170","Met One BAM-1020 Mass Monitor w/VSCC","23420","Fresno, CA","06","California","019","Fresno","36.78538","-119.77321"
"12/26/2025","AQS","060190011","3","3.9","ug/m3 LC","22","Fresno - Garland","1","100.0000","88101","PM2.5 - Local Conditions","170","Met One BAM-1020 Mass Monitor w/VSCC","23420","Fresno, CA","06","California","019","Fresno","36.78538","-119.77321"
"12/27/2025","AQS","060190011","3","6","ug/m3 LC","33","Fresno - Garland","1","100.0000","88101","PM2.5 - Local Conditions","170","Met One BAM-1020 Mass Monitor w/VSCC","23420","Fresno, CA","06","California","019","Fresno","36.78538","-119.77321"
"12/28/2025","AQS","060190011","3","9.6","ug/m3 LC","52","Fresno - Garland","1","100.0000","88101","PM2.5 - Local Conditions","170","Met One BAM-1020 Mass Monitor w/VSCC","23420","Fresno, CA","06","California","019","Fresno","36.78538","-119.77321"
"12/29/2025","AQS","060190011","3","10.5","ug/m3 LC","54","Fresno - Garland","1","100.0000","88101","PM2.5 - Local Conditions","170","Met One BAM-1020 Mass Monitor w/VSCC","23420","Fresno, CA","06","California","019","Fresno","36.78538","-119.77321"
"12/30/2025","AQS","060190011","3","25.6","ug/m3 LC","82","Fresno - Garland","1","100.0000","88101","PM2.5 - Local Conditions","170","Met One BAM-1020 Mass Monitor w/VSCC","23420","Fresno, CA","06","California","019","Fresno","36.78538","-119.77321"
"12/31/2025","AQS","060190011","3","26.6","ug/m3 LC","84","Fresno - Garland","1","100.0000","88101","PM2.5 - Local Conditions","170","Met One BAM-1020 Mass Monitor w/VSCC","23420","Fresno, CA","06","California","019","Fresno","36.78538","-119.77321"
"01/01/2025","AQS","060190500","1","7.5","ug/m3 LC","42","Table Mountain Air Monitoring Site","1","100.0000","88101","PM2.5 - Local Conditions","170","Met One BAM-1020 Mass Monitor w/VSCC","23420","Fresno, CA","06","California","019","Fresno","36.9851185574381","-119.658339349936"
"01/02/2025","AQS","060190500","1","9.8","ug/m3 LC","52","Table Mountain Air Monitoring Site","1","100.0000","88101","PM2.5 - Local Conditions","170","Met One BAM-1020 Mass Monitor w/VSCC","23420","Fresno, CA","06","California","019","Fresno","36.9851185574381","-119.658339349936"
"01/03/2025","AQS","060190500","1","6","ug/m3 LC","33","Table Mountain Air Monitoring Site","1","100.0000","88101","PM2.5 - Local Conditions","170","Met One BAM-1020 Mass Monitor w/VSCC","23420","Fresno, CA","06","California","019","Fresno","36.9851185574381","-119.658339349936"
"01/04/2025","AQS","060190500","1","2.4","ug/m3 LC","13","Table Mountain Air Monitoring Site","1","100.0000","88101","PM2.5 - Local Conditions","170","Met One BAM-1020 Mass Monitor w/VSCC","23420","Fresno, CA","06","California","019","Fresno","36.9851185574381","-119.658339349936"
"01/05/2025","AQS","060190500","1","4.4","ug/m3 LC","24","Table Mountain Air Monitoring Site","1","100.0000","88101","PM2.5 - Local Conditions","170","Met One BAM-1020 Mass Monitor w/VSCC","23420","Fresno, CA","06","California","019","Fresno","36.9851185574381","-119.658339349936"
"01/06/2025","AQS","060190500","1","6.6","ug/m3 LC","37","Table Mountain Air Monitoring Site","1","100.0000","88101","PM2.5 - Local Conditions","170","Met One BAM-1020 Mass Monitor w/VSCC","23420","Fresno, CA","06","California","019","Fresno","36.9851185574381","-119.658339349936"
"01/07/2025","AQS","060190500","1","10.4","ug/m3 LC","53","Table Mountain Air Monitoring Site","1","100.0000","88101","PM2.5 - Local Conditions","170","Met One BAM-1020 Mass Monitor w/VSCC","23420","Fresno, CA","06","California","019","Fresno","36.9851185574381","-119.658339349936"
"01/08/2025","AQS","060190500","1","10.1","ug/m3 LC","53","Table Mountain Air Monitoring Site","1","100.0000","88101","PM2.5 - Local Conditions","170","Met One BAM-1020 Mass Monitor w/VSCC","23420","Fresno, CA","06","California","019","Fresno","36.9851185574381","-119.658339349936"
"01/09/2025","AQS","060190500","1","6","ug/m3 LC","33","Table Mountain Air Monitoring Site","1","100.0000","88101","PM2.5 - Local Conditions","170","Met One BAM-1020 Mass Monitor w/VSCC","23420","Fresno, CA","06","California","019","Fresno","36.9851185574381","-119.658339349936"
"01/10/2025","AQS","060190500","1","4.3","ug/m3 LC","24","Table Mountain Air Monitoring Site","1","100.0000","88101","PM2.5 - Local Conditions","170","Met One BAM-1020 Mass Monitor w/VSCC","23420","Fresno, CA","06","California","019","Fresno","36.9851185574381","-119.658339349936"
"01/11/2025","AQS","060190500","1","9","ug/m3 LC","50","Table Mountain Air Monitoring Site","1","100.0000","88101","PM2.5 - Local Conditions","170","Met One BAM-1020 Mass Monitor w/VSCC","23420","Fresno, CA","06","California","019","Fresno","36.9851185574381","-119.658339349936"
"01/12/2025","AQS","060190500","1","9.2","ug/m3 LC","51","Table Mountain Air Monitoring Site","1","100.0000","88101","PM2.5 - Local Conditions","170","Met One BAM-1020 Mass Monitor w/VSCC","23420","Fresno, CA","06","California","019","Fresno","36.9851185574381","-119.658339349936"
"01/13/2025","AQS","060190500","1","4.3","ug/m3 LC","24","Table Mountain Air Monitoring Site","1","100.0000","88101","PM2.5 - Local Conditions","170","Met One BAM-1020 Mass Monitor w/VSCC","23420","Fresno, CA","06","California","019","Fresno","36.9851185574381","-119.658339349936"
"01/14/2025","AQS","060190500","1","3.6","ug/m3 LC","20","Table Mountain Air Monitoring Site","1","100.0000","88101","PM2.5 - Local Conditions","170","Met One BAM-1020 Mass Monitor w/VSCC","23420","Fresno, CA","06","California","019","Fresno","36.9851185574381","-119.658339349936"
"01/15/2025","AQS","060190500","1","3.2","ug/m3 LC","18","Table Mountain Air Monitoring Site","1","100.0000","88101","PM2.5 - Local Conditions","170","Met One BAM-1020 Mass Monitor w/VSCC","23420","Fresno, CA","06","California","019","Fresno","36.9851185574381","-119.658339349936"
"01/16/2025","AQS","060190500","1","4","ug/m3 LC","22","Table Mountain Air Monitoring Site","1","100.0000","88101","PM2.5 - Local Conditions","170","Met One BAM-1020 Mass Monitor w/VSCC","23420","Fresno, CA","06","California","019","Fresno","36.9851185574381","-119.658339349936"
"01/17/2025","AQS","060190500","1","6.5","ug/m3 LC","36","Table Mountain Air Monitoring Site","1","100.0000","88101","PM2.5 - Local Conditions","170","Met One BAM-1020 Mass Monitor w/VSCC","23420","Fresno, CA","06","California","019","Fresno","36.9851185574381","-119.658339349936"
"01/18/2025","AQS","060190500","1","9.8","ug/m3 LC","52","Table Mountain Air Monitoring Site","1","100.0000","88101","PM2.5 - Local Conditions","170","Met One BAM-1020 Mass Monitor w/VSCC","23420","Fresno, CA","06","California","019","Fresno","36.9851185574381","-119.658339349936"
"01/19/2025","AQS","060190500","1","10.6","ug/m3 LC","54","Table Mountain Air Monitoring Site","1","100.0000","88101","PM2.5 - Local Conditions","170","Met One BAM-1020 Mass Monitor w/VSCC","23420","Fresno, CA","06","California","019","Fresno","36.9851185574381","-119.658339349936"
"01/20/2025","AQS","060190500","1","12.7","ug/m3 LC","58","Table Mountain Air Monitoring Site","1","100.0000","88101","PM2.5 - Local Conditions","170","Met One BAM-1020 Mass Monitor w/VSCC","23420","Fresno, CA","06","California","019","Fresno","36.9851185574381","-119.658339349936"
"01/21/2025","AQS","060190500","1","9.2","ug/m3 LC","51","Table Mountain Air Monitoring Site","1","100.0000","88101","PM2.5 - Local Conditions","170","Met One BAM-1020 Mass Monitor w/VSCC","23420","Fresno, CA","06","California","019","Fresno","36.9851185574381","-119.658339349936"
"01/22/2025","AQS","060190500","1","10.7","ug/m3 LC","54","Table Mountain Air Monitoring Site","1","100.0000","88101","PM2.5 - Local Conditions","170","Met One BAM-1020 Mass Monitor w/VSCC","23420","Fresno, CA","06","California","019","Fresno","36.9851185574381","-119.658339349936"
"01/23/2025","AQS","060190500","1","9.1","ug/m3 LC","51","Table Mountain Air Monitoring Site","1","100.0000","88101","PM2.5 - Local Conditions","170","Met One BAM-1020 Mass Monitor w/VSCC","23420","Fresno, CA","06","California","019","Fresno","36.9851185574381","-119.658339349936"
"01/24/2025","AQS","060190500","1","5.9","ug/m3 LC","33","Table Mountain Air Monitoring Site","1","100.0000","88101","PM2.5 - Local Conditions","170","Met One BAM-1020 Mass Monitor w/VSCC","23420","Fresno, CA","06","California","019","Fresno","36.9851185574381","-119.658339349936"
"01/25/2025","AQS","060190500","1","7.3","ug/m3 LC","41","Table Mountain Air Monitoring Site","1","100.0000","88101","PM2.5 - Local Conditions","170","Met One BAM-1020 Mass Monitor w/VSCC","23420","Fresno, CA","06","California","019","Fresno","36.9851185574381","-119.658339349936"
"01/26/2025","AQS","060190500","1","3.7","ug/m3 LC","21","Table Mountain Air Monitoring Site","1","100.0000","88101","PM2.5 - Local Conditions","170","Met One BAM-1020 Mass Monitor w/VSCC","23420","Fresno, CA","06","California","019","Fresno","36.9851185574381","-119.658339349936"
"01/27/2025","AQS","060190500","1","5.2","ug/m3 LC","29","Table Mountain Air Monitoring Site","1","100.0000","88101","PM2.5 - Local Conditions","170","Met One BAM-1020 Mass Monitor w/VSCC","23420","Fresno, CA","06","California","019","Fresno","36.9851185574381","-119.658339349936"
"01/28/2025","AQS","060190500","1","6.1","ug/m3 LC","34","Table Mountain Air Monitoring Site","1","100.0000","88101","PM2.5 - Local Conditions","170","Met One BAM-1020 Mass Monitor w/VSCC","23420","Fresno, CA","06","California","019","Fresno","36.9851185574381","-119.658339349936"
"01/29/2025","AQS","060190500","1","6","ug/m3 LC","33","Table Mountain Air Monitoring Site","1","100.0000","88101","PM2.5 - Local Conditions","170","Met One BAM-1020 Mass Monitor w/VSCC","23420","Fresno, CA","06","California","019","Fresno","36.9851185574381","-119.658339349936"
"01/30/2025","AQS","060190500","1","7.5","ug/m3 LC","42","Table Mountain Air Monitoring Site","1","100.0000","88101","PM2.5 - Local Conditions","170","Met One BAM-1020 Mass Monitor w/VSCC","23420","Fresno, CA","06","California","019","Fresno","36.9851185574381","-119.658339349936"
"01/31/2025","AQS","060190500","1","12","ug/m3 LC","56","Table Mountain Air Monitoring Site","1","100.0000","88101","PM2.5 - Local Conditions","170","Met One BAM-1020 Mass Monitor w/VSCC","23420","Fresno, CA","06","California","019","Fresno","36.9851185574381","-119.658339349936"
"02/08/2025","AQS","060190500","1","1.8","ug/m3 LC","10","Table Mountain Air Monitoring Site","1","100.0000","88101","PM2.5 - Local Conditions","170","Met One BAM-1020 Mass Monitor w/VSCC","23420","Fresno, CA","06","California","019","Fresno","36.9851185574381","-119.658339349936"
"02/12/2025","AQS","060190500","1","4.6","ug/m3 LC","26","Table Mountain Air Monitoring Site","1","100.0000","88101","PM2.5 - Local Conditions","170","Met One BAM-1020 Mass Monitor w/VSCC","23420","Fresno, CA","06","California","019","Fresno","36.9851185574381","-119.658339349936"
"02/13/2025","AQS","060190500","1","3","ug/m3 LC","17","Table Mountain Air Monitoring Site","1","100.0000","88101","PM2.5 - Local Conditions","170","Met One BAM-1020 Mass Monitor w/VSCC","23420","Fresno, CA","06","California","019","Fresno","36.9851185574381","-119.658339349936"
"02/14/2025","AQS","060190500","1","1.4","ug/m3 LC","8","Table Mountain Air Monitoring Site","1","100.0000","88101","PM2.5 - Local Conditions","170","Met One BAM-1020 Mass Monitor w/VSCC","23420","Fresno, CA","06","California","019","Fresno","36.9851185574381","-119.658339349936"
"02/15/2025","AQS","060190500","1","3.2","ug/m3 LC","18","Table Mountain Air Monitoring Site","1","100.0000","88101","PM2.5 - Local Conditions","170","Met One BAM-1020 Mass Monitor w/VSCC","23420","Fresno, CA","06","California","019","Fresno","36.9851185574381","-119.658339349936"
"02/16/2025","AQS","060190500","1","4","ug/m3 LC","22","Table Mountain Air Monitoring Site","1","100.0000","88101","PM2.5 - Local Conditions","170","Met One BAM-1020 Mass Monitor w/VSCC","23420","Fresno, CA","06","California","019","Fresno","36.9851185574381","-119.658339349936"
"02/17/2025","AQS","060190500","1","2.6","ug/m3 LC","14","Table Mountain Air Monitoring Site","1","100.0000","88101","PM2.5 - Local Conditions","170","Met One BAM-1020 Mass Monitor w/VSCC","23420","Fresno, CA","06","California","019","Fresno","36.9851185574381","-119.658339349936"
"02/18/2025","AQS","060190500","1","4","ug/m3 LC","22","Table Mountain Air Monitoring Site","1","100.0000","88101","PM2.5 - Local Conditions","170","Met One BAM-1020 Mass Monitor w/VSCC","23420","Fresno, CA","06","California","019","Fresno","36.9851185574381","-119.658339349936"
"02/19/2025","AQS","060190500","1","5.8","ug/m3 LC","32","Table Mountain Air Monitoring Site","1","100.0000","88101","PM2.5 - Local Conditions","170","Met One BAM-1020 Mass Monitor w/VSCC","23420","Fresno, CA","06","California","019","Fresno","36.9851185574381","-119.658339349936"
"02/20/2025","AQS","060190500","1","6","ug/m3 LC","33","Table Mountain Air Monitoring Site","1","100.0000","88101","PM2.5 - Local Conditions","170","Met One BAM-1020 Mass Monitor w/VSCC","23420","Fresno, CA","06","California","019","Fresno","36.9851185574381","-119.658339349936"
"02/21/2025","AQS","060190500","1","3.4","ug/m3 LC","19","Table Mountain Air Monitoring Site","1","100.0000","88101","PM2.5 - Local Conditions","170","Met One BAM-1020 Mass Monitor w/VSCC","23420","Fresno, CA","06","California","019","Fresno","36.9851185574381","-119.658339349936"
"02/22/2025","AQS","060190500","1","4.6","ug/m3 LC","26","Table Mountain Air Monitoring Site","1","100.0000","88101","PM2.5 - Local Conditions","170","Met One BAM-1020 Mass Monitor w/VSCC","23420","Fresno, CA","06","California","019","Fresno","36.9851185574381","-119.658339349936"
"02/23/2025","AQS","060190500","1","4.2","ug/m3 LC","23","Table Mountain Air Monitoring Site","1","100.0000","88101","PM2.5 - Local Conditions","170","Met One BAM-1020 Mass Monitor w/VSCC","23420","Fresno, CA","06","California","019","Fresno","36.9851185574381","-119.658339349936"
"02/24/2025","AQS","060190500","1","4.7","ug/m3 LC","26","Table Mountain Air Monitoring Site","1","100.0000","88101","PM2.5 - Local Conditions","170","Met One BAM-1020 Mass Monitor w/VSCC","23420","Fresno, CA","06","California","019","Fresno","36.9851185574381","-119.658339349936"
"02/25/2025","AQS","060190500","1","7.3","ug/m3 LC","41","Table Mountain Air Monitoring Site","1","100.0000","88101","PM2.5 - Local Conditions","170","Met One BAM-1020 Mass Monitor w/VSCC","23420","Fresno, CA","06","California","019","Fresno","36.9851185574381","-119.658339349936"
"02/26/2025","AQS","060190500","1","7.7","ug/m3 LC","43","Table Mountain Air Monitoring Site","1","100.0000","88101","PM2.5 - Local Conditions","170","Met One BAM-1020 Mass Monitor w/VSCC","23420","Fresno, CA","06","California","019","Fresno","36.9851185574381","-119.658339349936"
"02/27/2025","AQS","060190500","1","5.5","ug/m3 LC","31","Table Mountain Air Monitoring Site","1","100.0000","88101","PM2.5 - Local Conditions","170","Met One BAM-1020 Mass Monitor w/VSCC","23420","Fresno, CA","06","California","019","Fresno","36.9851185574381","-119.658339349936"
"02/28/2025","AQS","060190500","1","2.7","ug/m3 LC","15","Table Mountain Air Monitoring Site","1","100.0000","88101","PM2.5 - Local Conditions","170","Met One BAM-1020 Mass Monitor w/VSCC","23420","Fresno, CA","06","California","019","Fresno","36.9851185574381","-119.658339349936"
"03/01/2025","AQS","060190500","1","3.8","ug/m3 LC","21","Table Mountain Air Monitoring Site","1","100.0000","88101","PM2.5 - Local Conditions","170","Met One BAM-1020 Mass Monitor w/VSCC","23420","Fresno, CA","06","California","019","Fresno","36.9851185574381","-119.658339349936"
"03/02/2025","AQS","060190500","1","1.1","ug/m3 LC","6","Table Mountain Air Monitoring Site","1","100.0000","88101","PM2.5 - Local Conditions","170","Met One BAM-1020 Mass Monitor w/VSCC","23420","Fresno, CA","06","California","019","Fresno","36.9851185574381","-119.658339349936"
"03/03/2025","AQS","060190500","1","2.2","ug/m3 LC","12","Table Mountain Air Monitoring Site","1","100.0000","88101","PM2.5 - Local Conditions","170","Met One BAM-1020 Mass Monitor w/VSCC","23420","Fresno, CA","06","California","019","Fresno","36.9851185574381","-119.658339349936"
"03/04/2025","AQS","060190500","1","3.5","ug/m3 LC","19","Table Mountain Air Monitoring Site","1","100.0000","88101","PM2.5 - Local Conditions","170","Met One BAM-1020 Mass Monitor w/VSCC","23420","Fresno, CA","06","California","019","Fresno","36.9851185574381","-119.658339349936"
"03/05/2025","AQS","060190500","1","0.9","ug/m3 LC","5","Table Mountain Air Monitoring Site","1","100.0000","88101","PM2.5 - Local Conditions","170","Met One BAM-1020 Mass Monitor w/VSCC","23420","Fresno, CA","06","California","019","Fresno","36.9851185574381","-119.658339349936"
"03/06/2025","AQS","060190500","1","1.7","ug/m3 LC","9","Table Mountain Air Monitoring Site","1","100.0000","88101","PM2.5 - Local Conditions","170","Met One BAM-1020 Mass Monitor w/VSCC","23420","Fresno, CA","06","California","019","Fresno","36.9851185574381","-119.658339349936"
"03/07/2025","AQS","060190500","1","2.4","ug/m3 LC","13","Table Mountain Air Monitoring Site","1","100.0000","88101","PM2.5 - Local Conditions","170","Met One BAM-1020 Mass Monitor w/VSCC","23420","Fresno, CA","06","California","019","Fresno","36.9851185574381","-119.658339349936"
"03/08/2025","AQS","060190500","1","2.5","ug/m3 LC","14","Table Mountain Air Monitoring Site","1","100.0000","88101","PM2.5 - Local Conditions","170","Met One BAM-1020 Mass Monitor w/VSCC","23420","Fresno, CA","06","California","019","Fresno","36.9851185574381","-119.658339349936"
"03/09/2025","AQS","060190500","1","2.4","ug/m3 LC","13","Table Mountain Air Monitoring Site","1","100.0000","88101","PM2.5 - Local Conditions","170","Met One BAM-1020 Mass Monitor w/VSCC","23420","Fresno, CA","06","California","019","Fresno","36.9851185574381","-119.658339349936"
"03/10/2025","AQS","060190500","1","2.1","ug/m3 LC","12","Table Mountain Air Monitoring Site","1","100.0000","88101","PM2.5 - Local Conditions","170","Met One BAM-1020 Mass Monitor w/VSCC","23420","Fresno, CA","06","California","019","Fresno","36.9851185574381","-119.658339349936"
"03/11/2025","AQS","060190500","1","4.7","ug/m3 LC","26","Table Mountain Air Monitoring Site","1","100.0000","88101","PM2.5 - Local Conditions","170","Met One BAM-1020 Mass Monitor w/VSCC","23420","Fresno, CA","06","California","019","Fresno","36.9851185574381","-119.658339349936"
"03/12/2025","AQS","060190500","1","2.5","ug/m3 LC","14","Table Mountain Air Monitoring Site","1","100.0000","88101","PM2.5 - Local Conditions","170","Met One BAM-1020 Mass Monitor w/VSCC","23420","Fresno, CA","06","California","019","Fresno","36.9851185574381","-119.658339349936"
"03/13/2025","AQS","060190500","1","1.1","ug/m3 LC","6","Table Mountain Air Monitoring Site","1","100.0000","88101","PM2.5 - Local Conditions","170","Met One BAM-1020 Mass Monitor w/VSCC","23420","Fresno, CA","06","California","019","Fresno","36.9851185574381","-119.658339349936"
"03/14/2025","AQS","060190500","1","0.8","ug/m3 LC","4","Table Mountain Air Monitoring Site","1","100.0000","88101","PM2.5 - Local Conditions","170","Met One BAM-1020 Mass Monitor w/VSCC","23420","Fresno, CA","06","California","019","Fresno","36.9851185574381","-119.658339349936"
"03/15/2025","AQS","060190500","1","2.3","ug/m3 LC","13","Table Mountain Air Monitoring Site","1","100.0000","88101","PM2.5 - Local Conditions","170","Met One BAM-1020 Mass Monitor w/VSCC","23420","Fresno, CA","06","California","019","Fresno","36.9851185574381","-119.658339349936"
"03/16/2025","AQS","060190500","1","4.4","ug/m3 LC","24","Table Mountain Air Monitoring Site","1","100.0000","88101","PM2.5 - Local Conditions","170","Met One BAM-1020 Mass Monitor w/VSCC","23420","Fresno, CA","06","California","019","Fresno","36.9851185574381","-119.658339349936"
"03/17/2025","AQS","060190500","1","2.7","ug/m3 LC","15","Table Mountain Air Monitoring Site","1","100.0000","88101","PM2.5 - Local Conditions","170","Met One BAM-1020 Mass Monitor w/VSCC","23420","Fresno, CA","06","California","019","Fresno","36.9851185574381","-119.658339349936"
"03/18/2025","AQS","060190500","1","0.7","ug/m3 LC","4","Table Mountain Air Monitoring Site","1","100.0000","88101","PM2.5 - Local Conditions","170","Met One BAM-1020 Mass Monitor w/VSCC","23420","Fresno, CA","06","California","019","Fresno","36.9851185574381","-119.658339349936"
"03/19/2025","AQS","060190500","1","1.7","ug/m3 LC","9","Table Mountain Air Monitoring Site","1","100.0000","88101","PM2.5 - Local Conditions","170","Met One BAM-1020 Mass Monitor w/VSCC","23420","Fresno, CA","06","California","019","Fresno","36.9851185574381","-119.658339349936"
"03/20/2025","AQS","060190500","1","2","ug/m3 LC","11","Table Mountain Air Monitoring Site","1","100.0000","88101","PM2.5 - Local Conditions","170","Met One BAM-1020 Mass Monitor w/VSCC","23420","Fresno, CA","06","California","019","Fresno","36.9851185574381","-119.658339349936"
"03/21/2025","AQS","060190500","1","2.2","ug/m3 LC","12","Table Mountain Air Monitoring Site","1","100.0000","88101","PM2.5 - Local Conditions","170","Met One BAM-1020 Mass Monitor w/VSCC","23420","Fresno, CA","06","California","019","Fresno","36.9851185574381","-119.658339349936"
"03/22/2025","AQS","060190500","1","1.5","ug/m3 LC","8","Table Mountain Air Monitoring Site","1","100.0000","88101","PM2.5 - Local Conditions","170","Met One BAM-1020 Mass Monitor w/VSCC","23420","Fresno, CA","06","California","019","Fresno","36.9851185574381","-119.658339349936"
"03/23/2025","AQS","060190500","1","3.5","ug/m3 LC","19","Table Mountain Air Monitoring Site","1","100.0000","88101","PM2.5 - Local Conditions","170","Met One BAM-1020 Mass Monitor w/VSCC","23420","Fresno, CA","06","California","019","Fresno","36.9851185574381","-119.658339349936"
"03/24/2025","AQS","060190500","1","4","ug/m3 LC","22","Table Mountain Air Monitoring Site","1","100.0000","88101","PM2.5 - Local Conditions","170","Met One BAM-1020 Mass Monitor w/VSCC","23420","Fresno, CA","06","California","019","Fresno","36.9851185574381","-119.658339349936"
"03/25/2025","AQS","060190500","1","2.8","ug/m3 LC","16","Table Mountain Air Monitoring Site","1","100.0000","88101","PM2.5 - Local Conditions","170","Met One BAM-1020 Mass Monitor w/VSCC","23420","Fresno, CA","06","California","019","Fresno","36.9851185574381","-119.658339349936"
"03/26/2025","AQS","060190500","1","4.7","ug/m3 LC","26","Table Mountain Air Monitoring Site","1","100.0000","88101","PM2.5 - Local Conditions","170","Met One BAM-1020 Mass Monitor w/VSCC","23420","Fresno, CA","06","California","019","Fresno","36.9851185574381","-119.658339349936"
"03/27/2025","AQS","060190500","1","4.2","ug/m3 LC","23","Table Mountain Air Monitoring Site","1","100.0000","88101","PM2.5 - Local Conditions","170","Met One BAM-1020 Mass Monitor w/VSCC","23420","Fresno, CA","06","California","019","Fresno","36.9851185574381","-119.658339349936"
"03/28/2025","AQS","060190500","1","2.9","ug/m3 LC","16","Table Mountain Air Monitoring Site","1","100.0000","88101","PM2.5 - Local Conditions","170","Met One BAM-1020 Mass Monitor w/VSCC","23420","Fresno, CA","06","California","019","Fresno","36.9851185574381","-119.658339349936"
"03/29/2025","AQS","060190500","1","2.3","ug/m3 LC","13","Table Mountain Air Monitoring Site","1","100.0000","88101","PM2.5 - Local Conditions","170","Met One BAM-1020 Mass Monitor w/VSCC","23420","Fresno, CA","06","California","019","Fresno","36.9851185574381","-119.658339349936"
"03/30/2025","AQS","060190500","1","3","ug/m3 LC","17","Table Mountain Air Monitoring Site","1","100.0000","88101","PM2.5 - Local Conditions","170","Met One BAM-1020 Mass Monitor w/VSCC","23420","Fresno, CA","06","California","019","Fresno","36.9851185574381","-119.658339349936"
"03/31/2025","AQS","060190500","1","3","ug/m3 LC","17","Table Mountain Air Monitoring Site","1","100.0000","88101","PM2.5 - Local Conditions","170","Met One BAM-1020 Mass Monitor w/VSCC","23420","Fresno, CA","06","California","019","Fresno","36.9851185574381","-119.658339349936"
"04/01/2025","AQS","060190500","1","2.2","ug/m3 LC","12","Table Mountain Air Monitoring Site","1","100.0000","88101","PM2.5 - Local Conditions","170","Met One BAM-1020 Mass Monitor w/VSCC","23420","Fresno, CA","06","California","019","Fresno","36.9851185574381","-119.658339349936"
"04/02/2025","AQS","060190500","1","0.2","ug/m3 LC","1","Table Mountain Air Monitoring Site","1","100.0000","88101","PM2.5 - Local Conditions","170","Met One BAM-1020 Mass Monitor w/VSCC","23420","Fresno, CA","06","California","019","Fresno","36.9851185574381","-119.658339349936"
"04/03/2025","AQS","060190500","1","2","ug/m3 LC","11","Table Mountain Air Monitoring Site","1","100.0000","88101","PM2.5 - Local Conditions","170","Met One BAM-1020 Mass Monitor w/VSCC","23420","Fresno, CA","06","California","019","Fresno","36.9851185574381","-119.658339349936"
"04/04/2025","AQS","060190500","1","1.7","ug/m3 LC","9","Table Mountain Air Monitoring Site","1","100.0000","88101","PM2.5 - Local Conditions","170","Met One BAM-1020 Mass Monitor w/VSCC","23420","Fresno, CA","06","California","019","Fresno","36.9851185574381","-119.658339349936"
"04/05/2025","AQS","060190500","1","4","ug/m3 LC","22","Table Mountain Air Monitoring Site","1","100.0000","88101","PM2.5 - Local Conditions","170","Met One BAM-1020 Mass Monitor w/VSCC","23420","Fresno, CA","06","California","019","Fresno","36.9851185574381","-119.658339349936"
"04/06/2025","AQS","060190500","1","3.6","ug/m3 LC","20","Table Mountain Air Monitoring Site","1","100.0000","88101","PM2.5 - Local Conditions","170","Met One BAM-1020 Mass Monitor w/VSCC","23420","Fresno, CA","06","California","019","Fresno","36.9851185574381","-119.658339349936"
"04/07/2025","AQS","060190500","1","2","ug/m3 LC","11","Table Mountain Air Monitoring Site","1","100.0000","88101","PM2.5 - Local Conditions","170","Met One BAM-1020 Mass Monitor w/VSCC","23420","Fresno, CA","06","California","019","Fresno","36.9851185574381","-119.658339349936"
"04/08/2025","AQS","060190500","1","0.6","ug/m3 LC","3","Table Mountain Air Monitoring Site","1","100.0000","88101","PM2.5 - Local Conditions","170","Met One BAM-1020 Mass Monitor w/VSCC","23420","Fresno, CA","06","California","019","Fresno","36.9851185574381","-119.658339349936"
"04/09/2025","AQS","060190500","1","5.7","ug/m3 LC","32","Table Mountain Air Monitoring Site","1","100.0000","88101","PM2.5 - Local Conditions","170","Met One BAM-1020 Mass Monitor w/VSCC","23420","Fresno, CA","06","California","019","Fresno","36.9851185574381","-119.658339349936"
"04/10/2025","AQS","060190500","1","7","ug/m3 LC","39","Table Mountain Air Monitoring Site","1","100.0000","88101","PM2.5 - Local Conditions","170","Met One BAM-1020 Mass Monitor w/VSCC","23420","Fresno, CA","06","California","019","Fresno","36.9851185574381","-119.658339349936"
"04/11/2025","AQS","060190500","1","6.8","ug/m3 LC","38","Table Mountain Air Monitoring Site","1","100.0000","88101","PM2.5 - Local Conditions","170","Met One BAM-1020 Mass Monitor w/VSCC","23420","Fresno, CA","06","California","019","Fresno","36.9851185574381","-119.658339349936"
"04/12/2025","AQS","060190500","1","4.5","ug/m3 LC","25","Table Mountain Air Monitoring Site","1","100.0000","88101","PM2.5 - Local Conditions","170","Met One BAM-1020 Mass Monitor w/VSCC","23420","Fresno, CA","06","California","019","Fresno","36.9851185574381","-119.658339349936"
"04/13/2025","AQS","060190500","1","6.2","ug/m3 LC","34","Table Mountain Air Monitoring Site","1","100.0000","88101","PM2.5 - Local Conditions","170","Met One BAM-1020 Mass Monitor w/VSCC","23420","Fresno, CA","06","California","019","Fresno","36.9851185574381","-119.658339349936"
"04/14/2025","AQS","060190500","1","7.2","ug/m3 LC","40","Table Mountain Air Monitoring Site","1","100.0000","88101","PM2.5 - Local Conditions","170","Met One BAM-1020 Mass Monitor w/VSCC","23420","Fresno, CA","06","California","019","Fresno","36.9851185574381","-119.658339349936"
"04/15/2025","AQS","060190500","1","9.2","ug/m3 LC","51","Table Mountain Air Monitoring Site","1","100.0000","88101","PM2.5 - Local Conditions","170","Met One BAM-1020 Mass Monitor w/VSCC","23420","Fresno, CA","06","California","019","Fresno","36.9851185574381","-119.658339349936"
"04/16/2025","AQS","060190500","1","8","ug/m3 LC","44","Table Mountain Air Monitoring Site","1","100.0000","88101","PM2.5 - Local Conditions","170","Met One BAM-1020 Mass Monitor w/VSCC","23420","Fresno, CA","06","California","019","Fresno","36.9851185574381","-119.658339349936"
"04/17/2025","AQS","060190500","1","6","ug/m3 LC","33","Table Mountain Air Monitoring Site","1","100.0000","88101","PM2.5 - Local Conditions","170","Met One BAM-1020 Mass Monitor w/VSCC","23420","Fresno, CA","06","California","019","Fresno","36.9851185574381","-119.658339349936"
"04/18/2025","AQS","060190500","1","6","ug/m3 LC","33","Table Mountain Air Monitoring Site","1","100.0000","88101","PM2.5 - Local Conditions","170","Met One BAM-1020 Mass Monitor w/VSCC","23420","Fresno, CA","06","California","019","Fresno","36.9851185574381","-119.658339349936"
"04/19/2025","AQS","060190500","1","7.5","ug/m3 LC","42","Table Mountain Air Monitoring Site","1","100.0000","88101","PM2.5 - Local Conditions","170","Met One BAM-1020 Mass Monitor w/VSCC","23420","Fresno, CA","06","California","019","Fresno","36.9851185574381","-119.658339349936"
"04/20/2025","AQS","060190500","1","7.7","ug/m3 LC","43","Table Mountain Air Monitoring Site","1","100.0000","88101","PM2.5 - Local Conditions","170","Met One BAM-1020 Mass Monitor w/VSCC","23420","Fresno, CA","06","California","019","Fresno","36.9851185574381","-119.658339349936"
"04/21/2025","AQS","060190500","1","5.5","ug/m3 LC","31","Table Mountain Air Monitoring Site","1","100.0000","88101","PM2.5 - Local Conditions","170","Met One BAM-1020 Mass Monitor w/VSCC","23420","Fresno, CA","06","California","019","Fresno","36.9851185574381","-119.658339349936"
"04/22/2025","AQS","060190500","1","5.1","ug/m3 LC","28","Table Mountain Air Monitoring Site","1","100.0000","88101","PM2.5 - Local Conditions","170","Met One BAM-1020 Mass Monitor w/VSCC","23420","Fresno, CA","06","California","019","Fresno","36.9851185574381","-119.658339349936"
"04/23/2025","AQS","060190500","1","5.7","ug/m3 LC","32","Table Mountain Air Monitoring Site","1","100.0000","88101","PM2.5 - Local Conditions","170","Met One BAM-1020 Mass Monitor w/VSCC","23420","Fresno, CA","06","California","019","Fresno","36.9851185574381","-119.658339349936"
"04/24/2025","AQS","060190500","1","6.5","ug/m3 LC","36","Table Mountain Air Monitoring Site","1","100.0000","88101","PM2.5 - Local Conditions","170","Met One BAM-1020 Mass Monitor w/VSCC","23420","Fresno, CA","06","California","019","Fresno","36.9851185574381","-119.658339349936"
"04/25/2025","AQS","060190500","1","2.7","ug/m3 LC","15","Table Mountain Air Monitoring Site","1","100.0000","88101","PM2.5 - Local Conditions","170","Met One BAM-1020 Mass Monitor w/VSCC","23420","Fresno, CA","06","California","019","Fresno","36.9851185574381","-119.658339349936"
"04/26/2025","AQS","060190500","1","0.6","ug/m3 LC","3","Table Mountain Air Monitoring Site","1","100.0000","88101","PM2.5 - Local Conditions","170","Met One BAM-1020 Mass Monitor w/VSCC","23420","Fresno, CA","06","California","019","Fresno","36.9851185574381","-119.658339349936"
"04/27/2025","AQS","060190500","1","0.8","ug/m3 LC","4","Table Mountain Air Monitoring Site","1","100.0000","88101","PM2.5 - Local Conditions","170","Met One BAM-1020 Mass Monitor w/VSCC","23420","Fresno, CA","06","California","019","Fresno","36.9851185574381","-119.658339349936"
"04/28/2025","AQS","060190500","1","2.2","ug/m3 LC","12","Table Mountain Air Monitoring Site","1","100.0000","88101","PM2.5 - Local Conditions","170","Met One BAM-1020 Mass Monitor w/VSCC","23420","Fresno, CA","06","California","019","Fresno","36.9851185574381","-119.658339349936"
"04/29/2025","AQS","060190500","1","4","ug/m3 LC","22","Table Mountain Air Monitoring Site","1","100.0000","88101","PM2.5 - Local Conditions","170","Met One BAM-1020 Mass Monitor w/VSCC","23420","Fresno, CA","06","California","019","Fresno","36.9851185574381","-119.658339349936"
"04/30/2025","AQS","060190500","1","5.7","ug/m3 LC","32","Table Mountain Air Monitoring Site","1","100.0000","88101","PM2.5 - Local Conditions","170","Met One BAM-1020 Mass Monitor w/VSCC","23420","Fresno, CA","06","California","019","Fresno","36.9851185574381","-119.658339349936"
"05/01/2025","AQS","060190500","1","6.4","ug/m3 LC","36","Table Mountain Air Monitoring Site","1","100.0000","88101","PM2.5 - Local Conditions","170","Met One BAM-1020 Mass Monitor w/VSCC","23420","Fresno, CA","06","California","019","Fresno","36.9851185574381","-119.658339349936"
"05/02/2025","AQS","060190500","1","7.4","ug/m3 LC","41","Table Mountain Air Monitoring Site","1","100.0000","88101","PM2.5 - Local Conditions","170","Met One BAM-1020 Mass Monitor w/VSCC","23420","Fresno, CA","06","California","019","Fresno","36.9851185574381","-119.658339349936"
"05/03/2025","AQS","060190500","1","2.9","ug/m3 LC","16","Table Mountain Air Monitoring Site","1","100.0000","88101","PM2.5 - Local Conditions","170","Met One BAM-1020 Mass Monitor w/VSCC","23420","Fresno, CA","06","California","019","Fresno","36.9851185574381","-119.658339349936"
"05/04/2025","AQS","060190500","1","6.3","ug/m3 LC","35","Table Mountain Air Monitoring Site","1","100.0000","88101","PM2.5 - Local Conditions","170","Met One BAM-1020 Mass Monitor w/VSCC","23420","Fresno, CA","06","California","019","Fresno","36.9851185574381","-119.658339349936"
"05/05/2025","AQS","060190500","1","8.6","ug/m3 LC","48","Table Mountain Air Monitoring Site","1","100.0000","88101","PM2.5 - Local Conditions","170","Met One BAM-1020 Mass Monitor w/VSCC","23420","Fresno, CA","06","California","019","Fresno","36.9851185574381","-119.658339349936"
"05/06/2025","AQS","060190500","1","6.8","ug/m3 LC","38","Table Mountain Air Monitoring Site","1","100.0000","88101","PM2.5 - Local Conditions","170","Met One BAM-1020 Mass Monitor w/VSCC","23420","Fresno, CA","06","California","019","Fresno","36.9851185574381","-119.658339349936"
"05/07/2025","AQS","060190500","1","8.7","ug/m3 LC","48","Table Mountain Air Monitoring Site","1","100.0000","88101","PM2.5 - Local Conditions","170","Met One BAM-1020 Mass Monitor w/VSCC","23420","Fresno, CA","06","California","019","Fresno","36.9851185574381","-119.658339349936"
"05/08/2025","AQS","060190500","1","7.7","ug/m3 LC","43","Table Mountain Air Monitoring Site","1","100.0000","88101","PM2.5 - Local Conditions","170","Met One BAM-1020 Mass Monitor w/VSCC","23420","Fresno, CA","06","California","019","Fresno","36.9851185574381","-119.658339349936"
"05/09/2025","AQS","060190500","1","8","ug/m3 LC","44","Table Mountain Air Monitoring Site","1","100.0000","88101","PM2.5 - Local Conditions","170","Met One BAM-1020 Mass Monitor w/VSCC","23420","Fresno, CA","06","California","019","Fresno","36.9851185574381","-119.658339349936"
"05/10/2025","AQS","060190500","1","6.4","ug/m3 LC","36","Table Mountain Air Monitoring Site","1","100.0000","88101","PM2.5 - Local Conditions","170","Met One BAM-1020 Mass Monitor w/VSCC","23420","Fresno, CA","06","California","019","Fresno","36.9851185574381","-119.658339349936"
"05/11/2025","AQS","060190500","1","3.1","ug/m3 LC","17","Table Mountain Air Monitoring Site","1","100.0000","88101","PM2.5 - Local Conditions","170","Met One BAM-1020 Mass Monitor w/VSCC","23420","Fresno, CA","06","California","019","Fresno","36.9851185574381","-119.658339349936"
"05/12/2025","AQS","060190500","1","2.3","ug/m3 LC","13","Table Mountain Air Monitoring Site","1","100.0000","88101","PM2.5 - Local Conditions","170","Met One BAM-1020 Mass Monitor w/VSCC","23420","Fresno, CA","06","California","019","Fresno","36.9851185574381","-119.658339349936"
"05/13/2025","AQS","060190500","1","1.7","ug/m3 LC","9","Table Mountain Air Monitoring Site","1","100.0000","88101","PM2.5 - Local Conditions","170","Met One BAM-1020 Mass Monitor w/VSCC","23420","Fresno, CA","06","California","019","Fresno","36.9851185574381","-119.658339349936"
"05/14/2025","AQS","060190500","1","3.1","ug/m3 LC","17","Table Mountain Air Monitoring Site","1","100.0000","88101","PM2.5 - Local Conditions","170","Met One BAM-1020 Mass Monitor w/VSCC","23420","Fresno, CA","06","California","019","Fresno","36.9851185574381","-119.658339349936"
"05/15/2025","AQS","060190500","1","3.4","ug/m3 LC","19","Table Mountain Air Monitoring Site","1","100.0000","88101","PM2.5 - Local Conditions","170","Met One BAM-1020 Mass Monitor w/VSCC","23420","Fresno, CA","06","California","019","Fresno","36.9851185574381","-119.658339349936"
"05/16/2025","AQS","060190500","1","5.3","ug/m3 LC","29","Table Mountain Air Monitoring Site","1","100.0000","88101","PM2.5 - Local Conditions","170","Met One BAM-1020 Mass Monitor w/VSCC","23420","Fresno, CA","06","California","019","Fresno","36.9851185574381","-119.658339349936"
"05/17/2025","AQS","060190500","1","4.5","ug/m3 LC","25","Table Mountain Air Monitoring Site","1","100.0000","88101","PM2.5 - Local Conditions","170","Met One BAM-1020 Mass Monitor w/VSCC","23420","Fresno, CA","06","California","019","Fresno","36.9851185574381","-119.658339349936"
"05/18/2025","AQS","060190500","1","3.1","ug/m3 LC","17","Table Mountain Air Monitoring Site","1","100.0000","88101","PM2.5 - Local Conditions","170","Met One BAM-1020 Mass Monitor w/VSCC","23420","Fresno, CA","06","California","019","Fresno","36.9851185574381","-119.658339349936"
"05/19/2025","AQS","060190500","1","5.5","ug/m3 LC","31","Table Mountain Air Monitoring Site","1","100.0000","88101","PM2.5 - Local Conditions","170","Met One BAM-1020 Mass Monitor w/VSCC","23420","Fresno, CA","06","California","019","Fresno","36.9851185574381","-119.658339349936"
"05/20/2025","AQS","060190500","1","4.8","ug/m3 LC","27","Table Mountain Air Monitoring Site","1","100.0000","88101","PM2.5 - Local Conditions","170","Met One BAM-1020 Mass Monitor w/VSCC","23420","Fresno, CA","06","California","019","Fresno","36.9851185574381","-119.658339349936"
"05/21/2025","AQS","060190500","1","4.5","ug/m3 LC","25","Table Mountain Air Monitoring Site","1","100.0000","88101","PM2.5 - Local Conditions","170","Met One BAM-1020 Mass Monitor w/VSCC","23420","Fresno, CA","06","California","019","Fresno","36.9851185574381","-119.658339349936"
"05/22/2025","AQS","060190500","1","5.3","ug/m3 LC","29","Table Mountain Air Monitoring Site","1","100.0000","88101","PM2.5 - Local Conditions","170","Met One BAM-1020 Mass Monitor w/VSCC","23420","Fresno, CA","06","California","019","Fresno","36.9851185574381","-119.658339349936"
"05/23/2025","AQS","060190500","1","2.8","ug/m3 LC","16","Table Mountain Air Monitoring Site","1","100.0000","88101","PM2.5 - Local Conditions","170","Met One BAM-1020 Mass Monitor w/VSCC","23420","Fresno, CA","06","California","019","Fresno","36.9851185574381","-119.658339349936"
"05/24/2025","AQS","060190500","1","3.7","ug/m3 LC","21","Table Mountain Air Monitoring Site","1","100.0000","88101","PM2.5 - Local Conditions","170","Met One BAM-1020 Mass Monitor w/VSCC","23420","Fresno, CA","06","California","019","Fresno","36.9851185574381","-119.658339349936"
"05/25/2025","AQS","060190500","1","4.5","ug/m3 LC","25","Table Mountain Air Monitoring Site","1","100.0000","88101","PM2.5 - Local Conditions","170","Met One BAM-1020 Mass Monitor w/VSCC","23420","Fresno, CA","06","California","019","Fresno","36.9851185574381","-119.658339349936"
"05/26/2025","AQS","060190500","1","3.4","ug/m3 LC","19","Table Mountain Air Monitoring Site","1","100.0000","88101","PM2.5 - Local Conditions","170","Met One BAM-1020 Mass Monitor w/VSCC","23420","Fresno, CA","06","California","019","Fresno","36.9851185574381","-119.658339349936"
"05/27/2025","AQS","060190500","1","5","ug/m3 LC","28","Table Mountain Air Monitoring Site","1","100.0000","88101","PM2.5 - Local Conditions","170","Met One BAM-1020 Mass Monitor w/VSCC","23420","Fresno, CA","06","California","019","Fresno","36.9851185574381","-119.658339349936"
"05/28/2025","AQS","060190500","1","7.6","ug/m3 LC","42","Table Mountain Air Monitoring Site","1","100.0000","88101","PM2.5 - Local Conditions","170","Met One BAM-1020 Mass Monitor w/VSCC","23420","Fresno, CA","06","California","019","Fresno","36.9851185574381","-119.658339349936"
"05/29/2025","AQS","060190500","1","7.3","ug/m3 LC","41","Table Mountain Air Monitoring Site","1","100.0000","88101","PM2.5 - Local Conditions","170","Met One BAM-1020 Mass Monitor w/VSCC","23420","Fresno, CA","06","California","019","Fresno","36.9851185574381","-119.658339349936"
"05/30/2025","AQS","060190500","1","9","ug/m3 LC","50","Table Mountain Air Monitoring Site","1","100.0000","88101","PM2.5 - Local Conditions","170","Met One BAM-1020 Mass Monitor w/VSCC","23420","Fresno, CA","06","California","019","Fresno","36.9851185574381","-119.658339349936"
"05/31/2025","AQS","060190500","1","11.4","ug/m3 LC","55","Table Mountain Air Monitoring Site","1","100.0000","88101","PM2.5 - Local Conditions","170","Met One BAM-1020 Mass Monitor w/VSCC","23420","Fresno, CA","06","California","019","Fresno","36.9851185574381","-119.658339349936"
"06/01/2025","AQS","060190500","1","7","ug/m3 LC","39","Table Mountain Air Monitoring Site","1","100.0000","88101","PM2.5 - Local Conditions","170","Met One BAM-1020 Mass Monitor w/VSCC","23420","Fresno, CA","06","California","019","Fresno","36.9851185574381","-119.658339349936"
"06/02/2025","AQS","060190500","1","7.5","ug/m3 LC","42","Table Mountain Air Monitoring Site","1","100.0000","88101","PM2.5 - Local Conditions","170","Met One BAM-1020 Mass Monitor w/VSCC","23420","Fresno, CA","06","California","019","Fresno","36.9851185574381","-119.658339349936"
"06/03/2025","AQS","060190500","1","7.7","ug/m3 LC","43","Table Mountain Air Monitoring Site","1","100.0000","88101","PM2.5 - Local Conditions","170","Met One BAM-1020 Mass Monitor w/VSCC","23420","Fresno, CA","06","California","019","Fresno","36.9851185574381","-119.658339349936"
"06/04/2025","AQS","060190500","1","9","ug/m3 LC","50","Table Mountain Air Monitoring Site","1","100.0000","88101","PM2.5 - Local Conditions","170","Met One BAM-1020 Mass Monitor w/VSCC","23420","Fresno, CA","06","California","019","Fresno","36.9851185574381","-119.658339349936"
"06/05/2025","AQS","060190500","1","9.3","ug/m3 LC","51","Table Mountain Air Monitoring Site","1","100.0000","88101","PM2.5 - Local Conditions","170","Met One BAM-1020 Mass Monitor w/VSCC","23420","Fresno, CA","06","California","019","Fresno","36.9851185574381","-119.658339349936"
"06/06/2025","AQS","060190500","1","7.7","ug/m3 LC","43","Table Mountain Air Monitoring Site","1","100.0000","88101","PM2.5 - Local Conditions","170","Met One BAM-1020 Mass Monitor w/VSCC","23420","Fresno, CA","06","California","019","Fresno","36.9851185574381","-119.658339349936"
"06/07/2025","AQS","060190500","1","8.3","ug/m3 LC","46","Table Mountain Air Monitoring Site","1","100.0000","88101","PM2.5 - Local Conditions","170","Met One BAM-1020 Mass Monitor w/VSCC","23420","Fresno, CA","06","California","019","Fresno","36.9851185574381","-119.658339349936"
"06/08/2025","AQS","060190500","1","6.5","ug/m3 LC","36","Table Mountain Air Monitoring Site","1","100.0000","88101","PM2.5 - Local Conditions","170","Met One BAM-1020 Mass Monitor w/VSCC","23420","Fresno, CA","06","California","019","Fresno","36.9851185574381","-119.658339349936"
"06/09/2025","AQS","060190500","1","7","ug/m3 LC","39","Table Mountain Air Monitoring Site","1","100.0000","88101","PM2.5 - Local Conditions","170","Met One BAM-1020 Mass Monitor w/VSCC","23420","Fresno, CA","06","California","019","Fresno","36.9851185574381","-119.658339349936"
"06/10/2025","AQS","060190500","1","7.6","ug/m3 LC","42","Table Mountain Air Monitoring Site","1","100.0000","88101","PM2.5 - Local Conditions","170","Met One BAM-1020 Mass Monitor w/VSCC","23420","Fresno, CA","06","California","019","Fresno","36.9851185574381","-119.658339349936"
"06/11/2025","AQS","060190500","1","6","ug/m3 LC","33","Table Mountain Air Monitoring Site","1","100.0000","88101","PM2.5 - Local Conditions","170","Met One BAM-1020 Mass Monitor w/VSCC","23420","Fresno, CA","06","California","019","Fresno","36.9851185574381","-119.658339349936"
"06/12/2025","AQS","060190500","1","6.5","ug/m3 LC","36","Table Mountain Air Monitoring Site","1","100.0000","88101","PM2.5 - Local Conditions","170","Met One BAM-1020 Mass Monitor w/VSCC","23420","Fresno, CA","06","California","019","Fresno","36.9851185574381","-119.658339349936"
"06/13/2025","AQS","060190500","1","4.6","ug/m3 LC","26","Table Mountain Air Monitoring Site","1","100.0000","88101","PM2.5 - Local Conditions","170","Met One BAM-1020 Mass Monitor w/VSCC","23420","Fresno, CA","06","California","019","Fresno","36.9851185574381","-119.658339349936"
"06/14/2025","AQS","060190500","1","1.9","ug/m3 LC","11","Table Mountain Air Monitoring Site","1","100.0000","88101","PM2.5 - Local Conditions","170","Met One BAM-1020 Mass Monitor w/VSCC","23420","Fresno, CA","06","California","019","Fresno","36.9851185574381","-119.658339349936"
"06/15/2025","AQS","060190500","1","4","ug/m3 LC","22","Table Mountain Air Monitoring Site","1","100.0000","88101","PM2.5 - Local Conditions","170","Met One BAM-1020 Mass Monitor w/VSCC","23420","Fresno, CA","06","California","019","Fresno","36.9851185574381","-119.658339349936"
"06/16/2025","AQS","060190500","1","3.9","ug/m3 LC","22","Table Mountain Air Monitoring Site","1","100.0000","88101","PM2.5 - Local Conditions","170","Met One BAM-1020 Mass Monitor w/VSCC","23420","Fresno, CA","06","California","019","Fresno","36.9851185574381","-119.658339349936"
"06/17/2025","AQS","060190500","1","5","ug/m3 LC","28","Table Mountain Air Monitoring Site","1","100.0000","88101","PM2.5 - Local Conditions","170","Met One BAM-1020 Mass Monitor w/VSCC","23420","Fresno, CA","06","California","019","Fresno","36.9851185574381","-119.658339349936"
"06/18/2025","AQS","060190500","1","6.9","ug/m3 LC","38","Table Mountain Air Monitoring Site","1","100.0000","88101","PM2.5 - Local Conditions","170","Met One BAM-1020 Mass Monitor w/VSCC","23420","Fresno, CA","06","California","019","Fresno","36.9851185574381","-119.658339349936"
"06/19/2025","AQS","060190500","1","7.3","ug/m3 LC","41","Table Mountain Air Monitoring Site","1","100.0000","88101","PM2.5 - Local Conditions","170","Met One BAM-1020 Mass Monitor w/VSCC","23420","Fresno, CA","06","California","019","Fresno","36.9851185574381","-119.658339349936"
"06/20/2025","AQS","060190500","1","6.1","ug/m3 LC","34","Table Mountain Air Monitoring Site","1","100.0000","88101","PM2.5 - Local Conditions","170","Met One BAM-1020 Mass Monitor w/VSCC","23420","Fresno, CA","06","California","019","Fresno","36.9851185574381","-119.658339349936"
"06/21/2025","AQS","060190500","1","3.2","ug/m3 LC","18","Table Mountain Air Monitoring Site","1","100.0000","88101","PM2.5 - Local Conditions","170","Met One BAM-1020 Mass Monitor w/VSCC","23420","Fresno, CA","06","California","019","Fresno","36.9851185574381","-119.658339349936"
"06/22/2025","AQS","060190500","1","2.4","ug/m3 LC","13","Table Mountain Air Monitoring Site","1","100.0000","88101","PM2.5 - Local Conditions","170","Met One BAM-1020 Mass Monitor w/VSCC","23420","Fresno, CA","06","California","019","Fresno","36.9851185574381","-119.658339349936"
"06/23/2025","AQS","060190500","1","2.9","ug/m3 LC","16","Table Mountain Air Monitoring Site","1","100.0000","88101","PM2.5 - Local Conditions","170","Met One BAM-1020 Mass Monitor w/VSCC","23420","Fresno, CA","06","California","019","Fresno","36.9851185574381","-119.658339349936"
"06/24/2025","AQS","060190500","1","4.3","ug/m3 LC","24","Table Mountain Air Monitoring Site","1","100.0000","88101","PM2.5 - Local Conditions","170","Met One BAM-1020 Mass Monitor w/VSCC","23420","Fresno, CA","06","California","019","Fresno","36.9851185574381","-119.658339349936"
"06/25/2025","AQS","060190500","1","4.8","ug/m3 LC","27","Table Mountain Air Monitoring Site","1","100.0000","88101","PM2.5 - Local Conditions","170","Met One BAM-1020 Mass Monitor w/VSCC","23420","Fresno, CA","06","California","019","Fresno","36.9851185574381","-119.658339349936"
"06/26/2025","AQS","060190500","1","6","ug/m3 LC","33","Table Mountain Air Monitoring Site","1","100.0000","88101","PM2.5 - Local Conditions","170","Met One BAM-1020 Mass Monitor w/VSCC","23420","Fresno, CA","06","California","019","Fresno","36.9851185574381","-119.658339349936"
"06/27/2025","AQS","060190500","1","7.5","ug/m3 LC","42","Table Mountain Air Monitoring Site","1","100.0000","88101","PM2.5 - Local Conditions","170","Met One BAM-1020 Mass Monitor w/VSCC","23420","Fresno, CA","06","California","019","Fresno","36.9851185574381","-119.658339349936"
"06/28/2025","AQS","060190500","1","7.3","ug/m3 LC","41","Table Mountain Air Monitoring Site","1","100.0000","88101","PM2.5 - Local Conditions","170","Met One BAM-1020 Mass Monitor w/VSCC","23420","Fresno, CA","06","California","019","Fresno","36.9851185574381","-119.658339349936"
"06/29/2025","AQS","060190500","1","7","ug/m3 LC","39","Table Mountain Air Monitoring Site","1","100.0000","88101","PM2.5 - Local Conditions","170","Met One BAM-1020 Mass Monitor w/VSCC","23420","Fresno, CA","06","California","019","Fresno","36.9851185574381","-119.658339349936"
"06/30/2025","AQS","060190500","1","4.8","ug/m3 LC","27","Table Mountain Air Monitoring Site","1","100.0000","88101","PM2.5 - Local Conditions","170","Met One BAM-1020 Mass Monitor w/VSCC","23420","Fresno, CA","06","California","019","Fresno","36.9851185574381","-119.658339349936"
"07/01/2025","AQS","060190500","1","8","ug/m3 LC","44","Table Mountain Air Monitoring Site","1","100.0000","88101","PM2.5 - Local Conditions","170","Met One BAM-1020 Mass Monitor w/VSCC","23420","Fresno, CA","06","California","019","Fresno","36.9851185574381","-119.658339349936"
"07/02/2025","AQS","060190500","1","8.1","ug/m3 LC","45","Table Mountain Air Monitoring Site","1","100.0000","88101","PM2.5 - Local Conditions","170","Met One BAM-1020 Mass Monitor w/VSCC","23420","Fresno, CA","06","California","019","Fresno","36.9851185574381","-119.658339349936"
"07/03/2025","AQS","060190500","1","8","ug/m3 LC","44","Table Mountain Air Monitoring Site","1","100.0000","88101","PM2.5 - Local Conditions","170","Met One BAM-1020 Mass Monitor w/VSCC","23420","Fresno, CA","06","California","019","Fresno","36.9851185574381","-119.658339349936"
"07/04/2025","AQS","060190500","1","4","ug/m3 LC","22","Table Mountain Air Monitoring Site","1","100.0000","88101","PM2.5 - Local Conditions","170","Met One BAM-1020 Mass Monitor w/VSCC","23420","Fresno, CA","06","California","019","Fresno","36.9851185574381","-119.658339349936"
"07/05/2025","AQS","060190500","1","5.1","ug/m3 LC","28","Table Mountain Air Monitoring Site","1","100.0000","88101","PM2.5 - Local Conditions","170","Met One BAM-1020 Mass Monitor w/VSCC","23420","Fresno, CA","06","California","019","Fresno","36.9851185574381","-119.658339349936"
"07/06/2025","AQS","060190500","1","5.5","ug/m3 LC","31","Table Mountain Air Monitoring Site","1","100.0000","88101","PM2.5 - Local Conditions","170","Met One BAM-1020 Mass Monitor w/VSCC","23420","Fresno, CA","06","California","019","Fresno","36.9851185574381","-119.658339349936"
"07/07/2025","AQS","060190500","1","7.9","ug/m3 LC","44","Table Mountain Air Monitoring Site","1","100.0000","88101","PM2.5 - Local Conditions","170","Met One BAM-1020 Mass Monitor w/VSCC","23420","Fresno, CA","06","California","019","Fresno","36.9851185574381","-119.658339349936"
"07/08/2025","AQS","060190500","1","7.7","ug/m3 LC","43","Table Mountain Air Monitoring Site","1","100.0000","88101","PM2.5 - Local Conditions","170","Met One BAM-1020 Mass Monitor w/VSCC","23420","Fresno, CA","06","California","019","Fresno","36.9851185574381","-119.658339349936"
"07/09/2025","AQS","060190500","1","6.9","ug/m3 LC","38","Table Mountain Air Monitoring Site","1","100.0000","88101","PM2.5 - Local Conditions","170","Met One BAM-1020 Mass Monitor w/VSCC","23420","Fresno, CA","06","California","019","Fresno","36.9851185574381","-119.658339349936"
"07/10/2025","AQS","060190500","1","6.2","ug/m3 LC","34","Table Mountain Air Monitoring Site","1","100.0000","88101","PM2.5 - Local Conditions","170","Met One BAM-1020 Mass Monitor w/VSCC","23420","Fresno, CA","06","California","019","Fresno","36.9851185574381","-119.658339349936"
"07/11/2025","AQS","060190500","1","7.9","ug/m3 LC","44","Table Mountain Air Monitoring Site","1","100.0000","88101","PM2.5 - Local Conditions","170","Met One BAM-1020 Mass Monitor w/VSCC","23420","Fresno, CA","06","California","019","Fresno","36.9851185574381","-119.658339349936"
"07/12/2025","AQS","060190500","1","11.2","ug/m3 LC","55","Table Mountain Air Monitoring Site","1","100.0000","88101","PM2.5 - Local Conditions","170","Met One BAM-1020 Mass Monitor w/VSCC","23420","Fresno, CA","06","California","019","Fresno","36.9851185574381","-119.658339349936"
"07/13/2025","AQS","060190500","1","14.1","ug/m3 LC","60","Table Mountain Air Monitoring Site","1","100.0000","88101","PM2.5 - Local Conditions","170","Met One BAM-1020 Mass Monitor w/VSCC","23420","Fresno, CA","06","California","019","Fresno","36.9851185574381","-119.658339349936"
"07/14/2025","AQS","060190500","1","11.7","ug/m3 LC","56","Table Mountain Air Monitoring Site","1","100.0000","88101","PM2.5 - Local Conditions","170","Met One BAM-1020 Mass Monitor w/VSCC","23420","Fresno, CA","06","California","019","Fresno","36.9851185574381","-119.658339349936"
"07/15/2025","AQS","060190500","1","11.1","ug/m3 LC","55","Table Mountain Air Monitoring Site","1","100.0000","88101","PM2.5 - Local Conditions","170","Met One BAM-1020 Mass Monitor w/VSCC","23420","Fresno, CA","06","California","019","Fresno","36.9851185574381","-119.658339349936"
"07/16/2025","AQS","060190500","1","9","ug/m3 LC","50","Table Mountain Air Monitoring Site","1","100.0000","88101","PM2.5 - Local Conditions","170","Met One BAM-1020 Mass Monitor w/VSCC","23420","Fresno, CA","06","California","019","Fresno","36.9851185574381","-119.658339349936"
"07/17/2025","AQS","060190500","1","7.2","ug/m3 LC","40","Table Mountain Air Monitoring Site","1","100.0000","88101","PM2.5 - Local Conditions","170","Met One BAM-1020 Mass Monitor w/VSCC","23420","Fresno, CA","06","California","019","Fresno","36.9851185574381","-119.658339349936"
"07/18/2025","AQS","060190500","1","10","ug/m3 LC","53","Table Mountain Air Monitoring Site","1","100.0000","88101","PM2.5 - Local Conditions","170","Met One BAM-1020 Mass Monitor w/VSCC","23420","Fresno, CA","06","California","019","Fresno","36.9851185574381","-119.658339349936"
"07/19/2025","AQS","060190500","1","7.4","ug/m3 LC","41","Table Mountain Air Monitoring Site","1","100.0000","88101","PM2.5 - Local Conditions","170","Met One BAM-1020 Mass Monitor w/VSCC","23420","Fresno, CA","06","California","019","Fresno","36.9851185574381","-119.658339349936"
"07/20/2025","AQS","060190500","1","5.2","ug/m3 LC","29","Table Mountain Air Monitoring Site","1","100.0000","88101","PM2.5 - Local Conditions","170","Met One BAM-1020 Mass Monitor w/VSCC","23420","Fresno, CA","06","California","019","Fresno","36.9851185574381","-119.658339349936"
"07/21/2025","AQS","060190500","1","4.5","ug/m3 LC","25","Table Mountain Air Monitoring Site","1","100.0000","88101","PM2.5 - Local Conditions","170","Met One BAM-1020 Mass Monitor w/VSCC","23420","Fresno, CA","06","California","019","Fresno","36.9851185574381","-119.658339349936"
"07/22/2025","AQS","060190500","1","3.4","ug/m3 LC","19","Table Mountain Air Monitoring Site","1","100.0000","88101","PM2.5 - Local Conditions","170","Met One BAM-1020 Mass Monitor w/VSCC","23420","Fresno, CA","06","California","019","Fresno","36.9851185574381","-119.658339349936"
"07/23/2025","AQS","060190500","1","7.8","ug/m3 LC","43","Table Mountain Air Monitoring Site","1","100.0000","88101","PM2.5 - Local Conditions","170","Met One BAM-1020 Mass Monitor w/VSCC","23420","Fresno, CA","06","California","019","Fresno","36.9851185574381","-119.658339349936"
"07/24/2025","AQS","060190500","1","4.5","ug/m3 LC","25","Table Mountain Air Monitoring Site","1","100.0000","88101","PM2.5 - Local Conditions","170","Met One BAM-1020 Mass Monitor w/VSCC","23420","Fresno, CA","06","California","019","Fresno","36.9851185574381","-119.658339349936"
"07/25/2025","AQS","060190500","1","4.2","ug/m3 LC","23","Table Mountain Air Monitoring Site","1","100.0000","88101","PM2.5 - Local Conditions","170","Met One BAM-1020 Mass Monitor w/VSCC","23420","Fresno, CA","06","California","019","Fresno","36.9851185574381","-119.658339349936"
"07/26/2025","AQS","060190500","1","4.3","ug/m3 LC","24","Table Mountain Air Monitoring Site","1","100.0000","88101","PM2.5 - Local Conditions","170","Met One BAM-1020 Mass Monitor w/VSCC","23420","Fresno, CA","06","California","019","Fresno","36.9851185574381","-119.658339349936"
"07/27/2025","AQS","060190500","1","3.6","ug/m3 LC","20","Table Mountain Air Monitoring Site","1","100.0000","88101","PM2.5 - Local Conditions","170","Met One BAM-1020 Mass Monitor w/VSCC","23420","Fresno, CA","06","California","019","Fresno","36.9851185574381","-119.658339349936"
"07/28/2025","AQS","060190500","1","4.6","ug/m3 LC","26","Table Mountain Air Monitoring Site","1","100.0000","88101","PM2.5 - Local Conditions","170","Met One BAM-1020 Mass Monitor w/VSCC","23420","Fresno, CA","06","California","019","Fresno","36.9851185574381","-119.658339349936"
"07/29/2025","AQS","060190500","1","6.6","ug/m3 LC","37","Table Mountain Air Monitoring Site","1","100.0000","88101","PM2.5 - Local Conditions","170","Met One BAM-1020 Mass Monitor w/VSCC","23420","Fresno, CA","06","California","019","Fresno","36.9851185574381","-119.658339349936"
"07/30/2025","AQS","060190500","1","5.2","ug/m3 LC","29","Table Mountain Air Monitoring Site","1","100.0000","88101","PM2.5 - Local Conditions","170","Met One BAM-1020 Mass Monitor w/VSCC","23420","Fresno, CA","06","California","019","Fresno","36.9851185574381","-119.658339349936"
"07/31/2025","AQS","060190500","1","6","ug/m3 LC","33","Table Mountain Air Monitoring Site","1","100.0000","88101","PM2.5 - Local Conditions","170","Met One BAM-1020 Mass Monitor w/VSCC","23420","Fresno, CA","06","California","019","Fresno","36.9851185574381","-119.658339349936"
"08/01/2025","AQS","060190500","1","6","ug/m3 LC","33","Table Mountain Air Monitoring Site","1","100.0000","88101","PM2.5 - Local Conditions","170","Met One BAM-1020 Mass Monitor w/VSCC","23420","Fresno, CA","06","California","019","Fresno","36.9851185574381","-119.658339349936"
"08/02/2025","AQS","060190500","1","6.2","ug/m3 LC","34","Table Mountain Air Monitoring Site","1","100.0000","88101","PM2.5 - Local Conditions","170","Met One BAM-1020 Mass Monitor w/VSCC","23420","Fresno, CA","06","California","019","Fresno","36.9851185574381","-119.658339349936"
"08/03/2025","AQS","060190500","1","5.3","ug/m3 LC","29","Table Mountain Air Monitoring Site","1","100.0000","88101","PM2.5 - Local Conditions","170","Met One BAM-1020 Mass Monitor w/VSCC","23420","Fresno, CA","06","California","019","Fresno","36.9851185574381","-119.658339349936"
"08/20/2025","AQS","060190500","1","6.4","ug/m3 LC","36","Table Mountain Air Monitoring Site","1","100.0000","88101","PM2.5 - Local Conditions","170","Met One BAM-1020 Mass Monitor w/VSCC","23420","Fresno, CA","06","California","019","Fresno","36.9851185574381","-119.658339349936"
"08/21/2025","AQS","060190500","1","9.5","ug/m3 LC","52","Table Mountain Air Monitoring Site","1","100.0000","88101","PM2.5 - Local Conditions","170","Met One BAM-1020 Mass Monitor w/VSCC","23420","Fresno, CA","06","California","019","Fresno","36.9851185574381","-119.658339349936"
"08/22/2025","AQS","060190500","1","9","ug/m3 LC","50","Table Mountain Air Monitoring Site","1","100.0000","88101","PM2.5 - Local Conditions","170","Met One BAM-1020 Mass Monitor w/VSCC","23420","Fresno, CA","06","California","019","Fresno","36.9851185574381","-119.658339349936"
"08/23/2025","AQS","060190500","1","14.3","ug/m3 LC","61","Table Mountain Air Monitoring Site","1","100.0000","88101","PM2.5 - Local Conditions","170","Met One BAM-1020 Mass Monitor w/VSCC","23420","Fresno, CA","06","California","019","Fresno","36.9851185574381","-119.658339349936"
"08/24/2025","AQS","060190500","1","12.2","ug/m3 LC","57","Table Mountain Air Monitoring Site","1","100.0000","88101","PM2.5 - Local Conditions","170","Met One BAM-1020 Mass Monitor w/VSCC","23420","Fresno, CA","06","California","019","Fresno","36.9851185574381","-119.658339349936"
"08/25/2025","AQS","060190500","1","16.9","ug/m3 LC","66","Table Mountain Air Monitoring Site","1","100.0000","88101","PM2.5 - Local Conditions","170","Met One BAM-1020 Mass Monitor w/VSCC","23420","Fresno, CA","06","California","019","Fresno","36.9851185574381","-119.658339349936"
"08/26/2025","AQS","060190500","1","19","ug/m3 LC","69","Table Mountain Air Monitoring Site","1","100.0000","88101","PM2.5 - Local Conditions","170","Met One BAM-1020 Mass Monitor w/VSCC","23420","Fresno, CA","06","California","019","Fresno","36.9851185574381","-119.658339349936"
"08/27/2025","AQS","060190500","1","10.5","ug/m3 LC","54","Table Mountain Air Monitoring Site","1","100.0000","88101","PM2.5 - Local Conditions","170","Met One BAM-1020 Mass Monitor w/VSCC","23420","Fresno, CA","06","California","019","Fresno","36.9851185574381","-119.658339349936"
"08/28/2025","AQS","060190500","1","13.7","ug/m3 LC","60","Table Mountain Air Monitoring Site","1","100.0000","88101","PM2.5 - Local Conditions","170","Met One BAM-1020 Mass Monitor w/VSCC","23420","Fresno, CA","06","California","019","Fresno","36.9851185574381","-119.658339349936"
"08/29/2025","AQS","060190500","1","9.8","ug/m3 LC","52","Table Mountain Air Monitoring Site","1","100.0000","88101","PM2.5 - Local Conditions","170","Met One BAM-1020 Mass Monitor w/VSCC","23420","Fresno, CA","06","California","019","Fresno","36.9851185574381","-119.658339349936"
"08/30/2025","AQS","060190500","1","8.8","ug/m3 LC","49","Table Mountain Air Monitoring Site","1","100.0000","88101","PM2.5 - Local Conditions","170","Met One BAM-1020 Mass Monitor w/VSCC","23420","Fresno, CA","06","California","019","Fresno","36.9851185574381","-119.658339349936"
"08/31/2025","AQS","060190500","1","14.2","ug/m3 LC","61","Table Mountain Air Monitoring Site","1","100.0000","88101","PM2.5 - Local Conditions","170","Met One BAM-1020 Mass Monitor w/VSCC","23420","Fresno, CA","06","California","019","Fresno","36.9851185574381","-119.658339349936"
"09/01/2025","AQS","060190500","1","18.3","ug/m3 LC","68","Table Mountain Air Monitoring Site","1","100.0000","88101","PM2.5 - Local Conditions","170","Met One BAM-1020 Mass Monitor w/VSCC","23420","Fresno, CA","06","California","019","Fresno","36.9851185574381","-119.658339349936"
"09/02/2025","AQS","060190500","1","29.3","ug/m3 LC","89","Table Mountain Air Monitoring Site","1","100.0000","88101","PM2.5 - Local Conditions","170","Met One BAM-1020 Mass Monitor w/VSCC","23420","Fresno, CA","06","California","019","Fresno","36.9851185574381","-119.658339349936"
"09/03/2025","AQS","060190500","1","20.2","ug/m3 LC","72","Table Mountain Air Monitoring Site","1","100.0000","88101","PM2.5 - Local Conditions","170","Met One BAM-1020 Mass Monitor w/VSCC","23420","Fresno, CA","06","California","019","Fresno","36.9851185574381","-119.658339349936"
"09/04/2025","AQS","060190500","1","14.1","ug/m3 LC","60","Table Mountain Air Monitoring Site","1","100.0000","88101","PM2.5 - Local Conditions","170","Met One BAM-1020 Mass Monitor w/VSCC","23420","Fresno, CA","06","California","019","Fresno","36.9851185574381","-119.658339349936"
"09/05/2025","AQS","060190500","1","8.8","ug/m3 LC","49","Table Mountain Air Monitoring Site","1","100.0000","88101","PM2.5 - Local Conditions","170","Met One BAM-1020 Mass Monitor w/VSCC","23420","Fresno, CA","06","California","019","Fresno","36.9851185574381","-119.658339349936"
"09/06/2025","AQS","060190500","1","10.4","ug/m3 LC","53","Table Mountain Air Monitoring Site","1","100.0000","88101","PM2.5 - Local Conditions","170","Met One BAM-1020 Mass Monitor w/VSCC","23420","Fresno, CA","06","California","019","Fresno","36.9851185574381","-119.658339349936"
"09/07/2025","AQS","060190500","1","6.8","ug/m3 LC","38","Table Mountain Air Monitoring Site","1","100.0000","88101","PM2.5 - Local Conditions","170","Met One BAM-1020 Mass Monitor w/VSCC","23420","Fresno, CA","06","California","019","Fresno","36.9851185574381","-119.658339349936"
"09/08/2025","AQS","060190500","1","10","ug/m3 LC","53","Table Mountain Air Monitoring Site","1","100.0000","88101","PM2.5 - Local Conditions","170","Met One BAM-1020 Mass Monitor w/VSCC","23420","Fresno, CA","06","California","019","Fresno","36.9851185574381","-119.658339349936"
"09/09/2025","AQS","060190500","1","3","ug/m3 LC","17","Table Mountain Air Monitoring Site","1","100.0000","88101","PM2.5 - Local Conditions","170","Met One BAM-1020 Mass Monitor w/VSCC","23420","Fresno, CA","06","California","019","Fresno","36.9851185574381","-119.658339349936"
"09/10/2025","AQS","060190500","1","3.6","ug/m3 LC","20","Table Mountain Air Monitoring Site","1","100.0000","88101","PM2.5 - Local Conditions","170","Met One BAM-1020 Mass Monitor w/VSCC","23420","Fresno, CA","06","California","019","Fresno","36.9851185574381","-119.658339349936"
"09/11/2025","AQS","060190500","1","4.7","ug/m3 LC","26","Table Mountain Air Monitoring Site","1","100.0000","88101","PM2.5 - Local Conditions","170","Met One BAM-1020 Mass Monitor w/VSCC","23420","Fresno, CA","06","California","019","Fresno","36.9851185574381","-119.658339349936"
"09/12/2025","AQS","060190500","1","6","ug/m3 LC","33","Table Mountain Air Monitoring Site","1","100.0000","88101","PM2.5 - Local Conditions","170","Met One BAM-1020 Mass Monitor w/VSCC","23420","Fresno, CA","06","California","019","Fresno","36.9851185574381","-119.658339349936"
"09/13/2025","AQS","060190500","1","8.8","ug/m3 LC","49","Table Mountain Air Monitoring Site","1","100.0000","88101","PM2.5 - Local Conditions","170","Met One BAM-1020 Mass Monitor w/VSCC","23420","Fresno, CA","06","California","019","Fresno","36.9851185574381","-119.658339349936"
"09/14/2025","AQS","060190500","1","7.2","ug/m3 LC","40","Table Mountain Air Monitoring Site","1","100.0000","88101","PM2.5 - Local Conditions","170","Met One BAM-1020 Mass Monitor w/VSCC","23420","Fresno, CA","06","California","019","Fresno","36.9851185574381","-119.658339349936"
"09/15/2025","AQS","060190500","1","11.3","ug/m3 LC","55","Table Mountain Air Monitoring Site","1","100.0000","88101","PM2.5 - Local Conditions","170","Met One BAM-1020 Mass Monitor w/VSCC","23420","Fresno, CA","06","California","019","Fresno","36.9851185574381","-119.658339349936"
"09/16/2025","AQS","060190500","1","22.1","ug/m3 LC","75","Table Mountain Air Monitoring Site","1","100.0000","88101","PM2.5 - Local Conditions","170","Met One BAM-1020 Mass Monitor w/VSCC","23420","Fresno, CA","06","California","019","Fresno","36.9851185574381","-119.658339349936"
"09/17/2025","AQS","060190500","1","17","ug/m3 LC","66","Table Mountain Air Monitoring Site","1","100.0000","88101","PM2.5 - Local Conditions","170","Met One BAM-1020 Mass Monitor w/VSCC","23420","Fresno, CA","06","California","019","Fresno","36.9851185574381","-119.658339349936"
"09/18/2025","AQS","060190500","1","9.2","ug/m3 LC","51","Table Mountain Air Monitoring Site","1","100.0000","88101","PM2.5 - Local Conditions","170","Met One BAM-1020 Mass Monitor w/VSCC","23420","Fresno, CA","06","California","019","Fresno","36.9851185574381","-119.658339349936"
"09/19/2025","AQS","060190500","1","7.6","ug/m3 LC","42","Table Mountain Air Monitoring Site","1","100.0000","88101","PM2.5 - Local Conditions","170","Met One BAM-1020 Mass Monitor w/VSCC","23420","Fresno, CA","06","California","019","Fresno","36.9851185574381","-119.658339349936"
"09/20/2025","AQS","060190500","1","7.2","ug/m3 LC","40","Table Mountain Air Monitoring Site","1","100.0000","88101","PM2.5 - Local Conditions","170","Met One BAM-1020 Mass Monitor w/VSCC","23420","Fresno, CA","06","California","019","Fresno","36.9851185574381","-119.658339349936"
"09/21/2025","AQS","060190500","1","7.6","ug/m3 LC","42","Table Mountain Air Monitoring Site","1","100.0000","88101","PM2.5 - Local Conditions","170","Met One BAM-1020 Mass Monitor w/VSCC","23420","Fresno, CA","06","California","019","Fresno","36.9851185574381","-119.658339349936"
"09/22/2025","AQS","060190500","1","8.6","ug/m3 LC","48","Table Mountain Air Monitoring Site","1","100.0000","88101","PM2.5 - Local Conditions","170","Met One BAM-1020 Mass Monitor w/VSCC","23420","Fresno, CA","06","California","019","Fresno","36.9851185574381","-119.658339349936"
"09/23/2025","AQS","060190500","1","9.2","ug/m3 LC","51","Table Mountain Air Monitoring Site","1","100.0000","88101","PM2.5 - Local Conditions","170","Met One BAM-1020 Mass Monitor w/VSCC","23420","Fresno, CA","06","California","019","Fresno","36.9851185574381","-119.658339349936"
"09/24/2025","AQS","060190500","1","7.8","ug/m3 LC","43","Table Mountain Air Monitoring Site","1","100.0000","88101","PM2.5 - Local Conditions","170","Met One BAM-1020 Mass Monitor w/VSCC","23420","Fresno, CA","06","California","019","Fresno","36.9851185574381","-119.658339349936"
"09/25/2025","AQS","060190500","1","6.2","ug/m3 LC","34","Table Mountain Air Monitoring Site","1","100.0000","88101","PM2.5 - Local Conditions","170","Met One BAM-1020 Mass Monitor w/VSCC","23420","Fresno, CA","06","California","019","Fresno","36.9851185574381","-119.658339349936"
"09/26/2025","AQS","060190500","1","6.2","ug/m3 LC","34","Table Mountain Air Monitoring Site","1","100.0000","88101","PM2.5 - Local Conditions","170","Met One BAM-1020 Mass Monitor w/VSCC","23420","Fresno, CA","06","California","019","Fresno","36.9851185574381","-119.658339349936"
"09/27/2025","AQS","060190500","1","8","ug/m3 LC","44","Table Mountain Air Monitoring Site","1","100.0000","88101","PM2.5 - Local Conditions","170","Met One BAM-1020 Mass Monitor w/VSCC","23420","Fresno, CA","06","California","019","Fresno","36.9851185574381","-119.658339349936"
"09/28/2025","AQS","060190500","1","8.5","ug/m3 LC","47","Table Mountain Air Monitoring Site","1","100.0000","88101","PM2.5 - Local Conditions","170","Met One BAM-1020 Mass Monitor w/VSCC","23420","Fresno, CA","06","California","019","Fresno","36.9851185574381","-119.658339349936"
"09/29/2025","AQS","060190500","1","7.7","ug/m3 LC","43","Table Mountain Air Monitoring Site","1","100.0000","88101","PM2.5 - Local Conditions","170","Met One BAM-1020 Mass Monitor w/VSCC","23420","Fresno, CA","06","California","019","Fresno","36.9851185574381","-119.658339349936"
"09/30/2025","AQS","060190500","1","5.2","ug/m3 LC","29","Table Mountain Air Monitoring Site","1","100.0000","88101","PM2.5 - Local Conditions","170","Met One BAM-1020 Mass Monitor w/VSCC","23420","Fresno, CA","06","California","019","Fresno","36.9851185574381","-119.658339349936"
"10/01/2025","AQS","060190500","1","4.7","ug/m3 LC","26","Table Mountain Air Monitoring Site","1","100.0000","88101","PM2.5 - Local Conditions","170","Met One BAM-1020 Mass Monitor w/VSCC","23420","Fresno, CA","06","California","019","Fresno","36.9851185574381","-119.658339349936"
"10/02/2025","AQS","060190500","1","2.8","ug/m3 LC","16","Table Mountain Air Monitoring Site","1","100.0000","88101","PM2.5 - Local Conditions","170","Met One BAM-1020 Mass Monitor w/VSCC","23420","Fresno, CA","06","California","019","Fresno","36.9851185574381","-119.658339349936"
"10/03/2025","AQS","060190500","1","1.4","ug/m3 LC","8","Table Mountain Air Monitoring Site","1","100.0000","88101","PM2.5 - Local Conditions","170","Met One BAM-1020 Mass Monitor w/VSCC","23420","Fresno, CA","06","California","019","Fresno","36.9851185574381","-119.658339349936"
"10/04/2025","AQS","060190500","1","2.2","ug/m3 LC","12","Table Mountain Air Monitoring Site","1","100.0000","88101","PM2.5 - Local Conditions","170","Met One BAM-1020 Mass Monitor w/VSCC","23420","Fresno, CA","06","California","019","Fresno","36.9851185574381","-119.658339349936"
"10/05/2025","AQS","060190500","1","2.1","ug/m3 LC","12","Table Mountain Air Monitoring Site","1","100.0000","88101","PM2.5 - Local Conditions","170","Met One BAM-1020 Mass Monitor w/VSCC","23420","Fresno, CA","06","California","019","Fresno","36.9851185574381","-119.658339349936"
"10/06/2025","AQS","060190500","1","3","ug/m3 LC","17","Table Mountain Air Monitoring Site","1","100.0000","88101","PM2.5 - Local Conditions","170","Met One BAM-1020 Mass Monitor w/VSCC","23420","Fresno, CA","06","California","019","Fresno","36.9851185574381","-119.658339349936"
"10/07/2025","AQS","060190500","1","6.3","ug/m3 LC","35","Table Mountain Air Monitoring Site","1","100.0000","88101","PM2.5 - Local Conditions","170","Met One BAM-1020 Mass Monitor w/VSCC","23420","Fresno, CA","06","California","019","Fresno","36.9851185574381","-119.658339349936"
"10/08/2025","AQS","060190500","1","5.8","ug/m3 LC","32","Table Mountain Air Monitoring Site","1","100.0000","88101","PM2.5 - Local Conditions","170","Met One BAM-1020 Mass Monitor w/VSCC","23420","Fresno, CA","06","California","019","Fresno","36.9851185574381","-119.658339349936"
"10/09/2025","AQS","060190500","1","5.3","ug/m3 LC","29","Table Mountain Air Monitoring Site","1","100.0000","88101","PM2.5 - Local Conditions","170","Met One BAM-1020 Mass Monitor w/VSCC","23420","Fresno, CA","06","California","019","Fresno","36.9851185574381","-119.658339349936"
"10/10/2025","AQS","060190500","1","3.8","ug/m3 LC","21","Table Mountain Air Monitoring Site","1","100.0000","88101","PM2.5 - Local Conditions","170","Met One BAM-1020 Mass Monitor w/VSCC","23420","Fresno, CA","06","California","019","Fresno","36.9851185574381","-119.658339349936"
"10/11/2025","AQS","060190500","1","2","ug/m3 LC","11","Table Mountain Air Monitoring Site","1","100.0000","88101","PM2.5 - Local Conditions","170","Met One BAM-1020 Mass Monitor w/VSCC","23420","Fresno, CA","06","California","019","Fresno","36.9851185574381","-119.658339349936"
"10/12/2025","AQS","060190500","1","1.2","ug/m3 LC","7","Table Mountain Air Monitoring Site","1","100.0000","88101","PM2.5 - Local Conditions","170","Met One BAM-1020 Mass Monitor w/VSCC","23420","Fresno, CA","06","California","019","Fresno","36.9851185574381","-119.658339349936"
"10/13/2025","AQS","060190500","1","2.6","ug/m3 LC","14","Table Mountain Air Monitoring Site","1","100.0000","88101","PM2.5 - Local Conditions","170","Met One BAM-1020 Mass Monitor w/VSCC","23420","Fresno, CA","06","California","019","Fresno","36.9851185574381","-119.658339349936"
"10/14/2025","AQS","060190500","1","0","ug/m3 LC","0","Table Mountain Air Monitoring Site","1","100.0000","88101","PM2.5 - Local Conditions","170","Met One BAM-1020 Mass Monitor w/VSCC","23420","Fresno, CA","06","California","019","Fresno","36.9851185574381","-119.658339349936"
"10/15/2025","AQS","060190500","1","0.7","ug/m3 LC","4","Table Mountain Air Monitoring Site","1","100.0000","88101","PM2.5 - Local Conditions","170","Met One BAM-1020 Mass Monitor w/VSCC","23420","Fresno, CA","06","California","019","Fresno","36.9851185574381","-119.658339349936"
"10/16/2025","AQS","060190500","1","2.9","ug/m3 LC","16","Table Mountain Air Monitoring Site","1","100.0000","88101","PM2.5 - Local Conditions","170","Met One BAM-1020 Mass Monitor w/VSCC","23420","Fresno, CA","06","California","019","Fresno","36.9851185574381","-119.658339349936"
"10/17/2025","AQS","060190500","1","4.1","ug/m3 LC","23","Table Mountain Air Monitoring Site","1","100.0000","88101","PM2.5 - Local Conditions","170","Met One BAM-1020 Mass Monitor w/VSCC","23420","Fresno, CA","06","California","019","Fresno","36.9851185574381","-119.658339349936"
"10/18/2025","AQS","060190500","1","4.5","ug/m3 LC","25","Table Mountain Air Monitoring Site","1","100.0000","88101","PM2.5 - Local Conditions","170","Met One BAM-1020 Mass Monitor w/VSCC","23420","Fresno, CA","06","California","019","Fresno","36.9851185574381","-119.658339349936"
"10/19/2025","AQS","060190500","1","4.3","ug/m3 LC","24","Table Mountain Air Monitoring Site","1","100.0000","88101","PM2.5 - Local Conditions","170","Met One BAM-1020 Mass Monitor w/VSCC","23420","Fresno, CA","06","California","019","Fresno","36.9851185574381","-119.658339349936"
"10/20/2025","AQS","060190500","1","7.5","ug/m3 LC","42","Table Mountain Air Monitoring Site","1","100.0000","88101","PM2.5 - Local Conditions","170","Met One BAM-1020 Mass Monitor w/VSCC","23420","Fresno, CA","06","California","019","Fresno","36.9851185574381","-119.658339349936"
"10/21/2025","AQS","060190500","1","5.9","ug/m3 LC","33","Table Mountain Air Monitoring Site","1","100.0000","88101","PM2.5 - Local Conditions","170","Met One BAM-1020 Mass Monitor w/VSCC","23420","Fresno, CA","06","California","019","Fresno","36.9851185574381","-119.658339349936"
"10/22/2025","AQS","060190500","1","6.7","ug/m3 LC","37","Table Mountain Air Monitoring Site","1","100.0000","88101","PM2.5 - Local Conditions","170","Met One BAM-1020 Mass Monitor w/VSCC","23420","Fresno, CA","06","California","019","Fresno","36.9851185574381","-119.658339349936"
"10/23/2025","AQS","060190500","1","7.1","ug/m3 LC","39","Table Mountain Air Monitoring Site","1","100.0000","88101","PM2.5 - Local Conditions","170","Met One BAM-1020 Mass Monitor w/VSCC","23420","Fresno, CA","06","California","019","Fresno","36.9851185574381","-119.658339349936"
"10/24/2025","AQS","060190500","1","7.5","ug/m3 LC","42","Table Mountain Air Monitoring Site","1","100.0000","88101","PM2.5 - Local Conditions","170","Met One BAM-1020 Mass Monitor w/VSCC","23420","Fresno, CA","06","California","019","Fresno","36.9851185574381","-119.658339349936"
"10/25/2025","AQS","060190500","1","7.4","ug/m3 LC","41","Table Mountain Air Monitoring Site","1","100.0000","88101","PM2.5 - Local Conditions","170","Met One BAM-1020 Mass Monitor w/VSCC","23420","Fresno, CA","06","California","019","Fresno","36.9851185574381","-119.658339349936"
"10/26/2025","AQS","060190500","1","7.7","ug/m3 LC","43","Table Mountain Air Monitoring Site","1","100.0000","88101","PM2.5 - Local Conditions","170","Met One BAM-1020 Mass Monitor w/VSCC","23420","Fresno, CA","06","California","019","Fresno","36.9851185574381","-119.658339349936"
"10/27/2025","AQS","060190500","1","1.4","ug/m3 LC","8","Table Mountain Air Monitoring Site","1","100.0000","88101","PM2.5 - Local Conditions","170","Met One BAM-1020 Mass Monitor w/VSCC","23420","Fresno, CA","06","California","019","Fresno","36.9851185574381","-119.658339349936"
"10/28/2025","AQS","060190500","1","3.5","ug/m3 LC","19","Table Mountain Air Monitoring Site","1","100.0000","88101","PM2.5 - Local Conditions","170","Met One BAM-1020 Mass Monitor w/VSCC","23420","Fresno, CA","06","California","019","Fresno","36.9851185574381","-119.658339349936"
"10/29/2025","AQS","060190500","1","4.6","ug/m3 LC","26","Table Mountain Air Monitoring Site","1","100.0000","88101","PM2.5 - Local Conditions","170","Met One BAM-1020 Mass Monitor w/VSCC","23420","Fresno, CA","06","California","019","Fresno","36.9851185574381","-119.658339349936"
"10/30/2025","AQS","060190500","1","5.2","ug/m3 LC","29","Table Mountain Air Monitoring Site","1","100.0000","88101","PM2.5 - Local Conditions","170","Met One BAM-1020 Mass Monitor w/VSCC","23420","Fresno, CA","06","California","019","Fresno","36.9851185574381","-119.658339349936"
"10/31/2025","AQS","060190500","1","8.1","ug/m3 LC","45","Table Mountain Air Monitoring Site","1","100.0000","88101","PM2.5 - Local Conditions","170","Met One BAM-1020 Mass Monitor w/VSCC","23420","Fresno, CA","06","California","019","Fresno","36.9851185574381","-119.658339349936"
"11/01/2025","AQS","060190500","1","10.3","ug/m3 LC","53","Table Mountain Air Monitoring Site","1","100.0000","88101","PM2.5 - Local Conditions","170","Met One BAM-1020 Mass Monitor w/VSCC","23420","Fresno, CA","06","California","019","Fresno","36.9851185574381","-119.658339349936"
"11/02/2025","AQS","060190500","1","11.3","ug/m3 LC","55","Table Mountain Air Monitoring Site","1","100.0000","88101","PM2.5 - Local Conditions","170","Met One BAM-1020 Mass Monitor w/VSCC","23420","Fresno, CA","06","California","019","Fresno","36.9851185574381","-119.658339349936"
"11/03/2025","AQS","060190500","1","9.5","ug/m3 LC","52","Table Mountain Air Monitoring Site","1","100.0000","88101","PM2.5 - Local Conditions","170","Met One BAM-1020 Mass Monitor w/VSCC","23420","Fresno, CA","06","California","019","Fresno","36.9851185574381","-119.658339349936"
"11/04/2025","AQS","060190500","1","10.4","ug/m3 LC","53","Table Mountain Air Monitoring Site","1","100.0000","88101","PM2.5 - Local Conditions","170","Met One BAM-1020 Mass Monitor w/VSCC","23420","Fresno, CA","06","California","019","Fresno","36.9851185574381","-119.658339349936"
"11/05/2025","AQS","060190500","1","4.3","ug/m3 LC","24","Table Mountain Air Monitoring Site","1","100.0000","88101","PM2.5 - Local Conditions","170","Met One BAM-1020 Mass Monitor w/VSCC","23420","Fresno, CA","06","California","019","Fresno","36.9851185574381","-119.658339349936"
"11/06/2025","AQS","060190500","1","0.6","ug/m3 LC","3","Table Mountain Air Monitoring Site","1","100.0000","88101","PM2.5 - Local Conditions","170","Met One BAM-1020 Mass Monitor w/VSCC","23420","Fresno, CA","06","California","019","Fresno","36.9851185574381","-119.658339349936"
"11/07/2025","AQS","060190500","1","2","ug/m3 LC","11","Table Mountain Air Monitoring Site","1","100.0000","88101","PM2.5 - Local Conditions","170","Met One BAM-1020 Mass Monitor w/VSCC","23420","Fresno, CA","06","California","019","Fresno","36.9851185574381","-119.658339349936"
"11/08/2025","AQS","060190500","1","3.4","ug/m3 LC","19","Table Mountain Air Monitoring Site","1","100.0000","88101","PM2.5 - Local Conditions","170","Met One BAM-1020 Mass Monitor w/VSCC","23420","Fresno, CA","06","California","019","Fresno","36.9851185574381","-119.658339349936"
"11/09/2025","AQS","060190500","1","2.7","ug/m3 LC","15","Table Mountain Air Monitoring Site","1","100.0000","88101","PM2.5 - Local Conditions","170","Met One BAM-1020 Mass Monitor w/VSCC","23420","Fresno, CA","06","California","019","Fresno","36.9851185574381","-119.658339349936"
"11/10/2025","AQS","060190500","1","3.1","ug/m3 LC","17","Table Mountain Air Monitoring Site","1","100.0000","88101","PM2.5 - Local Conditions","170","Met One BAM-1020 Mass Monitor w/VSCC","23420","Fresno, CA","06","California","019","Fresno","36.9851185574381","-119.658339349936"
"11/11/2025","AQS","060190500","1","3.6","ug/m3 LC","20","Table Mountain Air Monitoring Site","1","100.0000","88101","PM2.5 - Local Conditions","170","Met One BAM-1020 Mass Monitor w/VSCC","23420","Fresno, CA","06","California","019","Fresno","36.9851185574381","-119.658339349936"
"11/12/2025","AQS","060190500","1","5.7","ug/m3 LC","32","Table Mountain Air Monitoring Site","1","100.0000","88101","PM2.5 - Local Conditions","170","Met One BAM-1020 Mass Monitor w/VSCC","23420","Fresno, CA","06","California","019","Fresno","36.9851185574381","-119.658339349936"
"11/13/2025","AQS","060190500","1","5.8","ug/m3 LC","32","Table Mountain Air Monitoring Site","1","100.0000","88101","PM2.5 - Local Conditions","170","Met One BAM-1020 Mass Monitor w/VSCC","23420","Fresno, CA","06","California","019","Fresno","36.9851185574381","-119.658339349936"
"11/14/2025","AQS","060190500","1","-0.3","ug/m3 LC","0","Table Mountain Air Monitoring Site","1","100.0000","88101","PM2.5 - Local Conditions","170","Met One BAM-1020 Mass Monitor w/VSCC","23420","Fresno, CA","06","California","019","Fresno","36.9851185574381","-119.658339349936"
"11/15/2025","AQS","060190500","1","0.5","ug/m3 LC","3","Table Mountain Air Monitoring Site","1","100.0000","88101","PM2.5 - Local Conditions","170","Met One BAM-1020 Mass Monitor w/VSCC","23420","Fresno, CA","06","California","019","Fresno","36.9851185574381","-119.658339349936"
"11/16/2025","AQS","060190500","1","-0.8","ug/m3 LC","0","Table Mountain Air Monitoring Site","1","100.0000","88101","PM2.5 - Local Conditions","170","Met One BAM-1020 Mass Monitor w/VSCC","23420","Fresno, CA","06","California","019","Fresno","36.9851185574381","-119.658339349936"
"11/17/2025","AQS","060190500","1","-0.1","ug/m3 LC","0","Table Mountain Air Monitoring Site","1","100.0000","88101","PM2.5 - Local Conditions","170","Met One BAM-1020 Mass Monitor w/VSCC","23420","Fresno, CA","06","California","019","Fresno","36.9851185574381","-119.658339349936"
"11/18/2025","AQS","060190500","1","0.9","ug/m3 LC","5","Table Mountain Air Monitoring Site","1","100.0000","88101","PM2.5 - Local Conditions","170","Met One BAM-1020 Mass Monitor w/VSCC","23420","Fresno, CA","06","California","019","Fresno","36.9851185574381","-119.658339349936"
"11/19/2025","AQS","060190500","1","2.2","ug/m3 LC","12","Table Mountain Air Monitoring Site","1","100.0000","88101","PM2.5 - Local Conditions","170","Met One BAM-1020 Mass Monitor w/VSCC","23420","Fresno, CA","06","California","019","Fresno","36.9851185574381","-119.658339349936"
"11/20/2025","AQS","060190500","1","5","ug/m3 LC","28","Table Mountain Air Monitoring Site","1","100.0000","88101","PM2.5 - Local Conditions","170","Met One BAM-1020 Mass Monitor w/VSCC","23420","Fresno, CA","06","California","019","Fresno","36.9851185574381","-119.658339349936"
"11/21/2025","AQS","060190500","1","4","ug/m3 LC","22","Table Mountain Air Monitoring Site","1","100.0000","88101","PM2.5 - Local Conditions","170","Met One BAM-1020 Mass Monitor w/VSCC","23420","Fresno, CA","06","California","019","Fresno","36.9851185574381","-119.658339349936"
"11/22/2025","AQS","060190500","1","3.4","ug/m3 LC","19","Table Mountain Air Monitoring Site","1","100.0000","88101","PM2.5 - Local Conditions","170","Met One BAM-1020 Mass Monitor w/VSCC","23420","Fresno, CA","06","California","019","Fresno","36.9851185574381","-119.658339349936"
"11/23/2025","AQS","060190500","1","5.8","ug/m3 LC","32","Table Mountain Air Monitoring Site","1","100.0000","88101","PM2.5 - Local Conditions","170","Met One BAM-1020 Mass Monitor w/VSCC","23420","Fresno, CA","06","California","019","Fresno","36.9851185574381","-119.658339349936"
"11/24/2025","AQS","060190500","1","5.9","ug/m3 LC","33","Table Mountain Air Monitoring Site","1","100.0000","88101","PM2.5 - Local Conditions","170","Met One BAM-1020 Mass Monitor w/VSCC","23420","Fresno, CA","06","California","019","Fresno","36.9851185574381","-119.658339349936"
"11/25/2025","AQS","060190500","1","6.4","ug/m3 LC","36","Table Mountain Air Monitoring Site","1","100.0000","88101","PM2.5 - Local Conditions","170","Met One BAM-1020 Mass Monitor w/VSCC","23420","Fresno, CA","06","California","019","Fresno","36.9851185574381","-119.658339349936"
"11/26/2025","AQS","060190500","1","7","ug/m3 LC","39","Table Mountain Air Monitoring Site","1","100.0000","88101","PM2.5 - Local Conditions","170","Met One BAM-1020 Mass Monitor w/VSCC","23420","Fresno, CA","06","California","019","Fresno","36.9851185574381","-119.658339349936"
"11/27/2025","AQS","060190500","1","8.9","ug/m3 LC","49","Table Mountain Air Monitoring Site","1","100.0000","88101","PM2.5 - Local Conditions","170","Met One BAM-1020 Mass Monitor w/VSCC","23420","Fresno, CA","06","California","019","Fresno","36.9851185574381","-119.658339349936"
"11/28/2025","AQS","060190500","1","10.7","ug/m3 LC","54","Table Mountain Air Monitoring Site","1","100.0000","88101","PM2.5 - Local Conditions","170","Met One BAM-1020 Mass Monitor w/VSCC","23420","Fresno, CA","06","California","019","Fresno","36.9851185574381","-119.658339349936"
"11/29/2025","AQS","060190500","1","15.5","ug/m3 LC","63","Table Mountain Air Monitoring Site","1","100.0000","88101","PM2.5 - Local Conditions","170","Met One BAM-1020 Mass Monitor w/VSCC","23420","Fresno, CA","06","California","019","Fresno","36.9851185574381","-119.658339349936"
"11/30/2025","AQS","060190500","1","10.7","ug/m3 LC","54","Table Mountain Air Monitoring Site","1","100.0000","88101","PM2.5 - Local Conditions","170","Met One BAM-1020 Mass Monitor w/VSCC","23420","Fresno, CA","06","California","019","Fresno","36.9851185574381","-119.658339349936"
"12/01/2025","AQS","060190500","1","12","ug/m3 LC","56","Table Mountain Air Monitoring Site","1","100.0000","88101","PM2.5 - Local Conditions","170","Met One BAM-1020 Mass Monitor w/VSCC","23420","Fresno, CA","06","California","019","Fresno","36.9851185574381","-119.658339349936"
"12/02/2025","AQS","060190500","1","9.4","ug/m3 LC","52","Table Mountain Air Monitoring Site","1","100.0000","88101","PM2.5 - Local Conditions","170","Met One BAM-1020 Mass Monitor w/VSCC","23420","Fresno, CA","06","California","019","Fresno","36.9851185574381","-119.658339349936"
"12/03/2025","AQS","060190500","1","4.5","ug/m3 LC","25","Table Mountain Air Monitoring Site","1","100.0000","88101","PM2.5 - Local Conditions","170","Met One BAM-1020 Mass Monitor w/VSCC","23420","Fresno, CA","06","California","019","Fresno","36.9851185574381","-119.658339349936"
"12/04/2025","AQS","060190500","1","5.5","ug/m3 LC","31","Table Mountain Air Monitoring Site","1","100.0000","88101","PM2.5 - Local Conditions","170","Met One BAM-1020 Mass Monitor w/VSCC","23420","Fresno, CA","06","California","019","Fresno","36.9851185574381","-119.658339349936"
"12/05/2025","AQS","060190500","1","9.9","ug/m3 LC","52","Table Mountain Air Monitoring Site","1","100.0000","88101","PM2.5 - Local Conditions","170","Met One BAM-1020 Mass Monitor w/VSCC","23420","Fresno, CA","06","California","019","Fresno","36.9851185574381","-119.658339349936"
"12/06/2025","AQS","060190500","1","12","ug/m3 LC","56","Table Mountain Air Monitoring Site","1","100.0000","88101","PM2.5 - Local Conditions","170","Met One BAM-1020 Mass Monitor w/VSCC","23420","Fresno, CA","06","California","019","Fresno","36.9851185574381","-119.658339349936"
"12/07/2025","AQS","060190500","1","9.8","ug/m3 LC","52","Table Mountain Air Monitoring Site","1","100.0000","88101","PM2.5 - Local Conditions","170","Met One BAM-1020 Mass Monitor w/VSCC","23420","Fresno, CA","06","California","019","Fresno","36.9851185574381","-119.658339349936"
"12/08/2025","AQS","060190500","1","10.5","ug/m3 LC","54","Table Mountain Air Monitoring Site","1","100.0000","88101","PM2.5 - Local Conditions","170","Met One BAM-1020 Mass Monitor w/VSCC","23420","Fresno, CA","06","California","019","Fresno","36.9851185574381","-119.658339349936"
"12/09/2025","AQS","060190500","1","7","ug/m3 LC","39","Table Mountain Air Monitoring Site","1","100.0000","88101","PM2.5 - Local Conditions","170","Met One BAM-1020 Mass Monitor w/VSCC","23420","Fresno, CA","06","California","019","Fresno","36.9851185574381","-119.658339349936"
"12/10/2025","AQS","060190500","1","1.3","ug/m3 LC","7","Table Mountain Air Monitoring Site","1","100.0000","88101","PM2.5 - Local Conditions","170","Met One BAM-1020 Mass Monitor w/VSCC","23420","Fresno, CA","06","California","019","Fresno","36.9851185574381","-119.658339349936"
"12/11/2025","AQS","060190500","1","1.2","ug/m3 LC","7","Table Mountain Air Monitoring Site","1","100.0000","88101","PM2.5 - Local Conditions","170","Met One BAM-1020 Mass Monitor w/VSCC","23420","Fresno, CA","06","California","019","Fresno","36.9851185574381","-119.658339349936"
"12/12/2025","AQS","060190500","1","0.5","ug/m3 LC","3","Table Mountain Air Monitoring Site","1","100.0000","88101","PM2.5 - Local Conditions","170","Met One BAM-1020 Mass Monitor w/VSCC","23420","Fresno, CA","06","California","019","Fresno","36.9851185574381","-119.658339349936"
"12/13/2025","AQS","060190500","1","1.2","ug/m3 LC","7","Table Mountain Air Monitoring Site","1","100.0000","88101","PM2.5 - Local Conditions","170","Met One BAM-1020 Mass Monitor w/VSCC","23420","Fresno, CA","06","California","019","Fresno","36.9851185574381","-119.658339349936"
"12/14/2025","AQS","060190500","1","1.7","ug/m3 LC","9","Table Mountain Air Monitoring Site","1","100.0000","88101","PM2.5 - Local Conditions","170","Met One BAM-1020 Mass Monitor w/VSCC","23420","Fresno, CA","06","California","019","Fresno","36.9851185574381","-119.658339349936"
"12/15/2025","AQS","060190500","1","2.1","ug/m3 LC","12","Table Mountain Air Monitoring Site","1","100.0000","88101","PM2.5 - Local Conditions","170","Met One BAM-1020 Mass Monitor w/VSCC","23420","Fresno, CA","06","California","019","Fresno","36.9851185574381","-119.658339349936"
"12/16/2025","AQS","060190500","1","1.7","ug/m3 LC","9","Table Mountain Air Monitoring Site","1","100.0000","88101","PM2.5 - Local Conditions","170","Met One BAM-1020 Mass Monitor w/VSCC","23420","Fresno, CA","06","California","019","Fresno","36.9851185574381","-119.658339349936"
"12/17/2025","AQS","060190500","1","7.9","ug/m3 LC","44","Table Mountain Air Monitoring Site","1","100.0000","88101","PM2.5 - Local Conditions","170","Met One BAM-1020 Mass Monitor w/VSCC","23420","Fresno, CA","06","California","019","Fresno","36.9851185574381","-119.658339349936"
"12/18/2025","AQS","060190500","1","8.3","ug/m3 LC","46","Table Mountain Air Monitoring Site","1","100.0000","88101","PM2.5 - Local Conditions","170","Met One BAM-1020 Mass Monitor w/VSCC","23420","Fresno, CA","06","California","019","Fresno","36.9851185574381","-119.658339349936"
"12/20/2025","AQS","060190500","1","10.9","ug/m3 LC","54","Table Mountain Air Monitoring Site","1","100.0000","88101","PM2.5 - Local Conditions","170","Met One BAM-1020 Mass Monitor w/VSCC","23420","Fresno, CA","06","California","019","Fresno","36.9851185574381","-119.658339349936"
"12/21/2025","AQS","060190500","1","1.7","ug/m3 LC","9","Table Mountain Air Monitoring Site","1","100.0000","88101","PM2.5 - Local Conditions","170","Met One BAM-1020 Mass Monitor w/VSCC","23420","Fresno, CA","06","California","019","Fresno","36.9851185574381","-119.658339349936"
"12/22/2025","AQS","060190500","1","0.9","ug/m3 LC","5","Table Mountain Air Monitoring Site","1","100.0000","88101","PM2.5 - Local Conditions","170","Met One BAM-1020 Mass Monitor w/VSCC","23420","Fresno, CA","06","California","019","Fresno","36.9851185574381","-119.658339349936"
"12/23/2025","AQS","060190500","1","2.7","ug/m3 LC","15","Table Mountain Air Monitoring Site","1","100.0000","88101","PM2.5 - Local Conditions","170","Met One BAM-1020 Mass Monitor w/VSCC","23420","Fresno, CA","06","California","019","Fresno","36.9851185574381","-119.658339349936"
"12/24/2025","AQS","060190500","1","0.1","ug/m3 LC","1","Table Mountain Air Monitoring Site","1","100.0000","88101","PM2.5 - Local Conditions","170","Met One BAM-1020 Mass Monitor w/VSCC","23420","Fresno, CA","06","California","019","Fresno","36.9851185574381","-119.658339349936"
"12/25/2025","AQS","060190500","1","-0.5","ug/m3 LC","0","Table Mountain Air Monitoring Site","1","100.0000","88101","PM2.5 - Local Conditions","170","Met One BAM-1020 Mass Monitor w/VSCC","23420","Fresno, CA","06","California","019","Fresno","36.9851185574381","-119.658339349936"
"12/26/2025","AQS","060190500","1","0.3","ug/m3 LC","2","Table Mountain Air Monitoring Site","1","100.0000","88101","PM2.5 - Local Conditions","170","Met One BAM-1020 Mass Monitor w/VSCC","23420","Fresno, CA","06","California","019","Fresno","36.9851185574381","-119.658339349936"
"12/27/2025","AQS","060190500","1","0.9","ug/m3 LC","5","Table Mountain Air Monitoring Site","1","100.0000","88101","PM2.5 - Local Conditions","170","Met One BAM-1020 Mass Monitor w/VSCC","23420","Fresno, CA","06","California","019","Fresno","36.9851185574381","-119.658339349936"
"12/28/2025","AQS","060190500","1","2.9","ug/m3 LC","16","Table Mountain Air Monitoring Site","1","100.0000","88101","PM2.5 - Local Conditions","170","Met One BAM-1020 Mass Monitor w/VSCC","23420","Fresno, CA","06","California","019","Fresno","36.9851185574381","-119.658339349936"
"12/29/2025","AQS","060190500","1","4.3","ug/m3 LC","24","Table Mountain Air Monitoring Site","1","100.0000","88101","PM2.5 - Local Conditions","170","Met One BAM-1020 Mass Monitor w/VSCC","23420","Fresno, CA","06","California","019","Fresno","36.9851185574381","-119.658339349936"
"12/30/2025","AQS","060190500","1","6.4","ug/m3 LC","36","Table Mountain Air Monitoring Site","1","100.0000","88101","PM2.5 - Local Conditions","170","Met One BAM-1020 Mass Monitor w/VSCC","23420","Fresno, CA","06","California","019","Fresno","36.9851185574381","-119.658339349936"
"12/31/2025","AQS","060190500","1","7","ug/m3 LC","39","Table Mountain Air Monitoring Site","1","100.0000","88101","PM2.5 - Local Conditions","170","Met One BAM-1020 Mass Monitor w/VSCC","23420","Fresno, CA","06","California","019","Fresno","36.9851185574381","-119.658339349936"
"01/01/2025","AQS","060192008","3","8","ug/m3 LC","44","Huron","1","100.0000","88502","Acceptable PM2.5 AQI & Speciation Mass","731","Met-One BAM-1020 W/PM2.5 SCC","23420","Fresno, CA","06","California","019","Fresno","36.198672","-120.101096"
"01/02/2025","AQS","060192008","3","4.4","ug/m3 LC","24","Huron","1","100.0000","88502","Acceptable PM2.5 AQI & Speciation Mass","731","Met-One BAM-1020 W/PM2.5 SCC","23420","Fresno, CA","06","California","019","Fresno","36.198672","-120.101096"
"01/03/2025","AQS","060192008","3","9.8","ug/m3 LC","52","Huron","1","100.0000","88502","Acceptable PM2.5 AQI & Speciation Mass","731","Met-One BAM-1020 W/PM2.5 SCC","23420","Fresno, CA","06","California","019","Fresno","36.198672","-120.101096"
"01/04/2025","AQS","060192008","3","3","ug/m3 LC","17","Huron","1","100.0000","88502","Acceptable PM2.5 AQI & Speciation Mass","731","Met-One BAM-1020 W/PM2.5 SCC","23420","Fresno, CA","06","California","019","Fresno","36.198672","-120.101096"
"01/05/2025","AQS","060192008","3","4.4","ug/m3 LC","24","Huron","1","100.0000","88502","Acceptable PM2.5 AQI & Speciation Mass","731","Met-One BAM-1020 W/PM2.5 SCC","23420","Fresno, CA","06","California","019","Fresno","36.198672","-120.101096"
"01/06/2025","AQS","060192008","3","6.1","ug/m3 LC","34","Huron","1","100.0000","88502","Acceptable PM2.5 AQI & Speciation Mass","731","Met-One BAM-1020 W/PM2.5 SCC","23420","Fresno, CA","06","California","019","Fresno","36.198672","-120.101096"
"01/07/2025","AQS","060192008","3","5.8","ug/m3 LC","32","Huron","1","100.0000","88502","Acceptable PM2.5 AQI & Speciation Mass","731","Met-One BAM-1020 W/PM2.5 SCC","23420","Fresno, CA","06","California","019","Fresno","36.198672","-120.101096"
"01/08/2025","AQS","060192008","3","3","ug/m3 LC","17","Huron","1","100.0000","88502","Acceptable PM2.5 AQI & Speciation Mass","731","Met-One BAM-1020 W/PM2.5 SCC","23420","Fresno, CA","06","California","019","Fresno","36.198672","-120.101096"
"01/09/2025","AQS","060192008","3","7.9","ug/m3 LC","44","Huron","1","100.0000","88502","Acceptable PM2.5 AQI & Speciation Mass","731","Met-One BAM-1020 W/PM2.5 SCC","23420","Fresno, CA","06","California","019","Fresno","36.198672","-120.101096"
"01/10/2025","AQS","060192008","3","10.6","ug/m3 LC","54","Huron","1","100.0000","88502","Acceptable PM2.5 AQI & Speciation Mass","731","Met-One BAM-1020 W/PM2.5 SCC","23420","Fresno, CA","06","California","019","Fresno","36.198672","-120.101096"
"01/11/2025","AQS","060192008","3","5.8","ug/m3 LC","32","Huron","1","100.0000","88502","Acceptable PM2.5 AQI & Speciation Mass","731","Met-One BAM-1020 W/PM2.5 SCC","23420","Fresno, CA","06","California","019","Fresno","36.198672","-120.101096"
"01/12/2025","AQS","060192008","3","5.5","ug/m3 LC","31","Huron","1","100.0000","88502","Acceptable PM2.5 AQI & Speciation Mass","731","Met-One BAM-1020 W/PM2.5 SCC","23420","Fresno, CA","06","California","019","Fresno","36.198672","-120.101096"
"01/13/2025","AQS","060192008","3","6.8","ug/m3 LC","38","Huron","1","100.0000","88502","Acceptable PM2.5 AQI & Speciation Mass","731","Met-One BAM-1020 W/PM2.5 SCC","23420","Fresno, CA","06","California","019","Fresno","36.198672","-120.101096"
"01/14/2025","AQS","060192008","3","8.2","ug/m3 LC","46","Huron","1","100.0000","88502","Acceptable PM2.5 AQI & Speciation Mass","731","Met-One BAM-1020 W/PM2.5 SCC","23420","Fresno, CA","06","California","019","Fresno","36.198672","-120.101096"
"01/15/2025","AQS","060192008","3","7.3","ug/m3 LC","41","Huron","1","100.0000","88502","Acceptable PM2.5 AQI & Speciation Mass","731","Met-One BAM-1020 W/PM2.5 SCC","23420","Fresno, CA","06","California","019","Fresno","36.198672","-120.101096"
"01/16/2025","AQS","060192008","3","8.3","ug/m3 LC","46","Huron","1","100.0000","88502","Acceptable PM2.5 AQI & Speciation Mass","731","Met-One BAM-1020 W/PM2.5 SCC","23420","Fresno, CA","06","California","019","Fresno","36.198672","-120.101096"
"01/17/2025","AQS","060192008","3","12.2","ug/m3 LC","57","Huron","1","100.0000","88502","Acceptable PM2.5 AQI & Speciation Mass","731","Met-One BAM-1020 W/PM2.5 SCC","23420","Fresno, CA","06","California","019","Fresno","36.198672","-120.101096"
"01/18/2025","AQS","060192008","3","14","ug/m3 LC","60","Huron","1","100.0000","88502","Acceptable PM2.5 AQI & Speciation Mass","731","Met-One BAM-1020 W/PM2.5 SCC","23420","Fresno, CA","06","California","019","Fresno","36.198672","-120.101096"
"01/19/2025","AQS","060192008","3","12","ug/m3 LC","56","Huron","1","100.0000","88502","Acceptable PM2.5 AQI & Speciation Mass","731","Met-One BAM-1020 W/PM2.5 SCC","23420","Fresno, CA","06","California","019","Fresno","36.198672","-120.101096"
"01/20/2025","AQS","060192008","3","13.3","ug/m3 LC","59","Huron","1","100.0000","88502","Acceptable PM2.5 AQI & Speciation Mass","731","Met-One BAM-1020 W/PM2.5 SCC","23420","Fresno, CA","06","California","019","Fresno","36.198672","-120.101096"
"01/21/2025","AQS","060192008","3","9.6","ug/m3 LC","52","Huron","1","100.0000","88502","Acceptable PM2.5 AQI & Speciation Mass","731","Met-One BAM-1020 W/PM2.5 SCC","23420","Fresno, CA","06","California","019","Fresno","36.198672","-120.101096"
"01/22/2025","AQS","060192008","3","9","ug/m3 LC","50","Huron","1","100.0000","88502","Acceptable PM2.5 AQI & Speciation Mass","731","Met-One BAM-1020 W/PM2.5 SCC","23420","Fresno, CA","06","California","019","Fresno","36.198672","-120.101096"
"01/23/2025","AQS","060192008","3","14.2","ug/m3 LC","61","Huron","1","100.0000","88502","Acceptable PM2.5 AQI & Speciation Mass","731","Met-One BAM-1020 W/PM2.5 SCC","23420","Fresno, CA","06","California","019","Fresno","36.198672","-120.101096"
"01/24/2025","AQS","060192008","3","13.7","ug/m3 LC","60","Huron","1","100.0000","88502","Acceptable PM2.5 AQI & Speciation Mass","731","Met-One BAM-1020 W/PM2.5 SCC","23420","Fresno, CA","06","California","019","Fresno","36.198672","-120.101096"
"01/25/2025","AQS","060192008","3","11.1","ug/m3 LC","55","Huron","1","100.0000","88502","Acceptable PM2.5 AQI & Speciation Mass","731","Met-One BAM-1020 W/PM2.5 SCC","23420","Fresno, CA","06","California","019","Fresno","36.198672","-120.101096"
"01/26/2025","AQS","060192008","3","5.1","ug/m3 LC","28","Huron","1","100.0000","88502","Acceptable PM2.5 AQI & Speciation Mass","731","Met-One BAM-1020 W/PM2.5 SCC","23420","Fresno, CA","06","California","019","Fresno","36.198672","-120.101096"
"01/27/2025","AQS","060192008","3","5.5","ug/m3 LC","31","Huron","1","100.0000","88502","Acceptable PM2.5 AQI & Speciation Mass","731","Met-One BAM-1020 W/PM2.5 SCC","23420","Fresno, CA","06","California","019","Fresno","36.198672","-120.101096"
"01/28/2025","AQS","060192008","3","5.8","ug/m3 LC","32","Huron","1","100.0000","88502","Acceptable PM2.5 AQI & Speciation Mass","731","Met-One BAM-1020 W/PM2.5 SCC","23420","Fresno, CA","06","California","019","Fresno","36.198672","-120.101096"
"01/29/2025","AQS","060192008","3","8.5","ug/m3 LC","47","Huron","1","100.0000","88502","Acceptable PM2.5 AQI & Speciation Mass","731","Met-One BAM-1020 W/PM2.5 SCC","23420","Fresno, CA","06","California","019","Fresno","36.198672","-120.101096"
"01/30/2025","AQS","060192008","3","9.5","ug/m3 LC","52","Huron","1","100.0000","88502","Acceptable PM2.5 AQI & Speciation Mass","731","Met-One BAM-1020 W/PM2.5 SCC","23420","Fresno, CA","06","California","019","Fresno","36.198672","-120.101096"
"01/31/2025","AQS","060192008","3","13.7","ug/m3 LC","60","Huron","1","100.0000","88502","Acceptable PM2.5 AQI & Speciation Mass","731","Met-One BAM-1020 W/PM2.5 SCC","23420","Fresno, CA","06","California","019","Fresno","36.198672","-120.101096"
"02/01/2025","AQS","060192008","3","14.1","ug/m3 LC","60","Huron","1","100.0000","88502","Acceptable PM2.5 AQI & Speciation Mass","731","Met-One BAM-1020 W/PM2.5 SCC","23420","Fresno, CA","06","California","019","Fresno","36.198672","-120.101096"
"02/02/2025","AQS","060192008","3","6.7","ug/m3 LC","37","Huron","1","100.0000","88502","Acceptable PM2.5 AQI & Speciation Mass","731","Met-One BAM-1020 W/PM2.5 SCC","23420","Fresno, CA","06","California","019","Fresno","36.198672","-120.101096"
"02/03/2025","AQS","060192008","3","2.3","ug/m3 LC","13","Huron","1","100.0000","88502","Acceptable PM2.5 AQI & Speciation Mass","731","Met-One BAM-1020 W/PM2.5 SCC","23420","Fresno, CA","06","California","019","Fresno","36.198672","-120.101096"
"02/04/2025","AQS","060192008","3","0.7","ug/m3 LC","4","Huron","1","100.0000","88502","Acceptable PM2.5 AQI & Speciation Mass","731","Met-One BAM-1020 W/PM2.5 SCC","23420","Fresno, CA","06","California","019","Fresno","36.198672","-120.101096"
"02/05/2025","AQS","060192008","3","3.3","ug/m3 LC","18","Huron","1","100.0000","88502","Acceptable PM2.5 AQI & Speciation Mass","731","Met-One BAM-1020 W/PM2.5 SCC","23420","Fresno, CA","06","California","019","Fresno","36.198672","-120.101096"
"02/06/2025","AQS","060192008","3","3.2","ug/m3 LC","18","Huron","1","100.0000","88502","Acceptable PM2.5 AQI & Speciation Mass","731","Met-One BAM-1020 W/PM2.5 SCC","23420","Fresno, CA","06","California","019","Fresno","36.198672","-120.101096"
"02/07/2025","AQS","060192008","3","2.4","ug/m3 LC","13","Huron","1","100.0000","88502","Acceptable PM2.5 AQI & Speciation Mass","731","Met-One BAM-1020 W/PM2.5 SCC","23420","Fresno, CA","06","California","019","Fresno","36.198672","-120.101096"
"02/08/2025","AQS","060192008","3","2","ug/m3 LC","11","Huron","1","100.0000","88502","Acceptable PM2.5 AQI & Speciation Mass","731","Met-One BAM-1020 W/PM2.5 SCC","23420","Fresno, CA","06","California","019","Fresno","36.198672","-120.101096"
"02/09/2025","AQS","060192008","3","2.2","ug/m3 LC","12","Huron","1","100.0000","88502","Acceptable PM2.5 AQI & Speciation Mass","731","Met-One BAM-1020 W/PM2.5 SCC","23420","Fresno, CA","06","California","019","Fresno","36.198672","-120.101096"
"02/10/2025","AQS","060192008","3","1.4","ug/m3 LC","8","Huron","1","100.0000","88502","Acceptable PM2.5 AQI & Speciation Mass","731","Met-One BAM-1020 W/PM2.5 SCC","23420","Fresno, CA","06","California","019","Fresno","36.198672","-120.101096"
"02/11/2025","AQS","060192008","3","1.5","ug/m3 LC","8","Huron","1","100.0000","88502","Acceptable PM2.5 AQI & Speciation Mass","731","Met-One BAM-1020 W/PM2.5 SCC","23420","Fresno, CA","06","California","019","Fresno","36.198672","-120.101096"
"02/12/2025","AQS","060192008","3","2.5","ug/m3 LC","14","Huron","1","100.0000","88502","Acceptable PM2.5 AQI & Speciation Mass","731","Met-One BAM-1020 W/PM2.5 SCC","23420","Fresno, CA","06","California","019","Fresno","36.198672","-120.101096"
"02/13/2025","AQS","060192008","3","3.2","ug/m3 LC","18","Huron","1","100.0000","88502","Acceptable PM2.5 AQI & Speciation Mass","731","Met-One BAM-1020 W/PM2.5 SCC","23420","Fresno, CA","06","California","019","Fresno","36.198672","-120.101096"
"02/14/2025","AQS","060192008","3","3.3","ug/m3 LC","18","Huron","1","100.0000","88502","Acceptable PM2.5 AQI & Speciation Mass","731","Met-One BAM-1020 W/PM2.5 SCC","23420","Fresno, CA","06","California","019","Fresno","36.198672","-120.101096"
"02/15/2025","AQS","060192008","3","5.7","ug/m3 LC","32","Huron","1","100.0000","88502","Acceptable PM2.5 AQI & Speciation Mass","731","Met-One BAM-1020 W/PM2.5 SCC","23420","Fresno, CA","06","California","019","Fresno","36.198672","-120.101096"
"02/16/2025","AQS","060192008","3","5.1","ug/m3 LC","28","Huron","1","100.0000","88502","Acceptable PM2.5 AQI & Speciation Mass","731","Met-One BAM-1020 W/PM2.5 SCC","23420","Fresno, CA","06","California","019","Fresno","36.198672","-120.101096"
"02/17/2025","AQS","060192008","3","3.2","ug/m3 LC","18","Huron","1","100.0000","88502","Acceptable PM2.5 AQI & Speciation Mass","731","Met-One BAM-1020 W/PM2.5 SCC","23420","Fresno, CA","06","California","019","Fresno","36.198672","-120.101096"
"02/18/2025","AQS","060192008","3","3.2","ug/m3 LC","18","Huron","1","100.0000","88502","Acceptable PM2.5 AQI & Speciation Mass","731","Met-One BAM-1020 W/PM2.5 SCC","23420","Fresno, CA","06","California","019","Fresno","36.198672","-120.101096"
"02/19/2025","AQS","060192008","3","2.3","ug/m3 LC","13","Huron","1","100.0000","88502","Acceptable PM2.5 AQI & Speciation Mass","731","Met-One BAM-1020 W/PM2.5 SCC","23420","Fresno, CA","06","California","019","Fresno","36.198672","-120.101096"
"02/20/2025","AQS","060192008","3","4.5","ug/m3 LC","25","Huron","1","100.0000","88502","Acceptable PM2.5 AQI & Speciation Mass","731","Met-One BAM-1020 W/PM2.5 SCC","23420","Fresno, CA","06","California","019","Fresno","36.198672","-120.101096"
"02/21/2025","AQS","060192008","3","5.4","ug/m3 LC","30","Huron","1","100.0000","88502","Acceptable PM2.5 AQI & Speciation Mass","731","Met-One BAM-1020 W/PM2.5 SCC","23420","Fresno, CA","06","California","019","Fresno","36.198672","-120.101096"
"02/22/2025","AQS","060192008","3","5.4","ug/m3 LC","30","Huron","1","100.0000","88502","Acceptable PM2.5 AQI & Speciation Mass","731","Met-One BAM-1020 W/PM2.5 SCC","23420","Fresno, CA","06","California","019","Fresno","36.198672","-120.101096"
"02/23/2025","AQS","060192008","3","5.4","ug/m3 LC","30","Huron","1","100.0000","88502","Acceptable PM2.5 AQI & Speciation Mass","731","Met-One BAM-1020 W/PM2.5 SCC","23420","Fresno, CA","06","California","019","Fresno","36.198672","-120.101096"
"02/24/2025","AQS","060192008","3","4.9","ug/m3 LC","27","Huron","1","100.0000","88502","Acceptable PM2.5 AQI & Speciation Mass","731","Met-One BAM-1020 W/PM2.5 SCC","23420","Fresno, CA","06","California","019","Fresno","36.198672","-120.101096"
"02/25/2025","AQS","060192008","3","3.9","ug/m3 LC","22","Huron","1","100.0000","88502","Acceptable PM2.5 AQI & Speciation Mass","731","Met-One BAM-1020 W/PM2.5 SCC","23420","Fresno, CA","06","California","019","Fresno","36.198672","-120.101096"
"02/26/2025","AQS","060192008","3","3.4","ug/m3 LC","19","Huron","1","100.0000","88502","Acceptable PM2.5 AQI & Speciation Mass","731","Met-One BAM-1020 W/PM2.5 SCC","23420","Fresno, CA","06","California","019","Fresno","36.198672","-120.101096"
"02/27/2025","AQS","060192008","3","5.7","ug/m3 LC","32","Huron","1","100.0000","88502","Acceptable PM2.5 AQI & Speciation Mass","731","Met-One BAM-1020 W/PM2.5 SCC","23420","Fresno, CA","06","California","019","Fresno","36.198672","-120.101096"
"02/28/2025","AQS","060192008","3","6","ug/m3 LC","33","Huron","1","100.0000","88502","Acceptable PM2.5 AQI & Speciation Mass","731","Met-One BAM-1020 W/PM2.5 SCC","23420","Fresno, CA","06","California","019","Fresno","36.198672","-120.101096"
"03/01/2025","AQS","060192008","3","3.3","ug/m3 LC","18","Huron","1","100.0000","88502","Acceptable PM2.5 AQI & Speciation Mass","731","Met-One BAM-1020 W/PM2.5 SCC","23420","Fresno, CA","06","California","019","Fresno","36.198672","-120.101096"
"03/02/2025","AQS","060192008","3","1.5","ug/m3 LC","8","Huron","1","100.0000","88502","Acceptable PM2.5 AQI & Speciation Mass","731","Met-One BAM-1020 W/PM2.5 SCC","23420","Fresno, CA","06","California","019","Fresno","36.198672","-120.101096"
"03/03/2025","AQS","060192008","3","2.5","ug/m3 LC","14","Huron","1","100.0000","88502","Acceptable PM2.5 AQI & Speciation Mass","731","Met-One BAM-1020 W/PM2.5 SCC","23420","Fresno, CA","06","California","019","Fresno","36.198672","-120.101096"
"03/04/2025","AQS","060192008","3","3.2","ug/m3 LC","18","Huron","1","100.0000","88502","Acceptable PM2.5 AQI & Speciation Mass","731","Met-One BAM-1020 W/PM2.5 SCC","23420","Fresno, CA","06","California","019","Fresno","36.198672","-120.101096"
"03/05/2025","AQS","060192008","3","2.2","ug/m3 LC","12","Huron","1","100.0000","88502","Acceptable PM2.5 AQI & Speciation Mass","731","Met-One BAM-1020 W/PM2.5 SCC","23420","Fresno, CA","06","California","019","Fresno","36.198672","-120.101096"
"03/06/2025","AQS","060192008","3","1.5","ug/m3 LC","8","Huron","1","100.0000","88502","Acceptable PM2.5 AQI & Speciation Mass","731","Met-One BAM-1020 W/PM2.5 SCC","23420","Fresno, CA","06","California","019","Fresno","36.198672","-120.101096"
"03/07/2025","AQS","060192008","3","2.7","ug/m3 LC","15","Huron","1","100.0000","88502","Acceptable PM2.5 AQI & Speciation Mass","731","Met-One BAM-1020 W/PM2.5 SCC","23420","Fresno, CA","06","California","019","Fresno","36.198672","-120.101096"
"03/08/2025","AQS","060192008","3","3.8","ug/m3 LC","21","Huron","1","100.0000","88502","Acceptable PM2.5 AQI & Speciation Mass","731","Met-One BAM-1020 W/PM2.5 SCC","23420","Fresno, CA","06","California","019","Fresno","36.198672","-120.101096"
"03/09/2025","AQS","060192008","3","2.7","ug/m3 LC","15","Huron","1","100.0000","88502","Acceptable PM2.5 AQI & Speciation Mass","731","Met-One BAM-1020 W/PM2.5 SCC","23420","Fresno, CA","06","California","019","Fresno","36.198672","-120.101096"
"03/10/2025","AQS","060192008","3","2.8","ug/m3 LC","16","Huron","1","100.0000","88502","Acceptable PM2.5 AQI & Speciation Mass","731","Met-One BAM-1020 W/PM2.5 SCC","23420","Fresno, CA","06","California","019","Fresno","36.198672","-120.101096"
"03/11/2025","AQS","060192008","3","2.1","ug/m3 LC","12","Huron","1","100.0000","88502","Acceptable PM2.5 AQI & Speciation Mass","731","Met-One BAM-1020 W/PM2.5 SCC","23420","Fresno, CA","06","California","019","Fresno","36.198672","-120.101096"
"03/12/2025","AQS","060192008","3","2.1","ug/m3 LC","12","Huron","1","100.0000","88502","Acceptable PM2.5 AQI & Speciation Mass","731","Met-One BAM-1020 W/PM2.5 SCC","23420","Fresno, CA","06","California","019","Fresno","36.198672","-120.101096"
"03/13/2025","AQS","060192008","3","1.6","ug/m3 LC","9","Huron","1","100.0000","88502","Acceptable PM2.5 AQI & Speciation Mass","731","Met-One BAM-1020 W/PM2.5 SCC","23420","Fresno, CA","06","California","019","Fresno","36.198672","-120.101096"
"03/14/2025","AQS","060192008","3","1.2","ug/m3 LC","7","Huron","1","100.0000","88502","Acceptable PM2.5 AQI & Speciation Mass","731","Met-One BAM-1020 W/PM2.5 SCC","23420","Fresno, CA","06","California","019","Fresno","36.198672","-120.101096"
"03/15/2025","AQS","060192008","3","6.3","ug/m3 LC","35","Huron","1","100.0000","88502","Acceptable PM2.5 AQI & Speciation Mass","731","Met-One BAM-1020 W/PM2.5 SCC","23420","Fresno, CA","06","California","019","Fresno","36.198672","-120.101096"
"03/16/2025","AQS","060192008","3","5","ug/m3 LC","28","Huron","1","100.0000","88502","Acceptable PM2.5 AQI & Speciation Mass","731","Met-One BAM-1020 W/PM2.5 SCC","23420","Fresno, CA","06","California","019","Fresno","36.198672","-120.101096"
"03/17/2025","AQS","060192008","3","2.5","ug/m3 LC","14","Huron","1","100.0000","88502","Acceptable PM2.5 AQI & Speciation Mass","731","Met-One BAM-1020 W/PM2.5 SCC","23420","Fresno, CA","06","California","019","Fresno","36.198672","-120.101096"
"03/18/2025","AQS","060192008","3","2","ug/m3 LC","11","Huron","1","100.0000","88502","Acceptable PM2.5 AQI & Speciation Mass","731","Met-One BAM-1020 W/PM2.5 SCC","23420","Fresno, CA","06","California","019","Fresno","36.198672","-120.101096"
"03/19/2025","AQS","060192008","3","1.7","ug/m3 LC","9","Huron","1","100.0000","88502","Acceptable PM2.5 AQI & Speciation Mass","731","Met-One BAM-1020 W/PM2.5 SCC","23420","Fresno, CA","06","California","019","Fresno","36.198672","-120.101096"
"03/20/2025","AQS","060192008","3","1.5","ug/m3 LC","8","Huron","1","100.0000","88502","Acceptable PM2.5 AQI & Speciation Mass","731","Met-One BAM-1020 W/PM2.5 SCC","23420","Fresno, CA","06","California","019","Fresno","36.198672","-120.101096"
"03/21/2025","AQS","060192008","3","2.1","ug/m3 LC","12","Huron","1","100.0000","88502","Acceptable PM2.5 AQI & Speciation Mass","731","Met-One BAM-1020 W/PM2.5 SCC","23420","Fresno, CA","06","California","019","Fresno","36.198672","-120.101096"
"03/22/2025","AQS","060192008","3","2.1","ug/m3 LC","12","Huron","1","100.0000","88502","Acceptable PM2.5 AQI & Speciation Mass","731","Met-One BAM-1020 W/PM2.5 SCC","23420","Fresno, CA","06","California","019","Fresno","36.198672","-120.101096"
"03/23/2025","AQS","060192008","3","1.8","ug/m3 LC","10","Huron","1","100.0000","88502","Acceptable PM2.5 AQI & Speciation Mass","731","Met-One BAM-1020 W/PM2.5 SCC","23420","Fresno, CA","06","California","019","Fresno","36.198672","-120.101096"
"03/24/2025","AQS","060192008","3","3.6","ug/m3 LC","20","Huron","1","100.0000","88502","Acceptable PM2.5 AQI & Speciation Mass","731","Met-One BAM-1020 W/PM2.5 SCC","23420","Fresno, CA","06","California","019","Fresno","36.198672","-120.101096"
"03/25/2025","AQS","060192008","3","4.4","ug/m3 LC","24","Huron","1","100.0000","88502","Acceptable PM2.5 AQI & Speciation Mass","731","Met-One BAM-1020 W/PM2.5 SCC","23420","Fresno, CA","06","California","019","Fresno","36.198672","-120.101096"
"03/26/2025","AQS","060192008","3","2.3","ug/m3 LC","13","Huron","1","100.0000","88502","Acceptable PM2.5 AQI & Speciation Mass","731","Met-One BAM-1020 W/PM2.5 SCC","23420","Fresno, CA","06","California","019","Fresno","36.198672","-120.101096"
"03/29/2025","AQS","060192008","3","1.6","ug/m3 LC","9","Huron","1","100.0000","88502","Acceptable PM2.5 AQI & Speciation Mass","731","Met-One BAM-1020 W/PM2.5 SCC","23420","Fresno, CA","06","California","019","Fresno","36.198672","-120.101096"
"03/30/2025","AQS","060192008","3","1.3","ug/m3 LC","7","Huron","1","100.0000","88502","Acceptable PM2.5 AQI & Speciation Mass","731","Met-One BAM-1020 W/PM2.5 SCC","23420","Fresno, CA","06","California","019","Fresno","36.198672","-120.101096"
"03/31/2025","AQS","060192008","3","1.5","ug/m3 LC","8","Huron","1","100.0000","88502","Acceptable PM2.5 AQI & Speciation Mass","731","Met-One BAM-1020 W/PM2.5 SCC","23420","Fresno, CA","06","California","019","Fresno","36.198672","-120.101096"
"04/01/2025","AQS","060192008","3","1.4","ug/m3 LC","8","Huron","1","100.0000","88502","Acceptable PM2.5 AQI & Speciation Mass","731","Met-One BAM-1020 W/PM2.5 SCC","23420","Fresno, CA","06","California","019","Fresno","36.198672","-120.101096"
"04/02/2025","AQS","060192008","3","2.4","ug/m3 LC","13","Huron","1","100.0000","88502","Acceptable PM2.5 AQI & Speciation Mass","731","Met-One BAM-1020 W/PM2.5 SCC","23420","Fresno, CA","06","California","019","Fresno","36.198672","-120.101096"
"04/03/2025","AQS","060192008","3","1.5","ug/m3 LC","8","Huron","1","100.0000","88502","Acceptable PM2.5 AQI & Speciation Mass","731","Met-One BAM-1020 W/PM2.5 SCC","23420","Fresno, CA","06","California","019","Fresno","36.198672","-120.101096"
"04/04/2025","AQS","060192008","3","2.2","ug/m3 LC","12","Huron","1","100.0000","88502","Acceptable PM2.5 AQI & Speciation Mass","731","Met-One BAM-1020 W/PM2.5 SCC","23420","Fresno, CA","06","California","019","Fresno","36.198672","-120.101096"
"04/05/2025","AQS","060192008","3","1.6","ug/m3 LC","9","Huron","1","100.0000","88502","Acceptable PM2.5 AQI & Speciation Mass","731","Met-One BAM-1020 W/PM2.5 SCC","23420","Fresno, CA","06","California","019","Fresno","36.198672","-120.101096"
"04/06/2025","AQS","060192008","3","3.4","ug/m3 LC","19","Huron","1","100.0000","88502","Acceptable PM2.5 AQI & Speciation Mass","731","Met-One BAM-1020 W/PM2.5 SCC","23420","Fresno, CA","06","California","019","Fresno","36.198672","-120.101096"
"04/07/2025","AQS","060192008","3","2.1","ug/m3 LC","12","Huron","1","100.0000","88502","Acceptable PM2.5 AQI & Speciation Mass","731","Met-One BAM-1020 W/PM2.5 SCC","23420","Fresno, CA","06","California","019","Fresno","36.198672","-120.101096"
"04/08/2025","AQS","060192008","3","1.1","ug/m3 LC","6","Huron","1","100.0000","88502","Acceptable PM2.5 AQI & Speciation Mass","731","Met-One BAM-1020 W/PM2.5 SCC","23420","Fresno, CA","06","California","019","Fresno","36.198672","-120.101096"
"04/09/2025","AQS","060192008","3","3.7","ug/m3 LC","21","Huron","1","100.0000","88502","Acceptable PM2.5 AQI & Speciation Mass","731","Met-One BAM-1020 W/PM2.5 SCC","23420","Fresno, CA","06","California","019","Fresno","36.198672","-120.101096"
"04/10/2025","AQS","060192008","3","5","ug/m3 LC","28","Huron","1","100.0000","88502","Acceptable PM2.5 AQI & Speciation Mass","731","Met-One BAM-1020 W/PM2.5 SCC","23420","Fresno, CA","06","California","019","Fresno","36.198672","-120.101096"
"04/11/2025","AQS","060192008","3","4.1","ug/m3 LC","23","Huron","1","100.0000","88502","Acceptable PM2.5 AQI & Speciation Mass","731","Met-One BAM-1020 W/PM2.5 SCC","23420","Fresno, CA","06","California","019","Fresno","36.198672","-120.101096"
"04/12/2025","AQS","060192008","3","3","ug/m3 LC","17","Huron","1","100.0000","88502","Acceptable PM2.5 AQI & Speciation Mass","731","Met-One BAM-1020 W/PM2.5 SCC","23420","Fresno, CA","06","California","019","Fresno","36.198672","-120.101096"
"04/13/2025","AQS","060192008","3","5.1","ug/m3 LC","28","Huron","1","100.0000","88502","Acceptable PM2.5 AQI & Speciation Mass","731","Met-One BAM-1020 W/PM2.5 SCC","23420","Fresno, CA","06","California","019","Fresno","36.198672","-120.101096"
"04/14/2025","AQS","060192008","3","4.2","ug/m3 LC","23","Huron","1","100.0000","88502","Acceptable PM2.5 AQI & Speciation Mass","731","Met-One BAM-1020 W/PM2.5 SCC","23420","Fresno, CA","06","California","019","Fresno","36.198672","-120.101096"
"04/15/2025","AQS","060192008","3","6.2","ug/m3 LC","34","Huron","1","100.0000","88502","Acceptable PM2.5 AQI & Speciation Mass","731","Met-One BAM-1020 W/PM2.5 SCC","23420","Fresno, CA","06","California","019","Fresno","36.198672","-120.101096"
"04/16/2025","AQS","060192008","3","6.2","ug/m3 LC","34","Huron","1","100.0000","88502","Acceptable PM2.5 AQI & Speciation Mass","731","Met-One BAM-1020 W/PM2.5 SCC","23420","Fresno, CA","06","California","019","Fresno","36.198672","-120.101096"
"04/17/2025","AQS","060192008","3","5.7","ug/m3 LC","32","Huron","1","100.0000","88502","Acceptable PM2.5 AQI & Speciation Mass","731","Met-One BAM-1020 W/PM2.5 SCC","23420","Fresno, CA","06","California","019","Fresno","36.198672","-120.101096"
"04/18/2025","AQS","060192008","3","4.8","ug/m3 LC","27","Huron","1","100.0000","88502","Acceptable PM2.5 AQI & Speciation Mass","731","Met-One BAM-1020 W/PM2.5 SCC","23420","Fresno, CA","06","California","019","Fresno","36.198672","-120.101096"
"04/19/2025","AQS","060192008","3","6.4","ug/m3 LC","36","Huron","1","100.0000","88502","Acceptable PM2.5 AQI & Speciation Mass","731","Met-One BAM-1020 W/PM2.5 SCC","23420","Fresno, CA","06","California","019","Fresno","36.198672","-120.101096"
"04/20/2025","AQS","060192008","3","4.6","ug/m3 LC","26","Huron","1","100.0000","88502","Acceptable PM2.5 AQI & Speciation Mass","731","Met-One BAM-1020 W/PM2.5 SCC","23420","Fresno, CA","06","California","019","Fresno","36.198672","-120.101096"
"04/21/2025","AQS","060192008","3","4.3","ug/m3 LC","24","Huron","1","100.0000","88502","Acceptable PM2.5 AQI & Speciation Mass","731","Met-One BAM-1020 W/PM2.5 SCC","23420","Fresno, CA","06","California","019","Fresno","36.198672","-120.101096"
"04/22/2025","AQS","060192008","3","4.3","ug/m3 LC","24","Huron","1","100.0000","88502","Acceptable PM2.5 AQI & Speciation Mass","731","Met-One BAM-1020 W/PM2.5 SCC","23420","Fresno, CA","06","California","019","Fresno","36.198672","-120.101096"
"04/23/2025","AQS","060192008","3","7","ug/m3 LC","39","Huron","1","100.0000","88502","Acceptable PM2.5 AQI & Speciation Mass","731","Met-One BAM-1020 W/PM2.5 SCC","23420","Fresno, CA","06","California","019","Fresno","36.198672","-120.101096"
"04/24/2025","AQS","060192008","3","6.6","ug/m3 LC","37","Huron","1","100.0000","88502","Acceptable PM2.5 AQI & Speciation Mass","731","Met-One BAM-1020 W/PM2.5 SCC","23420","Fresno, CA","06","California","019","Fresno","36.198672","-120.101096"
"04/25/2025","AQS","060192008","3","3.9","ug/m3 LC","22","Huron","1","100.0000","88502","Acceptable PM2.5 AQI & Speciation Mass","731","Met-One BAM-1020 W/PM2.5 SCC","23420","Fresno, CA","06","California","019","Fresno","36.198672","-120.101096"
"04/26/2025","AQS","060192008","3","2","ug/m3 LC","11","Huron","1","100.0000","88502","Acceptable PM2.5 AQI & Speciation Mass","731","Met-One BAM-1020 W/PM2.5 SCC","23420","Fresno, CA","06","California","019","Fresno","36.198672","-120.101096"
"04/27/2025","AQS","060192008","3","2.8","ug/m3 LC","16","Huron","1","100.0000","88502","Acceptable PM2.5 AQI & Speciation Mass","731","Met-One BAM-1020 W/PM2.5 SCC","23420","Fresno, CA","06","California","019","Fresno","36.198672","-120.101096"
"04/28/2025","AQS","060192008","3","4.7","ug/m3 LC","26","Huron","1","100.0000","88502","Acceptable PM2.5 AQI & Speciation Mass","731","Met-One BAM-1020 W/PM2.5 SCC","23420","Fresno, CA","06","California","019","Fresno","36.198672","-120.101096"
"04/29/2025","AQS","060192008","3","6.2","ug/m3 LC","34","Huron","1","100.0000","88502","Acceptable PM2.5 AQI & Speciation Mass","731","Met-One BAM-1020 W/PM2.5 SCC","23420","Fresno, CA","06","California","019","Fresno","36.198672","-120.101096"
"04/30/2025","AQS","060192008","3","7","ug/m3 LC","39","Huron","1","100.0000","88502","Acceptable PM2.5 AQI & Speciation Mass","731","Met-One BAM-1020 W/PM2.5 SCC","23420","Fresno, CA","06","California","019","Fresno","36.198672","-120.101096"
"05/01/2025","AQS","060192008","3","7.3","ug/m3 LC","41","Huron","1","100.0000","88502","Acceptable PM2.5 AQI & Speciation Mass","731","Met-One BAM-1020 W/PM2.5 SCC","23420","Fresno, CA","06","California","019","Fresno","36.198672","-120.101096"
"05/02/2025","AQS","060192008","3","5.2","ug/m3 LC","29","Huron","1","100.0000","88502","Acceptable PM2.5 AQI & Speciation Mass","731","Met-One BAM-1020 W/PM2.5 SCC","23420","Fresno, CA","06","California","019","Fresno","36.198672","-120.101096"
"05/03/2025","AQS","060192008","3","3.9","ug/m3 LC","22","Huron","1","100.0000","88502","Acceptable PM2.5 AQI & Speciation Mass","731","Met-One BAM-1020 W/PM2.5 SCC","23420","Fresno, CA","06","California","019","Fresno","36.198672","-120.101096"
"05/04/2025","AQS","060192008","3","4.2","ug/m3 LC","23","Huron","1","100.0000","88502","Acceptable PM2.5 AQI & Speciation Mass","731","Met-One BAM-1020 W/PM2.5 SCC","23420","Fresno, CA","06","California","019","Fresno","36.198672","-120.101096"
"05/05/2025","AQS","060192008","3","5","ug/m3 LC","28","Huron","1","100.0000","88502","Acceptable PM2.5 AQI & Speciation Mass","731","Met-One BAM-1020 W/PM2.5 SCC","23420","Fresno, CA","06","California","019","Fresno","36.198672","-120.101096"
"05/06/2025","AQS","060192008","3","8","ug/m3 LC","44","Huron","1","100.0000","88502","Acceptable PM2.5 AQI & Speciation Mass","731","Met-One BAM-1020 W/PM2.5 SCC","23420","Fresno, CA","06","California","019","Fresno","36.198672","-120.101096"
"05/07/2025","AQS","060192008","3","8.2","ug/m3 LC","46","Huron","1","100.0000","88502","Acceptable PM2.5 AQI & Speciation Mass","731","Met-One BAM-1020 W/PM2.5 SCC","23420","Fresno, CA","06","California","019","Fresno","36.198672","-120.101096"
"05/08/2025","AQS","060192008","3","8.1","ug/m3 LC","45","Huron","1","100.0000","88502","Acceptable PM2.5 AQI & Speciation Mass","731","Met-One BAM-1020 W/PM2.5 SCC","23420","Fresno, CA","06","California","019","Fresno","36.198672","-120.101096"
"05/09/2025","AQS","060192008","3","7","ug/m3 LC","39","Huron","1","100.0000","88502","Acceptable PM2.5 AQI & Speciation Mass","731","Met-One BAM-1020 W/PM2.5 SCC","23420","Fresno, CA","06","California","019","Fresno","36.198672","-120.101096"
"05/10/2025","AQS","060192008","3","5","ug/m3 LC","28","Huron","1","100.0000","88502","Acceptable PM2.5 AQI & Speciation Mass","731","Met-One BAM-1020 W/PM2.5 SCC","23420","Fresno, CA","06","California","019","Fresno","36.198672","-120.101096"
"05/11/2025","AQS","060192008","3","2.4","ug/m3 LC","13","Huron","1","100.0000","88502","Acceptable PM2.5 AQI & Speciation Mass","731","Met-One BAM-1020 W/PM2.5 SCC","23420","Fresno, CA","06","California","019","Fresno","36.198672","-120.101096"
"05/12/2025","AQS","060192008","3","2.1","ug/m3 LC","12","Huron","1","100.0000","88502","Acceptable PM2.5 AQI & Speciation Mass","731","Met-One BAM-1020 W/PM2.5 SCC","23420","Fresno, CA","06","California","019","Fresno","36.198672","-120.101096"
"05/13/2025","AQS","060192008","3","3.2","ug/m3 LC","18","Huron","1","100.0000","88502","Acceptable PM2.5 AQI & Speciation Mass","731","Met-One BAM-1020 W/PM2.5 SCC","23420","Fresno, CA","06","California","019","Fresno","36.198672","-120.101096"
"05/14/2025","AQS","060192008","3","4","ug/m3 LC","22","Huron","1","100.0000","88502","Acceptable PM2.5 AQI & Speciation Mass","731","Met-One BAM-1020 W/PM2.5 SCC","23420","Fresno, CA","06","California","019","Fresno","36.198672","-120.101096"
"05/15/2025","AQS","060192008","3","4.2","ug/m3 LC","23","Huron","1","100.0000","88502","Acceptable PM2.5 AQI & Speciation Mass","731","Met-One BAM-1020 W/PM2.5 SCC","23420","Fresno, CA","06","California","019","Fresno","36.198672","-120.101096"
"05/16/2025","AQS","060192008","3","3.9","ug/m3 LC","22","Huron","1","100.0000","88502","Acceptable PM2.5 AQI & Speciation Mass","731","Met-One BAM-1020 W/PM2.5 SCC","23420","Fresno, CA","06","California","019","Fresno","36.198672","-120.101096"
"05/17/2025","AQS","060192008","3","4.5","ug/m3 LC","25","Huron","1","100.0000","88502","Acceptable PM2.5 AQI & Speciation Mass","731","Met-One BAM-1020 W/PM2.5 SCC","23420","Fresno, CA","06","California","019","Fresno","36.198672","-120.101096"
"05/18/2025","AQS","060192008","3","3.6","ug/m3 LC","20","Huron","1","100.0000","88502","Acceptable PM2.5 AQI & Speciation Mass","731","Met-One BAM-1020 W/PM2.5 SCC","23420","Fresno, CA","06","California","019","Fresno","36.198672","-120.101096"
"05/19/2025","AQS","060192008","3","7.5","ug/m3 LC","42","Huron","1","100.0000","88502","Acceptable PM2.5 AQI & Speciation Mass","731","Met-One BAM-1020 W/PM2.5 SCC","23420","Fresno, CA","06","California","019","Fresno","36.198672","-120.101096"
"05/20/2025","AQS","060192008","3","3.4","ug/m3 LC","19","Huron","1","100.0000","88502","Acceptable PM2.5 AQI & Speciation Mass","731","Met-One BAM-1020 W/PM2.5 SCC","23420","Fresno, CA","06","California","019","Fresno","36.198672","-120.101096"
"05/21/2025","AQS","060192008","3","3.2","ug/m3 LC","18","Huron","1","100.0000","88502","Acceptable PM2.5 AQI & Speciation Mass","731","Met-One BAM-1020 W/PM2.5 SCC","23420","Fresno, CA","06","California","019","Fresno","36.198672","-120.101096"
"05/22/2025","AQS","060192008","3","4.4","ug/m3 LC","24","Huron","1","100.0000","88502","Acceptable PM2.5 AQI & Speciation Mass","731","Met-One BAM-1020 W/PM2.5 SCC","23420","Fresno, CA","06","California","019","Fresno","36.198672","-120.101096"
"05/23/2025","AQS","060192008","3","2.8","ug/m3 LC","16","Huron","1","100.0000","88502","Acceptable PM2.5 AQI & Speciation Mass","731","Met-One BAM-1020 W/PM2.5 SCC","23420","Fresno, CA","06","California","019","Fresno","36.198672","-120.101096"
"05/24/2025","AQS","060192008","3","4","ug/m3 LC","22","Huron","1","100.0000","88502","Acceptable PM2.5 AQI & Speciation Mass","731","Met-One BAM-1020 W/PM2.5 SCC","23420","Fresno, CA","06","California","019","Fresno","36.198672","-120.101096"
"05/25/2025","AQS","060192008","3","3.5","ug/m3 LC","19","Huron","1","100.0000","88502","Acceptable PM2.5 AQI & Speciation Mass","731","Met-One BAM-1020 W/PM2.5 SCC","23420","Fresno, CA","06","California","019","Fresno","36.198672","-120.101096"
"05/26/2025","AQS","060192008","3","2.3","ug/m3 LC","13","Huron","1","100.0000","88502","Acceptable PM2.5 AQI & Speciation Mass","731","Met-One BAM-1020 W/PM2.5 SCC","23420","Fresno, CA","06","California","019","Fresno","36.198672","-120.101096"
"05/27/2025","AQS","060192008","3","3.4","ug/m3 LC","19","Huron","1","100.0000","88502","Acceptable PM2.5 AQI & Speciation Mass","731","Met-One BAM-1020 W/PM2.5 SCC","23420","Fresno, CA","06","California","019","Fresno","36.198672","-120.101096"
"05/28/2025","AQS","060192008","3","5.7","ug/m3 LC","32","Huron","1","100.0000","88502","Acceptable PM2.5 AQI & Speciation Mass","731","Met-One BAM-1020 W/PM2.5 SCC","23420","Fresno, CA","06","California","019","Fresno","36.198672","-120.101096"
"05/29/2025","AQS","060192008","3","4.5","ug/m3 LC","25","Huron","1","100.0000","88502","Acceptable PM2.5 AQI & Speciation Mass","731","Met-One BAM-1020 W/PM2.5 SCC","23420","Fresno, CA","06","California","019","Fresno","36.198672","-120.101096"
"05/30/2025","AQS","060192008","3","7.5","ug/m3 LC","42","Huron","1","100.0000","88502","Acceptable PM2.5 AQI & Speciation Mass","731","Met-One BAM-1020 W/PM2.5 SCC","23420","Fresno, CA","06","California","019","Fresno","36.198672","-120.101096"
"05/31/2025","AQS","060192008","3","7.5","ug/m3 LC","42","Huron","1","100.0000","88502","Acceptable PM2.5 AQI & Speciation Mass","731","Met-One BAM-1020 W/PM2.5 SCC","23420","Fresno, CA","06","California","019","Fresno","36.198672","-120.101096"
"06/01/2025","AQS","060192008","3","4.8","ug/m3 LC","27","Huron","1","100.0000","88502","Acceptable PM2.5 AQI & Speciation Mass","731","Met-One BAM-1020 W/PM2.5 SCC","23420","Fresno, CA","06","California","019","Fresno","36.198672","-120.101096"
"06/02/2025","AQS","060192008","3","7.1","ug/m3 LC","39","Huron","1","100.0000","88502","Acceptable PM2.5 AQI & Speciation Mass","731","Met-One BAM-1020 W/PM2.5 SCC","23420","Fresno, CA","06","California","019","Fresno","36.198672","-120.101096"
"06/03/2025","AQS","060192008","3","8.1","ug/m3 LC","45","Huron","1","100.0000","88502","Acceptable PM2.5 AQI & Speciation Mass","731","Met-One BAM-1020 W/PM2.5 SCC","23420","Fresno, CA","06","California","019","Fresno","36.198672","-120.101096"
"06/04/2025","AQS","060192008","3","8","ug/m3 LC","44","Huron","1","100.0000","88502","Acceptable PM2.5 AQI & Speciation Mass","731","Met-One BAM-1020 W/PM2.5 SCC","23420","Fresno, CA","06","California","019","Fresno","36.198672","-120.101096"
"06/05/2025","AQS","060192008","3","9.4","ug/m3 LC","52","Huron","1","100.0000","88502","Acceptable PM2.5 AQI & Speciation Mass","731","Met-One BAM-1020 W/PM2.5 SCC","23420","Fresno, CA","06","California","019","Fresno","36.198672","-120.101096"
"06/06/2025","AQS","060192008","3","6.7","ug/m3 LC","37","Huron","1","100.0000","88502","Acceptable PM2.5 AQI & Speciation Mass","731","Met-One BAM-1020 W/PM2.5 SCC","23420","Fresno, CA","06","California","019","Fresno","36.198672","-120.101096"
"06/07/2025","AQS","060192008","3","7.2","ug/m3 LC","40","Huron","1","100.0000","88502","Acceptable PM2.5 AQI & Speciation Mass","731","Met-One BAM-1020 W/PM2.5 SCC","23420","Fresno, CA","06","California","019","Fresno","36.198672","-120.101096"
"06/08/2025","AQS","060192008","3","4.7","ug/m3 LC","26","Huron","1","100.0000","88502","Acceptable PM2.5 AQI & Speciation Mass","731","Met-One BAM-1020 W/PM2.5 SCC","23420","Fresno, CA","06","California","019","Fresno","36.198672","-120.101096"
"06/09/2025","AQS","060192008","3","6.6","ug/m3 LC","37","Huron","1","100.0000","88502","Acceptable PM2.5 AQI & Speciation Mass","731","Met-One BAM-1020 W/PM2.5 SCC","23420","Fresno, CA","06","California","019","Fresno","36.198672","-120.101096"
"06/10/2025","AQS","060192008","3","6.5","ug/m3 LC","36","Huron","1","100.0000","88502","Acceptable PM2.5 AQI & Speciation Mass","731","Met-One BAM-1020 W/PM2.5 SCC","23420","Fresno, CA","06","California","019","Fresno","36.198672","-120.101096"
"06/11/2025","AQS","060192008","3","7.5","ug/m3 LC","42","Huron","1","100.0000","88502","Acceptable PM2.5 AQI & Speciation Mass","731","Met-One BAM-1020 W/PM2.5 SCC","23420","Fresno, CA","06","California","019","Fresno","36.198672","-120.101096"
"06/12/2025","AQS","060192008","3","8","ug/m3 LC","44","Huron","1","100.0000","88502","Acceptable PM2.5 AQI & Speciation Mass","731","Met-One BAM-1020 W/PM2.5 SCC","23420","Fresno, CA","06","California","019","Fresno","36.198672","-120.101096"
"06/13/2025","AQS","060192008","3","5.9","ug/m3 LC","33","Huron","1","100.0000","88502","Acceptable PM2.5 AQI & Speciation Mass","731","Met-One BAM-1020 W/PM2.5 SCC","23420","Fresno, CA","06","California","019","Fresno","36.198672","-120.101096"
"06/14/2025","AQS","060192008","3","7.6","ug/m3 LC","42","Huron","1","100.0000","88502","Acceptable PM2.5 AQI & Speciation Mass","731","Met-One BAM-1020 W/PM2.5 SCC","23420","Fresno, CA","06","California","019","Fresno","36.198672","-120.101096"
"06/15/2025","AQS","060192008","3","6.2","ug/m3 LC","34","Huron","1","100.0000","88502","Acceptable PM2.5 AQI & Speciation Mass","731","Met-One BAM-1020 W/PM2.5 SCC","23420","Fresno, CA","06","California","019","Fresno","36.198672","-120.101096"
"06/16/2025","AQS","060192008","3","5.3","ug/m3 LC","29","Huron","1","100.0000","88502","Acceptable PM2.5 AQI & Speciation Mass","731","Met-One BAM-1020 W/PM2.5 SCC","23420","Fresno, CA","06","California","019","Fresno","36.198672","-120.101096"
"06/17/2025","AQS","060192008","3","5.7","ug/m3 LC","32","Huron","1","100.0000","88502","Acceptable PM2.5 AQI & Speciation Mass","731","Met-One BAM-1020 W/PM2.5 SCC","23420","Fresno, CA","06","California","019","Fresno","36.198672","-120.101096"
"06/18/2025","AQS","060192008","3","6.3","ug/m3 LC","35","Huron","1","100.0000","88502","Acceptable PM2.5 AQI & Speciation Mass","731","Met-One BAM-1020 W/PM2.5 SCC","23420","Fresno, CA","06","California","019","Fresno","36.198672","-120.101096"
"06/19/2025","AQS","060192008","3","7.2","ug/m3 LC","40","Huron","1","100.0000","88502","Acceptable PM2.5 AQI & Speciation Mass","731","Met-One BAM-1020 W/PM2.5 SCC","23420","Fresno, CA","06","California","019","Fresno","36.198672","-120.101096"
"06/20/2025","AQS","060192008","3","6.2","ug/m3 LC","34","Huron","1","100.0000","88502","Acceptable PM2.5 AQI & Speciation Mass","731","Met-One BAM-1020 W/PM2.5 SCC","23420","Fresno, CA","06","California","019","Fresno","36.198672","-120.101096"
"06/21/2025","AQS","060192008","3","5.7","ug/m3 LC","32","Huron","1","100.0000","88502","Acceptable PM2.5 AQI & Speciation Mass","731","Met-One BAM-1020 W/PM2.5 SCC","23420","Fresno, CA","06","California","019","Fresno","36.198672","-120.101096"
"06/22/2025","AQS","060192008","3","3.1","ug/m3 LC","17","Huron","1","100.0000","88502","Acceptable PM2.5 AQI & Speciation Mass","731","Met-One BAM-1020 W/PM2.5 SCC","23420","Fresno, CA","06","California","019","Fresno","36.198672","-120.101096"
"06/23/2025","AQS","060192008","3","5.7","ug/m3 LC","32","Huron","1","100.0000","88502","Acceptable PM2.5 AQI & Speciation Mass","731","Met-One BAM-1020 W/PM2.5 SCC","23420","Fresno, CA","06","California","019","Fresno","36.198672","-120.101096"
"06/24/2025","AQS","060192008","3","4.4","ug/m3 LC","24","Huron","1","100.0000","88502","Acceptable PM2.5 AQI & Speciation Mass","731","Met-One BAM-1020 W/PM2.5 SCC","23420","Fresno, CA","06","California","019","Fresno","36.198672","-120.101096"
"06/25/2025","AQS","060192008","3","6","ug/m3 LC","33","Huron","1","100.0000","88502","Acceptable PM2.5 AQI & Speciation Mass","731","Met-One BAM-1020 W/PM2.5 SCC","23420","Fresno, CA","06","California","019","Fresno","36.198672","-120.101096"
"06/26/2025","AQS","060192008","3","5.4","ug/m3 LC","30","Huron","1","100.0000","88502","Acceptable PM2.5 AQI & Speciation Mass","731","Met-One BAM-1020 W/PM2.5 SCC","23420","Fresno, CA","06","California","019","Fresno","36.198672","-120.101096"
"06/27/2025","AQS","060192008","3","7.2","ug/m3 LC","40","Huron","1","100.0000","88502","Acceptable PM2.5 AQI & Speciation Mass","731","Met-One BAM-1020 W/PM2.5 SCC","23420","Fresno, CA","06","California","019","Fresno","36.198672","-120.101096"
"06/28/2025","AQS","060192008","3","6.4","ug/m3 LC","36","Huron","1","100.0000","88502","Acceptable PM2.5 AQI & Speciation Mass","731","Met-One BAM-1020 W/PM2.5 SCC","23420","Fresno, CA","06","California","019","Fresno","36.198672","-120.101096"
"06/29/2025","AQS","060192008","3","4.9","ug/m3 LC","27","Huron","1","100.0000","88502","Acceptable PM2.5 AQI & Speciation Mass","731","Met-One BAM-1020 W/PM2.5 SCC","23420","Fresno, CA","06","California","019","Fresno","36.198672","-120.101096"
"06/30/2025","AQS","060192008","3","8.6","ug/m3 LC","48","Huron","1","100.0000","88502","Acceptable PM2.5 AQI & Speciation Mass","731","Met-One BAM-1020 W/PM2.5 SCC","23420","Fresno, CA","06","California","019","Fresno","36.198672","-120.101096"
"07/01/2025","AQS","060192008","3","6.4","ug/m3 LC","36","Huron","1","100.0000","88502","Acceptable PM2.5 AQI & Speciation Mass","731","Met-One BAM-1020 W/PM2.5 SCC","23420","Fresno, CA","06","California","019","Fresno","36.198672","-120.101096"
"07/02/2025","AQS","060192008","3","7.3","ug/m3 LC","41","Huron","1","100.0000","88502","Acceptable PM2.5 AQI & Speciation Mass","731","Met-One BAM-1020 W/PM2.5 SCC","23420","Fresno, CA","06","California","019","Fresno","36.198672","-120.101096"
"07/03/2025","AQS","060192008","3","8.3","ug/m3 LC","46","Huron","1","100.0000","88502","Acceptable PM2.5 AQI & Speciation Mass","731","Met-One BAM-1020 W/PM2.5 SCC","23420","Fresno, CA","06","California","019","Fresno","36.198672","-120.101096"
"07/04/2025","AQS","060192008","3","7.9","ug/m3 LC","44","Huron","1","100.0000","88502","Acceptable PM2.5 AQI & Speciation Mass","731","Met-One BAM-1020 W/PM2.5 SCC","23420","Fresno, CA","06","California","019","Fresno","36.198672","-120.101096"
"07/05/2025","AQS","060192008","3","5.4","ug/m3 LC","30","Huron","1","100.0000","88502","Acceptable PM2.5 AQI & Speciation Mass","731","Met-One BAM-1020 W/PM2.5 SCC","23420","Fresno, CA","06","California","019","Fresno","36.198672","-120.101096"
"07/06/2025","AQS","060192008","3","6.5","ug/m3 LC","36","Huron","1","100.0000","88502","Acceptable PM2.5 AQI & Speciation Mass","731","Met-One BAM-1020 W/PM2.5 SCC","23420","Fresno, CA","06","California","019","Fresno","36.198672","-120.101096"
"07/07/2025","AQS","060192008","3","6.5","ug/m3 LC","36","Huron","1","100.0000","88502","Acceptable PM2.5 AQI & Speciation Mass","731","Met-One BAM-1020 W/PM2.5 SCC","23420","Fresno, CA","06","California","019","Fresno","36.198672","-120.101096"
"07/08/2025","AQS","060192008","3","6.8","ug/m3 LC","38","Huron","1","100.0000","88502","Acceptable PM2.5 AQI & Speciation Mass","731","Met-One BAM-1020 W/PM2.5 SCC","23420","Fresno, CA","06","California","019","Fresno","36.198672","-120.101096"
"07/09/2025","AQS","060192008","3","5.1","ug/m3 LC","28","Huron","1","100.0000","88502","Acceptable PM2.5 AQI & Speciation Mass","731","Met-One BAM-1020 W/PM2.5 SCC","23420","Fresno, CA","06","California","019","Fresno","36.198672","-120.101096"
"07/10/2025","AQS","060192008","3","6.7","ug/m3 LC","37","Huron","1","100.0000","88502","Acceptable PM2.5 AQI & Speciation Mass","731","Met-One BAM-1020 W/PM2.5 SCC","23420","Fresno, CA","06","California","019","Fresno","36.198672","-120.101096"
"07/11/2025","AQS","060192008","3","10.8","ug/m3 LC","54","Huron","1","100.0000","88502","Acceptable PM2.5 AQI & Speciation Mass","731","Met-One BAM-1020 W/PM2.5 SCC","23420","Fresno, CA","06","California","019","Fresno","36.198672","-120.101096"
"07/12/2025","AQS","060192008","3","12.3","ug/m3 LC","57","Huron","1","100.0000","88502","Acceptable PM2.5 AQI & Speciation Mass","731","Met-One BAM-1020 W/PM2.5 SCC","23420","Fresno, CA","06","California","019","Fresno","36.198672","-120.101096"
"07/13/2025","AQS","060192008","3","8.7","ug/m3 LC","48","Huron","1","100.0000","88502","Acceptable PM2.5 AQI & Speciation Mass","731","Met-One BAM-1020 W/PM2.5 SCC","23420","Fresno, CA","06","California","019","Fresno","36.198672","-120.101096"
"07/14/2025","AQS","060192008","3","7.1","ug/m3 LC","39","Huron","1","100.0000","88502","Acceptable PM2.5 AQI & Speciation Mass","731","Met-One BAM-1020 W/PM2.5 SCC","23420","Fresno, CA","06","California","019","Fresno","36.198672","-120.101096"
"07/15/2025","AQS","060192008","3","8.7","ug/m3 LC","48","Huron","1","100.0000","88502","Acceptable PM2.5 AQI & Speciation Mass","731","Met-One BAM-1020 W/PM2.5 SCC","23420","Fresno, CA","06","California","019","Fresno","36.198672","-120.101096"
"07/16/2025","AQS","060192008","3","6.6","ug/m3 LC","37","Huron","1","100.0000","88502","Acceptable PM2.5 AQI & Speciation Mass","731","Met-One BAM-1020 W/PM2.5 SCC","23420","Fresno, CA","06","California","019","Fresno","36.198672","-120.101096"
"07/17/2025","AQS","060192008","3","6.2","ug/m3 LC","34","Huron","1","100.0000","88502","Acceptable PM2.5 AQI & Speciation Mass","731","Met-One BAM-1020 W/PM2.5 SCC","23420","Fresno, CA","06","California","019","Fresno","36.198672","-120.101096"
"07/18/2025","AQS","060192008","3","6.2","ug/m3 LC","34","Huron","1","100.0000","88502","Acceptable PM2.5 AQI & Speciation Mass","731","Met-One BAM-1020 W/PM2.5 SCC","23420","Fresno, CA","06","California","019","Fresno","36.198672","-120.101096"
"07/19/2025","AQS","060192008","3","6.9","ug/m3 LC","38","Huron","1","100.0000","88502","Acceptable PM2.5 AQI & Speciation Mass","731","Met-One BAM-1020 W/PM2.5 SCC","23420","Fresno, CA","06","California","019","Fresno","36.198672","-120.101096"
"07/20/2025","AQS","060192008","3","5.1","ug/m3 LC","28","Huron","1","100.0000","88502","Acceptable PM2.5 AQI & Speciation Mass","731","Met-One BAM-1020 W/PM2.5 SCC","23420","Fresno, CA","06","California","019","Fresno","36.198672","-120.101096"
"07/21/2025","AQS","060192008","3","4.8","ug/m3 LC","27","Huron","1","100.0000","88502","Acceptable PM2.5 AQI & Speciation Mass","731","Met-One BAM-1020 W/PM2.5 SCC","23420","Fresno, CA","06","California","019","Fresno","36.198672","-120.101096"
"07/22/2025","AQS","060192008","3","2.5","ug/m3 LC","14","Huron","1","100.0000","88502","Acceptable PM2.5 AQI & Speciation Mass","731","Met-One BAM-1020 W/PM2.5 SCC","23420","Fresno, CA","06","California","019","Fresno","36.198672","-120.101096"
"07/23/2025","AQS","060192008","3","4","ug/m3 LC","22","Huron","1","100.0000","88502","Acceptable PM2.5 AQI & Speciation Mass","731","Met-One BAM-1020 W/PM2.5 SCC","23420","Fresno, CA","06","California","019","Fresno","36.198672","-120.101096"
"07/24/2025","AQS","060192008","3","4.2","ug/m3 LC","23","Huron","1","100.0000","88502","Acceptable PM2.5 AQI & Speciation Mass","731","Met-One BAM-1020 W/PM2.5 SCC","23420","Fresno, CA","06","California","019","Fresno","36.198672","-120.101096"
"07/25/2025","AQS","060192008","3","3.5","ug/m3 LC","19","Huron","1","100.0000","88502","Acceptable PM2.5 AQI & Speciation Mass","731","Met-One BAM-1020 W/PM2.5 SCC","23420","Fresno, CA","06","California","019","Fresno","36.198672","-120.101096"
"07/26/2025","AQS","060192008","3","4.4","ug/m3 LC","24","Huron","1","100.0000","88502","Acceptable PM2.5 AQI & Speciation Mass","731","Met-One BAM-1020 W/PM2.5 SCC","23420","Fresno, CA","06","California","019","Fresno","36.198672","-120.101096"
"07/27/2025","AQS","060192008","3","4.9","ug/m3 LC","27","Huron","1","100.0000","88502","Acceptable PM2.5 AQI & Speciation Mass","731","Met-One BAM-1020 W/PM2.5 SCC","23420","Fresno, CA","06","California","019","Fresno","36.198672","-120.101096"
"07/28/2025","AQS","060192008","3","5.1","ug/m3 LC","28","Huron","1","100.0000","88502","Acceptable PM2.5 AQI & Speciation Mass","731","Met-One BAM-1020 W/PM2.5 SCC","23420","Fresno, CA","06","California","019","Fresno","36.198672","-120.101096"
"07/29/2025","AQS","060192008","3","6.6","ug/m3 LC","37","Huron","1","100.0000","88502","Acceptable PM2.5 AQI & Speciation Mass","731","Met-One BAM-1020 W/PM2.5 SCC","23420","Fresno, CA","06","California","019","Fresno","36.198672","-120.101096"
"07/30/2025","AQS","060192008","3","5.3","ug/m3 LC","29","Huron","1","100.0000","88502","Acceptable PM2.5 AQI & Speciation Mass","731","Met-One BAM-1020 W/PM2.5 SCC","23420","Fresno, CA","06","California","019","Fresno","36.198672","-120.101096"
"07/31/2025","AQS","060192008","3","6.9","ug/m3 LC","38","Huron","1","100.0000","88502","Acceptable PM2.5 AQI & Speciation Mass","731","Met-One BAM-1020 W/PM2.5 SCC","23420","Fresno, CA","06","California","019","Fresno","36.198672","-120.101096"
"08/01/2025","AQS","060192008","3","7.2","ug/m3 LC","40","Huron","1","100.0000","88502","Acceptable PM2.5 AQI & Speciation Mass","731","Met-One BAM-1020 W/PM2.5 SCC","23420","Fresno, CA","06","California","019","Fresno","36.198672","-120.101096"
"08/02/2025","AQS","060192008","3","6.5","ug/m3 LC","36","Huron","1","100.0000","88502","Acceptable PM2.5 AQI & Speciation Mass","731","Met-One BAM-1020 W/PM2.5 SCC","23420","Fresno, CA","06","California","019","Fresno","36.198672","-120.101096"
"08/03/2025","AQS","060192008","3","5.5","ug/m3 LC","31","Huron","1","100.0000","88502","Acceptable PM2.5 AQI & Speciation Mass","731","Met-One BAM-1020 W/PM2.5 SCC","23420","Fresno, CA","06","California","019","Fresno","36.198672","-120.101096"
"08/04/2025","AQS","060192008","3","5.1","ug/m3 LC","28","Huron","1","100.0000","88502","Acceptable PM2.5 AQI & Speciation Mass","731","Met-One BAM-1020 W/PM2.5 SCC","23420","Fresno, CA","06","California","019","Fresno","36.198672","-120.101096"
"08/05/2025","AQS","060192008","3","5.9","ug/m3 LC","33","Huron","1","100.0000","88502","Acceptable PM2.5 AQI & Speciation Mass","731","Met-One BAM-1020 W/PM2.5 SCC","23420","Fresno, CA","06","California","019","Fresno","36.198672","-120.101096"
"08/06/2025","AQS","060192008","3","4.8","ug/m3 LC","27","Huron","1","100.0000","88502","Acceptable PM2.5 AQI & Speciation Mass","731","Met-One BAM-1020 W/PM2.5 SCC","23420","Fresno, CA","06","California","019","Fresno","36.198672","-120.101096"
"08/07/2025","AQS","060192008","3","5.8","ug/m3 LC","32","Huron","1","100.0000","88502","Acceptable PM2.5 AQI & Speciation Mass","731","Met-One BAM-1020 W/PM2.5 SCC","23420","Fresno, CA","06","California","019","Fresno","36.198672","-120.101096"
"08/08/2025","AQS","060192008","3","7.9","ug/m3 LC","44","Huron","1","100.0000","88502","Acceptable PM2.5 AQI & Speciation Mass","731","Met-One BAM-1020 W/PM2.5 SCC","23420","Fresno, CA","06","California","019","Fresno","36.198672","-120.101096"
"08/09/2025","AQS","060192008","3","11.7","ug/m3 LC","56","Huron","1","100.0000","88502","Acceptable PM2.5 AQI & Speciation Mass","731","Met-One BAM-1020 W/PM2.5 SCC","23420","Fresno, CA","06","California","019","Fresno","36.198672","-120.101096"
"08/10/2025","AQS","060192008","3","8.6","ug/m3 LC","48","Huron","1","100.0000","88502","Acceptable PM2.5 AQI & Speciation Mass","731","Met-One BAM-1020 W/PM2.5 SCC","23420","Fresno, CA","06","California","019","Fresno","36.198672","-120.101096"
"08/11/2025","AQS","060192008","3","9.9","ug/m3 LC","52","Huron","1","100.0000","88502","Acceptable PM2.5 AQI & Speciation Mass","731","Met-One BAM-1020 W/PM2.5 SCC","23420","Fresno, CA","06","California","019","Fresno","36.198672","-120.101096"
"08/12/2025","AQS","060192008","3","7.7","ug/m3 LC","43","Huron","1","100.0000","88502","Acceptable PM2.5 AQI & Speciation Mass","731","Met-One BAM-1020 W/PM2.5 SCC","23420","Fresno, CA","06","California","019","Fresno","36.198672","-120.101096"
"08/13/2025","AQS","060192008","3","6.8","ug/m3 LC","38","Huron","1","100.0000","88502","Acceptable PM2.5 AQI & Speciation Mass","731","Met-One BAM-1020 W/PM2.5 SCC","23420","Fresno, CA","06","California","019","Fresno","36.198672","-120.101096"
"08/14/2025","AQS","060192008","3","7.6","ug/m3 LC","42","Huron","1","100.0000","88502","Acceptable PM2.5 AQI & Speciation Mass","731","Met-One BAM-1020 W/PM2.5 SCC","23420","Fresno, CA","06","California","019","Fresno","36.198672","-120.101096"
"08/15/2025","AQS","060192008","3","7","ug/m3 LC","39","Huron","1","100.0000","88502","Acceptable PM2.5 AQI & Speciation Mass","731","Met-One BAM-1020 W/PM2.5 SCC","23420","Fresno, CA","06","California","019","Fresno","36.198672","-120.101096"
"08/16/2025","AQS","060192008","3","5.1","ug/m3 LC","28","Huron","1","100.0000","88502","Acceptable PM2.5 AQI & Speciation Mass","731","Met-One BAM-1020 W/PM2.5 SCC","23420","Fresno, CA","06","California","019","Fresno","36.198672","-120.101096"
"08/17/2025","AQS","060192008","3","4.2","ug/m3 LC","23","Huron","1","100.0000","88502","Acceptable PM2.5 AQI & Speciation Mass","731","Met-One BAM-1020 W/PM2.5 SCC","23420","Fresno, CA","06","California","019","Fresno","36.198672","-120.101096"
"08/18/2025","AQS","060192008","3","4.7","ug/m3 LC","26","Huron","1","100.0000","88502","Acceptable PM2.5 AQI & Speciation Mass","731","Met-One BAM-1020 W/PM2.5 SCC","23420","Fresno, CA","06","California","019","Fresno","36.198672","-120.101096"
"08/19/2025","AQS","060192008","3","5","ug/m3 LC","28","Huron","1","100.0000","88502","Acceptable PM2.5 AQI & Speciation Mass","731","Met-One BAM-1020 W/PM2.5 SCC","23420","Fresno, CA","06","California","019","Fresno","36.198672","-120.101096"
"08/20/2025","AQS","060192008","3","6","ug/m3 LC","33","Huron","1","100.0000","88502","Acceptable PM2.5 AQI & Speciation Mass","731","Met-One BAM-1020 W/PM2.5 SCC","23420","Fresno, CA","06","California","019","Fresno","36.198672","-120.101096"
"08/21/2025","AQS","060192008","3","7.3","ug/m3 LC","41","Huron","1","100.0000","88502","Acceptable PM2.5 AQI & Speciation Mass","731","Met-One BAM-1020 W/PM2.5 SCC","23420","Fresno, CA","06","California","019","Fresno","36.198672","-120.101096"
"08/22/2025","AQS","060192008","3","10","ug/m3 LC","53","Huron","1","100.0000","88502","Acceptable PM2.5 AQI & Speciation Mass","731","Met-One BAM-1020 W/PM2.5 SCC","23420","Fresno, CA","06","California","019","Fresno","36.198672","-120.101096"
"08/23/2025","AQS","060192008","3","12.4","ug/m3 LC","57","Huron","1","100.0000","88502","Acceptable PM2.5 AQI & Speciation Mass","731","Met-One BAM-1020 W/PM2.5 SCC","23420","Fresno, CA","06","California","019","Fresno","36.198672","-120.101096"
"08/24/2025","AQS","060192008","3","9.7","ug/m3 LC","52","Huron","1","100.0000","88502","Acceptable PM2.5 AQI & Speciation Mass","731","Met-One BAM-1020 W/PM2.5 SCC","23420","Fresno, CA","06","California","019","Fresno","36.198672","-120.101096"
"08/25/2025","AQS","060192008","3","6.7","ug/m3 LC","37","Huron","1","100.0000","88502","Acceptable PM2.5 AQI & Speciation Mass","731","Met-One BAM-1020 W/PM2.5 SCC","23420","Fresno, CA","06","California","019","Fresno","36.198672","-120.101096"
"08/26/2025","AQS","060192008","3","9.4","ug/m3 LC","52","Huron","1","100.0000","88502","Acceptable PM2.5 AQI & Speciation Mass","731","Met-One BAM-1020 W/PM2.5 SCC","23420","Fresno, CA","06","California","019","Fresno","36.198672","-120.101096"
"08/27/2025","AQS","060192008","3","8.5","ug/m3 LC","47","Huron","1","100.0000","88502","Acceptable PM2.5 AQI & Speciation Mass","731","Met-One BAM-1020 W/PM2.5 SCC","23420","Fresno, CA","06","California","019","Fresno","36.198672","-120.101096"
"08/28/2025","AQS","060192008","3","10.8","ug/m3 LC","54","Huron","1","100.0000","88502","Acceptable PM2.5 AQI & Speciation Mass","731","Met-One BAM-1020 W/PM2.5 SCC","23420","Fresno, CA","06","California","019","Fresno","36.198672","-120.101096"
"08/29/2025","AQS","060192008","3","8.5","ug/m3 LC","47","Huron","1","100.0000","88502","Acceptable PM2.5 AQI & Speciation Mass","731","Met-One BAM-1020 W/PM2.5 SCC","23420","Fresno, CA","06","California","019","Fresno","36.198672","-120.101096"
"08/30/2025","AQS","060192008","3","7.6","ug/m3 LC","42","Huron","1","100.0000","88502","Acceptable PM2.5 AQI & Speciation Mass","731","Met-One BAM-1020 W/PM2.5 SCC","23420","Fresno, CA","06","California","019","Fresno","36.198672","-120.101096"
"08/31/2025","AQS","060192008","3","8.5","ug/m3 LC","47","Huron","1","100.0000","88502","Acceptable PM2.5 AQI & Speciation Mass","731","Met-One BAM-1020 W/PM2.5 SCC","23420","Fresno, CA","06","California","019","Fresno","36.198672","-120.101096"
"09/01/2025","AQS","060192008","3","8","ug/m3 LC","44","Huron","1","100.0000","88502","Acceptable PM2.5 AQI & Speciation Mass","731","Met-One BAM-1020 W/PM2.5 SCC","23420","Fresno, CA","06","California","019","Fresno","36.198672","-120.101096"
"09/02/2025","AQS","060192008","3","13.8","ug/m3 LC","60","Huron","1","100.0000","88502","Acceptable PM2.5 AQI & Speciation Mass","731","Met-One BAM-1020 W/PM2.5 SCC","23420","Fresno, CA","06","California","019","Fresno","36.198672","-120.101096"
"09/03/2025","AQS","060192008","3","19","ug/m3 LC","69","Huron","1","100.0000","88502","Acceptable PM2.5 AQI & Speciation Mass","731","Met-One BAM-1020 W/PM2.5 SCC","23420","Fresno, CA","06","California","019","Fresno","36.198672","-120.101096"
"09/04/2025","AQS","060192008","3","14.9","ug/m3 LC","62","Huron","1","100.0000","88502","Acceptable PM2.5 AQI & Speciation Mass","731","Met-One BAM-1020 W/PM2.5 SCC","23420","Fresno, CA","06","California","019","Fresno","36.198672","-120.101096"
"09/05/2025","AQS","060192008","3","11.5","ug/m3 LC","55","Huron","1","100.0000","88502","Acceptable PM2.5 AQI & Speciation Mass","731","Met-One BAM-1020 W/PM2.5 SCC","23420","Fresno, CA","06","California","019","Fresno","36.198672","-120.101096"
"09/06/2025","AQS","060192008","3","14.5","ug/m3 LC","61","Huron","1","100.0000","88502","Acceptable PM2.5 AQI & Speciation Mass","731","Met-One BAM-1020 W/PM2.5 SCC","23420","Fresno, CA","06","California","019","Fresno","36.198672","-120.101096"
"09/07/2025","AQS","060192008","3","6.8","ug/m3 LC","38","Huron","1","100.0000","88502","Acceptable PM2.5 AQI & Speciation Mass","731","Met-One BAM-1020 W/PM2.5 SCC","23420","Fresno, CA","06","California","019","Fresno","36.198672","-120.101096"
"09/08/2025","AQS","060192008","3","3.7","ug/m3 LC","21","Huron","1","100.0000","88502","Acceptable PM2.5 AQI & Speciation Mass","731","Met-One BAM-1020 W/PM2.5 SCC","23420","Fresno, CA","06","California","019","Fresno","36.198672","-120.101096"
"09/09/2025","AQS","060192008","3","2.8","ug/m3 LC","16","Huron","1","100.0000","88502","Acceptable PM2.5 AQI & Speciation Mass","731","Met-One BAM-1020 W/PM2.5 SCC","23420","Fresno, CA","06","California","019","Fresno","36.198672","-120.101096"
"09/10/2025","AQS","060192008","3","1.9","ug/m3 LC","11","Huron","1","100.0000","88502","Acceptable PM2.5 AQI & Speciation Mass","731","Met-One BAM-1020 W/PM2.5 SCC","23420","Fresno, CA","06","California","019","Fresno","36.198672","-120.101096"
"09/11/2025","AQS","060192008","3","3.5","ug/m3 LC","19","Huron","1","100.0000","88502","Acceptable PM2.5 AQI & Speciation Mass","731","Met-One BAM-1020 W/PM2.5 SCC","23420","Fresno, CA","06","California","019","Fresno","36.198672","-120.101096"
"09/12/2025","AQS","060192008","3","5.2","ug/m3 LC","29","Huron","1","100.0000","88502","Acceptable PM2.5 AQI & Speciation Mass","731","Met-One BAM-1020 W/PM2.5 SCC","23420","Fresno, CA","06","California","019","Fresno","36.198672","-120.101096"
"09/13/2025","AQS","060192008","3","5.7","ug/m3 LC","32","Huron","1","100.0000","88502","Acceptable PM2.5 AQI & Speciation Mass","731","Met-One BAM-1020 W/PM2.5 SCC","23420","Fresno, CA","06","California","019","Fresno","36.198672","-120.101096"
"09/14/2025","AQS","060192008","3","4.6","ug/m3 LC","26","Huron","1","100.0000","88502","Acceptable PM2.5 AQI & Speciation Mass","731","Met-One BAM-1020 W/PM2.5 SCC","23420","Fresno, CA","06","California","019","Fresno","36.198672","-120.101096"
"09/15/2025","AQS","060192008","3","5.7","ug/m3 LC","32","Huron","1","100.0000","88502","Acceptable PM2.5 AQI & Speciation Mass","731","Met-One BAM-1020 W/PM2.5 SCC","23420","Fresno, CA","06","California","019","Fresno","36.198672","-120.101096"
"09/16/2025","AQS","060192008","3","7.9","ug/m3 LC","44","Huron","1","100.0000","88502","Acceptable PM2.5 AQI & Speciation Mass","731","Met-One BAM-1020 W/PM2.5 SCC","23420","Fresno, CA","06","California","019","Fresno","36.198672","-120.101096"
"09/17/2025","AQS","060192008","3","7","ug/m3 LC","39","Huron","1","100.0000","88502","Acceptable PM2.5 AQI & Speciation Mass","731","Met-One BAM-1020 W/PM2.5 SCC","23420","Fresno, CA","06","California","019","Fresno","36.198672","-120.101096"
"09/18/2025","AQS","060192008","3","10.4","ug/m3 LC","53","Huron","1","100.0000","88502","Acceptable PM2.5 AQI & Speciation Mass","731","Met-One BAM-1020 W/PM2.5 SCC","23420","Fresno, CA","06","California","019","Fresno","36.198672","-120.101096"
"09/19/2025","AQS","060192008","3","9.5","ug/m3 LC","52","Huron","1","100.0000","88502","Acceptable PM2.5 AQI & Speciation Mass","731","Met-One BAM-1020 W/PM2.5 SCC","23420","Fresno, CA","06","California","019","Fresno","36.198672","-120.101096"
"09/20/2025","AQS","060192008","3","8.7","ug/m3 LC","48","Huron","1","100.0000","88502","Acceptable PM2.5 AQI & Speciation Mass","731","Met-One BAM-1020 W/PM2.5 SCC","23420","Fresno, CA","06","California","019","Fresno","36.198672","-120.101096"
"09/21/2025","AQS","060192008","3","4.3","ug/m3 LC","24","Huron","1","100.0000","88502","Acceptable PM2.5 AQI & Speciation Mass","731","Met-One BAM-1020 W/PM2.5 SCC","23420","Fresno, CA","06","California","019","Fresno","36.198672","-120.101096"
"09/22/2025","AQS","060192008","3","5.7","ug/m3 LC","32","Huron","1","100.0000","88502","Acceptable PM2.5 AQI & Speciation Mass","731","Met-One BAM-1020 W/PM2.5 SCC","23420","Fresno, CA","06","California","019","Fresno","36.198672","-120.101096"
"09/23/2025","AQS","060192008","3","5.4","ug/m3 LC","30","Huron","1","100.0000","88502","Acceptable PM2.5 AQI & Speciation Mass","731","Met-One BAM-1020 W/PM2.5 SCC","23420","Fresno, CA","06","California","019","Fresno","36.198672","-120.101096"
"09/24/2025","AQS","060192008","3","7","ug/m3 LC","39","Huron","1","100.0000","88502","Acceptable PM2.5 AQI & Speciation Mass","731","Met-One BAM-1020 W/PM2.5 SCC","23420","Fresno, CA","06","California","019","Fresno","36.198672","-120.101096"
"09/25/2025","AQS","060192008","3","5.9","ug/m3 LC","33","Huron","1","100.0000","88502","Acceptable PM2.5 AQI & Speciation Mass","731","Met-One BAM-1020 W/PM2.5 SCC","23420","Fresno, CA","06","California","019","Fresno","36.198672","-120.101096"
"09/26/2025","AQS","060192008","3","7.3","ug/m3 LC","41","Huron","1","100.0000","88502","Acceptable PM2.5 AQI & Speciation Mass","731","Met-One BAM-1020 W/PM2.5 SCC","23420","Fresno, CA","06","California","019","Fresno","36.198672","-120.101096"
"09/27/2025","AQS","060192008","3","7","ug/m3 LC","39","Huron","1","100.0000","88502","Acceptable PM2.5 AQI & Speciation Mass","731","Met-One BAM-1020 W/PM2.5 SCC","23420","Fresno, CA","06","California","019","Fresno","36.198672","-120.101096"
"09/28/2025","AQS","060192008","3","4.5","ug/m3 LC","25","Huron","1","100.0000","88502","Acceptable PM2.5 AQI & Speciation Mass","731","Met-One BAM-1020 W/PM2.5 SCC","23420","Fresno, CA","06","California","019","Fresno","36.198672","-120.101096"
"09/29/2025","AQS","060192008","3","5.4","ug/m3 LC","30","Huron","1","100.0000","88502","Acceptable PM2.5 AQI & Speciation Mass","731","Met-One BAM-1020 W/PM2.5 SCC","23420","Fresno, CA","06","California","019","Fresno","36.198672","-120.101096"
"09/30/2025","AQS","060192008","3","4.4","ug/m3 LC","24","Huron","1","100.0000","88502","Acceptable PM2.5 AQI & Speciation Mass","731","Met-One BAM-1020 W/PM2.5 SCC","23420","Fresno, CA","06","California","019","Fresno","36.198672","-120.101096"
"10/01/2025","AQS","060192008","3","2.9","ug/m3 LC","16","Huron","1","100.0000","88502","Acceptable PM2.5 AQI & Speciation Mass","731","Met-One BAM-1020 W/PM2.5 SCC","23420","Fresno, CA","06","California","019","Fresno","36.198672","-120.101096"
"10/07/2025","AQS","060192008","3","5.9","ug/m3 LC","33","Huron","1","100.0000","88502","Acceptable PM2.5 AQI & Speciation Mass","731","Met-One BAM-1020 W/PM2.5 SCC","23420","Fresno, CA","06","California","019","Fresno","36.198672","-120.101096"
"10/08/2025","AQS","060192008","3","6.2","ug/m3 LC","34","Huron","1","100.0000","88502","Acceptable PM2.5 AQI & Speciation Mass","731","Met-One BAM-1020 W/PM2.5 SCC","23420","Fresno, CA","06","California","019","Fresno","36.198672","-120.101096"
"10/09/2025","AQS","060192008","3","4.8","ug/m3 LC","27","Huron","1","100.0000","88502","Acceptable PM2.5 AQI & Speciation Mass","731","Met-One BAM-1020 W/PM2.5 SCC","23420","Fresno, CA","06","California","019","Fresno","36.198672","-120.101096"
"10/10/2025","AQS","060192008","3","5.1","ug/m3 LC","28","Huron","1","100.0000","88502","Acceptable PM2.5 AQI & Speciation Mass","731","Met-One BAM-1020 W/PM2.5 SCC","23420","Fresno, CA","06","California","019","Fresno","36.198672","-120.101096"
"10/11/2025","AQS","060192008","3","2.7","ug/m3 LC","15","Huron","1","100.0000","88502","Acceptable PM2.5 AQI & Speciation Mass","731","Met-One BAM-1020 W/PM2.5 SCC","23420","Fresno, CA","06","California","019","Fresno","36.198672","-120.101096"
"10/12/2025","AQS","060192008","3","3","ug/m3 LC","17","Huron","1","100.0000","88502","Acceptable PM2.5 AQI & Speciation Mass","731","Met-One BAM-1020 W/PM2.5 SCC","23420","Fresno, CA","06","California","019","Fresno","36.198672","-120.101096"
"10/13/2025","AQS","060192008","3","3.6","ug/m3 LC","20","Huron","1","100.0000","88502","Acceptable PM2.5 AQI & Speciation Mass","731","Met-One BAM-1020 W/PM2.5 SCC","23420","Fresno, CA","06","California","019","Fresno","36.198672","-120.101096"
"10/14/2025","AQS","060192008","3","3.5","ug/m3 LC","19","Huron","1","100.0000","88502","Acceptable PM2.5 AQI & Speciation Mass","731","Met-One BAM-1020 W/PM2.5 SCC","23420","Fresno, CA","06","California","019","Fresno","36.198672","-120.101096"
"10/15/2025","AQS","060192008","3","3.6","ug/m3 LC","20","Huron","1","100.0000","88502","Acceptable PM2.5 AQI & Speciation Mass","731","Met-One BAM-1020 W/PM2.5 SCC","23420","Fresno, CA","06","California","019","Fresno","36.198672","-120.101096"
"10/16/2025","AQS","060192008","3","6.2","ug/m3 LC","34","Huron","1","100.0000","88502","Acceptable PM2.5 AQI & Speciation Mass","731","Met-One BAM-1020 W/PM2.5 SCC","23420","Fresno, CA","06","California","019","Fresno","36.198672","-120.101096"
"10/17/2025","AQS","060192008","3","7.1","ug/m3 LC","39","Huron","1","100.0000","88502","Acceptable PM2.5 AQI & Speciation Mass","731","Met-One BAM-1020 W/PM2.5 SCC","23420","Fresno, CA","06","California","019","Fresno","36.198672","-120.101096"
"10/18/2025","AQS","060192008","3","9.8","ug/m3 LC","52","Huron","1","100.0000","88502","Acceptable PM2.5 AQI & Speciation Mass","731","Met-One BAM-1020 W/PM2.5 SCC","23420","Fresno, CA","06","California","019","Fresno","36.198672","-120.101096"
"10/19/2025","AQS","060192008","3","12.8","ug/m3 LC","58","Huron","1","100.0000","88502","Acceptable PM2.5 AQI & Speciation Mass","731","Met-One BAM-1020 W/PM2.5 SCC","23420","Fresno, CA","06","California","019","Fresno","36.198672","-120.101096"
"10/20/2025","AQS","060192008","3","10.1","ug/m3 LC","53","Huron","1","100.0000","88502","Acceptable PM2.5 AQI & Speciation Mass","731","Met-One BAM-1020 W/PM2.5 SCC","23420","Fresno, CA","06","California","019","Fresno","36.198672","-120.101096"
"10/21/2025","AQS","060192008","3","11.5","ug/m3 LC","55","Huron","1","100.0000","88502","Acceptable PM2.5 AQI & Speciation Mass","731","Met-One BAM-1020 W/PM2.5 SCC","23420","Fresno, CA","06","California","019","Fresno","36.198672","-120.101096"
"10/22/2025","AQS","060192008","3","6.5","ug/m3 LC","36","Huron","1","100.0000","88502","Acceptable PM2.5 AQI & Speciation Mass","731","Met-One BAM-1020 W/PM2.5 SCC","23420","Fresno, CA","06","California","019","Fresno","36.198672","-120.101096"
"10/23/2025","AQS","060192008","3","7.8","ug/m3 LC","43","Huron","1","100.0000","88502","Acceptable PM2.5 AQI & Speciation Mass","731","Met-One BAM-1020 W/PM2.5 SCC","23420","Fresno, CA","06","California","019","Fresno","36.198672","-120.101096"
"10/24/2025","AQS","060192008","3","10.1","ug/m3 LC","53","Huron","1","100.0000","88502","Acceptable PM2.5 AQI & Speciation Mass","731","Met-One BAM-1020 W/PM2.5 SCC","23420","Fresno, CA","06","California","019","Fresno","36.198672","-120.101096"
"10/25/2025","AQS","060192008","3","9.9","ug/m3 LC","52","Huron","1","100.0000","88502","Acceptable PM2.5 AQI & Speciation Mass","731","Met-One BAM-1020 W/PM2.5 SCC","23420","Fresno, CA","06","California","019","Fresno","36.198672","-120.101096"
"10/26/2025","AQS","060192008","3","4","ug/m3 LC","22","Huron","1","100.0000","88502","Acceptable PM2.5 AQI & Speciation Mass","731","Met-One BAM-1020 W/PM2.5 SCC","23420","Fresno, CA","06","California","019","Fresno","36.198672","-120.101096"
"10/27/2025","AQS","060192008","3","3.9","ug/m3 LC","22","Huron","1","100.0000","88502","Acceptable PM2.5 AQI & Speciation Mass","731","Met-One BAM-1020 W/PM2.5 SCC","23420","Fresno, CA","06","California","019","Fresno","36.198672","-120.101096"
"10/28/2025","AQS","060192008","3","4.7","ug/m3 LC","26","Huron","1","100.0000","88502","Acceptable PM2.5 AQI & Speciation Mass","731","Met-One BAM-1020 W/PM2.5 SCC","23420","Fresno, CA","06","California","019","Fresno","36.198672","-120.101096"
"10/29/2025","AQS","060192008","3","7.5","ug/m3 LC","42","Huron","1","100.0000","88502","Acceptable PM2.5 AQI & Speciation Mass","731","Met-One BAM-1020 W/PM2.5 SCC","23420","Fresno, CA","06","California","019","Fresno","36.198672","-120.101096"
"10/30/2025","AQS","060192008","3","8.5","ug/m3 LC","47","Huron","1","100.0000","88502","Acceptable PM2.5 AQI & Speciation Mass","731","Met-One BAM-1020 W/PM2.5 SCC","23420","Fresno, CA","06","California","019","Fresno","36.198672","-120.101096"
"10/31/2025","AQS","060192008","3","10","ug/m3 LC","53","Huron","1","100.0000","88502","Acceptable PM2.5 AQI & Speciation Mass","731","Met-One BAM-1020 W/PM2.5 SCC","23420","Fresno, CA","06","California","019","Fresno","36.198672","-120.101096"
"11/01/2025","AQS","060192008","3","7.3","ug/m3 LC","41","Huron","1","100.0000","88502","Acceptable PM2.5 AQI & Speciation Mass","731","Met-One BAM-1020 W/PM2.5 SCC","23420","Fresno, CA","06","California","019","Fresno","36.198672","-120.101096"
"11/02/2025","AQS","060192008","3","7.8","ug/m3 LC","43","Huron","1","100.0000","88502","Acceptable PM2.5 AQI & Speciation Mass","731","Met-One BAM-1020 W/PM2.5 SCC","23420","Fresno, CA","06","California","019","Fresno","36.198672","-120.101096"
"11/03/2025","AQS","060192008","3","9.1","ug/m3 LC","51","Huron","1","100.0000","88502","Acceptable PM2.5 AQI & Speciation Mass","731","Met-One BAM-1020 W/PM2.5 SCC","23420","Fresno, CA","06","California","019","Fresno","36.198672","-120.101096"
"11/04/2025","AQS","060192008","3","6","ug/m3 LC","33","Huron","1","100.0000","88502","Acceptable PM2.5 AQI & Speciation Mass","731","Met-One BAM-1020 W/PM2.5 SCC","23420","Fresno, CA","06","California","019","Fresno","36.198672","-120.101096"
"11/05/2025","AQS","060192008","3","5","ug/m3 LC","28","Huron","1","100.0000","88502","Acceptable PM2.5 AQI & Speciation Mass","731","Met-One BAM-1020 W/PM2.5 SCC","23420","Fresno, CA","06","California","019","Fresno","36.198672","-120.101096"
"11/06/2025","AQS","060192008","3","4.9","ug/m3 LC","27","Huron","1","100.0000","88502","Acceptable PM2.5 AQI & Speciation Mass","731","Met-One BAM-1020 W/PM2.5 SCC","23420","Fresno, CA","06","California","019","Fresno","36.198672","-120.101096"
"11/07/2025","AQS","060192008","3","4.3","ug/m3 LC","24","Huron","1","100.0000","88502","Acceptable PM2.5 AQI & Speciation Mass","731","Met-One BAM-1020 W/PM2.5 SCC","23420","Fresno, CA","06","California","019","Fresno","36.198672","-120.101096"
"11/08/2025","AQS","060192008","3","5.8","ug/m3 LC","32","Huron","1","100.0000","88502","Acceptable PM2.5 AQI & Speciation Mass","731","Met-One BAM-1020 W/PM2.5 SCC","23420","Fresno, CA","06","California","019","Fresno","36.198672","-120.101096"
"11/09/2025","AQS","060192008","3","5.9","ug/m3 LC","33","Huron","1","100.0000","88502","Acceptable PM2.5 AQI & Speciation Mass","731","Met-One BAM-1020 W/PM2.5 SCC","23420","Fresno, CA","06","California","019","Fresno","36.198672","-120.101096"
"11/10/2025","AQS","060192008","3","7.3","ug/m3 LC","41","Huron","1","100.0000","88502","Acceptable PM2.5 AQI & Speciation Mass","731","Met-One BAM-1020 W/PM2.5 SCC","23420","Fresno, CA","06","California","019","Fresno","36.198672","-120.101096"
"11/11/2025","AQS","060192008","3","10.2","ug/m3 LC","53","Huron","1","100.0000","88502","Acceptable PM2.5 AQI & Speciation Mass","731","Met-One BAM-1020 W/PM2.5 SCC","23420","Fresno, CA","06","California","019","Fresno","36.198672","-120.101096"
"11/12/2025","AQS","060192008","3","8.2","ug/m3 LC","46","Huron","1","100.0000","88502","Acceptable PM2.5 AQI & Speciation Mass","731","Met-One BAM-1020 W/PM2.5 SCC","23420","Fresno, CA","06","California","019","Fresno","36.198672","-120.101096"
"11/13/2025","AQS","060192008","3","2.7","ug/m3 LC","15","Huron","1","100.0000","88502","Acceptable PM2.5 AQI & Speciation Mass","731","Met-One BAM-1020 W/PM2.5 SCC","23420","Fresno, CA","06","California","019","Fresno","36.198672","-120.101096"
"11/14/2025","AQS","060192008","3","1.3","ug/m3 LC","7","Huron","1","100.0000","88502","Acceptable PM2.5 AQI & Speciation Mass","731","Met-One BAM-1020 W/PM2.5 SCC","23420","Fresno, CA","06","California","019","Fresno","36.198672","-120.101096"
"11/15/2025","AQS","060192008","3","3.2","ug/m3 LC","18","Huron","1","100.0000","88502","Acceptable PM2.5 AQI & Speciation Mass","731","Met-One BAM-1020 W/PM2.5 SCC","23420","Fresno, CA","06","California","019","Fresno","36.198672","-120.101096"
"11/16/2025","AQS","060192008","3","1.2","ug/m3 LC","7","Huron","1","100.0000","88502","Acceptable PM2.5 AQI & Speciation Mass","731","Met-One BAM-1020 W/PM2.5 SCC","23420","Fresno, CA","06","California","019","Fresno","36.198672","-120.101096"
"11/17/2025","AQS","060192008","3","1.6","ug/m3 LC","9","Huron","1","100.0000","88502","Acceptable PM2.5 AQI & Speciation Mass","731","Met-One BAM-1020 W/PM2.5 SCC","23420","Fresno, CA","06","California","019","Fresno","36.198672","-120.101096"
"11/18/2025","AQS","060192008","3","3.8","ug/m3 LC","21","Huron","1","100.0000","88502","Acceptable PM2.5 AQI & Speciation Mass","731","Met-One BAM-1020 W/PM2.5 SCC","23420","Fresno, CA","06","California","019","Fresno","36.198672","-120.101096"
"11/19/2025","AQS","060192008","3","4","ug/m3 LC","22","Huron","1","100.0000","88502","Acceptable PM2.5 AQI & Speciation Mass","731","Met-One BAM-1020 W/PM2.5 SCC","23420","Fresno, CA","06","California","019","Fresno","36.198672","-120.101096"
"11/20/2025","AQS","060192008","3","7.6","ug/m3 LC","42","Huron","1","100.0000","88502","Acceptable PM2.5 AQI & Speciation Mass","731","Met-One BAM-1020 W/PM2.5 SCC","23420","Fresno, CA","06","California","019","Fresno","36.198672","-120.101096"
"11/21/2025","AQS","060192008","3","8.4","ug/m3 LC","47","Huron","1","100.0000","88502","Acceptable PM2.5 AQI & Speciation Mass","731","Met-One BAM-1020 W/PM2.5 SCC","23420","Fresno, CA","06","California","019","Fresno","36.198672","-120.101096"
"11/22/2025","AQS","060192008","3","8","ug/m3 LC","44","Huron","1","100.0000","88502","Acceptable PM2.5 AQI & Speciation Mass","731","Met-One BAM-1020 W/PM2.5 SCC","23420","Fresno, CA","06","California","019","Fresno","36.198672","-120.101096"
"11/23/2025","AQS","060192008","3","10.2","ug/m3 LC","53","Huron","1","100.0000","88502","Acceptable PM2.5 AQI & Speciation Mass","731","Met-One BAM-1020 W/PM2.5 SCC","23420","Fresno, CA","06","California","019","Fresno","36.198672","-120.101096"
"11/24/2025","AQS","060192008","3","9.2","ug/m3 LC","51","Huron","1","100.0000","88502","Acceptable PM2.5 AQI & Speciation Mass","731","Met-One BAM-1020 W/PM2.5 SCC","23420","Fresno, CA","06","California","019","Fresno","36.198672","-120.101096"
"11/25/2025","AQS","060192008","3","6.7","ug/m3 LC","37","Huron","1","100.0000","88502","Acceptable PM2.5 AQI & Speciation Mass","731","Met-One BAM-1020 W/PM2.5 SCC","23420","Fresno, CA","06","California","019","Fresno","36.198672","-120.101096"
"11/26/2025","AQS","060192008","3","11.5","ug/m3 LC","55","Huron","1","100.0000","88502","Acceptable PM2.5 AQI & Speciation Mass","731","Met-One BAM-1020 W/PM2.5 SCC","23420","Fresno, CA","06","California","019","Fresno","36.198672","-120.101096"
"11/27/2025","AQS","060192008","3","15.8","ug/m3 LC","63","Huron","1","100.0000","88502","Acceptable PM2.5 AQI & Speciation Mass","731","Met-One BAM-1020 W/PM2.5 SCC","23420","Fresno, CA","06","California","019","Fresno","36.198672","-120.101096"
"11/28/2025","AQS","060192008","3","15.7","ug/m3 LC","63","Huron","1","100.0000","88502","Acceptable PM2.5 AQI & Speciation Mass","731","Met-One BAM-1020 W/PM2.5 SCC","23420","Fresno, CA","06","California","019","Fresno","36.198672","-120.101096"
"11/29/2025","AQS","060192008","3","13.7","ug/m3 LC","60","Huron","1","100.0000","88502","Acceptable PM2.5 AQI & Speciation Mass","731","Met-One BAM-1020 W/PM2.5 SCC","23420","Fresno, CA","06","California","019","Fresno","36.198672","-120.101096"
"11/30/2025","AQS","060192008","3","9.2","ug/m3 LC","51","Huron","1","100.0000","88502","Acceptable PM2.5 AQI & Speciation Mass","731","Met-One BAM-1020 W/PM2.5 SCC","23420","Fresno, CA","06","California","019","Fresno","36.198672","-120.101096"
"12/01/2025","AQS","060192008","3","11.9","ug/m3 LC","56","Huron","1","100.0000","88502","Acceptable PM2.5 AQI & Speciation Mass","731","Met-One BAM-1020 W/PM2.5 SCC","23420","Fresno, CA","06","California","019","Fresno","36.198672","-120.101096"
"12/02/2025","AQS","060192008","3","11.9","ug/m3 LC","56","Huron","1","100.0000","88502","Acceptable PM2.5 AQI & Speciation Mass","731","Met-One BAM-1020 W/PM2.5 SCC","23420","Fresno, CA","06","California","019","Fresno","36.198672","-120.101096"
"12/03/2025","AQS","060192008","3","10.3","ug/m3 LC","53","Huron","1","100.0000","88502","Acceptable PM2.5 AQI & Speciation Mass","731","Met-One BAM-1020 W/PM2.5 SCC","23420","Fresno, CA","06","California","019","Fresno","36.198672","-120.101096"
"12/04/2025","AQS","060192008","3","11","ug/m3 LC","55","Huron","1","100.0000","88502","Acceptable PM2.5 AQI & Speciation Mass","731","Met-One BAM-1020 W/PM2.5 SCC","23420","Fresno, CA","06","California","019","Fresno","36.198672","-120.101096"
"12/05/2025","AQS","060192008","3","12","ug/m3 LC","56","Huron","1","100.0000","88502","Acceptable PM2.5 AQI & Speciation Mass","731","Met-One BAM-1020 W/PM2.5 SCC","23420","Fresno, CA","06","California","019","Fresno","36.198672","-120.101096"
"12/06/2025","AQS","060192008","3","17.2","ug/m3 LC","66","Huron","1","100.0000","88502","Acceptable PM2.5 AQI & Speciation Mass","731","Met-One BAM-1020 W/PM2.5 SCC","23420","Fresno, CA","06","California","019","Fresno","36.198672","-120.101096"
"12/07/2025","AQS","060192008","3","15.1","ug/m3 LC","62","Huron","1","100.0000","88502","Acceptable PM2.5 AQI & Speciation Mass","731","Met-One BAM-1020 W/PM2.5 SCC","23420","Fresno, CA","06","California","019","Fresno","36.198672","-120.101096"
"12/08/2025","AQS","060192008","3","9.2","ug/m3 LC","51","Huron","1","100.0000","88502","Acceptable PM2.5 AQI & Speciation Mass","731","Met-One BAM-1020 W/PM2.5 SCC","23420","Fresno, CA","06","California","019","Fresno","36.198672","-120.101096"
"12/09/2025","AQS","060192008","3","6.3","ug/m3 LC","35","Huron","1","100.0000","88502","Acceptable PM2.5 AQI & Speciation Mass","731","Met-One BAM-1020 W/PM2.5 SCC","23420","Fresno, CA","06","California","019","Fresno","36.198672","-120.101096"
"12/10/2025","AQS","060192008","3","1.7","ug/m3 LC","9","Huron","1","100.0000","88502","Acceptable PM2.5 AQI & Speciation Mass","731","Met-One BAM-1020 W/PM2.5 SCC","23420","Fresno, CA","06","California","019","Fresno","36.198672","-120.101096"
"12/11/2025","AQS","060192008","3","3.4","ug/m3 LC","19","Huron","1","100.0000","88502","Acceptable PM2.5 AQI & Speciation Mass","731","Met-One BAM-1020 W/PM2.5 SCC","23420","Fresno, CA","06","California","019","Fresno","36.198672","-120.101096"
"12/12/2025","AQS","060192008","3","1.5","ug/m3 LC","8","Huron","1","100.0000","88502","Acceptable PM2.5 AQI & Speciation Mass","731","Met-One BAM-1020 W/PM2.5 SCC","23420","Fresno, CA","06","California","019","Fresno","36.198672","-120.101096"
"12/13/2025","AQS","060192008","3","3.2","ug/m3 LC","18","Huron","1","100.0000","88502","Acceptable PM2.5 AQI & Speciation Mass","731","Met-One BAM-1020 W/PM2.5 SCC","23420","Fresno, CA","06","California","019","Fresno","36.198672","-120.101096"
"12/14/2025","AQS","060192008","3","4","ug/m3 LC","22","Huron","1","100.0000","88502","Acceptable PM2.5 AQI & Speciation Mass","731","Met-One BAM-1020 W/PM2.5 SCC","23420","Fresno, CA","06","California","019","Fresno","36.198672","-120.101096"
"12/15/2025","AQS","060192008","3","3.5","ug/m3 LC","19","Huron","1","100.0000","88502","Acceptable PM2.5 AQI & Speciation Mass","731","Met-One BAM-1020 W/PM2.5 SCC","23420","Fresno, CA","06","California","019","Fresno","36.198672","-120.101096"
"12/16/2025","AQS","060192008","3","3.9","ug/m3 LC","22","Huron","1","100.0000","88502","Acceptable PM2.5 AQI & Speciation Mass","731","Met-One BAM-1020 W/PM2.5 SCC","23420","Fresno, CA","06","California","019","Fresno","36.198672","-120.101096"
"12/17/2025","AQS","060192008","3","3.6","ug/m3 LC","20","Huron","1","100.0000","88502","Acceptable PM2.5 AQI & Speciation Mass","731","Met-One BAM-1020 W/PM2.5 SCC","23420","Fresno, CA","06","California","019","Fresno","36.198672","-120.101096"
"12/18/2025","AQS","060192008","3","13.2","ug/m3 LC","59","Huron","1","100.0000","88502","Acceptable PM2.5 AQI & Speciation Mass","731","Met-One BAM-1020 W/PM2.5 SCC","23420","Fresno, CA","06","California","019","Fresno","36.198672","-120.101096"
"12/19/2025","AQS","060192008","3","7.7","ug/m3 LC","43","Huron","1","100.0000","88502","Acceptable PM2.5 AQI & Speciation Mass","731","Met-One BAM-1020 W/PM2.5 SCC","23420","Fresno, CA","06","California","019","Fresno","36.198672","-120.101096"
"12/20/2025","AQS","060192008","3","9.5","ug/m3 LC","52","Huron","1","100.0000","88502","Acceptable PM2.5 AQI & Speciation Mass","731","Met-One BAM-1020 W/PM2.5 SCC","23420","Fresno, CA","06","California","019","Fresno","36.198672","-120.101096"
"12/21/2025","AQS","060192008","3","4.4","ug/m3 LC","24","Huron","1","100.0000","88502","Acceptable PM2.5 AQI & Speciation Mass","731","Met-One BAM-1020 W/PM2.5 SCC","23420","Fresno, CA","06","California","019","Fresno","36.198672","-120.101096"
"12/22/2025","AQS","060192008","3","2.1","ug/m3 LC","12","Huron","1","100.0000","88502","Acceptable PM2.5 AQI & Speciation Mass","731","Met-One BAM-1020 W/PM2.5 SCC","23420","Fresno, CA","06","California","019","Fresno","36.198672","-120.101096"
"12/23/2025","AQS","060192008","3","3.3","ug/m3 LC","18","Huron","1","100.0000","88502","Acceptable PM2.5 AQI & Speciation Mass","731","Met-One BAM-1020 W/PM2.5 SCC","23420","Fresno, CA","06","California","019","Fresno","36.198672","-120.101096"
"12/24/2025","AQS","060192008","3","2.2","ug/m3 LC","12","Huron","1","100.0000","88502","Acceptable PM2.5 AQI & Speciation Mass","731","Met-One BAM-1020 W/PM2.5 SCC","23420","Fresno, CA","06","California","019","Fresno","36.198672","-120.101096"
"12/25/2025","AQS","060192008","3","2.3","ug/m3 LC","13","Huron","1","100.0000","88502","Acceptable PM2.5 AQI & Speciation Mass","731","Met-One BAM-1020 W/PM2.5 SCC","23420","Fresno, CA","06","California","019","Fresno","36.198672","-120.101096"
"12/26/2025","AQS","060192008","3","3.1","ug/m3 LC","17","Huron","1","100.0000","88502","Acceptable PM2.5 AQI & Speciation Mass","731","Met-One BAM-1020 W/PM2.5 SCC","23420","Fresno, CA","06","California","019","Fresno","36.198672","-120.101096"
"12/27/2025","AQS","060192008","3","4.5","ug/m3 LC","25","Huron","1","100.0000","88502","Acceptable PM2.5 AQI & Speciation Mass","731","Met-One BAM-1020 W/PM2.5 SCC","23420","Fresno, CA","06","California","019","Fresno","36.198672","-120.101096"
"12/28/2025","AQS","060192008","3","4.1","ug/m3 LC","23","Huron","1","100.0000","88502","Acceptable PM2.5 AQI & Speciation Mass","731","Met-One BAM-1020 W/PM2.5 SCC","23420","Fresno, CA","06","California","019","Fresno","36.198672","-120.101096"
"12/29/2025","AQS","060192008","3","5.2","ug/m3 LC","29","Huron","1","100.0000","88502","Acceptable PM2.5 AQI & Speciation Mass","731","Met-One BAM-1020 W/PM2.5 SCC","23420","Fresno, CA","06","California","019","Fresno","36.198672","-120.101096"
"12/30/2025","AQS","060192008","3","7","ug/m3 LC","39","Huron","1","100.0000","88502","Acceptable PM2.5 AQI & Speciation Mass","731","Met-One BAM-1020 W/PM2.5 SCC","23420","Fresno, CA","06","California","019","Fresno","36.198672","-120.101096"
"12/31/2025","AQS","060192008","3","8.2","ug/m3 LC","46","Huron","1","100.0000","88502","Acceptable PM2.5 AQI & Speciation Mass","731","Met-One BAM-1020 W/PM2.5 SCC","23420","Fresno, CA","06","California","019","Fresno","36.198672","-120.101096"
"01/01/2025","AQS","060192009","3","1.1","ug/m3 LC","6","Tranquillity","1","100.0000","88101","PM2.5 - Local Conditions","170","Met One BAM-1020 Mass Monitor w/VSCC","23420","Fresno, CA","06","California","019","Fresno","36.6342250009037","-120.382331"
"01/02/2025","AQS","060192009","3","5.3","ug/m3 LC","29","Tranquillity","1","100.0000","88101","PM2.5 - Local Conditions","170","Met One BAM-1020 Mass Monitor w/VSCC","23420","Fresno, CA","06","California","019","Fresno","36.6342250009037","-120.382331"
"01/03/2025","AQS","060192009","3","16.3","ug/m3 LC","64","Tranquillity","1","100.0000","88101","PM2.5 - Local Conditions","170","Met One BAM-1020 Mass Monitor w/VSCC","23420","Fresno, CA","06","California","019","Fresno","36.6342250009037","-120.382331"
"01/04/2025","AQS","060192009","3","1.7","ug/m3 LC","9","Tranquillity","1","100.0000","88101","PM2.5 - Local Conditions","170","Met One BAM-1020 Mass Monitor w/VSCC","23420","Fresno, CA","06","California","019","Fresno","36.6342250009037","-120.382331"
"01/05/2025","AQS","060192009","3","0.6","ug/m3 LC","3","Tranquillity","1","100.0000","88101","PM2.5 - Local Conditions","170","Met One BAM-1020 Mass Monitor w/VSCC","23420","Fresno, CA","06","California","019","Fresno","36.6342250009037","-120.382331"
"01/06/2025","AQS","060192009","3","2.5","ug/m3 LC","14","Tranquillity","1","100.0000","88101","PM2.5 - Local Conditions","170","Met One BAM-1020 Mass Monitor w/VSCC","23420","Fresno, CA","06","California","019","Fresno","36.6342250009037","-120.382331"
"01/07/2025","AQS","060192009","3","3.6","ug/m3 LC","20","Tranquillity","1","100.0000","88101","PM2.5 - Local Conditions","170","Met One BAM-1020 Mass Monitor w/VSCC","23420","Fresno, CA","06","California","019","Fresno","36.6342250009037","-120.382331"
"01/08/2025","AQS","060192009","3","6.7","ug/m3 LC","37","Tranquillity","1","100.0000","88101","PM2.5 - Local Conditions","170","Met One BAM-1020 Mass Monitor w/VSCC","23420","Fresno, CA","06","California","019","Fresno","36.6342250009037","-120.382331"
"01/09/2025","AQS","060192009","3","5.7","ug/m3 LC","32","Tranquillity","1","100.0000","88101","PM2.5 - Local Conditions","170","Met One BAM-1020 Mass Monitor w/VSCC","23420","Fresno, CA","06","California","019","Fresno","36.6342250009037","-120.382331"
"01/10/2025","AQS","060192009","3","8.1","ug/m3 LC","45","Tranquillity","1","100.0000","88101","PM2.5 - Local Conditions","170","Met One BAM-1020 Mass Monitor w/VSCC","23420","Fresno, CA","06","California","019","Fresno","36.6342250009037","-120.382331"
"01/11/2025","AQS","060192009","3","3.6","ug/m3 LC","20","Tranquillity","1","100.0000","88101","PM2.5 - Local Conditions","170","Met One BAM-1020 Mass Monitor w/VSCC","23420","Fresno, CA","06","California","019","Fresno","36.6342250009037","-120.382331"
"01/12/2025","AQS","060192009","3","2.4","ug/m3 LC","13","Tranquillity","1","100.0000","88101","PM2.5 - Local Conditions","170","Met One BAM-1020 Mass Monitor w/VSCC","23420","Fresno, CA","06","California","019","Fresno","36.6342250009037","-120.382331"
"01/13/2025","AQS","060192009","3","4.5","ug/m3 LC","25","Tranquillity","1","100.0000","88101","PM2.5 - Local Conditions","170","Met One BAM-1020 Mass Monitor w/VSCC","23420","Fresno, CA","06","California","019","Fresno","36.6342250009037","-120.382331"
"01/14/2025","AQS","060192009","3","3.6","ug/m3 LC","20","Tranquillity","1","100.0000","88101","PM2.5 - Local Conditions","170","Met One BAM-1020 Mass Monitor w/VSCC","23420","Fresno, CA","06","California","019","Fresno","36.6342250009037","-120.382331"
"01/15/2025","AQS","060192009","3","7.1","ug/m3 LC","39","Tranquillity","1","100.0000","88101","PM2.5 - Local Conditions","170","Met One BAM-1020 Mass Monitor w/VSCC","23420","Fresno, CA","06","California","019","Fresno","36.6342250009037","-120.382331"
"01/16/2025","AQS","060192009","3","8.2","ug/m3 LC","46","Tranquillity","1","100.0000","88101","PM2.5 - Local Conditions","170","Met One BAM-1020 Mass Monitor w/VSCC","23420","Fresno, CA","06","California","019","Fresno","36.6342250009037","-120.382331"
"01/17/2025","AQS","060192009","3","10.8","ug/m3 LC","54","Tranquillity","1","100.0000","88101","PM2.5 - Local Conditions","170","Met One BAM-1020 Mass Monitor w/VSCC","23420","Fresno, CA","06","California","019","Fresno","36.6342250009037","-120.382331"
"01/18/2025","AQS","060192009","3","11.5","ug/m3 LC","55","Tranquillity","1","100.0000","88101","PM2.5 - Local Conditions","170","Met One BAM-1020 Mass Monitor w/VSCC","23420","Fresno, CA","06","California","019","Fresno","36.6342250009037","-120.382331"
"01/19/2025","AQS","060192009","3","8","ug/m3 LC","44","Tranquillity","1","100.0000","88101","PM2.5 - Local Conditions","170","Met One BAM-1020 Mass Monitor w/VSCC","23420","Fresno, CA","06","California","019","Fresno","36.6342250009037","-120.382331"
"01/20/2025","AQS","060192009","3","10.3","ug/m3 LC","53","Tranquillity","1","100.0000","88101","PM2.5 - Local Conditions","170","Met One BAM-1020 Mass Monitor w/VSCC","23420","Fresno, CA","06","California","019","Fresno","36.6342250009037","-120.382331"
"01/21/2025","AQS","060192009","3","7.8","ug/m3 LC","43","Tranquillity","1","100.0000","88101","PM2.5 - Local Conditions","170","Met One BAM-1020 Mass Monitor w/VSCC","23420","Fresno, CA","06","California","019","Fresno","36.6342250009037","-120.382331"
"01/22/2025","AQS","060192009","3","5.8","ug/m3 LC","32","Tranquillity","1","100.0000","88101","PM2.5 - Local Conditions","170","Met One BAM-1020 Mass Monitor w/VSCC","23420","Fresno, CA","06","California","019","Fresno","36.6342250009037","-120.382331"
"01/23/2025","AQS","060192009","3","9.7","ug/m3 LC","52","Tranquillity","1","100.0000","88101","PM2.5 - Local Conditions","170","Met One BAM-1020 Mass Monitor w/VSCC","23420","Fresno, CA","06","California","019","Fresno","36.6342250009037","-120.382331"
"01/24/2025","AQS","060192009","3","17.3","ug/m3 LC","66","Tranquillity","1","100.0000","88101","PM2.5 - Local Conditions","170","Met One BAM-1020 Mass Monitor w/VSCC","23420","Fresno, CA","06","California","019","Fresno","36.6342250009037","-120.382331"
"01/25/2025","AQS","060192009","3","12.7","ug/m3 LC","58","Tranquillity","1","100.0000","88101","PM2.5 - Local Conditions","170","Met One BAM-1020 Mass Monitor w/VSCC","23420","Fresno, CA","06","California","019","Fresno","36.6342250009037","-120.382331"
"01/26/2025","AQS","060192009","3","2.9","ug/m3 LC","16","Tranquillity","1","100.0000","88101","PM2.5 - Local Conditions","170","Met One BAM-1020 Mass Monitor w/VSCC","23420","Fresno, CA","06","California","019","Fresno","36.6342250009037","-120.382331"
"01/27/2025","AQS","060192009","3","2.6","ug/m3 LC","14","Tranquillity","1","100.0000","88101","PM2.5 - Local Conditions","170","Met One BAM-1020 Mass Monitor w/VSCC","23420","Fresno, CA","06","California","019","Fresno","36.6342250009037","-120.382331"
"01/28/2025","AQS","060192009","3","4","ug/m3 LC","22","Tranquillity","1","100.0000","88101","PM2.5 - Local Conditions","170","Met One BAM-1020 Mass Monitor w/VSCC","23420","Fresno, CA","06","California","019","Fresno","36.6342250009037","-120.382331"
"01/29/2025","AQS","060192009","3","4.8","ug/m3 LC","27","Tranquillity","1","100.0000","88101","PM2.5 - Local Conditions","170","Met One BAM-1020 Mass Monitor w/VSCC","23420","Fresno, CA","06","California","019","Fresno","36.6342250009037","-120.382331"
"01/30/2025","AQS","060192009","3","10.1","ug/m3 LC","53","Tranquillity","1","100.0000","88101","PM2.5 - Local Conditions","170","Met One BAM-1020 Mass Monitor w/VSCC","23420","Fresno, CA","06","California","019","Fresno","36.6342250009037","-120.382331"
"01/31/2025","AQS","060192009","3","14.2","ug/m3 LC","61","Tranquillity","1","100.0000","88101","PM2.5 - Local Conditions","170","Met One BAM-1020 Mass Monitor w/VSCC","23420","Fresno, CA","06","California","019","Fresno","36.6342250009037","-120.382331"
"02/01/2025","AQS","060192009","3","19.6","ug/m3 LC","71","Tranquillity","1","100.0000","88101","PM2.5 - Local Conditions","170","Met One BAM-1020 Mass Monitor w/VSCC","23420","Fresno, CA","06","California","019","Fresno","36.6342250009037","-120.382331"
"02/02/2025","AQS","060192009","3","6.9","ug/m3 LC","38","Tranquillity","1","100.0000","88101","PM2.5 - Local Conditions","170","Met One BAM-1020 Mass Monitor w/VSCC","23420","Fresno, CA","06","California","019","Fresno","36.6342250009037","-120.382331"
"02/03/2025","AQS","060192009","3","5","ug/m3 LC","28","Tranquillity","1","100.0000","88101","PM2.5 - Local Conditions","170","Met One BAM-1020 Mass Monitor w/VSCC","23420","Fresno, CA","06","California","019","Fresno","36.6342250009037","-120.382331"
"02/04/2025","AQS","060192009","3","2.9","ug/m3 LC","16","Tranquillity","1","100.0000","88101","PM2.5 - Local Conditions","170","Met One BAM-1020 Mass Monitor w/VSCC","23420","Fresno, CA","06","California","019","Fresno","36.6342250009037","-120.382331"
"02/05/2025","AQS","060192009","3","2.4","ug/m3 LC","13","Tranquillity","1","100.0000","88101","PM2.5 - Local Conditions","170","Met One BAM-1020 Mass Monitor w/VSCC","23420","Fresno, CA","06","California","019","Fresno","36.6342250009037","-120.382331"
"02/06/2025","AQS","060192009","3","3.4","ug/m3 LC","19","Tranquillity","1","100.0000","88101","PM2.5 - Local Conditions","170","Met One BAM-1020 Mass Monitor w/VSCC","23420","Fresno, CA","06","California","019","Fresno","36.6342250009037","-120.382331"
"02/07/2025","AQS","060192009","3","3.6","ug/m3 LC","20","Tranquillity","1","100.0000","88101","PM2.5 - Local Conditions","170","Met One BAM-1020 Mass Monitor w/VSCC","23420","Fresno, CA","06","California","019","Fresno","36.6342250009037","-120.382331"
"02/08/2025","AQS","060192009","3","0.6","ug/m3 LC","3","Tranquillity","1","100.0000","88101","PM2.5 - Local Conditions","170","Met One BAM-1020 Mass Monitor w/VSCC","23420","Fresno, CA","06","California","019","Fresno","36.6342250009037","-120.382331"
"02/09/2025","AQS","060192009","3","0.9","ug/m3 LC","5","Tranquillity","1","100.0000","88101","PM2.5 - Local Conditions","170","Met One BAM-1020 Mass Monitor w/VSCC","23420","Fresno, CA","06","California","019","Fresno","36.6342250009037","-120.382331"
"02/10/2025","AQS","060192009","3","1.2","ug/m3 LC","7","Tranquillity","1","100.0000","88101","PM2.5 - Local Conditions","170","Met One BAM-1020 Mass Monitor w/VSCC","23420","Fresno, CA","06","California","019","Fresno","36.6342250009037","-120.382331"
"02/11/2025","AQS","060192009","3","2.2","ug/m3 LC","12","Tranquillity","1","100.0000","88101","PM2.5 - Local Conditions","170","Met One BAM-1020 Mass Monitor w/VSCC","23420","Fresno, CA","06","California","019","Fresno","36.6342250009037","-120.382331"
"02/12/2025","AQS","060192009","3","3.4","ug/m3 LC","19","Tranquillity","1","100.0000","88101","PM2.5 - Local Conditions","170","Met One BAM-1020 Mass Monitor w/VSCC","23420","Fresno, CA","06","California","019","Fresno","36.6342250009037","-120.382331"
"02/13/2025","AQS","060192009","3","4","ug/m3 LC","22","Tranquillity","1","100.0000","88101","PM2.5 - Local Conditions","170","Met One BAM-1020 Mass Monitor w/VSCC","23420","Fresno, CA","06","California","019","Fresno","36.6342250009037","-120.382331"
"02/14/2025","AQS","060192009","3","4.2","ug/m3 LC","23","Tranquillity","1","100.0000","88101","PM2.5 - Local Conditions","170","Met One BAM-1020 Mass Monitor w/VSCC","23420","Fresno, CA","06","California","019","Fresno","36.6342250009037","-120.382331"
"02/15/2025","AQS","060192009","3","3.3","ug/m3 LC","18","Tranquillity","1","100.0000","88101","PM2.5 - Local Conditions","170","Met One BAM-1020 Mass Monitor w/VSCC","23420","Fresno, CA","06","California","019","Fresno","36.6342250009037","-120.382331"
"02/16/2025","AQS","060192009","3","3.9","ug/m3 LC","22","Tranquillity","1","100.0000","88101","PM2.5 - Local Conditions","170","Met One BAM-1020 Mass Monitor w/VSCC","23420","Fresno, CA","06","California","019","Fresno","36.6342250009037","-120.382331"
"02/17/2025","AQS","060192009","3","2.8","ug/m3 LC","16","Tranquillity","1","100.0000","88101","PM2.5 - Local Conditions","170","Met One BAM-1020 Mass Monitor w/VSCC","23420","Fresno, CA","06","California","019","Fresno","36.6342250009037","-120.382331"
"02/18/2025","AQS","060192009","3","1.7","ug/m3 LC","9","Tranquillity","1","100.0000","88101","PM2.5 - Local Conditions","170","Met One BAM-1020 Mass Monitor w/VSCC","23420","Fresno, CA","06","California","019","Fresno","36.6342250009037","-120.382331"
"02/19/2025","AQS","060192009","3","2.6","ug/m3 LC","14","Tranquillity","1","100.0000","88101","PM2.5 - Local Conditions","170","Met One BAM-1020 Mass Monitor w/VSCC","23420","Fresno, CA","06","California","019","Fresno","36.6342250009037","-120.382331"
"02/20/2025","AQS","060192009","3","3.8","ug/m3 LC","21","Tranquillity","1","100.0000","88101","PM2.5 - Local Conditions","170","Met One BAM-1020 Mass Monitor w/VSCC","23420","Fresno, CA","06","California","019","Fresno","36.6342250009037","-120.382331"
"02/21/2025","AQS","060192009","3","3.3","ug/m3 LC","18","Tranquillity","1","100.0000","88101","PM2.5 - Local Conditions","170","Met One BAM-1020 Mass Monitor w/VSCC","23420","Fresno, CA","06","California","019","Fresno","36.6342250009037","-120.382331"
"02/22/2025","AQS","060192009","3","3","ug/m3 LC","17","Tranquillity","1","100.0000","88101","PM2.5 - Local Conditions","170","Met One BAM-1020 Mass Monitor w/VSCC","23420","Fresno, CA","06","California","019","Fresno","36.6342250009037","-120.382331"
"02/23/2025","AQS","060192009","3","3.1","ug/m3 LC","17","Tranquillity","1","100.0000","88101","PM2.5 - Local Conditions","170","Met One BAM-1020 Mass Monitor w/VSCC","23420","Fresno, CA","06","California","019","Fresno","36.6342250009037","-120.382331"
"02/24/2025","AQS","060192009","3","7.5","ug/m3 LC","42","Tranquillity","1","100.0000","88101","PM2.5 - Local Conditions","170","Met One BAM-1020 Mass Monitor w/VSCC","23420","Fresno, CA","06","California","019","Fresno","36.6342250009037","-120.382331"
"02/25/2025","AQS","060192009","3","4.7","ug/m3 LC","26","Tranquillity","1","100.0000","88101","PM2.5 - Local Conditions","170","Met One BAM-1020 Mass Monitor w/VSCC","23420","Fresno, CA","06","California","019","Fresno","36.6342250009037","-120.382331"
"02/26/2025","AQS","060192009","3","2","ug/m3 LC","11","Tranquillity","1","100.0000","88101","PM2.5 - Local Conditions","170","Met One BAM-1020 Mass Monitor w/VSCC","23420","Fresno, CA","06","California","019","Fresno","36.6342250009037","-120.382331"
"02/27/2025","AQS","060192009","3","5.2","ug/m3 LC","29","Tranquillity","1","100.0000","88101","PM2.5 - Local Conditions","170","Met One BAM-1020 Mass Monitor w/VSCC","23420","Fresno, CA","06","California","019","Fresno","36.6342250009037","-120.382331"
"02/28/2025","AQS","060192009","3","6.6","ug/m3 LC","37","Tranquillity","1","100.0000","88101","PM2.5 - Local Conditions","170","Met One BAM-1020 Mass Monitor w/VSCC","23420","Fresno, CA","06","California","019","Fresno","36.6342250009037","-120.382331"
"03/01/2025","AQS","060192009","3","4.1","ug/m3 LC","23","Tranquillity","1","100.0000","88101","PM2.5 - Local Conditions","170","Met One BAM-1020 Mass Monitor w/VSCC","23420","Fresno, CA","06","California","019","Fresno","36.6342250009037","-120.382331"
"03/02/2025","AQS","060192009","3","2","ug/m3 LC","11","Tranquillity","1","100.0000","88101","PM2.5 - Local Conditions","170","Met One BAM-1020 Mass Monitor w/VSCC","23420","Fresno, CA","06","California","019","Fresno","36.6342250009037","-120.382331"
"03/03/2025","AQS","060192009","3","2","ug/m3 LC","11","Tranquillity","1","100.0000","88101","PM2.5 - Local Conditions","170","Met One BAM-1020 Mass Monitor w/VSCC","23420","Fresno, CA","06","California","019","Fresno","36.6342250009037","-120.382331"
"03/04/2025","AQS","060192009","3","2","ug/m3 LC","11","Tranquillity","1","100.0000","88101","PM2.5 - Local Conditions","170","Met One BAM-1020 Mass Monitor w/VSCC","23420","Fresno, CA","06","California","019","Fresno","36.6342250009037","-120.382331"
"03/05/2025","AQS","060192009","3","3.3","ug/m3 LC","18","Tranquillity","1","100.0000","88101","PM2.5 - Local Conditions","170","Met One BAM-1020 Mass Monitor w/VSCC","23420","Fresno, CA","06","California","019","Fresno","36.6342250009037","-120.382331"
"03/06/2025","AQS","060192009","3","0.6","ug/m3 LC","3","Tranquillity","1","100.0000","88101","PM2.5 - Local Conditions","170","Met One BAM-1020 Mass Monitor w/VSCC","23420","Fresno, CA","06","California","019","Fresno","36.6342250009037","-120.382331"
"03/07/2025","AQS","060192009","3","3","ug/m3 LC","17","Tranquillity","1","100.0000","88101","PM2.5 - Local Conditions","170","Met One BAM-1020 Mass Monitor w/VSCC","23420","Fresno, CA","06","California","019","Fresno","36.6342250009037","-120.382331"
"03/08/2025","AQS","060192009","3","2.3","ug/m3 LC","13","Tranquillity","1","100.0000","88101","PM2.5 - Local Conditions","170","Met One BAM-1020 Mass Monitor w/VSCC","23420","Fresno, CA","06","California","019","Fresno","36.6342250009037","-120.382331"
"03/09/2025","AQS","060192009","3","2.6","ug/m3 LC","14","Tranquillity","1","100.0000","88101","PM2.5 - Local Conditions","170","Met One BAM-1020 Mass Monitor w/VSCC","23420","Fresno, CA","06","California","019","Fresno","36.6342250009037","-120.382331"
"03/10/2025","AQS","060192009","3","4.8","ug/m3 LC","27","Tranquillity","1","100.0000","88101","PM2.5 - Local Conditions","170","Met One BAM-1020 Mass Monitor w/VSCC","23420","Fresno, CA","06","California","019","Fresno","36.6342250009037","-120.382331"
"03/11/2025","AQS","060192009","3","3.5","ug/m3 LC","19","Tranquillity","1","100.0000","88101","PM2.5 - Local Conditions","170","Met One BAM-1020 Mass Monitor w/VSCC","23420","Fresno, CA","06","California","019","Fresno","36.6342250009037","-120.382331"
"03/12/2025","AQS","060192009","3","1.3","ug/m3 LC","7","Tranquillity","1","100.0000","88101","PM2.5 - Local Conditions","170","Met One BAM-1020 Mass Monitor w/VSCC","23420","Fresno, CA","06","California","019","Fresno","36.6342250009037","-120.382331"
"03/13/2025","AQS","060192009","3","0.8","ug/m3 LC","4","Tranquillity","1","100.0000","88101","PM2.5 - Local Conditions","170","Met One BAM-1020 Mass Monitor w/VSCC","23420","Fresno, CA","06","California","019","Fresno","36.6342250009037","-120.382331"
"03/14/2025","AQS","060192009","3","2.3","ug/m3 LC","13","Tranquillity","1","100.0000","88101","PM2.5 - Local Conditions","170","Met One BAM-1020 Mass Monitor w/VSCC","23420","Fresno, CA","06","California","019","Fresno","36.6342250009037","-120.382331"
"03/15/2025","AQS","060192009","3","6","ug/m3 LC","33","Tranquillity","1","100.0000","88101","PM2.5 - Local Conditions","170","Met One BAM-1020 Mass Monitor w/VSCC","23420","Fresno, CA","06","California","019","Fresno","36.6342250009037","-120.382331"
"03/16/2025","AQS","060192009","3","4.5","ug/m3 LC","25","Tranquillity","1","100.0000","88101","PM2.5 - Local Conditions","170","Met One BAM-1020 Mass Monitor w/VSCC","23420","Fresno, CA","06","California","019","Fresno","36.6342250009037","-120.382331"
"03/17/2025","AQS","060192009","3","3.7","ug/m3 LC","21","Tranquillity","1","100.0000","88101","PM2.5 - Local Conditions","170","Met One BAM-1020 Mass Monitor w/VSCC","23420","Fresno, CA","06","California","019","Fresno","36.6342250009037","-120.382331"
"03/18/2025","AQS","060192009","3","1.6","ug/m3 LC","9","Tranquillity","1","100.0000","88101","PM2.5 - Local Conditions","170","Met One BAM-1020 Mass Monitor w/VSCC","23420","Fresno, CA","06","California","019","Fresno","36.6342250009037","-120.382331"
"03/19/2025","AQS","060192009","3","2.9","ug/m3 LC","16","Tranquillity","1","100.0000","88101","PM2.5 - Local Conditions","170","Met One BAM-1020 Mass Monitor w/VSCC","23420","Fresno, CA","06","California","019","Fresno","36.6342250009037","-120.382331"
"03/20/2025","AQS","060192009","3","2.9","ug/m3 LC","16","Tranquillity","1","100.0000","88101","PM2.5 - Local Conditions","170","Met One BAM-1020 Mass Monitor w/VSCC","23420","Fresno, CA","06","California","019","Fresno","36.6342250009037","-120.382331"
"03/21/2025","AQS","060192009","3","2.4","ug/m3 LC","13","Tranquillity","1","100.0000","88101","PM2.5 - Local Conditions","170","Met One BAM-1020 Mass Monitor w/VSCC","23420","Fresno, CA","06","California","019","Fresno","36.6342250009037","-120.382331"
"03/22/2025","AQS","060192009","3","5.7","ug/m3 LC","32","Tranquillity","1","100.0000","88101","PM2.5 - Local Conditions","170","Met One BAM-1020 Mass Monitor w/VSCC","23420","Fresno, CA","06","California","019","Fresno","36.6342250009037","-120.382331"
"03/23/2025","AQS","060192009","3","2.5","ug/m3 LC","14","Tranquillity","1","100.0000","88101","PM2.5 - Local Conditions","170","Met One BAM-1020 Mass Monitor w/VSCC","23420","Fresno, CA","06","California","019","Fresno","36.6342250009037","-120.382331"
"03/24/2025","AQS","060192009","3","1.7","ug/m3 LC","9","Tranquillity","1","100.0000","88101","PM2.5 - Local Conditions","170","Met One BAM-1020 Mass Monitor w/VSCC","23420","Fresno, CA","06","California","019","Fresno","36.6342250009037","-120.382331"
"03/25/2025","AQS","060192009","3","5.3","ug/m3 LC","29","Tranquillity","1","100.0000","88101","PM2.5 - Local Conditions","170","Met One BAM-1020 Mass Monitor w/VSCC","23420","Fresno, CA","06","California","019","Fresno","36.6342250009037","-120.382331"
"03/26/2025","AQS","060192009","3","4.6","ug/m3 LC","26","Tranquillity","1","100.0000","88101","PM2.5 - Local Conditions","170","Met One BAM-1020 Mass Monitor w/VSCC","23420","Fresno, CA","06","California","019","Fresno","36.6342250009037","-120.382331"
"03/27/2025","AQS","060192009","3","3","ug/m3 LC","17","Tranquillity","1","100.0000","88101","PM2.5 - Local Conditions","170","Met One BAM-1020 Mass Monitor w/VSCC","23420","Fresno, CA","06","California","019","Fresno","36.6342250009037","-120.382331"
"03/28/2025","AQS","060192009","3","3.6","ug/m3 LC","20","Tranquillity","1","100.0000","88101","PM2.5 - Local Conditions","170","Met One BAM-1020 Mass Monitor w/VSCC","23420","Fresno, CA","06","California","019","Fresno","36.6342250009037","-120.382331"
"03/29/2025","AQS","060192009","3","2.2","ug/m3 LC","12","Tranquillity","1","100.0000","88101","PM2.5 - Local Conditions","170","Met One BAM-1020 Mass Monitor w/VSCC","23420","Fresno, CA","06","California","019","Fresno","36.6342250009037","-120.382331"
"03/30/2025","AQS","060192009","3","2.2","ug/m3 LC","12","Tranquillity","1","100.0000","88101","PM2.5 - Local Conditions","170","Met One BAM-1020 Mass Monitor w/VSCC","23420","Fresno, CA","06","California","019","Fresno","36.6342250009037","-120.382331"
"03/31/2025","AQS","060192009","3","1.3","ug/m3 LC","7","Tranquillity","1","100.0000","88101","PM2.5 - Local Conditions","170","Met One BAM-1020 Mass Monitor w/VSCC","23420","Fresno, CA","06","California","019","Fresno","36.6342250009037","-120.382331"
"04/01/2025","AQS","060192009","3","2.7","ug/m3 LC","15","Tranquillity","1","100.0000","88101","PM2.5 - Local Conditions","170","Met One BAM-1020 Mass Monitor w/VSCC","23420","Fresno, CA","06","California","019","Fresno","36.6342250009037","-120.382331"
"04/02/2025","AQS","060192009","3","1.7","ug/m3 LC","9","Tranquillity","1","100.0000","88101","PM2.5 - Local Conditions","170","Met One BAM-1020 Mass Monitor w/VSCC","23420","Fresno, CA","06","California","019","Fresno","36.6342250009037","-120.382331"
"04/03/2025","AQS","060192009","3","2.8","ug/m3 LC","16","Tranquillity","1","100.0000","88101","PM2.5 - Local Conditions","170","Met One BAM-1020 Mass Monitor w/VSCC","23420","Fresno, CA","06","California","019","Fresno","36.6342250009037","-120.382331"
"04/04/2025","AQS","060192009","3","3.1","ug/m3 LC","17","Tranquillity","1","100.0000","88101","PM2.5 - Local Conditions","170","Met One BAM-1020 Mass Monitor w/VSCC","23420","Fresno, CA","06","California","019","Fresno","36.6342250009037","-120.382331"
"04/05/2025","AQS","060192009","3","2.8","ug/m3 LC","16","Tranquillity","1","100.0000","88101","PM2.5 - Local Conditions","170","Met One BAM-1020 Mass Monitor w/VSCC","23420","Fresno, CA","06","California","019","Fresno","36.6342250009037","-120.382331"
"04/06/2025","AQS","060192009","3","2.7","ug/m3 LC","15","Tranquillity","1","100.0000","88101","PM2.5 - Local Conditions","170","Met One BAM-1020 Mass Monitor w/VSCC","23420","Fresno, CA","06","California","019","Fresno","36.6342250009037","-120.382331"
"04/07/2025","AQS","060192009","3","2.4","ug/m3 LC","13","Tranquillity","1","100.0000","88101","PM2.5 - Local Conditions","170","Met One BAM-1020 Mass Monitor w/VSCC","23420","Fresno, CA","06","California","019","Fresno","36.6342250009037","-120.382331"
"04/08/2025","AQS","060192009","3","2.4","ug/m3 LC","13","Tranquillity","1","100.0000","88101","PM2.5 - Local Conditions","170","Met One BAM-1020 Mass Monitor w/VSCC","23420","Fresno, CA","06","California","019","Fresno","36.6342250009037","-120.382331"
"04/09/2025","AQS","060192009","3","4.3","ug/m3 LC","24","Tranquillity","1","100.0000","88101","PM2.5 - Local Conditions","170","Met One BAM-1020 Mass Monitor w/VSCC","23420","Fresno, CA","06","California","019","Fresno","36.6342250009037","-120.382331"
"04/10/2025","AQS","060192009","3","4.5","ug/m3 LC","25","Tranquillity","1","100.0000","88101","PM2.5 - Local Conditions","170","Met One BAM-1020 Mass Monitor w/VSCC","23420","Fresno, CA","06","California","019","Fresno","36.6342250009037","-120.382331"
"04/11/2025","AQS","060192009","3","4","ug/m3 LC","22","Tranquillity","1","100.0000","88101","PM2.5 - Local Conditions","170","Met One BAM-1020 Mass Monitor w/VSCC","23420","Fresno, CA","06","California","019","Fresno","36.6342250009037","-120.382331"
"04/12/2025","AQS","060192009","3","4.9","ug/m3 LC","27","Tranquillity","1","100.0000","88101","PM2.5 - Local Conditions","170","Met One BAM-1020 Mass Monitor w/VSCC","23420","Fresno, CA","06","California","019","Fresno","36.6342250009037","-120.382331"
"04/13/2025","AQS","060192009","3","5.5","ug/m3 LC","31","Tranquillity","1","100.0000","88101","PM2.5 - Local Conditions","170","Met One BAM-1020 Mass Monitor w/VSCC","23420","Fresno, CA","06","California","019","Fresno","36.6342250009037","-120.382331"
"04/14/2025","AQS","060192009","3","5.6","ug/m3 LC","31","Tranquillity","1","100.0000","88101","PM2.5 - Local Conditions","170","Met One BAM-1020 Mass Monitor w/VSCC","23420","Fresno, CA","06","California","019","Fresno","36.6342250009037","-120.382331"
"04/15/2025","AQS","060192009","3","6.5","ug/m3 LC","36","Tranquillity","1","100.0000","88101","PM2.5 - Local Conditions","170","Met One BAM-1020 Mass Monitor w/VSCC","23420","Fresno, CA","06","California","019","Fresno","36.6342250009037","-120.382331"
"04/16/2025","AQS","060192009","3","7.8","ug/m3 LC","43","Tranquillity","1","100.0000","88101","PM2.5 - Local Conditions","170","Met One BAM-1020 Mass Monitor w/VSCC","23420","Fresno, CA","06","California","019","Fresno","36.6342250009037","-120.382331"
"04/17/2025","AQS","060192009","3","6.3","ug/m3 LC","35","Tranquillity","1","100.0000","88101","PM2.5 - Local Conditions","170","Met One BAM-1020 Mass Monitor w/VSCC","23420","Fresno, CA","06","California","019","Fresno","36.6342250009037","-120.382331"
"04/18/2025","AQS","060192009","3","6.3","ug/m3 LC","35","Tranquillity","1","100.0000","88101","PM2.5 - Local Conditions","170","Met One BAM-1020 Mass Monitor w/VSCC","23420","Fresno, CA","06","California","019","Fresno","36.6342250009037","-120.382331"
"04/19/2025","AQS","060192009","3","5.4","ug/m3 LC","30","Tranquillity","1","100.0000","88101","PM2.5 - Local Conditions","170","Met One BAM-1020 Mass Monitor w/VSCC","23420","Fresno, CA","06","California","019","Fresno","36.6342250009037","-120.382331"
"04/20/2025","AQS","060192009","3","5.4","ug/m3 LC","30","Tranquillity","1","100.0000","88101","PM2.5 - Local Conditions","170","Met One BAM-1020 Mass Monitor w/VSCC","23420","Fresno, CA","06","California","019","Fresno","36.6342250009037","-120.382331"
"04/21/2025","AQS","060192009","3","5.5","ug/m3 LC","31","Tranquillity","1","100.0000","88101","PM2.5 - Local Conditions","170","Met One BAM-1020 Mass Monitor w/VSCC","23420","Fresno, CA","06","California","019","Fresno","36.6342250009037","-120.382331"
"04/22/2025","AQS","060192009","3","4.4","ug/m3 LC","24","Tranquillity","1","100.0000","88101","PM2.5 - Local Conditions","170","Met One BAM-1020 Mass Monitor w/VSCC","23420","Fresno, CA","06","California","019","Fresno","36.6342250009037","-120.382331"
"04/23/2025","AQS","060192009","3","5","ug/m3 LC","28","Tranquillity","1","100.0000","88101","PM2.5 - Local Conditions","170","Met One BAM-1020 Mass Monitor w/VSCC","23420","Fresno, CA","06","California","019","Fresno","36.6342250009037","-120.382331"
"04/24/2025","AQS","060192009","3","6.7","ug/m3 LC","37","Tranquillity","1","100.0000","88101","PM2.5 - Local Conditions","170","Met One BAM-1020 Mass Monitor w/VSCC","23420","Fresno, CA","06","California","019","Fresno","36.6342250009037","-120.382331"
"04/25/2025","AQS","060192009","3","4.7","ug/m3 LC","26","Tranquillity","1","100.0000","88101","PM2.5 - Local Conditions","170","Met One BAM-1020 Mass Monitor w/VSCC","23420","Fresno, CA","06","California","019","Fresno","36.6342250009037","-120.382331"
"04/26/2025","AQS","060192009","3","1.9","ug/m3 LC","11","Tranquillity","1","100.0000","88101","PM2.5 - Local Conditions","170","Met One BAM-1020 Mass Monitor w/VSCC","23420","Fresno, CA","06","California","019","Fresno","36.6342250009037","-120.382331"
"04/27/2025","AQS","060192009","3","2.2","ug/m3 LC","12","Tranquillity","1","100.0000","88101","PM2.5 - Local Conditions","170","Met One BAM-1020 Mass Monitor w/VSCC","23420","Fresno, CA","06","California","019","Fresno","36.6342250009037","-120.382331"
"04/28/2025","AQS","060192009","3","5","ug/m3 LC","28","Tranquillity","1","100.0000","88101","PM2.5 - Local Conditions","170","Met One BAM-1020 Mass Monitor w/VSCC","23420","Fresno, CA","06","California","019","Fresno","36.6342250009037","-120.382331"
"04/29/2025","AQS","060192009","3","4.6","ug/m3 LC","26","Tranquillity","1","100.0000","88101","PM2.5 - Local Conditions","170","Met One BAM-1020 Mass Monitor w/VSCC","23420","Fresno, CA","06","California","019","Fresno","36.6342250009037","-120.382331"
"04/30/2025","AQS","060192009","3","5.8","ug/m3 LC","32","Tranquillity","1","100.0000","88101","PM2.5 - Local Conditions","170","Met One BAM-1020 Mass Monitor w/VSCC","23420","Fresno, CA","06","California","019","Fresno","36.6342250009037","-120.382331"
"05/01/2025","AQS","060192009","3","8","ug/m3 LC","44","Tranquillity","1","100.0000","88101","PM2.5 - Local Conditions","170","Met One BAM-1020 Mass Monitor w/VSCC","23420","Fresno, CA","06","California","019","Fresno","36.6342250009037","-120.382331"
"05/02/2025","AQS","060192009","3","6.2","ug/m3 LC","34","Tranquillity","1","100.0000","88101","PM2.5 - Local Conditions","170","Met One BAM-1020 Mass Monitor w/VSCC","23420","Fresno, CA","06","California","019","Fresno","36.6342250009037","-120.382331"
"05/03/2025","AQS","060192009","3","4.6","ug/m3 LC","26","Tranquillity","1","100.0000","88101","PM2.5 - Local Conditions","170","Met One BAM-1020 Mass Monitor w/VSCC","23420","Fresno, CA","06","California","019","Fresno","36.6342250009037","-120.382331"
"05/04/2025","AQS","060192009","3","5.8","ug/m3 LC","32","Tranquillity","1","100.0000","88101","PM2.5 - Local Conditions","170","Met One BAM-1020 Mass Monitor w/VSCC","23420","Fresno, CA","06","California","019","Fresno","36.6342250009037","-120.382331"
"05/05/2025","AQS","060192009","3","7.3","ug/m3 LC","41","Tranquillity","1","100.0000","88101","PM2.5 - Local Conditions","170","Met One BAM-1020 Mass Monitor w/VSCC","23420","Fresno, CA","06","California","019","Fresno","36.6342250009037","-120.382331"
"05/06/2025","AQS","060192009","3","7.5","ug/m3 LC","42","Tranquillity","1","100.0000","88101","PM2.5 - Local Conditions","170","Met One BAM-1020 Mass Monitor w/VSCC","23420","Fresno, CA","06","California","019","Fresno","36.6342250009037","-120.382331"
"05/07/2025","AQS","060192009","3","10.5","ug/m3 LC","54","Tranquillity","1","100.0000","88101","PM2.5 - Local Conditions","170","Met One BAM-1020 Mass Monitor w/VSCC","23420","Fresno, CA","06","California","019","Fresno","36.6342250009037","-120.382331"
"05/08/2025","AQS","060192009","3","9.2","ug/m3 LC","51","Tranquillity","1","100.0000","88101","PM2.5 - Local Conditions","170","Met One BAM-1020 Mass Monitor w/VSCC","23420","Fresno, CA","06","California","019","Fresno","36.6342250009037","-120.382331"
"05/09/2025","AQS","060192009","3","8","ug/m3 LC","44","Tranquillity","1","100.0000","88101","PM2.5 - Local Conditions","170","Met One BAM-1020 Mass Monitor w/VSCC","23420","Fresno, CA","06","California","019","Fresno","36.6342250009037","-120.382331"
"05/10/2025","AQS","060192009","3","5.4","ug/m3 LC","30","Tranquillity","1","100.0000","88101","PM2.5 - Local Conditions","170","Met One BAM-1020 Mass Monitor w/VSCC","23420","Fresno, CA","06","California","019","Fresno","36.6342250009037","-120.382331"
"05/11/2025","AQS","060192009","3","3","ug/m3 LC","17","Tranquillity","1","100.0000","88101","PM2.5 - Local Conditions","170","Met One BAM-1020 Mass Monitor w/VSCC","23420","Fresno, CA","06","California","019","Fresno","36.6342250009037","-120.382331"
"05/12/2025","AQS","060192009","3","2.4","ug/m3 LC","13","Tranquillity","1","100.0000","88101","PM2.5 - Local Conditions","170","Met One BAM-1020 Mass Monitor w/VSCC","23420","Fresno, CA","06","California","019","Fresno","36.6342250009037","-120.382331"
"05/13/2025","AQS","060192009","3","2.2","ug/m3 LC","12","Tranquillity","1","100.0000","88101","PM2.5 - Local Conditions","170","Met One BAM-1020 Mass Monitor w/VSCC","23420","Fresno, CA","06","California","019","Fresno","36.6342250009037","-120.382331"
"05/14/2025","AQS","060192009","3","6.3","ug/m3 LC","35","Tranquillity","1","100.0000","88101","PM2.5 - Local Conditions","170","Met One BAM-1020 Mass Monitor w/VSCC","23420","Fresno, CA","06","California","019","Fresno","36.6342250009037","-120.382331"
"05/15/2025","AQS","060192009","3","5.3","ug/m3 LC","29","Tranquillity","1","100.0000","88101","PM2.5 - Local Conditions","170","Met One BAM-1020 Mass Monitor w/VSCC","23420","Fresno, CA","06","California","019","Fresno","36.6342250009037","-120.382331"
"05/16/2025","AQS","060192009","3","5.2","ug/m3 LC","29","Tranquillity","1","100.0000","88101","PM2.5 - Local Conditions","170","Met One BAM-1020 Mass Monitor w/VSCC","23420","Fresno, CA","06","California","019","Fresno","36.6342250009037","-120.382331"
"05/17/2025","AQS","060192009","3","4.8","ug/m3 LC","27","Tranquillity","1","100.0000","88101","PM2.5 - Local Conditions","170","Met One BAM-1020 Mass Monitor w/VSCC","23420","Fresno, CA","06","California","019","Fresno","36.6342250009037","-120.382331"
"05/18/2025","AQS","060192009","3","6.7","ug/m3 LC","37","Tranquillity","1","100.0000","88101","PM2.5 - Local Conditions","170","Met One BAM-1020 Mass Monitor w/VSCC","23420","Fresno, CA","06","California","019","Fresno","36.6342250009037","-120.382331"
"05/19/2025","AQS","060192009","3","5.3","ug/m3 LC","29","Tranquillity","1","100.0000","88101","PM2.5 - Local Conditions","170","Met One BAM-1020 Mass Monitor w/VSCC","23420","Fresno, CA","06","California","019","Fresno","36.6342250009037","-120.382331"
"05/20/2025","AQS","060192009","3","3.7","ug/m3 LC","21","Tranquillity","1","100.0000","88101","PM2.5 - Local Conditions","170","Met One BAM-1020 Mass Monitor w/VSCC","23420","Fresno, CA","06","California","019","Fresno","36.6342250009037","-120.382331"
"05/21/2025","AQS","060192009","3","5","ug/m3 LC","28","Tranquillity","1","100.0000","88101","PM2.5 - Local Conditions","170","Met One BAM-1020 Mass Monitor w/VSCC","23420","Fresno, CA","06","California","019","Fresno","36.6342250009037","-120.382331"
"05/22/2025","AQS","060192009","3","5.6","ug/m3 LC","31","Tranquillity","1","100.0000","88101","PM2.5 - Local Conditions","170","Met One BAM-1020 Mass Monitor w/VSCC","23420","Fresno, CA","06","California","019","Fresno","36.6342250009037","-120.382331"
"05/23/2025","AQS","060192009","3","2.6","ug/m3 LC","14","Tranquillity","1","100.0000","88101","PM2.5 - Local Conditions","170","Met One BAM-1020 Mass Monitor w/VSCC","23420","Fresno, CA","06","California","019","Fresno","36.6342250009037","-120.382331"
"05/24/2025","AQS","060192009","3","5.5","ug/m3 LC","31","Tranquillity","1","100.0000","88101","PM2.5 - Local Conditions","170","Met One BAM-1020 Mass Monitor w/VSCC","23420","Fresno, CA","06","California","019","Fresno","36.6342250009037","-120.382331"
"05/25/2025","AQS","060192009","3","4.2","ug/m3 LC","23","Tranquillity","1","100.0000","88101","PM2.5 - Local Conditions","170","Met One BAM-1020 Mass Monitor w/VSCC","23420","Fresno, CA","06","California","019","Fresno","36.6342250009037","-120.382331"
"05/26/2025","AQS","060192009","3","2.6","ug/m3 LC","14","Tranquillity","1","100.0000","88101","PM2.5 - Local Conditions","170","Met One BAM-1020 Mass Monitor w/VSCC","23420","Fresno, CA","06","California","019","Fresno","36.6342250009037","-120.382331"
"05/27/2025","AQS","060192009","3","3.5","ug/m3 LC","19","Tranquillity","1","100.0000","88101","PM2.5 - Local Conditions","170","Met One BAM-1020 Mass Monitor w/VSCC","23420","Fresno, CA","06","California","019","Fresno","36.6342250009037","-120.382331"
"05/28/2025","AQS","060192009","3","5.8","ug/m3 LC","32","Tranquillity","1","100.0000","88101","PM2.5 - Local Conditions","170","Met One BAM-1020 Mass Monitor w/VSCC","23420","Fresno, CA","06","California","019","Fresno","36.6342250009037","-120.382331"
"05/29/2025","AQS","060192009","3","4","ug/m3 LC","22","Tranquillity","1","100.0000","88101","PM2.5 - Local Conditions","170","Met One BAM-1020 Mass Monitor w/VSCC","23420","Fresno, CA","06","California","019","Fresno","36.6342250009037","-120.382331"
"05/30/2025","AQS","060192009","3","6.9","ug/m3 LC","38","Tranquillity","1","100.0000","88101","PM2.5 - Local Conditions","170","Met One BAM-1020 Mass Monitor w/VSCC","23420","Fresno, CA","06","California","019","Fresno","36.6342250009037","-120.382331"
"05/31/2025","AQS","060192009","3","7.4","ug/m3 LC","41","Tranquillity","1","100.0000","88101","PM2.5 - Local Conditions","170","Met One BAM-1020 Mass Monitor w/VSCC","23420","Fresno, CA","06","California","019","Fresno","36.6342250009037","-120.382331"
"06/01/2025","AQS","060192009","3","3","ug/m3 LC","17","Tranquillity","1","100.0000","88101","PM2.5 - Local Conditions","170","Met One BAM-1020 Mass Monitor w/VSCC","23420","Fresno, CA","06","California","019","Fresno","36.6342250009037","-120.382331"
"06/02/2025","AQS","060192009","3","8.2","ug/m3 LC","46","Tranquillity","1","100.0000","88101","PM2.5 - Local Conditions","170","Met One BAM-1020 Mass Monitor w/VSCC","23420","Fresno, CA","06","California","019","Fresno","36.6342250009037","-120.382331"
"06/03/2025","AQS","060192009","3","6.7","ug/m3 LC","37","Tranquillity","1","100.0000","88101","PM2.5 - Local Conditions","170","Met One BAM-1020 Mass Monitor w/VSCC","23420","Fresno, CA","06","California","019","Fresno","36.6342250009037","-120.382331"
"06/04/2025","AQS","060192009","3","8.7","ug/m3 LC","48","Tranquillity","1","100.0000","88101","PM2.5 - Local Conditions","170","Met One BAM-1020 Mass Monitor w/VSCC","23420","Fresno, CA","06","California","019","Fresno","36.6342250009037","-120.382331"
"06/05/2025","AQS","060192009","3","9","ug/m3 LC","50","Tranquillity","1","100.0000","88101","PM2.5 - Local Conditions","170","Met One BAM-1020 Mass Monitor w/VSCC","23420","Fresno, CA","06","California","019","Fresno","36.6342250009037","-120.382331"
"06/06/2025","AQS","060192009","3","7.6","ug/m3 LC","42","Tranquillity","1","100.0000","88101","PM2.5 - Local Conditions","170","Met One BAM-1020 Mass Monitor w/VSCC","23420","Fresno, CA","06","California","019","Fresno","36.6342250009037","-120.382331"
"06/07/2025","AQS","060192009","3","7.1","ug/m3 LC","39","Tranquillity","1","100.0000","88101","PM2.5 - Local Conditions","170","Met One BAM-1020 Mass Monitor w/VSCC","23420","Fresno, CA","06","California","019","Fresno","36.6342250009037","-120.382331"
"06/08/2025","AQS","060192009","3","6","ug/m3 LC","33","Tranquillity","1","100.0000","88101","PM2.5 - Local Conditions","170","Met One BAM-1020 Mass Monitor w/VSCC","23420","Fresno, CA","06","California","019","Fresno","36.6342250009037","-120.382331"
"06/09/2025","AQS","060192009","3","7.3","ug/m3 LC","41","Tranquillity","1","100.0000","88101","PM2.5 - Local Conditions","170","Met One BAM-1020 Mass Monitor w/VSCC","23420","Fresno, CA","06","California","019","Fresno","36.6342250009037","-120.382331"
"06/10/2025","AQS","060192009","3","7.7","ug/m3 LC","43","Tranquillity","1","100.0000","88101","PM2.5 - Local Conditions","170","Met One BAM-1020 Mass Monitor w/VSCC","23420","Fresno, CA","06","California","019","Fresno","36.6342250009037","-120.382331"
"06/11/2025","AQS","060192009","3","9.7","ug/m3 LC","52","Tranquillity","1","100.0000","88101","PM2.5 - Local Conditions","170","Met One BAM-1020 Mass Monitor w/VSCC","23420","Fresno, CA","06","California","019","Fresno","36.6342250009037","-120.382331"
"06/12/2025","AQS","060192009","3","10","ug/m3 LC","53","Tranquillity","1","100.0000","88101","PM2.5 - Local Conditions","170","Met One BAM-1020 Mass Monitor w/VSCC","23420","Fresno, CA","06","California","019","Fresno","36.6342250009037","-120.382331"
"06/13/2025","AQS","060192009","3","5","ug/m3 LC","28","Tranquillity","1","100.0000","88101","PM2.5 - Local Conditions","170","Met One BAM-1020 Mass Monitor w/VSCC","23420","Fresno, CA","06","California","019","Fresno","36.6342250009037","-120.382331"
"06/14/2025","AQS","060192009","3","5.4","ug/m3 LC","30","Tranquillity","1","100.0000","88101","PM2.5 - Local Conditions","170","Met One BAM-1020 Mass Monitor w/VSCC","23420","Fresno, CA","06","California","019","Fresno","36.6342250009037","-120.382331"
"06/15/2025","AQS","060192009","3","7.5","ug/m3 LC","42","Tranquillity","1","100.0000","88101","PM2.5 - Local Conditions","170","Met One BAM-1020 Mass Monitor w/VSCC","23420","Fresno, CA","06","California","019","Fresno","36.6342250009037","-120.382331"
"06/16/2025","AQS","060192009","3","4.7","ug/m3 LC","26","Tranquillity","1","100.0000","88101","PM2.5 - Local Conditions","170","Met One BAM-1020 Mass Monitor w/VSCC","23420","Fresno, CA","06","California","019","Fresno","36.6342250009037","-120.382331"
"06/17/2025","AQS","060192009","3","4.9","ug/m3 LC","27","Tranquillity","1","100.0000","88101","PM2.5 - Local Conditions","170","Met One BAM-1020 Mass Monitor w/VSCC","23420","Fresno, CA","06","California","019","Fresno","36.6342250009037","-120.382331"
"06/18/2025","AQS","060192009","3","5.5","ug/m3 LC","31","Tranquillity","1","100.0000","88101","PM2.5 - Local Conditions","170","Met One BAM-1020 Mass Monitor w/VSCC","23420","Fresno, CA","06","California","019","Fresno","36.6342250009037","-120.382331"
"06/19/2025","AQS","060192009","3","6.3","ug/m3 LC","35","Tranquillity","1","100.0000","88101","PM2.5 - Local Conditions","170","Met One BAM-1020 Mass Monitor w/VSCC","23420","Fresno, CA","06","California","019","Fresno","36.6342250009037","-120.382331"
"06/20/2025","AQS","060192009","3","6.3","ug/m3 LC","35","Tranquillity","1","100.0000","88101","PM2.5 - Local Conditions","170","Met One BAM-1020 Mass Monitor w/VSCC","23420","Fresno, CA","06","California","019","Fresno","36.6342250009037","-120.382331"
"06/21/2025","AQS","060192009","3","3.6","ug/m3 LC","20","Tranquillity","1","100.0000","88101","PM2.5 - Local Conditions","170","Met One BAM-1020 Mass Monitor w/VSCC","23420","Fresno, CA","06","California","019","Fresno","36.6342250009037","-120.382331"
"06/22/2025","AQS","060192009","3","3.1","ug/m3 LC","17","Tranquillity","1","100.0000","88101","PM2.5 - Local Conditions","170","Met One BAM-1020 Mass Monitor w/VSCC","23420","Fresno, CA","06","California","019","Fresno","36.6342250009037","-120.382331"
"06/23/2025","AQS","060192009","3","6.9","ug/m3 LC","38","Tranquillity","1","100.0000","88101","PM2.5 - Local Conditions","170","Met One BAM-1020 Mass Monitor w/VSCC","23420","Fresno, CA","06","California","019","Fresno","36.6342250009037","-120.382331"
"06/24/2025","AQS","060192009","3","4.8","ug/m3 LC","27","Tranquillity","1","100.0000","88101","PM2.5 - Local Conditions","170","Met One BAM-1020 Mass Monitor w/VSCC","23420","Fresno, CA","06","California","019","Fresno","36.6342250009037","-120.382331"
"06/25/2025","AQS","060192009","3","6.1","ug/m3 LC","34","Tranquillity","1","100.0000","88101","PM2.5 - Local Conditions","170","Met One BAM-1020 Mass Monitor w/VSCC","23420","Fresno, CA","06","California","019","Fresno","36.6342250009037","-120.382331"
"06/26/2025","AQS","060192009","3","4.5","ug/m3 LC","25","Tranquillity","1","100.0000","88101","PM2.5 - Local Conditions","170","Met One BAM-1020 Mass Monitor w/VSCC","23420","Fresno, CA","06","California","019","Fresno","36.6342250009037","-120.382331"
"06/27/2025","AQS","060192009","3","6.2","ug/m3 LC","34","Tranquillity","1","100.0000","88101","PM2.5 - Local Conditions","170","Met One BAM-1020 Mass Monitor w/VSCC","23420","Fresno, CA","06","California","019","Fresno","36.6342250009037","-120.382331"
"06/28/2025","AQS","060192009","3","8.1","ug/m3 LC","45","Tranquillity","1","100.0000","88101","PM2.5 - Local Conditions","170","Met One BAM-1020 Mass Monitor w/VSCC","23420","Fresno, CA","06","California","019","Fresno","36.6342250009037","-120.382331"
"06/29/2025","AQS","060192009","3","7.5","ug/m3 LC","42","Tranquillity","1","100.0000","88101","PM2.5 - Local Conditions","170","Met One BAM-1020 Mass Monitor w/VSCC","23420","Fresno, CA","06","California","019","Fresno","36.6342250009037","-120.382331"
"06/30/2025","AQS","060192009","3","6.2","ug/m3 LC","34","Tranquillity","1","100.0000","88101","PM2.5 - Local Conditions","170","Met One BAM-1020 Mass Monitor w/VSCC","23420","Fresno, CA","06","California","019","Fresno","36.6342250009037","-120.382331"
"07/01/2025","AQS","060192009","3","6.7","ug/m3 LC","37","Tranquillity","1","100.0000","88101","PM2.5 - Local Conditions","170","Met One BAM-1020 Mass Monitor w/VSCC","23420","Fresno, CA","06","California","019","Fresno","36.6342250009037","-120.382331"
"07/02/2025","AQS","060192009","3","8.9","ug/m3 LC","49","Tranquillity","1","100.0000","88101","PM2.5 - Local Conditions","170","Met One BAM-1020 Mass Monitor w/VSCC","23420","Fresno, CA","06","California","019","Fresno","36.6342250009037","-120.382331"
"07/03/2025","AQS","060192009","3","8.4","ug/m3 LC","47","Tranquillity","1","100.0000","88101","PM2.5 - Local Conditions","170","Met One BAM-1020 Mass Monitor w/VSCC","23420","Fresno, CA","06","California","019","Fresno","36.6342250009037","-120.382331"
"07/04/2025","AQS","060192009","3","4.7","ug/m3 LC","26","Tranquillity","1","100.0000","88101","PM2.5 - Local Conditions","170","Met One BAM-1020 Mass Monitor w/VSCC","23420","Fresno, CA","06","California","019","Fresno","36.6342250009037","-120.382331"
"07/05/2025","AQS","060192009","3","6","ug/m3 LC","33","Tranquillity","1","100.0000","88101","PM2.5 - Local Conditions","170","Met One BAM-1020 Mass Monitor w/VSCC","23420","Fresno, CA","06","California","019","Fresno","36.6342250009037","-120.382331"
"07/06/2025","AQS","060192009","3","6.4","ug/m3 LC","36","Tranquillity","1","100.0000","88101","PM2.5 - Local Conditions","170","Met One BAM-1020 Mass Monitor w/VSCC","23420","Fresno, CA","06","California","019","Fresno","36.6342250009037","-120.382331"
"07/07/2025","AQS","060192009","3","7.3","ug/m3 LC","41","Tranquillity","1","100.0000","88101","PM2.5 - Local Conditions","170","Met One BAM-1020 Mass Monitor w/VSCC","23420","Fresno, CA","06","California","019","Fresno","36.6342250009037","-120.382331"
"07/08/2025","AQS","060192009","3","6.2","ug/m3 LC","34","Tranquillity","1","100.0000","88101","PM2.5 - Local Conditions","170","Met One BAM-1020 Mass Monitor w/VSCC","23420","Fresno, CA","06","California","019","Fresno","36.6342250009037","-120.382331"
"07/09/2025","AQS","060192009","3","6.4","ug/m3 LC","36","Tranquillity","1","100.0000","88101","PM2.5 - Local Conditions","170","Met One BAM-1020 Mass Monitor w/VSCC","23420","Fresno, CA","06","California","019","Fresno","36.6342250009037","-120.382331"
"07/10/2025","AQS","060192009","3","7.4","ug/m3 LC","41","Tranquillity","1","100.0000","88101","PM2.5 - Local Conditions","170","Met One BAM-1020 Mass Monitor w/VSCC","23420","Fresno, CA","06","California","019","Fresno","36.6342250009037","-120.382331"
"07/11/2025","AQS","060192009","3","12.5","ug/m3 LC","57","Tranquillity","1","100.0000","88101","PM2.5 - Local Conditions","170","Met One BAM-1020 Mass Monitor w/VSCC","23420","Fresno, CA","06","California","019","Fresno","36.6342250009037","-120.382331"
"07/12/2025","AQS","060192009","3","12.7","ug/m3 LC","58","Tranquillity","1","100.0000","88101","PM2.5 - Local Conditions","170","Met One BAM-1020 Mass Monitor w/VSCC","23420","Fresno, CA","06","California","019","Fresno","36.6342250009037","-120.382331"
"07/13/2025","AQS","060192009","3","10.4","ug/m3 LC","53","Tranquillity","1","100.0000","88101","PM2.5 - Local Conditions","170","Met One BAM-1020 Mass Monitor w/VSCC","23420","Fresno, CA","06","California","019","Fresno","36.6342250009037","-120.382331"
"07/14/2025","AQS","060192009","3","8.8","ug/m3 LC","49","Tranquillity","1","100.0000","88101","PM2.5 - Local Conditions","170","Met One BAM-1020 Mass Monitor w/VSCC","23420","Fresno, CA","06","California","019","Fresno","36.6342250009037","-120.382331"
"07/15/2025","AQS","060192009","3","7.9","ug/m3 LC","44","Tranquillity","1","100.0000","88101","PM2.5 - Local Conditions","170","Met One BAM-1020 Mass Monitor w/VSCC","23420","Fresno, CA","06","California","019","Fresno","36.6342250009037","-120.382331"
"07/16/2025","AQS","060192009","3","5.7","ug/m3 LC","32","Tranquillity","1","100.0000","88101","PM2.5 - Local Conditions","170","Met One BAM-1020 Mass Monitor w/VSCC","23420","Fresno, CA","06","California","019","Fresno","36.6342250009037","-120.382331"
"07/17/2025","AQS","060192009","3","5.8","ug/m3 LC","32","Tranquillity","1","100.0000","88101","PM2.5 - Local Conditions","170","Met One BAM-1020 Mass Monitor w/VSCC","23420","Fresno, CA","06","California","019","Fresno","36.6342250009037","-120.382331"
"07/18/2025","AQS","060192009","3","6.6","ug/m3 LC","37","Tranquillity","1","100.0000","88101","PM2.5 - Local Conditions","170","Met One BAM-1020 Mass Monitor w/VSCC","23420","Fresno, CA","06","California","019","Fresno","36.6342250009037","-120.382331"
"07/19/2025","AQS","060192009","3","6.3","ug/m3 LC","35","Tranquillity","1","100.0000","88101","PM2.5 - Local Conditions","170","Met One BAM-1020 Mass Monitor w/VSCC","23420","Fresno, CA","06","California","019","Fresno","36.6342250009037","-120.382331"
"07/20/2025","AQS","060192009","3","5.4","ug/m3 LC","30","Tranquillity","1","100.0000","88101","PM2.5 - Local Conditions","170","Met One BAM-1020 Mass Monitor w/VSCC","23420","Fresno, CA","06","California","019","Fresno","36.6342250009037","-120.382331"
"07/21/2025","AQS","060192009","3","5.4","ug/m3 LC","30","Tranquillity","1","100.0000","88101","PM2.5 - Local Conditions","170","Met One BAM-1020 Mass Monitor w/VSCC","23420","Fresno, CA","06","California","019","Fresno","36.6342250009037","-120.382331"
"07/22/2025","AQS","060192009","3","3.8","ug/m3 LC","21","Tranquillity","1","100.0000","88101","PM2.5 - Local Conditions","170","Met One BAM-1020 Mass Monitor w/VSCC","23420","Fresno, CA","06","California","019","Fresno","36.6342250009037","-120.382331"
"07/23/2025","AQS","060192009","3","5.2","ug/m3 LC","29","Tranquillity","1","100.0000","88101","PM2.5 - Local Conditions","170","Met One BAM-1020 Mass Monitor w/VSCC","23420","Fresno, CA","06","California","019","Fresno","36.6342250009037","-120.382331"
"07/24/2025","AQS","060192009","3","4.8","ug/m3 LC","27","Tranquillity","1","100.0000","88101","PM2.5 - Local Conditions","170","Met One BAM-1020 Mass Monitor w/VSCC","23420","Fresno, CA","06","California","019","Fresno","36.6342250009037","-120.382331"
"07/25/2025","AQS","060192009","3","4.3","ug/m3 LC","24","Tranquillity","1","100.0000","88101","PM2.5 - Local Conditions","170","Met One BAM-1020 Mass Monitor w/VSCC","23420","Fresno, CA","06","California","019","Fresno","36.6342250009037","-120.382331"
"07/26/2025","AQS","060192009","3","5.3","ug/m3 LC","29","Tranquillity","1","100.0000","88101","PM2.5 - Local Conditions","170","Met One BAM-1020 Mass Monitor w/VSCC","23420","Fresno, CA","06","California","019","Fresno","36.6342250009037","-120.382331"
"07/27/2025","AQS","060192009","3","5","ug/m3 LC","28","Tranquillity","1","100.0000","88101","PM2.5 - Local Conditions","170","Met One BAM-1020 Mass Monitor w/VSCC","23420","Fresno, CA","06","California","019","Fresno","36.6342250009037","-120.382331"
"07/28/2025","AQS","060192009","3","6.1","ug/m3 LC","34","Tranquillity","1","100.0000","88101","PM2.5 - Local Conditions","170","Met One BAM-1020 Mass Monitor w/VSCC","23420","Fresno, CA","06","California","019","Fresno","36.6342250009037","-120.382331"
"07/29/2025","AQS","060192009","3","5.9","ug/m3 LC","33","Tranquillity","1","100.0000","88101","PM2.5 - Local Conditions","170","Met One BAM-1020 Mass Monitor w/VSCC","23420","Fresno, CA","06","California","019","Fresno","36.6342250009037","-120.382331"
"07/30/2025","AQS","060192009","3","10.7","ug/m3 LC","54","Tranquillity","1","100.0000","88101","PM2.5 - Local Conditions","170","Met One BAM-1020 Mass Monitor w/VSCC","23420","Fresno, CA","06","California","019","Fresno","36.6342250009037","-120.382331"
"07/31/2025","AQS","060192009","3","9.6","ug/m3 LC","52","Tranquillity","1","100.0000","88101","PM2.5 - Local Conditions","170","Met One BAM-1020 Mass Monitor w/VSCC","23420","Fresno, CA","06","California","019","Fresno","36.6342250009037","-120.382331"
"08/01/2025","AQS","060192009","3","8.6","ug/m3 LC","48","Tranquillity","1","100.0000","88101","PM2.5 - Local Conditions","170","Met One BAM-1020 Mass Monitor w/VSCC","23420","Fresno, CA","06","California","019","Fresno","36.6342250009037","-120.382331"
"08/02/2025","AQS","060192009","3","6.8","ug/m3 LC","38","Tranquillity","1","100.0000","88101","PM2.5 - Local Conditions","170","Met One BAM-1020 Mass Monitor w/VSCC","23420","Fresno, CA","06","California","019","Fresno","36.6342250009037","-120.382331"
"08/03/2025","AQS","060192009","3","6.9","ug/m3 LC","38","Tranquillity","1","100.0000","88101","PM2.5 - Local Conditions","170","Met One BAM-1020 Mass Monitor w/VSCC","23420","Fresno, CA","06","California","019","Fresno","36.6342250009037","-120.382331"
"08/04/2025","AQS","060192009","3","5.7","ug/m3 LC","32","Tranquillity","1","100.0000","88101","PM2.5 - Local Conditions","170","Met One BAM-1020 Mass Monitor w/VSCC","23420","Fresno, CA","06","California","019","Fresno","36.6342250009037","-120.382331"
"08/05/2025","AQS","060192009","3","4.8","ug/m3 LC","27","Tranquillity","1","100.0000","88101","PM2.5 - Local Conditions","170","Met One BAM-1020 Mass Monitor w/VSCC","23420","Fresno, CA","06","California","019","Fresno","36.6342250009037","-120.382331"
"08/06/2025","AQS","060192009","3","5.6","ug/m3 LC","31","Tranquillity","1","100.0000","88101","PM2.5 - Local Conditions","170","Met One BAM-1020 Mass Monitor w/VSCC","23420","Fresno, CA","06","California","019","Fresno","36.6342250009037","-120.382331"
"08/07/2025","AQS","060192009","3","6.6","ug/m3 LC","37","Tranquillity","1","100.0000","88101","PM2.5 - Local Conditions","170","Met One BAM-1020 Mass Monitor w/VSCC","23420","Fresno, CA","06","California","019","Fresno","36.6342250009037","-120.382331"
"08/08/2025","AQS","060192009","3","8.2","ug/m3 LC","46","Tranquillity","1","100.0000","88101","PM2.5 - Local Conditions","170","Met One BAM-1020 Mass Monitor w/VSCC","23420","Fresno, CA","06","California","019","Fresno","36.6342250009037","-120.382331"
"08/09/2025","AQS","060192009","3","12.1","ug/m3 LC","57","Tranquillity","1","100.0000","88101","PM2.5 - Local Conditions","170","Met One BAM-1020 Mass Monitor w/VSCC","23420","Fresno, CA","06","California","019","Fresno","36.6342250009037","-120.382331"
"08/10/2025","AQS","060192009","3","9.2","ug/m3 LC","51","Tranquillity","1","100.0000","88101","PM2.5 - Local Conditions","170","Met One BAM-1020 Mass Monitor w/VSCC","23420","Fresno, CA","06","California","019","Fresno","36.6342250009037","-120.382331"
"08/11/2025","AQS","060192009","3","10.6","ug/m3 LC","54","Tranquillity","1","100.0000","88101","PM2.5 - Local Conditions","170","Met One BAM-1020 Mass Monitor w/VSCC","23420","Fresno, CA","06","California","019","Fresno","36.6342250009037","-120.382331"
"08/12/2025","AQS","060192009","3","8.5","ug/m3 LC","47","Tranquillity","1","100.0000","88101","PM2.5 - Local Conditions","170","Met One BAM-1020 Mass Monitor w/VSCC","23420","Fresno, CA","06","California","019","Fresno","36.6342250009037","-120.382331"
"08/13/2025","AQS","060192009","3","7.7","ug/m3 LC","43","Tranquillity","1","100.0000","88101","PM2.5 - Local Conditions","170","Met One BAM-1020 Mass Monitor w/VSCC","23420","Fresno, CA","06","California","019","Fresno","36.6342250009037","-120.382331"
"08/14/2025","AQS","060192009","3","8","ug/m3 LC","44","Tranquillity","1","100.0000","88101","PM2.5 - Local Conditions","170","Met One BAM-1020 Mass Monitor w/VSCC","23420","Fresno, CA","06","California","019","Fresno","36.6342250009037","-120.382331"
"08/15/2025","AQS","060192009","3","7.5","ug/m3 LC","42","Tranquillity","1","100.0000","88101","PM2.5 - Local Conditions","170","Met One BAM-1020 Mass Monitor w/VSCC","23420","Fresno, CA","06","California","019","Fresno","36.6342250009037","-120.382331"
"08/16/2025","AQS","060192009","3","5.5","ug/m3 LC","31","Tranquillity","1","100.0000","88101","PM2.5 - Local Conditions","170","Met One BAM-1020 Mass Monitor w/VSCC","23420","Fresno, CA","06","California","019","Fresno","36.6342250009037","-120.382331"
"08/17/2025","AQS","060192009","3","4.7","ug/m3 LC","26","Tranquillity","1","100.0000","88101","PM2.5 - Local Conditions","170","Met One BAM-1020 Mass Monitor w/VSCC","23420","Fresno, CA","06","California","019","Fresno","36.6342250009037","-120.382331"
"08/18/2025","AQS","060192009","3","5.1","ug/m3 LC","28","Tranquillity","1","100.0000","88101","PM2.5 - Local Conditions","170","Met One BAM-1020 Mass Monitor w/VSCC","23420","Fresno, CA","06","California","019","Fresno","36.6342250009037","-120.382331"
"08/19/2025","AQS","060192009","3","6.4","ug/m3 LC","36","Tranquillity","1","100.0000","88101","PM2.5 - Local Conditions","170","Met One BAM-1020 Mass Monitor w/VSCC","23420","Fresno, CA","06","California","019","Fresno","36.6342250009037","-120.382331"
"08/20/2025","AQS","060192009","3","6.7","ug/m3 LC","37","Tranquillity","1","100.0000","88101","PM2.5 - Local Conditions","170","Met One BAM-1020 Mass Monitor w/VSCC","23420","Fresno, CA","06","California","019","Fresno","36.6342250009037","-120.382331"
"08/21/2025","AQS","060192009","3","8.6","ug/m3 LC","48","Tranquillity","1","100.0000","88101","PM2.5 - Local Conditions","170","Met One BAM-1020 Mass Monitor w/VSCC","23420","Fresno, CA","06","California","019","Fresno","36.6342250009037","-120.382331"
"08/22/2025","AQS","060192009","3","8.7","ug/m3 LC","48","Tranquillity","1","100.0000","88101","PM2.5 - Local Conditions","170","Met One BAM-1020 Mass Monitor w/VSCC","23420","Fresno, CA","06","California","019","Fresno","36.6342250009037","-120.382331"
"08/23/2025","AQS","060192009","3","14.7","ug/m3 LC","61","Tranquillity","1","100.0000","88101","PM2.5 - Local Conditions","170","Met One BAM-1020 Mass Monitor w/VSCC","23420","Fresno, CA","06","California","019","Fresno","36.6342250009037","-120.382331"
"08/24/2025","AQS","060192009","3","10.9","ug/m3 LC","54","Tranquillity","1","100.0000","88101","PM2.5 - Local Conditions","170","Met One BAM-1020 Mass Monitor w/VSCC","23420","Fresno, CA","06","California","019","Fresno","36.6342250009037","-120.382331"
"08/25/2025","AQS","060192009","3","8","ug/m3 LC","44","Tranquillity","1","100.0000","88101","PM2.5 - Local Conditions","170","Met One BAM-1020 Mass Monitor w/VSCC","23420","Fresno, CA","06","California","019","Fresno","36.6342250009037","-120.382331"
"08/26/2025","AQS","060192009","3","11.4","ug/m3 LC","55","Tranquillity","1","100.0000","88101","PM2.5 - Local Conditions","170","Met One BAM-1020 Mass Monitor w/VSCC","23420","Fresno, CA","06","California","019","Fresno","36.6342250009037","-120.382331"
"08/27/2025","AQS","060192009","3","12.4","ug/m3 LC","57","Tranquillity","1","100.0000","88101","PM2.5 - Local Conditions","170","Met One BAM-1020 Mass Monitor w/VSCC","23420","Fresno, CA","06","California","019","Fresno","36.6342250009037","-120.382331"
"08/28/2025","AQS","060192009","3","11.2","ug/m3 LC","55","Tranquillity","1","100.0000","88101","PM2.5 - Local Conditions","170","Met One BAM-1020 Mass Monitor w/VSCC","23420","Fresno, CA","06","California","019","Fresno","36.6342250009037","-120.382331"
"08/29/2025","AQS","060192009","3","7.2","ug/m3 LC","40","Tranquillity","1","100.0000","88101","PM2.5 - Local Conditions","170","Met One BAM-1020 Mass Monitor w/VSCC","23420","Fresno, CA","06","California","019","Fresno","36.6342250009037","-120.382331"
"08/30/2025","AQS","060192009","3","7.6","ug/m3 LC","42","Tranquillity","1","100.0000","88101","PM2.5 - Local Conditions","170","Met One BAM-1020 Mass Monitor w/VSCC","23420","Fresno, CA","06","California","019","Fresno","36.6342250009037","-120.382331"
"08/31/2025","AQS","060192009","3","7.1","ug/m3 LC","39","Tranquillity","1","100.0000","88101","PM2.5 - Local Conditions","170","Met One BAM-1020 Mass Monitor w/VSCC","23420","Fresno, CA","06","California","019","Fresno","36.6342250009037","-120.382331"
"09/01/2025","AQS","060192009","3","9.2","ug/m3 LC","51","Tranquillity","1","100.0000","88101","PM2.5 - Local Conditions","170","Met One BAM-1020 Mass Monitor w/VSCC","23420","Fresno, CA","06","California","019","Fresno","36.6342250009037","-120.382331"
"09/02/2025","AQS","060192009","3","9.3","ug/m3 LC","51","Tranquillity","1","100.0000","88101","PM2.5 - Local Conditions","170","Met One BAM-1020 Mass Monitor w/VSCC","23420","Fresno, CA","06","California","019","Fresno","36.6342250009037","-120.382331"
"09/03/2025","AQS","060192009","3","10.1","ug/m3 LC","53","Tranquillity","1","100.0000","88101","PM2.5 - Local Conditions","170","Met One BAM-1020 Mass Monitor w/VSCC","23420","Fresno, CA","06","California","019","Fresno","36.6342250009037","-120.382331"
"09/04/2025","AQS","060192009","3","7.5","ug/m3 LC","42","Tranquillity","1","100.0000","88101","PM2.5 - Local Conditions","170","Met One BAM-1020 Mass Monitor w/VSCC","23420","Fresno, CA","06","California","019","Fresno","36.6342250009037","-120.382331"
"09/05/2025","AQS","060192009","3","14.6","ug/m3 LC","61","Tranquillity","1","100.0000","88101","PM2.5 - Local Conditions","170","Met One BAM-1020 Mass Monitor w/VSCC","23420","Fresno, CA","06","California","019","Fresno","36.6342250009037","-120.382331"
"09/06/2025","AQS","060192009","3","10.9","ug/m3 LC","54","Tranquillity","1","100.0000","88101","PM2.5 - Local Conditions","170","Met One BAM-1020 Mass Monitor w/VSCC","23420","Fresno, CA","06","California","019","Fresno","36.6342250009037","-120.382331"
"09/07/2025","AQS","060192009","3","5.9","ug/m3 LC","33","Tranquillity","1","100.0000","88101","PM2.5 - Local Conditions","170","Met One BAM-1020 Mass Monitor w/VSCC","23420","Fresno, CA","06","California","019","Fresno","36.6342250009037","-120.382331"
"09/08/2025","AQS","060192009","3","5.3","ug/m3 LC","29","Tranquillity","1","100.0000","88101","PM2.5 - Local Conditions","170","Met One BAM-1020 Mass Monitor w/VSCC","23420","Fresno, CA","06","California","019","Fresno","36.6342250009037","-120.382331"
"09/09/2025","AQS","060192009","3","4.2","ug/m3 LC","23","Tranquillity","1","100.0000","88101","PM2.5 - Local Conditions","170","Met One BAM-1020 Mass Monitor w/VSCC","23420","Fresno, CA","06","California","019","Fresno","36.6342250009037","-120.382331"
"09/10/2025","AQS","060192009","3","3.6","ug/m3 LC","20","Tranquillity","1","100.0000","88101","PM2.5 - Local Conditions","170","Met One BAM-1020 Mass Monitor w/VSCC","23420","Fresno, CA","06","California","019","Fresno","36.6342250009037","-120.382331"
"09/11/2025","AQS","060192009","3","5.5","ug/m3 LC","31","Tranquillity","1","100.0000","88101","PM2.5 - Local Conditions","170","Met One BAM-1020 Mass Monitor w/VSCC","23420","Fresno, CA","06","California","019","Fresno","36.6342250009037","-120.382331"
"09/12/2025","AQS","060192009","3","7.2","ug/m3 LC","40","Tranquillity","1","100.0000","88101","PM2.5 - Local Conditions","170","Met One BAM-1020 Mass Monitor w/VSCC","23420","Fresno, CA","06","California","019","Fresno","36.6342250009037","-120.382331"
"09/13/2025","AQS","060192009","3","8.4","ug/m3 LC","47","Tranquillity","1","100.0000","88101","PM2.5 - Local Conditions","170","Met One BAM-1020 Mass Monitor w/VSCC","23420","Fresno, CA","06","California","019","Fresno","36.6342250009037","-120.382331"
"09/14/2025","AQS","060192009","3","5.7","ug/m3 LC","32","Tranquillity","1","100.0000","88101","PM2.5 - Local Conditions","170","Met One BAM-1020 Mass Monitor w/VSCC","23420","Fresno, CA","06","California","019","Fresno","36.6342250009037","-120.382331"
"09/15/2025","AQS","060192009","3","6.1","ug/m3 LC","34","Tranquillity","1","100.0000","88101","PM2.5 - Local Conditions","170","Met One BAM-1020 Mass Monitor w/VSCC","23420","Fresno, CA","06","California","019","Fresno","36.6342250009037","-120.382331"
"09/16/2025","AQS","060192009","3","6.9","ug/m3 LC","38","Tranquillity","1","100.0000","88101","PM2.5 - Local Conditions","170","Met One BAM-1020 Mass Monitor w/VSCC","23420","Fresno, CA","06","California","019","Fresno","36.6342250009037","-120.382331"
"09/17/2025","AQS","060192009","3","8.6","ug/m3 LC","48","Tranquillity","1","100.0000","88101","PM2.5 - Local Conditions","170","Met One BAM-1020 Mass Monitor w/VSCC","23420","Fresno, CA","06","California","019","Fresno","36.6342250009037","-120.382331"
"09/18/2025","AQS","060192009","3","10.6","ug/m3 LC","54","Tranquillity","1","100.0000","88101","PM2.5 - Local Conditions","170","Met One BAM-1020 Mass Monitor w/VSCC","23420","Fresno, CA","06","California","019","Fresno","36.6342250009037","-120.382331"
"09/19/2025","AQS","060192009","3","10.9","ug/m3 LC","54","Tranquillity","1","100.0000","88101","PM2.5 - Local Conditions","170","Met One BAM-1020 Mass Monitor w/VSCC","23420","Fresno, CA","06","California","019","Fresno","36.6342250009037","-120.382331"
"09/20/2025","AQS","060192009","3","9.2","ug/m3 LC","51","Tranquillity","1","100.0000","88101","PM2.5 - Local Conditions","170","Met One BAM-1020 Mass Monitor w/VSCC","23420","Fresno, CA","06","California","019","Fresno","36.6342250009037","-120.382331"
"09/21/2025","AQS","060192009","3","6.5","ug/m3 LC","36","Tranquillity","1","100.0000","88101","PM2.5 - Local Conditions","170","Met One BAM-1020 Mass Monitor w/VSCC","23420","Fresno, CA","06","California","019","Fresno","36.6342250009037","-120.382331"
"09/22/2025","AQS","060192009","3","6","ug/m3 LC","33","Tranquillity","1","100.0000","88101","PM2.5 - Local Conditions","170","Met One BAM-1020 Mass Monitor w/VSCC","23420","Fresno, CA","06","California","019","Fresno","36.6342250009037","-120.382331"
"09/23/2025","AQS","060192009","3","6.4","ug/m3 LC","36","Tranquillity","1","100.0000","88101","PM2.5 - Local Conditions","170","Met One BAM-1020 Mass Monitor w/VSCC","23420","Fresno, CA","06","California","019","Fresno","36.6342250009037","-120.382331"
"09/24/2025","AQS","060192009","3","7.1","ug/m3 LC","39","Tranquillity","1","100.0000","88101","PM2.5 - Local Conditions","170","Met One BAM-1020 Mass Monitor w/VSCC","23420","Fresno, CA","06","California","019","Fresno","36.6342250009037","-120.382331"
"09/25/2025","AQS","060192009","3","6","ug/m3 LC","33","Tranquillity","1","100.0000","88101","PM2.5 - Local Conditions","170","Met One BAM-1020 Mass Monitor w/VSCC","23420","Fresno, CA","06","California","019","Fresno","36.6342250009037","-120.382331"
"09/26/2025","AQS","060192009","3","9.3","ug/m3 LC","51","Tranquillity","1","100.0000","88101","PM2.5 - Local Conditions","170","Met One BAM-1020 Mass Monitor w/VSCC","23420","Fresno, CA","06","California","019","Fresno","36.6342250009037","-120.382331"
"09/27/2025","AQS","060192009","3","11.1","ug/m3 LC","55","Tranquillity","1","100.0000","88101","PM2.5 - Local Conditions","170","Met One BAM-1020 Mass Monitor w/VSCC","23420","Fresno, CA","06","California","019","Fresno","36.6342250009037","-120.382331"
"09/28/2025","AQS","060192009","3","8.9","ug/m3 LC","49","Tranquillity","1","100.0000","88101","PM2.5 - Local Conditions","170","Met One BAM-1020 Mass Monitor w/VSCC","23420","Fresno, CA","06","California","019","Fresno","36.6342250009037","-120.382331"
"09/29/2025","AQS","060192009","3","7","ug/m3 LC","39","Tranquillity","1","100.0000","88101","PM2.5 - Local Conditions","170","Met One BAM-1020 Mass Monitor w/VSCC","23420","Fresno, CA","06","California","019","Fresno","36.6342250009037","-120.382331"
"09/30/2025","AQS","060192009","3","5","ug/m3 LC","28","Tranquillity","1","100.0000","88101","PM2.5 - Local Conditions","170","Met One BAM-1020 Mass Monitor w/VSCC","23420","Fresno, CA","06","California","019","Fresno","36.6342250009037","-120.382331"
"10/01/2025","AQS","060192009","3","3.2","ug/m3 LC","18","Tranquillity","1","100.0000","88101","PM2.5 - Local Conditions","170","Met One BAM-1020 Mass Monitor w/VSCC","23420","Fresno, CA","06","California","019","Fresno","36.6342250009037","-120.382331"
"10/02/2025","AQS","060192009","3","5.2","ug/m3 LC","29","Tranquillity","1","100.0000","88101","PM2.5 - Local Conditions","170","Met One BAM-1020 Mass Monitor w/VSCC","23420","Fresno, CA","06","California","019","Fresno","36.6342250009037","-120.382331"
"10/03/2025","AQS","060192009","3","5","ug/m3 LC","28","Tranquillity","1","100.0000","88101","PM2.5 - Local Conditions","170","Met One BAM-1020 Mass Monitor w/VSCC","23420","Fresno, CA","06","California","019","Fresno","36.6342250009037","-120.382331"
"10/04/2025","AQS","060192009","3","5.2","ug/m3 LC","29","Tranquillity","1","100.0000","88101","PM2.5 - Local Conditions","170","Met One BAM-1020 Mass Monitor w/VSCC","23420","Fresno, CA","06","California","019","Fresno","36.6342250009037","-120.382331"
"10/05/2025","AQS","060192009","3","3.5","ug/m3 LC","19","Tranquillity","1","100.0000","88101","PM2.5 - Local Conditions","170","Met One BAM-1020 Mass Monitor w/VSCC","23420","Fresno, CA","06","California","019","Fresno","36.6342250009037","-120.382331"
"10/06/2025","AQS","060192009","3","4.8","ug/m3 LC","27","Tranquillity","1","100.0000","88101","PM2.5 - Local Conditions","170","Met One BAM-1020 Mass Monitor w/VSCC","23420","Fresno, CA","06","California","019","Fresno","36.6342250009037","-120.382331"
"10/07/2025","AQS","060192009","3","5","ug/m3 LC","28","Tranquillity","1","100.0000","88101","PM2.5 - Local Conditions","170","Met One BAM-1020 Mass Monitor w/VSCC","23420","Fresno, CA","06","California","019","Fresno","36.6342250009037","-120.382331"
"10/08/2025","AQS","060192009","3","5.5","ug/m3 LC","31","Tranquillity","1","100.0000","88101","PM2.5 - Local Conditions","170","Met One BAM-1020 Mass Monitor w/VSCC","23420","Fresno, CA","06","California","019","Fresno","36.6342250009037","-120.382331"
"10/09/2025","AQS","060192009","3","5.7","ug/m3 LC","32","Tranquillity","1","100.0000","88101","PM2.5 - Local Conditions","170","Met One BAM-1020 Mass Monitor w/VSCC","23420","Fresno, CA","06","California","019","Fresno","36.6342250009037","-120.382331"
"10/10/2025","AQS","060192009","3","5.2","ug/m3 LC","29","Tranquillity","1","100.0000","88101","PM2.5 - Local Conditions","170","Met One BAM-1020 Mass Monitor w/VSCC","23420","Fresno, CA","06","California","019","Fresno","36.6342250009037","-120.382331"
"10/11/2025","AQS","060192009","3","3.7","ug/m3 LC","21","Tranquillity","1","100.0000","88101","PM2.5 - Local Conditions","170","Met One BAM-1020 Mass Monitor w/VSCC","23420","Fresno, CA","06","California","019","Fresno","36.6342250009037","-120.382331"
"10/12/2025","AQS","060192009","3","1.7","ug/m3 LC","9","Tranquillity","1","100.0000","88101","PM2.5 - Local Conditions","170","Met One BAM-1020 Mass Monitor w/VSCC","23420","Fresno, CA","06","California","019","Fresno","36.6342250009037","-120.382331"
"10/13/2025","AQS","060192009","3","3","ug/m3 LC","17","Tranquillity","1","100.0000","88101","PM2.5 - Local Conditions","170","Met One BAM-1020 Mass Monitor w/VSCC","23420","Fresno, CA","06","California","019","Fresno","36.6342250009037","-120.382331"
"10/14/2025","AQS","060192009","3","2.4","ug/m3 LC","13","Tranquillity","1","100.0000","88101","PM2.5 - Local Conditions","170","Met One BAM-1020 Mass Monitor w/VSCC","23420","Fresno, CA","06","California","019","Fresno","36.6342250009037","-120.382331"
"10/15/2025","AQS","060192009","3","4.3","ug/m3 LC","24","Tranquillity","1","100.0000","88101","PM2.5 - Local Conditions","170","Met One BAM-1020 Mass Monitor w/VSCC","23420","Fresno, CA","06","California","019","Fresno","36.6342250009037","-120.382331"
"10/16/2025","AQS","060192009","3","5.2","ug/m3 LC","29","Tranquillity","1","100.0000","88101","PM2.5 - Local Conditions","170","Met One BAM-1020 Mass Monitor w/VSCC","23420","Fresno, CA","06","California","019","Fresno","36.6342250009037","-120.382331"
"10/17/2025","AQS","060192009","3","6.5","ug/m3 LC","36","Tranquillity","1","100.0000","88101","PM2.5 - Local Conditions","170","Met One BAM-1020 Mass Monitor w/VSCC","23420","Fresno, CA","06","California","019","Fresno","36.6342250009037","-120.382331"
"10/18/2025","AQS","060192009","3","9.5","ug/m3 LC","52","Tranquillity","1","100.0000","88101","PM2.5 - Local Conditions","170","Met One BAM-1020 Mass Monitor w/VSCC","23420","Fresno, CA","06","California","019","Fresno","36.6342250009037","-120.382331"
"10/19/2025","AQS","060192009","3","11.2","ug/m3 LC","55","Tranquillity","1","100.0000","88101","PM2.5 - Local Conditions","170","Met One BAM-1020 Mass Monitor w/VSCC","23420","Fresno, CA","06","California","019","Fresno","36.6342250009037","-120.382331"
"10/20/2025","AQS","060192009","3","8.5","ug/m3 LC","47","Tranquillity","1","100.0000","88101","PM2.5 - Local Conditions","170","Met One BAM-1020 Mass Monitor w/VSCC","23420","Fresno, CA","06","California","019","Fresno","36.6342250009037","-120.382331"
"10/21/2025","AQS","060192009","3","8","ug/m3 LC","44","Tranquillity","1","100.0000","88101","PM2.5 - Local Conditions","170","Met One BAM-1020 Mass Monitor w/VSCC","23420","Fresno, CA","06","California","019","Fresno","36.6342250009037","-120.382331"
"10/22/2025","AQS","060192009","3","7.5","ug/m3 LC","42","Tranquillity","1","100.0000","88101","PM2.5 - Local Conditions","170","Met One BAM-1020 Mass Monitor w/VSCC","23420","Fresno, CA","06","California","019","Fresno","36.6342250009037","-120.382331"
"10/23/2025","AQS","060192009","3","7","ug/m3 LC","39","Tranquillity","1","100.0000","88101","PM2.5 - Local Conditions","170","Met One BAM-1020 Mass Monitor w/VSCC","23420","Fresno, CA","06","California","019","Fresno","36.6342250009037","-120.382331"
"10/24/2025","AQS","060192009","3","8","ug/m3 LC","44","Tranquillity","1","100.0000","88101","PM2.5 - Local Conditions","170","Met One BAM-1020 Mass Monitor w/VSCC","23420","Fresno, CA","06","California","019","Fresno","36.6342250009037","-120.382331"
"10/25/2025","AQS","060192009","3","7.7","ug/m3 LC","43","Tranquillity","1","100.0000","88101","PM2.5 - Local Conditions","170","Met One BAM-1020 Mass Monitor w/VSCC","23420","Fresno, CA","06","California","019","Fresno","36.6342250009037","-120.382331"
"10/26/2025","AQS","060192009","3","3","ug/m3 LC","17","Tranquillity","1","100.0000","88101","PM2.5 - Local Conditions","170","Met One BAM-1020 Mass Monitor w/VSCC","23420","Fresno, CA","06","California","019","Fresno","36.6342250009037","-120.382331"
"10/27/2025","AQS","060192009","3","3.5","ug/m3 LC","19","Tranquillity","1","100.0000","88101","PM2.5 - Local Conditions","170","Met One BAM-1020 Mass Monitor w/VSCC","23420","Fresno, CA","06","California","019","Fresno","36.6342250009037","-120.382331"
"10/28/2025","AQS","060192009","3","2.7","ug/m3 LC","15","Tranquillity","1","100.0000","88101","PM2.5 - Local Conditions","170","Met One BAM-1020 Mass Monitor w/VSCC","23420","Fresno, CA","06","California","019","Fresno","36.6342250009037","-120.382331"
"10/29/2025","AQS","060192009","3","5.7","ug/m3 LC","32","Tranquillity","1","100.0000","88101","PM2.5 - Local Conditions","170","Met One BAM-1020 Mass Monitor w/VSCC","23420","Fresno, CA","06","California","019","Fresno","36.6342250009037","-120.382331"
"11/04/2025","AQS","060192009","3","4.5","ug/m3 LC","25","Tranquillity","1","100.0000","88101","PM2.5 - Local Conditions","170","Met One BAM-1020 Mass Monitor w/VSCC","23420","Fresno, CA","06","California","019","Fresno","36.6342250009037","-120.382331"
"11/05/2025","AQS","060192009","3","7.9","ug/m3 LC","44","Tranquillity","1","100.0000","88101","PM2.5 - Local Conditions","170","Met One BAM-1020 Mass Monitor w/VSCC","23420","Fresno, CA","06","California","019","Fresno","36.6342250009037","-120.382331"
"11/06/2025","AQS","060192009","3","4.6","ug/m3 LC","26","Tranquillity","1","100.0000","88101","PM2.5 - Local Conditions","170","Met One BAM-1020 Mass Monitor w/VSCC","23420","Fresno, CA","06","California","019","Fresno","36.6342250009037","-120.382331"
"11/07/2025","AQS","060192009","3","3.9","ug/m3 LC","22","Tranquillity","1","100.0000","88101","PM2.5 - Local Conditions","170","Met One BAM-1020 Mass Monitor w/VSCC","23420","Fresno, CA","06","California","019","Fresno","36.6342250009037","-120.382331"
"11/08/2025","AQS","060192009","3","2.5","ug/m3 LC","14","Tranquillity","1","100.0000","88101","PM2.5 - Local Conditions","170","Met One BAM-1020 Mass Monitor w/VSCC","23420","Fresno, CA","06","California","019","Fresno","36.6342250009037","-120.382331"
"11/09/2025","AQS","060192009","3","2.9","ug/m3 LC","16","Tranquillity","1","100.0000","88101","PM2.5 - Local Conditions","170","Met One BAM-1020 Mass Monitor w/VSCC","23420","Fresno, CA","06","California","019","Fresno","36.6342250009037","-120.382331"
"11/10/2025","AQS","060192009","3","7.2","ug/m3 LC","40","Tranquillity","1","100.0000","88101","PM2.5 - Local Conditions","170","Met One BAM-1020 Mass Monitor w/VSCC","23420","Fresno, CA","06","California","019","Fresno","36.6342250009037","-120.382331"
"11/11/2025","AQS","060192009","3","6.8","ug/m3 LC","38","Tranquillity","1","100.0000","88101","PM2.5 - Local Conditions","170","Met One BAM-1020 Mass Monitor w/VSCC","23420","Fresno, CA","06","California","019","Fresno","36.6342250009037","-120.382331"
"11/12/2025","AQS","060192009","3","7.5","ug/m3 LC","42","Tranquillity","1","100.0000","88101","PM2.5 - Local Conditions","170","Met One BAM-1020 Mass Monitor w/VSCC","23420","Fresno, CA","06","California","019","Fresno","36.6342250009037","-120.382331"
"11/13/2025","AQS","060192009","3","4.8","ug/m3 LC","27","Tranquillity","1","100.0000","88101","PM2.5 - Local Conditions","170","Met One BAM-1020 Mass Monitor w/VSCC","23420","Fresno, CA","06","California","019","Fresno","36.6342250009037","-120.382331"
"11/14/2025","AQS","060192009","3","0.5","ug/m3 LC","3","Tranquillity","1","100.0000","88101","PM2.5 - Local Conditions","170","Met One BAM-1020 Mass Monitor w/VSCC","23420","Fresno, CA","06","California","019","Fresno","36.6342250009037","-120.382331"
"11/15/2025","AQS","060192009","3","2.5","ug/m3 LC","14","Tranquillity","1","100.0000","88101","PM2.5 - Local Conditions","170","Met One BAM-1020 Mass Monitor w/VSCC","23420","Fresno, CA","06","California","019","Fresno","36.6342250009037","-120.382331"
"11/16/2025","AQS","060192009","3","0.9","ug/m3 LC","5","Tranquillity","1","100.0000","88101","PM2.5 - Local Conditions","170","Met One BAM-1020 Mass Monitor w/VSCC","23420","Fresno, CA","06","California","019","Fresno","36.6342250009037","-120.382331"
"11/17/2025","AQS","060192009","3","1.7","ug/m3 LC","9","Tranquillity","1","100.0000","88101","PM2.5 - Local Conditions","170","Met One BAM-1020 Mass Monitor w/VSCC","23420","Fresno, CA","06","California","019","Fresno","36.6342250009037","-120.382331"
"11/18/2025","AQS","060192009","3","2.1","ug/m3 LC","12","Tranquillity","1","100.0000","88101","PM2.5 - Local Conditions","170","Met One BAM-1020 Mass Monitor w/VSCC","23420","Fresno, CA","06","California","019","Fresno","36.6342250009037","-120.382331"
"11/19/2025","AQS","060192009","3","2.7","ug/m3 LC","15","Tranquillity","1","100.0000","88101","PM2.5 - Local Conditions","170","Met One BAM-1020 Mass Monitor w/VSCC","23420","Fresno, CA","06","California","019","Fresno","36.6342250009037","-120.382331"
"11/20/2025","AQS","060192009","3","6.2","ug/m3 LC","34","Tranquillity","1","100.0000","88101","PM2.5 - Local Conditions","170","Met One BAM-1020 Mass Monitor w/VSCC","23420","Fresno, CA","06","California","019","Fresno","36.6342250009037","-120.382331"
"11/21/2025","AQS","060192009","3","5.8","ug/m3 LC","32","Tranquillity","1","100.0000","88101","PM2.5 - Local Conditions","170","Met One BAM-1020 Mass Monitor w/VSCC","23420","Fresno, CA","06","California","019","Fresno","36.6342250009037","-120.382331"
"11/22/2025","AQS","060192009","3","5.3","ug/m3 LC","29","Tranquillity","1","100.0000","88101","PM2.5 - Local Conditions","170","Met One BAM-1020 Mass Monitor w/VSCC","23420","Fresno, CA","06","California","019","Fresno","36.6342250009037","-120.382331"
"11/23/2025","AQS","060192009","3","5.7","ug/m3 LC","32","Tranquillity","1","100.0000","88101","PM2.5 - Local Conditions","170","Met One BAM-1020 Mass Monitor w/VSCC","23420","Fresno, CA","06","California","019","Fresno","36.6342250009037","-120.382331"
"11/24/2025","AQS","060192009","3","6.7","ug/m3 LC","37","Tranquillity","1","100.0000","88101","PM2.5 - Local Conditions","170","Met One BAM-1020 Mass Monitor w/VSCC","23420","Fresno, CA","06","California","019","Fresno","36.6342250009037","-120.382331"
"11/25/2025","AQS","060192009","3","6.9","ug/m3 LC","38","Tranquillity","1","100.0000","88101","PM2.5 - Local Conditions","170","Met One BAM-1020 Mass Monitor w/VSCC","23420","Fresno, CA","06","California","019","Fresno","36.6342250009037","-120.382331"
"11/26/2025","AQS","060192009","3","7.5","ug/m3 LC","42","Tranquillity","1","100.0000","88101","PM2.5 - Local Conditions","170","Met One BAM-1020 Mass Monitor w/VSCC","23420","Fresno, CA","06","California","019","Fresno","36.6342250009037","-120.382331"
"11/27/2025","AQS","060192009","3","12.8","ug/m3 LC","58","Tranquillity","1","100.0000","88101","PM2.5 - Local Conditions","170","Met One BAM-1020 Mass Monitor w/VSCC","23420","Fresno, CA","06","California","019","Fresno","36.6342250009037","-120.382331"
"11/28/2025","AQS","060192009","3","14.8","ug/m3 LC","62","Tranquillity","1","100.0000","88101","PM2.5 - Local Conditions","170","Met One BAM-1020 Mass Monitor w/VSCC","23420","Fresno, CA","06","California","019","Fresno","36.6342250009037","-120.382331"
"11/29/2025","AQS","060192009","3","16.1","ug/m3 LC","64","Tranquillity","1","100.0000","88101","PM2.5 - Local Conditions","170","Met One BAM-1020 Mass Monitor w/VSCC","23420","Fresno, CA","06","California","019","Fresno","36.6342250009037","-120.382331"
"11/30/2025","AQS","060192009","3","13.3","ug/m3 LC","59","Tranquillity","1","100.0000","88101","PM2.5 - Local Conditions","170","Met One BAM-1020 Mass Monitor w/VSCC","23420","Fresno, CA","06","California","019","Fresno","36.6342250009037","-120.382331"
"12/01/2025","AQS","060192009","3","7.5","ug/m3 LC","42","Tranquillity","1","100.0000","88101","PM2.5 - Local Conditions","170","Met One BAM-1020 Mass Monitor w/VSCC","23420","Fresno, CA","06","California","019","Fresno","36.6342250009037","-120.382331"
"12/02/2025","AQS","060192009","3","10.5","ug/m3 LC","54","Tranquillity","1","100.0000","88101","PM2.5 - Local Conditions","170","Met One BAM-1020 Mass Monitor w/VSCC","23420","Fresno, CA","06","California","019","Fresno","36.6342250009037","-120.382331"
"12/03/2025","AQS","060192009","3","12.1","ug/m3 LC","57","Tranquillity","1","100.0000","88101","PM2.5 - Local Conditions","170","Met One BAM-1020 Mass Monitor w/VSCC","23420","Fresno, CA","06","California","019","Fresno","36.6342250009037","-120.382331"
"12/04/2025","AQS","060192009","3","10.7","ug/m3 LC","54","Tranquillity","1","100.0000","88101","PM2.5 - Local Conditions","170","Met One BAM-1020 Mass Monitor w/VSCC","23420","Fresno, CA","06","California","019","Fresno","36.6342250009037","-120.382331"
"12/05/2025","AQS","060192009","3","11.5","ug/m3 LC","55","Tranquillity","1","100.0000","88101","PM2.5 - Local Conditions","170","Met One BAM-1020 Mass Monitor w/VSCC","23420","Fresno, CA","06","California","019","Fresno","36.6342250009037","-120.382331"
"12/06/2025","AQS","060192009","3","14.5","ug/m3 LC","61","Tranquillity","1","100.0000","88101","PM2.5 - Local Conditions","170","Met One BAM-1020 Mass Monitor w/VSCC","23420","Fresno, CA","06","California","019","Fresno","36.6342250009037","-120.382331"
"12/07/2025","AQS","060192009","3","15.2","ug/m3 LC","62","Tranquillity","1","100.0000","88101","PM2.5 - Local Conditions","170","Met One BAM-1020 Mass Monitor w/VSCC","23420","Fresno, CA","06","California","019","Fresno","36.6342250009037","-120.382331"
"12/08/2025","AQS","060192009","3","6.9","ug/m3 LC","38","Tranquillity","1","100.0000","88101","PM2.5 - Local Conditions","170","Met One BAM-1020 Mass Monitor w/VSCC","23420","Fresno, CA","06","California","019","Fresno","36.6342250009037","-120.382331"
"12/09/2025","AQS","060192009","3","10.5","ug/m3 LC","54","Tranquillity","1","100.0000","88101","PM2.5 - Local Conditions","170","Met One BAM-1020 Mass Monitor w/VSCC","23420","Fresno, CA","06","California","019","Fresno","36.6342250009037","-120.382331"
"12/10/2025","AQS","060192009","3","3.2","ug/m3 LC","18","Tranquillity","1","100.0000","88101","PM2.5 - Local Conditions","170","Met One BAM-1020 Mass Monitor w/VSCC","23420","Fresno, CA","06","California","019","Fresno","36.6342250009037","-120.382331"
"12/11/2025","AQS","060192009","3","3.1","ug/m3 LC","17","Tranquillity","1","100.0000","88101","PM2.5 - Local Conditions","170","Met One BAM-1020 Mass Monitor w/VSCC","23420","Fresno, CA","06","California","019","Fresno","36.6342250009037","-120.382331"
"12/12/2025","AQS","060192009","3","1.3","ug/m3 LC","7","Tranquillity","1","100.0000","88101","PM2.5 - Local Conditions","170","Met One BAM-1020 Mass Monitor w/VSCC","23420","Fresno, CA","06","California","019","Fresno","36.6342250009037","-120.382331"
"12/13/2025","AQS","060192009","3","2.5","ug/m3 LC","14","Tranquillity","1","100.0000","88101","PM2.5 - Local Conditions","170","Met One BAM-1020 Mass Monitor w/VSCC","23420","Fresno, CA","06","California","019","Fresno","36.6342250009037","-120.382331"
"12/14/2025","AQS","060192009","3","1.8","ug/m3 LC","10","Tranquillity","1","100.0000","88101","PM2.5 - Local Conditions","170","Met One BAM-1020 Mass Monitor w/VSCC","23420","Fresno, CA","06","California","019","Fresno","36.6342250009037","-120.382331"
"12/15/2025","AQS","060192009","3","2.5","ug/m3 LC","14","Tranquillity","1","100.0000","88101","PM2.5 - Local Conditions","170","Met One BAM-1020 Mass Monitor w/VSCC","23420","Fresno, CA","06","California","019","Fresno","36.6342250009037","-120.382331"
"12/16/2025","AQS","060192009","3","6.5","ug/m3 LC","36","Tranquillity","1","100.0000","88101","PM2.5 - Local Conditions","170","Met One BAM-1020 Mass Monitor w/VSCC","23420","Fresno, CA","06","California","019","Fresno","36.6342250009037","-120.382331"
"12/17/2025","AQS","060192009","3","3.4","ug/m3 LC","19","Tranquillity","1","100.0000","88101","PM2.5 - Local Conditions","170","Met One BAM-1020 Mass Monitor w/VSCC","23420","Fresno, CA","06","California","019","Fresno","36.6342250009037","-120.382331"
"12/18/2025","AQS","060192009","3","13.1","ug/m3 LC","58","Tranquillity","1","100.0000","88101","PM2.5 - Local Conditions","170","Met One BAM-1020 Mass Monitor w/VSCC","23420","Fresno, CA","06","California","019","Fresno","36.6342250009037","-120.382331"
"12/19/2025","AQS","060192009","3","6.8","ug/m3 LC","38","Tranquillity","1","100.0000","88101","PM2.5 - Local Conditions","170","Met One BAM-1020 Mass Monitor w/VSCC","23420","Fresno, CA","06","California","019","Fresno","36.6342250009037","-120.382331"
"12/20/2025","AQS","060192009","3","10.4","ug/m3 LC","53","Tranquillity","1","100.0000","88101","PM2.5 - Local Conditions","170","Met One BAM-1020 Mass Monitor w/VSCC","23420","Fresno, CA","06","California","019","Fresno","36.6342250009037","-120.382331"
"12/21/2025","AQS","060192009","3","7","ug/m3 LC","39","Tranquillity","1","100.0000","88101","PM2.5 - Local Conditions","170","Met One BAM-1020 Mass Monitor w/VSCC","23420","Fresno, CA","06","California","019","Fresno","36.6342250009037","-120.382331"
"12/22/2025","AQS","060192009","3","-0.7","ug/m3 LC","0","Tranquillity","1","100.0000","88101","PM2.5 - Local Conditions","170","Met One BAM-1020 Mass Monitor w/VSCC","23420","Fresno, CA","06","California","019","Fresno","36.6342250009037","-120.382331"
"12/23/2025","AQS","060192009","3","2.4","ug/m3 LC","13","Tranquillity","1","100.0000","88101","PM2.5 - Local Conditions","170","Met One BAM-1020 Mass Monitor w/VSCC","23420","Fresno, CA","06","California","019","Fresno","36.6342250009037","-120.382331"
"12/24/2025","AQS","060192009","3","0","ug/m3 LC","0","Tranquillity","1","100.0000","88101","PM2.5 - Local Conditions","170","Met One BAM-1020 Mass Monitor w/VSCC","23420","Fresno, CA","06","California","019","Fresno","36.6342250009037","-120.382331"
"12/26/2025","AQS","060192009","3","-0.6","ug/m3 LC","0","Tranquillity","1","100.0000","88101","PM2.5 - Local Conditions","170","Met One BAM-1020 Mass Monitor w/VSCC","23420","Fresno, CA","06","California","019","Fresno","36.6342250009037","-120.382331"
"12/27/2025","AQS","060192009","3","0.2","ug/m3 LC","1","Tranquillity","1","100.0000","88101","PM2.5 - Local Conditions","170","Met One BAM-1020 Mass Monitor w/VSCC","23420","Fresno, CA","06","California","019","Fresno","36.6342250009037","-120.382331"
"12/28/2025","AQS","060192009","3","0.7","ug/m3 LC","4","Tranquillity","1","100.0000","88101","PM2.5 - Local Conditions","170","Met One BAM-1020 Mass Monitor w/VSCC","23420","Fresno, CA","06","California","019","Fresno","36.6342250009037","-120.382331"
"12/29/2025","AQS","060192009","3","1.2","ug/m3 LC","7","Tranquillity","1","100.0000","88101","PM2.5 - Local Conditions","170","Met One BAM-1020 Mass Monitor w/VSCC","23420","Fresno, CA","06","California","019","Fresno","36.6342250009037","-120.382331"
"12/30/2025","AQS","060192009","3","5.1","ug/m3 LC","28","Tranquillity","1","100.0000","88101","PM2.5 - Local Conditions","170","Met One BAM-1020 Mass Monitor w/VSCC","23420","Fresno, CA","06","California","019","Fresno","36.6342250009037","-120.382331"
"12/31/2025","AQS","060192009","3","11.6","ug/m3 LC","56","Tranquillity","1","100.0000","88101","PM2.5 - Local Conditions","170","Met One BAM-1020 Mass Monitor w/VSCC","23420","Fresno, CA","06","California","019","Fresno","36.6342250009037","-120.382331"
"01/01/2025","AQS","060192016","3","42.9","ug/m3 LC","119","Fresno-Foundry","1","100.0000","88101","PM2.5 - Local Conditions","170","Met One BAM-1020 Mass Monitor w/VSCC","23420","Fresno, CA","06","California","019","Fresno","36.710833","-119.7775"
"01/02/2025","AQS","060192016","3","37.7","ug/m3 LC","106","Fresno-Foundry","1","100.0000","88101","PM2.5 - Local Conditions","170","Met One BAM-1020 Mass Monitor w/VSCC","23420","Fresno, CA","06","California","019","Fresno","36.710833","-119.7775"
"01/03/2025","AQS","060192016","3","27.9","ug/m3 LC","86","Fresno-Foundry","1","100.0000","88101","PM2.5 - Local Conditions","170","Met One BAM-1020 Mass Monitor w/VSCC","23420","Fresno, CA","06","California","019","Fresno","36.710833","-119.7775"
"01/04/2025","AQS","060192016","3","12.3","ug/m3 LC","57","Fresno-Foundry","1","100.0000","88101","PM2.5 - Local Conditions","170","Met One BAM-1020 Mass Monitor w/VSCC","23420","Fresno, CA","06","California","019","Fresno","36.710833","-119.7775"
"01/05/2025","AQS","060192016","3","21.6","ug/m3 LC","74","Fresno-Foundry","1","100.0000","88101","PM2.5 - Local Conditions","170","Met One BAM-1020 Mass Monitor w/VSCC","23420","Fresno, CA","06","California","019","Fresno","36.710833","-119.7775"
"01/06/2025","AQS","060192016","3","23","ug/m3 LC","77","Fresno-Foundry","1","100.0000","88101","PM2.5 - Local Conditions","170","Met One BAM-1020 Mass Monitor w/VSCC","23420","Fresno, CA","06","California","019","Fresno","36.710833","-119.7775"
"01/07/2025","AQS","060192016","3","20","ug/m3 LC","71","Fresno-Foundry","1","100.0000","88101","PM2.5 - Local Conditions","170","Met One BAM-1020 Mass Monitor w/VSCC","23420","Fresno, CA","06","California","019","Fresno","36.710833","-119.7775"
"01/08/2025","AQS","060192016","3","30.7","ug/m3 LC","91","Fresno-Foundry","1","100.0000","88101","PM2.5 - Local Conditions","170","Met One BAM-1020 Mass Monitor w/VSCC","23420","Fresno, CA","06","California","019","Fresno","36.710833","-119.7775"
"01/09/2025","AQS","060192016","3","23.2","ug/m3 LC","77","Fresno-Foundry","1","100.0000","88101","PM2.5 - Local Conditions","170","Met One BAM-1020 Mass Monitor w/VSCC","23420","Fresno, CA","06","California","019","Fresno","36.710833","-119.7775"
"01/10/2025","AQS","060192016","3","26.6","ug/m3 LC","84","Fresno-Foundry","1","100.0000","88101","PM2.5 - Local Conditions","170","Met One BAM-1020 Mass Monitor w/VSCC","23420","Fresno, CA","06","California","019","Fresno","36.710833","-119.7775"
"01/11/2025","AQS","060192016","3","25.9","ug/m3 LC","82","Fresno-Foundry","1","100.0000","88101","PM2.5 - Local Conditions","170","Met One BAM-1020 Mass Monitor w/VSCC","23420","Fresno, CA","06","California","019","Fresno","36.710833","-119.7775"
"01/12/2025","AQS","060192016","3","30.2","ug/m3 LC","90","Fresno-Foundry","1","100.0000","88101","PM2.5 - Local Conditions","170","Met One BAM-1020 Mass Monitor w/VSCC","23420","Fresno, CA","06","California","019","Fresno","36.710833","-119.7775"
"01/13/2025","AQS","060192016","3","16.8","ug/m3 LC","65","Fresno-Foundry","1","100.0000","88101","PM2.5 - Local Conditions","170","Met One BAM-1020 Mass Monitor w/VSCC","23420","Fresno, CA","06","California","019","Fresno","36.710833","-119.7775"
"01/14/2025","AQS","060192016","3","24.2","ug/m3 LC","79","Fresno-Foundry","1","100.0000","88101","PM2.5 - Local Conditions","170","Met One BAM-1020 Mass Monitor w/VSCC","23420","Fresno, CA","06","California","019","Fresno","36.710833","-119.7775"
"01/15/2025","AQS","060192016","3","24.8","ug/m3 LC","80","Fresno-Foundry","1","100.0000","88101","PM2.5 - Local Conditions","170","Met One BAM-1020 Mass Monitor w/VSCC","23420","Fresno, CA","06","California","019","Fresno","36.710833","-119.7775"
"01/16/2025","AQS","060192016","3","30.1","ug/m3 LC","90","Fresno-Foundry","1","100.0000","88101","PM2.5 - Local Conditions","170","Met One BAM-1020 Mass Monitor w/VSCC","23420","Fresno, CA","06","California","019","Fresno","36.710833","-119.7775"
"01/17/2025","AQS","060192016","3","25.5","ug/m3 LC","82","Fresno-Foundry","1","100.0000","88101","PM2.5 - Local Conditions","170","Met One BAM-1020 Mass Monitor w/VSCC","23420","Fresno, CA","06","California","019","Fresno","36.710833","-119.7775"
"01/18/2025","AQS","060192016","3","33.4","ug/m3 LC","96","Fresno-Foundry","1","100.0000","88101","PM2.5 - Local Conditions","170","Met One BAM-1020 Mass Monitor w/VSCC","23420","Fresno, CA","06","California","019","Fresno","36.710833","-119.7775"
"01/19/2025","AQS","060192016","3","30.7","ug/m3 LC","91","Fresno-Foundry","1","100.0000","88101","PM2.5 - Local Conditions","170","Met One BAM-1020 Mass Monitor w/VSCC","23420","Fresno, CA","06","California","019","Fresno","36.710833","-119.7775"
"01/20/2025","AQS","060192016","3","32","ug/m3 LC","94","Fresno-Foundry","1","100.0000","88101","PM2.5 - Local Conditions","170","Met One BAM-1020 Mass Monitor w/VSCC","23420","Fresno, CA","06","California","019","Fresno","36.710833","-119.7775"
"01/21/2025","AQS","060192016","3","30.5","ug/m3 LC","91","Fresno-Foundry","1","100.0000","88101","PM2.5 - Local Conditions","170","Met One BAM-1020 Mass Monitor w/VSCC","23420","Fresno, CA","06","California","019","Fresno","36.710833","-119.7775"
"01/22/2025","AQS","060192016","3","28.1","ug/m3 LC","86","Fresno-Foundry","1","100.0000","88101","PM2.5 - Local Conditions","170","Met One BAM-1020 Mass Monitor w/VSCC","23420","Fresno, CA","06","California","019","Fresno","36.710833","-119.7775"
"01/23/2025","AQS","060192016","3","35.8","ug/m3 LC","102","Fresno-Foundry","1","100.0000","88101","PM2.5 - Local Conditions","170","Met One BAM-1020 Mass Monitor w/VSCC","23420","Fresno, CA","06","California","019","Fresno","36.710833","-119.7775"
"01/24/2025","AQS","060192016","3","30.7","ug/m3 LC","91","Fresno-Foundry","1","100.0000","88101","PM2.5 - Local Conditions","170","Met One BAM-1020 Mass Monitor w/VSCC","23420","Fresno, CA","06","California","019","Fresno","36.710833","-119.7775"
"01/25/2025","AQS","060192016","3","23.5","ug/m3 LC","78","Fresno-Foundry","1","100.0000","88101","PM2.5 - Local Conditions","170","Met One BAM-1020 Mass Monitor w/VSCC","23420","Fresno, CA","06","California","019","Fresno","36.710833","-119.7775"
"01/26/2025","AQS","060192016","3","4.7","ug/m3 LC","26","Fresno-Foundry","1","100.0000","88101","PM2.5 - Local Conditions","170","Met One BAM-1020 Mass Monitor w/VSCC","23420","Fresno, CA","06","California","019","Fresno","36.710833","-119.7775"
"01/27/2025","AQS","060192016","3","12.2","ug/m3 LC","57","Fresno-Foundry","1","100.0000","88101","PM2.5 - Local Conditions","170","Met One BAM-1020 Mass Monitor w/VSCC","23420","Fresno, CA","06","California","019","Fresno","36.710833","-119.7775"
"01/28/2025","AQS","060192016","3","15.3","ug/m3 LC","63","Fresno-Foundry","1","100.0000","88101","PM2.5 - Local Conditions","170","Met One BAM-1020 Mass Monitor w/VSCC","23420","Fresno, CA","06","California","019","Fresno","36.710833","-119.7775"
"01/29/2025","AQS","060192016","3","17.3","ug/m3 LC","66","Fresno-Foundry","1","100.0000","88101","PM2.5 - Local Conditions","170","Met One BAM-1020 Mass Monitor w/VSCC","23420","Fresno, CA","06","California","019","Fresno","36.710833","-119.7775"
"01/30/2025","AQS","060192016","3","30.7","ug/m3 LC","91","Fresno-Foundry","1","100.0000","88101","PM2.5 - Local Conditions","170","Met One BAM-1020 Mass Monitor w/VSCC","23420","Fresno, CA","06","California","019","Fresno","36.710833","-119.7775"
"01/31/2025","AQS","060192016","3","30.6","ug/m3 LC","91","Fresno-Foundry","1","100.0000","88101","PM2.5 - Local Conditions","170","Met One BAM-1020 Mass Monitor w/VSCC","23420","Fresno, CA","06","California","019","Fresno","36.710833","-119.7775"
"02/01/2025","AQS","060192016","3","24.4","ug/m3 LC","80","Fresno-Foundry","1","100.0000","88101","PM2.5 - Local Conditions","170","Met One BAM-1020 Mass Monitor w/VSCC","23420","Fresno, CA","06","California","019","Fresno","36.710833","-119.7775"
"02/02/2025","AQS","060192016","3","13.6","ug/m3 LC","59","Fresno-Foundry","1","100.0000","88101","PM2.5 - Local Conditions","170","Met One BAM-1020 Mass Monitor w/VSCC","23420","Fresno, CA","06","California","019","Fresno","36.710833","-119.7775"
"02/03/2025","AQS","060192016","3","10","ug/m3 LC","53","Fresno-Foundry","1","100.0000","88101","PM2.5 - Local Conditions","170","Met One BAM-1020 Mass Monitor w/VSCC","23420","Fresno, CA","06","California","019","Fresno","36.710833","-119.7775"
"02/04/2025","AQS","060192016","3","3.2","ug/m3 LC","18","Fresno-Foundry","1","100.0000","88101","PM2.5 - Local Conditions","170","Met One BAM-1020 Mass Monitor w/VSCC","23420","Fresno, CA","06","California","019","Fresno","36.710833","-119.7775"
"02/05/2025","AQS","060192016","3","3.7","ug/m3 LC","21","Fresno-Foundry","1","100.0000","88101","PM2.5 - Local Conditions","170","Met One BAM-1020 Mass Monitor w/VSCC","23420","Fresno, CA","06","California","019","Fresno","36.710833","-119.7775"
"02/06/2025","AQS","060192016","3","6","ug/m3 LC","33","Fresno-Foundry","1","100.0000","88101","PM2.5 - Local Conditions","170","Met One BAM-1020 Mass Monitor w/VSCC","23420","Fresno, CA","06","California","019","Fresno","36.710833","-119.7775"
"02/07/2025","AQS","060192016","3","2.5","ug/m3 LC","14","Fresno-Foundry","1","100.0000","88101","PM2.5 - Local Conditions","170","Met One BAM-1020 Mass Monitor w/VSCC","23420","Fresno, CA","06","California","019","Fresno","36.710833","-119.7775"
"02/08/2025","AQS","060192016","3","7","ug/m3 LC","39","Fresno-Foundry","1","100.0000","88101","PM2.5 - Local Conditions","170","Met One BAM-1020 Mass Monitor w/VSCC","23420","Fresno, CA","06","California","019","Fresno","36.710833","-119.7775"
"02/09/2025","AQS","060192016","3","6.9","ug/m3 LC","38","Fresno-Foundry","1","100.0000","88101","PM2.5 - Local Conditions","170","Met One BAM-1020 Mass Monitor w/VSCC","23420","Fresno, CA","06","California","019","Fresno","36.710833","-119.7775"
"02/10/2025","AQS","060192016","3","8.4","ug/m3 LC","47","Fresno-Foundry","1","100.0000","88101","PM2.5 - Local Conditions","170","Met One BAM-1020 Mass Monitor w/VSCC","23420","Fresno, CA","06","California","019","Fresno","36.710833","-119.7775"
"02/11/2025","AQS","060192016","3","6.9","ug/m3 LC","38","Fresno-Foundry","1","100.0000","88101","PM2.5 - Local Conditions","170","Met One BAM-1020 Mass Monitor w/VSCC","23420","Fresno, CA","06","California","019","Fresno","36.710833","-119.7775"
"02/12/2025","AQS","060192016","3","5.7","ug/m3 LC","32","Fresno-Foundry","1","100.0000","88101","PM2.5 - Local Conditions","170","Met One BAM-1020 Mass Monitor w/VSCC","23420","Fresno, CA","06","California","019","Fresno","36.710833","-119.7775"
"02/13/2025","AQS","060192016","3","2.8","ug/m3 LC","16","Fresno-Foundry","1","100.0000","88101","PM2.5 - Local Conditions","170","Met One BAM-1020 Mass Monitor w/VSCC","23420","Fresno, CA","06","California","019","Fresno","36.710833","-119.7775"
"02/14/2025","AQS","060192016","3","5.6","ug/m3 LC","31","Fresno-Foundry","1","100.0000","88101","PM2.5 - Local Conditions","170","Met One BAM-1020 Mass Monitor w/VSCC","23420","Fresno, CA","06","California","019","Fresno","36.710833","-119.7775"
"02/15/2025","AQS","060192016","3","13.2","ug/m3 LC","59","Fresno-Foundry","1","100.0000","88101","PM2.5 - Local Conditions","170","Met One BAM-1020 Mass Monitor w/VSCC","23420","Fresno, CA","06","California","019","Fresno","36.710833","-119.7775"
"02/16/2025","AQS","060192016","3","14.3","ug/m3 LC","61","Fresno-Foundry","1","100.0000","88101","PM2.5 - Local Conditions","170","Met One BAM-1020 Mass Monitor w/VSCC","23420","Fresno, CA","06","California","019","Fresno","36.710833","-119.7775"
"02/17/2025","AQS","060192016","3","6.1","ug/m3 LC","34","Fresno-Foundry","1","100.0000","88101","PM2.5 - Local Conditions","170","Met One BAM-1020 Mass Monitor w/VSCC","23420","Fresno, CA","06","California","019","Fresno","36.710833","-119.7775"
"02/18/2025","AQS","060192016","3","12","ug/m3 LC","56","Fresno-Foundry","1","100.0000","88101","PM2.5 - Local Conditions","170","Met One BAM-1020 Mass Monitor w/VSCC","23420","Fresno, CA","06","California","019","Fresno","36.710833","-119.7775"
"02/19/2025","AQS","060192016","3","13.2","ug/m3 LC","59","Fresno-Foundry","1","100.0000","88101","PM2.5 - Local Conditions","170","Met One BAM-1020 Mass Monitor w/VSCC","23420","Fresno, CA","06","California","019","Fresno","36.710833","-119.7775"
"02/20/2025","AQS","060192016","3","11.5","ug/m3 LC","55","Fresno-Foundry","1","100.0000","88101","PM2.5 - Local Conditions","170","Met One BAM-1020 Mass Monitor w/VSCC","23420","Fresno, CA","06","California","019","Fresno","36.710833","-119.7775"
"02/21/2025","AQS","060192016","3","15.3","ug/m3 LC","63","Fresno-Foundry","1","100.0000","88101","PM2.5 - Local Conditions","170","Met One BAM-1020 Mass Monitor w/VSCC","23420","Fresno, CA","06","California","019","Fresno","36.710833","-119.7775"
"02/22/2025","AQS","060192016","3","19.8","ug/m3 LC","71","Fresno-Foundry","1","100.0000","88101","PM2.5 - Local Conditions","170","Met One BAM-1020 Mass Monitor w/VSCC","23420","Fresno, CA","06","California","019","Fresno","36.710833","-119.7775"
"02/23/2025","AQS","060192016","3","15.4","ug/m3 LC","63","Fresno-Foundry","1","100.0000","88101","PM2.5 - Local Conditions","170","Met One BAM-1020 Mass Monitor w/VSCC","23420","Fresno, CA","06","California","019","Fresno","36.710833","-119.7775"
"02/24/2025","AQS","060192016","3","12.6","ug/m3 LC","58","Fresno-Foundry","1","100.0000","88101","PM2.5 - Local Conditions","170","Met One BAM-1020 Mass Monitor w/VSCC","23420","Fresno, CA","06","California","019","Fresno","36.710833","-119.7775"
"02/25/2025","AQS","060192016","3","8.9","ug/m3 LC","49","Fresno-Foundry","1","100.0000","88101","PM2.5 - Local Conditions","170","Met One BAM-1020 Mass Monitor w/VSCC","23420","Fresno, CA","06","California","019","Fresno","36.710833","-119.7775"
"02/26/2025","AQS","060192016","3","18.8","ug/m3 LC","69","Fresno-Foundry","1","100.0000","88101","PM2.5 - Local Conditions","170","Met One BAM-1020 Mass Monitor w/VSCC","23420","Fresno, CA","06","California","019","Fresno","36.710833","-119.7775"
"02/27/2025","AQS","060192016","3","15.8","ug/m3 LC","63","Fresno-Foundry","1","100.0000","88101","PM2.5 - Local Conditions","170","Met One BAM-1020 Mass Monitor w/VSCC","23420","Fresno, CA","06","California","019","Fresno","36.710833","-119.7775"
"02/28/2025","AQS","060192016","3","9.9","ug/m3 LC","52","Fresno-Foundry","1","100.0000","88101","PM2.5 - Local Conditions","170","Met One BAM-1020 Mass Monitor w/VSCC","23420","Fresno, CA","06","California","019","Fresno","36.710833","-119.7775"
"03/01/2025","AQS","060192016","3","8.5","ug/m3 LC","47","Fresno-Foundry","1","100.0000","88101","PM2.5 - Local Conditions","170","Met One BAM-1020 Mass Monitor w/VSCC","23420","Fresno, CA","06","California","019","Fresno","36.710833","-119.7775"
"03/02/2025","AQS","060192016","3","1.7","ug/m3 LC","9","Fresno-Foundry","1","100.0000","88101","PM2.5 - Local Conditions","170","Met One BAM-1020 Mass Monitor w/VSCC","23420","Fresno, CA","06","California","019","Fresno","36.710833","-119.7775"
"03/03/2025","AQS","060192016","3","2.4","ug/m3 LC","13","Fresno-Foundry","1","100.0000","88101","PM2.5 - Local Conditions","170","Met One BAM-1020 Mass Monitor w/VSCC","23420","Fresno, CA","06","California","019","Fresno","36.710833","-119.7775"
"03/04/2025","AQS","060192016","3","8.7","ug/m3 LC","48","Fresno-Foundry","1","100.0000","88101","PM2.5 - Local Conditions","170","Met One BAM-1020 Mass Monitor w/VSCC","23420","Fresno, CA","06","California","019","Fresno","36.710833","-119.7775"
"03/05/2025","AQS","060192016","3","5.3","ug/m3 LC","29","Fresno-Foundry","1","100.0000","88101","PM2.5 - Local Conditions","170","Met One BAM-1020 Mass Monitor w/VSCC","23420","Fresno, CA","06","California","019","Fresno","36.710833","-119.7775"
"03/06/2025","AQS","060192016","3","1.9","ug/m3 LC","11","Fresno-Foundry","1","100.0000","88101","PM2.5 - Local Conditions","170","Met One BAM-1020 Mass Monitor w/VSCC","23420","Fresno, CA","06","California","019","Fresno","36.710833","-119.7775"
"03/07/2025","AQS","060192016","3","9.3","ug/m3 LC","51","Fresno-Foundry","1","100.0000","88101","PM2.5 - Local Conditions","170","Met One BAM-1020 Mass Monitor w/VSCC","23420","Fresno, CA","06","California","019","Fresno","36.710833","-119.7775"
"03/08/2025","AQS","060192016","3","11.3","ug/m3 LC","55","Fresno-Foundry","1","100.0000","88101","PM2.5 - Local Conditions","170","Met One BAM-1020 Mass Monitor w/VSCC","23420","Fresno, CA","06","California","019","Fresno","36.710833","-119.7775"
"03/09/2025","AQS","060192016","3","7.8","ug/m3 LC","43","Fresno-Foundry","1","100.0000","88101","PM2.5 - Local Conditions","170","Met One BAM-1020 Mass Monitor w/VSCC","23420","Fresno, CA","06","California","019","Fresno","36.710833","-119.7775"
"03/10/2025","AQS","060192016","3","8.2","ug/m3 LC","46","Fresno-Foundry","1","100.0000","88101","PM2.5 - Local Conditions","170","Met One BAM-1020 Mass Monitor w/VSCC","23420","Fresno, CA","06","California","019","Fresno","36.710833","-119.7775"
"03/11/2025","AQS","060192016","3","8.2","ug/m3 LC","46","Fresno-Foundry","1","100.0000","88101","PM2.5 - Local Conditions","170","Met One BAM-1020 Mass Monitor w/VSCC","23420","Fresno, CA","06","California","019","Fresno","36.710833","-119.7775"
"03/12/2025","AQS","060192016","3","4.5","ug/m3 LC","25","Fresno-Foundry","1","100.0000","88101","PM2.5 - Local Conditions","170","Met One BAM-1020 Mass Monitor w/VSCC","23420","Fresno, CA","06","California","019","Fresno","36.710833","-119.7775"
"03/13/2025","AQS","060192016","3","1.7","ug/m3 LC","9","Fresno-Foundry","1","100.0000","88101","PM2.5 - Local Conditions","170","Met One BAM-1020 Mass Monitor w/VSCC","23420","Fresno, CA","06","California","019","Fresno","36.710833","-119.7775"
"03/14/2025","AQS","060192016","3","4.4","ug/m3 LC","24","Fresno-Foundry","1","100.0000","88101","PM2.5 - Local Conditions","170","Met One BAM-1020 Mass Monitor w/VSCC","23420","Fresno, CA","06","California","019","Fresno","36.710833","-119.7775"
"03/15/2025","AQS","060192016","3","9.3","ug/m3 LC","51","Fresno-Foundry","1","100.0000","88101","PM2.5 - Local Conditions","170","Met One BAM-1020 Mass Monitor w/VSCC","23420","Fresno, CA","06","California","019","Fresno","36.710833","-119.7775"
"03/16/2025","AQS","060192016","3","9.4","ug/m3 LC","52","Fresno-Foundry","1","100.0000","88101","PM2.5 - Local Conditions","170","Met One BAM-1020 Mass Monitor w/VSCC","23420","Fresno, CA","06","California","019","Fresno","36.710833","-119.7775"
"03/17/2025","AQS","060192016","3","4.1","ug/m3 LC","23","Fresno-Foundry","1","100.0000","88101","PM2.5 - Local Conditions","170","Met One BAM-1020 Mass Monitor w/VSCC","23420","Fresno, CA","06","California","019","Fresno","36.710833","-119.7775"
"03/18/2025","AQS","060192016","3","3.8","ug/m3 LC","21","Fresno-Foundry","1","100.0000","88101","PM2.5 - Local Conditions","170","Met One BAM-1020 Mass Monitor w/VSCC","23420","Fresno, CA","06","California","019","Fresno","36.710833","-119.7775"
"03/19/2025","AQS","060192016","3","8.1","ug/m3 LC","45","Fresno-Foundry","1","100.0000","88101","PM2.5 - Local Conditions","170","Met One BAM-1020 Mass Monitor w/VSCC","23420","Fresno, CA","06","California","019","Fresno","36.710833","-119.7775"
"03/20/2025","AQS","060192016","3","3.8","ug/m3 LC","21","Fresno-Foundry","1","100.0000","88101","PM2.5 - Local Conditions","170","Met One BAM-1020 Mass Monitor w/VSCC","23420","Fresno, CA","06","California","019","Fresno","36.710833","-119.7775"
"03/21/2025","AQS","060192016","3","5.2","ug/m3 LC","29","Fresno-Foundry","1","100.0000","88101","PM2.5 - Local Conditions","170","Met One BAM-1020 Mass Monitor w/VSCC","23420","Fresno, CA","06","California","019","Fresno","36.710833","-119.7775"
"03/22/2025","AQS","060192016","3","4.3","ug/m3 LC","24","Fresno-Foundry","1","100.0000","88101","PM2.5 - Local Conditions","170","Met One BAM-1020 Mass Monitor w/VSCC","23420","Fresno, CA","06","California","019","Fresno","36.710833","-119.7775"
"03/23/2025","AQS","060192016","3","6.1","ug/m3 LC","34","Fresno-Foundry","1","100.0000","88101","PM2.5 - Local Conditions","170","Met One BAM-1020 Mass Monitor w/VSCC","23420","Fresno, CA","06","California","019","Fresno","36.710833","-119.7775"
"03/24/2025","AQS","060192016","3","10.8","ug/m3 LC","54","Fresno-Foundry","1","100.0000","88101","PM2.5 - Local Conditions","170","Met One BAM-1020 Mass Monitor w/VSCC","23420","Fresno, CA","06","California","019","Fresno","36.710833","-119.7775"
"03/25/2025","AQS","060192016","3","12","ug/m3 LC","56","Fresno-Foundry","1","100.0000","88101","PM2.5 - Local Conditions","170","Met One BAM-1020 Mass Monitor w/VSCC","23420","Fresno, CA","06","California","019","Fresno","36.710833","-119.7775"
"03/26/2025","AQS","060192016","3","10.5","ug/m3 LC","54","Fresno-Foundry","1","100.0000","88101","PM2.5 - Local Conditions","170","Met One BAM-1020 Mass Monitor w/VSCC","23420","Fresno, CA","06","California","019","Fresno","36.710833","-119.7775"
"03/27/2025","AQS","060192016","3","5","ug/m3 LC","28","Fresno-Foundry","1","100.0000","88101","PM2.5 - Local Conditions","170","Met One BAM-1020 Mass Monitor w/VSCC","23420","Fresno, CA","06","California","019","Fresno","36.710833","-119.7775"
"03/28/2025","AQS","060192016","3","4.1","ug/m3 LC","23","Fresno-Foundry","1","100.0000","88101","PM2.5 - Local Conditions","170","Met One BAM-1020 Mass Monitor w/VSCC","23420","Fresno, CA","06","California","019","Fresno","36.710833","-119.7775"
"03/29/2025","AQS","060192016","3","3.8","ug/m3 LC","21","Fresno-Foundry","1","100.0000","88101","PM2.5 - Local Conditions","170","Met One BAM-1020 Mass Monitor w/VSCC","23420","Fresno, CA","06","California","019","Fresno","36.710833","-119.7775"
"03/30/2025","AQS","060192016","3","3.3","ug/m3 LC","18","Fresno-Foundry","1","100.0000","88101","PM2.5 - Local Conditions","170","Met One BAM-1020 Mass Monitor w/VSCC","23420","Fresno, CA","06","California","019","Fresno","36.710833","-119.7775"
"03/31/2025","AQS","060192016","3","2.7","ug/m3 LC","15","Fresno-Foundry","1","100.0000","88101","PM2.5 - Local Conditions","170","Met One BAM-1020 Mass Monitor w/VSCC","23420","Fresno, CA","06","California","019","Fresno","36.710833","-119.7775"
"04/01/2025","AQS","060192016","3","2.5","ug/m3 LC","14","Fresno-Foundry","1","100.0000","88101","PM2.5 - Local Conditions","170","Met One BAM-1020 Mass Monitor w/VSCC","23420","Fresno, CA","06","California","019","Fresno","36.710833","-119.7775"
"04/02/2025","AQS","060192016","3","2.4","ug/m3 LC","13","Fresno-Foundry","1","100.0000","88101","PM2.5 - Local Conditions","170","Met One BAM-1020 Mass Monitor w/VSCC","23420","Fresno, CA","06","California","019","Fresno","36.710833","-119.7775"
"04/03/2025","AQS","060192016","3","4.4","ug/m3 LC","24","Fresno-Foundry","1","100.0000","88101","PM2.5 - Local Conditions","170","Met One BAM-1020 Mass Monitor w/VSCC","23420","Fresno, CA","06","California","019","Fresno","36.710833","-119.7775"
"04/04/2025","AQS","060192016","3","6.2","ug/m3 LC","34","Fresno-Foundry","1","100.0000","88101","PM2.5 - Local Conditions","170","Met One BAM-1020 Mass Monitor w/VSCC","23420","Fresno, CA","06","California","019","Fresno","36.710833","-119.7775"
"04/05/2025","AQS","060192016","3","8.4","ug/m3 LC","47","Fresno-Foundry","1","100.0000","88101","PM2.5 - Local Conditions","170","Met One BAM-1020 Mass Monitor w/VSCC","23420","Fresno, CA","06","California","019","Fresno","36.710833","-119.7775"
"04/06/2025","AQS","060192016","3","8.5","ug/m3 LC","47","Fresno-Foundry","1","100.0000","88101","PM2.5 - Local Conditions","170","Met One BAM-1020 Mass Monitor w/VSCC","23420","Fresno, CA","06","California","019","Fresno","36.710833","-119.7775"
"04/07/2025","AQS","060192016","3","3.9","ug/m3 LC","22","Fresno-Foundry","1","100.0000","88101","PM2.5 - Local Conditions","170","Met One BAM-1020 Mass Monitor w/VSCC","23420","Fresno, CA","06","California","019","Fresno","36.710833","-119.7775"
"04/08/2025","AQS","060192016","3","2.7","ug/m3 LC","15","Fresno-Foundry","1","100.0000","88101","PM2.5 - Local Conditions","170","Met One BAM-1020 Mass Monitor w/VSCC","23420","Fresno, CA","06","California","019","Fresno","36.710833","-119.7775"
"04/09/2025","AQS","060192016","3","6.3","ug/m3 LC","35","Fresno-Foundry","1","100.0000","88101","PM2.5 - Local Conditions","170","Met One BAM-1020 Mass Monitor w/VSCC","23420","Fresno, CA","06","California","019","Fresno","36.710833","-119.7775"
"04/10/2025","AQS","060192016","3","10.4","ug/m3 LC","53","Fresno-Foundry","1","100.0000","88101","PM2.5 - Local Conditions","170","Met One BAM-1020 Mass Monitor w/VSCC","23420","Fresno, CA","06","California","019","Fresno","36.710833","-119.7775"
"04/11/2025","AQS","060192016","3","4.7","ug/m3 LC","26","Fresno-Foundry","1","100.0000","88101","PM2.5 - Local Conditions","170","Met One BAM-1020 Mass Monitor w/VSCC","23420","Fresno, CA","06","California","019","Fresno","36.710833","-119.7775"
"04/12/2025","AQS","060192016","3","3.9","ug/m3 LC","22","Fresno-Foundry","1","100.0000","88101","PM2.5 - Local Conditions","170","Met One BAM-1020 Mass Monitor w/VSCC","23420","Fresno, CA","06","California","019","Fresno","36.710833","-119.7775"
"04/13/2025","AQS","060192016","3","7.2","ug/m3 LC","40","Fresno-Foundry","1","100.0000","88101","PM2.5 - Local Conditions","170","Met One BAM-1020 Mass Monitor w/VSCC","23420","Fresno, CA","06","California","019","Fresno","36.710833","-119.7775"
"04/14/2025","AQS","060192016","3","11.1","ug/m3 LC","55","Fresno-Foundry","1","100.0000","88101","PM2.5 - Local Conditions","170","Met One BAM-1020 Mass Monitor w/VSCC","23420","Fresno, CA","06","California","019","Fresno","36.710833","-119.7775"
"04/15/2025","AQS","060192016","3","9.1","ug/m3 LC","51","Fresno-Foundry","1","100.0000","88101","PM2.5 - Local Conditions","170","Met One BAM-1020 Mass Monitor w/VSCC","23420","Fresno, CA","06","California","019","Fresno","36.710833","-119.7775"
"04/16/2025","AQS","060192016","3","8.5","ug/m3 LC","47","Fresno-Foundry","1","100.0000","88101","PM2.5 - Local Conditions","170","Met One BAM-1020 Mass Monitor w/VSCC","23420","Fresno, CA","06","California","019","Fresno","36.710833","-119.7775"
"04/17/2025","AQS","060192016","3","6.6","ug/m3 LC","37","Fresno-Foundry","1","100.0000","88101","PM2.5 - Local Conditions","170","Met One BAM-1020 Mass Monitor w/VSCC","23420","Fresno, CA","06","California","019","Fresno","36.710833","-119.7775"
"04/18/2025","AQS","060192016","3","6.8","ug/m3 LC","38","Fresno-Foundry","1","100.0000","88101","PM2.5 - Local Conditions","170","Met One BAM-1020 Mass Monitor w/VSCC","23420","Fresno, CA","06","California","019","Fresno","36.710833","-119.7775"
"04/19/2025","AQS","060192016","3","11","ug/m3 LC","55","Fresno-Foundry","1","100.0000","88101","PM2.5 - Local Conditions","170","Met One BAM-1020 Mass Monitor w/VSCC","23420","Fresno, CA","06","California","019","Fresno","36.710833","-119.7775"
"04/20/2025","AQS","060192016","3","8.3","ug/m3 LC","46","Fresno-Foundry","1","100.0000","88101","PM2.5 - Local Conditions","170","Met One BAM-1020 Mass Monitor w/VSCC","23420","Fresno, CA","06","California","019","Fresno","36.710833","-119.7775"
"04/21/2025","AQS","060192016","3","8","ug/m3 LC","44","Fresno-Foundry","1","100.0000","88101","PM2.5 - Local Conditions","170","Met One BAM-1020 Mass Monitor w/VSCC","23420","Fresno, CA","06","California","019","Fresno","36.710833","-119.7775"
"04/22/2025","AQS","060192016","3","6.7","ug/m3 LC","37","Fresno-Foundry","1","100.0000","88101","PM2.5 - Local Conditions","170","Met One BAM-1020 Mass Monitor w/VSCC","23420","Fresno, CA","06","California","019","Fresno","36.710833","-119.7775"
"04/23/2025","AQS","060192016","3","7.4","ug/m3 LC","41","Fresno-Foundry","1","100.0000","88101","PM2.5 - Local Conditions","170","Met One BAM-1020 Mass Monitor w/VSCC","23420","Fresno, CA","06","California","019","Fresno","36.710833","-119.7775"
"04/24/2025","AQS","060192016","3","9","ug/m3 LC","50","Fresno-Foundry","1","100.0000","88101","PM2.5 - Local Conditions","170","Met One BAM-1020 Mass Monitor w/VSCC","23420","Fresno, CA","06","California","019","Fresno","36.710833","-119.7775"
"04/25/2025","AQS","060192016","3","5.1","ug/m3 LC","28","Fresno-Foundry","1","100.0000","88101","PM2.5 - Local Conditions","170","Met One BAM-1020 Mass Monitor w/VSCC","23420","Fresno, CA","06","California","019","Fresno","36.710833","-119.7775"
"04/26/2025","AQS","060192016","3","3.9","ug/m3 LC","22","Fresno-Foundry","1","100.0000","88101","PM2.5 - Local Conditions","170","Met One BAM-1020 Mass Monitor w/VSCC","23420","Fresno, CA","06","California","019","Fresno","36.710833","-119.7775"
"04/27/2025","AQS","060192016","3","3.2","ug/m3 LC","18","Fresno-Foundry","1","100.0000","88101","PM2.5 - Local Conditions","170","Met One BAM-1020 Mass Monitor w/VSCC","23420","Fresno, CA","06","California","019","Fresno","36.710833","-119.7775"
"04/28/2025","AQS","060192016","3","6.3","ug/m3 LC","35","Fresno-Foundry","1","100.0000","88101","PM2.5 - Local Conditions","170","Met One BAM-1020 Mass Monitor w/VSCC","23420","Fresno, CA","06","California","019","Fresno","36.710833","-119.7775"
"04/29/2025","AQS","060192016","3","11.8","ug/m3 LC","56","Fresno-Foundry","1","100.0000","88101","PM2.5 - Local Conditions","170","Met One BAM-1020 Mass Monitor w/VSCC","23420","Fresno, CA","06","California","019","Fresno","36.710833","-119.7775"
"04/30/2025","AQS","060192016","3","13.2","ug/m3 LC","59","Fresno-Foundry","1","100.0000","88101","PM2.5 - Local Conditions","170","Met One BAM-1020 Mass Monitor w/VSCC","23420","Fresno, CA","06","California","019","Fresno","36.710833","-119.7775"
"05/01/2025","AQS","060192016","3","12.9","ug/m3 LC","58","Fresno-Foundry","1","100.0000","88101","PM2.5 - Local Conditions","170","Met One BAM-1020 Mass Monitor w/VSCC","23420","Fresno, CA","06","California","019","Fresno","36.710833","-119.7775"
"05/02/2025","AQS","060192016","3","10.7","ug/m3 LC","54","Fresno-Foundry","1","100.0000","88101","PM2.5 - Local Conditions","170","Met One BAM-1020 Mass Monitor w/VSCC","23420","Fresno, CA","06","California","019","Fresno","36.710833","-119.7775"
"05/03/2025","AQS","060192016","3","5","ug/m3 LC","28","Fresno-Foundry","1","100.0000","88101","PM2.5 - Local Conditions","170","Met One BAM-1020 Mass Monitor w/VSCC","23420","Fresno, CA","06","California","019","Fresno","36.710833","-119.7775"
"05/04/2025","AQS","060192016","3","8.4","ug/m3 LC","47","Fresno-Foundry","1","100.0000","88101","PM2.5 - Local Conditions","170","Met One BAM-1020 Mass Monitor w/VSCC","23420","Fresno, CA","06","California","019","Fresno","36.710833","-119.7775"
"05/05/2025","AQS","060192016","3","12.2","ug/m3 LC","57","Fresno-Foundry","1","100.0000","88101","PM2.5 - Local Conditions","170","Met One BAM-1020 Mass Monitor w/VSCC","23420","Fresno, CA","06","California","019","Fresno","36.710833","-119.7775"
"05/06/2025","AQS","060192016","3","9.9","ug/m3 LC","52","Fresno-Foundry","1","100.0000","88101","PM2.5 - Local Conditions","170","Met One BAM-1020 Mass Monitor w/VSCC","23420","Fresno, CA","06","California","019","Fresno","36.710833","-119.7775"
"05/07/2025","AQS","060192016","3","11.5","ug/m3 LC","55","Fresno-Foundry","1","100.0000","88101","PM2.5 - Local Conditions","170","Met One BAM-1020 Mass Monitor w/VSCC","23420","Fresno, CA","06","California","019","Fresno","36.710833","-119.7775"
"05/08/2025","AQS","060192016","3","10.8","ug/m3 LC","54","Fresno-Foundry","1","100.0000","88101","PM2.5 - Local Conditions","170","Met One BAM-1020 Mass Monitor w/VSCC","23420","Fresno, CA","06","California","019","Fresno","36.710833","-119.7775"
"05/09/2025","AQS","060192016","3","12.2","ug/m3 LC","57","Fresno-Foundry","1","100.0000","88101","PM2.5 - Local Conditions","170","Met One BAM-1020 Mass Monitor w/VSCC","23420","Fresno, CA","06","California","019","Fresno","36.710833","-119.7775"
"05/10/2025","AQS","060192016","3","11.4","ug/m3 LC","55","Fresno-Foundry","1","100.0000","88101","PM2.5 - Local Conditions","170","Met One BAM-1020 Mass Monitor w/VSCC","23420","Fresno, CA","06","California","019","Fresno","36.710833","-119.7775"
"05/11/2025","AQS","060192016","3","4","ug/m3 LC","22","Fresno-Foundry","1","100.0000","88101","PM2.5 - Local Conditions","170","Met One BAM-1020 Mass Monitor w/VSCC","23420","Fresno, CA","06","California","019","Fresno","36.710833","-119.7775"
"05/12/2025","AQS","060192016","3","4.1","ug/m3 LC","23","Fresno-Foundry","1","100.0000","88101","PM2.5 - Local Conditions","170","Met One BAM-1020 Mass Monitor w/VSCC","23420","Fresno, CA","06","California","019","Fresno","36.710833","-119.7775"
"05/13/2025","AQS","060192016","3","3.5","ug/m3 LC","19","Fresno-Foundry","1","100.0000","88101","PM2.5 - Local Conditions","170","Met One BAM-1020 Mass Monitor w/VSCC","23420","Fresno, CA","06","California","019","Fresno","36.710833","-119.7775"
"05/14/2025","AQS","060192016","3","7.4","ug/m3 LC","41","Fresno-Foundry","1","100.0000","88101","PM2.5 - Local Conditions","170","Met One BAM-1020 Mass Monitor w/VSCC","23420","Fresno, CA","06","California","019","Fresno","36.710833","-119.7775"
"05/15/2025","AQS","060192016","3","7.1","ug/m3 LC","39","Fresno-Foundry","1","100.0000","88101","PM2.5 - Local Conditions","170","Met One BAM-1020 Mass Monitor w/VSCC","23420","Fresno, CA","06","California","019","Fresno","36.710833","-119.7775"
"05/16/2025","AQS","060192016","3","8.6","ug/m3 LC","48","Fresno-Foundry","1","100.0000","88101","PM2.5 - Local Conditions","170","Met One BAM-1020 Mass Monitor w/VSCC","23420","Fresno, CA","06","California","019","Fresno","36.710833","-119.7775"
"05/17/2025","AQS","060192016","3","6.3","ug/m3 LC","35","Fresno-Foundry","1","100.0000","88101","PM2.5 - Local Conditions","170","Met One BAM-1020 Mass Monitor w/VSCC","23420","Fresno, CA","06","California","019","Fresno","36.710833","-119.7775"
"05/18/2025","AQS","060192016","3","5.6","ug/m3 LC","31","Fresno-Foundry","1","100.0000","88101","PM2.5 - Local Conditions","170","Met One BAM-1020 Mass Monitor w/VSCC","23420","Fresno, CA","06","California","019","Fresno","36.710833","-119.7775"
"05/19/2025","AQS","060192016","3","6.9","ug/m3 LC","38","Fresno-Foundry","1","100.0000","88101","PM2.5 - Local Conditions","170","Met One BAM-1020 Mass Monitor w/VSCC","23420","Fresno, CA","06","California","019","Fresno","36.710833","-119.7775"
"05/20/2025","AQS","060192016","3","6.5","ug/m3 LC","36","Fresno-Foundry","1","100.0000","88101","PM2.5 - Local Conditions","170","Met One BAM-1020 Mass Monitor w/VSCC","23420","Fresno, CA","06","California","019","Fresno","36.710833","-119.7775"
"05/21/2025","AQS","060192016","3","9","ug/m3 LC","50","Fresno-Foundry","1","100.0000","88101","PM2.5 - Local Conditions","170","Met One BAM-1020 Mass Monitor w/VSCC","23420","Fresno, CA","06","California","019","Fresno","36.710833","-119.7775"
"05/22/2025","AQS","060192016","3","8.8","ug/m3 LC","49","Fresno-Foundry","1","100.0000","88101","PM2.5 - Local Conditions","170","Met One BAM-1020 Mass Monitor w/VSCC","23420","Fresno, CA","06","California","019","Fresno","36.710833","-119.7775"
"05/23/2025","AQS","060192016","3","5.4","ug/m3 LC","30","Fresno-Foundry","1","100.0000","88101","PM2.5 - Local Conditions","170","Met One BAM-1020 Mass Monitor w/VSCC","23420","Fresno, CA","06","California","019","Fresno","36.710833","-119.7775"
"05/24/2025","AQS","060192016","3","5.8","ug/m3 LC","32","Fresno-Foundry","1","100.0000","88101","PM2.5 - Local Conditions","170","Met One BAM-1020 Mass Monitor w/VSCC","23420","Fresno, CA","06","California","019","Fresno","36.710833","-119.7775"
"05/25/2025","AQS","060192016","3","5.8","ug/m3 LC","32","Fresno-Foundry","1","100.0000","88101","PM2.5 - Local Conditions","170","Met One BAM-1020 Mass Monitor w/VSCC","23420","Fresno, CA","06","California","019","Fresno","36.710833","-119.7775"
"05/26/2025","AQS","060192016","3","4.9","ug/m3 LC","27","Fresno-Foundry","1","100.0000","88101","PM2.5 - Local Conditions","170","Met One BAM-1020 Mass Monitor w/VSCC","23420","Fresno, CA","06","California","019","Fresno","36.710833","-119.7775"
"05/27/2025","AQS","060192016","3","5.9","ug/m3 LC","33","Fresno-Foundry","1","100.0000","88101","PM2.5 - Local Conditions","170","Met One BAM-1020 Mass Monitor w/VSCC","23420","Fresno, CA","06","California","019","Fresno","36.710833","-119.7775"
"05/28/2025","AQS","060192016","3","12","ug/m3 LC","56","Fresno-Foundry","1","100.0000","88101","PM2.5 - Local Conditions","170","Met One BAM-1020 Mass Monitor w/VSCC","23420","Fresno, CA","06","California","019","Fresno","36.710833","-119.7775"
"05/29/2025","AQS","060192016","3","16.4","ug/m3 LC","65","Fresno-Foundry","1","100.0000","88101","PM2.5 - Local Conditions","170","Met One BAM-1020 Mass Monitor w/VSCC","23420","Fresno, CA","06","California","019","Fresno","36.710833","-119.7775"
"05/30/2025","AQS","060192016","3","18.3","ug/m3 LC","68","Fresno-Foundry","1","100.0000","88101","PM2.5 - Local Conditions","170","Met One BAM-1020 Mass Monitor w/VSCC","23420","Fresno, CA","06","California","019","Fresno","36.710833","-119.7775"
"05/31/2025","AQS","060192016","3","17","ug/m3 LC","66","Fresno-Foundry","1","100.0000","88101","PM2.5 - Local Conditions","170","Met One BAM-1020 Mass Monitor w/VSCC","23420","Fresno, CA","06","California","019","Fresno","36.710833","-119.7775"
"06/01/2025","AQS","060192016","3","11.1","ug/m3 LC","55","Fresno-Foundry","1","100.0000","88101","PM2.5 - Local Conditions","170","Met One BAM-1020 Mass Monitor w/VSCC","23420","Fresno, CA","06","California","019","Fresno","36.710833","-119.7775"
"06/02/2025","AQS","060192016","3","10.8","ug/m3 LC","54","Fresno-Foundry","1","100.0000","88101","PM2.5 - Local Conditions","170","Met One BAM-1020 Mass Monitor w/VSCC","23420","Fresno, CA","06","California","019","Fresno","36.710833","-119.7775"
"06/03/2025","AQS","060192016","3","13.5","ug/m3 LC","59","Fresno-Foundry","1","100.0000","88101","PM2.5 - Local Conditions","170","Met One BAM-1020 Mass Monitor w/VSCC","23420","Fresno, CA","06","California","019","Fresno","36.710833","-119.7775"
"06/04/2025","AQS","060192016","3","13.2","ug/m3 LC","59","Fresno-Foundry","1","100.0000","88101","PM2.5 - Local Conditions","170","Met One BAM-1020 Mass Monitor w/VSCC","23420","Fresno, CA","06","California","019","Fresno","36.710833","-119.7775"
"06/05/2025","AQS","060192016","3","14.2","ug/m3 LC","61","Fresno-Foundry","1","100.0000","88101","PM2.5 - Local Conditions","170","Met One BAM-1020 Mass Monitor w/VSCC","23420","Fresno, CA","06","California","019","Fresno","36.710833","-119.7775"
"06/06/2025","AQS","060192016","3","11.1","ug/m3 LC","55","Fresno-Foundry","1","100.0000","88101","PM2.5 - Local Conditions","170","Met One BAM-1020 Mass Monitor w/VSCC","23420","Fresno, CA","06","California","019","Fresno","36.710833","-119.7775"
"06/07/2025","AQS","060192016","3","10.6","ug/m3 LC","54","Fresno-Foundry","1","100.0000","88101","PM2.5 - Local Conditions","170","Met One BAM-1020 Mass Monitor w/VSCC","23420","Fresno, CA","06","California","019","Fresno","36.710833","-119.7775"
"06/08/2025","AQS","060192016","3","7.5","ug/m3 LC","42","Fresno-Foundry","1","100.0000","88101","PM2.5 - Local Conditions","170","Met One BAM-1020 Mass Monitor w/VSCC","23420","Fresno, CA","06","California","019","Fresno","36.710833","-119.7775"
"06/09/2025","AQS","060192016","3","8.9","ug/m3 LC","49","Fresno-Foundry","1","100.0000","88101","PM2.5 - Local Conditions","170","Met One BAM-1020 Mass Monitor w/VSCC","23420","Fresno, CA","06","California","019","Fresno","36.710833","-119.7775"
"06/10/2025","AQS","060192016","3","10.1","ug/m3 LC","53","Fresno-Foundry","1","100.0000","88101","PM2.5 - Local Conditions","170","Met One BAM-1020 Mass Monitor w/VSCC","23420","Fresno, CA","06","California","019","Fresno","36.710833","-119.7775"
"06/11/2025","AQS","060192016","3","8.8","ug/m3 LC","49","Fresno-Foundry","1","100.0000","88101","PM2.5 - Local Conditions","170","Met One BAM-1020 Mass Monitor w/VSCC","23420","Fresno, CA","06","California","019","Fresno","36.710833","-119.7775"
"06/12/2025","AQS","060192016","3","10.2","ug/m3 LC","53","Fresno-Foundry","1","100.0000","88101","PM2.5 - Local Conditions","170","Met One BAM-1020 Mass Monitor w/VSCC","23420","Fresno, CA","06","California","019","Fresno","36.710833","-119.7775"
"06/13/2025","AQS","060192016","3","7.3","ug/m3 LC","41","Fresno-Foundry","1","100.0000","88101","PM2.5 - Local Conditions","170","Met One BAM-1020 Mass Monitor w/VSCC","23420","Fresno, CA","06","California","019","Fresno","36.710833","-119.7775"
"06/14/2025","AQS","060192016","3","4.6","ug/m3 LC","26","Fresno-Foundry","1","100.0000","88101","PM2.5 - Local Conditions","170","Met One BAM-1020 Mass Monitor w/VSCC","23420","Fresno, CA","06","California","019","Fresno","36.710833","-119.7775"
"06/15/2025","AQS","060192016","3","4.9","ug/m3 LC","27","Fresno-Foundry","1","100.0000","88101","PM2.5 - Local Conditions","170","Met One BAM-1020 Mass Monitor w/VSCC","23420","Fresno, CA","06","California","019","Fresno","36.710833","-119.7775"
"06/16/2025","AQS","060192016","3","7.3","ug/m3 LC","41","Fresno-Foundry","1","100.0000","88101","PM2.5 - Local Conditions","170","Met One BAM-1020 Mass Monitor w/VSCC","23420","Fresno, CA","06","California","019","Fresno","36.710833","-119.7775"
"06/17/2025","AQS","060192016","3","9.5","ug/m3 LC","52","Fresno-Foundry","1","100.0000","88101","PM2.5 - Local Conditions","170","Met One BAM-1020 Mass Monitor w/VSCC","23420","Fresno, CA","06","California","019","Fresno","36.710833","-119.7775"
"06/18/2025","AQS","060192016","3","10.8","ug/m3 LC","54","Fresno-Foundry","1","100.0000","88101","PM2.5 - Local Conditions","170","Met One BAM-1020 Mass Monitor w/VSCC","23420","Fresno, CA","06","California","019","Fresno","36.710833","-119.7775"
"06/19/2025","AQS","060192016","3","10.8","ug/m3 LC","54","Fresno-Foundry","1","100.0000","88101","PM2.5 - Local Conditions","170","Met One BAM-1020 Mass Monitor w/VSCC","23420","Fresno, CA","06","California","019","Fresno","36.710833","-119.7775"
"06/20/2025","AQS","060192016","3","7.8","ug/m3 LC","43","Fresno-Foundry","1","100.0000","88101","PM2.5 - Local Conditions","170","Met One BAM-1020 Mass Monitor w/VSCC","23420","Fresno, CA","06","California","019","Fresno","36.710833","-119.7775"
"06/21/2025","AQS","060192016","3","6.4","ug/m3 LC","36","Fresno-Foundry","1","100.0000","88101","PM2.5 - Local Conditions","170","Met One BAM-1020 Mass Monitor w/VSCC","23420","Fresno, CA","06","California","019","Fresno","36.710833","-119.7775"
"06/22/2025","AQS","060192016","3","7.3","ug/m3 LC","41","Fresno-Foundry","1","100.0000","88101","PM2.5 - Local Conditions","170","Met One BAM-1020 Mass Monitor w/VSCC","23420","Fresno, CA","06","California","019","Fresno","36.710833","-119.7775"
"06/23/2025","AQS","060192016","3","9","ug/m3 LC","50","Fresno-Foundry","1","100.0000","88101","PM2.5 - Local Conditions","170","Met One BAM-1020 Mass Monitor w/VSCC","23420","Fresno, CA","06","California","019","Fresno","36.710833","-119.7775"
"06/24/2025","AQS","060192016","3","8.5","ug/m3 LC","47","Fresno-Foundry","1","100.0000","88101","PM2.5 - Local Conditions","170","Met One BAM-1020 Mass Monitor w/VSCC","23420","Fresno, CA","06","California","019","Fresno","36.710833","-119.7775"
"06/25/2025","AQS","060192016","3","7.7","ug/m3 LC","43","Fresno-Foundry","1","100.0000","88101","PM2.5 - Local Conditions","170","Met One BAM-1020 Mass Monitor w/VSCC","23420","Fresno, CA","06","California","019","Fresno","36.710833","-119.7775"
"06/26/2025","AQS","060192016","3","7.8","ug/m3 LC","43","Fresno-Foundry","1","100.0000","88101","PM2.5 - Local Conditions","170","Met One BAM-1020 Mass Monitor w/VSCC","23420","Fresno, CA","06","California","019","Fresno","36.710833","-119.7775"
"06/27/2025","AQS","060192016","3","10.7","ug/m3 LC","54","Fresno-Foundry","1","100.0000","88101","PM2.5 - Local Conditions","170","Met One BAM-1020 Mass Monitor w/VSCC","23420","Fresno, CA","06","California","019","Fresno","36.710833","-119.7775"
"06/28/2025","AQS","060192016","3","11.2","ug/m3 LC","55","Fresno-Foundry","1","100.0000","88101","PM2.5 - Local Conditions","170","Met One BAM-1020 Mass Monitor w/VSCC","23420","Fresno, CA","06","California","019","Fresno","36.710833","-119.7775"
"06/29/2025","AQS","060192016","3","9","ug/m3 LC","50","Fresno-Foundry","1","100.0000","88101","PM2.5 - Local Conditions","170","Met One BAM-1020 Mass Monitor w/VSCC","23420","Fresno, CA","06","California","019","Fresno","36.710833","-119.7775"
"06/30/2025","AQS","060192016","3","10.9","ug/m3 LC","54","Fresno-Foundry","1","100.0000","88101","PM2.5 - Local Conditions","170","Met One BAM-1020 Mass Monitor w/VSCC","23420","Fresno, CA","06","California","019","Fresno","36.710833","-119.7775"
"07/01/2025","AQS","060192016","3","11.8","ug/m3 LC","56","Fresno-Foundry","1","100.0000","88101","PM2.5 - Local Conditions","170","Met One BAM-1020 Mass Monitor w/VSCC","23420","Fresno, CA","06","California","019","Fresno","36.710833","-119.7775"
"07/02/2025","AQS","060192016","3","10.5","ug/m3 LC","54","Fresno-Foundry","1","100.0000","88101","PM2.5 - Local Conditions","170","Met One BAM-1020 Mass Monitor w/VSCC","23420","Fresno, CA","06","California","019","Fresno","36.710833","-119.7775"
"07/03/2025","AQS","060192016","3","9.7","ug/m3 LC","52","Fresno-Foundry","1","100.0000","88101","PM2.5 - Local Conditions","170","Met One BAM-1020 Mass Monitor w/VSCC","23420","Fresno, CA","06","California","019","Fresno","36.710833","-119.7775"
"07/04/2025","AQS","060192016","3","9.5","ug/m3 LC","52","Fresno-Foundry","1","100.0000","88101","PM2.5 - Local Conditions","170","Met One BAM-1020 Mass Monitor w/VSCC","23420","Fresno, CA","06","California","019","Fresno","36.710833","-119.7775"
"07/05/2025","AQS","060192016","3","9.8","ug/m3 LC","52","Fresno-Foundry","1","100.0000","88101","PM2.5 - Local Conditions","170","Met One BAM-1020 Mass Monitor w/VSCC","23420","Fresno, CA","06","California","019","Fresno","36.710833","-119.7775"
"07/06/2025","AQS","060192016","3","8.1","ug/m3 LC","45","Fresno-Foundry","1","100.0000","88101","PM2.5 - Local Conditions","170","Met One BAM-1020 Mass Monitor w/VSCC","23420","Fresno, CA","06","California","019","Fresno","36.710833","-119.7775"
"07/07/2025","AQS","060192016","3","12.5","ug/m3 LC","57","Fresno-Foundry","1","100.0000","88101","PM2.5 - Local Conditions","170","Met One BAM-1020 Mass Monitor w/VSCC","23420","Fresno, CA","06","California","019","Fresno","36.710833","-119.7775"
"07/08/2025","AQS","060192016","3","9.6","ug/m3 LC","52","Fresno-Foundry","1","100.0000","88101","PM2.5 - Local Conditions","170","Met One BAM-1020 Mass Monitor w/VSCC","23420","Fresno, CA","06","California","019","Fresno","36.710833","-119.7775"
"07/09/2025","AQS","060192016","3","9","ug/m3 LC","50","Fresno-Foundry","1","100.0000","88101","PM2.5 - Local Conditions","170","Met One BAM-1020 Mass Monitor w/VSCC","23420","Fresno, CA","06","California","019","Fresno","36.710833","-119.7775"
"07/10/2025","AQS","060192016","3","10.5","ug/m3 LC","54","Fresno-Foundry","1","100.0000","88101","PM2.5 - Local Conditions","170","Met One BAM-1020 Mass Monitor w/VSCC","23420","Fresno, CA","06","California","019","Fresno","36.710833","-119.7775"
"07/11/2025","AQS","060192016","3","21.1","ug/m3 LC","73","Fresno-Foundry","1","100.0000","88101","PM2.5 - Local Conditions","170","Met One BAM-1020 Mass Monitor w/VSCC","23420","Fresno, CA","06","California","019","Fresno","36.710833","-119.7775"
"07/12/2025","AQS","060192016","3","17.5","ug/m3 LC","67","Fresno-Foundry","1","100.0000","88101","PM2.5 - Local Conditions","170","Met One BAM-1020 Mass Monitor w/VSCC","23420","Fresno, CA","06","California","019","Fresno","36.710833","-119.7775"
"07/13/2025","AQS","060192016","3","13.1","ug/m3 LC","58","Fresno-Foundry","1","100.0000","88101","PM2.5 - Local Conditions","170","Met One BAM-1020 Mass Monitor w/VSCC","23420","Fresno, CA","06","California","019","Fresno","36.710833","-119.7775"
"07/14/2025","AQS","060192016","3","13.6","ug/m3 LC","59","Fresno-Foundry","1","100.0000","88101","PM2.5 - Local Conditions","170","Met One BAM-1020 Mass Monitor w/VSCC","23420","Fresno, CA","06","California","019","Fresno","36.710833","-119.7775"
"07/15/2025","AQS","060192016","3","14.3","ug/m3 LC","61","Fresno-Foundry","1","100.0000","88101","PM2.5 - Local Conditions","170","Met One BAM-1020 Mass Monitor w/VSCC","23420","Fresno, CA","06","California","019","Fresno","36.710833","-119.7775"
"07/16/2025","AQS","060192016","3","10","ug/m3 LC","53","Fresno-Foundry","1","100.0000","88101","PM2.5 - Local Conditions","170","Met One BAM-1020 Mass Monitor w/VSCC","23420","Fresno, CA","06","California","019","Fresno","36.710833","-119.7775"
"07/17/2025","AQS","060192016","3","9.6","ug/m3 LC","52","Fresno-Foundry","1","100.0000","88101","PM2.5 - Local Conditions","170","Met One BAM-1020 Mass Monitor w/VSCC","23420","Fresno, CA","06","California","019","Fresno","36.710833","-119.7775"
"07/18/2025","AQS","060192016","3","10.4","ug/m3 LC","53","Fresno-Foundry","1","100.0000","88101","PM2.5 - Local Conditions","170","Met One BAM-1020 Mass Monitor w/VSCC","23420","Fresno, CA","06","California","019","Fresno","36.710833","-119.7775"
"07/19/2025","AQS","060192016","3","8.7","ug/m3 LC","48","Fresno-Foundry","1","100.0000","88101","PM2.5 - Local Conditions","170","Met One BAM-1020 Mass Monitor w/VSCC","23420","Fresno, CA","06","California","019","Fresno","36.710833","-119.7775"
"07/20/2025","AQS","060192016","3","7.2","ug/m3 LC","40","Fresno-Foundry","1","100.0000","88101","PM2.5 - Local Conditions","170","Met One BAM-1020 Mass Monitor w/VSCC","23420","Fresno, CA","06","California","019","Fresno","36.710833","-119.7775"
"07/21/2025","AQS","060192016","3","6.2","ug/m3 LC","34","Fresno-Foundry","1","100.0000","88101","PM2.5 - Local Conditions","170","Met One BAM-1020 Mass Monitor w/VSCC","23420","Fresno, CA","06","California","019","Fresno","36.710833","-119.7775"
"07/22/2025","AQS","060192016","3","5.3","ug/m3 LC","29","Fresno-Foundry","1","100.0000","88101","PM2.5 - Local Conditions","170","Met One BAM-1020 Mass Monitor w/VSCC","23420","Fresno, CA","06","California","019","Fresno","36.710833","-119.7775"
"07/23/2025","AQS","060192016","3","6.2","ug/m3 LC","34","Fresno-Foundry","1","100.0000","88101","PM2.5 - Local Conditions","170","Met One BAM-1020 Mass Monitor w/VSCC","23420","Fresno, CA","06","California","019","Fresno","36.710833","-119.7775"
"07/24/2025","AQS","060192016","3","5.6","ug/m3 LC","31","Fresno-Foundry","1","100.0000","88101","PM2.5 - Local Conditions","170","Met One BAM-1020 Mass Monitor w/VSCC","23420","Fresno, CA","06","California","019","Fresno","36.710833","-119.7775"
"07/25/2025","AQS","060192016","3","5.8","ug/m3 LC","32","Fresno-Foundry","1","100.0000","88101","PM2.5 - Local Conditions","170","Met One BAM-1020 Mass Monitor w/VSCC","23420","Fresno, CA","06","California","019","Fresno","36.710833","-119.7775"
"07/26/2025","AQS","060192016","3","5","ug/m3 LC","28","Fresno-Foundry","1","100.0000","88101","PM2.5 - Local Conditions","170","Met One BAM-1020 Mass Monitor w/VSCC","23420","Fresno, CA","06","California","019","Fresno","36.710833","-119.7775"
"07/27/2025","AQS","060192016","3","3.7","ug/m3 LC","21","Fresno-Foundry","1","100.0000","88101","PM2.5 - Local Conditions","170","Met One BAM-1020 Mass Monitor w/VSCC","23420","Fresno, CA","06","California","019","Fresno","36.710833","-119.7775"
"07/28/2025","AQS","060192016","3","7.3","ug/m3 LC","41","Fresno-Foundry","1","100.0000","88101","PM2.5 - Local Conditions","170","Met One BAM-1020 Mass Monitor w/VSCC","23420","Fresno, CA","06","California","019","Fresno","36.710833","-119.7775"
"07/29/2025","AQS","060192016","3","8.5","ug/m3 LC","47","Fresno-Foundry","1","100.0000","88101","PM2.5 - Local Conditions","170","Met One BAM-1020 Mass Monitor w/VSCC","23420","Fresno, CA","06","California","019","Fresno","36.710833","-119.7775"
"07/30/2025","AQS","060192016","3","7.7","ug/m3 LC","43","Fresno-Foundry","1","100.0000","88101","PM2.5 - Local Conditions","170","Met One BAM-1020 Mass Monitor w/VSCC","23420","Fresno, CA","06","California","019","Fresno","36.710833","-119.7775"
"07/31/2025","AQS","060192016","3","8.5","ug/m3 LC","47","Fresno-Foundry","1","100.0000","88101","PM2.5 - Local Conditions","170","Met One BAM-1020 Mass Monitor w/VSCC","23420","Fresno, CA","06","California","019","Fresno","36.710833","-119.7775"
"08/01/2025","AQS","060192016","3","10.7","ug/m3 LC","54","Fresno-Foundry","1","100.0000","88101","PM2.5 - Local Conditions","170","Met One BAM-1020 Mass Monitor w/VSCC","23420","Fresno, CA","06","California","019","Fresno","36.710833","-119.7775"
"08/02/2025","AQS","060192016","3","9.1","ug/m3 LC","51","Fresno-Foundry","1","100.0000","88101","PM2.5 - Local Conditions","170","Met One BAM-1020 Mass Monitor w/VSCC","23420","Fresno, CA","06","California","019","Fresno","36.710833","-119.7775"
"08/03/2025","AQS","060192016","3","7","ug/m3 LC","39","Fresno-Foundry","1","100.0000","88101","PM2.5 - Local Conditions","170","Met One BAM-1020 Mass Monitor w/VSCC","23420","Fresno, CA","06","California","019","Fresno","36.710833","-119.7775"
"08/04/2025","AQS","060192016","3","10.3","ug/m3 LC","53","Fresno-Foundry","1","100.0000","88101","PM2.5 - Local Conditions","170","Met One BAM-1020 Mass Monitor w/VSCC","23420","Fresno, CA","06","California","019","Fresno","36.710833","-119.7775"
"08/05/2025","AQS","060192016","3","6.6","ug/m3 LC","37","Fresno-Foundry","1","100.0000","88101","PM2.5 - Local Conditions","170","Met One BAM-1020 Mass Monitor w/VSCC","23420","Fresno, CA","06","California","019","Fresno","36.710833","-119.7775"
"08/06/2025","AQS","060192016","3","7","ug/m3 LC","39","Fresno-Foundry","1","100.0000","88101","PM2.5 - Local Conditions","170","Met One BAM-1020 Mass Monitor w/VSCC","23420","Fresno, CA","06","California","019","Fresno","36.710833","-119.7775"
"08/07/2025","AQS","060192016","3","11.5","ug/m3 LC","55","Fresno-Foundry","1","100.0000","88101","PM2.5 - Local Conditions","170","Met One BAM-1020 Mass Monitor w/VSCC","23420","Fresno, CA","06","California","019","Fresno","36.710833","-119.7775"
"08/08/2025","AQS","060192016","3","11.3","ug/m3 LC","55","Fresno-Foundry","1","100.0000","88101","PM2.5 - Local Conditions","170","Met One BAM-1020 Mass Monitor w/VSCC","23420","Fresno, CA","06","California","019","Fresno","36.710833","-119.7775"
"08/09/2025","AQS","060192016","3","14.6","ug/m3 LC","61","Fresno-Foundry","1","100.0000","88101","PM2.5 - Local Conditions","170","Met One BAM-1020 Mass Monitor w/VSCC","23420","Fresno, CA","06","California","019","Fresno","36.710833","-119.7775"
"08/10/2025","AQS","060192016","3","10.7","ug/m3 LC","54","Fresno-Foundry","1","100.0000","88101","PM2.5 - Local Conditions","170","Met One BAM-1020 Mass Monitor w/VSCC","23420","Fresno, CA","06","California","019","Fresno","36.710833","-119.7775"
"08/11/2025","AQS","060192016","3","11.7","ug/m3 LC","56","Fresno-Foundry","1","100.0000","88101","PM2.5 - Local Conditions","170","Met One BAM-1020 Mass Monitor w/VSCC","23420","Fresno, CA","06","California","019","Fresno","36.710833","-119.7775"
"08/12/2025","AQS","060192016","3","12.7","ug/m3 LC","58","Fresno-Foundry","1","100.0000","88101","PM2.5 - Local Conditions","170","Met One BAM-1020 Mass Monitor w/VSCC","23420","Fresno, CA","06","California","019","Fresno","36.710833","-119.7775"
"08/13/2025","AQS","060192016","3","8.2","ug/m3 LC","46","Fresno-Foundry","1","100.0000","88101","PM2.5 - Local Conditions","170","Met One BAM-1020 Mass Monitor w/VSCC","23420","Fresno, CA","06","California","019","Fresno","36.710833","-119.7775"
"08/14/2025","AQS","060192016","3","11.5","ug/m3 LC","55","Fresno-Foundry","1","100.0000","88101","PM2.5 - Local Conditions","170","Met One BAM-1020 Mass Monitor w/VSCC","23420","Fresno, CA","06","California","019","Fresno","36.710833","-119.7775"
"08/15/2025","AQS","060192016","3","11.8","ug/m3 LC","56","Fresno-Foundry","1","100.0000","88101","PM2.5 - Local Conditions","170","Met One BAM-1020 Mass Monitor w/VSCC","23420","Fresno, CA","06","California","019","Fresno","36.710833","-119.7775"
"08/16/2025","AQS","060192016","3","4.6","ug/m3 LC","26","Fresno-Foundry","1","100.0000","88101","PM2.5 - Local Conditions","170","Met One BAM-1020 Mass Monitor w/VSCC","23420","Fresno, CA","06","California","019","Fresno","36.710833","-119.7775"
"08/17/2025","AQS","060192016","3","3.6","ug/m3 LC","20","Fresno-Foundry","1","100.0000","88101","PM2.5 - Local Conditions","170","Met One BAM-1020 Mass Monitor w/VSCC","23420","Fresno, CA","06","California","019","Fresno","36.710833","-119.7775"
"08/18/2025","AQS","060192016","3","7.2","ug/m3 LC","40","Fresno-Foundry","1","100.0000","88101","PM2.5 - Local Conditions","170","Met One BAM-1020 Mass Monitor w/VSCC","23420","Fresno, CA","06","California","019","Fresno","36.710833","-119.7775"
"08/19/2025","AQS","060192016","3","9.7","ug/m3 LC","52","Fresno-Foundry","1","100.0000","88101","PM2.5 - Local Conditions","170","Met One BAM-1020 Mass Monitor w/VSCC","23420","Fresno, CA","06","California","019","Fresno","36.710833","-119.7775"
"08/20/2025","AirNow","060192016","3","20.9","ug/m3 LC","73","Fresno-Foundry","1","100.0000","88101","PM2.5 - Local Conditions","","","23420","Fresno, CA","06","California","019","Fresno","36.710833","-119.7775"
"08/21/2025","AQS","060192016","3","19.6","ug/m3 LC","71","Fresno-Foundry","1","100.0000","88101","PM2.5 - Local Conditions","170","Met One BAM-1020 Mass Monitor w/VSCC","23420","Fresno, CA","06","California","019","Fresno","36.710833","-119.7775"
"08/22/2025","AQS","060192016","3","16.5","ug/m3 LC","65","Fresno-Foundry","1","100.0000","88101","PM2.5 - Local Conditions","170","Met One BAM-1020 Mass Monitor w/VSCC","23420","Fresno, CA","06","California","019","Fresno","36.710833","-119.7775"
"08/23/2025","AQS","060192016","3","17.2","ug/m3 LC","66","Fresno-Foundry","1","100.0000","88101","PM2.5 - Local Conditions","170","Met One BAM-1020 Mass Monitor w/VSCC","23420","Fresno, CA","06","California","019","Fresno","36.710833","-119.7775"
"08/24/2025","AQS","060192016","3","12","ug/m3 LC","56","Fresno-Foundry","1","100.0000","88101","PM2.5 - Local Conditions","170","Met One BAM-1020 Mass Monitor w/VSCC","23420","Fresno, CA","06","California","019","Fresno","36.710833","-119.7775"
"08/25/2025","AQS","060192016","3","12.4","ug/m3 LC","57","Fresno-Foundry","1","100.0000","88101","PM2.5 - Local Conditions","170","Met One BAM-1020 Mass Monitor w/VSCC","23420","Fresno, CA","06","California","019","Fresno","36.710833","-119.7775"
"08/26/2025","AQS","060192016","3","14.3","ug/m3 LC","61","Fresno-Foundry","1","100.0000","88101","PM2.5 - Local Conditions","170","Met One BAM-1020 Mass Monitor w/VSCC","23420","Fresno, CA","06","California","019","Fresno","36.710833","-119.7775"
"08/27/2025","AQS","060192016","3","13.8","ug/m3 LC","60","Fresno-Foundry","1","100.0000","88101","PM2.5 - Local Conditions","170","Met One BAM-1020 Mass Monitor w/VSCC","23420","Fresno, CA","06","California","019","Fresno","36.710833","-119.7775"
"08/28/2025","AQS","060192016","3","13.5","ug/m3 LC","59","Fresno-Foundry","1","100.0000","88101","PM2.5 - Local Conditions","170","Met One BAM-1020 Mass Monitor w/VSCC","23420","Fresno, CA","06","California","019","Fresno","36.710833","-119.7775"
"08/29/2025","AQS","060192016","3","16.2","ug/m3 LC","64","Fresno-Foundry","1","100.0000","88101","PM2.5 - Local Conditions","170","Met One BAM-1020 Mass Monitor w/VSCC","23420","Fresno, CA","06","California","019","Fresno","36.710833","-119.7775"
"08/30/2025","AQS","060192016","3","11.3","ug/m3 LC","55","Fresno-Foundry","1","100.0000","88101","PM2.5 - Local Conditions","170","Met One BAM-1020 Mass Monitor w/VSCC","23420","Fresno, CA","06","California","019","Fresno","36.710833","-119.7775"
"08/31/2025","AQS","060192016","3","17.8","ug/m3 LC","67","Fresno-Foundry","1","100.0000","88101","PM2.5 - Local Conditions","170","Met One BAM-1020 Mass Monitor w/VSCC","23420","Fresno, CA","06","California","019","Fresno","36.710833","-119.7775"
"09/01/2025","AQS","060192016","3","13.2","ug/m3 LC","59","Fresno-Foundry","1","100.0000","88101","PM2.5 - Local Conditions","170","Met One BAM-1020 Mass Monitor w/VSCC","23420","Fresno, CA","06","California","019","Fresno","36.710833","-119.7775"
"09/02/2025","AQS","060192016","3","19","ug/m3 LC","69","Fresno-Foundry","1","100.0000","88101","PM2.5 - Local Conditions","170","Met One BAM-1020 Mass Monitor w/VSCC","23420","Fresno, CA","06","California","019","Fresno","36.710833","-119.7775"
"09/03/2025","AQS","060192016","3","20.4","ug/m3 LC","72","Fresno-Foundry","1","100.0000","88101","PM2.5 - Local Conditions","170","Met One BAM-1020 Mass Monitor w/VSCC","23420","Fresno, CA","06","California","019","Fresno","36.710833","-119.7775"
"09/04/2025","AQS","060192016","3","13.1","ug/m3 LC","58","Fresno-Foundry","1","100.0000","88101","PM2.5 - Local Conditions","170","Met One BAM-1020 Mass Monitor w/VSCC","23420","Fresno, CA","06","California","019","Fresno","36.710833","-119.7775"
"09/05/2025","AQS","060192016","3","9.6","ug/m3 LC","52","Fresno-Foundry","1","100.0000","88101","PM2.5 - Local Conditions","170","Met One BAM-1020 Mass Monitor w/VSCC","23420","Fresno, CA","06","California","019","Fresno","36.710833","-119.7775"
"09/06/2025","AQS","060192016","3","10.1","ug/m3 LC","53","Fresno-Foundry","1","100.0000","88101","PM2.5 - Local Conditions","170","Met One BAM-1020 Mass Monitor w/VSCC","23420","Fresno, CA","06","California","019","Fresno","36.710833","-119.7775"
"09/07/2025","AQS","060192016","3","6.2","ug/m3 LC","34","Fresno-Foundry","1","100.0000","88101","PM2.5 - Local Conditions","170","Met One BAM-1020 Mass Monitor w/VSCC","23420","Fresno, CA","06","California","019","Fresno","36.710833","-119.7775"
"09/08/2025","AQS","060192016","3","6.1","ug/m3 LC","34","Fresno-Foundry","1","100.0000","88101","PM2.5 - Local Conditions","170","Met One BAM-1020 Mass Monitor w/VSCC","23420","Fresno, CA","06","California","019","Fresno","36.710833","-119.7775"
"09/09/2025","AQS","060192016","3","3.2","ug/m3 LC","18","Fresno-Foundry","1","100.0000","88101","PM2.5 - Local Conditions","170","Met One BAM-1020 Mass Monitor w/VSCC","23420","Fresno, CA","06","California","019","Fresno","36.710833","-119.7775"
"09/10/2025","AQS","060192016","3","3.1","ug/m3 LC","17","Fresno-Foundry","1","100.0000","88101","PM2.5 - Local Conditions","170","Met One BAM-1020 Mass Monitor w/VSCC","23420","Fresno, CA","06","California","019","Fresno","36.710833","-119.7775"
"09/11/2025","AQS","060192016","3","5.6","ug/m3 LC","31","Fresno-Foundry","1","100.0000","88101","PM2.5 - Local Conditions","170","Met One BAM-1020 Mass Monitor w/VSCC","23420","Fresno, CA","06","California","019","Fresno","36.710833","-119.7775"
"09/12/2025","AQS","060192016","3","7.7","ug/m3 LC","43","Fresno-Foundry","1","100.0000","88101","PM2.5 - Local Conditions","170","Met One BAM-1020 Mass Monitor w/VSCC","23420","Fresno, CA","06","California","019","Fresno","36.710833","-119.7775"
"09/13/2025","AQS","060192016","3","8.7","ug/m3 LC","48","Fresno-Foundry","1","100.0000","88101","PM2.5 - Local Conditions","170","Met One BAM-1020 Mass Monitor w/VSCC","23420","Fresno, CA","06","California","019","Fresno","36.710833","-119.7775"
"09/14/2025","AQS","060192016","3","6.9","ug/m3 LC","38","Fresno-Foundry","1","100.0000","88101","PM2.5 - Local Conditions","170","Met One BAM-1020 Mass Monitor w/VSCC","23420","Fresno, CA","06","California","019","Fresno","36.710833","-119.7775"
"09/15/2025","AQS","060192016","3","11.3","ug/m3 LC","55","Fresno-Foundry","1","100.0000","88101","PM2.5 - Local Conditions","170","Met One BAM-1020 Mass Monitor w/VSCC","23420","Fresno, CA","06","California","019","Fresno","36.710833","-119.7775"
"09/16/2025","AQS","060192016","3","16.2","ug/m3 LC","64","Fresno-Foundry","1","100.0000","88101","PM2.5 - Local Conditions","170","Met One BAM-1020 Mass Monitor w/VSCC","23420","Fresno, CA","06","California","019","Fresno","36.710833","-119.7775"
"09/17/2025","AQS","060192016","3","14.9","ug/m3 LC","62","Fresno-Foundry","1","100.0000","88101","PM2.5 - Local Conditions","170","Met One BAM-1020 Mass Monitor w/VSCC","23420","Fresno, CA","06","California","019","Fresno","36.710833","-119.7775"
"09/18/2025","AQS","060192016","3","11.5","ug/m3 LC","55","Fresno-Foundry","1","100.0000","88101","PM2.5 - Local Conditions","170","Met One BAM-1020 Mass Monitor w/VSCC","23420","Fresno, CA","06","California","019","Fresno","36.710833","-119.7775"
"09/19/2025","AQS","060192016","3","9","ug/m3 LC","50","Fresno-Foundry","1","100.0000","88101","PM2.5 - Local Conditions","170","Met One BAM-1020 Mass Monitor w/VSCC","23420","Fresno, CA","06","California","019","Fresno","36.710833","-119.7775"
"09/20/2025","AQS","060192016","3","8.7","ug/m3 LC","48","Fresno-Foundry","1","100.0000","88101","PM2.5 - Local Conditions","170","Met One BAM-1020 Mass Monitor w/VSCC","23420","Fresno, CA","06","California","019","Fresno","36.710833","-119.7775"
"09/21/2025","AQS","060192016","3","6.2","ug/m3 LC","34","Fresno-Foundry","1","100.0000","88101","PM2.5 - Local Conditions","170","Met One BAM-1020 Mass Monitor w/VSCC","23420","Fresno, CA","06","California","019","Fresno","36.710833","-119.7775"
"09/22/2025","AQS","060192016","3","8.5","ug/m3 LC","47","Fresno-Foundry","1","100.0000","88101","PM2.5 - Local Conditions","170","Met One BAM-1020 Mass Monitor w/VSCC","23420","Fresno, CA","06","California","019","Fresno","36.710833","-119.7775"
"09/23/2025","AQS","060192016","3","14.4","ug/m3 LC","61","Fresno-Foundry","1","100.0000","88101","PM2.5 - Local Conditions","170","Met One BAM-1020 Mass Monitor w/VSCC","23420","Fresno, CA","06","California","019","Fresno","36.710833","-119.7775"
"09/24/2025","AQS","060192016","3","8","ug/m3 LC","44","Fresno-Foundry","1","100.0000","88101","PM2.5 - Local Conditions","170","Met One BAM-1020 Mass Monitor w/VSCC","23420","Fresno, CA","06","California","019","Fresno","36.710833","-119.7775"
"09/25/2025","AQS","060192016","3","6.2","ug/m3 LC","34","Fresno-Foundry","1","100.0000","88101","PM2.5 - Local Conditions","170","Met One BAM-1020 Mass Monitor w/VSCC","23420","Fresno, CA","06","California","019","Fresno","36.710833","-119.7775"
"09/26/2025","AQS","060192016","3","10.4","ug/m3 LC","53","Fresno-Foundry","1","100.0000","88101","PM2.5 - Local Conditions","170","Met One BAM-1020 Mass Monitor w/VSCC","23420","Fresno, CA","06","California","019","Fresno","36.710833","-119.7775"
"09/27/2025","AQS","060192016","3","8.9","ug/m3 LC","49","Fresno-Foundry","1","100.0000","88101","PM2.5 - Local Conditions","170","Met One BAM-1020 Mass Monitor w/VSCC","23420","Fresno, CA","06","California","019","Fresno","36.710833","-119.7775"
"09/28/2025","AQS","060192016","3","5.2","ug/m3 LC","29","Fresno-Foundry","1","100.0000","88101","PM2.5 - Local Conditions","170","Met One BAM-1020 Mass Monitor w/VSCC","23420","Fresno, CA","06","California","019","Fresno","36.710833","-119.7775"
"09/29/2025","AQS","060192016","3","6.2","ug/m3 LC","34","Fresno-Foundry","1","100.0000","88101","PM2.5 - Local Conditions","170","Met One BAM-1020 Mass Monitor w/VSCC","23420","Fresno, CA","06","California","019","Fresno","36.710833","-119.7775"
"09/30/2025","AQS","060192016","3","5.5","ug/m3 LC","31","Fresno-Foundry","1","100.0000","88101","PM2.5 - Local Conditions","170","Met One BAM-1020 Mass Monitor w/VSCC","23420","Fresno, CA","06","California","019","Fresno","36.710833","-119.7775"
"10/01/2025","AQS","060192016","3","4.1","ug/m3 LC","23","Fresno-Foundry","1","100.0000","88101","PM2.5 - Local Conditions","170","Met One BAM-1020 Mass Monitor w/VSCC","23420","Fresno, CA","06","California","019","Fresno","36.710833","-119.7775"
"10/02/2025","AQS","060192016","3","3.6","ug/m3 LC","20","Fresno-Foundry","1","100.0000","88101","PM2.5 - Local Conditions","170","Met One BAM-1020 Mass Monitor w/VSCC","23420","Fresno, CA","06","California","019","Fresno","36.710833","-119.7775"
"10/03/2025","AQS","060192016","3","3.5","ug/m3 LC","19","Fresno-Foundry","1","100.0000","88101","PM2.5 - Local Conditions","170","Met One BAM-1020 Mass Monitor w/VSCC","23420","Fresno, CA","06","California","019","Fresno","36.710833","-119.7775"
"10/04/2025","AQS","060192016","3","6.7","ug/m3 LC","37","Fresno-Foundry","1","100.0000","88101","PM2.5 - Local Conditions","170","Met One BAM-1020 Mass Monitor w/VSCC","23420","Fresno, CA","06","California","019","Fresno","36.710833","-119.7775"
"10/05/2025","AQS","060192016","3","8","ug/m3 LC","44","Fresno-Foundry","1","100.0000","88101","PM2.5 - Local Conditions","170","Met One BAM-1020 Mass Monitor w/VSCC","23420","Fresno, CA","06","California","019","Fresno","36.710833","-119.7775"
"10/06/2025","AQS","060192016","3","8","ug/m3 LC","44","Fresno-Foundry","1","100.0000","88101","PM2.5 - Local Conditions","170","Met One BAM-1020 Mass Monitor w/VSCC","23420","Fresno, CA","06","California","019","Fresno","36.710833","-119.7775"
"10/07/2025","AQS","060192016","3","12.4","ug/m3 LC","57","Fresno-Foundry","1","100.0000","88101","PM2.5 - Local Conditions","170","Met One BAM-1020 Mass Monitor w/VSCC","23420","Fresno, CA","06","California","019","Fresno","36.710833","-119.7775"
"10/08/2025","AQS","060192016","3","10.5","ug/m3 LC","54","Fresno-Foundry","1","100.0000","88101","PM2.5 - Local Conditions","170","Met One BAM-1020 Mass Monitor w/VSCC","23420","Fresno, CA","06","California","019","Fresno","36.710833","-119.7775"
"10/09/2025","AQS","060192016","3","9","ug/m3 LC","50","Fresno-Foundry","1","100.0000","88101","PM2.5 - Local Conditions","170","Met One BAM-1020 Mass Monitor w/VSCC","23420","Fresno, CA","06","California","019","Fresno","36.710833","-119.7775"
"10/10/2025","AQS","060192016","3","6.9","ug/m3 LC","38","Fresno-Foundry","1","100.0000","88101","PM2.5 - Local Conditions","170","Met One BAM-1020 Mass Monitor w/VSCC","23420","Fresno, CA","06","California","019","Fresno","36.710833","-119.7775"
"10/11/2025","AQS","060192016","3","2.2","ug/m3 LC","12","Fresno-Foundry","1","100.0000","88101","PM2.5 - Local Conditions","170","Met One BAM-1020 Mass Monitor w/VSCC","23420","Fresno, CA","06","California","019","Fresno","36.710833","-119.7775"
"10/12/2025","AQS","060192016","3","3.7","ug/m3 LC","21","Fresno-Foundry","1","100.0000","88101","PM2.5 - Local Conditions","170","Met One BAM-1020 Mass Monitor w/VSCC","23420","Fresno, CA","06","California","019","Fresno","36.710833","-119.7775"
"10/13/2025","AQS","060192016","3","7.8","ug/m3 LC","43","Fresno-Foundry","1","100.0000","88101","PM2.5 - Local Conditions","170","Met One BAM-1020 Mass Monitor w/VSCC","23420","Fresno, CA","06","California","019","Fresno","36.710833","-119.7775"
"10/14/2025","AQS","060192016","3","1.4","ug/m3 LC","8","Fresno-Foundry","1","100.0000","88101","PM2.5 - Local Conditions","170","Met One BAM-1020 Mass Monitor w/VSCC","23420","Fresno, CA","06","California","019","Fresno","36.710833","-119.7775"
"10/15/2025","AQS","060192016","3","4.3","ug/m3 LC","24","Fresno-Foundry","1","100.0000","88101","PM2.5 - Local Conditions","170","Met One BAM-1020 Mass Monitor w/VSCC","23420","Fresno, CA","06","California","019","Fresno","36.710833","-119.7775"
"10/16/2025","AQS","060192016","3","9","ug/m3 LC","50","Fresno-Foundry","1","100.0000","88101","PM2.5 - Local Conditions","170","Met One BAM-1020 Mass Monitor w/VSCC","23420","Fresno, CA","06","California","019","Fresno","36.710833","-119.7775"
"10/17/2025","AQS","060192016","3","15.2","ug/m3 LC","62","Fresno-Foundry","1","100.0000","88101","PM2.5 - Local Conditions","170","Met One BAM-1020 Mass Monitor w/VSCC","23420","Fresno, CA","06","California","019","Fresno","36.710833","-119.7775"
"10/18/2025","AQS","060192016","3","20.6","ug/m3 LC","72","Fresno-Foundry","1","100.0000","88101","PM2.5 - Local Conditions","170","Met One BAM-1020 Mass Monitor w/VSCC","23420","Fresno, CA","06","California","019","Fresno","36.710833","-119.7775"
"10/19/2025","AQS","060192016","3","20.5","ug/m3 LC","72","Fresno-Foundry","1","100.0000","88101","PM2.5 - Local Conditions","170","Met One BAM-1020 Mass Monitor w/VSCC","23420","Fresno, CA","06","California","019","Fresno","36.710833","-119.7775"
"10/20/2025","AQS","060192016","3","28.9","ug/m3 LC","88","Fresno-Foundry","1","100.0000","88101","PM2.5 - Local Conditions","170","Met One BAM-1020 Mass Monitor w/VSCC","23420","Fresno, CA","06","California","019","Fresno","36.710833","-119.7775"
"10/21/2025","AQS","060192016","3","20","ug/m3 LC","71","Fresno-Foundry","1","100.0000","88101","PM2.5 - Local Conditions","170","Met One BAM-1020 Mass Monitor w/VSCC","23420","Fresno, CA","06","California","019","Fresno","36.710833","-119.7775"
"10/22/2025","AQS","060192016","3","7.7","ug/m3 LC","43","Fresno-Foundry","1","100.0000","88101","PM2.5 - Local Conditions","170","Met One BAM-1020 Mass Monitor w/VSCC","23420","Fresno, CA","06","California","019","Fresno","36.710833","-119.7775"
"10/23/2025","AQS","060192016","3","13.4","ug/m3 LC","59","Fresno-Foundry","1","100.0000","88101","PM2.5 - Local Conditions","170","Met One BAM-1020 Mass Monitor w/VSCC","23420","Fresno, CA","06","California","019","Fresno","36.710833","-119.7775"
"10/24/2025","AQS","060192016","3","19.9","ug/m3 LC","71","Fresno-Foundry","1","100.0000","88101","PM2.5 - Local Conditions","170","Met One BAM-1020 Mass Monitor w/VSCC","23420","Fresno, CA","06","California","019","Fresno","36.710833","-119.7775"
"10/25/2025","AQS","060192016","3","14.4","ug/m3 LC","61","Fresno-Foundry","1","100.0000","88101","PM2.5 - Local Conditions","170","Met One BAM-1020 Mass Monitor w/VSCC","23420","Fresno, CA","06","California","019","Fresno","36.710833","-119.7775"
"10/26/2025","AQS","060192016","3","5.3","ug/m3 LC","29","Fresno-Foundry","1","100.0000","88101","PM2.5 - Local Conditions","170","Met One BAM-1020 Mass Monitor w/VSCC","23420","Fresno, CA","06","California","019","Fresno","36.710833","-119.7775"
"10/27/2025","AQS","060192016","3","2.2","ug/m3 LC","12","Fresno-Foundry","1","100.0000","88101","PM2.5 - Local Conditions","170","Met One BAM-1020 Mass Monitor w/VSCC","23420","Fresno, CA","06","California","019","Fresno","36.710833","-119.7775"
"10/28/2025","AQS","060192016","3","10.6","ug/m3 LC","54","Fresno-Foundry","1","100.0000","88101","PM2.5 - Local Conditions","170","Met One BAM-1020 Mass Monitor w/VSCC","23420","Fresno, CA","06","California","019","Fresno","36.710833","-119.7775"
"10/29/2025","AQS","060192016","3","16.4","ug/m3 LC","65","Fresno-Foundry","1","100.0000","88101","PM2.5 - Local Conditions","170","Met One BAM-1020 Mass Monitor w/VSCC","23420","Fresno, CA","06","California","019","Fresno","36.710833","-119.7775"
"10/30/2025","AQS","060192016","3","18.1","ug/m3 LC","68","Fresno-Foundry","1","100.0000","88101","PM2.5 - Local Conditions","170","Met One BAM-1020 Mass Monitor w/VSCC","23420","Fresno, CA","06","California","019","Fresno","36.710833","-119.7775"
"10/31/2025","AQS","060192016","3","18","ug/m3 LC","68","Fresno-Foundry","1","100.0000","88101","PM2.5 - Local Conditions","170","Met One BAM-1020 Mass Monitor w/VSCC","23420","Fresno, CA","06","California","019","Fresno","36.710833","-119.7775"
"11/01/2025","AQS","060192016","3","24.2","ug/m3 LC","79","Fresno-Foundry","1","100.0000","88101","PM2.5 - Local Conditions","170","Met One BAM-1020 Mass Monitor w/VSCC","23420","Fresno, CA","06","California","019","Fresno","36.710833","-119.7775"
"11/02/2025","AQS","060192016","3","18","ug/m3 LC","68","Fresno-Foundry","1","100.0000","88101","PM2.5 - Local Conditions","170","Met One BAM-1020 Mass Monitor w/VSCC","23420","Fresno, CA","06","California","019","Fresno","36.710833","-119.7775"
"11/03/2025","AQS","060192016","3","18.8","ug/m3 LC","69","Fresno-Foundry","1","100.0000","88101","PM2.5 - Local Conditions","170","Met One BAM-1020 Mass Monitor w/VSCC","23420","Fresno, CA","06","California","019","Fresno","36.710833","-119.7775"
"11/04/2025","AQS","060192016","3","11.7","ug/m3 LC","56","Fresno-Foundry","1","100.0000","88101","PM2.5 - Local Conditions","170","Met One BAM-1020 Mass Monitor w/VSCC","23420","Fresno, CA","06","California","019","Fresno","36.710833","-119.7775"
"11/05/2025","AQS","060192016","3","11.4","ug/m3 LC","55","Fresno-Foundry","1","100.0000","88101","PM2.5 - Local Conditions","170","Met One BAM-1020 Mass Monitor w/VSCC","23420","Fresno, CA","06","California","019","Fresno","36.710833","-119.7775"
"11/06/2025","AQS","060192016","3","6","ug/m3 LC","33","Fresno-Foundry","1","100.0000","88101","PM2.5 - Local Conditions","170","Met One BAM-1020 Mass Monitor w/VSCC","23420","Fresno, CA","06","California","019","Fresno","36.710833","-119.7775"
"11/07/2025","AQS","060192016","3","5.5","ug/m3 LC","31","Fresno-Foundry","1","100.0000","88101","PM2.5 - Local Conditions","170","Met One BAM-1020 Mass Monitor w/VSCC","23420","Fresno, CA","06","California","019","Fresno","36.710833","-119.7775"
"11/08/2025","AQS","060192016","3","8.8","ug/m3 LC","49","Fresno-Foundry","1","100.0000","88101","PM2.5 - Local Conditions","170","Met One BAM-1020 Mass Monitor w/VSCC","23420","Fresno, CA","06","California","019","Fresno","36.710833","-119.7775"
"11/09/2025","AQS","060192016","3","13.7","ug/m3 LC","60","Fresno-Foundry","1","100.0000","88101","PM2.5 - Local Conditions","170","Met One BAM-1020 Mass Monitor w/VSCC","23420","Fresno, CA","06","California","019","Fresno","36.710833","-119.7775"
"11/10/2025","AQS","060192016","3","18.7","ug/m3 LC","69","Fresno-Foundry","1","100.0000","88101","PM2.5 - Local Conditions","170","Met One BAM-1020 Mass Monitor w/VSCC","23420","Fresno, CA","06","California","019","Fresno","36.710833","-119.7775"
"11/11/2025","AQS","060192016","3","19.2","ug/m3 LC","70","Fresno-Foundry","1","100.0000","88101","PM2.5 - Local Conditions","170","Met One BAM-1020 Mass Monitor w/VSCC","23420","Fresno, CA","06","California","019","Fresno","36.710833","-119.7775"
"11/12/2025","AQS","060192016","3","15.5","ug/m3 LC","63","Fresno-Foundry","1","100.0000","88101","PM2.5 - Local Conditions","170","Met One BAM-1020 Mass Monitor w/VSCC","23420","Fresno, CA","06","California","019","Fresno","36.710833","-119.7775"
"11/13/2025","AQS","060192016","3","8.9","ug/m3 LC","49","Fresno-Foundry","1","100.0000","88101","PM2.5 - Local Conditions","170","Met One BAM-1020 Mass Monitor w/VSCC","23420","Fresno, CA","06","California","019","Fresno","36.710833","-119.7775"
"11/14/2025","AQS","060192016","3","2.2","ug/m3 LC","12","Fresno-Foundry","1","100.0000","88101","PM2.5 - Local Conditions","170","Met One BAM-1020 Mass Monitor w/VSCC","23420","Fresno, CA","06","California","019","Fresno","36.710833","-119.7775"
"11/15/2025","AQS","060192016","3","4.3","ug/m3 LC","24","Fresno-Foundry","1","100.0000","88101","PM2.5 - Local Conditions","170","Met One BAM-1020 Mass Monitor w/VSCC","23420","Fresno, CA","06","California","019","Fresno","36.710833","-119.7775"
"11/16/2025","AQS","060192016","3","-0.7","ug/m3 LC","0","Fresno-Foundry","1","100.0000","88101","PM2.5 - Local Conditions","170","Met One BAM-1020 Mass Monitor w/VSCC","23420","Fresno, CA","06","California","019","Fresno","36.710833","-119.7775"
"11/17/2025","AQS","060192016","3","1.6","ug/m3 LC","9","Fresno-Foundry","1","100.0000","88101","PM2.5 - Local Conditions","170","Met One BAM-1020 Mass Monitor w/VSCC","23420","Fresno, CA","06","California","019","Fresno","36.710833","-119.7775"
"11/18/2025","AQS","060192016","3","4.7","ug/m3 LC","26","Fresno-Foundry","1","100.0000","88101","PM2.5 - Local Conditions","170","Met One BAM-1020 Mass Monitor w/VSCC","23420","Fresno, CA","06","California","019","Fresno","36.710833","-119.7775"
"11/19/2025","AirNow","060192016","3","7.3","ug/m3 LC","41","Fresno-Foundry","1","100.0000","88101","PM2.5 - Local Conditions","","","23420","Fresno, CA","06","California","019","Fresno","36.710833","-119.7775"
"11/25/2025","AQS","060192016","3","7.4","ug/m3 LC","41","Fresno-Foundry","1","100.0000","88101","PM2.5 - Local Conditions","170","Met One BAM-1020 Mass Monitor w/VSCC","23420","Fresno, CA","06","California","019","Fresno","36.710833","-119.7775"
"11/26/2025","AQS","060192016","3","16.3","ug/m3 LC","64","Fresno-Foundry","1","100.0000","88101","PM2.5 - Local Conditions","170","Met One BAM-1020 Mass Monitor w/VSCC","23420","Fresno, CA","06","California","019","Fresno","36.710833","-119.7775"
"11/27/2025","AQS","060192016","3","24.1","ug/m3 LC","79","Fresno-Foundry","1","100.0000","88101","PM2.5 - Local Conditions","170","Met One BAM-1020 Mass Monitor w/VSCC","23420","Fresno, CA","06","California","019","Fresno","36.710833","-119.7775"
"11/28/2025","AQS","060192016","3","27.1","ug/m3 LC","85","Fresno-Foundry","1","100.0000","88101","PM2.5 - Local Conditions","170","Met One BAM-1020 Mass Monitor w/VSCC","23420","Fresno, CA","06","California","019","Fresno","36.710833","-119.7775"
"11/29/2025","AQS","060192016","3","24.7","ug/m3 LC","80","Fresno-Foundry","1","100.0000","88101","PM2.5 - Local Conditions","170","Met One BAM-1020 Mass Monitor w/VSCC","23420","Fresno, CA","06","California","019","Fresno","36.710833","-119.7775"
"11/30/2025","AQS","060192016","3","22.2","ug/m3 LC","75","Fresno-Foundry","1","100.0000","88101","PM2.5 - Local Conditions","170","Met One BAM-1020 Mass Monitor w/VSCC","23420","Fresno, CA","06","California","019","Fresno","36.710833","-119.7775"
"12/01/2025","AQS","060192016","3","23.8","ug/m3 LC","78","Fresno-Foundry","1","100.0000","88101","PM2.5 - Local Conditions","170","Met One BAM-1020 Mass Monitor w/VSCC","23420","Fresno, CA","06","California","019","Fresno","36.710833","-119.7775"
"12/02/2025","AQS","060192016","3","19.4","ug/m3 LC","70","Fresno-Foundry","1","100.0000","88101","PM2.5 - Local Conditions","170","Met One BAM-1020 Mass Monitor w/VSCC","23420","Fresno, CA","06","California","019","Fresno","36.710833","-119.7775"
"12/03/2025","AQS","060192016","3","19.5","ug/m3 LC","70","Fresno-Foundry","1","100.0000","88101","PM2.5 - Local Conditions","170","Met One BAM-1020 Mass Monitor w/VSCC","23420","Fresno, CA","06","California","019","Fresno","36.710833","-119.7775"
"12/04/2025","AQS","060192016","3","17.2","ug/m3 LC","66","Fresno-Foundry","1","100.0000","88101","PM2.5 - Local Conditions","170","Met One BAM-1020 Mass Monitor w/VSCC","23420","Fresno, CA","06","California","019","Fresno","36.710833","-119.7775"
"12/05/2025","AQS","060192016","3","23.1","ug/m3 LC","77","Fresno-Foundry","1","100.0000","88101","PM2.5 - Local Conditions","170","Met One BAM-1020 Mass Monitor w/VSCC","23420","Fresno, CA","06","California","019","Fresno","36.710833","-119.7775"
"12/06/2025","AQS","060192016","3","29.6","ug/m3 LC","89","Fresno-Foundry","1","100.0000","88101","PM2.5 - Local Conditions","170","Met One BAM-1020 Mass Monitor w/VSCC","23420","Fresno, CA","06","California","019","Fresno","36.710833","-119.7775"
"12/07/2025","AQS","060192016","3","33.8","ug/m3 LC","97","Fresno-Foundry","1","100.0000","88101","PM2.5 - Local Conditions","170","Met One BAM-1020 Mass Monitor w/VSCC","23420","Fresno, CA","06","California","019","Fresno","36.710833","-119.7775"
"12/08/2025","AQS","060192016","3","29.3","ug/m3 LC","89","Fresno-Foundry","1","100.0000","88101","PM2.5 - Local Conditions","170","Met One BAM-1020 Mass Monitor w/VSCC","23420","Fresno, CA","06","California","019","Fresno","36.710833","-119.7775"
"12/09/2025","AQS","060192016","3","31.3","ug/m3 LC","92","Fresno-Foundry","1","100.0000","88101","PM2.5 - Local Conditions","170","Met One BAM-1020 Mass Monitor w/VSCC","23420","Fresno, CA","06","California","019","Fresno","36.710833","-119.7775"
"12/10/2025","AQS","060192016","3","24","ug/m3 LC","79","Fresno-Foundry","1","100.0000","88101","PM2.5 - Local Conditions","170","Met One BAM-1020 Mass Monitor w/VSCC","23420","Fresno, CA","06","California","019","Fresno","36.710833","-119.7775"
"12/11/2025","AQS","060192016","3","18.2","ug/m3 LC","68","Fresno-Foundry","1","100.0000","88101","PM2.5 - Local Conditions","170","Met One BAM-1020 Mass Monitor w/VSCC","23420","Fresno, CA","06","California","019","Fresno","36.710833","-119.7775"
"12/12/2025","AQS","060192016","3","14.2","ug/m3 LC","61","Fresno-Foundry","1","100.0000","88101","PM2.5 - Local Conditions","170","Met One BAM-1020 Mass Monitor w/VSCC","23420","Fresno, CA","06","California","019","Fresno","36.710833","-119.7775"
"12/13/2025","AQS","060192016","3","15.6","ug/m3 LC","63","Fresno-Foundry","1","100.0000","88101","PM2.5 - Local Conditions","170","Met One BAM-1020 Mass Monitor w/VSCC","23420","Fresno, CA","06","California","019","Fresno","36.710833","-119.7775"
"12/14/2025","AQS","060192016","3","13.5","ug/m3 LC","59","Fresno-Foundry","1","100.0000","88101","PM2.5 - Local Conditions","170","Met One BAM-1020 Mass Monitor w/VSCC","23420","Fresno, CA","06","California","019","Fresno","36.710833","-119.7775"
"12/15/2025","AQS","060192016","3","11.8","ug/m3 LC","56","Fresno-Foundry","1","100.0000","88101","PM2.5 - Local Conditions","170","Met One BAM-1020 Mass Monitor w/VSCC","23420","Fresno, CA","06","California","019","Fresno","36.710833","-119.7775"
"12/16/2025","AQS","060192016","3","19.5","ug/m3 LC","70","Fresno-Foundry","1","100.0000","88101","PM2.5 - Local Conditions","170","Met One BAM-1020 Mass Monitor w/VSCC","23420","Fresno, CA","06","California","019","Fresno","36.710833","-119.7775"
"12/17/2025","AQS","060192016","3","19","ug/m3 LC","69","Fresno-Foundry","1","100.0000","88101","PM2.5 - Local Conditions","170","Met One BAM-1020 Mass Monitor w/VSCC","23420","Fresno, CA","06","California","019","Fresno","36.710833","-119.7775"
"12/18/2025","AQS","060192016","3","16.2","ug/m3 LC","64","Fresno-Foundry","1","100.0000","88101","PM2.5 - Local Conditions","170","Met One BAM-1020 Mass Monitor w/VSCC","23420","Fresno, CA","06","California","019","Fresno","36.710833","-119.7775"
"12/19/2025","AQS","060192016","3","14.2","ug/m3 LC","61","Fresno-Foundry","1","100.0000","88101","PM2.5 - Local Conditions","170","Met One BAM-1020 Mass Monitor w/VSCC","23420","Fresno, CA","06","California","019","Fresno","36.710833","-119.7775"
"12/20/2025","AQS","060192016","3","18.9","ug/m3 LC","69","Fresno-Foundry","1","100.0000","88101","PM2.5 - Local Conditions","170","Met One BAM-1020 Mass Monitor w/VSCC","23420","Fresno, CA","06","California","019","Fresno","36.710833","-119.7775"
"12/21/2025","AQS","060192016","3","4.7","ug/m3 LC","26","Fresno-Foundry","1","100.0000","88101","PM2.5 - Local Conditions","170","Met One BAM-1020 Mass Monitor w/VSCC","23420","Fresno, CA","06","California","019","Fresno","36.710833","-119.7775"
"12/22/2025","AQS","060192016","3","5.5","ug/m3 LC","31","Fresno-Foundry","1","100.0000","88101","PM2.5 - Local Conditions","170","Met One BAM-1020 Mass Monitor w/VSCC","23420","Fresno, CA","06","California","019","Fresno","36.710833","-119.7775"
"12/23/2025","AQS","060192016","3","11.3","ug/m3 LC","55","Fresno-Foundry","1","100.0000","88101","PM2.5 - Local Conditions","170","Met One BAM-1020 Mass Monitor w/VSCC","23420","Fresno, CA","06","California","019","Fresno","36.710833","-119.7775"
"12/24/2025","AQS","060192016","3","1.4","ug/m3 LC","8","Fresno-Foundry","1","100.0000","88101","PM2.5 - Local Conditions","170","Met One BAM-1020 Mass Monitor w/VSCC","23420","Fresno, CA","06","California","019","Fresno","36.710833","-119.7775"
"12/25/2025","AQS","060192016","3","0.1","ug/m3 LC","1","Fresno-Foundry","1","100.0000","88101","PM2.5 - Local Conditions","170","Met One BAM-1020 Mass Monitor w/VSCC","23420","Fresno, CA","06","California","019","Fresno","36.710833","-119.7775"
"12/26/2025","AQS","060192016","3","1.7","ug/m3 LC","9","Fresno-Foundry","1","100.0000","88101","PM2.5 - Local Conditions","170","Met One BAM-1020 Mass Monitor w/VSCC","23420","Fresno, CA","06","California","019","Fresno","36.710833","-119.7775"
"12/27/2025","AQS","060192016","3","6.2","ug/m3 LC","34","Fresno-Foundry","1","100.0000","88101","PM2.5 - Local Conditions","170","Met One BAM-1020 Mass Monitor w/VSCC","23420","Fresno, CA","06","California","019","Fresno","36.710833","-119.7775"
"12/28/2025","AQS","060192016","3","6.1","ug/m3 LC","34","Fresno-Foundry","1","100.0000","88101","PM2.5 - Local Conditions","170","Met One BAM-1020 Mass Monitor w/VSCC","23420","Fresno, CA","06","California","019","Fresno","36.710833","-119.7775"
"12/29/2025","AQS","060192016","3","10","ug/m3 LC","53","Fresno-Foundry","1","100.0000","88101","PM2.5 - Local Conditions","170","Met One BAM-1020 Mass Monitor w/VSCC","23420","Fresno, CA","06","California","019","Fresno","36.710833","-119.7775"
"12/30/2025","AQS","060192016","3","17.1","ug/m3 LC","66","Fresno-Foundry","1","100.0000","88101","PM2.5 - Local Conditions","170","Met One BAM-1020 Mass Monitor w/VSCC","23420","Fresno, CA","06","California","019","Fresno","36.710833","-119.7775"
"12/31/2025","AQS","060192016","3","22.1","ug/m3 LC","75","Fresno-Foundry","1","100.0000","88101","PM2.5 - Local Conditions","170","Met One BAM-1020 Mass Monitor w/VSCC","23420","Fresno, CA","06","California","019","Fresno","36.710833","-119.7775"
"01/01/2025","AQS","060195001","3","25.6","ug/m3 LC","82","Clovis-Villa","1","100.0000","88101","PM2.5 - Local Conditions","170","Met One BAM-1020 Mass Monitor w/VSCC","23420","Fresno, CA","06","California","019","Fresno","36.819449","-119.716433"
"01/02/2025","AQS","060195001","3","19.8","ug/m3 LC","71","Clovis-Villa","1","100.0000","88101","PM2.5 - Local Conditions","170","Met One BAM-1020 Mass Monitor w/VSCC","23420","Fresno, CA","06","California","019","Fresno","36.819449","-119.716433"
"01/03/2025","AQS","060195001","3","17.3","ug/m3 LC","66","Clovis-Villa","1","100.0000","88101","PM2.5 - Local Conditions","170","Met One BAM-1020 Mass Monitor w/VSCC","23420","Fresno, CA","06","California","019","Fresno","36.819449","-119.716433"
"01/04/2025","AQS","060195001","3","11","ug/m3 LC","55","Clovis-Villa","1","100.0000","88101","PM2.5 - Local Conditions","170","Met One BAM-1020 Mass Monitor w/VSCC","23420","Fresno, CA","06","California","019","Fresno","36.819449","-119.716433"
"01/05/2025","AQS","060195001","3","13.2","ug/m3 LC","59","Clovis-Villa","1","100.0000","88101","PM2.5 - Local Conditions","170","Met One BAM-1020 Mass Monitor w/VSCC","23420","Fresno, CA","06","California","019","Fresno","36.819449","-119.716433"
"01/06/2025","AQS","060195001","3","14","ug/m3 LC","60","Clovis-Villa","1","100.0000","88101","PM2.5 - Local Conditions","170","Met One BAM-1020 Mass Monitor w/VSCC","23420","Fresno, CA","06","California","019","Fresno","36.819449","-119.716433"
"01/07/2025","AQS","060195001","3","17.3","ug/m3 LC","66","Clovis-Villa","1","100.0000","88101","PM2.5 - Local Conditions","170","Met One BAM-1020 Mass Monitor w/VSCC","23420","Fresno, CA","06","California","019","Fresno","36.819449","-119.716433"
"01/08/2025","AQS","060195001","3","19.5","ug/m3 LC","70","Clovis-Villa","1","100.0000","88101","PM2.5 - Local Conditions","170","Met One BAM-1020 Mass Monitor w/VSCC","23420","Fresno, CA","06","California","019","Fresno","36.819449","-119.716433"
"01/09/2025","AQS","060195001","3","15.9","ug/m3 LC","64","Clovis-Villa","1","100.0000","88101","PM2.5 - Local Conditions","170","Met One BAM-1020 Mass Monitor w/VSCC","23420","Fresno, CA","06","California","019","Fresno","36.819449","-119.716433"
"01/10/2025","AQS","060195001","3","14.9","ug/m3 LC","62","Clovis-Villa","1","100.0000","88101","PM2.5 - Local Conditions","170","Met One BAM-1020 Mass Monitor w/VSCC","23420","Fresno, CA","06","California","019","Fresno","36.819449","-119.716433"
"01/11/2025","AQS","060195001","3","17.9","ug/m3 LC","67","Clovis-Villa","1","100.0000","88101","PM2.5 - Local Conditions","170","Met One BAM-1020 Mass Monitor w/VSCC","23420","Fresno, CA","06","California","019","Fresno","36.819449","-119.716433"
"01/12/2025","AQS","060195001","3","19","ug/m3 LC","69","Clovis-Villa","1","100.0000","88101","PM2.5 - Local Conditions","170","Met One BAM-1020 Mass Monitor w/VSCC","23420","Fresno, CA","06","California","019","Fresno","36.819449","-119.716433"
"01/13/2025","AQS","060195001","3","11.7","ug/m3 LC","56","Clovis-Villa","1","100.0000","88101","PM2.5 - Local Conditions","170","Met One BAM-1020 Mass Monitor w/VSCC","23420","Fresno, CA","06","California","019","Fresno","36.819449","-119.716433"
"01/14/2025","AQS","060195001","3","13","ug/m3 LC","58","Clovis-Villa","1","100.0000","88101","PM2.5 - Local Conditions","170","Met One BAM-1020 Mass Monitor w/VSCC","23420","Fresno, CA","06","California","019","Fresno","36.819449","-119.716433"
"01/15/2025","AQS","060195001","3","13.3","ug/m3 LC","59","Clovis-Villa","1","100.0000","88101","PM2.5 - Local Conditions","170","Met One BAM-1020 Mass Monitor w/VSCC","23420","Fresno, CA","06","California","019","Fresno","36.819449","-119.716433"
"01/16/2025","AQS","060195001","3","16.3","ug/m3 LC","64","Clovis-Villa","1","100.0000","88101","PM2.5 - Local Conditions","170","Met One BAM-1020 Mass Monitor w/VSCC","23420","Fresno, CA","06","California","019","Fresno","36.819449","-119.716433"
"01/17/2025","AQS","060195001","3","17.8","ug/m3 LC","67","Clovis-Villa","1","100.0000","88101","PM2.5 - Local Conditions","170","Met One BAM-1020 Mass Monitor w/VSCC","23420","Fresno, CA","06","California","019","Fresno","36.819449","-119.716433"
"01/18/2025","AQS","060195001","3","22.5","ug/m3 LC","76","Clovis-Villa","1","100.0000","88101","PM2.5 - Local Conditions","170","Met One BAM-1020 Mass Monitor w/VSCC","23420","Fresno, CA","06","California","019","Fresno","36.819449","-119.716433"
"01/19/2025","AQS","060195001","3","24.1","ug/m3 LC","79","Clovis-Villa","1","100.0000","88101","PM2.5 - Local Conditions","170","Met One BAM-1020 Mass Monitor w/VSCC","23420","Fresno, CA","06","California","019","Fresno","36.819449","-119.716433"
"01/20/2025","AQS","060195001","3","23.8","ug/m3 LC","78","Clovis-Villa","1","100.0000","88101","PM2.5 - Local Conditions","170","Met One BAM-1020 Mass Monitor w/VSCC","23420","Fresno, CA","06","California","019","Fresno","36.819449","-119.716433"
"01/21/2025","AQS","060195001","3","22","ug/m3 LC","75","Clovis-Villa","1","100.0000","88101","PM2.5 - Local Conditions","170","Met One BAM-1020 Mass Monitor w/VSCC","23420","Fresno, CA","06","California","019","Fresno","36.819449","-119.716433"
"01/22/2025","AQS","060195001","3","21.9","ug/m3 LC","75","Clovis-Villa","1","100.0000","88101","PM2.5 - Local Conditions","170","Met One BAM-1020 Mass Monitor w/VSCC","23420","Fresno, CA","06","California","019","Fresno","36.819449","-119.716433"
"01/23/2025","AQS","060195001","3","23.9","ug/m3 LC","79","Clovis-Villa","1","100.0000","88101","PM2.5 - Local Conditions","170","Met One BAM-1020 Mass Monitor w/VSCC","23420","Fresno, CA","06","California","019","Fresno","36.819449","-119.716433"
"01/24/2025","AQS","060195001","3","19.1","ug/m3 LC","70","Clovis-Villa","1","100.0000","88101","PM2.5 - Local Conditions","170","Met One BAM-1020 Mass Monitor w/VSCC","23420","Fresno, CA","06","California","019","Fresno","36.819449","-119.716433"
"01/25/2025","AQS","060195001","3","15.6","ug/m3 LC","63","Clovis-Villa","1","100.0000","88101","PM2.5 - Local Conditions","170","Met One BAM-1020 Mass Monitor w/VSCC","23420","Fresno, CA","06","California","019","Fresno","36.819449","-119.716433"
"01/26/2025","AQS","060195001","3","7.1","ug/m3 LC","39","Clovis-Villa","1","100.0000","88101","PM2.5 - Local Conditions","170","Met One BAM-1020 Mass Monitor w/VSCC","23420","Fresno, CA","06","California","019","Fresno","36.819449","-119.716433"
"01/27/2025","AQS","060195001","3","10.8","ug/m3 LC","54","Clovis-Villa","1","100.0000","88101","PM2.5 - Local Conditions","170","Met One BAM-1020 Mass Monitor w/VSCC","23420","Fresno, CA","06","California","019","Fresno","36.819449","-119.716433"
"01/28/2025","AQS","060195001","3","11.8","ug/m3 LC","56","Clovis-Villa","1","100.0000","88101","PM2.5 - Local Conditions","170","Met One BAM-1020 Mass Monitor w/VSCC","23420","Fresno, CA","06","California","019","Fresno","36.819449","-119.716433"
"01/29/2025","AQS","060195001","3","13.8","ug/m3 LC","60","Clovis-Villa","1","100.0000","88101","PM2.5 - Local Conditions","170","Met One BAM-1020 Mass Monitor w/VSCC","23420","Fresno, CA","06","California","019","Fresno","36.819449","-119.716433"
"01/30/2025","AQS","060195001","3","19.4","ug/m3 LC","70","Clovis-Villa","1","100.0000","88101","PM2.5 - Local Conditions","170","Met One BAM-1020 Mass Monitor w/VSCC","23420","Fresno, CA","06","California","019","Fresno","36.819449","-119.716433"
"01/31/2025","AQS","060195001","3","21.8","ug/m3 LC","75","Clovis-Villa","1","100.0000","88101","PM2.5 - Local Conditions","170","Met One BAM-1020 Mass Monitor w/VSCC","23420","Fresno, CA","06","California","019","Fresno","36.819449","-119.716433"
"02/01/2025","AQS","060195001","3","22.8","ug/m3 LC","77","Clovis-Villa","1","100.0000","88101","PM2.5 - Local Conditions","170","Met One BAM-1020 Mass Monitor w/VSCC","23420","Fresno, CA","06","California","019","Fresno","36.819449","-119.716433"
"02/02/2025","AQS","060195001","3","8.8","ug/m3 LC","49","Clovis-Villa","1","100.0000","88101","PM2.5 - Local Conditions","170","Met One BAM-1020 Mass Monitor w/VSCC","23420","Fresno, CA","06","California","019","Fresno","36.819449","-119.716433"
"02/03/2025","AQS","060195001","3","8.4","ug/m3 LC","47","Clovis-Villa","1","100.0000","88101","PM2.5 - Local Conditions","170","Met One BAM-1020 Mass Monitor w/VSCC","23420","Fresno, CA","06","California","019","Fresno","36.819449","-119.716433"
"02/04/2025","AQS","060195001","3","3.9","ug/m3 LC","22","Clovis-Villa","1","100.0000","88101","PM2.5 - Local Conditions","170","Met One BAM-1020 Mass Monitor w/VSCC","23420","Fresno, CA","06","California","019","Fresno","36.819449","-119.716433"
"02/05/2025","AQS","060195001","3","5.1","ug/m3 LC","28","Clovis-Villa","1","100.0000","88101","PM2.5 - Local Conditions","170","Met One BAM-1020 Mass Monitor w/VSCC","23420","Fresno, CA","06","California","019","Fresno","36.819449","-119.716433"
"02/06/2025","AQS","060195001","3","6","ug/m3 LC","33","Clovis-Villa","1","100.0000","88101","PM2.5 - Local Conditions","170","Met One BAM-1020 Mass Monitor w/VSCC","23420","Fresno, CA","06","California","019","Fresno","36.819449","-119.716433"
"02/07/2025","AQS","060195001","3","4.2","ug/m3 LC","23","Clovis-Villa","1","100.0000","88101","PM2.5 - Local Conditions","170","Met One BAM-1020 Mass Monitor w/VSCC","23420","Fresno, CA","06","California","019","Fresno","36.819449","-119.716433"
"02/08/2025","AQS","060195001","3","8","ug/m3 LC","44","Clovis-Villa","1","100.0000","88101","PM2.5 - Local Conditions","170","Met One BAM-1020 Mass Monitor w/VSCC","23420","Fresno, CA","06","California","019","Fresno","36.819449","-119.716433"
"02/09/2025","AQS","060195001","3","6.3","ug/m3 LC","35","Clovis-Villa","1","100.0000","88101","PM2.5 - Local Conditions","170","Met One BAM-1020 Mass Monitor w/VSCC","23420","Fresno, CA","06","California","019","Fresno","36.819449","-119.716433"
"02/10/2025","AQS","060195001","3","10.5","ug/m3 LC","54","Clovis-Villa","1","100.0000","88101","PM2.5 - Local Conditions","170","Met One BAM-1020 Mass Monitor w/VSCC","23420","Fresno, CA","06","California","019","Fresno","36.819449","-119.716433"
"02/11/2025","AQS","060195001","3","7.9","ug/m3 LC","44","Clovis-Villa","1","100.0000","88101","PM2.5 - Local Conditions","170","Met One BAM-1020 Mass Monitor w/VSCC","23420","Fresno, CA","06","California","019","Fresno","36.819449","-119.716433"
"02/12/2025","AQS","060195001","3","7.5","ug/m3 LC","42","Clovis-Villa","1","100.0000","88101","PM2.5 - Local Conditions","170","Met One BAM-1020 Mass Monitor w/VSCC","23420","Fresno, CA","06","California","019","Fresno","36.819449","-119.716433"
"02/13/2025","AQS","060195001","3","4.7","ug/m3 LC","26","Clovis-Villa","1","100.0000","88101","PM2.5 - Local Conditions","170","Met One BAM-1020 Mass Monitor w/VSCC","23420","Fresno, CA","06","California","019","Fresno","36.819449","-119.716433"
"02/14/2025","AQS","060195001","3","5","ug/m3 LC","28","Clovis-Villa","1","100.0000","88101","PM2.5 - Local Conditions","170","Met One BAM-1020 Mass Monitor w/VSCC","23420","Fresno, CA","06","California","019","Fresno","36.819449","-119.716433"
"02/15/2025","AQS","060195001","3","9.3","ug/m3 LC","51","Clovis-Villa","1","100.0000","88101","PM2.5 - Local Conditions","170","Met One BAM-1020 Mass Monitor w/VSCC","23420","Fresno, CA","06","California","019","Fresno","36.819449","-119.716433"
"02/16/2025","AQS","060195001","3","8.1","ug/m3 LC","45","Clovis-Villa","1","100.0000","88101","PM2.5 - Local Conditions","170","Met One BAM-1020 Mass Monitor w/VSCC","23420","Fresno, CA","06","California","019","Fresno","36.819449","-119.716433"
"02/17/2025","AQS","060195001","3","6","ug/m3 LC","33","Clovis-Villa","1","100.0000","88101","PM2.5 - Local Conditions","170","Met One BAM-1020 Mass Monitor w/VSCC","23420","Fresno, CA","06","California","019","Fresno","36.819449","-119.716433"
"02/18/2025","AQS","060195001","3","8","ug/m3 LC","44","Clovis-Villa","1","100.0000","88101","PM2.5 - Local Conditions","170","Met One BAM-1020 Mass Monitor w/VSCC","23420","Fresno, CA","06","California","019","Fresno","36.819449","-119.716433"
"02/19/2025","AQS","060195001","3","12.1","ug/m3 LC","57","Clovis-Villa","1","100.0000","88101","PM2.5 - Local Conditions","170","Met One BAM-1020 Mass Monitor w/VSCC","23420","Fresno, CA","06","California","019","Fresno","36.819449","-119.716433"
"02/20/2025","AQS","060195001","3","11.5","ug/m3 LC","55","Clovis-Villa","1","100.0000","88101","PM2.5 - Local Conditions","170","Met One BAM-1020 Mass Monitor w/VSCC","23420","Fresno, CA","06","California","019","Fresno","36.819449","-119.716433"
"02/21/2025","AQS","060195001","3","10.6","ug/m3 LC","54","Clovis-Villa","1","100.0000","88101","PM2.5 - Local Conditions","170","Met One BAM-1020 Mass Monitor w/VSCC","23420","Fresno, CA","06","California","019","Fresno","36.819449","-119.716433"
"02/22/2025","AQS","060195001","3","12","ug/m3 LC","56","Clovis-Villa","1","100.0000","88101","PM2.5 - Local Conditions","170","Met One BAM-1020 Mass Monitor w/VSCC","23420","Fresno, CA","06","California","019","Fresno","36.819449","-119.716433"
"02/23/2025","AQS","060195001","3","12.4","ug/m3 LC","57","Clovis-Villa","1","100.0000","88101","PM2.5 - Local Conditions","170","Met One BAM-1020 Mass Monitor w/VSCC","23420","Fresno, CA","06","California","019","Fresno","36.819449","-119.716433"
"02/24/2025","AQS","060195001","3","10.4","ug/m3 LC","53","Clovis-Villa","1","100.0000","88101","PM2.5 - Local Conditions","170","Met One BAM-1020 Mass Monitor w/VSCC","23420","Fresno, CA","06","California","019","Fresno","36.819449","-119.716433"
"02/25/2025","AQS","060195001","3","10.7","ug/m3 LC","54","Clovis-Villa","1","100.0000","88101","PM2.5 - Local Conditions","170","Met One BAM-1020 Mass Monitor w/VSCC","23420","Fresno, CA","06","California","019","Fresno","36.819449","-119.716433"
"02/26/2025","AQS","060195001","3","15.8","ug/m3 LC","63","Clovis-Villa","1","100.0000","88101","PM2.5 - Local Conditions","170","Met One BAM-1020 Mass Monitor w/VSCC","23420","Fresno, CA","06","California","019","Fresno","36.819449","-119.716433"
"02/27/2025","AQS","060195001","3","12.4","ug/m3 LC","57","Clovis-Villa","1","100.0000","88101","PM2.5 - Local Conditions","170","Met One BAM-1020 Mass Monitor w/VSCC","23420","Fresno, CA","06","California","019","Fresno","36.819449","-119.716433"
"02/28/2025","AQS","060195001","3","8.7","ug/m3 LC","48","Clovis-Villa","1","100.0000","88101","PM2.5 - Local Conditions","170","Met One BAM-1020 Mass Monitor w/VSCC","23420","Fresno, CA","06","California","019","Fresno","36.819449","-119.716433"
"03/01/2025","AQS","060195001","3","10.7","ug/m3 LC","54","Clovis-Villa","1","100.0000","88101","PM2.5 - Local Conditions","170","Met One BAM-1020 Mass Monitor w/VSCC","23420","Fresno, CA","06","California","019","Fresno","36.819449","-119.716433"
"03/02/2025","AQS","060195001","3","5","ug/m3 LC","28","Clovis-Villa","1","100.0000","88101","PM2.5 - Local Conditions","170","Met One BAM-1020 Mass Monitor w/VSCC","23420","Fresno, CA","06","California","019","Fresno","36.819449","-119.716433"
"03/03/2025","AQS","060195001","3","4","ug/m3 LC","22","Clovis-Villa","1","100.0000","88101","PM2.5 - Local Conditions","170","Met One BAM-1020 Mass Monitor w/VSCC","23420","Fresno, CA","06","California","019","Fresno","36.819449","-119.716433"
"03/04/2025","AQS","060195001","3","5.6","ug/m3 LC","31","Clovis-Villa","1","100.0000","88101","PM2.5 - Local Conditions","170","Met One BAM-1020 Mass Monitor w/VSCC","23420","Fresno, CA","06","California","019","Fresno","36.819449","-119.716433"
"03/05/2025","AQS","060195001","3","5.7","ug/m3 LC","32","Clovis-Villa","1","100.0000","88101","PM2.5 - Local Conditions","170","Met One BAM-1020 Mass Monitor w/VSCC","23420","Fresno, CA","06","California","019","Fresno","36.819449","-119.716433"
"03/06/2025","AQS","060195001","3","4.4","ug/m3 LC","24","Clovis-Villa","1","100.0000","88101","PM2.5 - Local Conditions","170","Met One BAM-1020 Mass Monitor w/VSCC","23420","Fresno, CA","06","California","019","Fresno","36.819449","-119.716433"
"03/07/2025","AQS","060195001","3","9.3","ug/m3 LC","51","Clovis-Villa","1","100.0000","88101","PM2.5 - Local Conditions","170","Met One BAM-1020 Mass Monitor w/VSCC","23420","Fresno, CA","06","California","019","Fresno","36.819449","-119.716433"
"03/08/2025","AQS","060195001","3","9.3","ug/m3 LC","51","Clovis-Villa","1","100.0000","88101","PM2.5 - Local Conditions","170","Met One BAM-1020 Mass Monitor w/VSCC","23420","Fresno, CA","06","California","019","Fresno","36.819449","-119.716433"
"03/09/2025","AQS","060195001","3","6.8","ug/m3 LC","38","Clovis-Villa","1","100.0000","88101","PM2.5 - Local Conditions","170","Met One BAM-1020 Mass Monitor w/VSCC","23420","Fresno, CA","06","California","019","Fresno","36.819449","-119.716433"
"03/10/2025","AQS","060195001","3","8.6","ug/m3 LC","48","Clovis-Villa","1","100.0000","88101","PM2.5 - Local Conditions","170","Met One BAM-1020 Mass Monitor w/VSCC","23420","Fresno, CA","06","California","019","Fresno","36.819449","-119.716433"
"03/11/2025","AQS","060195001","3","10.3","ug/m3 LC","53","Clovis-Villa","1","100.0000","88101","PM2.5 - Local Conditions","170","Met One BAM-1020 Mass Monitor w/VSCC","23420","Fresno, CA","06","California","019","Fresno","36.819449","-119.716433"
"03/12/2025","AQS","060195001","3","6.6","ug/m3 LC","37","Clovis-Villa","1","100.0000","88101","PM2.5 - Local Conditions","170","Met One BAM-1020 Mass Monitor w/VSCC","23420","Fresno, CA","06","California","019","Fresno","36.819449","-119.716433"
"03/13/2025","AQS","060195001","3","4.1","ug/m3 LC","23","Clovis-Villa","1","100.0000","88101","PM2.5 - Local Conditions","170","Met One BAM-1020 Mass Monitor w/VSCC","23420","Fresno, CA","06","California","019","Fresno","36.819449","-119.716433"
"03/14/2025","AQS","060195001","3","6.1","ug/m3 LC","34","Clovis-Villa","1","100.0000","88101","PM2.5 - Local Conditions","170","Met One BAM-1020 Mass Monitor w/VSCC","23420","Fresno, CA","06","California","019","Fresno","36.819449","-119.716433"
"03/15/2025","AQS","060195001","3","9","ug/m3 LC","50","Clovis-Villa","1","100.0000","88101","PM2.5 - Local Conditions","170","Met One BAM-1020 Mass Monitor w/VSCC","23420","Fresno, CA","06","California","019","Fresno","36.819449","-119.716433"
"03/16/2025","AQS","060195001","3","9.5","ug/m3 LC","52","Clovis-Villa","1","100.0000","88101","PM2.5 - Local Conditions","170","Met One BAM-1020 Mass Monitor w/VSCC","23420","Fresno, CA","06","California","019","Fresno","36.819449","-119.716433"
"03/17/2025","AQS","060195001","3","5.9","ug/m3 LC","33","Clovis-Villa","1","100.0000","88101","PM2.5 - Local Conditions","170","Met One BAM-1020 Mass Monitor w/VSCC","23420","Fresno, CA","06","California","019","Fresno","36.819449","-119.716433"
"03/18/2025","AQS","060195001","3","3.3","ug/m3 LC","18","Clovis-Villa","1","100.0000","88101","PM2.5 - Local Conditions","170","Met One BAM-1020 Mass Monitor w/VSCC","23420","Fresno, CA","06","California","019","Fresno","36.819449","-119.716433"
"03/19/2025","AQS","060195001","3","7.9","ug/m3 LC","44","Clovis-Villa","1","100.0000","88101","PM2.5 - Local Conditions","170","Met One BAM-1020 Mass Monitor w/VSCC","23420","Fresno, CA","06","California","019","Fresno","36.819449","-119.716433"
"03/20/2025","AQS","060195001","3","4.8","ug/m3 LC","27","Clovis-Villa","1","100.0000","88101","PM2.5 - Local Conditions","170","Met One BAM-1020 Mass Monitor w/VSCC","23420","Fresno, CA","06","California","019","Fresno","36.819449","-119.716433"
"03/21/2025","AQS","060195001","3","6.8","ug/m3 LC","38","Clovis-Villa","1","100.0000","88101","PM2.5 - Local Conditions","170","Met One BAM-1020 Mass Monitor w/VSCC","23420","Fresno, CA","06","California","019","Fresno","36.819449","-119.716433"
"03/22/2025","AQS","060195001","3","6.1","ug/m3 LC","34","Clovis-Villa","1","100.0000","88101","PM2.5 - Local Conditions","170","Met One BAM-1020 Mass Monitor w/VSCC","23420","Fresno, CA","06","California","019","Fresno","36.819449","-119.716433"
"03/23/2025","AQS","060195001","3","8.2","ug/m3 LC","46","Clovis-Villa","1","100.0000","88101","PM2.5 - Local Conditions","170","Met One BAM-1020 Mass Monitor w/VSCC","23420","Fresno, CA","06","California","019","Fresno","36.819449","-119.716433"
"03/24/2025","AQS","060195001","3","10.3","ug/m3 LC","53","Clovis-Villa","1","100.0000","88101","PM2.5 - Local Conditions","170","Met One BAM-1020 Mass Monitor w/VSCC","23420","Fresno, CA","06","California","019","Fresno","36.819449","-119.716433"
"03/25/2025","AQS","060195001","3","11.1","ug/m3 LC","55","Clovis-Villa","1","100.0000","88101","PM2.5 - Local Conditions","170","Met One BAM-1020 Mass Monitor w/VSCC","23420","Fresno, CA","06","California","019","Fresno","36.819449","-119.716433"
"03/26/2025","AQS","060195001","3","9.8","ug/m3 LC","52","Clovis-Villa","1","100.0000","88101","PM2.5 - Local Conditions","170","Met One BAM-1020 Mass Monitor w/VSCC","23420","Fresno, CA","06","California","019","Fresno","36.819449","-119.716433"
"03/27/2025","AQS","060195001","3","7","ug/m3 LC","39","Clovis-Villa","1","100.0000","88101","PM2.5 - Local Conditions","170","Met One BAM-1020 Mass Monitor w/VSCC","23420","Fresno, CA","06","California","019","Fresno","36.819449","-119.716433"
"04/02/2025","AQS","060195001","3","0.5","ug/m3 LC","3","Clovis-Villa","1","100.0000","88101","PM2.5 - Local Conditions","170","Met One BAM-1020 Mass Monitor w/VSCC","23420","Fresno, CA","06","California","019","Fresno","36.819449","-119.716433"
"04/03/2025","AQS","060195001","3","2.7","ug/m3 LC","15","Clovis-Villa","1","100.0000","88101","PM2.5 - Local Conditions","170","Met One BAM-1020 Mass Monitor w/VSCC","23420","Fresno, CA","06","California","019","Fresno","36.819449","-119.716433"
"04/04/2025","AQS","060195001","3","3.9","ug/m3 LC","22","Clovis-Villa","1","100.0000","88101","PM2.5 - Local Conditions","170","Met One BAM-1020 Mass Monitor w/VSCC","23420","Fresno, CA","06","California","019","Fresno","36.819449","-119.716433"
"04/05/2025","AQS","060195001","3","5.6","ug/m3 LC","31","Clovis-Villa","1","100.0000","88101","PM2.5 - Local Conditions","170","Met One BAM-1020 Mass Monitor w/VSCC","23420","Fresno, CA","06","California","019","Fresno","36.819449","-119.716433"
"04/06/2025","AQS","060195001","3","4.7","ug/m3 LC","26","Clovis-Villa","1","100.0000","88101","PM2.5 - Local Conditions","170","Met One BAM-1020 Mass Monitor w/VSCC","23420","Fresno, CA","06","California","019","Fresno","36.819449","-119.716433"
"04/07/2025","AQS","060195001","3","3.7","ug/m3 LC","21","Clovis-Villa","1","100.0000","88101","PM2.5 - Local Conditions","170","Met One BAM-1020 Mass Monitor w/VSCC","23420","Fresno, CA","06","California","019","Fresno","36.819449","-119.716433"
"04/08/2025","AQS","060195001","3","0.5","ug/m3 LC","3","Clovis-Villa","1","100.0000","88101","PM2.5 - Local Conditions","170","Met One BAM-1020 Mass Monitor w/VSCC","23420","Fresno, CA","06","California","019","Fresno","36.819449","-119.716433"
"04/09/2025","AQS","060195001","3","4.4","ug/m3 LC","24","Clovis-Villa","1","100.0000","88101","PM2.5 - Local Conditions","170","Met One BAM-1020 Mass Monitor w/VSCC","23420","Fresno, CA","06","California","019","Fresno","36.819449","-119.716433"
"04/10/2025","AQS","060195001","3","7.6","ug/m3 LC","42","Clovis-Villa","1","100.0000","88101","PM2.5 - Local Conditions","170","Met One BAM-1020 Mass Monitor w/VSCC","23420","Fresno, CA","06","California","019","Fresno","36.819449","-119.716433"
"04/11/2025","AQS","060195001","3","5.1","ug/m3 LC","28","Clovis-Villa","1","100.0000","88101","PM2.5 - Local Conditions","170","Met One BAM-1020 Mass Monitor w/VSCC","23420","Fresno, CA","06","California","019","Fresno","36.819449","-119.716433"
"04/12/2025","AQS","060195001","3","4.1","ug/m3 LC","23","Clovis-Villa","1","100.0000","88101","PM2.5 - Local Conditions","170","Met One BAM-1020 Mass Monitor w/VSCC","23420","Fresno, CA","06","California","019","Fresno","36.819449","-119.716433"
"04/13/2025","AQS","060195001","3","5.4","ug/m3 LC","30","Clovis-Villa","1","100.0000","88101","PM2.5 - Local Conditions","170","Met One BAM-1020 Mass Monitor w/VSCC","23420","Fresno, CA","06","California","019","Fresno","36.819449","-119.716433"
"04/14/2025","AQS","060195001","3","7.8","ug/m3 LC","43","Clovis-Villa","1","100.0000","88101","PM2.5 - Local Conditions","170","Met One BAM-1020 Mass Monitor w/VSCC","23420","Fresno, CA","06","California","019","Fresno","36.819449","-119.716433"
"04/15/2025","AQS","060195001","3","9.6","ug/m3 LC","52","Clovis-Villa","1","100.0000","88101","PM2.5 - Local Conditions","170","Met One BAM-1020 Mass Monitor w/VSCC","23420","Fresno, CA","06","California","019","Fresno","36.819449","-119.716433"
"04/16/2025","AQS","060195001","3","8.8","ug/m3 LC","49","Clovis-Villa","1","100.0000","88101","PM2.5 - Local Conditions","170","Met One BAM-1020 Mass Monitor w/VSCC","23420","Fresno, CA","06","California","019","Fresno","36.819449","-119.716433"
"04/17/2025","AQS","060195001","3","6.5","ug/m3 LC","36","Clovis-Villa","1","100.0000","88101","PM2.5 - Local Conditions","170","Met One BAM-1020 Mass Monitor w/VSCC","23420","Fresno, CA","06","California","019","Fresno","36.819449","-119.716433"
"04/18/2025","AQS","060195001","3","6.2","ug/m3 LC","34","Clovis-Villa","1","100.0000","88101","PM2.5 - Local Conditions","170","Met One BAM-1020 Mass Monitor w/VSCC","23420","Fresno, CA","06","California","019","Fresno","36.819449","-119.716433"
"04/19/2025","AQS","060195001","3","8.1","ug/m3 LC","45","Clovis-Villa","1","100.0000","88101","PM2.5 - Local Conditions","170","Met One BAM-1020 Mass Monitor w/VSCC","23420","Fresno, CA","06","California","019","Fresno","36.819449","-119.716433"
"04/20/2025","AQS","060195001","3","8.4","ug/m3 LC","47","Clovis-Villa","1","100.0000","88101","PM2.5 - Local Conditions","170","Met One BAM-1020 Mass Monitor w/VSCC","23420","Fresno, CA","06","California","019","Fresno","36.819449","-119.716433"
"04/21/2025","AQS","060195001","3","6.7","ug/m3 LC","37","Clovis-Villa","1","100.0000","88101","PM2.5 - Local Conditions","170","Met One BAM-1020 Mass Monitor w/VSCC","23420","Fresno, CA","06","California","019","Fresno","36.819449","-119.716433"
"04/22/2025","AQS","060195001","3","5.9","ug/m3 LC","33","Clovis-Villa","1","100.0000","88101","PM2.5 - Local Conditions","170","Met One BAM-1020 Mass Monitor w/VSCC","23420","Fresno, CA","06","California","019","Fresno","36.819449","-119.716433"
"04/23/2025","AQS","060195001","3","6.5","ug/m3 LC","36","Clovis-Villa","1","100.0000","88101","PM2.5 - Local Conditions","170","Met One BAM-1020 Mass Monitor w/VSCC","23420","Fresno, CA","06","California","019","Fresno","36.819449","-119.716433"
"04/24/2025","AQS","060195001","3","9","ug/m3 LC","50","Clovis-Villa","1","100.0000","88101","PM2.5 - Local Conditions","170","Met One BAM-1020 Mass Monitor w/VSCC","23420","Fresno, CA","06","California","019","Fresno","36.819449","-119.716433"
"04/25/2025","AQS","060195001","3","4.1","ug/m3 LC","23","Clovis-Villa","1","100.0000","88101","PM2.5 - Local Conditions","170","Met One BAM-1020 Mass Monitor w/VSCC","23420","Fresno, CA","06","California","019","Fresno","36.819449","-119.716433"
"04/26/2025","AQS","060195001","3","2","ug/m3 LC","11","Clovis-Villa","1","100.0000","88101","PM2.5 - Local Conditions","170","Met One BAM-1020 Mass Monitor w/VSCC","23420","Fresno, CA","06","California","019","Fresno","36.819449","-119.716433"
"04/27/2025","AQS","060195001","3","3.2","ug/m3 LC","18","Clovis-Villa","1","100.0000","88101","PM2.5 - Local Conditions","170","Met One BAM-1020 Mass Monitor w/VSCC","23420","Fresno, CA","06","California","019","Fresno","36.819449","-119.716433"
"04/28/2025","AQS","060195001","3","5.1","ug/m3 LC","28","Clovis-Villa","1","100.0000","88101","PM2.5 - Local Conditions","170","Met One BAM-1020 Mass Monitor w/VSCC","23420","Fresno, CA","06","California","019","Fresno","36.819449","-119.716433"
"04/29/2025","AQS","060195001","3","8.5","ug/m3 LC","47","Clovis-Villa","1","100.0000","88101","PM2.5 - Local Conditions","170","Met One BAM-1020 Mass Monitor w/VSCC","23420","Fresno, CA","06","California","019","Fresno","36.819449","-119.716433"
"04/30/2025","AQS","060195001","3","9.5","ug/m3 LC","52","Clovis-Villa","1","100.0000","88101","PM2.5 - Local Conditions","170","Met One BAM-1020 Mass Monitor w/VSCC","23420","Fresno, CA","06","California","019","Fresno","36.819449","-119.716433"
"05/01/2025","AQS","060195001","3","11.2","ug/m3 LC","55","Clovis-Villa","1","100.0000","88101","PM2.5 - Local Conditions","170","Met One BAM-1020 Mass Monitor w/VSCC","23420","Fresno, CA","06","California","019","Fresno","36.819449","-119.716433"
"05/02/2025","AQS","060195001","3","9.1","ug/m3 LC","51","Clovis-Villa","1","100.0000","88101","PM2.5 - Local Conditions","170","Met One BAM-1020 Mass Monitor w/VSCC","23420","Fresno, CA","06","California","019","Fresno","36.819449","-119.716433"
"05/03/2025","AQS","060195001","3","3.8","ug/m3 LC","21","Clovis-Villa","1","100.0000","88101","PM2.5 - Local Conditions","170","Met One BAM-1020 Mass Monitor w/VSCC","23420","Fresno, CA","06","California","019","Fresno","36.819449","-119.716433"
"05/04/2025","AQS","060195001","3","8.1","ug/m3 LC","45","Clovis-Villa","1","100.0000","88101","PM2.5 - Local Conditions","170","Met One BAM-1020 Mass Monitor w/VSCC","23420","Fresno, CA","06","California","019","Fresno","36.819449","-119.716433"
"05/05/2025","AQS","060195001","3","10.5","ug/m3 LC","54","Clovis-Villa","1","100.0000","88101","PM2.5 - Local Conditions","170","Met One BAM-1020 Mass Monitor w/VSCC","23420","Fresno, CA","06","California","019","Fresno","36.819449","-119.716433"
"05/06/2025","AQS","060195001","3","9.1","ug/m3 LC","51","Clovis-Villa","1","100.0000","88101","PM2.5 - Local Conditions","170","Met One BAM-1020 Mass Monitor w/VSCC","23420","Fresno, CA","06","California","019","Fresno","36.819449","-119.716433"
"05/07/2025","AQS","060195001","3","10.2","ug/m3 LC","53","Clovis-Villa","1","100.0000","88101","PM2.5 - Local Conditions","170","Met One BAM-1020 Mass Monitor w/VSCC","23420","Fresno, CA","06","California","019","Fresno","36.819449","-119.716433"
"05/08/2025","AQS","060195001","3","9.2","ug/m3 LC","51","Clovis-Villa","1","100.0000","88101","PM2.5 - Local Conditions","170","Met One BAM-1020 Mass Monitor w/VSCC","23420","Fresno, CA","06","California","019","Fresno","36.819449","-119.716433"
"05/09/2025","AQS","060195001","3","12.5","ug/m3 LC","57","Clovis-Villa","1","100.0000","88101","PM2.5 - Local Conditions","170","Met One BAM-1020 Mass Monitor w/VSCC","23420","Fresno, CA","06","California","019","Fresno","36.819449","-119.716433"
"05/10/2025","AQS","060195001","3","9.8","ug/m3 LC","52","Clovis-Villa","1","100.0000","88101","PM2.5 - Local Conditions","170","Met One BAM-1020 Mass Monitor w/VSCC","23420","Fresno, CA","06","California","019","Fresno","36.819449","-119.716433"
"05/11/2025","AQS","060195001","3","2.1","ug/m3 LC","12","Clovis-Villa","1","100.0000","88101","PM2.5 - Local Conditions","170","Met One BAM-1020 Mass Monitor w/VSCC","23420","Fresno, CA","06","California","019","Fresno","36.819449","-119.716433"
"05/12/2025","AQS","060195001","3","-0.2","ug/m3 LC","0","Clovis-Villa","1","100.0000","88101","PM2.5 - Local Conditions","170","Met One BAM-1020 Mass Monitor w/VSCC","23420","Fresno, CA","06","California","019","Fresno","36.819449","-119.716433"
"05/13/2025","AQS","060195001","3","0.6","ug/m3 LC","3","Clovis-Villa","1","100.0000","88101","PM2.5 - Local Conditions","170","Met One BAM-1020 Mass Monitor w/VSCC","23420","Fresno, CA","06","California","019","Fresno","36.819449","-119.716433"
"05/14/2025","AQS","060195001","3","3.9","ug/m3 LC","22","Clovis-Villa","1","100.0000","88101","PM2.5 - Local Conditions","170","Met One BAM-1020 Mass Monitor w/VSCC","23420","Fresno, CA","06","California","019","Fresno","36.819449","-119.716433"
"05/15/2025","AQS","060195001","3","4.2","ug/m3 LC","23","Clovis-Villa","1","100.0000","88101","PM2.5 - Local Conditions","170","Met One BAM-1020 Mass Monitor w/VSCC","23420","Fresno, CA","06","California","019","Fresno","36.819449","-119.716433"
"05/16/2025","AQS","060195001","3","5.1","ug/m3 LC","28","Clovis-Villa","1","100.0000","88101","PM2.5 - Local Conditions","170","Met One BAM-1020 Mass Monitor w/VSCC","23420","Fresno, CA","06","California","019","Fresno","36.819449","-119.716433"
"05/17/2025","AQS","060195001","3","4.5","ug/m3 LC","25","Clovis-Villa","1","100.0000","88101","PM2.5 - Local Conditions","170","Met One BAM-1020 Mass Monitor w/VSCC","23420","Fresno, CA","06","California","019","Fresno","36.819449","-119.716433"
"05/18/2025","AQS","060195001","3","3.2","ug/m3 LC","18","Clovis-Villa","1","100.0000","88101","PM2.5 - Local Conditions","170","Met One BAM-1020 Mass Monitor w/VSCC","23420","Fresno, CA","06","California","019","Fresno","36.819449","-119.716433"
"05/19/2025","AQS","060195001","3","5.4","ug/m3 LC","30","Clovis-Villa","1","100.0000","88101","PM2.5 - Local Conditions","170","Met One BAM-1020 Mass Monitor w/VSCC","23420","Fresno, CA","06","California","019","Fresno","36.819449","-119.716433"
"05/20/2025","AQS","060195001","3","2.9","ug/m3 LC","16","Clovis-Villa","1","100.0000","88101","PM2.5 - Local Conditions","170","Met One BAM-1020 Mass Monitor w/VSCC","23420","Fresno, CA","06","California","019","Fresno","36.819449","-119.716433"
"05/21/2025","AQS","060195001","3","4.8","ug/m3 LC","27","Clovis-Villa","1","100.0000","88101","PM2.5 - Local Conditions","170","Met One BAM-1020 Mass Monitor w/VSCC","23420","Fresno, CA","06","California","019","Fresno","36.819449","-119.716433"
"05/22/2025","AQS","060195001","3","3.9","ug/m3 LC","22","Clovis-Villa","1","100.0000","88101","PM2.5 - Local Conditions","170","Met One BAM-1020 Mass Monitor w/VSCC","23420","Fresno, CA","06","California","019","Fresno","36.819449","-119.716433"
"05/23/2025","AQS","060195001","3","1.8","ug/m3 LC","10","Clovis-Villa","1","100.0000","88101","PM2.5 - Local Conditions","170","Met One BAM-1020 Mass Monitor w/VSCC","23420","Fresno, CA","06","California","019","Fresno","36.819449","-119.716433"
"05/24/2025","AQS","060195001","3","5.2","ug/m3 LC","29","Clovis-Villa","1","100.0000","88101","PM2.5 - Local Conditions","170","Met One BAM-1020 Mass Monitor w/VSCC","23420","Fresno, CA","06","California","019","Fresno","36.819449","-119.716433"
"05/25/2025","AQS","060195001","3","4.8","ug/m3 LC","27","Clovis-Villa","1","100.0000","88101","PM2.5 - Local Conditions","170","Met One BAM-1020 Mass Monitor w/VSCC","23420","Fresno, CA","06","California","019","Fresno","36.819449","-119.716433"
"05/26/2025","AQS","060195001","3","1.7","ug/m3 LC","9","Clovis-Villa","1","100.0000","88101","PM2.5 - Local Conditions","170","Met One BAM-1020 Mass Monitor w/VSCC","23420","Fresno, CA","06","California","019","Fresno","36.819449","-119.716433"
"05/27/2025","AQS","060195001","3","4.5","ug/m3 LC","25","Clovis-Villa","1","100.0000","88101","PM2.5 - Local Conditions","170","Met One BAM-1020 Mass Monitor w/VSCC","23420","Fresno, CA","06","California","019","Fresno","36.819449","-119.716433"
"05/28/2025","AQS","060195001","3","6.1","ug/m3 LC","34","Clovis-Villa","1","100.0000","88101","PM2.5 - Local Conditions","170","Met One BAM-1020 Mass Monitor w/VSCC","23420","Fresno, CA","06","California","019","Fresno","36.819449","-119.716433"
"05/29/2025","AQS","060195001","3","6","ug/m3 LC","33","Clovis-Villa","1","100.0000","88101","PM2.5 - Local Conditions","170","Met One BAM-1020 Mass Monitor w/VSCC","23420","Fresno, CA","06","California","019","Fresno","36.819449","-119.716433"
"05/30/2025","AQS","060195001","3","11.9","ug/m3 LC","56","Clovis-Villa","1","100.0000","88101","PM2.5 - Local Conditions","170","Met One BAM-1020 Mass Monitor w/VSCC","23420","Fresno, CA","06","California","019","Fresno","36.819449","-119.716433"
"05/31/2025","AQS","060195001","3","15.9","ug/m3 LC","64","Clovis-Villa","1","100.0000","88101","PM2.5 - Local Conditions","170","Met One BAM-1020 Mass Monitor w/VSCC","23420","Fresno, CA","06","California","019","Fresno","36.819449","-119.716433"
"06/01/2025","AQS","060195001","3","5.8","ug/m3 LC","32","Clovis-Villa","1","100.0000","88101","PM2.5 - Local Conditions","170","Met One BAM-1020 Mass Monitor w/VSCC","23420","Fresno, CA","06","California","019","Fresno","36.819449","-119.716433"
"06/02/2025","AQS","060195001","3","8.9","ug/m3 LC","49","Clovis-Villa","1","100.0000","88101","PM2.5 - Local Conditions","170","Met One BAM-1020 Mass Monitor w/VSCC","23420","Fresno, CA","06","California","019","Fresno","36.819449","-119.716433"
"06/03/2025","AQS","060195001","3","6.8","ug/m3 LC","38","Clovis-Villa","1","100.0000","88101","PM2.5 - Local Conditions","170","Met One BAM-1020 Mass Monitor w/VSCC","23420","Fresno, CA","06","California","019","Fresno","36.819449","-119.716433"
"06/04/2025","AQS","060195001","3","8.9","ug/m3 LC","49","Clovis-Villa","1","100.0000","88101","PM2.5 - Local Conditions","170","Met One BAM-1020 Mass Monitor w/VSCC","23420","Fresno, CA","06","California","019","Fresno","36.819449","-119.716433"
"06/05/2025","AQS","060195001","3","8.7","ug/m3 LC","48","Clovis-Villa","1","100.0000","88101","PM2.5 - Local Conditions","170","Met One BAM-1020 Mass Monitor w/VSCC","23420","Fresno, CA","06","California","019","Fresno","36.819449","-119.716433"
"06/06/2025","AQS","060195001","3","7.4","ug/m3 LC","41","Clovis-Villa","1","100.0000","88101","PM2.5 - Local Conditions","170","Met One BAM-1020 Mass Monitor w/VSCC","23420","Fresno, CA","06","California","019","Fresno","36.819449","-119.716433"
"06/07/2025","AQS","060195001","3","8.1","ug/m3 LC","45","Clovis-Villa","1","100.0000","88101","PM2.5 - Local Conditions","170","Met One BAM-1020 Mass Monitor w/VSCC","23420","Fresno, CA","06","California","019","Fresno","36.819449","-119.716433"
"06/08/2025","AQS","060195001","3","6.1","ug/m3 LC","34","Clovis-Villa","1","100.0000","88101","PM2.5 - Local Conditions","170","Met One BAM-1020 Mass Monitor w/VSCC","23420","Fresno, CA","06","California","019","Fresno","36.819449","-119.716433"
"06/09/2025","AQS","060195001","3","8.7","ug/m3 LC","48","Clovis-Villa","1","100.0000","88101","PM2.5 - Local Conditions","170","Met One BAM-1020 Mass Monitor w/VSCC","23420","Fresno, CA","06","California","019","Fresno","36.819449","-119.716433"
"06/10/2025","AQS","060195001","3","8.5","ug/m3 LC","47","Clovis-Villa","1","100.0000","88101","PM2.5 - Local Conditions","170","Met One BAM-1020 Mass Monitor w/VSCC","23420","Fresno, CA","06","California","019","Fresno","36.819449","-119.716433"
"06/11/2025","AQS","060195001","3","5.6","ug/m3 LC","31","Clovis-Villa","1","100.0000","88101","PM2.5 - Local Conditions","170","Met One BAM-1020 Mass Monitor w/VSCC","23420","Fresno, CA","06","California","019","Fresno","36.819449","-119.716433"
"06/12/2025","AQS","060195001","3","7.4","ug/m3 LC","41","Clovis-Villa","1","100.0000","88101","PM2.5 - Local Conditions","170","Met One BAM-1020 Mass Monitor w/VSCC","23420","Fresno, CA","06","California","019","Fresno","36.819449","-119.716433"
"06/13/2025","AQS","060195001","3","5.2","ug/m3 LC","29","Clovis-Villa","1","100.0000","88101","PM2.5 - Local Conditions","170","Met One BAM-1020 Mass Monitor w/VSCC","23420","Fresno, CA","06","California","019","Fresno","36.819449","-119.716433"
"06/14/2025","AQS","060195001","3","3.9","ug/m3 LC","22","Clovis-Villa","1","100.0000","88101","PM2.5 - Local Conditions","170","Met One BAM-1020 Mass Monitor w/VSCC","23420","Fresno, CA","06","California","019","Fresno","36.819449","-119.716433"
"06/15/2025","AQS","060195001","3","4.3","ug/m3 LC","24","Clovis-Villa","1","100.0000","88101","PM2.5 - Local Conditions","170","Met One BAM-1020 Mass Monitor w/VSCC","23420","Fresno, CA","06","California","019","Fresno","36.819449","-119.716433"
"06/16/2025","AQS","060195001","3","4.4","ug/m3 LC","24","Clovis-Villa","1","100.0000","88101","PM2.5 - Local Conditions","170","Met One BAM-1020 Mass Monitor w/VSCC","23420","Fresno, CA","06","California","019","Fresno","36.819449","-119.716433"
"06/17/2025","AQS","060195001","3","5.4","ug/m3 LC","30","Clovis-Villa","1","100.0000","88101","PM2.5 - Local Conditions","170","Met One BAM-1020 Mass Monitor w/VSCC","23420","Fresno, CA","06","California","019","Fresno","36.819449","-119.716433"
"06/18/2025","AQS","060195001","3","8.5","ug/m3 LC","47","Clovis-Villa","1","100.0000","88101","PM2.5 - Local Conditions","170","Met One BAM-1020 Mass Monitor w/VSCC","23420","Fresno, CA","06","California","019","Fresno","36.819449","-119.716433"
"06/19/2025","AQS","060195001","3","7.4","ug/m3 LC","41","Clovis-Villa","1","100.0000","88101","PM2.5 - Local Conditions","170","Met One BAM-1020 Mass Monitor w/VSCC","23420","Fresno, CA","06","California","019","Fresno","36.819449","-119.716433"
"06/20/2025","AQS","060195001","3","4.4","ug/m3 LC","24","Clovis-Villa","1","100.0000","88101","PM2.5 - Local Conditions","170","Met One BAM-1020 Mass Monitor w/VSCC","23420","Fresno, CA","06","California","019","Fresno","36.819449","-119.716433"
"06/21/2025","AQS","060195001","3","3.3","ug/m3 LC","18","Clovis-Villa","1","100.0000","88101","PM2.5 - Local Conditions","170","Met One BAM-1020 Mass Monitor w/VSCC","23420","Fresno, CA","06","California","019","Fresno","36.819449","-119.716433"
"06/22/2025","AQS","060195001","3","2.6","ug/m3 LC","14","Clovis-Villa","1","100.0000","88101","PM2.5 - Local Conditions","170","Met One BAM-1020 Mass Monitor w/VSCC","23420","Fresno, CA","06","California","019","Fresno","36.819449","-119.716433"
"06/23/2025","AQS","060195001","3","4.9","ug/m3 LC","27","Clovis-Villa","1","100.0000","88101","PM2.5 - Local Conditions","170","Met One BAM-1020 Mass Monitor w/VSCC","23420","Fresno, CA","06","California","019","Fresno","36.819449","-119.716433"
"06/24/2025","AQS","060195001","3","6.6","ug/m3 LC","37","Clovis-Villa","1","100.0000","88101","PM2.5 - Local Conditions","170","Met One BAM-1020 Mass Monitor w/VSCC","23420","Fresno, CA","06","California","019","Fresno","36.819449","-119.716433"
"06/25/2025","AQS","060195001","3","5.9","ug/m3 LC","33","Clovis-Villa","1","100.0000","88101","PM2.5 - Local Conditions","170","Met One BAM-1020 Mass Monitor w/VSCC","23420","Fresno, CA","06","California","019","Fresno","36.819449","-119.716433"
"06/26/2025","AQS","060195001","3","6.8","ug/m3 LC","38","Clovis-Villa","1","100.0000","88101","PM2.5 - Local Conditions","170","Met One BAM-1020 Mass Monitor w/VSCC","23420","Fresno, CA","06","California","019","Fresno","36.819449","-119.716433"
"06/27/2025","AQS","060195001","3","9","ug/m3 LC","50","Clovis-Villa","1","100.0000","88101","PM2.5 - Local Conditions","170","Met One BAM-1020 Mass Monitor w/VSCC","23420","Fresno, CA","06","California","019","Fresno","36.819449","-119.716433"
"06/28/2025","AQS","060195001","3","9.3","ug/m3 LC","51","Clovis-Villa","1","100.0000","88101","PM2.5 - Local Conditions","170","Met One BAM-1020 Mass Monitor w/VSCC","23420","Fresno, CA","06","California","019","Fresno","36.819449","-119.716433"
"06/29/2025","AQS","060195001","3","6.8","ug/m3 LC","38","Clovis-Villa","1","100.0000","88101","PM2.5 - Local Conditions","170","Met One BAM-1020 Mass Monitor w/VSCC","23420","Fresno, CA","06","California","019","Fresno","36.819449","-119.716433"
"06/30/2025","AQS","060195001","3","5.8","ug/m3 LC","32","Clovis-Villa","1","100.0000","88101","PM2.5 - Local Conditions","170","Met One BAM-1020 Mass Monitor w/VSCC","23420","Fresno, CA","06","California","019","Fresno","36.819449","-119.716433"
"07/01/2025","AQS","060195001","3","6.8","ug/m3 LC","38","Clovis-Villa","1","100.0000","88101","PM2.5 - Local Conditions","170","Met One BAM-1020 Mass Monitor w/VSCC","23420","Fresno, CA","06","California","019","Fresno","36.819449","-119.716433"
"07/02/2025","AQS","060195001","3","8.3","ug/m3 LC","46","Clovis-Villa","1","100.0000","88101","PM2.5 - Local Conditions","170","Met One BAM-1020 Mass Monitor w/VSCC","23420","Fresno, CA","06","California","019","Fresno","36.819449","-119.716433"
"07/03/2025","AQS","060195001","3","9","ug/m3 LC","50","Clovis-Villa","1","100.0000","88101","PM2.5 - Local Conditions","170","Met One BAM-1020 Mass Monitor w/VSCC","23420","Fresno, CA","06","California","019","Fresno","36.819449","-119.716433"
"07/04/2025","AQS","060195001","3","4.2","ug/m3 LC","23","Clovis-Villa","1","100.0000","88101","PM2.5 - Local Conditions","170","Met One BAM-1020 Mass Monitor w/VSCC","23420","Fresno, CA","06","California","019","Fresno","36.819449","-119.716433"
"07/05/2025","AQS","060195001","3","4.9","ug/m3 LC","27","Clovis-Villa","1","100.0000","88101","PM2.5 - Local Conditions","170","Met One BAM-1020 Mass Monitor w/VSCC","23420","Fresno, CA","06","California","019","Fresno","36.819449","-119.716433"
"07/06/2025","AQS","060195001","3","4.3","ug/m3 LC","24","Clovis-Villa","1","100.0000","88101","PM2.5 - Local Conditions","170","Met One BAM-1020 Mass Monitor w/VSCC","23420","Fresno, CA","06","California","019","Fresno","36.819449","-119.716433"
"07/07/2025","AQS","060195001","3","8.2","ug/m3 LC","46","Clovis-Villa","1","100.0000","88101","PM2.5 - Local Conditions","170","Met One BAM-1020 Mass Monitor w/VSCC","23420","Fresno, CA","06","California","019","Fresno","36.819449","-119.716433"
"07/08/2025","AQS","060195001","3","7","ug/m3 LC","39","Clovis-Villa","1","100.0000","88101","PM2.5 - Local Conditions","170","Met One BAM-1020 Mass Monitor w/VSCC","23420","Fresno, CA","06","California","019","Fresno","36.819449","-119.716433"
"07/09/2025","AQS","060195001","3","3.5","ug/m3 LC","19","Clovis-Villa","1","100.0000","88101","PM2.5 - Local Conditions","170","Met One BAM-1020 Mass Monitor w/VSCC","23420","Fresno, CA","06","California","019","Fresno","36.819449","-119.716433"
"07/10/2025","AQS","060195001","3","5.9","ug/m3 LC","33","Clovis-Villa","1","100.0000","88101","PM2.5 - Local Conditions","170","Met One BAM-1020 Mass Monitor w/VSCC","23420","Fresno, CA","06","California","019","Fresno","36.819449","-119.716433"
"07/11/2025","AQS","060195001","3","11.7","ug/m3 LC","56","Clovis-Villa","1","100.0000","88101","PM2.5 - Local Conditions","170","Met One BAM-1020 Mass Monitor w/VSCC","23420","Fresno, CA","06","California","019","Fresno","36.819449","-119.716433"
"07/12/2025","AQS","060195001","3","14.1","ug/m3 LC","60","Clovis-Villa","1","100.0000","88101","PM2.5 - Local Conditions","170","Met One BAM-1020 Mass Monitor w/VSCC","23420","Fresno, CA","06","California","019","Fresno","36.819449","-119.716433"
"07/13/2025","AQS","060195001","3","11.3","ug/m3 LC","55","Clovis-Villa","1","100.0000","88101","PM2.5 - Local Conditions","170","Met One BAM-1020 Mass Monitor w/VSCC","23420","Fresno, CA","06","California","019","Fresno","36.819449","-119.716433"
"07/14/2025","AQS","060195001","3","9.7","ug/m3 LC","52","Clovis-Villa","1","100.0000","88101","PM2.5 - Local Conditions","170","Met One BAM-1020 Mass Monitor w/VSCC","23420","Fresno, CA","06","California","019","Fresno","36.819449","-119.716433"
"07/15/2025","AQS","060195001","3","10.1","ug/m3 LC","53","Clovis-Villa","1","100.0000","88101","PM2.5 - Local Conditions","170","Met One BAM-1020 Mass Monitor w/VSCC","23420","Fresno, CA","06","California","019","Fresno","36.819449","-119.716433"
"07/16/2025","AQS","060195001","3","6.4","ug/m3 LC","36","Clovis-Villa","1","100.0000","88101","PM2.5 - Local Conditions","170","Met One BAM-1020 Mass Monitor w/VSCC","23420","Fresno, CA","06","California","019","Fresno","36.819449","-119.716433"
"07/17/2025","AQS","060195001","3","5.1","ug/m3 LC","28","Clovis-Villa","1","100.0000","88101","PM2.5 - Local Conditions","170","Met One BAM-1020 Mass Monitor w/VSCC","23420","Fresno, CA","06","California","019","Fresno","36.819449","-119.716433"
"07/18/2025","AQS","060195001","3","5.9","ug/m3 LC","33","Clovis-Villa","1","100.0000","88101","PM2.5 - Local Conditions","170","Met One BAM-1020 Mass Monitor w/VSCC","23420","Fresno, CA","06","California","019","Fresno","36.819449","-119.716433"
"07/19/2025","AQS","060195001","3","4.6","ug/m3 LC","26","Clovis-Villa","1","100.0000","88101","PM2.5 - Local Conditions","170","Met One BAM-1020 Mass Monitor w/VSCC","23420","Fresno, CA","06","California","019","Fresno","36.819449","-119.716433"
"07/20/2025","AQS","060195001","3","2.7","ug/m3 LC","15","Clovis-Villa","1","100.0000","88101","PM2.5 - Local Conditions","170","Met One BAM-1020 Mass Monitor w/VSCC","23420","Fresno, CA","06","California","019","Fresno","36.819449","-119.716433"
"07/21/2025","AQS","060195001","3","2.3","ug/m3 LC","13","Clovis-Villa","1","100.0000","88101","PM2.5 - Local Conditions","170","Met One BAM-1020 Mass Monitor w/VSCC","23420","Fresno, CA","06","California","019","Fresno","36.819449","-119.716433"
"07/22/2025","AQS","060195001","3","1.5","ug/m3 LC","8","Clovis-Villa","1","100.0000","88101","PM2.5 - Local Conditions","170","Met One BAM-1020 Mass Monitor w/VSCC","23420","Fresno, CA","06","California","019","Fresno","36.819449","-119.716433"
"07/23/2025","AQS","060195001","3","3.4","ug/m3 LC","19","Clovis-Villa","1","100.0000","88101","PM2.5 - Local Conditions","170","Met One BAM-1020 Mass Monitor w/VSCC","23420","Fresno, CA","06","California","019","Fresno","36.819449","-119.716433"
"07/24/2025","AQS","060195001","3","3.5","ug/m3 LC","19","Clovis-Villa","1","100.0000","88101","PM2.5 - Local Conditions","170","Met One BAM-1020 Mass Monitor w/VSCC","23420","Fresno, CA","06","California","019","Fresno","36.819449","-119.716433"
"07/25/2025","AQS","060195001","3","2.5","ug/m3 LC","14","Clovis-Villa","1","100.0000","88101","PM2.5 - Local Conditions","170","Met One BAM-1020 Mass Monitor w/VSCC","23420","Fresno, CA","06","California","019","Fresno","36.819449","-119.716433"
"07/26/2025","AQS","060195001","3","2.9","ug/m3 LC","16","Clovis-Villa","1","100.0000","88101","PM2.5 - Local Conditions","170","Met One BAM-1020 Mass Monitor w/VSCC","23420","Fresno, CA","06","California","019","Fresno","36.819449","-119.716433"
"07/27/2025","AQS","060195001","3","2.4","ug/m3 LC","13","Clovis-Villa","1","100.0000","88101","PM2.5 - Local Conditions","170","Met One BAM-1020 Mass Monitor w/VSCC","23420","Fresno, CA","06","California","019","Fresno","36.819449","-119.716433"
"07/28/2025","AQS","060195001","3","3.3","ug/m3 LC","18","Clovis-Villa","1","100.0000","88101","PM2.5 - Local Conditions","170","Met One BAM-1020 Mass Monitor w/VSCC","23420","Fresno, CA","06","California","019","Fresno","36.819449","-119.716433"
"07/29/2025","AQS","060195001","3","3.9","ug/m3 LC","22","Clovis-Villa","1","100.0000","88101","PM2.5 - Local Conditions","170","Met One BAM-1020 Mass Monitor w/VSCC","23420","Fresno, CA","06","California","019","Fresno","36.819449","-119.716433"
"07/30/2025","AQS","060195001","3","2.3","ug/m3 LC","13","Clovis-Villa","1","100.0000","88101","PM2.5 - Local Conditions","170","Met One BAM-1020 Mass Monitor w/VSCC","23420","Fresno, CA","06","California","019","Fresno","36.819449","-119.716433"
"07/31/2025","AQS","060195001","3","5.5","ug/m3 LC","31","Clovis-Villa","1","100.0000","88101","PM2.5 - Local Conditions","170","Met One BAM-1020 Mass Monitor w/VSCC","23420","Fresno, CA","06","California","019","Fresno","36.819449","-119.716433"
"08/01/2025","AQS","060195001","3","6.5","ug/m3 LC","36","Clovis-Villa","1","100.0000","88101","PM2.5 - Local Conditions","170","Met One BAM-1020 Mass Monitor w/VSCC","23420","Fresno, CA","06","California","019","Fresno","36.819449","-119.716433"
"08/02/2025","AQS","060195001","3","4.3","ug/m3 LC","24","Clovis-Villa","1","100.0000","88101","PM2.5 - Local Conditions","170","Met One BAM-1020 Mass Monitor w/VSCC","23420","Fresno, CA","06","California","019","Fresno","36.819449","-119.716433"
"08/03/2025","AQS","060195001","3","3.1","ug/m3 LC","17","Clovis-Villa","1","100.0000","88101","PM2.5 - Local Conditions","170","Met One BAM-1020 Mass Monitor w/VSCC","23420","Fresno, CA","06","California","019","Fresno","36.819449","-119.716433"
"08/04/2025","AQS","060195001","3","2.7","ug/m3 LC","15","Clovis-Villa","1","100.0000","88101","PM2.5 - Local Conditions","170","Met One BAM-1020 Mass Monitor w/VSCC","23420","Fresno, CA","06","California","019","Fresno","36.819449","-119.716433"
"08/05/2025","AQS","060195001","3","2.3","ug/m3 LC","13","Clovis-Villa","1","100.0000","88101","PM2.5 - Local Conditions","170","Met One BAM-1020 Mass Monitor w/VSCC","23420","Fresno, CA","06","California","019","Fresno","36.819449","-119.716433"
"08/06/2025","AQS","060195001","3","4.3","ug/m3 LC","24","Clovis-Villa","1","100.0000","88101","PM2.5 - Local Conditions","170","Met One BAM-1020 Mass Monitor w/VSCC","23420","Fresno, CA","06","California","019","Fresno","36.819449","-119.716433"
"08/07/2025","AQS","060195001","3","5.5","ug/m3 LC","31","Clovis-Villa","1","100.0000","88101","PM2.5 - Local Conditions","170","Met One BAM-1020 Mass Monitor w/VSCC","23420","Fresno, CA","06","California","019","Fresno","36.819449","-119.716433"
"08/08/2025","AQS","060195001","3","8.8","ug/m3 LC","49","Clovis-Villa","1","100.0000","88101","PM2.5 - Local Conditions","170","Met One BAM-1020 Mass Monitor w/VSCC","23420","Fresno, CA","06","California","019","Fresno","36.819449","-119.716433"
"08/09/2025","AQS","060195001","3","11.4","ug/m3 LC","55","Clovis-Villa","1","100.0000","88101","PM2.5 - Local Conditions","170","Met One BAM-1020 Mass Monitor w/VSCC","23420","Fresno, CA","06","California","019","Fresno","36.819449","-119.716433"
"08/10/2025","AQS","060195001","3","9.7","ug/m3 LC","52","Clovis-Villa","1","100.0000","88101","PM2.5 - Local Conditions","170","Met One BAM-1020 Mass Monitor w/VSCC","23420","Fresno, CA","06","California","019","Fresno","36.819449","-119.716433"
"08/11/2025","AQS","060195001","3","9.6","ug/m3 LC","52","Clovis-Villa","1","100.0000","88101","PM2.5 - Local Conditions","170","Met One BAM-1020 Mass Monitor w/VSCC","23420","Fresno, CA","06","California","019","Fresno","36.819449","-119.716433"
"08/12/2025","AQS","060195001","3","7.5","ug/m3 LC","42","Clovis-Villa","1","100.0000","88101","PM2.5 - Local Conditions","170","Met One BAM-1020 Mass Monitor w/VSCC","23420","Fresno, CA","06","California","019","Fresno","36.819449","-119.716433"
"08/13/2025","AQS","060195001","3","5.2","ug/m3 LC","29","Clovis-Villa","1","100.0000","88101","PM2.5 - Local Conditions","170","Met One BAM-1020 Mass Monitor w/VSCC","23420","Fresno, CA","06","California","019","Fresno","36.819449","-119.716433"
"08/14/2025","AQS","060195001","3","7.3","ug/m3 LC","41","Clovis-Villa","1","100.0000","88101","PM2.5 - Local Conditions","170","Met One BAM-1020 Mass Monitor w/VSCC","23420","Fresno, CA","06","California","019","Fresno","36.819449","-119.716433"
"08/15/2025","AQS","060195001","3","5.9","ug/m3 LC","33","Clovis-Villa","1","100.0000","88101","PM2.5 - Local Conditions","170","Met One BAM-1020 Mass Monitor w/VSCC","23420","Fresno, CA","06","California","019","Fresno","36.819449","-119.716433"
"08/16/2025","AQS","060195001","3","2.4","ug/m3 LC","13","Clovis-Villa","1","100.0000","88101","PM2.5 - Local Conditions","170","Met One BAM-1020 Mass Monitor w/VSCC","23420","Fresno, CA","06","California","019","Fresno","36.819449","-119.716433"
"08/17/2025","AQS","060195001","3","0.3","ug/m3 LC","2","Clovis-Villa","1","100.0000","88101","PM2.5 - Local Conditions","170","Met One BAM-1020 Mass Monitor w/VSCC","23420","Fresno, CA","06","California","019","Fresno","36.819449","-119.716433"
"08/18/2025","AQS","060195001","3","3.1","ug/m3 LC","17","Clovis-Villa","1","100.0000","88101","PM2.5 - Local Conditions","170","Met One BAM-1020 Mass Monitor w/VSCC","23420","Fresno, CA","06","California","019","Fresno","36.819449","-119.716433"
"08/19/2025","AQS","060195001","3","7.7","ug/m3 LC","43","Clovis-Villa","1","100.0000","88101","PM2.5 - Local Conditions","170","Met One BAM-1020 Mass Monitor w/VSCC","23420","Fresno, CA","06","California","019","Fresno","36.819449","-119.716433"
"08/20/2025","AQS","060195001","3","7.7","ug/m3 LC","43","Clovis-Villa","1","100.0000","88101","PM2.5 - Local Conditions","170","Met One BAM-1020 Mass Monitor w/VSCC","23420","Fresno, CA","06","California","019","Fresno","36.819449","-119.716433"
"08/21/2025","AQS","060195001","3","12.7","ug/m3 LC","58","Clovis-Villa","1","100.0000","88101","PM2.5 - Local Conditions","170","Met One BAM-1020 Mass Monitor w/VSCC","23420","Fresno, CA","06","California","019","Fresno","36.819449","-119.716433"
"08/22/2025","AQS","060195001","3","12.4","ug/m3 LC","57","Clovis-Villa","1","100.0000","88101","PM2.5 - Local Conditions","170","Met One BAM-1020 Mass Monitor w/VSCC","23420","Fresno, CA","06","California","019","Fresno","36.819449","-119.716433"
"08/23/2025","AQS","060195001","3","17.1","ug/m3 LC","66","Clovis-Villa","1","100.0000","88101","PM2.5 - Local Conditions","170","Met One BAM-1020 Mass Monitor w/VSCC","23420","Fresno, CA","06","California","019","Fresno","36.819449","-119.716433"
"08/24/2025","AQS","060195001","3","12.3","ug/m3 LC","57","Clovis-Villa","1","100.0000","88101","PM2.5 - Local Conditions","170","Met One BAM-1020 Mass Monitor w/VSCC","23420","Fresno, CA","06","California","019","Fresno","36.819449","-119.716433"
"08/25/2025","AQS","060195001","3","10.6","ug/m3 LC","54","Clovis-Villa","1","100.0000","88101","PM2.5 - Local Conditions","170","Met One BAM-1020 Mass Monitor w/VSCC","23420","Fresno, CA","06","California","019","Fresno","36.819449","-119.716433"
"08/26/2025","AQS","060195001","3","13.5","ug/m3 LC","59","Clovis-Villa","1","100.0000","88101","PM2.5 - Local Conditions","170","Met One BAM-1020 Mass Monitor w/VSCC","23420","Fresno, CA","06","California","019","Fresno","36.819449","-119.716433"
"08/27/2025","AQS","060195001","3","9.9","ug/m3 LC","52","Clovis-Villa","1","100.0000","88101","PM2.5 - Local Conditions","170","Met One BAM-1020 Mass Monitor w/VSCC","23420","Fresno, CA","06","California","019","Fresno","36.819449","-119.716433"
"08/28/2025","AQS","060195001","3","10.5","ug/m3 LC","54","Clovis-Villa","1","100.0000","88101","PM2.5 - Local Conditions","170","Met One BAM-1020 Mass Monitor w/VSCC","23420","Fresno, CA","06","California","019","Fresno","36.819449","-119.716433"
"08/29/2025","AQS","060195001","3","8.4","ug/m3 LC","47","Clovis-Villa","1","100.0000","88101","PM2.5 - Local Conditions","170","Met One BAM-1020 Mass Monitor w/VSCC","23420","Fresno, CA","06","California","019","Fresno","36.819449","-119.716433"
"08/30/2025","AQS","060195001","3","8.5","ug/m3 LC","47","Clovis-Villa","1","100.0000","88101","PM2.5 - Local Conditions","170","Met One BAM-1020 Mass Monitor w/VSCC","23420","Fresno, CA","06","California","019","Fresno","36.819449","-119.716433"
"08/31/2025","AQS","060195001","3","11.7","ug/m3 LC","56","Clovis-Villa","1","100.0000","88101","PM2.5 - Local Conditions","170","Met One BAM-1020 Mass Monitor w/VSCC","23420","Fresno, CA","06","California","019","Fresno","36.819449","-119.716433"
"09/01/2025","AQS","060195001","3","10.1","ug/m3 LC","53","Clovis-Villa","1","100.0000","88101","PM2.5 - Local Conditions","170","Met One BAM-1020 Mass Monitor w/VSCC","23420","Fresno, CA","06","California","019","Fresno","36.819449","-119.716433"
"09/02/2025","AQS","060195001","3","14.5","ug/m3 LC","61","Clovis-Villa","1","100.0000","88101","PM2.5 - Local Conditions","170","Met One BAM-1020 Mass Monitor w/VSCC","23420","Fresno, CA","06","California","019","Fresno","36.819449","-119.716433"
"09/03/2025","AQS","060195001","3","14.8","ug/m3 LC","62","Clovis-Villa","1","100.0000","88101","PM2.5 - Local Conditions","170","Met One BAM-1020 Mass Monitor w/VSCC","23420","Fresno, CA","06","California","019","Fresno","36.819449","-119.716433"
"09/04/2025","AQS","060195001","3","11.1","ug/m3 LC","55","Clovis-Villa","1","100.0000","88101","PM2.5 - Local Conditions","170","Met One BAM-1020 Mass Monitor w/VSCC","23420","Fresno, CA","06","California","019","Fresno","36.819449","-119.716433"
"09/05/2025","AQS","060195001","3","7.4","ug/m3 LC","41","Clovis-Villa","1","100.0000","88101","PM2.5 - Local Conditions","170","Met One BAM-1020 Mass Monitor w/VSCC","23420","Fresno, CA","06","California","019","Fresno","36.819449","-119.716433"
"09/06/2025","AQS","060195001","3","7.9","ug/m3 LC","44","Clovis-Villa","1","100.0000","88101","PM2.5 - Local Conditions","170","Met One BAM-1020 Mass Monitor w/VSCC","23420","Fresno, CA","06","California","019","Fresno","36.819449","-119.716433"
"09/07/2025","AQS","060195001","3","3.7","ug/m3 LC","21","Clovis-Villa","1","100.0000","88101","PM2.5 - Local Conditions","170","Met One BAM-1020 Mass Monitor w/VSCC","23420","Fresno, CA","06","California","019","Fresno","36.819449","-119.716433"
"09/08/2025","AQS","060195001","3","3.1","ug/m3 LC","17","Clovis-Villa","1","100.0000","88101","PM2.5 - Local Conditions","170","Met One BAM-1020 Mass Monitor w/VSCC","23420","Fresno, CA","06","California","019","Fresno","36.819449","-119.716433"
"09/09/2025","AQS","060195001","3","1.6","ug/m3 LC","9","Clovis-Villa","1","100.0000","88101","PM2.5 - Local Conditions","170","Met One BAM-1020 Mass Monitor w/VSCC","23420","Fresno, CA","06","California","019","Fresno","36.819449","-119.716433"
"09/10/2025","AQS","060195001","3","1.1","ug/m3 LC","6","Clovis-Villa","1","100.0000","88101","PM2.5 - Local Conditions","170","Met One BAM-1020 Mass Monitor w/VSCC","23420","Fresno, CA","06","California","019","Fresno","36.819449","-119.716433"
"09/11/2025","AQS","060195001","3","3.5","ug/m3 LC","19","Clovis-Villa","1","100.0000","88101","PM2.5 - Local Conditions","170","Met One BAM-1020 Mass Monitor w/VSCC","23420","Fresno, CA","06","California","019","Fresno","36.819449","-119.716433"
"09/12/2025","AQS","060195001","3","6.1","ug/m3 LC","34","Clovis-Villa","1","100.0000","88101","PM2.5 - Local Conditions","170","Met One BAM-1020 Mass Monitor w/VSCC","23420","Fresno, CA","06","California","019","Fresno","36.819449","-119.716433"
"09/13/2025","AQS","060195001","3","7.2","ug/m3 LC","40","Clovis-Villa","1","100.0000","88101","PM2.5 - Local Conditions","170","Met One BAM-1020 Mass Monitor w/VSCC","23420","Fresno, CA","06","California","019","Fresno","36.819449","-119.716433"
"09/14/2025","AQS","060195001","3","4.2","ug/m3 LC","23","Clovis-Villa","1","100.0000","88101","PM2.5 - Local Conditions","170","Met One BAM-1020 Mass Monitor w/VSCC","23420","Fresno, CA","06","California","019","Fresno","36.819449","-119.716433"
"09/15/2025","AQS","060195001","3","7.2","ug/m3 LC","40","Clovis-Villa","1","100.0000","88101","PM2.5 - Local Conditions","170","Met One BAM-1020 Mass Monitor w/VSCC","23420","Fresno, CA","06","California","019","Fresno","36.819449","-119.716433"
"09/16/2025","AQS","060195001","3","12.8","ug/m3 LC","58","Clovis-Villa","1","100.0000","88101","PM2.5 - Local Conditions","170","Met One BAM-1020 Mass Monitor w/VSCC","23420","Fresno, CA","06","California","019","Fresno","36.819449","-119.716433"
"09/17/2025","AQS","060195001","3","12.2","ug/m3 LC","57","Clovis-Villa","1","100.0000","88101","PM2.5 - Local Conditions","170","Met One BAM-1020 Mass Monitor w/VSCC","23420","Fresno, CA","06","California","019","Fresno","36.819449","-119.716433"
"09/18/2025","AQS","060195001","3","8.6","ug/m3 LC","48","Clovis-Villa","1","100.0000","88101","PM2.5 - Local Conditions","170","Met One BAM-1020 Mass Monitor w/VSCC","23420","Fresno, CA","06","California","019","Fresno","36.819449","-119.716433"
"09/19/2025","AQS","060195001","3","8.2","ug/m3 LC","46","Clovis-Villa","1","100.0000","88101","PM2.5 - Local Conditions","170","Met One BAM-1020 Mass Monitor w/VSCC","23420","Fresno, CA","06","California","019","Fresno","36.819449","-119.716433"
"09/20/2025","AQS","060195001","3","9.2","ug/m3 LC","51","Clovis-Villa","1","100.0000","88101","PM2.5 - Local Conditions","170","Met One BAM-1020 Mass Monitor w/VSCC","23420","Fresno, CA","06","California","019","Fresno","36.819449","-119.716433"
"09/21/2025","AQS","060195001","3","7.1","ug/m3 LC","39","Clovis-Villa","1","100.0000","88101","PM2.5 - Local Conditions","170","Met One BAM-1020 Mass Monitor w/VSCC","23420","Fresno, CA","06","California","019","Fresno","36.819449","-119.716433"
"09/22/2025","AQS","060195001","3","8.4","ug/m3 LC","47","Clovis-Villa","1","100.0000","88101","PM2.5 - Local Conditions","170","Met One BAM-1020 Mass Monitor w/VSCC","23420","Fresno, CA","06","California","019","Fresno","36.819449","-119.716433"
"09/23/2025","AQS","060195001","3","11","ug/m3 LC","55","Clovis-Villa","1","100.0000","88101","PM2.5 - Local Conditions","170","Met One BAM-1020 Mass Monitor w/VSCC","23420","Fresno, CA","06","California","019","Fresno","36.819449","-119.716433"
"09/24/2025","AQS","060195001","3","6.5","ug/m3 LC","36","Clovis-Villa","1","100.0000","88101","PM2.5 - Local Conditions","170","Met One BAM-1020 Mass Monitor w/VSCC","23420","Fresno, CA","06","California","019","Fresno","36.819449","-119.716433"
"09/25/2025","AQS","060195001","3","5.7","ug/m3 LC","32","Clovis-Villa","1","100.0000","88101","PM2.5 - Local Conditions","170","Met One BAM-1020 Mass Monitor w/VSCC","23420","Fresno, CA","06","California","019","Fresno","36.819449","-119.716433"
"09/26/2025","AQS","060195001","3","9.8","ug/m3 LC","52","Clovis-Villa","1","100.0000","88101","PM2.5 - Local Conditions","170","Met One BAM-1020 Mass Monitor w/VSCC","23420","Fresno, CA","06","California","019","Fresno","36.819449","-119.716433"
"09/27/2025","AQS","060195001","3","7.5","ug/m3 LC","42","Clovis-Villa","1","100.0000","88101","PM2.5 - Local Conditions","170","Met One BAM-1020 Mass Monitor w/VSCC","23420","Fresno, CA","06","California","019","Fresno","36.819449","-119.716433"
"09/28/2025","AQS","060195001","3","6.6","ug/m3 LC","37","Clovis-Villa","1","100.0000","88101","PM2.5 - Local Conditions","170","Met One BAM-1020 Mass Monitor w/VSCC","23420","Fresno, CA","06","California","019","Fresno","36.819449","-119.716433"
"09/29/2025","AQS","060195001","3","6.5","ug/m3 LC","36","Clovis-Villa","1","100.0000","88101","PM2.5 - Local Conditions","170","Met One BAM-1020 Mass Monitor w/VSCC","23420","Fresno, CA","06","California","019","Fresno","36.819449","-119.716433"
"09/30/2025","AQS","060195001","3","4.9","ug/m3 LC","27","Clovis-Villa","1","100.0000","88101","PM2.5 - Local Conditions","170","Met One BAM-1020 Mass Monitor w/VSCC","23420","Fresno, CA","06","California","019","Fresno","36.819449","-119.716433"
"10/01/2025","AQS","060195001","3","3","ug/m3 LC","17","Clovis-Villa","1","100.0000","88101","PM2.5 - Local Conditions","170","Met One BAM-1020 Mass Monitor w/VSCC","23420","Fresno, CA","06","California","019","Fresno","36.819449","-119.716433"
"10/02/2025","AQS","060195001","3","3","ug/m3 LC","17","Clovis-Villa","1","100.0000","88101","PM2.5 - Local Conditions","170","Met One BAM-1020 Mass Monitor w/VSCC","23420","Fresno, CA","06","California","019","Fresno","36.819449","-119.716433"
"10/03/2025","AQS","060195001","3","2","ug/m3 LC","11","Clovis-Villa","1","100.0000","88101","PM2.5 - Local Conditions","170","Met One BAM-1020 Mass Monitor w/VSCC","23420","Fresno, CA","06","California","019","Fresno","36.819449","-119.716433"
"10/04/2025","AQS","060195001","3","5.9","ug/m3 LC","33","Clovis-Villa","1","100.0000","88101","PM2.5 - Local Conditions","170","Met One BAM-1020 Mass Monitor w/VSCC","23420","Fresno, CA","06","California","019","Fresno","36.819449","-119.716433"
"10/05/2025","AQS","060195001","3","5.5","ug/m3 LC","31","Clovis-Villa","1","100.0000","88101","PM2.5 - Local Conditions","170","Met One BAM-1020 Mass Monitor w/VSCC","23420","Fresno, CA","06","California","019","Fresno","36.819449","-119.716433"
"10/06/2025","AQS","060195001","3","4.7","ug/m3 LC","26","Clovis-Villa","1","100.0000","88101","PM2.5 - Local Conditions","170","Met One BAM-1020 Mass Monitor w/VSCC","23420","Fresno, CA","06","California","019","Fresno","36.819449","-119.716433"
"10/07/2025","AQS","060195001","3","8.5","ug/m3 LC","47","Clovis-Villa","1","100.0000","88101","PM2.5 - Local Conditions","170","Met One BAM-1020 Mass Monitor w/VSCC","23420","Fresno, CA","06","California","019","Fresno","36.819449","-119.716433"
"10/08/2025","AQS","060195001","3","8.5","ug/m3 LC","47","Clovis-Villa","1","100.0000","88101","PM2.5 - Local Conditions","170","Met One BAM-1020 Mass Monitor w/VSCC","23420","Fresno, CA","06","California","019","Fresno","36.819449","-119.716433"
"10/09/2025","AQS","060195001","3","6.2","ug/m3 LC","34","Clovis-Villa","1","100.0000","88101","PM2.5 - Local Conditions","170","Met One BAM-1020 Mass Monitor w/VSCC","23420","Fresno, CA","06","California","019","Fresno","36.819449","-119.716433"
"10/10/2025","AQS","060195001","3","4.6","ug/m3 LC","26","Clovis-Villa","1","100.0000","88101","PM2.5 - Local Conditions","170","Met One BAM-1020 Mass Monitor w/VSCC","23420","Fresno, CA","06","California","019","Fresno","36.819449","-119.716433"
"10/11/2025","AQS","060195001","3","-0.2","ug/m3 LC","0","Clovis-Villa","1","100.0000","88101","PM2.5 - Local Conditions","170","Met One BAM-1020 Mass Monitor w/VSCC","23420","Fresno, CA","06","California","019","Fresno","36.819449","-119.716433"
"10/12/2025","AQS","060195001","3","1.7","ug/m3 LC","9","Clovis-Villa","1","100.0000","88101","PM2.5 - Local Conditions","170","Met One BAM-1020 Mass Monitor w/VSCC","23420","Fresno, CA","06","California","019","Fresno","36.819449","-119.716433"
"10/13/2025","AQS","060195001","3","3.5","ug/m3 LC","19","Clovis-Villa","1","100.0000","88101","PM2.5 - Local Conditions","170","Met One BAM-1020 Mass Monitor w/VSCC","23420","Fresno, CA","06","California","019","Fresno","36.819449","-119.716433"
"10/14/2025","AQS","060195001","3","-0.6","ug/m3 LC","0","Clovis-Villa","1","100.0000","88101","PM2.5 - Local Conditions","170","Met One BAM-1020 Mass Monitor w/VSCC","23420","Fresno, CA","06","California","019","Fresno","36.819449","-119.716433"
"10/15/2025","AQS","060195001","3","2","ug/m3 LC","11","Clovis-Villa","1","100.0000","88101","PM2.5 - Local Conditions","170","Met One BAM-1020 Mass Monitor w/VSCC","23420","Fresno, CA","06","California","019","Fresno","36.819449","-119.716433"
"10/16/2025","AQS","060195001","3","5.3","ug/m3 LC","29","Clovis-Villa","1","100.0000","88101","PM2.5 - Local Conditions","170","Met One BAM-1020 Mass Monitor w/VSCC","23420","Fresno, CA","06","California","019","Fresno","36.819449","-119.716433"
"10/17/2025","AQS","060195001","3","8.4","ug/m3 LC","47","Clovis-Villa","1","100.0000","88101","PM2.5 - Local Conditions","170","Met One BAM-1020 Mass Monitor w/VSCC","23420","Fresno, CA","06","California","019","Fresno","36.819449","-119.716433"
"10/18/2025","AQS","060195001","3","8.6","ug/m3 LC","48","Clovis-Villa","1","100.0000","88101","PM2.5 - Local Conditions","170","Met One BAM-1020 Mass Monitor w/VSCC","23420","Fresno, CA","06","California","019","Fresno","36.819449","-119.716433"
"10/19/2025","AQS","060195001","3","8.8","ug/m3 LC","49","Clovis-Villa","1","100.0000","88101","PM2.5 - Local Conditions","170","Met One BAM-1020 Mass Monitor w/VSCC","23420","Fresno, CA","06","California","019","Fresno","36.819449","-119.716433"
"10/20/2025","AQS","060195001","3","12.2","ug/m3 LC","57","Clovis-Villa","1","100.0000","88101","PM2.5 - Local Conditions","170","Met One BAM-1020 Mass Monitor w/VSCC","23420","Fresno, CA","06","California","019","Fresno","36.819449","-119.716433"
"10/21/2025","AQS","060195001","3","12.2","ug/m3 LC","57","Clovis-Villa","1","100.0000","88101","PM2.5 - Local Conditions","170","Met One BAM-1020 Mass Monitor w/VSCC","23420","Fresno, CA","06","California","019","Fresno","36.819449","-119.716433"
"10/22/2025","AQS","060195001","3","8.3","ug/m3 LC","46","Clovis-Villa","1","100.0000","88101","PM2.5 - Local Conditions","170","Met One BAM-1020 Mass Monitor w/VSCC","23420","Fresno, CA","06","California","019","Fresno","36.819449","-119.716433"
"10/23/2025","AQS","060195001","3","11.1","ug/m3 LC","55","Clovis-Villa","1","100.0000","88101","PM2.5 - Local Conditions","170","Met One BAM-1020 Mass Monitor w/VSCC","23420","Fresno, CA","06","California","019","Fresno","36.819449","-119.716433"
"10/24/2025","AQS","060195001","3","12.2","ug/m3 LC","57","Clovis-Villa","1","100.0000","88101","PM2.5 - Local Conditions","170","Met One BAM-1020 Mass Monitor w/VSCC","23420","Fresno, CA","06","California","019","Fresno","36.819449","-119.716433"
"10/25/2025","AQS","060195001","3","9.2","ug/m3 LC","51","Clovis-Villa","1","100.0000","88101","PM2.5 - Local Conditions","170","Met One BAM-1020 Mass Monitor w/VSCC","23420","Fresno, CA","06","California","019","Fresno","36.819449","-119.716433"
"10/26/2025","AQS","060195001","3","4.1","ug/m3 LC","23","Clovis-Villa","1","100.0000","88101","PM2.5 - Local Conditions","170","Met One BAM-1020 Mass Monitor w/VSCC","23420","Fresno, CA","06","California","019","Fresno","36.819449","-119.716433"
"10/27/2025","AQS","060195001","3","0.8","ug/m3 LC","4","Clovis-Villa","1","100.0000","88101","PM2.5 - Local Conditions","170","Met One BAM-1020 Mass Monitor w/VSCC","23420","Fresno, CA","06","California","019","Fresno","36.819449","-119.716433"
"10/28/2025","AQS","060195001","3","6.6","ug/m3 LC","37","Clovis-Villa","1","100.0000","88101","PM2.5 - Local Conditions","170","Met One BAM-1020 Mass Monitor w/VSCC","23420","Fresno, CA","06","California","019","Fresno","36.819449","-119.716433"
"10/29/2025","AQS","060195001","3","7.1","ug/m3 LC","39","Clovis-Villa","1","100.0000","88101","PM2.5 - Local Conditions","170","Met One BAM-1020 Mass Monitor w/VSCC","23420","Fresno, CA","06","California","019","Fresno","36.819449","-119.716433"
"10/30/2025","AQS","060195001","3","11.1","ug/m3 LC","55","Clovis-Villa","1","100.0000","88101","PM2.5 - Local Conditions","170","Met One BAM-1020 Mass Monitor w/VSCC","23420","Fresno, CA","06","California","019","Fresno","36.819449","-119.716433"
"10/31/2025","AQS","060195001","3","13.9","ug/m3 LC","60","Clovis-Villa","1","100.0000","88101","PM2.5 - Local Conditions","170","Met One BAM-1020 Mass Monitor w/VSCC","23420","Fresno, CA","06","California","019","Fresno","36.819449","-119.716433"
"11/01/2025","AQS","060195001","3","14.9","ug/m3 LC","62","Clovis-Villa","1","100.0000","88101","PM2.5 - Local Conditions","170","Met One BAM-1020 Mass Monitor w/VSCC","23420","Fresno, CA","06","California","019","Fresno","36.819449","-119.716433"
"11/02/2025","AQS","060195001","3","15.6","ug/m3 LC","63","Clovis-Villa","1","100.0000","88101","PM2.5 - Local Conditions","170","Met One BAM-1020 Mass Monitor w/VSCC","23420","Fresno, CA","06","California","019","Fresno","36.819449","-119.716433"
"11/03/2025","AQS","060195001","3","13.7","ug/m3 LC","60","Clovis-Villa","1","100.0000","88101","PM2.5 - Local Conditions","170","Met One BAM-1020 Mass Monitor w/VSCC","23420","Fresno, CA","06","California","019","Fresno","36.819449","-119.716433"
"11/04/2025","AQS","060195001","3","10.2","ug/m3 LC","53","Clovis-Villa","1","100.0000","88101","PM2.5 - Local Conditions","170","Met One BAM-1020 Mass Monitor w/VSCC","23420","Fresno, CA","06","California","019","Fresno","36.819449","-119.716433"
"11/05/2025","AQS","060195001","3","6.9","ug/m3 LC","38","Clovis-Villa","1","100.0000","88101","PM2.5 - Local Conditions","170","Met One BAM-1020 Mass Monitor w/VSCC","23420","Fresno, CA","06","California","019","Fresno","36.819449","-119.716433"
"11/06/2025","AQS","060195001","3","1","ug/m3 LC","6","Clovis-Villa","1","100.0000","88101","PM2.5 - Local Conditions","170","Met One BAM-1020 Mass Monitor w/VSCC","23420","Fresno, CA","06","California","019","Fresno","36.819449","-119.716433"
"11/07/2025","AQS","060195001","3","2.3","ug/m3 LC","13","Clovis-Villa","1","100.0000","88101","PM2.5 - Local Conditions","170","Met One BAM-1020 Mass Monitor w/VSCC","23420","Fresno, CA","06","California","019","Fresno","36.819449","-119.716433"
"11/08/2025","AQS","060195001","3","4.4","ug/m3 LC","24","Clovis-Villa","1","100.0000","88101","PM2.5 - Local Conditions","170","Met One BAM-1020 Mass Monitor w/VSCC","23420","Fresno, CA","06","California","019","Fresno","36.819449","-119.716433"
"11/09/2025","AQS","060195001","3","7.8","ug/m3 LC","43","Clovis-Villa","1","100.0000","88101","PM2.5 - Local Conditions","170","Met One BAM-1020 Mass Monitor w/VSCC","23420","Fresno, CA","06","California","019","Fresno","36.819449","-119.716433"
"11/10/2025","AQS","060195001","3","6.7","ug/m3 LC","37","Clovis-Villa","1","100.0000","88101","PM2.5 - Local Conditions","170","Met One BAM-1020 Mass Monitor w/VSCC","23420","Fresno, CA","06","California","019","Fresno","36.819449","-119.716433"
"11/11/2025","AQS","060195001","3","8","ug/m3 LC","44","Clovis-Villa","1","100.0000","88101","PM2.5 - Local Conditions","170","Met One BAM-1020 Mass Monitor w/VSCC","23420","Fresno, CA","06","California","019","Fresno","36.819449","-119.716433"
"11/12/2025","AQS","060195001","3","8.3","ug/m3 LC","46","Clovis-Villa","1","100.0000","88101","PM2.5 - Local Conditions","170","Met One BAM-1020 Mass Monitor w/VSCC","23420","Fresno, CA","06","California","019","Fresno","36.819449","-119.716433"
"11/13/2025","AQS","060195001","3","6.3","ug/m3 LC","35","Clovis-Villa","1","100.0000","88101","PM2.5 - Local Conditions","170","Met One BAM-1020 Mass Monitor w/VSCC","23420","Fresno, CA","06","California","019","Fresno","36.819449","-119.716433"
"11/14/2025","AQS","060195001","3","0","ug/m3 LC","0","Clovis-Villa","1","100.0000","88101","PM2.5 - Local Conditions","170","Met One BAM-1020 Mass Monitor w/VSCC","23420","Fresno, CA","06","California","019","Fresno","36.819449","-119.716433"
"11/15/2025","AQS","060195001","3","1.9","ug/m3 LC","11","Clovis-Villa","1","100.0000","88101","PM2.5 - Local Conditions","170","Met One BAM-1020 Mass Monitor w/VSCC","23420","Fresno, CA","06","California","019","Fresno","36.819449","-119.716433"
"11/16/2025","AQS","060195001","3","-1.5","ug/m3 LC","0","Clovis-Villa","1","100.0000","88101","PM2.5 - Local Conditions","170","Met One BAM-1020 Mass Monitor w/VSCC","23420","Fresno, CA","06","California","019","Fresno","36.819449","-119.716433"
"11/17/2025","AQS","060195001","3","-0.2","ug/m3 LC","0","Clovis-Villa","1","100.0000","88101","PM2.5 - Local Conditions","170","Met One BAM-1020 Mass Monitor w/VSCC","23420","Fresno, CA","06","California","019","Fresno","36.819449","-119.716433"
"11/18/2025","AQS","060195001","3","1.7","ug/m3 LC","9","Clovis-Villa","1","100.0000","88101","PM2.5 - Local Conditions","170","Met One BAM-1020 Mass Monitor w/VSCC","23420","Fresno, CA","06","California","019","Fresno","36.819449","-119.716433"
"11/19/2025","AQS","060195001","3","3.5","ug/m3 LC","19","Clovis-Villa","1","100.0000","88101","PM2.5 - Local Conditions","170","Met One BAM-1020 Mass Monitor w/VSCC","23420","Fresno, CA","06","California","019","Fresno","36.819449","-119.716433"
"11/20/2025","AQS","060195001","3","7.4","ug/m3 LC","41","Clovis-Villa","1","100.0000","88101","PM2.5 - Local Conditions","170","Met One BAM-1020 Mass Monitor w/VSCC","23420","Fresno, CA","06","California","019","Fresno","36.819449","-119.716433"
"11/21/2025","AQS","060195001","3","6.9","ug/m3 LC","38","Clovis-Villa","1","100.0000","88101","PM2.5 - Local Conditions","170","Met One BAM-1020 Mass Monitor w/VSCC","23420","Fresno, CA","06","California","019","Fresno","36.819449","-119.716433"
"11/22/2025","AQS","060195001","3","7.8","ug/m3 LC","43","Clovis-Villa","1","100.0000","88101","PM2.5 - Local Conditions","170","Met One BAM-1020 Mass Monitor w/VSCC","23420","Fresno, CA","06","California","019","Fresno","36.819449","-119.716433"
"11/23/2025","AQS","060195001","3","11","ug/m3 LC","55","Clovis-Villa","1","100.0000","88101","PM2.5 - Local Conditions","170","Met One BAM-1020 Mass Monitor w/VSCC","23420","Fresno, CA","06","California","019","Fresno","36.819449","-119.716433"
"11/24/2025","AQS","060195001","3","7.1","ug/m3 LC","39","Clovis-Villa","1","100.0000","88101","PM2.5 - Local Conditions","170","Met One BAM-1020 Mass Monitor w/VSCC","23420","Fresno, CA","06","California","019","Fresno","36.819449","-119.716433"
"11/25/2025","AQS","060195001","3","8.3","ug/m3 LC","46","Clovis-Villa","1","100.0000","88101","PM2.5 - Local Conditions","170","Met One BAM-1020 Mass Monitor w/VSCC","23420","Fresno, CA","06","California","019","Fresno","36.819449","-119.716433"
"11/26/2025","AQS","060195001","3","9.4","ug/m3 LC","52","Clovis-Villa","1","100.0000","88101","PM2.5 - Local Conditions","170","Met One BAM-1020 Mass Monitor w/VSCC","23420","Fresno, CA","06","California","019","Fresno","36.819449","-119.716433"
"11/27/2025","AQS","060195001","3","15.3","ug/m3 LC","63","Clovis-Villa","1","100.0000","88101","PM2.5 - Local Conditions","170","Met One BAM-1020 Mass Monitor w/VSCC","23420","Fresno, CA","06","California","019","Fresno","36.819449","-119.716433"
"11/28/2025","AQS","060195001","3","22.9","ug/m3 LC","77","Clovis-Villa","1","100.0000","88101","PM2.5 - Local Conditions","170","Met One BAM-1020 Mass Monitor w/VSCC","23420","Fresno, CA","06","California","019","Fresno","36.819449","-119.716433"
"11/29/2025","AQS","060195001","3","23.2","ug/m3 LC","77","Clovis-Villa","1","100.0000","88101","PM2.5 - Local Conditions","170","Met One BAM-1020 Mass Monitor w/VSCC","23420","Fresno, CA","06","California","019","Fresno","36.819449","-119.716433"
"11/30/2025","AQS","060195001","3","22","ug/m3 LC","75","Clovis-Villa","1","100.0000","88101","PM2.5 - Local Conditions","170","Met One BAM-1020 Mass Monitor w/VSCC","23420","Fresno, CA","06","California","019","Fresno","36.819449","-119.716433"
"12/01/2025","AQS","060195001","3","17.6","ug/m3 LC","67","Clovis-Villa","1","100.0000","88101","PM2.5 - Local Conditions","170","Met One BAM-1020 Mass Monitor w/VSCC","23420","Fresno, CA","06","California","019","Fresno","36.819449","-119.716433"
"12/02/2025","AQS","060195001","3","12.1","ug/m3 LC","57","Clovis-Villa","1","100.0000","88101","PM2.5 - Local Conditions","170","Met One BAM-1020 Mass Monitor w/VSCC","23420","Fresno, CA","06","California","019","Fresno","36.819449","-119.716433"
"12/03/2025","AQS","060195001","3","10.2","ug/m3 LC","53","Clovis-Villa","1","100.0000","88101","PM2.5 - Local Conditions","170","Met One BAM-1020 Mass Monitor w/VSCC","23420","Fresno, CA","06","California","019","Fresno","36.819449","-119.716433"
"12/04/2025","AQS","060195001","3","13.2","ug/m3 LC","59","Clovis-Villa","1","100.0000","88101","PM2.5 - Local Conditions","170","Met One BAM-1020 Mass Monitor w/VSCC","23420","Fresno, CA","06","California","019","Fresno","36.819449","-119.716433"
"12/05/2025","AQS","060195001","3","18.3","ug/m3 LC","68","Clovis-Villa","1","100.0000","88101","PM2.5 - Local Conditions","170","Met One BAM-1020 Mass Monitor w/VSCC","23420","Fresno, CA","06","California","019","Fresno","36.819449","-119.716433"
"12/06/2025","AQS","060195001","3","25.7","ug/m3 LC","82","Clovis-Villa","1","100.0000","88101","PM2.5 - Local Conditions","170","Met One BAM-1020 Mass Monitor w/VSCC","23420","Fresno, CA","06","California","019","Fresno","36.819449","-119.716433"
"12/07/2025","AQS","060195001","3","21.9","ug/m3 LC","75","Clovis-Villa","1","100.0000","88101","PM2.5 - Local Conditions","170","Met One BAM-1020 Mass Monitor w/VSCC","23420","Fresno, CA","06","California","019","Fresno","36.819449","-119.716433"
"12/08/2025","AQS","060195001","3","23.7","ug/m3 LC","78","Clovis-Villa","1","100.0000","88101","PM2.5 - Local Conditions","170","Met One BAM-1020 Mass Monitor w/VSCC","23420","Fresno, CA","06","California","019","Fresno","36.819449","-119.716433"
"12/09/2025","AQS","060195001","3","24.9","ug/m3 LC","80","Clovis-Villa","1","100.0000","88101","PM2.5 - Local Conditions","170","Met One BAM-1020 Mass Monitor w/VSCC","23420","Fresno, CA","06","California","019","Fresno","36.819449","-119.716433"
"12/10/2025","AQS","060195001","3","26.7","ug/m3 LC","84","Clovis-Villa","1","100.0000","88101","PM2.5 - Local Conditions","170","Met One BAM-1020 Mass Monitor w/VSCC","23420","Fresno, CA","06","California","019","Fresno","36.819449","-119.716433"
"12/11/2025","AQS","060195001","3","14.4","ug/m3 LC","61","Clovis-Villa","1","100.0000","88101","PM2.5 - Local Conditions","170","Met One BAM-1020 Mass Monitor w/VSCC","23420","Fresno, CA","06","California","019","Fresno","36.819449","-119.716433"
"12/12/2025","AQS","060195001","3","7.3","ug/m3 LC","41","Clovis-Villa","1","100.0000","88101","PM2.5 - Local Conditions","170","Met One BAM-1020 Mass Monitor w/VSCC","23420","Fresno, CA","06","California","019","Fresno","36.819449","-119.716433"
"12/13/2025","AQS","060195001","3","7.1","ug/m3 LC","39","Clovis-Villa","1","100.0000","88101","PM2.5 - Local Conditions","170","Met One BAM-1020 Mass Monitor w/VSCC","23420","Fresno, CA","06","California","019","Fresno","36.819449","-119.716433"
"12/14/2025","AQS","060195001","3","13.1","ug/m3 LC","58","Clovis-Villa","1","100.0000","88101","PM2.5 - Local Conditions","170","Met One BAM-1020 Mass Monitor w/VSCC","23420","Fresno, CA","06","California","019","Fresno","36.819449","-119.716433"
"12/15/2025","AQS","060195001","3","7.6","ug/m3 LC","42","Clovis-Villa","1","100.0000","88101","PM2.5 - Local Conditions","170","Met One BAM-1020 Mass Monitor w/VSCC","23420","Fresno, CA","06","California","019","Fresno","36.819449","-119.716433"
"12/16/2025","AQS","060195001","3","13.1","ug/m3 LC","58","Clovis-Villa","1","100.0000","88101","PM2.5 - Local Conditions","170","Met One BAM-1020 Mass Monitor w/VSCC","23420","Fresno, CA","06","California","019","Fresno","36.819449","-119.716433"
"12/17/2025","AQS","060195001","3","19","ug/m3 LC","69","Clovis-Villa","1","100.0000","88101","PM2.5 - Local Conditions","170","Met One BAM-1020 Mass Monitor w/VSCC","23420","Fresno, CA","06","California","019","Fresno","36.819449","-119.716433"
"12/18/2025","AQS","060195001","3","10.5","ug/m3 LC","54","Clovis-Villa","1","100.0000","88101","PM2.5 - Local Conditions","170","Met One BAM-1020 Mass Monitor w/VSCC","23420","Fresno, CA","06","California","019","Fresno","36.819449","-119.716433"
"12/19/2025","AQS","060195001","3","10.4","ug/m3 LC","53","Clovis-Villa","1","100.0000","88101","PM2.5 - Local Conditions","170","Met One BAM-1020 Mass Monitor w/VSCC","23420","Fresno, CA","06","California","019","Fresno","36.819449","-119.716433"
"12/20/2025","AQS","060195001","3","13.9","ug/m3 LC","60","Clovis-Villa","1","100.0000","88101","PM2.5 - Local Conditions","170","Met One BAM-1020 Mass Monitor w/VSCC","23420","Fresno, CA","06","California","019","Fresno","36.819449","-119.716433"
"12/21/2025","AQS","060195001","3","2.6","ug/m3 LC","14","Clovis-Villa","1","100.0000","88101","PM2.5 - Local Conditions","170","Met One BAM-1020 Mass Monitor w/VSCC","23420","Fresno, CA","06","California","019","Fresno","36.819449","-119.716433"
"12/22/2025","AQS","060195001","3","1.5","ug/m3 LC","8","Clovis-Villa","1","100.0000","88101","PM2.5 - Local Conditions","170","Met One BAM-1020 Mass Monitor w/VSCC","23420","Fresno, CA","06","California","019","Fresno","36.819449","-119.716433"
"12/23/2025","AQS","060195001","3","6.7","ug/m3 LC","37","Clovis-Villa","1","100.0000","88101","PM2.5 - Local Conditions","170","Met One BAM-1020 Mass Monitor w/VSCC","23420","Fresno, CA","06","California","019","Fresno","36.819449","-119.716433"
"12/24/2025","AQS","060195001","3","-1.8","ug/m3 LC","0","Clovis-Villa","1","100.0000","88101","PM2.5 - Local Conditions","170","Met One BAM-1020 Mass Monitor w/VSCC","23420","Fresno, CA","06","California","019","Fresno","36.819449","-119.716433"
"12/25/2025","AQS","060195001","3","-1.9","ug/m3 LC","0","Clovis-Villa","1","100.0000","88101","PM2.5 - Local Conditions","170","Met One BAM-1020 Mass Monitor w/VSCC","23420","Fresno, CA","06","California","019","Fresno","36.819449","-119.716433"
"12/26/2025","AQS","060195001","3","-0.8","ug/m3 LC","0","Clovis-Villa","1","100.0000","88101","PM2.5 - Local Conditions","170","Met One BAM-1020 Mass Monitor w/VSCC","23420","Fresno, CA","06","California","019","Fresno","36.819449","-119.716433"
"12/27/2025","AQS","060195001","3","1","ug/m3 LC","6","Clovis-Villa","1","100.0000","88101","PM2.5 - Local Conditions","170","Met One BAM-1020 Mass Monitor w/VSCC","23420","Fresno, CA","06","California","019","Fresno","36.819449","-119.716433"
"12/28/2025","AQS","060195001","3","3.8","ug/m3 LC","21","Clovis-Villa","1","100.0000","88101","PM2.5 - Local Conditions","170","Met One BAM-1020 Mass Monitor w/VSCC","23420","Fresno, CA","06","California","019","Fresno","36.819449","-119.716433"
"12/29/2025","AQS","060195001","3","5.2","ug/m3 LC","29","Clovis-Villa","1","100.0000","88101","PM2.5 - Local Conditions","170","Met One BAM-1020 Mass Monitor w/VSCC","23420","Fresno, CA","06","California","019","Fresno","36.819449","-119.716433"
"12/30/2025","AQS","060195001","3","12.6","ug/m3 LC","58","Clovis-Villa","1","100.0000","88101","PM2.5 - Local Conditions","170","Met One BAM-1020 Mass Monitor w/VSCC","23420","Fresno, CA","06","California","019","Fresno","36.819449","-119.716433"
"12/31/2025","AQS","060195001","3","15.8","ug/m3 LC","63","Clovis-Villa","1","100.0000","88101","PM2.5 - Local Conditions","170","Met One BAM-1020 Mass Monitor w/VSCC","23420","Fresno, CA","06","California","019","Fresno","36.819449","-119.716433"
"01/01/2025","AQS","060195025","3","54.1","ug/m3 LC","147","Fresno-Pacific","1","100.0000","88101","PM2.5 - Local Conditions","170","Met One BAM-1020 Mass Monitor w/VSCC","23420","Fresno, CA","06","California","019","Fresno","36.72639","-119.733"
"01/02/2025","AQS","060195025","3","33.3","ug/m3 LC","96","Fresno-Pacific","1","100.0000","88101","PM2.5 - Local Conditions","170","Met One BAM-1020 Mass Monitor w/VSCC","23420","Fresno, CA","06","California","019","Fresno","36.72639","-119.733"
"01/03/2025","AQS","060195025","3","23.3","ug/m3 LC","77","Fresno-Pacific","1","100.0000","88101","PM2.5 - Local Conditions","170","Met One BAM-1020 Mass Monitor w/VSCC","23420","Fresno, CA","06","California","019","Fresno","36.72639","-119.733"
"01/04/2025","AQS","060195025","3","11.7","ug/m3 LC","56","Fresno-Pacific","1","100.0000","88101","PM2.5 - Local Conditions","170","Met One BAM-1020 Mass Monitor w/VSCC","23420","Fresno, CA","06","California","019","Fresno","36.72639","-119.733"
"01/05/2025","AQS","060195025","3","19.9","ug/m3 LC","71","Fresno-Pacific","1","100.0000","88101","PM2.5 - Local Conditions","170","Met One BAM-1020 Mass Monitor w/VSCC","23420","Fresno, CA","06","California","019","Fresno","36.72639","-119.733"
"01/06/2025","AQS","060195025","3","19.2","ug/m3 LC","70","Fresno-Pacific","1","100.0000","88101","PM2.5 - Local Conditions","170","Met One BAM-1020 Mass Monitor w/VSCC","23420","Fresno, CA","06","California","019","Fresno","36.72639","-119.733"
"01/07/2025","AQS","060195025","3","18.8","ug/m3 LC","69","Fresno-Pacific","1","100.0000","88101","PM2.5 - Local Conditions","170","Met One BAM-1020 Mass Monitor w/VSCC","23420","Fresno, CA","06","California","019","Fresno","36.72639","-119.733"
"01/08/2025","AQS","060195025","3","24.7","ug/m3 LC","80","Fresno-Pacific","1","100.0000","88101","PM2.5 - Local Conditions","170","Met One BAM-1020 Mass Monitor w/VSCC","23420","Fresno, CA","06","California","019","Fresno","36.72639","-119.733"
"01/09/2025","AQS","060195025","3","20.8","ug/m3 LC","73","Fresno-Pacific","1","100.0000","88101","PM2.5 - Local Conditions","170","Met One BAM-1020 Mass Monitor w/VSCC","23420","Fresno, CA","06","California","019","Fresno","36.72639","-119.733"
"01/10/2025","AQS","060195025","3","21.4","ug/m3 LC","74","Fresno-Pacific","1","100.0000","88101","PM2.5 - Local Conditions","170","Met One BAM-1020 Mass Monitor w/VSCC","23420","Fresno, CA","06","California","019","Fresno","36.72639","-119.733"
"01/11/2025","AQS","060195025","3","24.3","ug/m3 LC","79","Fresno-Pacific","1","100.0000","88101","PM2.5 - Local Conditions","170","Met One BAM-1020 Mass Monitor w/VSCC","23420","Fresno, CA","06","California","019","Fresno","36.72639","-119.733"
"01/12/2025","AQS","060195025","3","26.3","ug/m3 LC","83","Fresno-Pacific","1","100.0000","88101","PM2.5 - Local Conditions","170","Met One BAM-1020 Mass Monitor w/VSCC","23420","Fresno, CA","06","California","019","Fresno","36.72639","-119.733"
"01/13/2025","AQS","060195025","3","13.1","ug/m3 LC","58","Fresno-Pacific","1","100.0000","88101","PM2.5 - Local Conditions","170","Met One BAM-1020 Mass Monitor w/VSCC","23420","Fresno, CA","06","California","019","Fresno","36.72639","-119.733"
"01/14/2025","AQS","060195025","3","18.5","ug/m3 LC","69","Fresno-Pacific","1","100.0000","88101","PM2.5 - Local Conditions","170","Met One BAM-1020 Mass Monitor w/VSCC","23420","Fresno, CA","06","California","019","Fresno","36.72639","-119.733"
"01/15/2025","AQS","060195025","3","25.6","ug/m3 LC","82","Fresno-Pacific","1","100.0000","88101","PM2.5 - Local Conditions","170","Met One BAM-1020 Mass Monitor w/VSCC","23420","Fresno, CA","06","California","019","Fresno","36.72639","-119.733"
"01/16/2025","AQS","060195025","3","26.9","ug/m3 LC","84","Fresno-Pacific","1","100.0000","88101","PM2.5 - Local Conditions","170","Met One BAM-1020 Mass Monitor w/VSCC","23420","Fresno, CA","06","California","019","Fresno","36.72639","-119.733"
"01/17/2025","AQS","060195025","3","22.4","ug/m3 LC","76","Fresno-Pacific","1","100.0000","88101","PM2.5 - Local Conditions","170","Met One BAM-1020 Mass Monitor w/VSCC","23420","Fresno, CA","06","California","019","Fresno","36.72639","-119.733"
"01/18/2025","AQS","060195025","3","38.7","ug/m3 LC","109","Fresno-Pacific","1","100.0000","88101","PM2.5 - Local Conditions","170","Met One BAM-1020 Mass Monitor w/VSCC","23420","Fresno, CA","06","California","019","Fresno","36.72639","-119.733"
"01/19/2025","AQS","060195025","3","35.8","ug/m3 LC","102","Fresno-Pacific","1","100.0000","88101","PM2.5 - Local Conditions","170","Met One BAM-1020 Mass Monitor w/VSCC","23420","Fresno, CA","06","California","019","Fresno","36.72639","-119.733"
"01/20/2025","AQS","060195025","3","34.7","ug/m3 LC","99","Fresno-Pacific","1","100.0000","88101","PM2.5 - Local Conditions","170","Met One BAM-1020 Mass Monitor w/VSCC","23420","Fresno, CA","06","California","019","Fresno","36.72639","-119.733"
"01/21/2025","AQS","060195025","3","32.6","ug/m3 LC","95","Fresno-Pacific","1","100.0000","88101","PM2.5 - Local Conditions","170","Met One BAM-1020 Mass Monitor w/VSCC","23420","Fresno, CA","06","California","019","Fresno","36.72639","-119.733"
"01/22/2025","AQS","060195025","3","32.3","ug/m3 LC","94","Fresno-Pacific","1","100.0000","88101","PM2.5 - Local Conditions","170","Met One BAM-1020 Mass Monitor w/VSCC","23420","Fresno, CA","06","California","019","Fresno","36.72639","-119.733"
"01/23/2025","AQS","060195025","3","31.3","ug/m3 LC","92","Fresno-Pacific","1","100.0000","88101","PM2.5 - Local Conditions","170","Met One BAM-1020 Mass Monitor w/VSCC","23420","Fresno, CA","06","California","019","Fresno","36.72639","-119.733"
"01/24/2025","AQS","060195025","3","25.6","ug/m3 LC","82","Fresno-Pacific","1","100.0000","88101","PM2.5 - Local Conditions","170","Met One BAM-1020 Mass Monitor w/VSCC","23420","Fresno, CA","06","California","019","Fresno","36.72639","-119.733"
"01/25/2025","AQS","060195025","3","21.2","ug/m3 LC","74","Fresno-Pacific","1","100.0000","88101","PM2.5 - Local Conditions","170","Met One BAM-1020 Mass Monitor w/VSCC","23420","Fresno, CA","06","California","019","Fresno","36.72639","-119.733"
"01/26/2025","AQS","060195025","3","5.1","ug/m3 LC","28","Fresno-Pacific","1","100.0000","88101","PM2.5 - Local Conditions","170","Met One BAM-1020 Mass Monitor w/VSCC","23420","Fresno, CA","06","California","019","Fresno","36.72639","-119.733"
"01/27/2025","AQS","060195025","3","12","ug/m3 LC","56","Fresno-Pacific","1","100.0000","88101","PM2.5 - Local Conditions","170","Met One BAM-1020 Mass Monitor w/VSCC","23420","Fresno, CA","06","California","019","Fresno","36.72639","-119.733"
"01/28/2025","AQS","060195025","3","14.1","ug/m3 LC","60","Fresno-Pacific","1","100.0000","88101","PM2.5 - Local Conditions","170","Met One BAM-1020 Mass Monitor w/VSCC","23420","Fresno, CA","06","California","019","Fresno","36.72639","-119.733"
"01/29/2025","AQS","060195025","3","17","ug/m3 LC","66","Fresno-Pacific","1","100.0000","88101","PM2.5 - Local Conditions","170","Met One BAM-1020 Mass Monitor w/VSCC","23420","Fresno, CA","06","California","019","Fresno","36.72639","-119.733"
"01/30/2025","AQS","060195025","3","29.7","ug/m3 LC","89","Fresno-Pacific","1","100.0000","88101","PM2.5 - Local Conditions","170","Met One BAM-1020 Mass Monitor w/VSCC","23420","Fresno, CA","06","California","019","Fresno","36.72639","-119.733"
"01/31/2025","AQS","060195025","3","29.6","ug/m3 LC","89","Fresno-Pacific","1","100.0000","88101","PM2.5 - Local Conditions","170","Met One BAM-1020 Mass Monitor w/VSCC","23420","Fresno, CA","06","California","019","Fresno","36.72639","-119.733"
"02/01/2025","AQS","060195025","3","26","ug/m3 LC","82","Fresno-Pacific","1","100.0000","88101","PM2.5 - Local Conditions","170","Met One BAM-1020 Mass Monitor w/VSCC","23420","Fresno, CA","06","California","019","Fresno","36.72639","-119.733"
"02/02/2025","AQS","060195025","3","11.6","ug/m3 LC","56","Fresno-Pacific","1","100.0000","88101","PM2.5 - Local Conditions","170","Met One BAM-1020 Mass Monitor w/VSCC","23420","Fresno, CA","06","California","019","Fresno","36.72639","-119.733"
"02/03/2025","AQS","060195025","3","9.8","ug/m3 LC","52","Fresno-Pacific","1","100.0000","88101","PM2.5 - Local Conditions","170","Met One BAM-1020 Mass Monitor w/VSCC","23420","Fresno, CA","06","California","019","Fresno","36.72639","-119.733"
"02/04/2025","AQS","060195025","3","2.2","ug/m3 LC","12","Fresno-Pacific","1","100.0000","88101","PM2.5 - Local Conditions","170","Met One BAM-1020 Mass Monitor w/VSCC","23420","Fresno, CA","06","California","019","Fresno","36.72639","-119.733"
"02/05/2025","AQS","060195025","3","3.7","ug/m3 LC","21","Fresno-Pacific","1","100.0000","88101","PM2.5 - Local Conditions","170","Met One BAM-1020 Mass Monitor w/VSCC","23420","Fresno, CA","06","California","019","Fresno","36.72639","-119.733"
"02/06/2025","AQS","060195025","3","6.8","ug/m3 LC","38","Fresno-Pacific","1","100.0000","88101","PM2.5 - Local Conditions","170","Met One BAM-1020 Mass Monitor w/VSCC","23420","Fresno, CA","06","California","019","Fresno","36.72639","-119.733"
"02/07/2025","AQS","060195025","3","2.3","ug/m3 LC","13","Fresno-Pacific","1","100.0000","88101","PM2.5 - Local Conditions","170","Met One BAM-1020 Mass Monitor w/VSCC","23420","Fresno, CA","06","California","019","Fresno","36.72639","-119.733"
"02/08/2025","AQS","060195025","3","7.9","ug/m3 LC","44","Fresno-Pacific","1","100.0000","88101","PM2.5 - Local Conditions","170","Met One BAM-1020 Mass Monitor w/VSCC","23420","Fresno, CA","06","California","019","Fresno","36.72639","-119.733"
"02/09/2025","AQS","060195025","3","8.7","ug/m3 LC","48","Fresno-Pacific","1","100.0000","88101","PM2.5 - Local Conditions","170","Met One BAM-1020 Mass Monitor w/VSCC","23420","Fresno, CA","06","California","019","Fresno","36.72639","-119.733"
"02/10/2025","AQS","060195025","3","9.8","ug/m3 LC","52","Fresno-Pacific","1","100.0000","88101","PM2.5 - Local Conditions","170","Met One BAM-1020 Mass Monitor w/VSCC","23420","Fresno, CA","06","California","019","Fresno","36.72639","-119.733"
"02/11/2025","AQS","060195025","3","8.6","ug/m3 LC","48","Fresno-Pacific","1","100.0000","88101","PM2.5 - Local Conditions","170","Met One BAM-1020 Mass Monitor w/VSCC","23420","Fresno, CA","06","California","019","Fresno","36.72639","-119.733"
"02/12/2025","AQS","060195025","3","6.5","ug/m3 LC","36","Fresno-Pacific","1","100.0000","88101","PM2.5 - Local Conditions","170","Met One BAM-1020 Mass Monitor w/VSCC","23420","Fresno, CA","06","California","019","Fresno","36.72639","-119.733"
"02/13/2025","AQS","060195025","3","3.4","ug/m3 LC","19","Fresno-Pacific","1","100.0000","88101","PM2.5 - Local Conditions","170","Met One BAM-1020 Mass Monitor w/VSCC","23420","Fresno, CA","06","California","019","Fresno","36.72639","-119.733"
"02/14/2025","AQS","060195025","3","5.4","ug/m3 LC","30","Fresno-Pacific","1","100.0000","88101","PM2.5 - Local Conditions","170","Met One BAM-1020 Mass Monitor w/VSCC","23420","Fresno, CA","06","California","019","Fresno","36.72639","-119.733"
"02/15/2025","AQS","060195025","3","13.9","ug/m3 LC","60","Fresno-Pacific","1","100.0000","88101","PM2.5 - Local Conditions","170","Met One BAM-1020 Mass Monitor w/VSCC","23420","Fresno, CA","06","California","019","Fresno","36.72639","-119.733"
"02/16/2025","AQS","060195025","3","14.1","ug/m3 LC","60","Fresno-Pacific","1","100.0000","88101","PM2.5 - Local Conditions","170","Met One BAM-1020 Mass Monitor w/VSCC","23420","Fresno, CA","06","California","019","Fresno","36.72639","-119.733"
"02/17/2025","AQS","060195025","3","7.1","ug/m3 LC","39","Fresno-Pacific","1","100.0000","88101","PM2.5 - Local Conditions","170","Met One BAM-1020 Mass Monitor w/VSCC","23420","Fresno, CA","06","California","019","Fresno","36.72639","-119.733"
"02/18/2025","AQS","060195025","3","10.9","ug/m3 LC","54","Fresno-Pacific","1","100.0000","88101","PM2.5 - Local Conditions","170","Met One BAM-1020 Mass Monitor w/VSCC","23420","Fresno, CA","06","California","019","Fresno","36.72639","-119.733"
"02/19/2025","AQS","060195025","3","13.3","ug/m3 LC","59","Fresno-Pacific","1","100.0000","88101","PM2.5 - Local Conditions","170","Met One BAM-1020 Mass Monitor w/VSCC","23420","Fresno, CA","06","California","019","Fresno","36.72639","-119.733"
"02/20/2025","AQS","060195025","3","11.7","ug/m3 LC","56","Fresno-Pacific","1","100.0000","88101","PM2.5 - Local Conditions","170","Met One BAM-1020 Mass Monitor w/VSCC","23420","Fresno, CA","06","California","019","Fresno","36.72639","-119.733"
"02/21/2025","AQS","060195025","3","14.7","ug/m3 LC","61","Fresno-Pacific","1","100.0000","88101","PM2.5 - Local Conditions","170","Met One BAM-1020 Mass Monitor w/VSCC","23420","Fresno, CA","06","California","019","Fresno","36.72639","-119.733"
"02/22/2025","AQS","060195025","3","17.3","ug/m3 LC","66","Fresno-Pacific","1","100.0000","88101","PM2.5 - Local Conditions","170","Met One BAM-1020 Mass Monitor w/VSCC","23420","Fresno, CA","06","California","019","Fresno","36.72639","-119.733"
"02/23/2025","AQS","060195025","3","18.6","ug/m3 LC","69","Fresno-Pacific","1","100.0000","88101","PM2.5 - Local Conditions","170","Met One BAM-1020 Mass Monitor w/VSCC","23420","Fresno, CA","06","California","019","Fresno","36.72639","-119.733"
"02/24/2025","AQS","060195025","3","12.2","ug/m3 LC","57","Fresno-Pacific","1","100.0000","88101","PM2.5 - Local Conditions","170","Met One BAM-1020 Mass Monitor w/VSCC","23420","Fresno, CA","06","California","019","Fresno","36.72639","-119.733"
"02/25/2025","AQS","060195025","3","10.1","ug/m3 LC","53","Fresno-Pacific","1","100.0000","88101","PM2.5 - Local Conditions","170","Met One BAM-1020 Mass Monitor w/VSCC","23420","Fresno, CA","06","California","019","Fresno","36.72639","-119.733"
"02/26/2025","AQS","060195025","3","18.2","ug/m3 LC","68","Fresno-Pacific","1","100.0000","88101","PM2.5 - Local Conditions","170","Met One BAM-1020 Mass Monitor w/VSCC","23420","Fresno, CA","06","California","019","Fresno","36.72639","-119.733"
"02/27/2025","AQS","060195025","3","14.4","ug/m3 LC","61","Fresno-Pacific","1","100.0000","88101","PM2.5 - Local Conditions","170","Met One BAM-1020 Mass Monitor w/VSCC","23420","Fresno, CA","06","California","019","Fresno","36.72639","-119.733"
"02/28/2025","AQS","060195025","3","9.7","ug/m3 LC","52","Fresno-Pacific","1","100.0000","88101","PM2.5 - Local Conditions","170","Met One BAM-1020 Mass Monitor w/VSCC","23420","Fresno, CA","06","California","019","Fresno","36.72639","-119.733"
"03/01/2025","AQS","060195025","3","10.1","ug/m3 LC","53","Fresno-Pacific","1","100.0000","88101","PM2.5 - Local Conditions","170","Met One BAM-1020 Mass Monitor w/VSCC","23420","Fresno, CA","06","California","019","Fresno","36.72639","-119.733"
"03/02/2025","AQS","060195025","3","2.8","ug/m3 LC","16","Fresno-Pacific","1","100.0000","88101","PM2.5 - Local Conditions","170","Met One BAM-1020 Mass Monitor w/VSCC","23420","Fresno, CA","06","California","019","Fresno","36.72639","-119.733"
"03/03/2025","AQS","060195025","3","3.5","ug/m3 LC","19","Fresno-Pacific","1","100.0000","88101","PM2.5 - Local Conditions","170","Met One BAM-1020 Mass Monitor w/VSCC","23420","Fresno, CA","06","California","019","Fresno","36.72639","-119.733"
"03/04/2025","AQS","060195025","3","6.7","ug/m3 LC","37","Fresno-Pacific","1","100.0000","88101","PM2.5 - Local Conditions","170","Met One BAM-1020 Mass Monitor w/VSCC","23420","Fresno, CA","06","California","019","Fresno","36.72639","-119.733"
"03/05/2025","AQS","060195025","3","6.6","ug/m3 LC","37","Fresno-Pacific","1","100.0000","88101","PM2.5 - Local Conditions","170","Met One BAM-1020 Mass Monitor w/VSCC","23420","Fresno, CA","06","California","019","Fresno","36.72639","-119.733"
"03/06/2025","AQS","060195025","3","4.4","ug/m3 LC","24","Fresno-Pacific","1","100.0000","88101","PM2.5 - Local Conditions","170","Met One BAM-1020 Mass Monitor w/VSCC","23420","Fresno, CA","06","California","019","Fresno","36.72639","-119.733"
"03/07/2025","AQS","060195025","3","9.7","ug/m3 LC","52","Fresno-Pacific","1","100.0000","88101","PM2.5 - Local Conditions","170","Met One BAM-1020 Mass Monitor w/VSCC","23420","Fresno, CA","06","California","019","Fresno","36.72639","-119.733"
"03/08/2025","AQS","060195025","3","9.3","ug/m3 LC","51","Fresno-Pacific","1","100.0000","88101","PM2.5 - Local Conditions","170","Met One BAM-1020 Mass Monitor w/VSCC","23420","Fresno, CA","06","California","019","Fresno","36.72639","-119.733"
"03/09/2025","AQS","060195025","3","6.8","ug/m3 LC","38","Fresno-Pacific","1","100.0000","88101","PM2.5 - Local Conditions","170","Met One BAM-1020 Mass Monitor w/VSCC","23420","Fresno, CA","06","California","019","Fresno","36.72639","-119.733"
"03/10/2025","AQS","060195025","3","9.5","ug/m3 LC","52","Fresno-Pacific","1","100.0000","88101","PM2.5 - Local Conditions","170","Met One BAM-1020 Mass Monitor w/VSCC","23420","Fresno, CA","06","California","019","Fresno","36.72639","-119.733"
"03/11/2025","AQS","060195025","3","8.6","ug/m3 LC","48","Fresno-Pacific","1","100.0000","88101","PM2.5 - Local Conditions","170","Met One BAM-1020 Mass Monitor w/VSCC","23420","Fresno, CA","06","California","019","Fresno","36.72639","-119.733"
"03/12/2025","AQS","060195025","3","5.2","ug/m3 LC","29","Fresno-Pacific","1","100.0000","88101","PM2.5 - Local Conditions","170","Met One BAM-1020 Mass Monitor w/VSCC","23420","Fresno, CA","06","California","019","Fresno","36.72639","-119.733"
"03/13/2025","AQS","060195025","3","2.6","ug/m3 LC","14","Fresno-Pacific","1","100.0000","88101","PM2.5 - Local Conditions","170","Met One BAM-1020 Mass Monitor w/VSCC","23420","Fresno, CA","06","California","019","Fresno","36.72639","-119.733"
"03/14/2025","AQS","060195025","3","5.4","ug/m3 LC","30","Fresno-Pacific","1","100.0000","88101","PM2.5 - Local Conditions","170","Met One BAM-1020 Mass Monitor w/VSCC","23420","Fresno, CA","06","California","019","Fresno","36.72639","-119.733"
"03/15/2025","AQS","060195025","3","11","ug/m3 LC","55","Fresno-Pacific","1","100.0000","88101","PM2.5 - Local Conditions","170","Met One BAM-1020 Mass Monitor w/VSCC","23420","Fresno, CA","06","California","019","Fresno","36.72639","-119.733"
"03/16/2025","AQS","060195025","3","8.5","ug/m3 LC","47","Fresno-Pacific","1","100.0000","88101","PM2.5 - Local Conditions","170","Met One BAM-1020 Mass Monitor w/VSCC","23420","Fresno, CA","06","California","019","Fresno","36.72639","-119.733"
"03/17/2025","AQS","060195025","3","5.2","ug/m3 LC","29","Fresno-Pacific","1","100.0000","88101","PM2.5 - Local Conditions","170","Met One BAM-1020 Mass Monitor w/VSCC","23420","Fresno, CA","06","California","019","Fresno","36.72639","-119.733"
"03/18/2025","AQS","060195025","3","2.5","ug/m3 LC","14","Fresno-Pacific","1","100.0000","88101","PM2.5 - Local Conditions","170","Met One BAM-1020 Mass Monitor w/VSCC","23420","Fresno, CA","06","California","019","Fresno","36.72639","-119.733"
"03/19/2025","AQS","060195025","3","6.3","ug/m3 LC","35","Fresno-Pacific","1","100.0000","88101","PM2.5 - Local Conditions","170","Met One BAM-1020 Mass Monitor w/VSCC","23420","Fresno, CA","06","California","019","Fresno","36.72639","-119.733"
"03/20/2025","AQS","060195025","3","2.4","ug/m3 LC","13","Fresno-Pacific","1","100.0000","88101","PM2.5 - Local Conditions","170","Met One BAM-1020 Mass Monitor w/VSCC","23420","Fresno, CA","06","California","019","Fresno","36.72639","-119.733"
"03/21/2025","AQS","060195025","3","7","ug/m3 LC","39","Fresno-Pacific","1","100.0000","88101","PM2.5 - Local Conditions","170","Met One BAM-1020 Mass Monitor w/VSCC","23420","Fresno, CA","06","California","019","Fresno","36.72639","-119.733"
"03/22/2025","AQS","060195025","3","4.6","ug/m3 LC","26","Fresno-Pacific","1","100.0000","88101","PM2.5 - Local Conditions","170","Met One BAM-1020 Mass Monitor w/VSCC","23420","Fresno, CA","06","California","019","Fresno","36.72639","-119.733"
"03/23/2025","AQS","060195025","3","7.8","ug/m3 LC","43","Fresno-Pacific","1","100.0000","88101","PM2.5 - Local Conditions","170","Met One BAM-1020 Mass Monitor w/VSCC","23420","Fresno, CA","06","California","019","Fresno","36.72639","-119.733"
"03/29/2025","AQS","060195025","3","2","ug/m3 LC","11","Fresno-Pacific","1","100.0000","88101","PM2.5 - Local Conditions","170","Met One BAM-1020 Mass Monitor w/VSCC","23420","Fresno, CA","06","California","019","Fresno","36.72639","-119.733"
"03/30/2025","AQS","060195025","3","4.5","ug/m3 LC","25","Fresno-Pacific","1","100.0000","88101","PM2.5 - Local Conditions","170","Met One BAM-1020 Mass Monitor w/VSCC","23420","Fresno, CA","06","California","019","Fresno","36.72639","-119.733"
"03/31/2025","AQS","060195025","3","1.8","ug/m3 LC","10","Fresno-Pacific","1","100.0000","88101","PM2.5 - Local Conditions","170","Met One BAM-1020 Mass Monitor w/VSCC","23420","Fresno, CA","06","California","019","Fresno","36.72639","-119.733"
"04/01/2025","AQS","060195025","3","1.1","ug/m3 LC","6","Fresno-Pacific","1","100.0000","88101","PM2.5 - Local Conditions","170","Met One BAM-1020 Mass Monitor w/VSCC","23420","Fresno, CA","06","California","019","Fresno","36.72639","-119.733"
"04/02/2025","AQS","060195025","3","2.5","ug/m3 LC","14","Fresno-Pacific","1","100.0000","88101","PM2.5 - Local Conditions","170","Met One BAM-1020 Mass Monitor w/VSCC","23420","Fresno, CA","06","California","019","Fresno","36.72639","-119.733"
"04/03/2025","AQS","060195025","3","4","ug/m3 LC","22","Fresno-Pacific","1","100.0000","88101","PM2.5 - Local Conditions","170","Met One BAM-1020 Mass Monitor w/VSCC","23420","Fresno, CA","06","California","019","Fresno","36.72639","-119.733"
"04/04/2025","AQS","060195025","3","5.8","ug/m3 LC","32","Fresno-Pacific","1","100.0000","88101","PM2.5 - Local Conditions","170","Met One BAM-1020 Mass Monitor w/VSCC","23420","Fresno, CA","06","California","019","Fresno","36.72639","-119.733"
"04/05/2025","AQS","060195025","3","8.6","ug/m3 LC","48","Fresno-Pacific","1","100.0000","88101","PM2.5 - Local Conditions","170","Met One BAM-1020 Mass Monitor w/VSCC","23420","Fresno, CA","06","California","019","Fresno","36.72639","-119.733"
"04/06/2025","AQS","060195025","3","8.5","ug/m3 LC","47","Fresno-Pacific","1","100.0000","88101","PM2.5 - Local Conditions","170","Met One BAM-1020 Mass Monitor w/VSCC","23420","Fresno, CA","06","California","019","Fresno","36.72639","-119.733"
"04/07/2025","AQS","060195025","3","3","ug/m3 LC","17","Fresno-Pacific","1","100.0000","88101","PM2.5 - Local Conditions","170","Met One BAM-1020 Mass Monitor w/VSCC","23420","Fresno, CA","06","California","019","Fresno","36.72639","-119.733"
"04/08/2025","AQS","060195025","3","2","ug/m3 LC","11","Fresno-Pacific","1","100.0000","88101","PM2.5 - Local Conditions","170","Met One BAM-1020 Mass Monitor w/VSCC","23420","Fresno, CA","06","California","019","Fresno","36.72639","-119.733"
"04/09/2025","AQS","060195025","3","5.4","ug/m3 LC","30","Fresno-Pacific","1","100.0000","88101","PM2.5 - Local Conditions","170","Met One BAM-1020 Mass Monitor w/VSCC","23420","Fresno, CA","06","California","019","Fresno","36.72639","-119.733"
"04/10/2025","AQS","060195025","3","9.6","ug/m3 LC","52","Fresno-Pacific","1","100.0000","88101","PM2.5 - Local Conditions","170","Met One BAM-1020 Mass Monitor w/VSCC","23420","Fresno, CA","06","California","019","Fresno","36.72639","-119.733"
"04/11/2025","AQS","060195025","3","6.1","ug/m3 LC","34","Fresno-Pacific","1","100.0000","88101","PM2.5 - Local Conditions","170","Met One BAM-1020 Mass Monitor w/VSCC","23420","Fresno, CA","06","California","019","Fresno","36.72639","-119.733"
"04/12/2025","AQS","060195025","3","7.1","ug/m3 LC","39","Fresno-Pacific","1","100.0000","88101","PM2.5 - Local Conditions","170","Met One BAM-1020 Mass Monitor w/VSCC","23420","Fresno, CA","06","California","019","Fresno","36.72639","-119.733"
"04/13/2025","AQS","060195025","3","7.7","ug/m3 LC","43","Fresno-Pacific","1","100.0000","88101","PM2.5 - Local Conditions","170","Met One BAM-1020 Mass Monitor w/VSCC","23420","Fresno, CA","06","California","019","Fresno","36.72639","-119.733"
"04/14/2025","AQS","060195025","3","11.8","ug/m3 LC","56","Fresno-Pacific","1","100.0000","88101","PM2.5 - Local Conditions","170","Met One BAM-1020 Mass Monitor w/VSCC","23420","Fresno, CA","06","California","019","Fresno","36.72639","-119.733"
"04/15/2025","AQS","060195025","3","9.2","ug/m3 LC","51","Fresno-Pacific","1","100.0000","88101","PM2.5 - Local Conditions","170","Met One BAM-1020 Mass Monitor w/VSCC","23420","Fresno, CA","06","California","019","Fresno","36.72639","-119.733"
"04/16/2025","AQS","060195025","3","9.9","ug/m3 LC","52","Fresno-Pacific","1","100.0000","88101","PM2.5 - Local Conditions","170","Met One BAM-1020 Mass Monitor w/VSCC","23420","Fresno, CA","06","California","019","Fresno","36.72639","-119.733"
"04/17/2025","AQS","060195025","3","6.5","ug/m3 LC","36","Fresno-Pacific","1","100.0000","88101","PM2.5 - Local Conditions","170","Met One BAM-1020 Mass Monitor w/VSCC","23420","Fresno, CA","06","California","019","Fresno","36.72639","-119.733"
"04/18/2025","AQS","060195025","3","6.9","ug/m3 LC","38","Fresno-Pacific","1","100.0000","88101","PM2.5 - Local Conditions","170","Met One BAM-1020 Mass Monitor w/VSCC","23420","Fresno, CA","06","California","019","Fresno","36.72639","-119.733"
"04/19/2025","AQS","060195025","3","11.6","ug/m3 LC","56","Fresno-Pacific","1","100.0000","88101","PM2.5 - Local Conditions","170","Met One BAM-1020 Mass Monitor w/VSCC","23420","Fresno, CA","06","California","019","Fresno","36.72639","-119.733"
"04/20/2025","AQS","060195025","3","9.1","ug/m3 LC","51","Fresno-Pacific","1","100.0000","88101","PM2.5 - Local Conditions","170","Met One BAM-1020 Mass Monitor w/VSCC","23420","Fresno, CA","06","California","019","Fresno","36.72639","-119.733"
"04/21/2025","AQS","060195025","3","6.6","ug/m3 LC","37","Fresno-Pacific","1","100.0000","88101","PM2.5 - Local Conditions","170","Met One BAM-1020 Mass Monitor w/VSCC","23420","Fresno, CA","06","California","019","Fresno","36.72639","-119.733"
"04/22/2025","AQS","060195025","3","6.2","ug/m3 LC","34","Fresno-Pacific","1","100.0000","88101","PM2.5 - Local Conditions","170","Met One BAM-1020 Mass Monitor w/VSCC","23420","Fresno, CA","06","California","019","Fresno","36.72639","-119.733"
"04/23/2025","AQS","060195025","3","4.9","ug/m3 LC","27","Fresno-Pacific","1","100.0000","88101","PM2.5 - Local Conditions","170","Met One BAM-1020 Mass Monitor w/VSCC","23420","Fresno, CA","06","California","019","Fresno","36.72639","-119.733"
"04/24/2025","AQS","060195025","3","9.5","ug/m3 LC","52","Fresno-Pacific","1","100.0000","88101","PM2.5 - Local Conditions","170","Met One BAM-1020 Mass Monitor w/VSCC","23420","Fresno, CA","06","California","019","Fresno","36.72639","-119.733"
"04/25/2025","AirNow","060195025","3","5.8","ug/m3 LC","32","Fresno-Pacific","1","100.0000","88101","PM2.5 - Local Conditions","","","23420","Fresno, CA","06","California","019","Fresno","36.72639","-119.733"
"04/26/2025","AirNow","060195025","3","5.5","ug/m3 LC","31","Fresno-Pacific","1","100.0000","88101","PM2.5 - Local Conditions","","","23420","Fresno, CA","06","California","019","Fresno","36.72639","-119.733"
"04/27/2025","AirNow","060195025","3","6","ug/m3 LC","33","Fresno-Pacific","1","100.0000","88101","PM2.5 - Local Conditions","","","23420","Fresno, CA","06","California","019","Fresno","36.72639","-119.733"
"04/28/2025","AirNow","060195025","3","9.3","ug/m3 LC","51","Fresno-Pacific","1","100.0000","88101","PM2.5 - Local Conditions","","","23420","Fresno, CA","06","California","019","Fresno","36.72639","-119.733"
"04/29/2025","AirNow","060195025","3","13.3","ug/m3 LC","59","Fresno-Pacific","1","100.0000","88101","PM2.5 - Local Conditions","","","23420","Fresno, CA","06","California","019","Fresno","36.72639","-119.733"
"04/30/2025","AirNow","060195025","3","16.1","ug/m3 LC","64","Fresno-Pacific","1","100.0000","88101","PM2.5 - Local Conditions","","","23420","Fresno, CA","06","California","019","Fresno","36.72639","-119.733"
"05/01/2025","AirNow","060195025","3","13.3","ug/m3 LC","59","Fresno-Pacific","1","100.0000","88101","PM2.5 - Local Conditions","","","23420","Fresno, CA","06","California","019","Fresno","36.72639","-119.733"
"05/02/2025","AQS","060195025","3","8.8","ug/m3 LC","49","Fresno-Pacific","1","100.0000","88101","PM2.5 - Local Conditions","170","Met One BAM-1020 Mass Monitor w/VSCC","23420","Fresno, CA","06","California","019","Fresno","36.72639","-119.733"
"05/03/2025","AQS","060195025","3","3.4","ug/m3 LC","19","Fresno-Pacific","1","100.0000","88101","PM2.5 - Local Conditions","170","Met One BAM-1020 Mass Monitor w/VSCC","23420","Fresno, CA","06","California","019","Fresno","36.72639","-119.733"
"05/04/2025","AQS","060195025","3","7.1","ug/m3 LC","39","Fresno-Pacific","1","100.0000","88101","PM2.5 - Local Conditions","170","Met One BAM-1020 Mass Monitor w/VSCC","23420","Fresno, CA","06","California","019","Fresno","36.72639","-119.733"
"05/05/2025","AQS","060195025","3","10.9","ug/m3 LC","54","Fresno-Pacific","1","100.0000","88101","PM2.5 - Local Conditions","170","Met One BAM-1020 Mass Monitor w/VSCC","23420","Fresno, CA","06","California","019","Fresno","36.72639","-119.733"
"05/06/2025","AQS","060195025","3","8.4","ug/m3 LC","47","Fresno-Pacific","1","100.0000","88101","PM2.5 - Local Conditions","170","Met One BAM-1020 Mass Monitor w/VSCC","23420","Fresno, CA","06","California","019","Fresno","36.72639","-119.733"
"05/07/2025","AQS","060195025","3","10.1","ug/m3 LC","53","Fresno-Pacific","1","100.0000","88101","PM2.5 - Local Conditions","170","Met One BAM-1020 Mass Monitor w/VSCC","23420","Fresno, CA","06","California","019","Fresno","36.72639","-119.733"
"05/08/2025","AQS","060195025","3","10.7","ug/m3 LC","54","Fresno-Pacific","1","100.0000","88101","PM2.5 - Local Conditions","170","Met One BAM-1020 Mass Monitor w/VSCC","23420","Fresno, CA","06","California","019","Fresno","36.72639","-119.733"
"05/09/2025","AQS","060195025","3","12.1","ug/m3 LC","57","Fresno-Pacific","1","100.0000","88101","PM2.5 - Local Conditions","170","Met One BAM-1020 Mass Monitor w/VSCC","23420","Fresno, CA","06","California","019","Fresno","36.72639","-119.733"
"05/10/2025","AQS","060195025","3","11.6","ug/m3 LC","56","Fresno-Pacific","1","100.0000","88101","PM2.5 - Local Conditions","170","Met One BAM-1020 Mass Monitor w/VSCC","23420","Fresno, CA","06","California","019","Fresno","36.72639","-119.733"
"05/11/2025","AQS","060195025","3","2.2","ug/m3 LC","12","Fresno-Pacific","1","100.0000","88101","PM2.5 - Local Conditions","170","Met One BAM-1020 Mass Monitor w/VSCC","23420","Fresno, CA","06","California","019","Fresno","36.72639","-119.733"
"05/12/2025","AirNow","060195025","3","2.8","ug/m3 LC","16","Fresno-Pacific","1","100.0000","88101","PM2.5 - Local Conditions","","","23420","Fresno, CA","06","California","019","Fresno","36.72639","-119.733"
"05/13/2025","AQS","060195025","3","2.1","ug/m3 LC","12","Fresno-Pacific","1","100.0000","88101","PM2.5 - Local Conditions","170","Met One BAM-1020 Mass Monitor w/VSCC","23420","Fresno, CA","06","California","019","Fresno","36.72639","-119.733"
"05/14/2025","AQS","060195025","3","5","ug/m3 LC","28","Fresno-Pacific","1","100.0000","88101","PM2.5 - Local Conditions","170","Met One BAM-1020 Mass Monitor w/VSCC","23420","Fresno, CA","06","California","019","Fresno","36.72639","-119.733"
"05/15/2025","AQS","060195025","3","5.1","ug/m3 LC","28","Fresno-Pacific","1","100.0000","88101","PM2.5 - Local Conditions","170","Met One BAM-1020 Mass Monitor w/VSCC","23420","Fresno, CA","06","California","019","Fresno","36.72639","-119.733"
"05/16/2025","AQS","060195025","3","4.5","ug/m3 LC","25","Fresno-Pacific","1","100.0000","88101","PM2.5 - Local Conditions","170","Met One BAM-1020 Mass Monitor w/VSCC","23420","Fresno, CA","06","California","019","Fresno","36.72639","-119.733"
"05/17/2025","AQS","060195025","3","5.1","ug/m3 LC","28","Fresno-Pacific","1","100.0000","88101","PM2.5 - Local Conditions","170","Met One BAM-1020 Mass Monitor w/VSCC","23420","Fresno, CA","06","California","019","Fresno","36.72639","-119.733"
"05/18/2025","AQS","060195025","3","4.1","ug/m3 LC","23","Fresno-Pacific","1","100.0000","88101","PM2.5 - Local Conditions","170","Met One BAM-1020 Mass Monitor w/VSCC","23420","Fresno, CA","06","California","019","Fresno","36.72639","-119.733"
"05/19/2025","AQS","060195025","3","6","ug/m3 LC","33","Fresno-Pacific","1","100.0000","88101","PM2.5 - Local Conditions","170","Met One BAM-1020 Mass Monitor w/VSCC","23420","Fresno, CA","06","California","019","Fresno","36.72639","-119.733"
"05/20/2025","AQS","060195025","3","3.8","ug/m3 LC","21","Fresno-Pacific","1","100.0000","88101","PM2.5 - Local Conditions","170","Met One BAM-1020 Mass Monitor w/VSCC","23420","Fresno, CA","06","California","019","Fresno","36.72639","-119.733"
"05/21/2025","AQS","060195025","3","5.6","ug/m3 LC","31","Fresno-Pacific","1","100.0000","88101","PM2.5 - Local Conditions","170","Met One BAM-1020 Mass Monitor w/VSCC","23420","Fresno, CA","06","California","019","Fresno","36.72639","-119.733"
"05/22/2025","AQS","060195025","3","4","ug/m3 LC","22","Fresno-Pacific","1","100.0000","88101","PM2.5 - Local Conditions","170","Met One BAM-1020 Mass Monitor w/VSCC","23420","Fresno, CA","06","California","019","Fresno","36.72639","-119.733"
"05/23/2025","AQS","060195025","3","2.3","ug/m3 LC","13","Fresno-Pacific","1","100.0000","88101","PM2.5 - Local Conditions","170","Met One BAM-1020 Mass Monitor w/VSCC","23420","Fresno, CA","06","California","019","Fresno","36.72639","-119.733"
"05/24/2025","AQS","060195025","3","4.2","ug/m3 LC","23","Fresno-Pacific","1","100.0000","88101","PM2.5 - Local Conditions","170","Met One BAM-1020 Mass Monitor w/VSCC","23420","Fresno, CA","06","California","019","Fresno","36.72639","-119.733"
"05/25/2025","AQS","060195025","3","3.8","ug/m3 LC","21","Fresno-Pacific","1","100.0000","88101","PM2.5 - Local Conditions","170","Met One BAM-1020 Mass Monitor w/VSCC","23420","Fresno, CA","06","California","019","Fresno","36.72639","-119.733"
"05/26/2025","AQS","060195025","3","2","ug/m3 LC","11","Fresno-Pacific","1","100.0000","88101","PM2.5 - Local Conditions","170","Met One BAM-1020 Mass Monitor w/VSCC","23420","Fresno, CA","06","California","019","Fresno","36.72639","-119.733"
"05/27/2025","AQS","060195025","3","3.5","ug/m3 LC","19","Fresno-Pacific","1","100.0000","88101","PM2.5 - Local Conditions","170","Met One BAM-1020 Mass Monitor w/VSCC","23420","Fresno, CA","06","California","019","Fresno","36.72639","-119.733"
"05/28/2025","AQS","060195025","3","5.8","ug/m3 LC","32","Fresno-Pacific","1","100.0000","88101","PM2.5 - Local Conditions","170","Met One BAM-1020 Mass Monitor w/VSCC","23420","Fresno, CA","06","California","019","Fresno","36.72639","-119.733"
"05/29/2025","AQS","060195025","3","5.9","ug/m3 LC","33","Fresno-Pacific","1","100.0000","88101","PM2.5 - Local Conditions","170","Met One BAM-1020 Mass Monitor w/VSCC","23420","Fresno, CA","06","California","019","Fresno","36.72639","-119.733"
"05/30/2025","AQS","060195025","3","14.6","ug/m3 LC","61","Fresno-Pacific","1","100.0000","88101","PM2.5 - Local Conditions","170","Met One BAM-1020 Mass Monitor w/VSCC","23420","Fresno, CA","06","California","019","Fresno","36.72639","-119.733"
"05/31/2025","AQS","060195025","3","19.3","ug/m3 LC","70","Fresno-Pacific","1","100.0000","88101","PM2.5 - Local Conditions","170","Met One BAM-1020 Mass Monitor w/VSCC","23420","Fresno, CA","06","California","019","Fresno","36.72639","-119.733"
"06/01/2025","AQS","060195025","3","7","ug/m3 LC","39","Fresno-Pacific","1","100.0000","88101","PM2.5 - Local Conditions","170","Met One BAM-1020 Mass Monitor w/VSCC","23420","Fresno, CA","06","California","019","Fresno","36.72639","-119.733"
"06/02/2025","AQS","060195025","3","8.6","ug/m3 LC","48","Fresno-Pacific","1","100.0000","88101","PM2.5 - Local Conditions","170","Met One BAM-1020 Mass Monitor w/VSCC","23420","Fresno, CA","06","California","019","Fresno","36.72639","-119.733"
"06/03/2025","AQS","060195025","3","8.2","ug/m3 LC","46","Fresno-Pacific","1","100.0000","88101","PM2.5 - Local Conditions","170","Met One BAM-1020 Mass Monitor w/VSCC","23420","Fresno, CA","06","California","019","Fresno","36.72639","-119.733"
"06/04/2025","AQS","060195025","3","10.3","ug/m3 LC","53","Fresno-Pacific","1","100.0000","88101","PM2.5 - Local Conditions","170","Met One BAM-1020 Mass Monitor w/VSCC","23420","Fresno, CA","06","California","019","Fresno","36.72639","-119.733"
"06/05/2025","AQS","060195025","3","10.3","ug/m3 LC","53","Fresno-Pacific","1","100.0000","88101","PM2.5 - Local Conditions","170","Met One BAM-1020 Mass Monitor w/VSCC","23420","Fresno, CA","06","California","019","Fresno","36.72639","-119.733"
"06/06/2025","AQS","060195025","3","8.6","ug/m3 LC","48","Fresno-Pacific","1","100.0000","88101","PM2.5 - Local Conditions","170","Met One BAM-1020 Mass Monitor w/VSCC","23420","Fresno, CA","06","California","019","Fresno","36.72639","-119.733"
"06/07/2025","AQS","060195025","3","8.5","ug/m3 LC","47","Fresno-Pacific","1","100.0000","88101","PM2.5 - Local Conditions","170","Met One BAM-1020 Mass Monitor w/VSCC","23420","Fresno, CA","06","California","019","Fresno","36.72639","-119.733"
"06/08/2025","AQS","060195025","3","6.4","ug/m3 LC","36","Fresno-Pacific","1","100.0000","88101","PM2.5 - Local Conditions","170","Met One BAM-1020 Mass Monitor w/VSCC","23420","Fresno, CA","06","California","019","Fresno","36.72639","-119.733"
"06/09/2025","AQS","060195025","3","9","ug/m3 LC","50","Fresno-Pacific","1","100.0000","88101","PM2.5 - Local Conditions","170","Met One BAM-1020 Mass Monitor w/VSCC","23420","Fresno, CA","06","California","019","Fresno","36.72639","-119.733"
"06/10/2025","AQS","060195025","3","8.7","ug/m3 LC","48","Fresno-Pacific","1","100.0000","88101","PM2.5 - Local Conditions","170","Met One BAM-1020 Mass Monitor w/VSCC","23420","Fresno, CA","06","California","019","Fresno","36.72639","-119.733"
"06/11/2025","AQS","060195025","3","6.1","ug/m3 LC","34","Fresno-Pacific","1","100.0000","88101","PM2.5 - Local Conditions","170","Met One BAM-1020 Mass Monitor w/VSCC","23420","Fresno, CA","06","California","019","Fresno","36.72639","-119.733"
"06/12/2025","AQS","060195025","3","8.6","ug/m3 LC","48","Fresno-Pacific","1","100.0000","88101","PM2.5 - Local Conditions","170","Met One BAM-1020 Mass Monitor w/VSCC","23420","Fresno, CA","06","California","019","Fresno","36.72639","-119.733"
"06/13/2025","AQS","060195025","3","5.3","ug/m3 LC","29","Fresno-Pacific","1","100.0000","88101","PM2.5 - Local Conditions","170","Met One BAM-1020 Mass Monitor w/VSCC","23420","Fresno, CA","06","California","019","Fresno","36.72639","-119.733"
"06/14/2025","AQS","060195025","3","4.3","ug/m3 LC","24","Fresno-Pacific","1","100.0000","88101","PM2.5 - Local Conditions","170","Met One BAM-1020 Mass Monitor w/VSCC","23420","Fresno, CA","06","California","019","Fresno","36.72639","-119.733"
"06/15/2025","AQS","060195025","3","5.7","ug/m3 LC","32","Fresno-Pacific","1","100.0000","88101","PM2.5 - Local Conditions","170","Met One BAM-1020 Mass Monitor w/VSCC","23420","Fresno, CA","06","California","019","Fresno","36.72639","-119.733"
"06/16/2025","AQS","060195025","3","5","ug/m3 LC","28","Fresno-Pacific","1","100.0000","88101","PM2.5 - Local Conditions","170","Met One BAM-1020 Mass Monitor w/VSCC","23420","Fresno, CA","06","California","019","Fresno","36.72639","-119.733"
"06/17/2025","AQS","060195025","3","5.1","ug/m3 LC","28","Fresno-Pacific","1","100.0000","88101","PM2.5 - Local Conditions","170","Met One BAM-1020 Mass Monitor w/VSCC","23420","Fresno, CA","06","California","019","Fresno","36.72639","-119.733"
"06/18/2025","AQS","060195025","3","9.3","ug/m3 LC","51","Fresno-Pacific","1","100.0000","88101","PM2.5 - Local Conditions","170","Met One BAM-1020 Mass Monitor w/VSCC","23420","Fresno, CA","06","California","019","Fresno","36.72639","-119.733"
"06/19/2025","AQS","060195025","3","8","ug/m3 LC","44","Fresno-Pacific","1","100.0000","88101","PM2.5 - Local Conditions","170","Met One BAM-1020 Mass Monitor w/VSCC","23420","Fresno, CA","06","California","019","Fresno","36.72639","-119.733"
"06/20/2025","AQS","060195025","3","5.5","ug/m3 LC","31","Fresno-Pacific","1","100.0000","88101","PM2.5 - Local Conditions","170","Met One BAM-1020 Mass Monitor w/VSCC","23420","Fresno, CA","06","California","019","Fresno","36.72639","-119.733"
"06/21/2025","AQS","060195025","3","4.8","ug/m3 LC","27","Fresno-Pacific","1","100.0000","88101","PM2.5 - Local Conditions","170","Met One BAM-1020 Mass Monitor w/VSCC","23420","Fresno, CA","06","California","019","Fresno","36.72639","-119.733"
"06/22/2025","AQS","060195025","3","3.2","ug/m3 LC","18","Fresno-Pacific","1","100.0000","88101","PM2.5 - Local Conditions","170","Met One BAM-1020 Mass Monitor w/VSCC","23420","Fresno, CA","06","California","019","Fresno","36.72639","-119.733"
"06/23/2025","AQS","060195025","3","5.4","ug/m3 LC","30","Fresno-Pacific","1","100.0000","88101","PM2.5 - Local Conditions","170","Met One BAM-1020 Mass Monitor w/VSCC","23420","Fresno, CA","06","California","019","Fresno","36.72639","-119.733"
"06/24/2025","AQS","060195025","3","5","ug/m3 LC","28","Fresno-Pacific","1","100.0000","88101","PM2.5 - Local Conditions","170","Met One BAM-1020 Mass Monitor w/VSCC","23420","Fresno, CA","06","California","019","Fresno","36.72639","-119.733"
"06/25/2025","AQS","060195025","3","4.9","ug/m3 LC","27","Fresno-Pacific","1","100.0000","88101","PM2.5 - Local Conditions","170","Met One BAM-1020 Mass Monitor w/VSCC","23420","Fresno, CA","06","California","019","Fresno","36.72639","-119.733"
"06/26/2025","AQS","060195025","3","6.8","ug/m3 LC","38","Fresno-Pacific","1","100.0000","88101","PM2.5 - Local Conditions","170","Met One BAM-1020 Mass Monitor w/VSCC","23420","Fresno, CA","06","California","019","Fresno","36.72639","-119.733"
"06/27/2025","AQS","060195025","3","8.7","ug/m3 LC","48","Fresno-Pacific","1","100.0000","88101","PM2.5 - Local Conditions","170","Met One BAM-1020 Mass Monitor w/VSCC","23420","Fresno, CA","06","California","019","Fresno","36.72639","-119.733"
"06/28/2025","AQS","060195025","3","11.1","ug/m3 LC","55","Fresno-Pacific","1","100.0000","88101","PM2.5 - Local Conditions","170","Met One BAM-1020 Mass Monitor w/VSCC","23420","Fresno, CA","06","California","019","Fresno","36.72639","-119.733"
"06/29/2025","AQS","060195025","3","7.8","ug/m3 LC","43","Fresno-Pacific","1","100.0000","88101","PM2.5 - Local Conditions","170","Met One BAM-1020 Mass Monitor w/VSCC","23420","Fresno, CA","06","California","019","Fresno","36.72639","-119.733"
"06/30/2025","AQS","060195025","3","7","ug/m3 LC","39","Fresno-Pacific","1","100.0000","88101","PM2.5 - Local Conditions","170","Met One BAM-1020 Mass Monitor w/VSCC","23420","Fresno, CA","06","California","019","Fresno","36.72639","-119.733"
"07/01/2025","AQS","060195025","3","7.4","ug/m3 LC","41","Fresno-Pacific","1","100.0000","88101","PM2.5 - Local Conditions","170","Met One BAM-1020 Mass Monitor w/VSCC","23420","Fresno, CA","06","California","019","Fresno","36.72639","-119.733"
"07/02/2025","AQS","060195025","3","8.4","ug/m3 LC","47","Fresno-Pacific","1","100.0000","88101","PM2.5 - Local Conditions","170","Met One BAM-1020 Mass Monitor w/VSCC","23420","Fresno, CA","06","California","019","Fresno","36.72639","-119.733"
"07/03/2025","AQS","060195025","3","10.1","ug/m3 LC","53","Fresno-Pacific","1","100.0000","88101","PM2.5 - Local Conditions","170","Met One BAM-1020 Mass Monitor w/VSCC","23420","Fresno, CA","06","California","019","Fresno","36.72639","-119.733"
"07/04/2025","AQS","060195025","3","7.3","ug/m3 LC","41","Fresno-Pacific","1","100.0000","88101","PM2.5 - Local Conditions","170","Met One BAM-1020 Mass Monitor w/VSCC","23420","Fresno, CA","06","California","019","Fresno","36.72639","-119.733"
"07/05/2025","AQS","060195025","3","5.6","ug/m3 LC","31","Fresno-Pacific","1","100.0000","88101","PM2.5 - Local Conditions","170","Met One BAM-1020 Mass Monitor w/VSCC","23420","Fresno, CA","06","California","019","Fresno","36.72639","-119.733"
"07/06/2025","AQS","060195025","3","6.5","ug/m3 LC","36","Fresno-Pacific","1","100.0000","88101","PM2.5 - Local Conditions","170","Met One BAM-1020 Mass Monitor w/VSCC","23420","Fresno, CA","06","California","019","Fresno","36.72639","-119.733"
"07/07/2025","AQS","060195025","3","8.7","ug/m3 LC","48","Fresno-Pacific","1","100.0000","88101","PM2.5 - Local Conditions","170","Met One BAM-1020 Mass Monitor w/VSCC","23420","Fresno, CA","06","California","019","Fresno","36.72639","-119.733"
"07/08/2025","AQS","060195025","3","6.6","ug/m3 LC","37","Fresno-Pacific","1","100.0000","88101","PM2.5 - Local Conditions","170","Met One BAM-1020 Mass Monitor w/VSCC","23420","Fresno, CA","06","California","019","Fresno","36.72639","-119.733"
"07/09/2025","AQS","060195025","3","5.8","ug/m3 LC","32","Fresno-Pacific","1","100.0000","88101","PM2.5 - Local Conditions","170","Met One BAM-1020 Mass Monitor w/VSCC","23420","Fresno, CA","06","California","019","Fresno","36.72639","-119.733"
"07/10/2025","AQS","060195025","3","6.7","ug/m3 LC","37","Fresno-Pacific","1","100.0000","88101","PM2.5 - Local Conditions","170","Met One BAM-1020 Mass Monitor w/VSCC","23420","Fresno, CA","06","California","019","Fresno","36.72639","-119.733"
"07/11/2025","AQS","060195025","3","17.1","ug/m3 LC","66","Fresno-Pacific","1","100.0000","88101","PM2.5 - Local Conditions","170","Met One BAM-1020 Mass Monitor w/VSCC","23420","Fresno, CA","06","California","019","Fresno","36.72639","-119.733"
"07/12/2025","AQS","060195025","3","16.8","ug/m3 LC","65","Fresno-Pacific","1","100.0000","88101","PM2.5 - Local Conditions","170","Met One BAM-1020 Mass Monitor w/VSCC","23420","Fresno, CA","06","California","019","Fresno","36.72639","-119.733"
"07/13/2025","AQS","060195025","3","12","ug/m3 LC","56","Fresno-Pacific","1","100.0000","88101","PM2.5 - Local Conditions","170","Met One BAM-1020 Mass Monitor w/VSCC","23420","Fresno, CA","06","California","019","Fresno","36.72639","-119.733"
"07/14/2025","AQS","060195025","3","11.2","ug/m3 LC","55","Fresno-Pacific","1","100.0000","88101","PM2.5 - Local Conditions","170","Met One BAM-1020 Mass Monitor w/VSCC","23420","Fresno, CA","06","California","019","Fresno","36.72639","-119.733"
"07/15/2025","AQS","060195025","3","10","ug/m3 LC","53","Fresno-Pacific","1","100.0000","88101","PM2.5 - Local Conditions","170","Met One BAM-1020 Mass Monitor w/VSCC","23420","Fresno, CA","06","California","019","Fresno","36.72639","-119.733"
"07/16/2025","AQS","060195025","3","7.7","ug/m3 LC","43","Fresno-Pacific","1","100.0000","88101","PM2.5 - Local Conditions","170","Met One BAM-1020 Mass Monitor w/VSCC","23420","Fresno, CA","06","California","019","Fresno","36.72639","-119.733"
"07/17/2025","AQS","060195025","3","7.4","ug/m3 LC","41","Fresno-Pacific","1","100.0000","88101","PM2.5 - Local Conditions","170","Met One BAM-1020 Mass Monitor w/VSCC","23420","Fresno, CA","06","California","019","Fresno","36.72639","-119.733"
"07/18/2025","AQS","060195025","3","6.4","ug/m3 LC","36","Fresno-Pacific","1","100.0000","88101","PM2.5 - Local Conditions","170","Met One BAM-1020 Mass Monitor w/VSCC","23420","Fresno, CA","06","California","019","Fresno","36.72639","-119.733"
"07/19/2025","AQS","060195025","3","5.5","ug/m3 LC","31","Fresno-Pacific","1","100.0000","88101","PM2.5 - Local Conditions","170","Met One BAM-1020 Mass Monitor w/VSCC","23420","Fresno, CA","06","California","019","Fresno","36.72639","-119.733"
"07/20/2025","AQS","060195025","3","4.6","ug/m3 LC","26","Fresno-Pacific","1","100.0000","88101","PM2.5 - Local Conditions","170","Met One BAM-1020 Mass Monitor w/VSCC","23420","Fresno, CA","06","California","019","Fresno","36.72639","-119.733"
"07/21/2025","AQS","060195025","3","4.9","ug/m3 LC","27","Fresno-Pacific","1","100.0000","88101","PM2.5 - Local Conditions","170","Met One BAM-1020 Mass Monitor w/VSCC","23420","Fresno, CA","06","California","019","Fresno","36.72639","-119.733"
"07/22/2025","AQS","060195025","3","3.7","ug/m3 LC","21","Fresno-Pacific","1","100.0000","88101","PM2.5 - Local Conditions","170","Met One BAM-1020 Mass Monitor w/VSCC","23420","Fresno, CA","06","California","019","Fresno","36.72639","-119.733"
"07/23/2025","AQS","060195025","3","2.6","ug/m3 LC","14","Fresno-Pacific","1","100.0000","88101","PM2.5 - Local Conditions","170","Met One BAM-1020 Mass Monitor w/VSCC","23420","Fresno, CA","06","California","019","Fresno","36.72639","-119.733"
"07/24/2025","AQS","060195025","3","3.8","ug/m3 LC","21","Fresno-Pacific","1","100.0000","88101","PM2.5 - Local Conditions","170","Met One BAM-1020 Mass Monitor w/VSCC","23420","Fresno, CA","06","California","019","Fresno","36.72639","-119.733"
"07/25/2025","AQS","060195025","3","4.5","ug/m3 LC","25","Fresno-Pacific","1","100.0000","88101","PM2.5 - Local Conditions","170","Met One BAM-1020 Mass Monitor w/VSCC","23420","Fresno, CA","06","California","019","Fresno","36.72639","-119.733"
"07/26/2025","AQS","060195025","3","3.2","ug/m3 LC","18","Fresno-Pacific","1","100.0000","88101","PM2.5 - Local Conditions","170","Met One BAM-1020 Mass Monitor w/VSCC","23420","Fresno, CA","06","California","019","Fresno","36.72639","-119.733"
"07/27/2025","AQS","060195025","3","2.8","ug/m3 LC","16","Fresno-Pacific","1","100.0000","88101","PM2.5 - Local Conditions","170","Met One BAM-1020 Mass Monitor w/VSCC","23420","Fresno, CA","06","California","019","Fresno","36.72639","-119.733"
"07/28/2025","AQS","060195025","3","5.1","ug/m3 LC","28","Fresno-Pacific","1","100.0000","88101","PM2.5 - Local Conditions","170","Met One BAM-1020 Mass Monitor w/VSCC","23420","Fresno, CA","06","California","019","Fresno","36.72639","-119.733"
"07/29/2025","AQS","060195025","3","5.6","ug/m3 LC","31","Fresno-Pacific","1","100.0000","88101","PM2.5 - Local Conditions","170","Met One BAM-1020 Mass Monitor w/VSCC","23420","Fresno, CA","06","California","019","Fresno","36.72639","-119.733"
"07/30/2025","AQS","060195025","3","4.6","ug/m3 LC","26","Fresno-Pacific","1","100.0000","88101","PM2.5 - Local Conditions","170","Met One BAM-1020 Mass Monitor w/VSCC","23420","Fresno, CA","06","California","019","Fresno","36.72639","-119.733"
"07/31/2025","AQS","060195025","3","6.9","ug/m3 LC","38","Fresno-Pacific","1","100.0000","88101","PM2.5 - Local Conditions","170","Met One BAM-1020 Mass Monitor w/VSCC","23420","Fresno, CA","06","California","019","Fresno","36.72639","-119.733"
"08/01/2025","AQS","060195025","3","7.3","ug/m3 LC","41","Fresno-Pacific","1","100.0000","88101","PM2.5 - Local Conditions","170","Met One BAM-1020 Mass Monitor w/VSCC","23420","Fresno, CA","06","California","019","Fresno","36.72639","-119.733"
"08/02/2025","AQS","060195025","3","6.7","ug/m3 LC","37","Fresno-Pacific","1","100.0000","88101","PM2.5 - Local Conditions","170","Met One BAM-1020 Mass Monitor w/VSCC","23420","Fresno, CA","06","California","019","Fresno","36.72639","-119.733"
"08/03/2025","AQS","060195025","3","3.9","ug/m3 LC","22","Fresno-Pacific","1","100.0000","88101","PM2.5 - Local Conditions","170","Met One BAM-1020 Mass Monitor w/VSCC","23420","Fresno, CA","06","California","019","Fresno","36.72639","-119.733"
"08/04/2025","AQS","060195025","3","4.7","ug/m3 LC","26","Fresno-Pacific","1","100.0000","88101","PM2.5 - Local Conditions","170","Met One BAM-1020 Mass Monitor w/VSCC","23420","Fresno, CA","06","California","019","Fresno","36.72639","-119.733"
"08/05/2025","AQS","060195025","3","3.4","ug/m3 LC","19","Fresno-Pacific","1","100.0000","88101","PM2.5 - Local Conditions","170","Met One BAM-1020 Mass Monitor w/VSCC","23420","Fresno, CA","06","California","019","Fresno","36.72639","-119.733"
"08/06/2025","AQS","060195025","3","4.9","ug/m3 LC","27","Fresno-Pacific","1","100.0000","88101","PM2.5 - Local Conditions","170","Met One BAM-1020 Mass Monitor w/VSCC","23420","Fresno, CA","06","California","019","Fresno","36.72639","-119.733"
"08/07/2025","AQS","060195025","3","4.6","ug/m3 LC","26","Fresno-Pacific","1","100.0000","88101","PM2.5 - Local Conditions","170","Met One BAM-1020 Mass Monitor w/VSCC","23420","Fresno, CA","06","California","019","Fresno","36.72639","-119.733"
"08/08/2025","AQS","060195025","3","9","ug/m3 LC","50","Fresno-Pacific","1","100.0000","88101","PM2.5 - Local Conditions","170","Met One BAM-1020 Mass Monitor w/VSCC","23420","Fresno, CA","06","California","019","Fresno","36.72639","-119.733"
"08/09/2025","AQS","060195025","3","13.2","ug/m3 LC","59","Fresno-Pacific","1","100.0000","88101","PM2.5 - Local Conditions","170","Met One BAM-1020 Mass Monitor w/VSCC","23420","Fresno, CA","06","California","019","Fresno","36.72639","-119.733"
"08/10/2025","AQS","060195025","3","10.5","ug/m3 LC","54","Fresno-Pacific","1","100.0000","88101","PM2.5 - Local Conditions","170","Met One BAM-1020 Mass Monitor w/VSCC","23420","Fresno, CA","06","California","019","Fresno","36.72639","-119.733"
"08/11/2025","AQS","060195025","3","8.4","ug/m3 LC","47","Fresno-Pacific","1","100.0000","88101","PM2.5 - Local Conditions","170","Met One BAM-1020 Mass Monitor w/VSCC","23420","Fresno, CA","06","California","019","Fresno","36.72639","-119.733"
"08/12/2025","AQS","060195025","3","10","ug/m3 LC","53","Fresno-Pacific","1","100.0000","88101","PM2.5 - Local Conditions","170","Met One BAM-1020 Mass Monitor w/VSCC","23420","Fresno, CA","06","California","019","Fresno","36.72639","-119.733"
"08/13/2025","AQS","060195025","3","8.1","ug/m3 LC","45","Fresno-Pacific","1","100.0000","88101","PM2.5 - Local Conditions","170","Met One BAM-1020 Mass Monitor w/VSCC","23420","Fresno, CA","06","California","019","Fresno","36.72639","-119.733"
"08/14/2025","AQS","060195025","3","10.1","ug/m3 LC","53","Fresno-Pacific","1","100.0000","88101","PM2.5 - Local Conditions","170","Met One BAM-1020 Mass Monitor w/VSCC","23420","Fresno, CA","06","California","019","Fresno","36.72639","-119.733"
"08/15/2025","AQS","060195025","3","7.9","ug/m3 LC","44","Fresno-Pacific","1","100.0000","88101","PM2.5 - Local Conditions","170","Met One BAM-1020 Mass Monitor w/VSCC","23420","Fresno, CA","06","California","019","Fresno","36.72639","-119.733"
"08/16/2025","AQS","060195025","3","2.4","ug/m3 LC","13","Fresno-Pacific","1","100.0000","88101","PM2.5 - Local Conditions","170","Met One BAM-1020 Mass Monitor w/VSCC","23420","Fresno, CA","06","California","019","Fresno","36.72639","-119.733"
"08/17/2025","AQS","060195025","3","2.2","ug/m3 LC","12","Fresno-Pacific","1","100.0000","88101","PM2.5 - Local Conditions","170","Met One BAM-1020 Mass Monitor w/VSCC","23420","Fresno, CA","06","California","019","Fresno","36.72639","-119.733"
"08/18/2025","AQS","060195025","3","4.4","ug/m3 LC","24","Fresno-Pacific","1","100.0000","88101","PM2.5 - Local Conditions","170","Met One BAM-1020 Mass Monitor w/VSCC","23420","Fresno, CA","06","California","019","Fresno","36.72639","-119.733"
"08/19/2025","AQS","060195025","3","4.5","ug/m3 LC","25","Fresno-Pacific","1","100.0000","88101","PM2.5 - Local Conditions","170","Met One BAM-1020 Mass Monitor w/VSCC","23420","Fresno, CA","06","California","019","Fresno","36.72639","-119.733"
"08/20/2025","AQS","060195025","3","7.2","ug/m3 LC","40","Fresno-Pacific","1","100.0000","88101","PM2.5 - Local Conditions","170","Met One BAM-1020 Mass Monitor w/VSCC","23420","Fresno, CA","06","California","019","Fresno","36.72639","-119.733"
"08/21/2025","AQS","060195025","3","15.8","ug/m3 LC","63","Fresno-Pacific","1","100.0000","88101","PM2.5 - Local Conditions","170","Met One BAM-1020 Mass Monitor w/VSCC","23420","Fresno, CA","06","California","019","Fresno","36.72639","-119.733"
"08/22/2025","AQS","060195025","3","15.4","ug/m3 LC","63","Fresno-Pacific","1","100.0000","88101","PM2.5 - Local Conditions","170","Met One BAM-1020 Mass Monitor w/VSCC","23420","Fresno, CA","06","California","019","Fresno","36.72639","-119.733"
"08/23/2025","AQS","060195025","3","17.4","ug/m3 LC","66","Fresno-Pacific","1","100.0000","88101","PM2.5 - Local Conditions","170","Met One BAM-1020 Mass Monitor w/VSCC","23420","Fresno, CA","06","California","019","Fresno","36.72639","-119.733"
"08/24/2025","AQS","060195025","3","11.6","ug/m3 LC","56","Fresno-Pacific","1","100.0000","88101","PM2.5 - Local Conditions","170","Met One BAM-1020 Mass Monitor w/VSCC","23420","Fresno, CA","06","California","019","Fresno","36.72639","-119.733"
"08/25/2025","AQS","060195025","3","10.1","ug/m3 LC","53","Fresno-Pacific","1","100.0000","88101","PM2.5 - Local Conditions","170","Met One BAM-1020 Mass Monitor w/VSCC","23420","Fresno, CA","06","California","019","Fresno","36.72639","-119.733"
"08/26/2025","AQS","060195025","3","14","ug/m3 LC","60","Fresno-Pacific","1","100.0000","88101","PM2.5 - Local Conditions","170","Met One BAM-1020 Mass Monitor w/VSCC","23420","Fresno, CA","06","California","019","Fresno","36.72639","-119.733"
"08/27/2025","AQS","060195025","3","10.3","ug/m3 LC","53","Fresno-Pacific","1","100.0000","88101","PM2.5 - Local Conditions","170","Met One BAM-1020 Mass Monitor w/VSCC","23420","Fresno, CA","06","California","019","Fresno","36.72639","-119.733"
"08/28/2025","AQS","060195025","3","10.6","ug/m3 LC","54","Fresno-Pacific","1","100.0000","88101","PM2.5 - Local Conditions","170","Met One BAM-1020 Mass Monitor w/VSCC","23420","Fresno, CA","06","California","019","Fresno","36.72639","-119.733"
"08/29/2025","AQS","060195025","3","8.8","ug/m3 LC","49","Fresno-Pacific","1","100.0000","88101","PM2.5 - Local Conditions","170","Met One BAM-1020 Mass Monitor w/VSCC","23420","Fresno, CA","06","California","019","Fresno","36.72639","-119.733"
"08/31/2025","AQS","060195025","3","11.6","ug/m3 LC","56","Fresno-Pacific","1","100.0000","88101","PM2.5 - Local Conditions","170","Met One BAM-1020 Mass Monitor w/VSCC","23420","Fresno, CA","06","California","019","Fresno","36.72639","-119.733"
"09/01/2025","AQS","060195025","3","10.4","ug/m3 LC","53","Fresno-Pacific","1","100.0000","88101","PM2.5 - Local Conditions","170","Met One BAM-1020 Mass Monitor w/VSCC","23420","Fresno, CA","06","California","019","Fresno","36.72639","-119.733"
"09/02/2025","AQS","060195025","3","12.6","ug/m3 LC","58","Fresno-Pacific","1","100.0000","88101","PM2.5 - Local Conditions","170","Met One BAM-1020 Mass Monitor w/VSCC","23420","Fresno, CA","06","California","019","Fresno","36.72639","-119.733"
"09/03/2025","AQS","060195025","3","16.4","ug/m3 LC","65","Fresno-Pacific","1","100.0000","88101","PM2.5 - Local Conditions","170","Met One BAM-1020 Mass Monitor w/VSCC","23420","Fresno, CA","06","California","019","Fresno","36.72639","-119.733"
"09/04/2025","AQS","060195025","3","12.2","ug/m3 LC","57","Fresno-Pacific","1","100.0000","88101","PM2.5 - Local Conditions","170","Met One BAM-1020 Mass Monitor w/VSCC","23420","Fresno, CA","06","California","019","Fresno","36.72639","-119.733"
"09/05/2025","AQS","060195025","3","8.3","ug/m3 LC","46","Fresno-Pacific","1","100.0000","88101","PM2.5 - Local Conditions","170","Met One BAM-1020 Mass Monitor w/VSCC","23420","Fresno, CA","06","California","019","Fresno","36.72639","-119.733"
"09/06/2025","AQS","060195025","3","9.9","ug/m3 LC","52","Fresno-Pacific","1","100.0000","88101","PM2.5 - Local Conditions","170","Met One BAM-1020 Mass Monitor w/VSCC","23420","Fresno, CA","06","California","019","Fresno","36.72639","-119.733"
"09/07/2025","AQS","060195025","3","6.2","ug/m3 LC","34","Fresno-Pacific","1","100.0000","88101","PM2.5 - Local Conditions","170","Met One BAM-1020 Mass Monitor w/VSCC","23420","Fresno, CA","06","California","019","Fresno","36.72639","-119.733"
"09/08/2025","AQS","060195025","3","4.5","ug/m3 LC","25","Fresno-Pacific","1","100.0000","88101","PM2.5 - Local Conditions","170","Met One BAM-1020 Mass Monitor w/VSCC","23420","Fresno, CA","06","California","019","Fresno","36.72639","-119.733"
"09/09/2025","AQS","060195025","3","3.2","ug/m3 LC","18","Fresno-Pacific","1","100.0000","88101","PM2.5 - Local Conditions","170","Met One BAM-1020 Mass Monitor w/VSCC","23420","Fresno, CA","06","California","019","Fresno","36.72639","-119.733"
"09/10/2025","AQS","060195025","3","3","ug/m3 LC","17","Fresno-Pacific","1","100.0000","88101","PM2.5 - Local Conditions","170","Met One BAM-1020 Mass Monitor w/VSCC","23420","Fresno, CA","06","California","019","Fresno","36.72639","-119.733"
"09/11/2025","AQS","060195025","3","5.3","ug/m3 LC","29","Fresno-Pacific","1","100.0000","88101","PM2.5 - Local Conditions","170","Met One BAM-1020 Mass Monitor w/VSCC","23420","Fresno, CA","06","California","019","Fresno","36.72639","-119.733"
"09/12/2025","AQS","060195025","3","7.5","ug/m3 LC","42","Fresno-Pacific","1","100.0000","88101","PM2.5 - Local Conditions","170","Met One BAM-1020 Mass Monitor w/VSCC","23420","Fresno, CA","06","California","019","Fresno","36.72639","-119.733"
"09/13/2025","AQS","060195025","3","9.5","ug/m3 LC","52","Fresno-Pacific","1","100.0000","88101","PM2.5 - Local Conditions","170","Met One BAM-1020 Mass Monitor w/VSCC","23420","Fresno, CA","06","California","019","Fresno","36.72639","-119.733"
"09/14/2025","AQS","060195025","3","6.8","ug/m3 LC","38","Fresno-Pacific","1","100.0000","88101","PM2.5 - Local Conditions","170","Met One BAM-1020 Mass Monitor w/VSCC","23420","Fresno, CA","06","California","019","Fresno","36.72639","-119.733"
"09/15/2025","AQS","060195025","3","9.1","ug/m3 LC","51","Fresno-Pacific","1","100.0000","88101","PM2.5 - Local Conditions","170","Met One BAM-1020 Mass Monitor w/VSCC","23420","Fresno, CA","06","California","019","Fresno","36.72639","-119.733"
"09/16/2025","AQS","060195025","3","13.5","ug/m3 LC","59","Fresno-Pacific","1","100.0000","88101","PM2.5 - Local Conditions","170","Met One BAM-1020 Mass Monitor w/VSCC","23420","Fresno, CA","06","California","019","Fresno","36.72639","-119.733"
"09/17/2025","AQS","060195025","3","13.2","ug/m3 LC","59","Fresno-Pacific","1","100.0000","88101","PM2.5 - Local Conditions","170","Met One BAM-1020 Mass Monitor w/VSCC","23420","Fresno, CA","06","California","019","Fresno","36.72639","-119.733"
"09/18/2025","AQS","060195025","3","11.1","ug/m3 LC","55","Fresno-Pacific","1","100.0000","88101","PM2.5 - Local Conditions","170","Met One BAM-1020 Mass Monitor w/VSCC","23420","Fresno, CA","06","California","019","Fresno","36.72639","-119.733"
"09/19/2025","AQS","060195025","3","12.4","ug/m3 LC","57","Fresno-Pacific","1","100.0000","88101","PM2.5 - Local Conditions","170","Met One BAM-1020 Mass Monitor w/VSCC","23420","Fresno, CA","06","California","019","Fresno","36.72639","-119.733"
"09/20/2025","AQS","060195025","3","14.6","ug/m3 LC","61","Fresno-Pacific","1","100.0000","88101","PM2.5 - Local Conditions","170","Met One BAM-1020 Mass Monitor w/VSCC","23420","Fresno, CA","06","California","019","Fresno","36.72639","-119.733"
"09/21/2025","AQS","060195025","3","11.2","ug/m3 LC","55","Fresno-Pacific","1","100.0000","88101","PM2.5 - Local Conditions","170","Met One BAM-1020 Mass Monitor w/VSCC","23420","Fresno, CA","06","California","019","Fresno","36.72639","-119.733"
"09/22/2025","AQS","060195025","3","11.1","ug/m3 LC","55","Fresno-Pacific","1","100.0000","88101","PM2.5 - Local Conditions","170","Met One BAM-1020 Mass Monitor w/VSCC","23420","Fresno, CA","06","California","019","Fresno","36.72639","-119.733"
"09/23/2025","AQS","060195025","3","16","ug/m3 LC","64","Fresno-Pacific","1","100.0000","88101","PM2.5 - Local Conditions","170","Met One BAM-1020 Mass Monitor w/VSCC","23420","Fresno, CA","06","California","019","Fresno","36.72639","-119.733"
"09/24/2025","AQS","060195025","3","10","ug/m3 LC","53","Fresno-Pacific","1","100.0000","88101","PM2.5 - Local Conditions","170","Met One BAM-1020 Mass Monitor w/VSCC","23420","Fresno, CA","06","California","019","Fresno","36.72639","-119.733"
"09/25/2025","AQS","060195025","3","9.1","ug/m3 LC","51","Fresno-Pacific","1","100.0000","88101","PM2.5 - Local Conditions","170","Met One BAM-1020 Mass Monitor w/VSCC","23420","Fresno, CA","06","California","019","Fresno","36.72639","-119.733"
"09/26/2025","AQS","060195025","3","10.8","ug/m3 LC","54","Fresno-Pacific","1","100.0000","88101","PM2.5 - Local Conditions","170","Met One BAM-1020 Mass Monitor w/VSCC","23420","Fresno, CA","06","California","019","Fresno","36.72639","-119.733"
"09/27/2025","AQS","060195025","3","11.1","ug/m3 LC","55","Fresno-Pacific","1","100.0000","88101","PM2.5 - Local Conditions","170","Met One BAM-1020 Mass Monitor w/VSCC","23420","Fresno, CA","06","California","019","Fresno","36.72639","-119.733"
"09/28/2025","AQS","060195025","3","7.9","ug/m3 LC","44","Fresno-Pacific","1","100.0000","88101","PM2.5 - Local Conditions","170","Met One BAM-1020 Mass Monitor w/VSCC","23420","Fresno, CA","06","California","019","Fresno","36.72639","-119.733"
"09/29/2025","AQS","060195025","3","7.7","ug/m3 LC","43","Fresno-Pacific","1","100.0000","88101","PM2.5 - Local Conditions","170","Met One BAM-1020 Mass Monitor w/VSCC","23420","Fresno, CA","06","California","019","Fresno","36.72639","-119.733"
"09/30/2025","AQS","060195025","3","6.3","ug/m3 LC","35","Fresno-Pacific","1","100.0000","88101","PM2.5 - Local Conditions","170","Met One BAM-1020 Mass Monitor w/VSCC","23420","Fresno, CA","06","California","019","Fresno","36.72639","-119.733"
"10/01/2025","AQS","060195025","3","6.5","ug/m3 LC","36","Fresno-Pacific","1","100.0000","88101","PM2.5 - Local Conditions","170","Met One BAM-1020 Mass Monitor w/VSCC","23420","Fresno, CA","06","California","019","Fresno","36.72639","-119.733"
"10/02/2025","AQS","060195025","3","4.5","ug/m3 LC","25","Fresno-Pacific","1","100.0000","88101","PM2.5 - Local Conditions","170","Met One BAM-1020 Mass Monitor w/VSCC","23420","Fresno, CA","06","California","019","Fresno","36.72639","-119.733"
"10/03/2025","AQS","060195025","3","2.8","ug/m3 LC","16","Fresno-Pacific","1","100.0000","88101","PM2.5 - Local Conditions","170","Met One BAM-1020 Mass Monitor w/VSCC","23420","Fresno, CA","06","California","019","Fresno","36.72639","-119.733"
"10/04/2025","AQS","060195025","3","7.4","ug/m3 LC","41","Fresno-Pacific","1","100.0000","88101","PM2.5 - Local Conditions","170","Met One BAM-1020 Mass Monitor w/VSCC","23420","Fresno, CA","06","California","019","Fresno","36.72639","-119.733"
"10/05/2025","AQS","060195025","3","8.2","ug/m3 LC","46","Fresno-Pacific","1","100.0000","88101","PM2.5 - Local Conditions","170","Met One BAM-1020 Mass Monitor w/VSCC","23420","Fresno, CA","06","California","019","Fresno","36.72639","-119.733"
"10/06/2025","AQS","060195025","3","7.5","ug/m3 LC","42","Fresno-Pacific","1","100.0000","88101","PM2.5 - Local Conditions","170","Met One BAM-1020 Mass Monitor w/VSCC","23420","Fresno, CA","06","California","019","Fresno","36.72639","-119.733"
"10/07/2025","AQS","060195025","3","11.4","ug/m3 LC","55","Fresno-Pacific","1","100.0000","88101","PM2.5 - Local Conditions","170","Met One BAM-1020 Mass Monitor w/VSCC","23420","Fresno, CA","06","California","019","Fresno","36.72639","-119.733"
"10/08/2025","AQS","060195025","3","9.6","ug/m3 LC","52","Fresno-Pacific","1","100.0000","88101","PM2.5 - Local Conditions","170","Met One BAM-1020 Mass Monitor w/VSCC","23420","Fresno, CA","06","California","019","Fresno","36.72639","-119.733"
"10/09/2025","AQS","060195025","3","8.2","ug/m3 LC","46","Fresno-Pacific","1","100.0000","88101","PM2.5 - Local Conditions","170","Met One BAM-1020 Mass Monitor w/VSCC","23420","Fresno, CA","06","California","019","Fresno","36.72639","-119.733"
"10/10/2025","AQS","060195025","3","6.4","ug/m3 LC","36","Fresno-Pacific","1","100.0000","88101","PM2.5 - Local Conditions","170","Met One BAM-1020 Mass Monitor w/VSCC","23420","Fresno, CA","06","California","019","Fresno","36.72639","-119.733"
"10/11/2025","AQS","060195025","3","1.7","ug/m3 LC","9","Fresno-Pacific","1","100.0000","88101","PM2.5 - Local Conditions","170","Met One BAM-1020 Mass Monitor w/VSCC","23420","Fresno, CA","06","California","019","Fresno","36.72639","-119.733"
"10/12/2025","AQS","060195025","3","5.6","ug/m3 LC","31","Fresno-Pacific","1","100.0000","88101","PM2.5 - Local Conditions","170","Met One BAM-1020 Mass Monitor w/VSCC","23420","Fresno, CA","06","California","019","Fresno","36.72639","-119.733"
"10/13/2025","AQS","060195025","3","5.9","ug/m3 LC","33","Fresno-Pacific","1","100.0000","88101","PM2.5 - Local Conditions","170","Met One BAM-1020 Mass Monitor w/VSCC","23420","Fresno, CA","06","California","019","Fresno","36.72639","-119.733"
"10/14/2025","AQS","060195025","3","0.7","ug/m3 LC","4","Fresno-Pacific","1","100.0000","88101","PM2.5 - Local Conditions","170","Met One BAM-1020 Mass Monitor w/VSCC","23420","Fresno, CA","06","California","019","Fresno","36.72639","-119.733"
"10/15/2025","AQS","060195025","3","3.6","ug/m3 LC","20","Fresno-Pacific","1","100.0000","88101","PM2.5 - Local Conditions","170","Met One BAM-1020 Mass Monitor w/VSCC","23420","Fresno, CA","06","California","019","Fresno","36.72639","-119.733"
"10/16/2025","AQS","060195025","3","9.3","ug/m3 LC","51","Fresno-Pacific","1","100.0000","88101","PM2.5 - Local Conditions","170","Met One BAM-1020 Mass Monitor w/VSCC","23420","Fresno, CA","06","California","019","Fresno","36.72639","-119.733"
"10/17/2025","AQS","060195025","3","14.1","ug/m3 LC","60","Fresno-Pacific","1","100.0000","88101","PM2.5 - Local Conditions","170","Met One BAM-1020 Mass Monitor w/VSCC","23420","Fresno, CA","06","California","019","Fresno","36.72639","-119.733"
"10/18/2025","AQS","060195025","3","17","ug/m3 LC","66","Fresno-Pacific","1","100.0000","88101","PM2.5 - Local Conditions","170","Met One BAM-1020 Mass Monitor w/VSCC","23420","Fresno, CA","06","California","019","Fresno","36.72639","-119.733"
"10/19/2025","AQS","060195025","3","19","ug/m3 LC","69","Fresno-Pacific","1","100.0000","88101","PM2.5 - Local Conditions","170","Met One BAM-1020 Mass Monitor w/VSCC","23420","Fresno, CA","06","California","019","Fresno","36.72639","-119.733"
"10/20/2025","AQS","060195025","3","20.3","ug/m3 LC","72","Fresno-Pacific","1","100.0000","88101","PM2.5 - Local Conditions","170","Met One BAM-1020 Mass Monitor w/VSCC","23420","Fresno, CA","06","California","019","Fresno","36.72639","-119.733"
"10/21/2025","AQS","060195025","3","19.4","ug/m3 LC","70","Fresno-Pacific","1","100.0000","88101","PM2.5 - Local Conditions","170","Met One BAM-1020 Mass Monitor w/VSCC","23420","Fresno, CA","06","California","019","Fresno","36.72639","-119.733"
"10/22/2025","AQS","060195025","3","11","ug/m3 LC","55","Fresno-Pacific","1","100.0000","88101","PM2.5 - Local Conditions","170","Met One BAM-1020 Mass Monitor w/VSCC","23420","Fresno, CA","06","California","019","Fresno","36.72639","-119.733"
"10/23/2025","AQS","060195025","3","12.6","ug/m3 LC","58","Fresno-Pacific","1","100.0000","88101","PM2.5 - Local Conditions","170","Met One BAM-1020 Mass Monitor w/VSCC","23420","Fresno, CA","06","California","019","Fresno","36.72639","-119.733"
"10/24/2025","AQS","060195025","3","19.2","ug/m3 LC","70","Fresno-Pacific","1","100.0000","88101","PM2.5 - Local Conditions","170","Met One BAM-1020 Mass Monitor w/VSCC","23420","Fresno, CA","06","California","019","Fresno","36.72639","-119.733"
"10/25/2025","AQS","060195025","3","17.2","ug/m3 LC","66","Fresno-Pacific","1","100.0000","88101","PM2.5 - Local Conditions","170","Met One BAM-1020 Mass Monitor w/VSCC","23420","Fresno, CA","06","California","019","Fresno","36.72639","-119.733"
"10/26/2025","AQS","060195025","3","6.6","ug/m3 LC","37","Fresno-Pacific","1","100.0000","88101","PM2.5 - Local Conditions","170","Met One BAM-1020 Mass Monitor w/VSCC","23420","Fresno, CA","06","California","019","Fresno","36.72639","-119.733"
"10/27/2025","AQS","060195025","3","1.8","ug/m3 LC","10","Fresno-Pacific","1","100.0000","88101","PM2.5 - Local Conditions","170","Met One BAM-1020 Mass Monitor w/VSCC","23420","Fresno, CA","06","California","019","Fresno","36.72639","-119.733"
"10/28/2025","AQS","060195025","3","10.7","ug/m3 LC","54","Fresno-Pacific","1","100.0000","88101","PM2.5 - Local Conditions","170","Met One BAM-1020 Mass Monitor w/VSCC","23420","Fresno, CA","06","California","019","Fresno","36.72639","-119.733"
"10/29/2025","AQS","060195025","3","13.3","ug/m3 LC","59","Fresno-Pacific","1","100.0000","88101","PM2.5 - Local Conditions","170","Met One BAM-1020 Mass Monitor w/VSCC","23420","Fresno, CA","06","California","019","Fresno","36.72639","-119.733"
"10/30/2025","AQS","060195025","3","17","ug/m3 LC","66","Fresno-Pacific","1","100.0000","88101","PM2.5 - Local Conditions","170","Met One BAM-1020 Mass Monitor w/VSCC","23420","Fresno, CA","06","California","019","Fresno","36.72639","-119.733"
"10/31/2025","AQS","060195025","3","19.9","ug/m3 LC","71","Fresno-Pacific","1","100.0000","88101","PM2.5 - Local Conditions","170","Met One BAM-1020 Mass Monitor w/VSCC","23420","Fresno, CA","06","California","019","Fresno","36.72639","-119.733"
"11/01/2025","AQS","060195025","3","22.7","ug/m3 LC","76","Fresno-Pacific","1","100.0000","88101","PM2.5 - Local Conditions","170","Met One BAM-1020 Mass Monitor w/VSCC","23420","Fresno, CA","06","California","019","Fresno","36.72639","-119.733"
"11/02/2025","AQS","060195025","3","21.8","ug/m3 LC","75","Fresno-Pacific","1","100.0000","88101","PM2.5 - Local Conditions","170","Met One BAM-1020 Mass Monitor w/VSCC","23420","Fresno, CA","06","California","019","Fresno","36.72639","-119.733"
"11/03/2025","AQS","060195025","3","18.3","ug/m3 LC","68","Fresno-Pacific","1","100.0000","88101","PM2.5 - Local Conditions","170","Met One BAM-1020 Mass Monitor w/VSCC","23420","Fresno, CA","06","California","019","Fresno","36.72639","-119.733"
"11/04/2025","AQS","060195025","3","11.3","ug/m3 LC","55","Fresno-Pacific","1","100.0000","88101","PM2.5 - Local Conditions","170","Met One BAM-1020 Mass Monitor w/VSCC","23420","Fresno, CA","06","California","019","Fresno","36.72639","-119.733"
"11/05/2025","AQS","060195025","3","10.7","ug/m3 LC","54","Fresno-Pacific","1","100.0000","88101","PM2.5 - Local Conditions","170","Met One BAM-1020 Mass Monitor w/VSCC","23420","Fresno, CA","06","California","019","Fresno","36.72639","-119.733"
"11/06/2025","AQS","060195025","3","6.2","ug/m3 LC","34","Fresno-Pacific","1","100.0000","88101","PM2.5 - Local Conditions","170","Met One BAM-1020 Mass Monitor w/VSCC","23420","Fresno, CA","06","California","019","Fresno","36.72639","-119.733"
"11/07/2025","AQS","060195025","3","6.6","ug/m3 LC","37","Fresno-Pacific","1","100.0000","88101","PM2.5 - Local Conditions","170","Met One BAM-1020 Mass Monitor w/VSCC","23420","Fresno, CA","06","California","019","Fresno","36.72639","-119.733"
"11/08/2025","AQS","060195025","3","9.4","ug/m3 LC","52","Fresno-Pacific","1","100.0000","88101","PM2.5 - Local Conditions","170","Met One BAM-1020 Mass Monitor w/VSCC","23420","Fresno, CA","06","California","019","Fresno","36.72639","-119.733"
"11/09/2025","AQS","060195025","3","16","ug/m3 LC","64","Fresno-Pacific","1","100.0000","88101","PM2.5 - Local Conditions","170","Met One BAM-1020 Mass Monitor w/VSCC","23420","Fresno, CA","06","California","019","Fresno","36.72639","-119.733"
"11/10/2025","AQS","060195025","3","17.4","ug/m3 LC","66","Fresno-Pacific","1","100.0000","88101","PM2.5 - Local Conditions","170","Met One BAM-1020 Mass Monitor w/VSCC","23420","Fresno, CA","06","California","019","Fresno","36.72639","-119.733"
"11/11/2025","AQS","060195025","3","17.3","ug/m3 LC","66","Fresno-Pacific","1","100.0000","88101","PM2.5 - Local Conditions","170","Met One BAM-1020 Mass Monitor w/VSCC","23420","Fresno, CA","06","California","019","Fresno","36.72639","-119.733"
"11/12/2025","AQS","060195025","3","14.1","ug/m3 LC","60","Fresno-Pacific","1","100.0000","88101","PM2.5 - Local Conditions","170","Met One BAM-1020 Mass Monitor w/VSCC","23420","Fresno, CA","06","California","019","Fresno","36.72639","-119.733"
"11/13/2025","AQS","060195025","3","9.1","ug/m3 LC","51","Fresno-Pacific","1","100.0000","88101","PM2.5 - Local Conditions","170","Met One BAM-1020 Mass Monitor w/VSCC","23420","Fresno, CA","06","California","019","Fresno","36.72639","-119.733"
"11/14/2025","AQS","060195025","3","3.9","ug/m3 LC","22","Fresno-Pacific","1","100.0000","88101","PM2.5 - Local Conditions","170","Met One BAM-1020 Mass Monitor w/VSCC","23420","Fresno, CA","06","California","019","Fresno","36.72639","-119.733"
"11/15/2025","AQS","060195025","3","5.6","ug/m3 LC","31","Fresno-Pacific","1","100.0000","88101","PM2.5 - Local Conditions","170","Met One BAM-1020 Mass Monitor w/VSCC","23420","Fresno, CA","06","California","019","Fresno","36.72639","-119.733"
"11/16/2025","AQS","060195025","3","1.6","ug/m3 LC","9","Fresno-Pacific","1","100.0000","88101","PM2.5 - Local Conditions","170","Met One BAM-1020 Mass Monitor w/VSCC","23420","Fresno, CA","06","California","019","Fresno","36.72639","-119.733"
"11/17/2025","AQS","060195025","3","2.4","ug/m3 LC","13","Fresno-Pacific","1","100.0000","88101","PM2.5 - Local Conditions","170","Met One BAM-1020 Mass Monitor w/VSCC","23420","Fresno, CA","06","California","019","Fresno","36.72639","-119.733"
"11/18/2025","AQS","060195025","3","5.2","ug/m3 LC","29","Fresno-Pacific","1","100.0000","88101","PM2.5 - Local Conditions","170","Met One BAM-1020 Mass Monitor w/VSCC","23420","Fresno, CA","06","California","019","Fresno","36.72639","-119.733"
"11/19/2025","AQS","060195025","3","9.2","ug/m3 LC","51","Fresno-Pacific","1","100.0000","88101","PM2.5 - Local Conditions","170","Met One BAM-1020 Mass Monitor w/VSCC","23420","Fresno, CA","06","California","019","Fresno","36.72639","-119.733"
"11/20/2025","AQS","060195025","3","12.5","ug/m3 LC","57","Fresno-Pacific","1","100.0000","88101","PM2.5 - Local Conditions","170","Met One BAM-1020 Mass Monitor w/VSCC","23420","Fresno, CA","06","California","019","Fresno","36.72639","-119.733"
"11/21/2025","AQS","060195025","3","11.8","ug/m3 LC","56","Fresno-Pacific","1","100.0000","88101","PM2.5 - Local Conditions","170","Met One BAM-1020 Mass Monitor w/VSCC","23420","Fresno, CA","06","California","019","Fresno","36.72639","-119.733"
"11/22/2025","AQS","060195025","3","16.9","ug/m3 LC","66","Fresno-Pacific","1","100.0000","88101","PM2.5 - Local Conditions","170","Met One BAM-1020 Mass Monitor w/VSCC","23420","Fresno, CA","06","California","019","Fresno","36.72639","-119.733"
"11/23/2025","AQS","060195025","3","20.8","ug/m3 LC","73","Fresno-Pacific","1","100.0000","88101","PM2.5 - Local Conditions","170","Met One BAM-1020 Mass Monitor w/VSCC","23420","Fresno, CA","06","California","019","Fresno","36.72639","-119.733"
"11/24/2025","AQS","060195025","3","19.8","ug/m3 LC","71","Fresno-Pacific","1","100.0000","88101","PM2.5 - Local Conditions","170","Met One BAM-1020 Mass Monitor w/VSCC","23420","Fresno, CA","06","California","019","Fresno","36.72639","-119.733"
"11/25/2025","AQS","060195025","3","11","ug/m3 LC","55","Fresno-Pacific","1","100.0000","88101","PM2.5 - Local Conditions","170","Met One BAM-1020 Mass Monitor w/VSCC","23420","Fresno, CA","06","California","019","Fresno","36.72639","-119.733"
"11/26/2025","AQS","060195025","3","15.3","ug/m3 LC","63","Fresno-Pacific","1","100.0000","88101","PM2.5 - Local Conditions","170","Met One BAM-1020 Mass Monitor w/VSCC","23420","Fresno, CA","06","California","019","Fresno","36.72639","-119.733"
"11/27/2025","AQS","060195025","3","26.7","ug/m3 LC","84","Fresno-Pacific","1","100.0000","88101","PM2.5 - Local Conditions","170","Met One BAM-1020 Mass Monitor w/VSCC","23420","Fresno, CA","06","California","019","Fresno","36.72639","-119.733"
"11/28/2025","AQS","060195025","3","28.6","ug/m3 LC","87","Fresno-Pacific","1","100.0000","88101","PM2.5 - Local Conditions","170","Met One BAM-1020 Mass Monitor w/VSCC","23420","Fresno, CA","06","California","019","Fresno","36.72639","-119.733"
"11/29/2025","AQS","060195025","3","28.2","ug/m3 LC","87","Fresno-Pacific","1","100.0000","88101","PM2.5 - Local Conditions","170","Met One BAM-1020 Mass Monitor w/VSCC","23420","Fresno, CA","06","California","019","Fresno","36.72639","-119.733"
"11/30/2025","AQS","060195025","3","25.9","ug/m3 LC","82","Fresno-Pacific","1","100.0000","88101","PM2.5 - Local Conditions","170","Met One BAM-1020 Mass Monitor w/VSCC","23420","Fresno, CA","06","California","019","Fresno","36.72639","-119.733"
"12/01/2025","AQS","060195025","3","23.2","ug/m3 LC","77","Fresno-Pacific","1","100.0000","88101","PM2.5 - Local Conditions","170","Met One BAM-1020 Mass Monitor w/VSCC","23420","Fresno, CA","06","California","019","Fresno","36.72639","-119.733"
"12/02/2025","AQS","060195025","3","18.1","ug/m3 LC","68","Fresno-Pacific","1","100.0000","88101","PM2.5 - Local Conditions","170","Met One BAM-1020 Mass Monitor w/VSCC","23420","Fresno, CA","06","California","019","Fresno","36.72639","-119.733"
"12/03/2025","AQS","060195025","3","18.7","ug/m3 LC","69","Fresno-Pacific","1","100.0000","88101","PM2.5 - Local Conditions","170","Met One BAM-1020 Mass Monitor w/VSCC","23420","Fresno, CA","06","California","019","Fresno","36.72639","-119.733"
"12/04/2025","AQS","060195025","3","18.5","ug/m3 LC","69","Fresno-Pacific","1","100.0000","88101","PM2.5 - Local Conditions","170","Met One BAM-1020 Mass Monitor w/VSCC","23420","Fresno, CA","06","California","019","Fresno","36.72639","-119.733"
"12/05/2025","AQS","060195025","3","23.6","ug/m3 LC","78","Fresno-Pacific","1","100.0000","88101","PM2.5 - Local Conditions","170","Met One BAM-1020 Mass Monitor w/VSCC","23420","Fresno, CA","06","California","019","Fresno","36.72639","-119.733"
"12/06/2025","AQS","060195025","3","32.4","ug/m3 LC","94","Fresno-Pacific","1","100.0000","88101","PM2.5 - Local Conditions","170","Met One BAM-1020 Mass Monitor w/VSCC","23420","Fresno, CA","06","California","019","Fresno","36.72639","-119.733"
"12/07/2025","AQS","060195025","3","32.5","ug/m3 LC","95","Fresno-Pacific","1","100.0000","88101","PM2.5 - Local Conditions","170","Met One BAM-1020 Mass Monitor w/VSCC","23420","Fresno, CA","06","California","019","Fresno","36.72639","-119.733"
"12/08/2025","AQS","060195025","3","32.6","ug/m3 LC","95","Fresno-Pacific","1","100.0000","88101","PM2.5 - Local Conditions","170","Met One BAM-1020 Mass Monitor w/VSCC","23420","Fresno, CA","06","California","019","Fresno","36.72639","-119.733"
"12/09/2025","AQS","060195025","3","34.2","ug/m3 LC","98","Fresno-Pacific","1","100.0000","88101","PM2.5 - Local Conditions","170","Met One BAM-1020 Mass Monitor w/VSCC","23420","Fresno, CA","06","California","019","Fresno","36.72639","-119.733"
"12/10/2025","AQS","060195025","3","27.9","ug/m3 LC","86","Fresno-Pacific","1","100.0000","88101","PM2.5 - Local Conditions","170","Met One BAM-1020 Mass Monitor w/VSCC","23420","Fresno, CA","06","California","019","Fresno","36.72639","-119.733"
"12/11/2025","AQS","060195025","3","18.3","ug/m3 LC","68","Fresno-Pacific","1","100.0000","88101","PM2.5 - Local Conditions","170","Met One BAM-1020 Mass Monitor w/VSCC","23420","Fresno, CA","06","California","019","Fresno","36.72639","-119.733"
"12/12/2025","AQS","060195025","3","12.9","ug/m3 LC","58","Fresno-Pacific","1","100.0000","88101","PM2.5 - Local Conditions","170","Met One BAM-1020 Mass Monitor w/VSCC","23420","Fresno, CA","06","California","019","Fresno","36.72639","-119.733"
"12/13/2025","AQS","060195025","3","14.7","ug/m3 LC","61","Fresno-Pacific","1","100.0000","88101","PM2.5 - Local Conditions","170","Met One BAM-1020 Mass Monitor w/VSCC","23420","Fresno, CA","06","California","019","Fresno","36.72639","-119.733"
"12/14/2025","AQS","060195025","3","15.4","ug/m3 LC","63","Fresno-Pacific","1","100.0000","88101","PM2.5 - Local Conditions","170","Met One BAM-1020 Mass Monitor w/VSCC","23420","Fresno, CA","06","California","019","Fresno","36.72639","-119.733"
"12/15/2025","AQS","060195025","3","12.2","ug/m3 LC","57","Fresno-Pacific","1","100.0000","88101","PM2.5 - Local Conditions","170","Met One BAM-1020 Mass Monitor w/VSCC","23420","Fresno, CA","06","California","019","Fresno","36.72639","-119.733"
"12/16/2025","AQS","060195025","3","18.1","ug/m3 LC","68","Fresno-Pacific","1","100.0000","88101","PM2.5 - Local Conditions","170","Met One BAM-1020 Mass Monitor w/VSCC","23420","Fresno, CA","06","California","019","Fresno","36.72639","-119.733"
"12/17/2025","AQS","060195025","3","20.1","ug/m3 LC","71","Fresno-Pacific","1","100.0000","88101","PM2.5 - Local Conditions","170","Met One BAM-1020 Mass Monitor w/VSCC","23420","Fresno, CA","06","California","019","Fresno","36.72639","-119.733"
"12/18/2025","AQS","060195025","3","15.8","ug/m3 LC","63","Fresno-Pacific","1","100.0000","88101","PM2.5 - Local Conditions","170","Met One BAM-1020 Mass Monitor w/VSCC","23420","Fresno, CA","06","California","019","Fresno","36.72639","-119.733"
"12/19/2025","AQS","060195025","3","15.7","ug/m3 LC","63","Fresno-Pacific","1","100.0000","88101","PM2.5 - Local Conditions","170","Met One BAM-1020 Mass Monitor w/VSCC","23420","Fresno, CA","06","California","019","Fresno","36.72639","-119.733"
"12/20/2025","AQS","060195025","3","18.7","ug/m3 LC","69","Fresno-Pacific","1","100.0000","88101","PM2.5 - Local Conditions","170","Met One BAM-1020 Mass Monitor w/VSCC","23420","Fresno, CA","06","California","019","Fresno","36.72639","-119.733"
"12/21/2025","AQS","060195025","3","6.3","ug/m3 LC","35","Fresno-Pacific","1","100.0000","88101","PM2.5 - Local Conditions","170","Met One BAM-1020 Mass Monitor w/VSCC","23420","Fresno, CA","06","California","019","Fresno","36.72639","-119.733"
"12/22/2025","AQS","060195025","3","5.5","ug/m3 LC","31","Fresno-Pacific","1","100.0000","88101","PM2.5 - Local Conditions","170","Met One BAM-1020 Mass Monitor w/VSCC","23420","Fresno, CA","06","California","019","Fresno","36.72639","-119.733"
"12/23/2025","AQS","060195025","3","11.2","ug/m3 LC","55","Fresno-Pacific","1","100.0000","88101","PM2.5 - Local Conditions","170","Met One BAM-1020 Mass Monitor w/VSCC","23420","Fresno, CA","06","California","019","Fresno","36.72639","-119.733"
"12/24/2025","AQS","060195025","3","2.7","ug/m3 LC","15","Fresno-Pacific","1","100.0000","88101","PM2.5 - Local Conditions","170","Met One BAM-1020 Mass Monitor w/VSCC","23420","Fresno, CA","06","California","019","Fresno","36.72639","-119.733"
"12/25/2025","AQS","060195025","3","0.9","ug/m3 LC","5","Fresno-Pacific","1","100.0000","88101","PM2.5 - Local Conditions","170","Met One BAM-1020 Mass Monitor w/VSCC","23420","Fresno, CA","06","California","019","Fresno","36.72639","-119.733"
"12/26/2025","AQS","060195025","3","1.1","ug/m3 LC","6","Fresno-Pacific","1","100.0000","88101","PM2.5 - Local Conditions","170","Met One BAM-1020 Mass Monitor w/VSCC","23420","Fresno, CA","06","California","019","Fresno","36.72639","-119.733"
"12/27/2025","AQS","060195025","3","7.3","ug/m3 LC","41","Fresno-Pacific","1","100.0000","88101","PM2.5 - Local Conditions","170","Met One BAM-1020 Mass Monitor w/VSCC","23420","Fresno, CA","06","California","019","Fresno","36.72639","-119.733"
"12/28/2025","AQS","060195025","3","7.3","ug/m3 LC","41","Fresno-Pacific","1","100.0000","88101","PM2.5 - Local Conditions","170","Met One BAM-1020 Mass Monitor w/VSCC","23420","Fresno, CA","06","California","019","Fresno","36.72639","-119.733"
"12/29/2025","AQS","060195025","3","9.8","ug/m3 LC","52","Fresno-Pacific","1","100.0000","88101","PM2.5 - Local Conditions","170","Met One BAM-1020 Mass Monitor w/VSCC","23420","Fresno, CA","06","California","019","Fresno","36.72639","-119.733"
"12/30/2025","AQS","060195025","3","16.7","ug/m3 LC","65","Fresno-Pacific","1","100.0000","88101","PM2.5 - Local Conditions","170","Met One BAM-1020 Mass Monitor w/VSCC","23420","Fresno, CA","06","California","019","Fresno","36.72639","-119.733"
"12/31/2025","AQS","060195025","3","23.5","ug/m3 LC","78","Fresno-Pacific","1","100.0000","88101","PM2.5 - Local Conditions","170","Met One BAM-1020 Mass Monitor w/VSCC","23420","Fresno, CA","06","California","019","Fresno","36.72639","-119.733"
