"Date","Source","Site ID","POC","Daily Mean PM2.5 Concentration","Units","Daily AQI Value","Local Site Name","Daily Obs Count","Percent Complete","AQS Parameter Code","AQS Parameter Description","Method Code","Method Description","CBSA Code","CBSA Name","State FIPS Code","State","County FIPS Code","County","Site Latitude","Site Longitude"
"01/01/2025","AQS","061070009","1","2.9","ug/m3 LC","16","Sequoia & Kings Canyon NPs - Ash Mountain","1","100.0000","88101","PM2.5 - Local Conditions","170","Met One BAM-1020 Mass Monitor w/VSCC","47300","Visalia-Porterville, CA","06","California","107","Tulare","36.48947","-118.82915"
"01/02/2025","AQS","061070009","1","2.7","ug/m3 LC","15","Sequoia & Kings Canyon NPs - Ash Mountain","1","100.0000","88101","PM2.5 - Local Conditions","170","Met One BAM-1020 Mass Monitor w/VSCC","47300","Visalia-Porterville, CA","06","California","107","Tulare","36.48947","-118.82915"
"01/03/2025","AQS","061070009","1","3.7","ug/m3 LC","21","Sequoia & Kings Canyon NPs - Ash Mountain","1","100.0000","88101","PM2.5 - Local Conditions","170","Met One BAM-1020 Mass Monitor w/VSCC","47300","Visalia-Porterville, CA","06","California","107","Tulare","36.48947","-118.82915"
"01/04/2025","AQS","061070009","1","3.2","ug/m3 LC","18","Sequoia & Kings Canyon NPs - Ash Mountain","1","100.0000","88101","PM2.5 - Local Conditions","170","Met One BAM-1020 Mass Monitor w/VSCC","47300","Visalia-Porterville, CA","06","California","107","Tulare","36.48947","-118.82915"
"01/05/2025","AQS","061070009","1","3.4","ug/m3 LC","19","Sequoia & Kings Canyon NPs - Ash Mountain","1","100.0000","88101","PM2.5 - Local Conditions","170","Met One BAM-1020 Mass Monitor w/VSCC","47300","Visalia-Porterville, CA","06","California","107","Tulare","36.48947","-118.82915"
"01/06/2025","AQS","061070009","1","3.9","ug/m3 LC","22","Sequoia & Kings Canyon NPs - Ash Mountain","1","100.0000","88101","PM2.5 - Local Conditions","170","Met One BAM-1020 Mass Monitor w/VSCC","47300","Visalia-Porterville, CA","06","California","107","Tulare","36.48947","-118.82915"
"01/07/2025","AQS","061070009","1","8","ug/m3 LC","44","Sequoia & Kings Canyon NPs - Ash Mountain","1","100.0000","88101","PM2.5 - Local Conditions","170","Met One BAM-1020 Mass Monitor w/VSCC","47300","Visalia-Porterville, CA","06","California","107","Tulare","36.48947","-118.82915"
"01/08/2025","AQS","061070009","1","-0.2","ug/m3 LC","0","Sequoia & Kings Canyon NPs - Ash Mountain","1","100.0000","88101","PM2.5 - Local Conditions","170","Met One BAM-1020 Mass Monitor w/VSCC","47300","Visalia-Porterville, CA","06","California","107","Tulare","36.48947","-118.82915"
"01/09/2025","AQS","061070009","1","-0.7","ug/m3 LC","0","Sequoia & Kings Canyon NPs - Ash Mountain","1","100.0000","88101","PM2.5 - Local Conditions","170","Met One BAM-1020 Mass Monitor w/VSCC","47300","Visalia-Porterville, CA","06","California","107","Tulare","36.48947","-118.82915"
"01/10/2025","AQS","061070009","1","-1","ug/m3 LC","0","Sequoia & Kings Canyon NPs - Ash Mountain","1","100.0000","88101","PM2.5 - Local Conditions","170","Met One BAM-1020 Mass Monitor w/VSCC","47300","Visalia-Porterville, CA","06","California","107","Tulare","36.48947","-118.82915"
"01/11/2025","AQS","061070009","1","2.2","ug/m3 LC","12","Sequoia & Kings Canyon NPs - Ash Mountain","1","100.0000","88101","PM2.5 - Local Conditions","170","Met One BAM-1020 Mass Monitor w/VSCC","47300","Visalia-Porterville, CA","06","California","107","Tulare","36.48947","-118.82915"
"01/12/2025","AQS","061070009","1","1.3","ug/m3 LC","7","Sequoia & Kings Canyon NPs - Ash Mountain","1","100.0000","88101","PM2.5 - Local Conditions","170","Met One BAM-1020 Mass Monitor w/VSCC","47300","Visalia-Porterville, CA","06","California","107","Tulare","36.48947","-118.82915"
"01/13/2025","AQS","061070009","1","1.9","ug/m3 LC","11","Sequoia & Kings Canyon NPs - Ash Mountain","1","100.0000","88101","PM2.5 - Local Conditions","170","Met One BAM-1020 Mass Monitor w/VSCC","47300","Visalia-Porterville, CA","06","California","107","Tulare","36.48947","-118.82915"
"01/14/2025","AQS","061070009","1","-0.2","ug/m3 LC","0","Sequoia & Kings Canyon NPs - Ash Mountain","1","100.0000","88101","PM2.5 - Local Conditions","170","Met One BAM-1020 Mass Monitor w/VSCC","47300","Visalia-Porterville, CA","06","California","107","Tulare","36.48947","-118.82915"
"01/15/2025","AQS","061070009","1","0","ug/m3 LC","0","Sequoia & Kings Canyon NPs - Ash Mountain","1","100.0000","88101","PM2.5 - Local Conditions","170","Met One BAM-1020 Mass Monitor w/VSCC","47300","Visalia-Porterville, CA","06","California","107","Tulare","36.48947","-118.82915"
"01/16/2025","AQS","061070009","1","-0.2","ug/m3 LC","0","Sequoia & Kings Canyon NPs - Ash Mountain","1","100.0000","88101","PM2.5 - Local Conditions","170","Met One BAM-1020 Mass Monitor w/VSCC","47300","Visalia-Porterville, CA","06","California","107","Tulare","36.48947","-118.82915"
"01/17/2025","AQS","061070009","1","4.1","ug/m3 LC","23","Sequoia & Kings Canyon NPs - Ash Mountain","1","100.0000","88101","PM2.5 - Local Conditions","170","Met One BAM-1020 Mass Monitor w/VSCC","47300","Visalia-Porterville, CA","06","California","107","Tulare","36.48947","-118.82915"
"01/18/2025","AQS","061070009","1","5.3","ug/m3 LC","29","Sequoia & Kings Canyon NPs - Ash Mountain","1","100.0000","88101","PM2.5 - Local Conditions","170","Met One BAM-1020 Mass Monitor w/VSCC","47300","Visalia-Porterville, CA","06","California","107","Tulare","36.48947","-118.82915"
"01/19/2025","AQS","061070009","1","9.6","ug/m3 LC","52","Sequoia & Kings Canyon NPs - Ash Mountain","1","100.0000","88101","PM2.5 - Local Conditions","170","Met One BAM-1020 Mass Monitor w/VSCC","47300","Visalia-Porterville, CA","06","California","107","Tulare","36.48947","-118.82915"
"01/20/2025","AQS","061070009","1","11.8","ug/m3 LC","56","Sequoia & Kings Canyon NPs - Ash Mountain","1","100.0000","88101","PM2.5 - Local Conditions","170","Met One BAM-1020 Mass Monitor w/VSCC","47300","Visalia-Porterville, CA","06","California","107","Tulare","36.48947","-118.82915"
"01/21/2025","AQS","061070009","1","7.7","ug/m3 LC","43","Sequoia & Kings Canyon NPs - Ash Mountain","1","100.0000","88101","PM2.5 - Local Conditions","170","Met One BAM-1020 Mass Monitor w/VSCC","47300","Visalia-Porterville, CA","06","California","107","Tulare","36.48947","-118.82915"
"01/22/2025","AQS","061070009","1","7.4","ug/m3 LC","41","Sequoia & Kings Canyon NPs - Ash Mountain","1","100.0000","88101","PM2.5 - Local Conditions","170","Met One BAM-1020 Mass Monitor w/VSCC","47300","Visalia-Porterville, CA","06","California","107","Tulare","36.48947","-118.82915"
"01/23/2025","AQS","061070009","1","1.3","ug/m3 LC","7","Sequoia & Kings Canyon NPs - Ash Mountain","1","100.0000","88101","PM2.5 - Local Conditions","170","Met One BAM-1020 Mass Monitor w/VSCC","47300","Visalia-Porterville, CA","06","California","107","Tulare","36.48947","-118.82915"
"01/24/2025","AQS","061070009","1","-0.8","ug/m3 LC","0","Sequoia & Kings Canyon NPs - Ash Mountain","1","100.0000","88101","PM2.5 - Local Conditions","170","Met One BAM-1020 Mass Monitor w/VSCC","47300","Visalia-Porterville, CA","06","California","107","Tulare","36.48947","-118.82915"
"01/25/2025","AQS","061070009","1","2.1","ug/m3 LC","12","Sequoia & Kings Canyon NPs - Ash Mountain","1","100.0000","88101","PM2.5 - Local Conditions","170","Met One BAM-1020 Mass Monitor w/VSCC","47300","Visalia-Porterville, CA","06","California","107","Tulare","36.48947","-118.82915"
"01/26/2025","AQS","061070009","1","1.7","ug/m3 LC","9","Sequoia & Kings Canyon NPs - Ash Mountain","1","100.0000","88101","PM2.5 - Local Conditions","170","Met One BAM-1020 Mass Monitor w/VSCC","47300","Visalia-Porterville, CA","06","California","107","Tulare","36.48947","-118.82915"
"01/27/2025","AQS","061070009","1","1","ug/m3 LC","6","Sequoia & Kings Canyon NPs - Ash Mountain","1","100.0000","88101","PM2.5 - Local Conditions","170","Met One BAM-1020 Mass Monitor w/VSCC","47300","Visalia-Porterville, CA","06","California","107","Tulare","36.48947","-118.82915"
"01/28/2025","AQS","061070009","1","2.7","ug/m3 LC","15","Sequoia & Kings Canyon NPs - Ash Mountain","1","100.0000","88101","PM2.5 - Local Conditions","170","Met One BAM-1020 Mass Monitor w/VSCC","47300","Visalia-Porterville, CA","06","California","107","Tulare","36.48947","-118.82915"
"01/29/2025","AQS","061070009","1","2.4","ug/m3 LC","13","Sequoia & Kings Canyon NPs - Ash Mountain","1","100.0000","88101","PM2.5 - Local Conditions","170","Met One BAM-1020 Mass Monitor w/VSCC","47300","Visalia-Porterville, CA","06","California","107","Tulare","36.48947","-118.82915"
"01/30/2025","AQS","061070009","1","5.6","ug/m3 LC","31","Sequoia & Kings Canyon NPs - Ash Mountain","1","100.0000","88101","PM2.5 - Local Conditions","170","Met One BAM-1020 Mass Monitor w/VSCC","47300","Visalia-Porterville, CA","06","California","107","Tulare","36.48947","-118.82915"
"01/31/2025","AQS","061070009","1","8.3","ug/m3 LC","46","Sequoia & Kings Canyon NPs - Ash Mountain","1","100.0000","88101","PM2.5 - Local Conditions","170","Met One BAM-1020 Mass Monitor w/VSCC","47300","Visalia-Porterville, CA","06","California","107","Tulare","36.48947","-118.82915"
"02/01/2025","AQS","061070009","1","6.7","ug/m3 LC","37","Sequoia & Kings Canyon NPs - Ash Mountain","1","100.0000","88101","PM2.5 - Local Conditions","170","Met One BAM-1020 Mass Monitor w/VSCC","47300","Visalia-Porterville, CA","06","California","107","Tulare","36.48947","-118.82915"
"02/02/2025","AQS","061070009","1","-0.4","ug/m3 LC","0","Sequoia & Kings Canyon NPs - Ash Mountain","1","100.0000","88101","PM2.5 - Local Conditions","170","Met One BAM-1020 Mass Monitor w/VSCC","47300","Visalia-Porterville, CA","06","California","107","Tulare","36.48947","-118.82915"
"02/03/2025","AQS","061070009","1","1","ug/m3 LC","6","Sequoia & Kings Canyon NPs - Ash Mountain","1","100.0000","88101","PM2.5 - Local Conditions","170","Met One BAM-1020 Mass Monitor w/VSCC","47300","Visalia-Porterville, CA","06","California","107","Tulare","36.48947","-118.82915"
"02/04/2025","AQS","061070009","1","0.8","ug/m3 LC","4","Sequoia & Kings Canyon NPs - Ash Mountain","1","100.0000","88101","PM2.5 - Local Conditions","170","Met One BAM-1020 Mass Monitor w/VSCC","47300","Visalia-Porterville, CA","06","California","107","Tulare","36.48947","-118.82915"
"02/05/2025","AQS","061070009","1","-2.2","ug/m3 LC","0","Sequoia & Kings Canyon NPs - Ash Mountain","1","100.0000","88101","PM2.5 - Local Conditions","170","Met One BAM-1020 Mass Monitor w/VSCC","47300","Visalia-Porterville, CA","06","California","107","Tulare","36.48947","-118.82915"
"02/06/2025","AQS","061070009","1","-1.6","ug/m3 LC","0","Sequoia & Kings Canyon NPs - Ash Mountain","1","100.0000","88101","PM2.5 - Local Conditions","170","Met One BAM-1020 Mass Monitor w/VSCC","47300","Visalia-Porterville, CA","06","California","107","Tulare","36.48947","-118.82915"
"02/07/2025","AQS","061070009","1","-1.4","ug/m3 LC","0","Sequoia & Kings Canyon NPs - Ash Mountain","1","100.0000","88101","PM2.5 - Local Conditions","170","Met One BAM-1020 Mass Monitor w/VSCC","47300","Visalia-Porterville, CA","06","California","107","Tulare","36.48947","-118.82915"
"02/08/2025","AQS","061070009","1","2.2","ug/m3 LC","12","Sequoia & Kings Canyon NPs - Ash Mountain","1","100.0000","88101","PM2.5 - Local Conditions","170","Met One BAM-1020 Mass Monitor w/VSCC","47300","Visalia-Porterville, CA","06","California","107","Tulare","36.48947","-118.82915"
"02/09/2025","AQS","061070009","1","4","ug/m3 LC","22","Sequoia & Kings Canyon NPs - Ash Mountain","1","100.0000","88101","PM2.5 - Local Conditions","170","Met One BAM-1020 Mass Monitor w/VSCC","47300","Visalia-Porterville, CA","06","California","107","Tulare","36.48947","-118.82915"
"02/10/2025","AQS","061070009","1","4.2","ug/m3 LC","23","Sequoia & Kings Canyon NPs - Ash Mountain","1","100.0000","88101","PM2.5 - Local Conditions","170","Met One BAM-1020 Mass Monitor w/VSCC","47300","Visalia-Porterville, CA","06","California","107","Tulare","36.48947","-118.82915"
"02/11/2025","AQS","061070009","1","7.7","ug/m3 LC","43","Sequoia & Kings Canyon NPs - Ash Mountain","1","100.0000","88101","PM2.5 - Local Conditions","170","Met One BAM-1020 Mass Monitor w/VSCC","47300","Visalia-Porterville, CA","06","California","107","Tulare","36.48947","-118.82915"
"02/12/2025","AQS","061070009","1","1.7","ug/m3 LC","9","Sequoia & Kings Canyon NPs - Ash Mountain","1","100.0000","88101","PM2.5 - Local Conditions","170","Met One BAM-1020 Mass Monitor w/VSCC","47300","Visalia-Porterville, CA","06","California","107","Tulare","36.48947","-118.82915"
"02/13/2025","AQS","061070009","1","-2.4","ug/m3 LC","0","Sequoia & Kings Canyon NPs - Ash Mountain","1","100.0000","88101","PM2.5 - Local Conditions","170","Met One BAM-1020 Mass Monitor w/VSCC","47300","Visalia-Porterville, CA","06","California","107","Tulare","36.48947","-118.82915"
"02/14/2025","AQS","061070009","1","-1","ug/m3 LC","0","Sequoia & Kings Canyon NPs - Ash Mountain","1","100.0000","88101","PM2.5 - Local Conditions","170","Met One BAM-1020 Mass Monitor w/VSCC","47300","Visalia-Porterville, CA","06","California","107","Tulare","36.48947","-118.82915"
"02/15/2025","AQS","061070009","1","0","ug/m3 LC","0","Sequoia & Kings Canyon NPs - Ash Mountain","1","100.0000","88101","PM2.5 - Local Conditions","170","Met One BAM-1020 Mass Monitor w/VSCC","47300","Visalia-Porterville, CA","06","California","107","Tulare","36.48947","-118.82915"
"02/16/2025","AQS","061070009","1","1.4","ug/m3 LC","8","Sequoia & Kings Canyon NPs - Ash Mountain","1","100.0000","88101","PM2.5 - Local Conditions","170","Met One BAM-1020 Mass Monitor w/VSCC","47300","Visalia-Porterville, CA","06","California","107","Tulare","36.48947","-118.82915"
"02/17/2025","AQS","061070009","1","3.8","ug/m3 LC","21","Sequoia & Kings Canyon NPs - Ash Mountain","1","100.0000","88101","PM2.5 - Local Conditions","170","Met One BAM-1020 Mass Monitor w/VSCC","47300","Visalia-Porterville, CA","06","California","107","Tulare","36.48947","-118.82915"
"02/18/2025","AQS","061070009","1","2.8","ug/m3 LC","16","Sequoia & Kings Canyon NPs - Ash Mountain","1","100.0000","88101","PM2.5 - Local Conditions","170","Met One BAM-1020 Mass Monitor w/VSCC","47300","Visalia-Porterville, CA","06","California","107","Tulare","36.48947","-118.82915"
"02/19/2025","AQS","061070009","1","0.3","ug/m3 LC","2","Sequoia & Kings Canyon NPs - Ash Mountain","1","100.0000","88101","PM2.5 - Local Conditions","170","Met One BAM-1020 Mass Monitor w/VSCC","47300","Visalia-Porterville, CA","06","California","107","Tulare","36.48947","-118.82915"
"02/20/2025","AQS","061070009","1","1.9","ug/m3 LC","11","Sequoia & Kings Canyon NPs - Ash Mountain","1","100.0000","88101","PM2.5 - Local Conditions","170","Met One BAM-1020 Mass Monitor w/VSCC","47300","Visalia-Porterville, CA","06","California","107","Tulare","36.48947","-118.82915"
"02/21/2025","AQS","061070009","1","2","ug/m3 LC","11","Sequoia & Kings Canyon NPs - Ash Mountain","1","100.0000","88101","PM2.5 - Local Conditions","170","Met One BAM-1020 Mass Monitor w/VSCC","47300","Visalia-Porterville, CA","06","California","107","Tulare","36.48947","-118.82915"
"02/22/2025","AQS","061070009","1","0","ug/m3 LC","0","Sequoia & Kings Canyon NPs - Ash Mountain","1","100.0000","88101","PM2.5 - Local Conditions","170","Met One BAM-1020 Mass Monitor w/VSCC","47300","Visalia-Porterville, CA","06","California","107","Tulare","36.48947","-118.82915"
"02/23/2025","AQS","061070009","1","0.9","ug/m3 LC","5","Sequoia & Kings Canyon NPs - Ash Mountain","1","100.0000","88101","PM2.5 - Local Conditions","170","Met One BAM-1020 Mass Monitor w/VSCC","47300","Visalia-Porterville, CA","06","California","107","Tulare","36.48947","-118.82915"
"02/24/2025","AQS","061070009","1","2.3","ug/m3 LC","13","Sequoia & Kings Canyon NPs - Ash Mountain","1","100.0000","88101","PM2.5 - Local Conditions","170","Met One BAM-1020 Mass Monitor w/VSCC","47300","Visalia-Porterville, CA","06","California","107","Tulare","36.48947","-118.82915"
"02/25/2025","AQS","061070009","1","4.3","ug/m3 LC","24","Sequoia & Kings Canyon NPs - Ash Mountain","1","100.0000","88101","PM2.5 - Local Conditions","170","Met One BAM-1020 Mass Monitor w/VSCC","47300","Visalia-Porterville, CA","06","California","107","Tulare","36.48947","-118.82915"
"02/26/2025","AQS","061070009","1","1.1","ug/m3 LC","6","Sequoia & Kings Canyon NPs - Ash Mountain","1","100.0000","88101","PM2.5 - Local Conditions","170","Met One BAM-1020 Mass Monitor w/VSCC","47300","Visalia-Porterville, CA","06","California","107","Tulare","36.48947","-118.82915"
"02/27/2025","AQS","061070009","1","0.2","ug/m3 LC","1","Sequoia & Kings Canyon NPs - Ash Mountain","1","100.0000","88101","PM2.5 - Local Conditions","170","Met One BAM-1020 Mass Monitor w/VSCC","47300","Visalia-Porterville, CA","06","California","107","Tulare","36.48947","-118.82915"
"02/28/2025","AQS","061070009","1","0","ug/m3 LC","0","Sequoia & Kings Canyon NPs - Ash Mountain","1","100.0000","88101","PM2.5 - Local Conditions","170","Met One BAM-1020 Mass Monitor w/VSCC","47300","Visalia-Porterville, CA","06","California","107","Tulare","36.48947","-118.82915"
"03/01/2025","AQS","061070009","1","3","ug/m3 LC","17","Sequoia & Kings Canyon NPs - Ash Mountain","1","100.0000","88101","PM2.5 - Local Conditions","170","Met One BAM-1020 Mass Monitor w/VSCC","47300","Visalia-Porterville, CA","06","California","107","Tulare","36.48947","-118.82915"
"03/02/2025","AQS","061070009","1","0.8","ug/m3 LC","4","Sequoia & Kings Canyon NPs - Ash Mountain","1","100.0000","88101","PM2.5 - Local Conditions","170","Met One BAM-1020 Mass Monitor w/VSCC","47300","Visalia-Porterville, CA","06","California","107","Tulare","36.48947","-118.82915"
"03/03/2025","AQS","061070009","1","-0.9","ug/m3 LC","0","Sequoia & Kings Canyon NPs - Ash Mountain","1","100.0000","88101","PM2.5 - Local Conditions","170","Met One BAM-1020 Mass Monitor w/VSCC","47300","Visalia-Porterville, CA","06","California","107","Tulare","36.48947","-118.82915"
"03/04/2025","AQS","061070009","1","-0.3","ug/m3 LC","0","Sequoia & Kings Canyon NPs - Ash Mountain","1","100.0000","88101","PM2.5 - Local Conditions","170","Met One BAM-1020 Mass Monitor w/VSCC","47300","Visalia-Porterville, CA","06","California","107","Tulare","36.48947","-118.82915"
"03/05/2025","AQS","061070009","1","-1","ug/m3 LC","0","Sequoia & Kings Canyon NPs - Ash Mountain","1","100.0000","88101","PM2.5 - Local Conditions","170","Met One BAM-1020 Mass Monitor w/VSCC","47300","Visalia-Porterville, CA","06","California","107","Tulare","36.48947","-118.82915"
"03/06/2025","AQS","061070009","1","-0.6","ug/m3 LC","0","Sequoia & Kings Canyon NPs - Ash Mountain","1","100.0000","88101","PM2.5 - Local Conditions","170","Met One BAM-1020 Mass Monitor w/VSCC","47300","Visalia-Porterville, CA","06","California","107","Tulare","36.48947","-118.82915"
"03/07/2025","AQS","061070009","1","0.4","ug/m3 LC","2","Sequoia & Kings Canyon NPs - Ash Mountain","1","100.0000","88101","PM2.5 - Local Conditions","170","Met One BAM-1020 Mass Monitor w/VSCC","47300","Visalia-Porterville, CA","06","California","107","Tulare","36.48947","-118.82915"
"03/08/2025","AQS","061070009","1","0.9","ug/m3 LC","5","Sequoia & Kings Canyon NPs - Ash Mountain","1","100.0000","88101","PM2.5 - Local Conditions","170","Met One BAM-1020 Mass Monitor w/VSCC","47300","Visalia-Porterville, CA","06","California","107","Tulare","36.48947","-118.82915"
"03/09/2025","AQS","061070009","1","-0.2","ug/m3 LC","0","Sequoia & Kings Canyon NPs - Ash Mountain","1","100.0000","88101","PM2.5 - Local Conditions","170","Met One BAM-1020 Mass Monitor w/VSCC","47300","Visalia-Porterville, CA","06","California","107","Tulare","36.48947","-118.82915"
"03/10/2025","AQS","061070009","1","0.1","ug/m3 LC","1","Sequoia & Kings Canyon NPs - Ash Mountain","1","100.0000","88101","PM2.5 - Local Conditions","170","Met One BAM-1020 Mass Monitor w/VSCC","47300","Visalia-Porterville, CA","06","California","107","Tulare","36.48947","-118.82915"
"03/11/2025","AQS","061070009","1","1.2","ug/m3 LC","7","Sequoia & Kings Canyon NPs - Ash Mountain","1","100.0000","88101","PM2.5 - Local Conditions","170","Met One BAM-1020 Mass Monitor w/VSCC","47300","Visalia-Porterville, CA","06","California","107","Tulare","36.48947","-118.82915"
"03/12/2025","AQS","061070009","1","0.1","ug/m3 LC","1","Sequoia & Kings Canyon NPs - Ash Mountain","1","100.0000","88101","PM2.5 - Local Conditions","170","Met One BAM-1020 Mass Monitor w/VSCC","47300","Visalia-Porterville, CA","06","California","107","Tulare","36.48947","-118.82915"
"03/13/2025","AQS","061070009","1","-0.6","ug/m3 LC","0","Sequoia & Kings Canyon NPs - Ash Mountain","1","100.0000","88101","PM2.5 - Local Conditions","170","Met One BAM-1020 Mass Monitor w/VSCC","47300","Visalia-Porterville, CA","06","California","107","Tulare","36.48947","-118.82915"
"03/14/2025","AQS","061070009","1","-0.6","ug/m3 LC","0","Sequoia & Kings Canyon NPs - Ash Mountain","1","100.0000","88101","PM2.5 - Local Conditions","170","Met One BAM-1020 Mass Monitor w/VSCC","47300","Visalia-Porterville, CA","06","California","107","Tulare","36.48947","-118.82915"
"03/15/2025","AQS","061070009","1","1","ug/m3 LC","6","Sequoia & Kings Canyon NPs - Ash Mountain","1","100.0000","88101","PM2.5 - Local Conditions","170","Met One BAM-1020 Mass Monitor w/VSCC","47300","Visalia-Porterville, CA","06","California","107","Tulare","36.48947","-118.82915"
"03/16/2025","AQS","061070009","1","0.7","ug/m3 LC","4","Sequoia & Kings Canyon NPs - Ash Mountain","1","100.0000","88101","PM2.5 - Local Conditions","170","Met One BAM-1020 Mass Monitor w/VSCC","47300","Visalia-Porterville, CA","06","California","107","Tulare","36.48947","-118.82915"
"03/17/2025","AQS","061070009","1","0.3","ug/m3 LC","2","Sequoia & Kings Canyon NPs - Ash Mountain","1","100.0000","88101","PM2.5 - Local Conditions","170","Met One BAM-1020 Mass Monitor w/VSCC","47300","Visalia-Porterville, CA","06","California","107","Tulare","36.48947","-118.82915"
"03/18/2025","AQS","061070009","1","-0.1","ug/m3 LC","0","Sequoia & Kings Canyon NPs - Ash Mountain","1","100.0000","88101","PM2.5 - Local Conditions","170","Met One BAM-1020 Mass Monitor w/VSCC","47300","Visalia-Porterville, CA","06","California","107","Tulare","36.48947","-118.82915"
"03/19/2025","AQS","061070009","1","0.5","ug/m3 LC","3","Sequoia & Kings Canyon NPs - Ash Mountain","1","100.0000","88101","PM2.5 - Local Conditions","170","Met One BAM-1020 Mass Monitor w/VSCC","47300","Visalia-Porterville, CA","06","California","107","Tulare","36.48947","-118.82915"
"03/20/2025","AQS","061070009","1","2.7","ug/m3 LC","15","Sequoia & Kings Canyon NPs - Ash Mountain","1","100.0000","88101","PM2.5 - Local Conditions","170","Met One BAM-1020 Mass Monitor w/VSCC","47300","Visalia-Porterville, CA","06","California","107","Tulare","36.48947","-118.82915"
"03/21/2025","AQS","061070009","1","3.5","ug/m3 LC","19","Sequoia & Kings Canyon NPs - Ash Mountain","1","100.0000","88101","PM2.5 - Local Conditions","170","Met One BAM-1020 Mass Monitor w/VSCC","47300","Visalia-Porterville, CA","06","California","107","Tulare","36.48947","-118.82915"
"03/22/2025","AQS","061070009","1","4.3","ug/m3 LC","24","Sequoia & Kings Canyon NPs - Ash Mountain","1","100.0000","88101","PM2.5 - Local Conditions","170","Met One BAM-1020 Mass Monitor w/VSCC","47300","Visalia-Porterville, CA","06","California","107","Tulare","36.48947","-118.82915"
"03/23/2025","AQS","061070009","1","4.7","ug/m3 LC","26","Sequoia & Kings Canyon NPs - Ash Mountain","1","100.0000","88101","PM2.5 - Local Conditions","170","Met One BAM-1020 Mass Monitor w/VSCC","47300","Visalia-Porterville, CA","06","California","107","Tulare","36.48947","-118.82915"
"03/24/2025","AQS","061070009","1","2.7","ug/m3 LC","15","Sequoia & Kings Canyon NPs - Ash Mountain","1","100.0000","88101","PM2.5 - Local Conditions","170","Met One BAM-1020 Mass Monitor w/VSCC","47300","Visalia-Porterville, CA","06","California","107","Tulare","36.48947","-118.82915"
"03/25/2025","AQS","061070009","1","0.2","ug/m3 LC","1","Sequoia & Kings Canyon NPs - Ash Mountain","1","100.0000","88101","PM2.5 - Local Conditions","170","Met One BAM-1020 Mass Monitor w/VSCC","47300","Visalia-Porterville, CA","06","California","107","Tulare","36.48947","-118.82915"
"03/26/2025","AQS","061070009","1","1.7","ug/m3 LC","9","Sequoia & Kings Canyon NPs - Ash Mountain","1","100.0000","88101","PM2.5 - Local Conditions","170","Met One BAM-1020 Mass Monitor w/VSCC","47300","Visalia-Porterville, CA","06","California","107","Tulare","36.48947","-118.82915"
"03/27/2025","AQS","061070009","1","1.2","ug/m3 LC","7","Sequoia & Kings Canyon NPs - Ash Mountain","1","100.0000","88101","PM2.5 - Local Conditions","170","Met One BAM-1020 Mass Monitor w/VSCC","47300","Visalia-Porterville, CA","06","California","107","Tulare","36.48947","-118.82915"
"03/28/2025","AQS","061070009","1","0.7","ug/m3 LC","4","Sequoia & Kings Canyon NPs - Ash Mountain","1","100.0000","88101","PM2.5 - Local Conditions","170","Met One BAM-1020 Mass Monitor w/VSCC","47300","Visalia-Porterville, CA","06","California","107","Tulare","36.48947","-118.82915"
"03/29/2025","AQS","061070009","1","1.9","ug/m3 LC","11","Sequoia & Kings Canyon NPs - Ash Mountain","1","100.0000","88101","PM2.5 - Local Conditions","170","Met One BAM-1020 Mass Monitor w/VSCC","47300","Visalia-Porterville, CA","06","California","107","Tulare","36.48947","-118.82915"
"03/30/2025","AQS","061070009","1","0.9","ug/m3 LC","5","Sequoia & Kings Canyon NPs - Ash Mountain","1","100.0000","88101","PM2.5 - Local Conditions","170","Met One BAM-1020 Mass Monitor w/VSCC","47300","Visalia-Porterville, CA","06","California","107","Tulare","36.48947","-118.82915"
"03/31/2025","AQS","061070009","1","0","ug/m3 LC","0","Sequoia & Kings Canyon NPs - Ash Mountain","1","100.0000","88101","PM2.5 - Local Conditions","170","Met One BAM-1020 Mass Monitor w/VSCC","47300","Visalia-Porterville, CA","06","California","107","Tulare","36.48947","-118.82915"
"04/01/2025","AQS","061070009","1","0.2","ug/m3 LC","1","Sequoia & Kings Canyon NPs - Ash Mountain","1","100.0000","88101","PM2.5 - Local Conditions","170","Met One BAM-1020 Mass Monitor w/VSCC","47300","Visalia-Porterville, CA","06","California","107","Tulare","36.48947","-118.82915"
"04/02/2025","AQS","061070009","1","-1","ug/m3 LC","0","Sequoia & Kings Canyon NPs - Ash Mountain","1","100.0000","88101","PM2.5 - Local Conditions","170","Met One BAM-1020 Mass Monitor w/VSCC","47300","Visalia-Porterville, CA","06","California","107","Tulare","36.48947","-118.82915"
"04/03/2025","AQS","061070009","1","-0.1","ug/m3 LC","0","Sequoia & Kings Canyon NPs - Ash Mountain","1","100.0000","88101","PM2.5 - Local Conditions","170","Met One BAM-1020 Mass Monitor w/VSCC","47300","Visalia-Porterville, CA","06","California","107","Tulare","36.48947","-118.82915"
"04/04/2025","AQS","061070009","1","1.7","ug/m3 LC","9","Sequoia & Kings Canyon NPs - Ash Mountain","1","100.0000","88101","PM2.5 - Local Conditions","170","Met One BAM-1020 Mass Monitor w/VSCC","47300","Visalia-Porterville, CA","06","California","107","Tulare","36.48947","-118.82915"
"04/05/2025","AQS","061070009","1","1.5","ug/m3 LC","8","Sequoia & Kings Canyon NPs - Ash Mountain","1","100.0000","88101","PM2.5 - Local Conditions","170","Met One BAM-1020 Mass Monitor w/VSCC","47300","Visalia-Porterville, CA","06","California","107","Tulare","36.48947","-118.82915"
"04/06/2025","AQS","061070009","1","2.2","ug/m3 LC","12","Sequoia & Kings Canyon NPs - Ash Mountain","1","100.0000","88101","PM2.5 - Local Conditions","170","Met One BAM-1020 Mass Monitor w/VSCC","47300","Visalia-Porterville, CA","06","California","107","Tulare","36.48947","-118.82915"
"04/07/2025","AQS","061070009","1","3.2","ug/m3 LC","18","Sequoia & Kings Canyon NPs - Ash Mountain","1","100.0000","88101","PM2.5 - Local Conditions","170","Met One BAM-1020 Mass Monitor w/VSCC","47300","Visalia-Porterville, CA","06","California","107","Tulare","36.48947","-118.82915"
"04/08/2025","AQS","061070009","1","6.8","ug/m3 LC","38","Sequoia & Kings Canyon NPs - Ash Mountain","1","100.0000","88101","PM2.5 - Local Conditions","170","Met One BAM-1020 Mass Monitor w/VSCC","47300","Visalia-Porterville, CA","06","California","107","Tulare","36.48947","-118.82915"
"04/09/2025","AQS","061070009","1","9.3","ug/m3 LC","51","Sequoia & Kings Canyon NPs - Ash Mountain","1","100.0000","88101","PM2.5 - Local Conditions","170","Met One BAM-1020 Mass Monitor w/VSCC","47300","Visalia-Porterville, CA","06","California","107","Tulare","36.48947","-118.82915"
"04/10/2025","AQS","061070009","1","9.1","ug/m3 LC","51","Sequoia & Kings Canyon NPs - Ash Mountain","1","100.0000","88101","PM2.5 - Local Conditions","170","Met One BAM-1020 Mass Monitor w/VSCC","47300","Visalia-Porterville, CA","06","California","107","Tulare","36.48947","-118.82915"
"04/11/2025","AQS","061070009","1","9.5","ug/m3 LC","52","Sequoia & Kings Canyon NPs - Ash Mountain","1","100.0000","88101","PM2.5 - Local Conditions","170","Met One BAM-1020 Mass Monitor w/VSCC","47300","Visalia-Porterville, CA","06","California","107","Tulare","36.48947","-118.82915"
"04/12/2025","AQS","061070009","1","9.3","ug/m3 LC","51","Sequoia & Kings Canyon NPs - Ash Mountain","1","100.0000","88101","PM2.5 - Local Conditions","170","Met One BAM-1020 Mass Monitor w/VSCC","47300","Visalia-Porterville, CA","06","California","107","Tulare","36.48947","-118.82915"
"04/13/2025","AQS","061070009","1","7.5","ug/m3 LC","42","Sequoia & Kings Canyon NPs - Ash Mountain","1","100.0000","88101","PM2.5 - Local Conditions","170","Met One BAM-1020 Mass Monitor w/VSCC","47300","Visalia-Porterville, CA","06","California","107","Tulare","36.48947","-118.82915"
"04/14/2025","AQS","061070009","1","6.6","ug/m3 LC","37","Sequoia & Kings Canyon NPs - Ash Mountain","1","100.0000","88101","PM2.5 - Local Conditions","170","Met One BAM-1020 Mass Monitor w/VSCC","47300","Visalia-Porterville, CA","06","California","107","Tulare","36.48947","-118.82915"
"04/15/2025","AQS","061070009","1","8.2","ug/m3 LC","46","Sequoia & Kings Canyon NPs - Ash Mountain","1","100.0000","88101","PM2.5 - Local Conditions","170","Met One BAM-1020 Mass Monitor w/VSCC","47300","Visalia-Porterville, CA","06","California","107","Tulare","36.48947","-118.82915"
"04/16/2025","AQS","061070009","1","9.7","ug/m3 LC","52","Sequoia & Kings Canyon NPs - Ash Mountain","1","100.0000","88101","PM2.5 - Local Conditions","170","Met One BAM-1020 Mass Monitor w/VSCC","47300","Visalia-Porterville, CA","06","California","107","Tulare","36.48947","-118.82915"
"04/17/2025","AQS","061070009","1","5.7","ug/m3 LC","32","Sequoia & Kings Canyon NPs - Ash Mountain","1","100.0000","88101","PM2.5 - Local Conditions","170","Met One BAM-1020 Mass Monitor w/VSCC","47300","Visalia-Porterville, CA","06","California","107","Tulare","36.48947","-118.82915"
"04/18/2025","AQS","061070009","1","6.8","ug/m3 LC","38","Sequoia & Kings Canyon NPs - Ash Mountain","1","100.0000","88101","PM2.5 - Local Conditions","170","Met One BAM-1020 Mass Monitor w/VSCC","47300","Visalia-Porterville, CA","06","California","107","Tulare","36.48947","-118.82915"
"04/19/2025","AQS","061070009","1","5","ug/m3 LC","28","Sequoia & Kings Canyon NPs - Ash Mountain","1","100.0000","88101","PM2.5 - Local Conditions","170","Met One BAM-1020 Mass Monitor w/VSCC","47300","Visalia-Porterville, CA","06","California","107","Tulare","36.48947","-118.82915"
"04/20/2025","AQS","061070009","1","7","ug/m3 LC","39","Sequoia & Kings Canyon NPs - Ash Mountain","1","100.0000","88101","PM2.5 - Local Conditions","170","Met One BAM-1020 Mass Monitor w/VSCC","47300","Visalia-Porterville, CA","06","California","107","Tulare","36.48947","-118.82915"
"04/21/2025","AQS","061070009","1","8","ug/m3 LC","44","Sequoia & Kings Canyon NPs - Ash Mountain","1","100.0000","88101","PM2.5 - Local Conditions","170","Met One BAM-1020 Mass Monitor w/VSCC","47300","Visalia-Porterville, CA","06","California","107","Tulare","36.48947","-118.82915"
"04/22/2025","AQS","061070009","1","6.5","ug/m3 LC","36","Sequoia & Kings Canyon NPs - Ash Mountain","1","100.0000","88101","PM2.5 - Local Conditions","170","Met One BAM-1020 Mass Monitor w/VSCC","47300","Visalia-Porterville, CA","06","California","107","Tulare","36.48947","-118.82915"
"04/23/2025","AQS","061070009","1","6.8","ug/m3 LC","38","Sequoia & Kings Canyon NPs - Ash Mountain","1","100.0000","88101","PM2.5 - Local Conditions","170","Met One BAM-1020 Mass Monitor w/VSCC","47300","Visalia-Porterville, CA","06","California","107","Tulare","36.48947","-118.82915"
"04/24/2025","AQS","061070009","1","7.2","ug/m3 LC","40","Sequoia & Kings Canyon NPs - Ash Mountain","1","100.0000","88101","PM2.5 - Local Conditions","170","Met One BAM-1020 Mass Monitor w/VSCC","47300","Visalia-Porterville, CA","06","California","107","Tulare","36.48947","-118.82915"
"04/25/2025","AQS","061070009","1","5.7","ug/m3 LC","32","Sequoia & Kings Canyon NPs - Ash Mountain","1","100.0000","88101","PM2.5 - Local Conditions","170","Met One BAM-1020 Mass Monitor w/VSCC","47300","Visalia-Porterville, CA","06","California","107","Tulare","36.48947","-118.82915"
"04/26/2025","AQS","061070009","1","1","ug/m3 LC","6","Sequoia & Kings Canyon NPs - Ash Mountain","1","100.0000","88101","PM2.5 - Local Conditions","170","Met One BAM-1020 Mass Monitor w/VSCC","47300","Visalia-Porterville, CA","06","California","107","Tulare","36.48947","-118.82915"
"04/27/2025","AQS","061070009","1","1.3","ug/m3 LC","7","Sequoia & Kings Canyon NPs - Ash Mountain","1","100.0000","88101","PM2.5 - Local Conditions","170","Met One BAM-1020 Mass Monitor w/VSCC","47300","Visalia-Porterville, CA","06","California","107","Tulare","36.48947","-118.82915"
"04/28/2025","AQS","061070009","1","2.4","ug/m3 LC","13","Sequoia & Kings Canyon NPs - Ash Mountain","1","100.0000","88101","PM2.5 - Local Conditions","170","Met One BAM-1020 Mass Monitor w/VSCC","47300","Visalia-Porterville, CA","06","California","107","Tulare","36.48947","-118.82915"
"04/29/2025","AQS","061070009","1","4.1","ug/m3 LC","23","Sequoia & Kings Canyon NPs - Ash Mountain","1","100.0000","88101","PM2.5 - Local Conditions","170","Met One BAM-1020 Mass Monitor w/VSCC","47300","Visalia-Porterville, CA","06","California","107","Tulare","36.48947","-118.82915"
"04/30/2025","AQS","061070009","1","6.6","ug/m3 LC","37","Sequoia & Kings Canyon NPs - Ash Mountain","1","100.0000","88101","PM2.5 - Local Conditions","170","Met One BAM-1020 Mass Monitor w/VSCC","47300","Visalia-Porterville, CA","06","California","107","Tulare","36.48947","-118.82915"
"05/01/2025","AQS","061070009","1","5.5","ug/m3 LC","31","Sequoia & Kings Canyon NPs - Ash Mountain","1","100.0000","88101","PM2.5 - Local Conditions","170","Met One BAM-1020 Mass Monitor w/VSCC","47300","Visalia-Porterville, CA","06","California","107","Tulare","36.48947","-118.82915"
"05/02/2025","AQS","061070009","1","5.1","ug/m3 LC","28","Sequoia & Kings Canyon NPs - Ash Mountain","1","100.0000","88101","PM2.5 - Local Conditions","170","Met One BAM-1020 Mass Monitor w/VSCC","47300","Visalia-Porterville, CA","06","California","107","Tulare","36.48947","-118.82915"
"05/03/2025","AQS","061070009","1","5.3","ug/m3 LC","29","Sequoia & Kings Canyon NPs - Ash Mountain","1","100.0000","88101","PM2.5 - Local Conditions","170","Met One BAM-1020 Mass Monitor w/VSCC","47300","Visalia-Porterville, CA","06","California","107","Tulare","36.48947","-118.82915"
"05/04/2025","AQS","061070009","1","5.2","ug/m3 LC","29","Sequoia & Kings Canyon NPs - Ash Mountain","1","100.0000","88101","PM2.5 - Local Conditions","170","Met One BAM-1020 Mass Monitor w/VSCC","47300","Visalia-Porterville, CA","06","California","107","Tulare","36.48947","-118.82915"
"05/05/2025","AQS","061070009","1","4.7","ug/m3 LC","26","Sequoia & Kings Canyon NPs - Ash Mountain","1","100.0000","88101","PM2.5 - Local Conditions","170","Met One BAM-1020 Mass Monitor w/VSCC","47300","Visalia-Porterville, CA","06","California","107","Tulare","36.48947","-118.82915"
"05/06/2025","AQS","061070009","1","3.8","ug/m3 LC","21","Sequoia & Kings Canyon NPs - Ash Mountain","1","100.0000","88101","PM2.5 - Local Conditions","170","Met One BAM-1020 Mass Monitor w/VSCC","47300","Visalia-Porterville, CA","06","California","107","Tulare","36.48947","-118.82915"
"05/07/2025","AQS","061070009","1","6.4","ug/m3 LC","36","Sequoia & Kings Canyon NPs - Ash Mountain","1","100.0000","88101","PM2.5 - Local Conditions","170","Met One BAM-1020 Mass Monitor w/VSCC","47300","Visalia-Porterville, CA","06","California","107","Tulare","36.48947","-118.82915"
"05/08/2025","AQS","061070009","1","8.9","ug/m3 LC","49","Sequoia & Kings Canyon NPs - Ash Mountain","1","100.0000","88101","PM2.5 - Local Conditions","170","Met One BAM-1020 Mass Monitor w/VSCC","47300","Visalia-Porterville, CA","06","California","107","Tulare","36.48947","-118.82915"
"05/09/2025","AQS","061070009","1","6.2","ug/m3 LC","34","Sequoia & Kings Canyon NPs - Ash Mountain","1","100.0000","88101","PM2.5 - Local Conditions","170","Met One BAM-1020 Mass Monitor w/VSCC","47300","Visalia-Porterville, CA","06","California","107","Tulare","36.48947","-118.82915"
"05/10/2025","AQS","061070009","1","3.4","ug/m3 LC","19","Sequoia & Kings Canyon NPs - Ash Mountain","1","100.0000","88101","PM2.5 - Local Conditions","170","Met One BAM-1020 Mass Monitor w/VSCC","47300","Visalia-Porterville, CA","06","California","107","Tulare","36.48947","-118.82915"
"05/11/2025","AQS","061070009","1","4.9","ug/m3 LC","27","Sequoia & Kings Canyon NPs - Ash Mountain","1","100.0000","88101","PM2.5 - Local Conditions","170","Met One BAM-1020 Mass Monitor w/VSCC","47300","Visalia-Porterville, CA","06","California","107","Tulare","36.48947","-118.82915"
"05/12/2025","AQS","061070009","1","3.7","ug/m3 LC","21","Sequoia & Kings Canyon NPs - Ash Mountain","1","100.0000","88101","PM2.5 - Local Conditions","170","Met One BAM-1020 Mass Monitor w/VSCC","47300","Visalia-Porterville, CA","06","California","107","Tulare","36.48947","-118.82915"
"05/13/2025","AQS","061070009","1","2.6","ug/m3 LC","14","Sequoia & Kings Canyon NPs - Ash Mountain","1","100.0000","88101","PM2.5 - Local Conditions","170","Met One BAM-1020 Mass Monitor w/VSCC","47300","Visalia-Porterville, CA","06","California","107","Tulare","36.48947","-118.82915"
"05/14/2025","AQS","061070009","1","1.3","ug/m3 LC","7","Sequoia & Kings Canyon NPs - Ash Mountain","1","100.0000","88101","PM2.5 - Local Conditions","170","Met One BAM-1020 Mass Monitor w/VSCC","47300","Visalia-Porterville, CA","06","California","107","Tulare","36.48947","-118.82915"
"05/15/2025","AQS","061070009","1","3.7","ug/m3 LC","21","Sequoia & Kings Canyon NPs - Ash Mountain","1","100.0000","88101","PM2.5 - Local Conditions","170","Met One BAM-1020 Mass Monitor w/VSCC","47300","Visalia-Porterville, CA","06","California","107","Tulare","36.48947","-118.82915"
"05/16/2025","AQS","061070009","1","4.2","ug/m3 LC","23","Sequoia & Kings Canyon NPs - Ash Mountain","1","100.0000","88101","PM2.5 - Local Conditions","170","Met One BAM-1020 Mass Monitor w/VSCC","47300","Visalia-Porterville, CA","06","California","107","Tulare","36.48947","-118.82915"
"05/17/2025","AQS","061070009","1","5.1","ug/m3 LC","28","Sequoia & Kings Canyon NPs - Ash Mountain","1","100.0000","88101","PM2.5 - Local Conditions","170","Met One BAM-1020 Mass Monitor w/VSCC","47300","Visalia-Porterville, CA","06","California","107","Tulare","36.48947","-118.82915"
"05/18/2025","AQS","061070009","1","3.9","ug/m3 LC","22","Sequoia & Kings Canyon NPs - Ash Mountain","1","100.0000","88101","PM2.5 - Local Conditions","170","Met One BAM-1020 Mass Monitor w/VSCC","47300","Visalia-Porterville, CA","06","California","107","Tulare","36.48947","-118.82915"
"05/19/2025","AQS","061070009","1","5.6","ug/m3 LC","31","Sequoia & Kings Canyon NPs - Ash Mountain","1","100.0000","88101","PM2.5 - Local Conditions","170","Met One BAM-1020 Mass Monitor w/VSCC","47300","Visalia-Porterville, CA","06","California","107","Tulare","36.48947","-118.82915"
"05/20/2025","AQS","061070009","1","6.3","ug/m3 LC","35","Sequoia & Kings Canyon NPs - Ash Mountain","1","100.0000","88101","PM2.5 - Local Conditions","170","Met One BAM-1020 Mass Monitor w/VSCC","47300","Visalia-Porterville, CA","06","California","107","Tulare","36.48947","-118.82915"
"05/21/2025","AQS","061070009","1","7","ug/m3 LC","39","Sequoia & Kings Canyon NPs - Ash Mountain","1","100.0000","88101","PM2.5 - Local Conditions","170","Met One BAM-1020 Mass Monitor w/VSCC","47300","Visalia-Porterville, CA","06","California","107","Tulare","36.48947","-118.82915"
"05/22/2025","AQS","061070009","1","7.1","ug/m3 LC","39","Sequoia & Kings Canyon NPs - Ash Mountain","1","100.0000","88101","PM2.5 - Local Conditions","170","Met One BAM-1020 Mass Monitor w/VSCC","47300","Visalia-Porterville, CA","06","California","107","Tulare","36.48947","-118.82915"
"05/23/2025","AQS","061070009","1","3.6","ug/m3 LC","20","Sequoia & Kings Canyon NPs - Ash Mountain","1","100.0000","88101","PM2.5 - Local Conditions","170","Met One BAM-1020 Mass Monitor w/VSCC","47300","Visalia-Porterville, CA","06","California","107","Tulare","36.48947","-118.82915"
"05/24/2025","AQS","061070009","1","4.6","ug/m3 LC","26","Sequoia & Kings Canyon NPs - Ash Mountain","1","100.0000","88101","PM2.5 - Local Conditions","170","Met One BAM-1020 Mass Monitor w/VSCC","47300","Visalia-Porterville, CA","06","California","107","Tulare","36.48947","-118.82915"
"05/25/2025","AQS","061070009","1","6.2","ug/m3 LC","34","Sequoia & Kings Canyon NPs - Ash Mountain","1","100.0000","88101","PM2.5 - Local Conditions","170","Met One BAM-1020 Mass Monitor w/VSCC","47300","Visalia-Porterville, CA","06","California","107","Tulare","36.48947","-118.82915"
"05/26/2025","AQS","061070009","1","5.8","ug/m3 LC","32","Sequoia & Kings Canyon NPs - Ash Mountain","1","100.0000","88101","PM2.5 - Local Conditions","170","Met One BAM-1020 Mass Monitor w/VSCC","47300","Visalia-Porterville, CA","06","California","107","Tulare","36.48947","-118.82915"
"05/27/2025","AQS","061070009","1","6.2","ug/m3 LC","34","Sequoia & Kings Canyon NPs - Ash Mountain","1","100.0000","88101","PM2.5 - Local Conditions","170","Met One BAM-1020 Mass Monitor w/VSCC","47300","Visalia-Porterville, CA","06","California","107","Tulare","36.48947","-118.82915"
"05/28/2025","AQS","061070009","1","7.7","ug/m3 LC","43","Sequoia & Kings Canyon NPs - Ash Mountain","1","100.0000","88101","PM2.5 - Local Conditions","170","Met One BAM-1020 Mass Monitor w/VSCC","47300","Visalia-Porterville, CA","06","California","107","Tulare","36.48947","-118.82915"
"05/29/2025","AQS","061070009","1","8","ug/m3 LC","44","Sequoia & Kings Canyon NPs - Ash Mountain","1","100.0000","88101","PM2.5 - Local Conditions","170","Met One BAM-1020 Mass Monitor w/VSCC","47300","Visalia-Porterville, CA","06","California","107","Tulare","36.48947","-118.82915"
"05/30/2025","AQS","061070009","1","7.8","ug/m3 LC","43","Sequoia & Kings Canyon NPs - Ash Mountain","1","100.0000","88101","PM2.5 - Local Conditions","170","Met One BAM-1020 Mass Monitor w/VSCC","47300","Visalia-Porterville, CA","06","California","107","Tulare","36.48947","-118.82915"
"05/31/2025","AQS","061070009","1","8.6","ug/m3 LC","48","Sequoia & Kings Canyon NPs - Ash Mountain","1","100.0000","88101","PM2.5 - Local Conditions","170","Met One BAM-1020 Mass Monitor w/VSCC","47300","Visalia-Porterville, CA","06","California","107","Tulare","36.48947","-118.82915"
"06/01/2025","AQS","061070009","1","15.6","ug/m3 LC","63","Sequoia & Kings Canyon NPs - Ash Mountain","1","100.0000","88101","PM2.5 - Local Conditions","170","Met One BAM-1020 Mass Monitor w/VSCC","47300","Visalia-Porterville, CA","06","California","107","Tulare","36.48947","-118.82915"
"06/02/2025","AQS","061070009","1","8.1","ug/m3 LC","45","Sequoia & Kings Canyon NPs - Ash Mountain","1","100.0000","88101","PM2.5 - Local Conditions","170","Met One BAM-1020 Mass Monitor w/VSCC","47300","Visalia-Porterville, CA","06","California","107","Tulare","36.48947","-118.82915"
"06/03/2025","AQS","061070009","1","7.7","ug/m3 LC","43","Sequoia & Kings Canyon NPs - Ash Mountain","1","100.0000","88101","PM2.5 - Local Conditions","170","Met One BAM-1020 Mass Monitor w/VSCC","47300","Visalia-Porterville, CA","06","California","107","Tulare","36.48947","-118.82915"
"06/04/2025","AQS","061070009","1","9.4","ug/m3 LC","52","Sequoia & Kings Canyon NPs - Ash Mountain","1","100.0000","88101","PM2.5 - Local Conditions","170","Met One BAM-1020 Mass Monitor w/VSCC","47300","Visalia-Porterville, CA","06","California","107","Tulare","36.48947","-118.82915"
"06/05/2025","AQS","061070009","1","7.8","ug/m3 LC","43","Sequoia & Kings Canyon NPs - Ash Mountain","1","100.0000","88101","PM2.5 - Local Conditions","170","Met One BAM-1020 Mass Monitor w/VSCC","47300","Visalia-Porterville, CA","06","California","107","Tulare","36.48947","-118.82915"
"06/06/2025","AQS","061070009","1","8.5","ug/m3 LC","47","Sequoia & Kings Canyon NPs - Ash Mountain","1","100.0000","88101","PM2.5 - Local Conditions","170","Met One BAM-1020 Mass Monitor w/VSCC","47300","Visalia-Porterville, CA","06","California","107","Tulare","36.48947","-118.82915"
"06/07/2025","AQS","061070009","1","9.3","ug/m3 LC","51","Sequoia & Kings Canyon NPs - Ash Mountain","1","100.0000","88101","PM2.5 - Local Conditions","170","Met One BAM-1020 Mass Monitor w/VSCC","47300","Visalia-Porterville, CA","06","California","107","Tulare","36.48947","-118.82915"
"06/08/2025","AQS","061070009","1","9","ug/m3 LC","50","Sequoia & Kings Canyon NPs - Ash Mountain","1","100.0000","88101","PM2.5 - Local Conditions","170","Met One BAM-1020 Mass Monitor w/VSCC","47300","Visalia-Porterville, CA","06","California","107","Tulare","36.48947","-118.82915"
"06/09/2025","AQS","061070009","1","9.8","ug/m3 LC","52","Sequoia & Kings Canyon NPs - Ash Mountain","1","100.0000","88101","PM2.5 - Local Conditions","170","Met One BAM-1020 Mass Monitor w/VSCC","47300","Visalia-Porterville, CA","06","California","107","Tulare","36.48947","-118.82915"
"06/10/2025","AQS","061070009","1","10.2","ug/m3 LC","53","Sequoia & Kings Canyon NPs - Ash Mountain","1","100.0000","88101","PM2.5 - Local Conditions","170","Met One BAM-1020 Mass Monitor w/VSCC","47300","Visalia-Porterville, CA","06","California","107","Tulare","36.48947","-118.82915"
"06/11/2025","AQS","061070009","1","9.5","ug/m3 LC","52","Sequoia & Kings Canyon NPs - Ash Mountain","1","100.0000","88101","PM2.5 - Local Conditions","170","Met One BAM-1020 Mass Monitor w/VSCC","47300","Visalia-Porterville, CA","06","California","107","Tulare","36.48947","-118.82915"
"06/12/2025","AQS","061070009","1","7.3","ug/m3 LC","41","Sequoia & Kings Canyon NPs - Ash Mountain","1","100.0000","88101","PM2.5 - Local Conditions","170","Met One BAM-1020 Mass Monitor w/VSCC","47300","Visalia-Porterville, CA","06","California","107","Tulare","36.48947","-118.82915"
"06/13/2025","AQS","061070009","1","6.9","ug/m3 LC","38","Sequoia & Kings Canyon NPs - Ash Mountain","1","100.0000","88101","PM2.5 - Local Conditions","170","Met One BAM-1020 Mass Monitor w/VSCC","47300","Visalia-Porterville, CA","06","California","107","Tulare","36.48947","-118.82915"
"06/14/2025","AQS","061070009","1","6.4","ug/m3 LC","36","Sequoia & Kings Canyon NPs - Ash Mountain","1","100.0000","88101","PM2.5 - Local Conditions","170","Met One BAM-1020 Mass Monitor w/VSCC","47300","Visalia-Porterville, CA","06","California","107","Tulare","36.48947","-118.82915"
"06/15/2025","AQS","061070009","1","6.5","ug/m3 LC","36","Sequoia & Kings Canyon NPs - Ash Mountain","1","100.0000","88101","PM2.5 - Local Conditions","170","Met One BAM-1020 Mass Monitor w/VSCC","47300","Visalia-Porterville, CA","06","California","107","Tulare","36.48947","-118.82915"
"06/16/2025","AQS","061070009","1","6.2","ug/m3 LC","34","Sequoia & Kings Canyon NPs - Ash Mountain","1","100.0000","88101","PM2.5 - Local Conditions","170","Met One BAM-1020 Mass Monitor w/VSCC","47300","Visalia-Porterville, CA","06","California","107","Tulare","36.48947","-118.82915"
"06/17/2025","AQS","061070009","1","5.5","ug/m3 LC","31","Sequoia & Kings Canyon NPs - Ash Mountain","1","100.0000","88101","PM2.5 - Local Conditions","170","Met One BAM-1020 Mass Monitor w/VSCC","47300","Visalia-Porterville, CA","06","California","107","Tulare","36.48947","-118.82915"
"06/18/2025","AQS","061070009","1","8.5","ug/m3 LC","47","Sequoia & Kings Canyon NPs - Ash Mountain","1","100.0000","88101","PM2.5 - Local Conditions","170","Met One BAM-1020 Mass Monitor w/VSCC","47300","Visalia-Porterville, CA","06","California","107","Tulare","36.48947","-118.82915"
"06/19/2025","AQS","061070009","1","8.3","ug/m3 LC","46","Sequoia & Kings Canyon NPs - Ash Mountain","1","100.0000","88101","PM2.5 - Local Conditions","170","Met One BAM-1020 Mass Monitor w/VSCC","47300","Visalia-Porterville, CA","06","California","107","Tulare","36.48947","-118.82915"
"06/20/2025","AQS","061070009","1","3.9","ug/m3 LC","22","Sequoia & Kings Canyon NPs - Ash Mountain","1","100.0000","88101","PM2.5 - Local Conditions","170","Met One BAM-1020 Mass Monitor w/VSCC","47300","Visalia-Porterville, CA","06","California","107","Tulare","36.48947","-118.82915"
"06/21/2025","AQS","061070009","1","3.8","ug/m3 LC","21","Sequoia & Kings Canyon NPs - Ash Mountain","1","100.0000","88101","PM2.5 - Local Conditions","170","Met One BAM-1020 Mass Monitor w/VSCC","47300","Visalia-Porterville, CA","06","California","107","Tulare","36.48947","-118.82915"
"06/22/2025","AQS","061070009","1","2.7","ug/m3 LC","15","Sequoia & Kings Canyon NPs - Ash Mountain","1","100.0000","88101","PM2.5 - Local Conditions","170","Met One BAM-1020 Mass Monitor w/VSCC","47300","Visalia-Porterville, CA","06","California","107","Tulare","36.48947","-118.82915"
"06/23/2025","AQS","061070009","1","3.3","ug/m3 LC","18","Sequoia & Kings Canyon NPs - Ash Mountain","1","100.0000","88101","PM2.5 - Local Conditions","170","Met One BAM-1020 Mass Monitor w/VSCC","47300","Visalia-Porterville, CA","06","California","107","Tulare","36.48947","-118.82915"
"06/24/2025","AQS","061070009","1","6.6","ug/m3 LC","37","Sequoia & Kings Canyon NPs - Ash Mountain","1","100.0000","88101","PM2.5 - Local Conditions","170","Met One BAM-1020 Mass Monitor w/VSCC","47300","Visalia-Porterville, CA","06","California","107","Tulare","36.48947","-118.82915"
"06/25/2025","AQS","061070009","1","7.9","ug/m3 LC","44","Sequoia & Kings Canyon NPs - Ash Mountain","1","100.0000","88101","PM2.5 - Local Conditions","170","Met One BAM-1020 Mass Monitor w/VSCC","47300","Visalia-Porterville, CA","06","California","107","Tulare","36.48947","-118.82915"
"06/26/2025","AQS","061070009","1","8.7","ug/m3 LC","48","Sequoia & Kings Canyon NPs - Ash Mountain","1","100.0000","88101","PM2.5 - Local Conditions","170","Met One BAM-1020 Mass Monitor w/VSCC","47300","Visalia-Porterville, CA","06","California","107","Tulare","36.48947","-118.82915"
"06/27/2025","AQS","061070009","1","10.5","ug/m3 LC","54","Sequoia & Kings Canyon NPs - Ash Mountain","1","100.0000","88101","PM2.5 - Local Conditions","170","Met One BAM-1020 Mass Monitor w/VSCC","47300","Visalia-Porterville, CA","06","California","107","Tulare","36.48947","-118.82915"
"06/28/2025","AQS","061070009","1","9.8","ug/m3 LC","52","Sequoia & Kings Canyon NPs - Ash Mountain","1","100.0000","88101","PM2.5 - Local Conditions","170","Met One BAM-1020 Mass Monitor w/VSCC","47300","Visalia-Porterville, CA","06","California","107","Tulare","36.48947","-118.82915"
"06/29/2025","AQS","061070009","1","8","ug/m3 LC","44","Sequoia & Kings Canyon NPs - Ash Mountain","1","100.0000","88101","PM2.5 - Local Conditions","170","Met One BAM-1020 Mass Monitor w/VSCC","47300","Visalia-Porterville, CA","06","California","107","Tulare","36.48947","-118.82915"
"06/30/2025","AQS","061070009","1","5.7","ug/m3 LC","32","Sequoia & Kings Canyon NPs - Ash Mountain","1","100.0000","88101","PM2.5 - Local Conditions","170","Met One BAM-1020 Mass Monitor w/VSCC","47300","Visalia-Porterville, CA","06","California","107","Tulare","36.48947","-118.82915"
"07/01/2025","AQS","061070009","1","6.3","ug/m3 LC","35","Sequoia & Kings Canyon NPs - Ash Mountain","1","100.0000","88101","PM2.5 - Local Conditions","170","Met One BAM-1020 Mass Monitor w/VSCC","47300","Visalia-Porterville, CA","06","California","107","Tulare","36.48947","-118.82915"
"07/02/2025","AQS","061070009","1","6.1","ug/m3 LC","34","Sequoia & Kings Canyon NPs - Ash Mountain","1","100.0000","88101","PM2.5 - Local Conditions","170","Met One BAM-1020 Mass Monitor w/VSCC","47300","Visalia-Porterville, CA","06","California","107","Tulare","36.48947","-118.82915"
"07/03/2025","AQS","061070009","1","5.7","ug/m3 LC","32","Sequoia & Kings Canyon NPs - Ash Mountain","1","100.0000","88101","PM2.5 - Local Conditions","170","Met One BAM-1020 Mass Monitor w/VSCC","47300","Visalia-Porterville, CA","06","California","107","Tulare","36.48947","-118.82915"
"07/04/2025","AQS","061070009","1","4.5","ug/m3 LC","25","Sequoia & Kings Canyon NPs - Ash Mountain","1","100.0000","88101","PM2.5 - Local Conditions","170","Met One BAM-1020 Mass Monitor w/VSCC","47300","Visalia-Porterville, CA","06","California","107","Tulare","36.48947","-118.82915"
"07/05/2025","AQS","061070009","1","5.2","ug/m3 LC","29","Sequoia & Kings Canyon NPs - Ash Mountain","1","100.0000","88101","PM2.5 - Local Conditions","170","Met One BAM-1020 Mass Monitor w/VSCC","47300","Visalia-Porterville, CA","06","California","107","Tulare","36.48947","-118.82915"
"07/06/2025","AQS","061070009","1","6.4","ug/m3 LC","36","Sequoia & Kings Canyon NPs - Ash Mountain","1","100.0000","88101","PM2.5 - Local Conditions","170","Met One BAM-1020 Mass Monitor w/VSCC","47300","Visalia-Porterville, CA","06","California","107","Tulare","36.48947","-118.82915"
"07/07/2025","AQS","061070009","1","5.4","ug/m3 LC","30","Sequoia & Kings Canyon NPs - Ash Mountain","1","100.0000","88101","PM2.5 - Local Conditions","170","Met One BAM-1020 Mass Monitor w/VSCC","47300","Visalia-Porterville, CA","06","California","107","Tulare","36.48947","-118.82915"
"07/08/2025","AQS","061070009","1","4.1","ug/m3 LC","23","Sequoia & Kings Canyon NPs - Ash Mountain","1","100.0000","88101","PM2.5 - Local Conditions","170","Met One BAM-1020 Mass Monitor w/VSCC","47300","Visalia-Porterville, CA","06","California","107","Tulare","36.48947","-118.82915"
"07/09/2025","AQS","061070009","1","6.4","ug/m3 LC","36","Sequoia & Kings Canyon NPs - Ash Mountain","1","100.0000","88101","PM2.5 - Local Conditions","170","Met One BAM-1020 Mass Monitor w/VSCC","47300","Visalia-Porterville, CA","06","California","107","Tulare","36.48947","-118.82915"
"07/10/2025","AQS","061070009","1","7.9","ug/m3 LC","44","Sequoia & Kings Canyon NPs - Ash Mountain","1","100.0000","88101","PM2.5 - Local Conditions","170","Met One BAM-1020 Mass Monitor w/VSCC","47300","Visalia-Porterville, CA","06","California","107","Tulare","36.48947","-118.82915"
"07/11/2025","AQS","061070009","1","10","ug/m3 LC","53","Sequoia & Kings Canyon NPs - Ash Mountain","1","100.0000","88101","PM2.5 - Local Conditions","170","Met One BAM-1020 Mass Monitor w/VSCC","47300","Visalia-Porterville, CA","06","California","107","Tulare","36.48947","-118.82915"
"07/12/2025","AQS","061070009","1","11","ug/m3 LC","55","Sequoia & Kings Canyon NPs - Ash Mountain","1","100.0000","88101","PM2.5 - Local Conditions","170","Met One BAM-1020 Mass Monitor w/VSCC","47300","Visalia-Porterville, CA","06","California","107","Tulare","36.48947","-118.82915"
"07/13/2025","AQS","061070009","1","12.9","ug/m3 LC","58","Sequoia & Kings Canyon NPs - Ash Mountain","1","100.0000","88101","PM2.5 - Local Conditions","170","Met One BAM-1020 Mass Monitor w/VSCC","47300","Visalia-Porterville, CA","06","California","107","Tulare","36.48947","-118.82915"
"07/14/2025","AQS","061070009","1","13.3","ug/m3 LC","59","Sequoia & Kings Canyon NPs - Ash Mountain","1","100.0000","88101","PM2.5 - Local Conditions","170","Met One BAM-1020 Mass Monitor w/VSCC","47300","Visalia-Porterville, CA","06","California","107","Tulare","36.48947","-118.82915"
"07/15/2025","AQS","061070009","1","12.3","ug/m3 LC","57","Sequoia & Kings Canyon NPs - Ash Mountain","1","100.0000","88101","PM2.5 - Local Conditions","170","Met One BAM-1020 Mass Monitor w/VSCC","47300","Visalia-Porterville, CA","06","California","107","Tulare","36.48947","-118.82915"
"07/16/2025","AQS","061070009","1","8.5","ug/m3 LC","47","Sequoia & Kings Canyon NPs - Ash Mountain","1","100.0000","88101","PM2.5 - Local Conditions","170","Met One BAM-1020 Mass Monitor w/VSCC","47300","Visalia-Porterville, CA","06","California","107","Tulare","36.48947","-118.82915"
"07/17/2025","AQS","061070009","1","8.5","ug/m3 LC","47","Sequoia & Kings Canyon NPs - Ash Mountain","1","100.0000","88101","PM2.5 - Local Conditions","170","Met One BAM-1020 Mass Monitor w/VSCC","47300","Visalia-Porterville, CA","06","California","107","Tulare","36.48947","-118.82915"
"07/18/2025","AQS","061070009","1","8.7","ug/m3 LC","48","Sequoia & Kings Canyon NPs - Ash Mountain","1","100.0000","88101","PM2.5 - Local Conditions","170","Met One BAM-1020 Mass Monitor w/VSCC","47300","Visalia-Porterville, CA","06","California","107","Tulare","36.48947","-118.82915"
"07/19/2025","AQS","061070009","1","8.5","ug/m3 LC","47","Sequoia & Kings Canyon NPs - Ash Mountain","1","100.0000","88101","PM2.5 - Local Conditions","170","Met One BAM-1020 Mass Monitor w/VSCC","47300","Visalia-Porterville, CA","06","California","107","Tulare","36.48947","-118.82915"
"07/20/2025","AQS","061070009","1","8.2","ug/m3 LC","46","Sequoia & Kings Canyon NPs - Ash Mountain","1","100.0000","88101","PM2.5 - Local Conditions","170","Met One BAM-1020 Mass Monitor w/VSCC","47300","Visalia-Porterville, CA","06","California","107","Tulare","36.48947","-118.82915"
"07/21/2025","AQS","061070009","1","6.7","ug/m3 LC","37","Sequoia & Kings Canyon NPs - Ash Mountain","1","100.0000","88101","PM2.5 - Local Conditions","170","Met One BAM-1020 Mass Monitor w/VSCC","47300","Visalia-Porterville, CA","06","California","107","Tulare","36.48947","-118.82915"
"07/22/2025","AQS","061070009","1","5","ug/m3 LC","28","Sequoia & Kings Canyon NPs - Ash Mountain","1","100.0000","88101","PM2.5 - Local Conditions","170","Met One BAM-1020 Mass Monitor w/VSCC","47300","Visalia-Porterville, CA","06","California","107","Tulare","36.48947","-118.82915"
"07/23/2025","AQS","061070009","1","4.5","ug/m3 LC","25","Sequoia & Kings Canyon NPs - Ash Mountain","1","100.0000","88101","PM2.5 - Local Conditions","170","Met One BAM-1020 Mass Monitor w/VSCC","47300","Visalia-Porterville, CA","06","California","107","Tulare","36.48947","-118.82915"
"07/24/2025","AQS","061070009","1","5.2","ug/m3 LC","29","Sequoia & Kings Canyon NPs - Ash Mountain","1","100.0000","88101","PM2.5 - Local Conditions","170","Met One BAM-1020 Mass Monitor w/VSCC","47300","Visalia-Porterville, CA","06","California","107","Tulare","36.48947","-118.82915"
"07/25/2025","AQS","061070009","1","5","ug/m3 LC","28","Sequoia & Kings Canyon NPs - Ash Mountain","1","100.0000","88101","PM2.5 - Local Conditions","170","Met One BAM-1020 Mass Monitor w/VSCC","47300","Visalia-Porterville, CA","06","California","107","Tulare","36.48947","-118.82915"
"07/26/2025","AQS","061070009","1","5.4","ug/m3 LC","30","Sequoia & Kings Canyon NPs - Ash Mountain","1","100.0000","88101","PM2.5 - Local Conditions","170","Met One BAM-1020 Mass Monitor w/VSCC","47300","Visalia-Porterville, CA","06","California","107","Tulare","36.48947","-118.82915"
"07/27/2025","AQS","061070009","1","4.7","ug/m3 LC","26","Sequoia & Kings Canyon NPs - Ash Mountain","1","100.0000","88101","PM2.5 - Local Conditions","170","Met One BAM-1020 Mass Monitor w/VSCC","47300","Visalia-Porterville, CA","06","California","107","Tulare","36.48947","-118.82915"
"07/28/2025","AQS","061070009","1","4.9","ug/m3 LC","27","Sequoia & Kings Canyon NPs - Ash Mountain","1","100.0000","88101","PM2.5 - Local Conditions","170","Met One BAM-1020 Mass Monitor w/VSCC","47300","Visalia-Porterville, CA","06","California","107","Tulare","36.48947","-118.82915"
"07/29/2025","AQS","061070009","1","7","ug/m3 LC","39","Sequoia & Kings Canyon NPs - Ash Mountain","1","100.0000","88101","PM2.5 - Local Conditions","170","Met One BAM-1020 Mass Monitor w/VSCC","47300","Visalia-Porterville, CA","06","California","107","Tulare","36.48947","-118.82915"
"07/30/2025","AQS","061070009","1","5.1","ug/m3 LC","28","Sequoia & Kings Canyon NPs - Ash Mountain","1","100.0000","88101","PM2.5 - Local Conditions","170","Met One BAM-1020 Mass Monitor w/VSCC","47300","Visalia-Porterville, CA","06","California","107","Tulare","36.48947","-118.82915"
"07/31/2025","AQS","061070009","1","4.8","ug/m3 LC","27","Sequoia & Kings Canyon NPs - Ash Mountain","1","100.0000","88101","PM2.5 - Local Conditions","170","Met One BAM-1020 Mass Monitor w/VSCC","47300","Visalia-Porterville, CA","06","California","107","Tulare","36.48947","-118.82915"
"08/01/2025","AirNow","061070009","1","5.1","ug/m3 LC","28","Sequoia & Kings Canyon NPs - Ash Mountain","1","100.0000","88101","PM2.5 - Local Conditions","","","47300","Visalia-Porterville, CA","06","California","107","Tulare","36.48947","-118.82915"
"08/02/2025","AirNow","061070009","1","7.4","ug/m3 LC","41","Sequoia & Kings Canyon NPs - Ash Mountain","1","100.0000","88101","PM2.5 - Local Conditions","","","47300","Visalia-Porterville, CA","06","California","107","Tulare","36.48947","-118.82915"
"08/03/2025","AirNow","061070009","1","6.1","ug/m3 LC","34","Sequoia & Kings Canyon NPs - Ash Mountain","1","100.0000","88101","PM2.5 - Local Conditions","","","47300","Visalia-Porterville, CA","06","California","107","Tulare","36.48947","-118.82915"
"08/04/2025","AirNow","061070009","1","4.5","ug/m3 LC","25","Sequoia & Kings Canyon NPs - Ash Mountain","1","100.0000","88101","PM2.5 - Local Conditions","","","47300","Visalia-Porterville, CA","06","California","107","Tulare","36.48947","-118.82915"
"08/05/2025","AirNow","061070009","1","5.5","ug/m3 LC","31","Sequoia & Kings Canyon NPs - Ash Mountain","1","100.0000","88101","PM2.5 - Local Conditions","","","47300","Visalia-Porterville, CA","06","California","107","Tulare","36.48947","-118.82915"
"08/06/2025","AirNow","061070009","1","5.3","ug/m3 LC","29","Sequoia & Kings Canyon NPs - Ash Mountain","1","100.0000","88101","PM2.5 - Local Conditions","","","47300","Visalia-Porterville, CA","06","California","107","Tulare","36.48947","-118.82915"
"08/07/2025","AirNow","061070009","1","5.6","ug/m3 LC","31","Sequoia & Kings Canyon NPs - Ash Mountain","1","100.0000","88101","PM2.5 - Local Conditions","","","47300","Visalia-Porterville, CA","06","California","107","Tulare","36.48947","-118.82915"
"08/08/2025","AirNow","061070009","1","7.7","ug/m3 LC","43","Sequoia & Kings Canyon NPs - Ash Mountain","1","100.0000","88101","PM2.5 - Local Conditions","","","47300","Visalia-Porterville, CA","06","California","107","Tulare","36.48947","-118.82915"
"08/09/2025","AirNow","061070009","1","14.6","ug/m3 LC","61","Sequoia & Kings Canyon NPs - Ash Mountain","1","100.0000","88101","PM2.5 - Local Conditions","","","47300","Visalia-Porterville, CA","06","California","107","Tulare","36.48947","-118.82915"
"08/10/2025","AirNow","061070009","1","12.3","ug/m3 LC","57","Sequoia & Kings Canyon NPs - Ash Mountain","1","100.0000","88101","PM2.5 - Local Conditions","","","47300","Visalia-Porterville, CA","06","California","107","Tulare","36.48947","-118.82915"
"08/11/2025","AirNow","061070009","1","12","ug/m3 LC","56","Sequoia & Kings Canyon NPs - Ash Mountain","1","100.0000","88101","PM2.5 - Local Conditions","","","47300","Visalia-Porterville, CA","06","California","107","Tulare","36.48947","-118.82915"
"08/12/2025","AirNow","061070009","1","10.8","ug/m3 LC","54","Sequoia & Kings Canyon NPs - Ash Mountain","1","100.0000","88101","PM2.5 - Local Conditions","","","47300","Visalia-Porterville, CA","06","California","107","Tulare","36.48947","-118.82915"
"08/13/2025","AirNow","061070009","1","8.7","ug/m3 LC","48","Sequoia & Kings Canyon NPs - Ash Mountain","1","100.0000","88101","PM2.5 - Local Conditions","","","47300","Visalia-Porterville, CA","06","California","107","Tulare","36.48947","-118.82915"
"08/14/2025","AirNow","061070009","1","6.3","ug/m3 LC","35","Sequoia & Kings Canyon NPs - Ash Mountain","1","100.0000","88101","PM2.5 - Local Conditions","","","47300","Visalia-Porterville, CA","06","California","107","Tulare","36.48947","-118.82915"
"08/15/2025","AirNow","061070009","1","6.2","ug/m3 LC","34","Sequoia & Kings Canyon NPs - Ash Mountain","1","100.0000","88101","PM2.5 - Local Conditions","","","47300","Visalia-Porterville, CA","06","California","107","Tulare","36.48947","-118.82915"
"08/16/2025","AirNow","061070009","1","5.5","ug/m3 LC","31","Sequoia & Kings Canyon NPs - Ash Mountain","1","100.0000","88101","PM2.5 - Local Conditions","","","47300","Visalia-Porterville, CA","06","California","107","Tulare","36.48947","-118.82915"
"08/17/2025","AirNow","061070009","1","2.7","ug/m3 LC","15","Sequoia & Kings Canyon NPs - Ash Mountain","1","100.0000","88101","PM2.5 - Local Conditions","","","47300","Visalia-Porterville, CA","06","California","107","Tulare","36.48947","-118.82915"
"08/18/2025","AirNow","061070009","1","4.3","ug/m3 LC","24","Sequoia & Kings Canyon NPs - Ash Mountain","1","100.0000","88101","PM2.5 - Local Conditions","","","47300","Visalia-Porterville, CA","06","California","107","Tulare","36.48947","-118.82915"
"08/19/2025","AirNow","061070009","1","5.2","ug/m3 LC","29","Sequoia & Kings Canyon NPs - Ash Mountain","1","100.0000","88101","PM2.5 - Local Conditions","","","47300","Visalia-Porterville, CA","06","California","107","Tulare","36.48947","-118.82915"
"08/20/2025","AirNow","061070009","1","6.2","ug/m3 LC","34","Sequoia & Kings Canyon NPs - Ash Mountain","1","100.0000","88101","PM2.5 - Local Conditions","","","47300","Visalia-Porterville, CA","06","California","107","Tulare","36.48947","-118.82915"
"08/21/2025","AirNow","061070009","1","5.5","ug/m3 LC","31","Sequoia & Kings Canyon NPs - Ash Mountain","1","100.0000","88101","PM2.5 - Local Conditions","","","47300","Visalia-Porterville, CA","06","California","107","Tulare","36.48947","-118.82915"
"08/22/2025","AirNow","061070009","1","7.8","ug/m3 LC","43","Sequoia & Kings Canyon NPs - Ash Mountain","1","100.0000","88101","PM2.5 - Local Conditions","","","47300","Visalia-Porterville, CA","06","California","107","Tulare","36.48947","-118.82915"
"08/23/2025","AirNow","061070009","1","5.5","ug/m3 LC","31","Sequoia & Kings Canyon NPs - Ash Mountain","1","100.0000","88101","PM2.5 - Local Conditions","","","47300","Visalia-Porterville, CA","06","California","107","Tulare","36.48947","-118.82915"
"08/24/2025","AirNow","061070009","1","5.8","ug/m3 LC","32","Sequoia & Kings Canyon NPs - Ash Mountain","1","100.0000","88101","PM2.5 - Local Conditions","","","47300","Visalia-Porterville, CA","06","California","107","Tulare","36.48947","-118.82915"
"08/25/2025","AirNow","061070009","1","4.5","ug/m3 LC","25","Sequoia & Kings Canyon NPs - Ash Mountain","1","100.0000","88101","PM2.5 - Local Conditions","","","47300","Visalia-Porterville, CA","06","California","107","Tulare","36.48947","-118.82915"
"08/26/2025","AirNow","061070009","1","5.9","ug/m3 LC","33","Sequoia & Kings Canyon NPs - Ash Mountain","1","100.0000","88101","PM2.5 - Local Conditions","","","47300","Visalia-Porterville, CA","06","California","107","Tulare","36.48947","-118.82915"
"08/27/2025","AirNow","061070009","1","4.5","ug/m3 LC","25","Sequoia & Kings Canyon NPs - Ash Mountain","1","100.0000","88101","PM2.5 - Local Conditions","","","47300","Visalia-Porterville, CA","06","California","107","Tulare","36.48947","-118.82915"
"08/28/2025","AirNow","061070009","1","10.2","ug/m3 LC","53","Sequoia & Kings Canyon NPs - Ash Mountain","1","100.0000","88101","PM2.5 - Local Conditions","","","47300","Visalia-Porterville, CA","06","California","107","Tulare","36.48947","-118.82915"
"08/29/2025","AirNow","061070009","1","20.4","ug/m3 LC","72","Sequoia & Kings Canyon NPs - Ash Mountain","1","100.0000","88101","PM2.5 - Local Conditions","","","47300","Visalia-Porterville, CA","06","California","107","Tulare","36.48947","-118.82915"
"08/30/2025","AirNow","061070009","1","18.6","ug/m3 LC","69","Sequoia & Kings Canyon NPs - Ash Mountain","1","100.0000","88101","PM2.5 - Local Conditions","","","47300","Visalia-Porterville, CA","06","California","107","Tulare","36.48947","-118.82915"
"08/31/2025","AirNow","061070009","1","13.4","ug/m3 LC","59","Sequoia & Kings Canyon NPs - Ash Mountain","1","100.0000","88101","PM2.5 - Local Conditions","","","47300","Visalia-Porterville, CA","06","California","107","Tulare","36.48947","-118.82915"
"09/01/2025","AirNow","061070009","1","4.4","ug/m3 LC","24","Sequoia & Kings Canyon NPs - Ash Mountain","1","100.0000","88101","PM2.5 - Local Conditions","","","47300","Visalia-Porterville, CA","06","California","107","Tulare","36.48947","-118.82915"
"09/02/2025","AirNow","061070009","1","5.2","ug/m3 LC","29","Sequoia & Kings Canyon NPs - Ash Mountain","1","100.0000","88101","PM2.5 - Local Conditions","","","47300","Visalia-Porterville, CA","06","California","107","Tulare","36.48947","-118.82915"
"09/03/2025","AirNow","061070009","1","10","ug/m3 LC","53","Sequoia & Kings Canyon NPs - Ash Mountain","1","100.0000","88101","PM2.5 - Local Conditions","","","47300","Visalia-Porterville, CA","06","California","107","Tulare","36.48947","-118.82915"
"09/04/2025","AirNow","061070009","1","12","ug/m3 LC","56","Sequoia & Kings Canyon NPs - Ash Mountain","1","100.0000","88101","PM2.5 - Local Conditions","","","47300","Visalia-Porterville, CA","06","California","107","Tulare","36.48947","-118.82915"
"09/05/2025","AirNow","061070009","1","12.4","ug/m3 LC","57","Sequoia & Kings Canyon NPs - Ash Mountain","1","100.0000","88101","PM2.5 - Local Conditions","","","47300","Visalia-Porterville, CA","06","California","107","Tulare","36.48947","-118.82915"
"09/06/2025","AirNow","061070009","1","8.9","ug/m3 LC","49","Sequoia & Kings Canyon NPs - Ash Mountain","1","100.0000","88101","PM2.5 - Local Conditions","","","47300","Visalia-Porterville, CA","06","California","107","Tulare","36.48947","-118.82915"
"09/07/2025","AirNow","061070009","1","5.7","ug/m3 LC","32","Sequoia & Kings Canyon NPs - Ash Mountain","1","100.0000","88101","PM2.5 - Local Conditions","","","47300","Visalia-Porterville, CA","06","California","107","Tulare","36.48947","-118.82915"
"09/08/2025","AirNow","061070009","1","4.2","ug/m3 LC","23","Sequoia & Kings Canyon NPs - Ash Mountain","1","100.0000","88101","PM2.5 - Local Conditions","","","47300","Visalia-Porterville, CA","06","California","107","Tulare","36.48947","-118.82915"
"09/09/2025","AirNow","061070009","1","5","ug/m3 LC","28","Sequoia & Kings Canyon NPs - Ash Mountain","1","100.0000","88101","PM2.5 - Local Conditions","","","47300","Visalia-Porterville, CA","06","California","107","Tulare","36.48947","-118.82915"
"09/10/2025","AirNow","061070009","1","2.9","ug/m3 LC","16","Sequoia & Kings Canyon NPs - Ash Mountain","1","100.0000","88101","PM2.5 - Local Conditions","","","47300","Visalia-Porterville, CA","06","California","107","Tulare","36.48947","-118.82915"
"09/11/2025","AirNow","061070009","1","3.1","ug/m3 LC","17","Sequoia & Kings Canyon NPs - Ash Mountain","1","100.0000","88101","PM2.5 - Local Conditions","","","47300","Visalia-Porterville, CA","06","California","107","Tulare","36.48947","-118.82915"
"09/12/2025","AirNow","061070009","1","5.2","ug/m3 LC","29","Sequoia & Kings Canyon NPs - Ash Mountain","1","100.0000","88101","PM2.5 - Local Conditions","","","47300","Visalia-Porterville, CA","06","California","107","Tulare","36.48947","-118.82915"
"09/13/2025","AirNow","061070009","1","9.9","ug/m3 LC","52","Sequoia & Kings Canyon NPs - Ash Mountain","1","100.0000","88101","PM2.5 - Local Conditions","","","47300","Visalia-Porterville, CA","06","California","107","Tulare","36.48947","-118.82915"
"09/14/2025","AirNow","061070009","1","9.6","ug/m3 LC","52","Sequoia & Kings Canyon NPs - Ash Mountain","1","100.0000","88101","PM2.5 - Local Conditions","","","47300","Visalia-Porterville, CA","06","California","107","Tulare","36.48947","-118.82915"
"09/15/2025","AirNow","061070009","1","7.7","ug/m3 LC","43","Sequoia & Kings Canyon NPs - Ash Mountain","1","100.0000","88101","PM2.5 - Local Conditions","","","47300","Visalia-Porterville, CA","06","California","107","Tulare","36.48947","-118.82915"
"09/16/2025","AirNow","061070009","1","4.7","ug/m3 LC","26","Sequoia & Kings Canyon NPs - Ash Mountain","1","100.0000","88101","PM2.5 - Local Conditions","","","47300","Visalia-Porterville, CA","06","California","107","Tulare","36.48947","-118.82915"
"09/17/2025","AirNow","061070009","1","5.2","ug/m3 LC","29","Sequoia & Kings Canyon NPs - Ash Mountain","1","100.0000","88101","PM2.5 - Local Conditions","","","47300","Visalia-Porterville, CA","06","California","107","Tulare","36.48947","-118.82915"
"09/18/2025","AirNow","061070009","1","7.1","ug/m3 LC","39","Sequoia & Kings Canyon NPs - Ash Mountain","1","100.0000","88101","PM2.5 - Local Conditions","","","47300","Visalia-Porterville, CA","06","California","107","Tulare","36.48947","-118.82915"
"09/19/2025","AQS","061070009","1","6.7","ug/m3 LC","37","Sequoia & Kings Canyon NPs - Ash Mountain","1","100.0000","88101","PM2.5 - Local Conditions","170","Met One BAM-1020 Mass Monitor w/VSCC","47300","Visalia-Porterville, CA","06","California","107","Tulare","36.48947","-118.82915"
"09/20/2025","AQS","061070009","1","8.6","ug/m3 LC","48","Sequoia & Kings Canyon NPs - Ash Mountain","1","100.0000","88101","PM2.5 - Local Conditions","170","Met One BAM-1020 Mass Monitor w/VSCC","47300","Visalia-Porterville, CA","06","California","107","Tulare","36.48947","-118.82915"
"09/21/2025","AQS","061070009","1","6.5","ug/m3 LC","36","Sequoia & Kings Canyon NPs - Ash Mountain","1","100.0000","88101","PM2.5 - Local Conditions","170","Met One BAM-1020 Mass Monitor w/VSCC","47300","Visalia-Porterville, CA","06","California","107","Tulare","36.48947","-118.82915"
"09/22/2025","AQS","061070009","1","7.4","ug/m3 LC","41","Sequoia & Kings Canyon NPs - Ash Mountain","1","100.0000","88101","PM2.5 - Local Conditions","170","Met One BAM-1020 Mass Monitor w/VSCC","47300","Visalia-Porterville, CA","06","California","107","Tulare","36.48947","-118.82915"
"09/23/2025","AQS","061070009","1","5.7","ug/m3 LC","32","Sequoia & Kings Canyon NPs - Ash Mountain","1","100.0000","88101","PM2.5 - Local Conditions","170","Met One BAM-1020 Mass Monitor w/VSCC","47300","Visalia-Porterville, CA","06","California","107","Tulare","36.48947","-118.82915"
"09/24/2025","AQS","061070009","1","4.6","ug/m3 LC","26","Sequoia & Kings Canyon NPs - Ash Mountain","1","100.0000","88101","PM2.5 - Local Conditions","170","Met One BAM-1020 Mass Monitor w/VSCC","47300","Visalia-Porterville, CA","06","California","107","Tulare","36.48947","-118.82915"
"09/25/2025","AQS","061070009","1","3.3","ug/m3 LC","18","Sequoia & Kings Canyon NPs - Ash Mountain","1","100.0000","88101","PM2.5 - Local Conditions","170","Met One BAM-1020 Mass Monitor w/VSCC","47300","Visalia-Porterville, CA","06","California","107","Tulare","36.48947","-118.82915"
"09/26/2025","AQS","061070009","1","2.8","ug/m3 LC","16","Sequoia & Kings Canyon NPs - Ash Mountain","1","100.0000","88101","PM2.5 - Local Conditions","170","Met One BAM-1020 Mass Monitor w/VSCC","47300","Visalia-Porterville, CA","06","California","107","Tulare","36.48947","-118.82915"
"09/27/2025","AQS","061070009","1","1.4","ug/m3 LC","8","Sequoia & Kings Canyon NPs - Ash Mountain","1","100.0000","88101","PM2.5 - Local Conditions","170","Met One BAM-1020 Mass Monitor w/VSCC","47300","Visalia-Porterville, CA","06","California","107","Tulare","36.48947","-118.82915"
"09/28/2025","AQS","061070009","1","2.7","ug/m3 LC","15","Sequoia & Kings Canyon NPs - Ash Mountain","1","100.0000","88101","PM2.5 - Local Conditions","170","Met One BAM-1020 Mass Monitor w/VSCC","47300","Visalia-Porterville, CA","06","California","107","Tulare","36.48947","-118.82915"
"09/29/2025","AQS","061070009","1","5.5","ug/m3 LC","31","Sequoia & Kings Canyon NPs - Ash Mountain","1","100.0000","88101","PM2.5 - Local Conditions","170","Met One BAM-1020 Mass Monitor w/VSCC","47300","Visalia-Porterville, CA","06","California","107","Tulare","36.48947","-118.82915"
"09/30/2025","AQS","061070009","1","4","ug/m3 LC","22","Sequoia & Kings Canyon NPs - Ash Mountain","1","100.0000","88101","PM2.5 - Local Conditions","170","Met One BAM-1020 Mass Monitor w/VSCC","47300","Visalia-Porterville, CA","06","California","107","Tulare","36.48947","-118.82915"
"10/01/2025","AQS","061070009","1","3.5","ug/m3 LC","19","Sequoia & Kings Canyon NPs - Ash Mountain","1","100.0000","88101","PM2.5 - Local Conditions","170","Met One BAM-1020 Mass Monitor w/VSCC","47300","Visalia-Porterville, CA","06","California","107","Tulare","36.48947","-118.82915"
"10/02/2025","AQS","061070009","1","3.6","ug/m3 LC","20","Sequoia & Kings Canyon NPs - Ash Mountain","1","100.0000","88101","PM2.5 - Local Conditions","170","Met One BAM-1020 Mass Monitor w/VSCC","47300","Visalia-Porterville, CA","06","California","107","Tulare","36.48947","-118.82915"
"10/03/2025","AQS","061070009","1","0.5","ug/m3 LC","3","Sequoia & Kings Canyon NPs - Ash Mountain","1","100.0000","88101","PM2.5 - Local Conditions","170","Met One BAM-1020 Mass Monitor w/VSCC","47300","Visalia-Porterville, CA","06","California","107","Tulare","36.48947","-118.82915"
"10/04/2025","AQS","061070009","1","0.2","ug/m3 LC","1","Sequoia & Kings Canyon NPs - Ash Mountain","1","100.0000","88101","PM2.5 - Local Conditions","170","Met One BAM-1020 Mass Monitor w/VSCC","47300","Visalia-Porterville, CA","06","California","107","Tulare","36.48947","-118.82915"
"10/05/2025","AQS","061070009","1","0.9","ug/m3 LC","5","Sequoia & Kings Canyon NPs - Ash Mountain","1","100.0000","88101","PM2.5 - Local Conditions","170","Met One BAM-1020 Mass Monitor w/VSCC","47300","Visalia-Porterville, CA","06","California","107","Tulare","36.48947","-118.82915"
"10/06/2025","AQS","061070009","1","1.7","ug/m3 LC","9","Sequoia & Kings Canyon NPs - Ash Mountain","1","100.0000","88101","PM2.5 - Local Conditions","170","Met One BAM-1020 Mass Monitor w/VSCC","47300","Visalia-Porterville, CA","06","California","107","Tulare","36.48947","-118.82915"
"10/07/2025","AQS","061070009","1","1.4","ug/m3 LC","8","Sequoia & Kings Canyon NPs - Ash Mountain","1","100.0000","88101","PM2.5 - Local Conditions","170","Met One BAM-1020 Mass Monitor w/VSCC","47300","Visalia-Porterville, CA","06","California","107","Tulare","36.48947","-118.82915"
"10/08/2025","AQS","061070009","1","2.1","ug/m3 LC","12","Sequoia & Kings Canyon NPs - Ash Mountain","1","100.0000","88101","PM2.5 - Local Conditions","170","Met One BAM-1020 Mass Monitor w/VSCC","47300","Visalia-Porterville, CA","06","California","107","Tulare","36.48947","-118.82915"
"10/09/2025","AQS","061070009","1","5.2","ug/m3 LC","29","Sequoia & Kings Canyon NPs - Ash Mountain","1","100.0000","88101","PM2.5 - Local Conditions","170","Met One BAM-1020 Mass Monitor w/VSCC","47300","Visalia-Porterville, CA","06","California","107","Tulare","36.48947","-118.82915"
"10/10/2025","AQS","061070009","1","5.1","ug/m3 LC","28","Sequoia & Kings Canyon NPs - Ash Mountain","1","100.0000","88101","PM2.5 - Local Conditions","170","Met One BAM-1020 Mass Monitor w/VSCC","47300","Visalia-Porterville, CA","06","California","107","Tulare","36.48947","-118.82915"
"10/11/2025","AQS","061070009","1","3.6","ug/m3 LC","20","Sequoia & Kings Canyon NPs - Ash Mountain","1","100.0000","88101","PM2.5 - Local Conditions","170","Met One BAM-1020 Mass Monitor w/VSCC","47300","Visalia-Porterville, CA","06","California","107","Tulare","36.48947","-118.82915"
"10/12/2025","AQS","061070009","1","-0.3","ug/m3 LC","0","Sequoia & Kings Canyon NPs - Ash Mountain","1","100.0000","88101","PM2.5 - Local Conditions","170","Met One BAM-1020 Mass Monitor w/VSCC","47300","Visalia-Porterville, CA","06","California","107","Tulare","36.48947","-118.82915"
"10/13/2025","AQS","061070009","1","0.1","ug/m3 LC","1","Sequoia & Kings Canyon NPs - Ash Mountain","1","100.0000","88101","PM2.5 - Local Conditions","170","Met One BAM-1020 Mass Monitor w/VSCC","47300","Visalia-Porterville, CA","06","California","107","Tulare","36.48947","-118.82915"
"10/14/2025","AQS","061070009","1","-0.3","ug/m3 LC","0","Sequoia & Kings Canyon NPs - Ash Mountain","1","100.0000","88101","PM2.5 - Local Conditions","170","Met One BAM-1020 Mass Monitor w/VSCC","47300","Visalia-Porterville, CA","06","California","107","Tulare","36.48947","-118.82915"
"10/15/2025","AQS","061070009","1","-0.5","ug/m3 LC","0","Sequoia & Kings Canyon NPs - Ash Mountain","1","100.0000","88101","PM2.5 - Local Conditions","170","Met One BAM-1020 Mass Monitor w/VSCC","47300","Visalia-Porterville, CA","06","California","107","Tulare","36.48947","-118.82915"
"10/16/2025","AQS","061070009","1","1.7","ug/m3 LC","9","Sequoia & Kings Canyon NPs - Ash Mountain","1","100.0000","88101","PM2.5 - Local Conditions","170","Met One BAM-1020 Mass Monitor w/VSCC","47300","Visalia-Porterville, CA","06","California","107","Tulare","36.48947","-118.82915"
"10/17/2025","AQS","061070009","1","3.2","ug/m3 LC","18","Sequoia & Kings Canyon NPs - Ash Mountain","1","100.0000","88101","PM2.5 - Local Conditions","170","Met One BAM-1020 Mass Monitor w/VSCC","47300","Visalia-Porterville, CA","06","California","107","Tulare","36.48947","-118.82915"
"10/18/2025","AQS","061070009","1","1.3","ug/m3 LC","7","Sequoia & Kings Canyon NPs - Ash Mountain","1","100.0000","88101","PM2.5 - Local Conditions","170","Met One BAM-1020 Mass Monitor w/VSCC","47300","Visalia-Porterville, CA","06","California","107","Tulare","36.48947","-118.82915"
"10/19/2025","AQS","061070009","1","1.1","ug/m3 LC","6","Sequoia & Kings Canyon NPs - Ash Mountain","1","100.0000","88101","PM2.5 - Local Conditions","170","Met One BAM-1020 Mass Monitor w/VSCC","47300","Visalia-Porterville, CA","06","California","107","Tulare","36.48947","-118.82915"
"10/20/2025","AQS","061070009","1","3.6","ug/m3 LC","20","Sequoia & Kings Canyon NPs - Ash Mountain","1","100.0000","88101","PM2.5 - Local Conditions","170","Met One BAM-1020 Mass Monitor w/VSCC","47300","Visalia-Porterville, CA","06","California","107","Tulare","36.48947","-118.82915"
"10/21/2025","AQS","061070009","1","3.2","ug/m3 LC","18","Sequoia & Kings Canyon NPs - Ash Mountain","1","100.0000","88101","PM2.5 - Local Conditions","170","Met One BAM-1020 Mass Monitor w/VSCC","47300","Visalia-Porterville, CA","06","California","107","Tulare","36.48947","-118.82915"
"10/22/2025","AQS","061070009","1","9.4","ug/m3 LC","52","Sequoia & Kings Canyon NPs - Ash Mountain","1","100.0000","88101","PM2.5 - Local Conditions","170","Met One BAM-1020 Mass Monitor w/VSCC","47300","Visalia-Porterville, CA","06","California","107","Tulare","36.48947","-118.82915"
"10/23/2025","AQS","061070009","1","2.8","ug/m3 LC","16","Sequoia & Kings Canyon NPs - Ash Mountain","1","100.0000","88101","PM2.5 - Local Conditions","170","Met One BAM-1020 Mass Monitor w/VSCC","47300","Visalia-Porterville, CA","06","California","107","Tulare","36.48947","-118.82915"
"10/24/2025","AQS","061070009","1","3.6","ug/m3 LC","20","Sequoia & Kings Canyon NPs - Ash Mountain","1","100.0000","88101","PM2.5 - Local Conditions","170","Met One BAM-1020 Mass Monitor w/VSCC","47300","Visalia-Porterville, CA","06","California","107","Tulare","36.48947","-118.82915"
"10/25/2025","AQS","061070009","1","5.1","ug/m3 LC","28","Sequoia & Kings Canyon NPs - Ash Mountain","1","100.0000","88101","PM2.5 - Local Conditions","170","Met One BAM-1020 Mass Monitor w/VSCC","47300","Visalia-Porterville, CA","06","California","107","Tulare","36.48947","-118.82915"
"10/26/2025","AQS","061070009","1","5.5","ug/m3 LC","31","Sequoia & Kings Canyon NPs - Ash Mountain","1","100.0000","88101","PM2.5 - Local Conditions","170","Met One BAM-1020 Mass Monitor w/VSCC","47300","Visalia-Porterville, CA","06","California","107","Tulare","36.48947","-118.82915"
"10/27/2025","AQS","061070009","1","6","ug/m3 LC","33","Sequoia & Kings Canyon NPs - Ash Mountain","1","100.0000","88101","PM2.5 - Local Conditions","170","Met One BAM-1020 Mass Monitor w/VSCC","47300","Visalia-Porterville, CA","06","California","107","Tulare","36.48947","-118.82915"
"10/28/2025","AQS","061070009","1","2.2","ug/m3 LC","12","Sequoia & Kings Canyon NPs - Ash Mountain","1","100.0000","88101","PM2.5 - Local Conditions","170","Met One BAM-1020 Mass Monitor w/VSCC","47300","Visalia-Porterville, CA","06","California","107","Tulare","36.48947","-118.82915"
"10/29/2025","AQS","061070009","1","1.5","ug/m3 LC","8","Sequoia & Kings Canyon NPs - Ash Mountain","1","100.0000","88101","PM2.5 - Local Conditions","170","Met One BAM-1020 Mass Monitor w/VSCC","47300","Visalia-Porterville, CA","06","California","107","Tulare","36.48947","-118.82915"
"10/30/2025","AQS","061070009","1","1.2","ug/m3 LC","7","Sequoia & Kings Canyon NPs - Ash Mountain","1","100.0000","88101","PM2.5 - Local Conditions","170","Met One BAM-1020 Mass Monitor w/VSCC","47300","Visalia-Porterville, CA","06","California","107","Tulare","36.48947","-118.82915"
"10/31/2025","AQS","061070009","1","5.5","ug/m3 LC","31","Sequoia & Kings Canyon NPs - Ash Mountain","1","100.0000","88101","PM2.5 - Local Conditions","170","Met One BAM-1020 Mass Monitor w/VSCC","47300","Visalia-Porterville, CA","06","California","107","Tulare","36.48947","-118.82915"
"11/01/2025","AQS","061070009","1","6.7","ug/m3 LC","37","Sequoia & Kings Canyon NPs - Ash Mountain","1","100.0000","88101","PM2.5 - Local Conditions","170","Met One BAM-1020 Mass Monitor w/VSCC","47300","Visalia-Porterville, CA","06","California","107","Tulare","36.48947","-118.82915"
"11/02/2025","AQS","061070009","1","6.7","ug/m3 LC","37","Sequoia & Kings Canyon NPs - Ash Mountain","1","100.0000","88101","PM2.5 - Local Conditions","170","Met One BAM-1020 Mass Monitor w/VSCC","47300","Visalia-Porterville, CA","06","California","107","Tulare","36.48947","-118.82915"
"11/03/2025","AQS","061070009","1","2.7","ug/m3 LC","15","Sequoia & Kings Canyon NPs - Ash Mountain","1","100.0000","88101","PM2.5 - Local Conditions","170","Met One BAM-1020 Mass Monitor w/VSCC","47300","Visalia-Porterville, CA","06","California","107","Tulare","36.48947","-118.82915"
"11/04/2025","AQS","061070009","1","1.2","ug/m3 LC","7","Sequoia & Kings Canyon NPs - Ash Mountain","1","100.0000","88101","PM2.5 - Local Conditions","170","Met One BAM-1020 Mass Monitor w/VSCC","47300","Visalia-Porterville, CA","06","California","107","Tulare","36.48947","-118.82915"
"11/05/2025","AQS","061070009","1","2","ug/m3 LC","11","Sequoia & Kings Canyon NPs - Ash Mountain","1","100.0000","88101","PM2.5 - Local Conditions","170","Met One BAM-1020 Mass Monitor w/VSCC","47300","Visalia-Porterville, CA","06","California","107","Tulare","36.48947","-118.82915"
"11/06/2025","AQS","061070009","1","0.8","ug/m3 LC","4","Sequoia & Kings Canyon NPs - Ash Mountain","1","100.0000","88101","PM2.5 - Local Conditions","170","Met One BAM-1020 Mass Monitor w/VSCC","47300","Visalia-Porterville, CA","06","California","107","Tulare","36.48947","-118.82915"
"11/07/2025","AQS","061070009","1","2.8","ug/m3 LC","16","Sequoia & Kings Canyon NPs - Ash Mountain","1","100.0000","88101","PM2.5 - Local Conditions","170","Met One BAM-1020 Mass Monitor w/VSCC","47300","Visalia-Porterville, CA","06","California","107","Tulare","36.48947","-118.82915"
"11/08/2025","AQS","061070009","1","2.7","ug/m3 LC","15","Sequoia & Kings Canyon NPs - Ash Mountain","1","100.0000","88101","PM2.5 - Local Conditions","170","Met One BAM-1020 Mass Monitor w/VSCC","47300","Visalia-Porterville, CA","06","California","107","Tulare","36.48947","-118.82915"
"11/09/2025","AQS","061070009","1","-0.3","ug/m3 LC","0","Sequoia & Kings Canyon NPs - Ash Mountain","1","100.0000","88101","PM2.5 - Local Conditions","170","Met One BAM-1020 Mass Monitor w/VSCC","47300","Visalia-Porterville, CA","06","California","107","Tulare","36.48947","-118.82915"
"11/10/2025","AQS","061070009","1","-0.4","ug/m3 LC","0","Sequoia & Kings Canyon NPs - Ash Mountain","1","100.0000","88101","PM2.5 - Local Conditions","170","Met One BAM-1020 Mass Monitor w/VSCC","47300","Visalia-Porterville, CA","06","California","107","Tulare","36.48947","-118.82915"
"11/11/2025","AQS","061070009","1","0","ug/m3 LC","0","Sequoia & Kings Canyon NPs - Ash Mountain","1","100.0000","88101","PM2.5 - Local Conditions","170","Met One BAM-1020 Mass Monitor w/VSCC","47300","Visalia-Porterville, CA","06","California","107","Tulare","36.48947","-118.82915"
"11/12/2025","AQS","061070009","1","1.9","ug/m3 LC","11","Sequoia & Kings Canyon NPs - Ash Mountain","1","100.0000","88101","PM2.5 - Local Conditions","170","Met One BAM-1020 Mass Monitor w/VSCC","47300","Visalia-Porterville, CA","06","California","107","Tulare","36.48947","-118.82915"
"11/13/2025","AQS","061070009","1","-0.2","ug/m3 LC","0","Sequoia & Kings Canyon NPs - Ash Mountain","1","100.0000","88101","PM2.5 - Local Conditions","170","Met One BAM-1020 Mass Monitor w/VSCC","47300","Visalia-Porterville, CA","06","California","107","Tulare","36.48947","-118.82915"
"11/14/2025","AQS","061070009","1","0.7","ug/m3 LC","4","Sequoia & Kings Canyon NPs - Ash Mountain","1","100.0000","88101","PM2.5 - Local Conditions","170","Met One BAM-1020 Mass Monitor w/VSCC","47300","Visalia-Porterville, CA","06","California","107","Tulare","36.48947","-118.82915"
"11/15/2025","AQS","061070009","1","-2.5","ug/m3 LC","0","Sequoia & Kings Canyon NPs - Ash Mountain","1","100.0000","88101","PM2.5 - Local Conditions","170","Met One BAM-1020 Mass Monitor w/VSCC","47300","Visalia-Porterville, CA","06","California","107","Tulare","36.48947","-118.82915"
"11/16/2025","AQS","061070009","1","-1.2","ug/m3 LC","0","Sequoia & Kings Canyon NPs - Ash Mountain","1","100.0000","88101","PM2.5 - Local Conditions","170","Met One BAM-1020 Mass Monitor w/VSCC","47300","Visalia-Porterville, CA","06","California","107","Tulare","36.48947","-118.82915"
"11/17/2025","AQS","061070009","1","-1","ug/m3 LC","0","Sequoia & Kings Canyon NPs - Ash Mountain","1","100.0000","88101","PM2.5 - Local Conditions","170","Met One BAM-1020 Mass Monitor w/VSCC","47300","Visalia-Porterville, CA","06","California","107","Tulare","36.48947","-118.82915"
"11/18/2025","AQS","061070009","1","-0.9","ug/m3 LC","0","Sequoia & Kings Canyon NPs - Ash Mountain","1","100.0000","88101","PM2.5 - Local Conditions","170","Met One BAM-1020 Mass Monitor w/VSCC","47300","Visalia-Porterville, CA","06","California","107","Tulare","36.48947","-118.82915"
"11/19/2025","AQS","061070009","1","-0.2","ug/m3 LC","0","Sequoia & Kings Canyon NPs - Ash Mountain","1","100.0000","88101","PM2.5 - Local Conditions","170","Met One BAM-1020 Mass Monitor w/VSCC","47300","Visalia-Porterville, CA","06","California","107","Tulare","36.48947","-118.82915"
"11/20/2025","AQS","061070009","1","-0.2","ug/m3 LC","0","Sequoia & Kings Canyon NPs - Ash Mountain","1","100.0000","88101","PM2.5 - Local Conditions","170","Met One BAM-1020 Mass Monitor w/VSCC","47300","Visalia-Porterville, CA","06","California","107","Tulare","36.48947","-118.82915"
"11/21/2025","AQS","061070009","1","1.4","ug/m3 LC","8","Sequoia & Kings Canyon NPs - Ash Mountain","1","100.0000","88101","PM2.5 - Local Conditions","170","Met One BAM-1020 Mass Monitor w/VSCC","47300","Visalia-Porterville, CA","06","California","107","Tulare","36.48947","-118.82915"
"11/22/2025","AQS","061070009","1","0","ug/m3 LC","0","Sequoia & Kings Canyon NPs - Ash Mountain","1","100.0000","88101","PM2.5 - Local Conditions","170","Met One BAM-1020 Mass Monitor w/VSCC","47300","Visalia-Porterville, CA","06","California","107","Tulare","36.48947","-118.82915"
"11/23/2025","AQS","061070009","1","0.1","ug/m3 LC","1","Sequoia & Kings Canyon NPs - Ash Mountain","1","100.0000","88101","PM2.5 - Local Conditions","170","Met One BAM-1020 Mass Monitor w/VSCC","47300","Visalia-Porterville, CA","06","California","107","Tulare","36.48947","-118.82915"
"11/24/2025","AQS","061070009","1","7.6","ug/m3 LC","42","Sequoia & Kings Canyon NPs - Ash Mountain","1","100.0000","88101","PM2.5 - Local Conditions","170","Met One BAM-1020 Mass Monitor w/VSCC","47300","Visalia-Porterville, CA","06","California","107","Tulare","36.48947","-118.82915"
"11/25/2025","AQS","061070009","1","7","ug/m3 LC","39","Sequoia & Kings Canyon NPs - Ash Mountain","1","100.0000","88101","PM2.5 - Local Conditions","170","Met One BAM-1020 Mass Monitor w/VSCC","47300","Visalia-Porterville, CA","06","California","107","Tulare","36.48947","-118.82915"
"11/26/2025","AQS","061070009","1","3.5","ug/m3 LC","19","Sequoia & Kings Canyon NPs - Ash Mountain","1","100.0000","88101","PM2.5 - Local Conditions","170","Met One BAM-1020 Mass Monitor w/VSCC","47300","Visalia-Porterville, CA","06","California","107","Tulare","36.48947","-118.82915"
"11/27/2025","AQS","061070009","1","0.8","ug/m3 LC","4","Sequoia & Kings Canyon NPs - Ash Mountain","1","100.0000","88101","PM2.5 - Local Conditions","170","Met One BAM-1020 Mass Monitor w/VSCC","47300","Visalia-Porterville, CA","06","California","107","Tulare","36.48947","-118.82915"
"11/28/2025","AQS","061070009","1","2.1","ug/m3 LC","12","Sequoia & Kings Canyon NPs - Ash Mountain","1","100.0000","88101","PM2.5 - Local Conditions","170","Met One BAM-1020 Mass Monitor w/VSCC","47300","Visalia-Porterville, CA","06","California","107","Tulare","36.48947","-118.82915"
"11/29/2025","AQS","061070009","1","5","ug/m3 LC","28","Sequoia & Kings Canyon NPs - Ash Mountain","1","100.0000","88101","PM2.5 - Local Conditions","170","Met One BAM-1020 Mass Monitor w/VSCC","47300","Visalia-Porterville, CA","06","California","107","Tulare","36.48947","-118.82915"
"11/30/2025","AQS","061070009","1","3.9","ug/m3 LC","22","Sequoia & Kings Canyon NPs - Ash Mountain","1","100.0000","88101","PM2.5 - Local Conditions","170","Met One BAM-1020 Mass Monitor w/VSCC","47300","Visalia-Porterville, CA","06","California","107","Tulare","36.48947","-118.82915"
"12/01/2025","AirNow","061070009","1","3.6","ug/m3 LC","20","Sequoia & Kings Canyon NPs - Ash Mountain","1","100.0000","88101","PM2.5 - Local Conditions","","","47300","Visalia-Porterville, CA","06","California","107","Tulare","36.48947","-118.82915"
"12/03/2025","AQS","061070009","1","2.7","ug/m3 LC","15","Sequoia & Kings Canyon NPs - Ash Mountain","1","100.0000","88101","PM2.5 - Local Conditions","170","Met One BAM-1020 Mass Monitor w/VSCC","47300","Visalia-Porterville, CA","06","California","107","Tulare","36.48947","-118.82915"
"12/04/2025","AQS","061070009","1","3.7","ug/m3 LC","21","Sequoia & Kings Canyon NPs - Ash Mountain","1","100.0000","88101","PM2.5 - Local Conditions","170","Met One BAM-1020 Mass Monitor w/VSCC","47300","Visalia-Porterville, CA","06","California","107","Tulare","36.48947","-118.82915"
"12/05/2025","AQS","061070009","1","3","ug/m3 LC","17","Sequoia & Kings Canyon NPs - Ash Mountain","1","100.0000","88101","PM2.5 - Local Conditions","170","Met One BAM-1020 Mass Monitor w/VSCC","47300","Visalia-Porterville, CA","06","California","107","Tulare","36.48947","-118.82915"
"12/06/2025","AQS","061070009","1","4.3","ug/m3 LC","24","Sequoia & Kings Canyon NPs - Ash Mountain","1","100.0000","88101","PM2.5 - Local Conditions","170","Met One BAM-1020 Mass Monitor w/VSCC","47300","Visalia-Porterville, CA","06","California","107","Tulare","36.48947","-118.82915"
"12/07/2025","AQS","061070009","1","3.8","ug/m3 LC","21","Sequoia & Kings Canyon NPs - Ash Mountain","1","100.0000","88101","PM2.5 - Local Conditions","170","Met One BAM-1020 Mass Monitor w/VSCC","47300","Visalia-Porterville, CA","06","California","107","Tulare","36.48947","-118.82915"
"12/08/2025","AQS","061070009","1","2.2","ug/m3 LC","12","Sequoia & Kings Canyon NPs - Ash Mountain","1","100.0000","88101","PM2.5 - Local Conditions","170","Met One BAM-1020 Mass Monitor w/VSCC","47300","Visalia-Porterville, CA","06","California","107","Tulare","36.48947","-118.82915"
"12/09/2025","AQS","061070009","1","1.5","ug/m3 LC","8","Sequoia & Kings Canyon NPs - Ash Mountain","1","100.0000","88101","PM2.5 - Local Conditions","170","Met One BAM-1020 Mass Monitor w/VSCC","47300","Visalia-Porterville, CA","06","California","107","Tulare","36.48947","-118.82915"
"12/10/2025","AQS","061070009","1","0.8","ug/m3 LC","4","Sequoia & Kings Canyon NPs - Ash Mountain","1","100.0000","88101","PM2.5 - Local Conditions","170","Met One BAM-1020 Mass Monitor w/VSCC","47300","Visalia-Porterville, CA","06","California","107","Tulare","36.48947","-118.82915"
"12/12/2025","AQS","061070009","1","0.4","ug/m3 LC","2","Sequoia & Kings Canyon NPs - Ash Mountain","1","100.0000","88101","PM2.5 - Local Conditions","170","Met One BAM-1020 Mass Monitor w/VSCC","47300","Visalia-Porterville, CA","06","California","107","Tulare","36.48947","-118.82915"
"12/13/2025","AQS","061070009","1","1.4","ug/m3 LC","8","Sequoia & Kings Canyon NPs - Ash Mountain","1","100.0000","88101","PM2.5 - Local Conditions","170","Met One BAM-1020 Mass Monitor w/VSCC","47300","Visalia-Porterville, CA","06","California","107","Tulare","36.48947","-118.82915"
"12/14/2025","AQS","061070009","1","2.3","ug/m3 LC","13","Sequoia & Kings Canyon NPs - Ash Mountain","1","100.0000","88101","PM2.5 - Local Conditions","170","Met One BAM-1020 Mass Monitor w/VSCC","47300","Visalia-Porterville, CA","06","California","107","Tulare","36.48947","-118.82915"
"12/15/2025","AQS","061070009","1","1.7","ug/m3 LC","9","Sequoia & Kings Canyon NPs - Ash Mountain","1","100.0000","88101","PM2.5 - Local Conditions","170","Met One BAM-1020 Mass Monitor w/VSCC","47300","Visalia-Porterville, CA","06","California","107","Tulare","36.48947","-118.82915"
"12/16/2025","AQS","061070009","1","1.8","ug/m3 LC","10","Sequoia & Kings Canyon NPs - Ash Mountain","1","100.0000","88101","PM2.5 - Local Conditions","170","Met One BAM-1020 Mass Monitor w/VSCC","47300","Visalia-Porterville, CA","06","California","107","Tulare","36.48947","-118.82915"
"12/17/2025","AQS","061070009","1","2.7","ug/m3 LC","15","Sequoia & Kings Canyon NPs - Ash Mountain","1","100.0000","88101","PM2.5 - Local Conditions","170","Met One BAM-1020 Mass Monitor w/VSCC","47300","Visalia-Porterville, CA","06","California","107","Tulare","36.48947","-118.82915"
"12/18/2025","AQS","061070009","1","3.3","ug/m3 LC","18","Sequoia & Kings Canyon NPs - Ash Mountain","1","100.0000","88101","PM2.5 - Local Conditions","170","Met One BAM-1020 Mass Monitor w/VSCC","47300","Visalia-Porterville, CA","06","California","107","Tulare","36.48947","-118.82915"
"12/19/2025","AQS","061070009","1","4","ug/m3 LC","22","Sequoia & Kings Canyon NPs - Ash Mountain","1","100.0000","88101","PM2.5 - Local Conditions","170","Met One BAM-1020 Mass Monitor w/VSCC","47300","Visalia-Porterville, CA","06","California","107","Tulare","36.48947","-118.82915"
"12/20/2025","AQS","061070009","1","4","ug/m3 LC","22","Sequoia & Kings Canyon NPs - Ash Mountain","1","100.0000","88101","PM2.5 - Local Conditions","170","Met One BAM-1020 Mass Monitor w/VSCC","47300","Visalia-Porterville, CA","06","California","107","Tulare","36.48947","-118.82915"
"12/21/2025","AQS","061070009","1","1.4","ug/m3 LC","8","Sequoia & Kings Canyon NPs - Ash Mountain","1","100.0000","88101","PM2.5 - Local Conditions","170","Met One BAM-1020 Mass Monitor w/VSCC","47300","Visalia-Porterville, CA","06","California","107","Tulare","36.48947","-118.82915"
"12/22/2025","AQS","061070009","1","2.2","ug/m3 LC","12","Sequoia & Kings Canyon NPs - Ash Mountain","1","100.0000","88101","PM2.5 - Local Conditions","170","Met One BAM-1020 Mass Monitor w/VSCC","47300","Visalia-Porterville, CA","06","California","107","Tulare","36.48947","-118.82915"
"12/23/2025","AQS","061070009","1","1.4","ug/m3 LC","8","Sequoia & Kings Canyon NPs - Ash Mountain","1","100.0000","88101","PM2.5 - Local Conditions","170","Met One BAM-1020 Mass Monitor w/VSCC","47300","Visalia-Porterville, CA","06","California","107","Tulare","36.48947","-118.82915"
"12/24/2025","AQS","061070009","1","1","ug/m3 LC","6","Sequoia & Kings Canyon NPs - Ash Mountain","1","100.0000","88101","PM2.5 - Local Conditions","170","Met One BAM-1020 Mass Monitor w/VSCC","47300","Visalia-Porterville, CA","06","California","107","Tulare","36.48947","-118.82915"
"12/25/2025","AQS","061070009","1","0.7","ug/m3 LC","4","Sequoia & Kings Canyon NPs - Ash Mountain","1","100.0000","88101","PM2.5 - Local Conditions","170","Met One BAM-1020 Mass Monitor w/VSCC","47300","Visalia-Porterville, CA","06","California","107","Tulare","36.48947","-118.82915"
"12/26/2025","AQS","061070009","1","1.7","ug/m3 LC","9","Sequoia & Kings Canyon NPs - Ash Mountain","1","100.0000","88101","PM2.5 - Local Conditions","170","Met One BAM-1020 Mass Monitor w/VSCC","47300","Visalia-Porterville, CA","06","California","107","Tulare","36.48947","-118.82915"
"12/27/2025","AQS","061070009","1","2.7","ug/m3 LC","15","Sequoia & Kings Canyon NPs - Ash Mountain","1","100.0000","88101","PM2.5 - Local Conditions","170","Met One BAM-1020 Mass Monitor w/VSCC","47300","Visalia-Porterville, CA","06","California","107","Tulare","36.48947","-118.82915"
"12/28/2025","AQS","061070009","1","3.5","ug/m3 LC","19","Sequoia & Kings Canyon NPs - Ash Mountain","1","100.0000","88101","PM2.5 - Local Conditions","170","Met One BAM-1020 Mass Monitor w/VSCC","47300","Visalia-Porterville, CA","06","California","107","Tulare","36.48947","-118.82915"
"12/29/2025","AQS","061070009","1","3.5","ug/m3 LC","19","Sequoia & Kings Canyon NPs - Ash Mountain","1","100.0000","88101","PM2.5 - Local Conditions","170","Met One BAM-1020 Mass Monitor w/VSCC","47300","Visalia-Porterville, CA","06","California","107","Tulare","36.48947","-118.82915"
"12/30/2025","AQS","061070009","1","2.9","ug/m3 LC","16","Sequoia & Kings Canyon NPs - Ash Mountain","1","100.0000","88101","PM2.5 - Local Conditions","170","Met One BAM-1020 Mass Monitor w/VSCC","47300","Visalia-Porterville, CA","06","California","107","Tulare","36.48947","-118.82915"
"12/31/2025","AQS","061070009","1","2.2","ug/m3 LC","12","Sequoia & Kings Canyon NPs - Ash Mountain","1","100.0000","88101","PM2.5 - Local Conditions","170","Met One BAM-1020 Mass Monitor w/VSCC","47300","Visalia-Porterville, CA","06","California","107","Tulare","36.48947","-118.82915"
"01/01/2025","AQS","061071001","1","4.1","ug/m3 LC","23","Sequoia NP","1","100.0000","88502","Acceptable PM2.5 AQI & Speciation Mass","707","IMPROVE Module A with Cyclone Inlet-Teflon Filter, 2.2 sq. cm.","47300","Visalia-Porterville, CA","06","California","107","Tulare","36.498834948","-118.824821113"
"01/04/2025","AQS","061071001","1","2.4","ug/m3 LC","13","Sequoia NP","1","100.0000","88502","Acceptable PM2.5 AQI & Speciation Mass","707","IMPROVE Module A with Cyclone Inlet-Teflon Filter, 2.2 sq. cm.","47300","Visalia-Porterville, CA","06","California","107","Tulare","36.498834948","-118.824821113"
"01/07/2025","AQS","061071001","1","11.5","ug/m3 LC","55","Sequoia NP","1","100.0000","88502","Acceptable PM2.5 AQI & Speciation Mass","707","IMPROVE Module A with Cyclone Inlet-Teflon Filter, 2.2 sq. cm.","47300","Visalia-Porterville, CA","06","California","107","Tulare","36.498834948","-118.824821113"
"01/10/2025","AQS","061071001","1","1.2","ug/m3 LC","7","Sequoia NP","1","100.0000","88502","Acceptable PM2.5 AQI & Speciation Mass","707","IMPROVE Module A with Cyclone Inlet-Teflon Filter, 2.2 sq. cm.","47300","Visalia-Porterville, CA","06","California","107","Tulare","36.498834948","-118.824821113"
"01/13/2025","AQS","061071001","1","2.7","ug/m3 LC","15","Sequoia NP","1","100.0000","88502","Acceptable PM2.5 AQI & Speciation Mass","707","IMPROVE Module A with Cyclone Inlet-Teflon Filter, 2.2 sq. cm.","47300","Visalia-Porterville, CA","06","California","107","Tulare","36.498834948","-118.824821113"
"01/16/2025","AQS","061071001","1","1.5","ug/m3 LC","8","Sequoia NP","1","100.0000","88502","Acceptable PM2.5 AQI & Speciation Mass","707","IMPROVE Module A with Cyclone Inlet-Teflon Filter, 2.2 sq. cm.","47300","Visalia-Porterville, CA","06","California","107","Tulare","36.498834948","-118.824821113"
"01/19/2025","AQS","061071001","1","11.3","ug/m3 LC","55","Sequoia NP","1","100.0000","88502","Acceptable PM2.5 AQI & Speciation Mass","707","IMPROVE Module A with Cyclone Inlet-Teflon Filter, 2.2 sq. cm.","47300","Visalia-Porterville, CA","06","California","107","Tulare","36.498834948","-118.824821113"
"01/22/2025","AQS","061071001","1","3.6","ug/m3 LC","20","Sequoia NP","1","100.0000","88502","Acceptable PM2.5 AQI & Speciation Mass","707","IMPROVE Module A with Cyclone Inlet-Teflon Filter, 2.2 sq. cm.","47300","Visalia-Porterville, CA","06","California","107","Tulare","36.498834948","-118.824821113"
"01/25/2025","AQS","061071001","1","2.9","ug/m3 LC","16","Sequoia NP","1","100.0000","88502","Acceptable PM2.5 AQI & Speciation Mass","707","IMPROVE Module A with Cyclone Inlet-Teflon Filter, 2.2 sq. cm.","47300","Visalia-Porterville, CA","06","California","107","Tulare","36.498834948","-118.824821113"
"01/28/2025","AQS","061071001","1","3.3","ug/m3 LC","18","Sequoia NP","1","100.0000","88502","Acceptable PM2.5 AQI & Speciation Mass","707","IMPROVE Module A with Cyclone Inlet-Teflon Filter, 2.2 sq. cm.","47300","Visalia-Porterville, CA","06","California","107","Tulare","36.498834948","-118.824821113"
"01/31/2025","AQS","061071001","1","10.7","ug/m3 LC","54","Sequoia NP","1","100.0000","88502","Acceptable PM2.5 AQI & Speciation Mass","707","IMPROVE Module A with Cyclone Inlet-Teflon Filter, 2.2 sq. cm.","47300","Visalia-Porterville, CA","06","California","107","Tulare","36.498834948","-118.824821113"
"02/03/2025","AQS","061071001","1","2.9","ug/m3 LC","16","Sequoia NP","1","100.0000","88502","Acceptable PM2.5 AQI & Speciation Mass","707","IMPROVE Module A with Cyclone Inlet-Teflon Filter, 2.2 sq. cm.","47300","Visalia-Porterville, CA","06","California","107","Tulare","36.498834948","-118.824821113"
"02/06/2025","AQS","061071001","1","0.5","ug/m3 LC","3","Sequoia NP","1","100.0000","88502","Acceptable PM2.5 AQI & Speciation Mass","707","IMPROVE Module A with Cyclone Inlet-Teflon Filter, 2.2 sq. cm.","47300","Visalia-Porterville, CA","06","California","107","Tulare","36.498834948","-118.824821113"
"02/09/2025","AQS","061071001","1","5.6","ug/m3 LC","31","Sequoia NP","1","100.0000","88502","Acceptable PM2.5 AQI & Speciation Mass","707","IMPROVE Module A with Cyclone Inlet-Teflon Filter, 2.2 sq. cm.","47300","Visalia-Porterville, CA","06","California","107","Tulare","36.498834948","-118.824821113"
"02/12/2025","AQS","061071001","1","3.1","ug/m3 LC","17","Sequoia NP","1","100.0000","88502","Acceptable PM2.5 AQI & Speciation Mass","707","IMPROVE Module A with Cyclone Inlet-Teflon Filter, 2.2 sq. cm.","47300","Visalia-Porterville, CA","06","California","107","Tulare","36.498834948","-118.824821113"
"02/15/2025","AQS","061071001","1","1.6","ug/m3 LC","9","Sequoia NP","1","100.0000","88502","Acceptable PM2.5 AQI & Speciation Mass","707","IMPROVE Module A with Cyclone Inlet-Teflon Filter, 2.2 sq. cm.","47300","Visalia-Porterville, CA","06","California","107","Tulare","36.498834948","-118.824821113"
"02/18/2025","AQS","061071001","1","4.4","ug/m3 LC","24","Sequoia NP","1","100.0000","88502","Acceptable PM2.5 AQI & Speciation Mass","707","IMPROVE Module A with Cyclone Inlet-Teflon Filter, 2.2 sq. cm.","47300","Visalia-Porterville, CA","06","California","107","Tulare","36.498834948","-118.824821113"
"02/21/2025","AQS","061071001","1","3.6","ug/m3 LC","20","Sequoia NP","1","100.0000","88502","Acceptable PM2.5 AQI & Speciation Mass","707","IMPROVE Module A with Cyclone Inlet-Teflon Filter, 2.2 sq. cm.","47300","Visalia-Porterville, CA","06","California","107","Tulare","36.498834948","-118.824821113"
"02/24/2025","AQS","061071001","1","5.8","ug/m3 LC","32","Sequoia NP","1","100.0000","88502","Acceptable PM2.5 AQI & Speciation Mass","707","IMPROVE Module A with Cyclone Inlet-Teflon Filter, 2.2 sq. cm.","47300","Visalia-Porterville, CA","06","California","107","Tulare","36.498834948","-118.824821113"
"02/27/2025","AQS","061071001","1","2.4","ug/m3 LC","13","Sequoia NP","1","100.0000","88502","Acceptable PM2.5 AQI & Speciation Mass","707","IMPROVE Module A with Cyclone Inlet-Teflon Filter, 2.2 sq. cm.","47300","Visalia-Porterville, CA","06","California","107","Tulare","36.498834948","-118.824821113"
"03/02/2025","AQS","061071001","1","1.5","ug/m3 LC","8","Sequoia NP","1","100.0000","88502","Acceptable PM2.5 AQI & Speciation Mass","707","IMPROVE Module A with Cyclone Inlet-Teflon Filter, 2.2 sq. cm.","47300","Visalia-Porterville, CA","06","California","107","Tulare","36.498834948","-118.824821113"
"03/05/2025","AQS","061071001","1","1.4","ug/m3 LC","8","Sequoia NP","1","100.0000","88502","Acceptable PM2.5 AQI & Speciation Mass","707","IMPROVE Module A with Cyclone Inlet-Teflon Filter, 2.2 sq. cm.","47300","Visalia-Porterville, CA","06","California","107","Tulare","36.498834948","-118.824821113"
"03/08/2025","AQS","061071001","1","1.2","ug/m3 LC","7","Sequoia NP","1","100.0000","88502","Acceptable PM2.5 AQI & Speciation Mass","707","IMPROVE Module A with Cyclone Inlet-Teflon Filter, 2.2 sq. cm.","47300","Visalia-Porterville, CA","06","California","107","Tulare","36.498834948","-118.824821113"
"03/11/2025","AQS","061071001","1","2","ug/m3 LC","11","Sequoia NP","1","100.0000","88502","Acceptable PM2.5 AQI & Speciation Mass","707","IMPROVE Module A with Cyclone Inlet-Teflon Filter, 2.2 sq. cm.","47300","Visalia-Porterville, CA","06","California","107","Tulare","36.498834948","-118.824821113"
"03/14/2025","AQS","061071001","1","0.5","ug/m3 LC","3","Sequoia NP","1","100.0000","88502","Acceptable PM2.5 AQI & Speciation Mass","707","IMPROVE Module A with Cyclone Inlet-Teflon Filter, 2.2 sq. cm.","47300","Visalia-Porterville, CA","06","California","107","Tulare","36.498834948","-118.824821113"
"03/17/2025","AQS","061071001","1","1.2","ug/m3 LC","7","Sequoia NP","1","100.0000","88502","Acceptable PM2.5 AQI & Speciation Mass","707","IMPROVE Module A with Cyclone Inlet-Teflon Filter, 2.2 sq. cm.","47300","Visalia-Porterville, CA","06","California","107","Tulare","36.498834948","-118.824821113"
"03/20/2025","AQS","061071001","1","3.6","ug/m3 LC","20","Sequoia NP","1","100.0000","88502","Acceptable PM2.5 AQI & Speciation Mass","707","IMPROVE Module A with Cyclone Inlet-Teflon Filter, 2.2 sq. cm.","47300","Visalia-Porterville, CA","06","California","107","Tulare","36.498834948","-118.824821113"
"03/23/2025","AQS","061071001","1","5.9","ug/m3 LC","33","Sequoia NP","1","100.0000","88502","Acceptable PM2.5 AQI & Speciation Mass","707","IMPROVE Module A with Cyclone Inlet-Teflon Filter, 2.2 sq. cm.","47300","Visalia-Porterville, CA","06","California","107","Tulare","36.498834948","-118.824821113"
"03/26/2025","AQS","061071001","1","3.4","ug/m3 LC","19","Sequoia NP","1","100.0000","88502","Acceptable PM2.5 AQI & Speciation Mass","707","IMPROVE Module A with Cyclone Inlet-Teflon Filter, 2.2 sq. cm.","47300","Visalia-Porterville, CA","06","California","107","Tulare","36.498834948","-118.824821113"
"03/29/2025","AQS","061071001","1","3.1","ug/m3 LC","17","Sequoia NP","1","100.0000","88502","Acceptable PM2.5 AQI & Speciation Mass","707","IMPROVE Module A with Cyclone Inlet-Teflon Filter, 2.2 sq. cm.","47300","Visalia-Porterville, CA","06","California","107","Tulare","36.498834948","-118.824821113"
"04/01/2025","AQS","061071001","1","1.4","ug/m3 LC","8","Sequoia NP","1","100.0000","88502","Acceptable PM2.5 AQI & Speciation Mass","707","IMPROVE Module A with Cyclone Inlet-Teflon Filter, 2.2 sq. cm.","47300","Visalia-Porterville, CA","06","California","107","Tulare","36.498834948","-118.824821113"
"04/04/2025","AQS","061071001","1","2.4","ug/m3 LC","13","Sequoia NP","1","100.0000","88502","Acceptable PM2.5 AQI & Speciation Mass","707","IMPROVE Module A with Cyclone Inlet-Teflon Filter, 2.2 sq. cm.","47300","Visalia-Porterville, CA","06","California","107","Tulare","36.498834948","-118.824821113"
"04/07/2025","AQS","061071001","1","5","ug/m3 LC","28","Sequoia NP","1","100.0000","88502","Acceptable PM2.5 AQI & Speciation Mass","707","IMPROVE Module A with Cyclone Inlet-Teflon Filter, 2.2 sq. cm.","47300","Visalia-Porterville, CA","06","California","107","Tulare","36.498834948","-118.824821113"
"04/10/2025","AQS","061071001","1","10.5","ug/m3 LC","54","Sequoia NP","1","100.0000","88502","Acceptable PM2.5 AQI & Speciation Mass","707","IMPROVE Module A with Cyclone Inlet-Teflon Filter, 2.2 sq. cm.","47300","Visalia-Porterville, CA","06","California","107","Tulare","36.498834948","-118.824821113"
"04/13/2025","AQS","061071001","1","8.6","ug/m3 LC","48","Sequoia NP","1","100.0000","88502","Acceptable PM2.5 AQI & Speciation Mass","707","IMPROVE Module A with Cyclone Inlet-Teflon Filter, 2.2 sq. cm.","47300","Visalia-Porterville, CA","06","California","107","Tulare","36.498834948","-118.824821113"
"04/16/2025","AQS","061071001","1","10.2","ug/m3 LC","53","Sequoia NP","1","100.0000","88502","Acceptable PM2.5 AQI & Speciation Mass","707","IMPROVE Module A with Cyclone Inlet-Teflon Filter, 2.2 sq. cm.","47300","Visalia-Porterville, CA","06","California","107","Tulare","36.498834948","-118.824821113"
"04/19/2025","AQS","061071001","1","5.4","ug/m3 LC","30","Sequoia NP","1","100.0000","88502","Acceptable PM2.5 AQI & Speciation Mass","707","IMPROVE Module A with Cyclone Inlet-Teflon Filter, 2.2 sq. cm.","47300","Visalia-Porterville, CA","06","California","107","Tulare","36.498834948","-118.824821113"
"04/22/2025","AQS","061071001","1","7.5","ug/m3 LC","42","Sequoia NP","1","100.0000","88502","Acceptable PM2.5 AQI & Speciation Mass","707","IMPROVE Module A with Cyclone Inlet-Teflon Filter, 2.2 sq. cm.","47300","Visalia-Porterville, CA","06","California","107","Tulare","36.498834948","-118.824821113"
"04/25/2025","AQS","061071001","1","5.3","ug/m3 LC","29","Sequoia NP","1","100.0000","88502","Acceptable PM2.5 AQI & Speciation Mass","707","IMPROVE Module A with Cyclone Inlet-Teflon Filter, 2.2 sq. cm.","47300","Visalia-Porterville, CA","06","California","107","Tulare","36.498834948","-118.824821113"
"04/28/2025","AQS","061071001","1","4.1","ug/m3 LC","23","Sequoia NP","1","100.0000","88502","Acceptable PM2.5 AQI & Speciation Mass","707","IMPROVE Module A with Cyclone Inlet-Teflon Filter, 2.2 sq. cm.","47300","Visalia-Porterville, CA","06","California","107","Tulare","36.498834948","-118.824821113"
"05/01/2025","AQS","061071001","1","6.9","ug/m3 LC","38","Sequoia NP","1","100.0000","88502","Acceptable PM2.5 AQI & Speciation Mass","707","IMPROVE Module A with Cyclone Inlet-Teflon Filter, 2.2 sq. cm.","47300","Visalia-Porterville, CA","06","California","107","Tulare","36.498834948","-118.824821113"
"05/04/2025","AQS","061071001","1","5.8","ug/m3 LC","32","Sequoia NP","1","100.0000","88502","Acceptable PM2.5 AQI & Speciation Mass","707","IMPROVE Module A with Cyclone Inlet-Teflon Filter, 2.2 sq. cm.","47300","Visalia-Porterville, CA","06","California","107","Tulare","36.498834948","-118.824821113"
"05/07/2025","AQS","061071001","1","7.2","ug/m3 LC","40","Sequoia NP","1","100.0000","88502","Acceptable PM2.5 AQI & Speciation Mass","707","IMPROVE Module A with Cyclone Inlet-Teflon Filter, 2.2 sq. cm.","47300","Visalia-Porterville, CA","06","California","107","Tulare","36.498834948","-118.824821113"
"05/10/2025","AQS","061071001","1","5.8","ug/m3 LC","32","Sequoia NP","1","100.0000","88502","Acceptable PM2.5 AQI & Speciation Mass","707","IMPROVE Module A with Cyclone Inlet-Teflon Filter, 2.2 sq. cm.","47300","Visalia-Porterville, CA","06","California","107","Tulare","36.498834948","-118.824821113"
"05/13/2025","AQS","061071001","1","3.1","ug/m3 LC","17","Sequoia NP","1","100.0000","88502","Acceptable PM2.5 AQI & Speciation Mass","707","IMPROVE Module A with Cyclone Inlet-Teflon Filter, 2.2 sq. cm.","47300","Visalia-Porterville, CA","06","California","107","Tulare","36.498834948","-118.824821113"
"05/16/2025","AQS","061071001","1","5.9","ug/m3 LC","33","Sequoia NP","1","100.0000","88502","Acceptable PM2.5 AQI & Speciation Mass","707","IMPROVE Module A with Cyclone Inlet-Teflon Filter, 2.2 sq. cm.","47300","Visalia-Porterville, CA","06","California","107","Tulare","36.498834948","-118.824821113"
"05/19/2025","AQS","061071001","1","7","ug/m3 LC","39","Sequoia NP","1","100.0000","88502","Acceptable PM2.5 AQI & Speciation Mass","707","IMPROVE Module A with Cyclone Inlet-Teflon Filter, 2.2 sq. cm.","47300","Visalia-Porterville, CA","06","California","107","Tulare","36.498834948","-118.824821113"
"05/22/2025","AQS","061071001","1","8","ug/m3 LC","44","Sequoia NP","1","100.0000","88502","Acceptable PM2.5 AQI & Speciation Mass","707","IMPROVE Module A with Cyclone Inlet-Teflon Filter, 2.2 sq. cm.","47300","Visalia-Porterville, CA","06","California","107","Tulare","36.498834948","-118.824821113"
"05/25/2025","AQS","061071001","1","7.8","ug/m3 LC","43","Sequoia NP","1","100.0000","88502","Acceptable PM2.5 AQI & Speciation Mass","707","IMPROVE Module A with Cyclone Inlet-Teflon Filter, 2.2 sq. cm.","47300","Visalia-Porterville, CA","06","California","107","Tulare","36.498834948","-118.824821113"
"05/28/2025","AQS","061071001","1","8.6","ug/m3 LC","48","Sequoia NP","1","100.0000","88502","Acceptable PM2.5 AQI & Speciation Mass","707","IMPROVE Module A with Cyclone Inlet-Teflon Filter, 2.2 sq. cm.","47300","Visalia-Porterville, CA","06","California","107","Tulare","36.498834948","-118.824821113"
"05/31/2025","AQS","061071001","1","10.2","ug/m3 LC","53","Sequoia NP","1","100.0000","88502","Acceptable PM2.5 AQI & Speciation Mass","707","IMPROVE Module A with Cyclone Inlet-Teflon Filter, 2.2 sq. cm.","47300","Visalia-Porterville, CA","06","California","107","Tulare","36.498834948","-118.824821113"
"06/03/2025","AQS","061071001","1","8.2","ug/m3 LC","46","Sequoia NP","1","100.0000","88502","Acceptable PM2.5 AQI & Speciation Mass","707","IMPROVE Module A with Cyclone Inlet-Teflon Filter, 2.2 sq. cm.","47300","Visalia-Porterville, CA","06","California","107","Tulare","36.498834948","-118.824821113"
"06/06/2025","AQS","061071001","1","9.2","ug/m3 LC","51","Sequoia NP","1","100.0000","88502","Acceptable PM2.5 AQI & Speciation Mass","707","IMPROVE Module A with Cyclone Inlet-Teflon Filter, 2.2 sq. cm.","47300","Visalia-Porterville, CA","06","California","107","Tulare","36.498834948","-118.824821113"
"06/09/2025","AQS","061071001","1","11.4","ug/m3 LC","55","Sequoia NP","1","100.0000","88502","Acceptable PM2.5 AQI & Speciation Mass","707","IMPROVE Module A with Cyclone Inlet-Teflon Filter, 2.2 sq. cm.","47300","Visalia-Porterville, CA","06","California","107","Tulare","36.498834948","-118.824821113"
"06/12/2025","AQS","061071001","1","8.4","ug/m3 LC","47","Sequoia NP","1","100.0000","88502","Acceptable PM2.5 AQI & Speciation Mass","707","IMPROVE Module A with Cyclone Inlet-Teflon Filter, 2.2 sq. cm.","47300","Visalia-Porterville, CA","06","California","107","Tulare","36.498834948","-118.824821113"
"06/15/2025","AQS","061071001","1","7.8","ug/m3 LC","43","Sequoia NP","1","100.0000","88502","Acceptable PM2.5 AQI & Speciation Mass","707","IMPROVE Module A with Cyclone Inlet-Teflon Filter, 2.2 sq. cm.","47300","Visalia-Porterville, CA","06","California","107","Tulare","36.498834948","-118.824821113"
"06/18/2025","AQS","061071001","1","9.6","ug/m3 LC","52","Sequoia NP","1","100.0000","88502","Acceptable PM2.5 AQI & Speciation Mass","707","IMPROVE Module A with Cyclone Inlet-Teflon Filter, 2.2 sq. cm.","47300","Visalia-Porterville, CA","06","California","107","Tulare","36.498834948","-118.824821113"
"06/21/2025","AQS","061071001","1","5","ug/m3 LC","28","Sequoia NP","1","100.0000","88502","Acceptable PM2.5 AQI & Speciation Mass","707","IMPROVE Module A with Cyclone Inlet-Teflon Filter, 2.2 sq. cm.","47300","Visalia-Porterville, CA","06","California","107","Tulare","36.498834948","-118.824821113"
"06/24/2025","AQS","061071001","1","7.6","ug/m3 LC","42","Sequoia NP","1","100.0000","88502","Acceptable PM2.5 AQI & Speciation Mass","707","IMPROVE Module A with Cyclone Inlet-Teflon Filter, 2.2 sq. cm.","47300","Visalia-Porterville, CA","06","California","107","Tulare","36.498834948","-118.824821113"
"06/27/2025","AQS","061071001","1","10.4","ug/m3 LC","53","Sequoia NP","1","100.0000","88502","Acceptable PM2.5 AQI & Speciation Mass","707","IMPROVE Module A with Cyclone Inlet-Teflon Filter, 2.2 sq. cm.","47300","Visalia-Porterville, CA","06","California","107","Tulare","36.498834948","-118.824821113"
"06/30/2025","AQS","061071001","1","7","ug/m3 LC","39","Sequoia NP","1","100.0000","88502","Acceptable PM2.5 AQI & Speciation Mass","707","IMPROVE Module A with Cyclone Inlet-Teflon Filter, 2.2 sq. cm.","47300","Visalia-Porterville, CA","06","California","107","Tulare","36.498834948","-118.824821113"
"07/03/2025","AQS","061071001","1","6.3","ug/m3 LC","35","Sequoia NP","1","100.0000","88502","Acceptable PM2.5 AQI & Speciation Mass","707","IMPROVE Module A with Cyclone Inlet-Teflon Filter, 2.2 sq. cm.","47300","Visalia-Porterville, CA","06","California","107","Tulare","36.498834948","-118.824821113"
"07/06/2025","AQS","061071001","1","7.2","ug/m3 LC","40","Sequoia NP","1","100.0000","88502","Acceptable PM2.5 AQI & Speciation Mass","707","IMPROVE Module A with Cyclone Inlet-Teflon Filter, 2.2 sq. cm.","47300","Visalia-Porterville, CA","06","California","107","Tulare","36.498834948","-118.824821113"
"07/09/2025","AQS","061071001","1","8","ug/m3 LC","44","Sequoia NP","1","100.0000","88502","Acceptable PM2.5 AQI & Speciation Mass","707","IMPROVE Module A with Cyclone Inlet-Teflon Filter, 2.2 sq. cm.","47300","Visalia-Porterville, CA","06","California","107","Tulare","36.498834948","-118.824821113"
"07/12/2025","AQS","061071001","1","11.3","ug/m3 LC","55","Sequoia NP","1","100.0000","88502","Acceptable PM2.5 AQI & Speciation Mass","707","IMPROVE Module A with Cyclone Inlet-Teflon Filter, 2.2 sq. cm.","47300","Visalia-Porterville, CA","06","California","107","Tulare","36.498834948","-118.824821113"
"07/15/2025","AQS","061071001","1","14","ug/m3 LC","60","Sequoia NP","1","100.0000","88502","Acceptable PM2.5 AQI & Speciation Mass","707","IMPROVE Module A with Cyclone Inlet-Teflon Filter, 2.2 sq. cm.","47300","Visalia-Porterville, CA","06","California","107","Tulare","36.498834948","-118.824821113"
"07/18/2025","AQS","061071001","1","9.4","ug/m3 LC","52","Sequoia NP","1","100.0000","88502","Acceptable PM2.5 AQI & Speciation Mass","707","IMPROVE Module A with Cyclone Inlet-Teflon Filter, 2.2 sq. cm.","47300","Visalia-Porterville, CA","06","California","107","Tulare","36.498834948","-118.824821113"
"07/21/2025","AQS","061071001","1","7.6","ug/m3 LC","42","Sequoia NP","1","100.0000","88502","Acceptable PM2.5 AQI & Speciation Mass","707","IMPROVE Module A with Cyclone Inlet-Teflon Filter, 2.2 sq. cm.","47300","Visalia-Porterville, CA","06","California","107","Tulare","36.498834948","-118.824821113"
"07/24/2025","AQS","061071001","1","6.1","ug/m3 LC","34","Sequoia NP","1","100.0000","88502","Acceptable PM2.5 AQI & Speciation Mass","707","IMPROVE Module A with Cyclone Inlet-Teflon Filter, 2.2 sq. cm.","47300","Visalia-Porterville, CA","06","California","107","Tulare","36.498834948","-118.824821113"
"07/27/2025","AQS","061071001","1","5.7","ug/m3 LC","32","Sequoia NP","1","100.0000","88502","Acceptable PM2.5 AQI & Speciation Mass","707","IMPROVE Module A with Cyclone Inlet-Teflon Filter, 2.2 sq. cm.","47300","Visalia-Porterville, CA","06","California","107","Tulare","36.498834948","-118.824821113"
"07/30/2025","AQS","061071001","1","5.6","ug/m3 LC","31","Sequoia NP","1","100.0000","88502","Acceptable PM2.5 AQI & Speciation Mass","707","IMPROVE Module A with Cyclone Inlet-Teflon Filter, 2.2 sq. cm.","47300","Visalia-Porterville, CA","06","California","107","Tulare","36.498834948","-118.824821113"
"01/01/2025","AQS","061072003","3","32.2","ug/m3 LC","94","Visalia-W. Ashland Avenue","1","100.0000","88101","PM2.5 - Local Conditions","170","Met One BAM-1020 Mass Monitor w/VSCC","47300","Visalia-Porterville, CA","06","California","107","Tulare","36.30815","-119.3129"
"01/02/2025","AQS","061072003","3","29.2","ug/m3 LC","88","Visalia-W. Ashland Avenue","1","100.0000","88101","PM2.5 - Local Conditions","170","Met One BAM-1020 Mass Monitor w/VSCC","47300","Visalia-Porterville, CA","06","California","107","Tulare","36.30815","-119.3129"
"01/03/2025","AQS","061072003","3","19.8","ug/m3 LC","71","Visalia-W. Ashland Avenue","1","100.0000","88101","PM2.5 - Local Conditions","170","Met One BAM-1020 Mass Monitor w/VSCC","47300","Visalia-Porterville, CA","06","California","107","Tulare","36.30815","-119.3129"
"01/04/2025","AQS","061072003","3","15.8","ug/m3 LC","63","Visalia-W. Ashland Avenue","1","100.0000","88101","PM2.5 - Local Conditions","170","Met One BAM-1020 Mass Monitor w/VSCC","47300","Visalia-Porterville, CA","06","California","107","Tulare","36.30815","-119.3129"
"01/05/2025","AQS","061072003","3","17.8","ug/m3 LC","67","Visalia-W. Ashland Avenue","1","100.0000","88101","PM2.5 - Local Conditions","170","Met One BAM-1020 Mass Monitor w/VSCC","47300","Visalia-Porterville, CA","06","California","107","Tulare","36.30815","-119.3129"
"01/06/2025","AQS","061072003","3","18.2","ug/m3 LC","68","Visalia-W. Ashland Avenue","1","100.0000","88101","PM2.5 - Local Conditions","170","Met One BAM-1020 Mass Monitor w/VSCC","47300","Visalia-Porterville, CA","06","California","107","Tulare","36.30815","-119.3129"
"01/07/2025","AQS","061072003","3","23","ug/m3 LC","77","Visalia-W. Ashland Avenue","1","100.0000","88101","PM2.5 - Local Conditions","170","Met One BAM-1020 Mass Monitor w/VSCC","47300","Visalia-Porterville, CA","06","California","107","Tulare","36.30815","-119.3129"
"01/08/2025","AQS","061072003","3","24.5","ug/m3 LC","80","Visalia-W. Ashland Avenue","1","100.0000","88101","PM2.5 - Local Conditions","170","Met One BAM-1020 Mass Monitor w/VSCC","47300","Visalia-Porterville, CA","06","California","107","Tulare","36.30815","-119.3129"
"01/09/2025","AQS","061072003","3","18.7","ug/m3 LC","69","Visalia-W. Ashland Avenue","1","100.0000","88101","PM2.5 - Local Conditions","170","Met One BAM-1020 Mass Monitor w/VSCC","47300","Visalia-Porterville, CA","06","California","107","Tulare","36.30815","-119.3129"
"01/10/2025","AQS","061072003","3","17.7","ug/m3 LC","67","Visalia-W. Ashland Avenue","1","100.0000","88101","PM2.5 - Local Conditions","170","Met One BAM-1020 Mass Monitor w/VSCC","47300","Visalia-Porterville, CA","06","California","107","Tulare","36.30815","-119.3129"
"01/11/2025","AQS","061072003","3","23.7","ug/m3 LC","78","Visalia-W. Ashland Avenue","1","100.0000","88101","PM2.5 - Local Conditions","170","Met One BAM-1020 Mass Monitor w/VSCC","47300","Visalia-Porterville, CA","06","California","107","Tulare","36.30815","-119.3129"
"01/12/2025","AQS","061072003","3","17","ug/m3 LC","66","Visalia-W. Ashland Avenue","1","100.0000","88101","PM2.5 - Local Conditions","170","Met One BAM-1020 Mass Monitor w/VSCC","47300","Visalia-Porterville, CA","06","California","107","Tulare","36.30815","-119.3129"
"01/13/2025","AQS","061072003","3","12.7","ug/m3 LC","58","Visalia-W. Ashland Avenue","1","100.0000","88101","PM2.5 - Local Conditions","170","Met One BAM-1020 Mass Monitor w/VSCC","47300","Visalia-Porterville, CA","06","California","107","Tulare","36.30815","-119.3129"
"01/14/2025","AQS","061072003","3","16","ug/m3 LC","64","Visalia-W. Ashland Avenue","1","100.0000","88101","PM2.5 - Local Conditions","170","Met One BAM-1020 Mass Monitor w/VSCC","47300","Visalia-Porterville, CA","06","California","107","Tulare","36.30815","-119.3129"
"01/15/2025","AQS","061072003","3","15.5","ug/m3 LC","63","Visalia-W. Ashland Avenue","1","100.0000","88101","PM2.5 - Local Conditions","170","Met One BAM-1020 Mass Monitor w/VSCC","47300","Visalia-Porterville, CA","06","California","107","Tulare","36.30815","-119.3129"
"01/16/2025","AQS","061072003","3","15","ug/m3 LC","62","Visalia-W. Ashland Avenue","1","100.0000","88101","PM2.5 - Local Conditions","170","Met One BAM-1020 Mass Monitor w/VSCC","47300","Visalia-Porterville, CA","06","California","107","Tulare","36.30815","-119.3129"
"01/17/2025","AQS","061072003","3","21.1","ug/m3 LC","73","Visalia-W. Ashland Avenue","1","100.0000","88101","PM2.5 - Local Conditions","170","Met One BAM-1020 Mass Monitor w/VSCC","47300","Visalia-Porterville, CA","06","California","107","Tulare","36.30815","-119.3129"
"01/18/2025","AQS","061072003","3","33.8","ug/m3 LC","97","Visalia-W. Ashland Avenue","1","100.0000","88101","PM2.5 - Local Conditions","170","Met One BAM-1020 Mass Monitor w/VSCC","47300","Visalia-Porterville, CA","06","California","107","Tulare","36.30815","-119.3129"
"01/19/2025","AQS","061072003","3","31.9","ug/m3 LC","93","Visalia-W. Ashland Avenue","1","100.0000","88101","PM2.5 - Local Conditions","170","Met One BAM-1020 Mass Monitor w/VSCC","47300","Visalia-Porterville, CA","06","California","107","Tulare","36.30815","-119.3129"
"01/20/2025","AQS","061072003","3","32.4","ug/m3 LC","94","Visalia-W. Ashland Avenue","1","100.0000","88101","PM2.5 - Local Conditions","170","Met One BAM-1020 Mass Monitor w/VSCC","47300","Visalia-Porterville, CA","06","California","107","Tulare","36.30815","-119.3129"
"01/21/2025","AQS","061072003","3","26.4","ug/m3 LC","83","Visalia-W. Ashland Avenue","1","100.0000","88101","PM2.5 - Local Conditions","170","Met One BAM-1020 Mass Monitor w/VSCC","47300","Visalia-Porterville, CA","06","California","107","Tulare","36.30815","-119.3129"
"01/22/2025","AQS","061072003","3","27.2","ug/m3 LC","85","Visalia-W. Ashland Avenue","1","100.0000","88101","PM2.5 - Local Conditions","170","Met One BAM-1020 Mass Monitor w/VSCC","47300","Visalia-Porterville, CA","06","California","107","Tulare","36.30815","-119.3129"
"01/23/2025","AQS","061072003","3","30.9","ug/m3 LC","92","Visalia-W. Ashland Avenue","1","100.0000","88101","PM2.5 - Local Conditions","170","Met One BAM-1020 Mass Monitor w/VSCC","47300","Visalia-Porterville, CA","06","California","107","Tulare","36.30815","-119.3129"
"01/24/2025","AQS","061072003","3","17.9","ug/m3 LC","67","Visalia-W. Ashland Avenue","1","100.0000","88101","PM2.5 - Local Conditions","170","Met One BAM-1020 Mass Monitor w/VSCC","47300","Visalia-Porterville, CA","06","California","107","Tulare","36.30815","-119.3129"
"01/25/2025","AQS","061072003","3","13.1","ug/m3 LC","58","Visalia-W. Ashland Avenue","1","100.0000","88101","PM2.5 - Local Conditions","170","Met One BAM-1020 Mass Monitor w/VSCC","47300","Visalia-Porterville, CA","06","California","107","Tulare","36.30815","-119.3129"
"01/26/2025","AQS","061072003","3","5.4","ug/m3 LC","30","Visalia-W. Ashland Avenue","1","100.0000","88101","PM2.5 - Local Conditions","170","Met One BAM-1020 Mass Monitor w/VSCC","47300","Visalia-Porterville, CA","06","California","107","Tulare","36.30815","-119.3129"
"01/27/2025","AQS","061072003","3","9.8","ug/m3 LC","52","Visalia-W. Ashland Avenue","1","100.0000","88101","PM2.5 - Local Conditions","170","Met One BAM-1020 Mass Monitor w/VSCC","47300","Visalia-Porterville, CA","06","California","107","Tulare","36.30815","-119.3129"
"01/28/2025","AQS","061072003","3","10.9","ug/m3 LC","54","Visalia-W. Ashland Avenue","1","100.0000","88101","PM2.5 - Local Conditions","170","Met One BAM-1020 Mass Monitor w/VSCC","47300","Visalia-Porterville, CA","06","California","107","Tulare","36.30815","-119.3129"
"01/29/2025","AQS","061072003","3","13.1","ug/m3 LC","58","Visalia-W. Ashland Avenue","1","100.0000","88101","PM2.5 - Local Conditions","170","Met One BAM-1020 Mass Monitor w/VSCC","47300","Visalia-Porterville, CA","06","California","107","Tulare","36.30815","-119.3129"
"01/30/2025","AQS","061072003","3","22.4","ug/m3 LC","76","Visalia-W. Ashland Avenue","1","100.0000","88101","PM2.5 - Local Conditions","170","Met One BAM-1020 Mass Monitor w/VSCC","47300","Visalia-Porterville, CA","06","California","107","Tulare","36.30815","-119.3129"
"01/31/2025","AQS","061072003","3","28.5","ug/m3 LC","87","Visalia-W. Ashland Avenue","1","100.0000","88101","PM2.5 - Local Conditions","170","Met One BAM-1020 Mass Monitor w/VSCC","47300","Visalia-Porterville, CA","06","California","107","Tulare","36.30815","-119.3129"
"02/01/2025","AQS","061072003","3","27.1","ug/m3 LC","85","Visalia-W. Ashland Avenue","1","100.0000","88101","PM2.5 - Local Conditions","170","Met One BAM-1020 Mass Monitor w/VSCC","47300","Visalia-Porterville, CA","06","California","107","Tulare","36.30815","-119.3129"
"02/02/2025","AQS","061072003","3","10","ug/m3 LC","53","Visalia-W. Ashland Avenue","1","100.0000","88101","PM2.5 - Local Conditions","170","Met One BAM-1020 Mass Monitor w/VSCC","47300","Visalia-Porterville, CA","06","California","107","Tulare","36.30815","-119.3129"
"02/03/2025","AQS","061072003","3","6.1","ug/m3 LC","34","Visalia-W. Ashland Avenue","1","100.0000","88101","PM2.5 - Local Conditions","170","Met One BAM-1020 Mass Monitor w/VSCC","47300","Visalia-Porterville, CA","06","California","107","Tulare","36.30815","-119.3129"
"02/04/2025","AQS","061072003","3","3.5","ug/m3 LC","19","Visalia-W. Ashland Avenue","1","100.0000","88101","PM2.5 - Local Conditions","170","Met One BAM-1020 Mass Monitor w/VSCC","47300","Visalia-Porterville, CA","06","California","107","Tulare","36.30815","-119.3129"
"02/05/2025","AQS","061072003","3","3.3","ug/m3 LC","18","Visalia-W. Ashland Avenue","1","100.0000","88101","PM2.5 - Local Conditions","170","Met One BAM-1020 Mass Monitor w/VSCC","47300","Visalia-Porterville, CA","06","California","107","Tulare","36.30815","-119.3129"
"02/06/2025","AQS","061072003","3","5.8","ug/m3 LC","32","Visalia-W. Ashland Avenue","1","100.0000","88101","PM2.5 - Local Conditions","170","Met One BAM-1020 Mass Monitor w/VSCC","47300","Visalia-Porterville, CA","06","California","107","Tulare","36.30815","-119.3129"
"02/07/2025","AQS","061072003","3","3.4","ug/m3 LC","19","Visalia-W. Ashland Avenue","1","100.0000","88101","PM2.5 - Local Conditions","170","Met One BAM-1020 Mass Monitor w/VSCC","47300","Visalia-Porterville, CA","06","California","107","Tulare","36.30815","-119.3129"
"02/08/2025","AQS","061072003","3","13.7","ug/m3 LC","60","Visalia-W. Ashland Avenue","1","100.0000","88101","PM2.5 - Local Conditions","170","Met One BAM-1020 Mass Monitor w/VSCC","47300","Visalia-Porterville, CA","06","California","107","Tulare","36.30815","-119.3129"
"02/09/2025","AQS","061072003","3","10.7","ug/m3 LC","54","Visalia-W. Ashland Avenue","1","100.0000","88101","PM2.5 - Local Conditions","170","Met One BAM-1020 Mass Monitor w/VSCC","47300","Visalia-Porterville, CA","06","California","107","Tulare","36.30815","-119.3129"
"02/10/2025","AQS","061072003","3","8.7","ug/m3 LC","48","Visalia-W. Ashland Avenue","1","100.0000","88101","PM2.5 - Local Conditions","170","Met One BAM-1020 Mass Monitor w/VSCC","47300","Visalia-Porterville, CA","06","California","107","Tulare","36.30815","-119.3129"
"02/11/2025","AQS","061072003","3","10.2","ug/m3 LC","53","Visalia-W. Ashland Avenue","1","100.0000","88101","PM2.5 - Local Conditions","170","Met One BAM-1020 Mass Monitor w/VSCC","47300","Visalia-Porterville, CA","06","California","107","Tulare","36.30815","-119.3129"
"02/12/2025","AQS","061072003","3","6.1","ug/m3 LC","34","Visalia-W. Ashland Avenue","1","100.0000","88101","PM2.5 - Local Conditions","170","Met One BAM-1020 Mass Monitor w/VSCC","47300","Visalia-Porterville, CA","06","California","107","Tulare","36.30815","-119.3129"
"02/13/2025","AQS","061072003","3","2.9","ug/m3 LC","16","Visalia-W. Ashland Avenue","1","100.0000","88101","PM2.5 - Local Conditions","170","Met One BAM-1020 Mass Monitor w/VSCC","47300","Visalia-Porterville, CA","06","California","107","Tulare","36.30815","-119.3129"
"02/14/2025","AQS","061072003","3","3.8","ug/m3 LC","21","Visalia-W. Ashland Avenue","1","100.0000","88101","PM2.5 - Local Conditions","170","Met One BAM-1020 Mass Monitor w/VSCC","47300","Visalia-Porterville, CA","06","California","107","Tulare","36.30815","-119.3129"
"02/15/2025","AQS","061072003","3","11.3","ug/m3 LC","55","Visalia-W. Ashland Avenue","1","100.0000","88101","PM2.5 - Local Conditions","170","Met One BAM-1020 Mass Monitor w/VSCC","47300","Visalia-Porterville, CA","06","California","107","Tulare","36.30815","-119.3129"
"02/16/2025","AQS","061072003","3","11","ug/m3 LC","55","Visalia-W. Ashland Avenue","1","100.0000","88101","PM2.5 - Local Conditions","170","Met One BAM-1020 Mass Monitor w/VSCC","47300","Visalia-Porterville, CA","06","California","107","Tulare","36.30815","-119.3129"
"02/17/2025","AQS","061072003","3","12.7","ug/m3 LC","58","Visalia-W. Ashland Avenue","1","100.0000","88101","PM2.5 - Local Conditions","170","Met One BAM-1020 Mass Monitor w/VSCC","47300","Visalia-Porterville, CA","06","California","107","Tulare","36.30815","-119.3129"
"02/18/2025","AQS","061072003","3","10.3","ug/m3 LC","53","Visalia-W. Ashland Avenue","1","100.0000","88101","PM2.5 - Local Conditions","170","Met One BAM-1020 Mass Monitor w/VSCC","47300","Visalia-Porterville, CA","06","California","107","Tulare","36.30815","-119.3129"
"02/19/2025","AQS","061072003","3","10.6","ug/m3 LC","54","Visalia-W. Ashland Avenue","1","100.0000","88101","PM2.5 - Local Conditions","170","Met One BAM-1020 Mass Monitor w/VSCC","47300","Visalia-Porterville, CA","06","California","107","Tulare","36.30815","-119.3129"
"02/20/2025","AQS","061072003","3","11","ug/m3 LC","55","Visalia-W. Ashland Avenue","1","100.0000","88101","PM2.5 - Local Conditions","170","Met One BAM-1020 Mass Monitor w/VSCC","47300","Visalia-Porterville, CA","06","California","107","Tulare","36.30815","-119.3129"
"02/21/2025","AQS","061072003","3","13.5","ug/m3 LC","59","Visalia-W. Ashland Avenue","1","100.0000","88101","PM2.5 - Local Conditions","170","Met One BAM-1020 Mass Monitor w/VSCC","47300","Visalia-Porterville, CA","06","California","107","Tulare","36.30815","-119.3129"
"02/22/2025","AQS","061072003","3","18.4","ug/m3 LC","68","Visalia-W. Ashland Avenue","1","100.0000","88101","PM2.5 - Local Conditions","170","Met One BAM-1020 Mass Monitor w/VSCC","47300","Visalia-Porterville, CA","06","California","107","Tulare","36.30815","-119.3129"
"02/23/2025","AQS","061072003","3","14.3","ug/m3 LC","61","Visalia-W. Ashland Avenue","1","100.0000","88101","PM2.5 - Local Conditions","170","Met One BAM-1020 Mass Monitor w/VSCC","47300","Visalia-Porterville, CA","06","California","107","Tulare","36.30815","-119.3129"
"02/24/2025","AQS","061072003","3","10.7","ug/m3 LC","54","Visalia-W. Ashland Avenue","1","100.0000","88101","PM2.5 - Local Conditions","170","Met One BAM-1020 Mass Monitor w/VSCC","47300","Visalia-Porterville, CA","06","California","107","Tulare","36.30815","-119.3129"
"02/25/2025","AQS","061072003","3","10.2","ug/m3 LC","53","Visalia-W. Ashland Avenue","1","100.0000","88101","PM2.5 - Local Conditions","170","Met One BAM-1020 Mass Monitor w/VSCC","47300","Visalia-Porterville, CA","06","California","107","Tulare","36.30815","-119.3129"
"02/26/2025","AQS","061072003","3","15.7","ug/m3 LC","63","Visalia-W. Ashland Avenue","1","100.0000","88101","PM2.5 - Local Conditions","170","Met One BAM-1020 Mass Monitor w/VSCC","47300","Visalia-Porterville, CA","06","California","107","Tulare","36.30815","-119.3129"
"02/27/2025","AQS","061072003","3","14.7","ug/m3 LC","61","Visalia-W. Ashland Avenue","1","100.0000","88101","PM2.5 - Local Conditions","170","Met One BAM-1020 Mass Monitor w/VSCC","47300","Visalia-Porterville, CA","06","California","107","Tulare","36.30815","-119.3129"
"02/28/2025","AQS","061072003","3","9.5","ug/m3 LC","52","Visalia-W. Ashland Avenue","1","100.0000","88101","PM2.5 - Local Conditions","170","Met One BAM-1020 Mass Monitor w/VSCC","47300","Visalia-Porterville, CA","06","California","107","Tulare","36.30815","-119.3129"
"03/01/2025","AQS","061072003","3","8.2","ug/m3 LC","46","Visalia-W. Ashland Avenue","1","100.0000","88101","PM2.5 - Local Conditions","170","Met One BAM-1020 Mass Monitor w/VSCC","47300","Visalia-Porterville, CA","06","California","107","Tulare","36.30815","-119.3129"
"03/02/2025","AQS","061072003","3","3.2","ug/m3 LC","18","Visalia-W. Ashland Avenue","1","100.0000","88101","PM2.5 - Local Conditions","170","Met One BAM-1020 Mass Monitor w/VSCC","47300","Visalia-Porterville, CA","06","California","107","Tulare","36.30815","-119.3129"
"03/03/2025","AQS","061072003","3","3.6","ug/m3 LC","20","Visalia-W. Ashland Avenue","1","100.0000","88101","PM2.5 - Local Conditions","170","Met One BAM-1020 Mass Monitor w/VSCC","47300","Visalia-Porterville, CA","06","California","107","Tulare","36.30815","-119.3129"
"03/04/2025","AQS","061072003","3","6.2","ug/m3 LC","34","Visalia-W. Ashland Avenue","1","100.0000","88101","PM2.5 - Local Conditions","170","Met One BAM-1020 Mass Monitor w/VSCC","47300","Visalia-Porterville, CA","06","California","107","Tulare","36.30815","-119.3129"
"03/05/2025","AQS","061072003","3","6","ug/m3 LC","33","Visalia-W. Ashland Avenue","1","100.0000","88101","PM2.5 - Local Conditions","170","Met One BAM-1020 Mass Monitor w/VSCC","47300","Visalia-Porterville, CA","06","California","107","Tulare","36.30815","-119.3129"
"03/07/2025","AQS","061072003","3","7.1","ug/m3 LC","39","Visalia-W. Ashland Avenue","1","100.0000","88101","PM2.5 - Local Conditions","170","Met One BAM-1020 Mass Monitor w/VSCC","47300","Visalia-Porterville, CA","06","California","107","Tulare","36.30815","-119.3129"
"03/08/2025","AQS","061072003","3","6.3","ug/m3 LC","35","Visalia-W. Ashland Avenue","1","100.0000","88101","PM2.5 - Local Conditions","170","Met One BAM-1020 Mass Monitor w/VSCC","47300","Visalia-Porterville, CA","06","California","107","Tulare","36.30815","-119.3129"
"03/09/2025","AQS","061072003","3","4.3","ug/m3 LC","24","Visalia-W. Ashland Avenue","1","100.0000","88101","PM2.5 - Local Conditions","170","Met One BAM-1020 Mass Monitor w/VSCC","47300","Visalia-Porterville, CA","06","California","107","Tulare","36.30815","-119.3129"
"03/10/2025","AQS","061072003","3","5.9","ug/m3 LC","33","Visalia-W. Ashland Avenue","1","100.0000","88101","PM2.5 - Local Conditions","170","Met One BAM-1020 Mass Monitor w/VSCC","47300","Visalia-Porterville, CA","06","California","107","Tulare","36.30815","-119.3129"
"03/11/2025","AQS","061072003","3","5.6","ug/m3 LC","31","Visalia-W. Ashland Avenue","1","100.0000","88101","PM2.5 - Local Conditions","170","Met One BAM-1020 Mass Monitor w/VSCC","47300","Visalia-Porterville, CA","06","California","107","Tulare","36.30815","-119.3129"
"03/12/2025","AQS","061072003","3","3.3","ug/m3 LC","18","Visalia-W. Ashland Avenue","1","100.0000","88101","PM2.5 - Local Conditions","170","Met One BAM-1020 Mass Monitor w/VSCC","47300","Visalia-Porterville, CA","06","California","107","Tulare","36.30815","-119.3129"
"03/13/2025","AQS","061072003","3","2","ug/m3 LC","11","Visalia-W. Ashland Avenue","1","100.0000","88101","PM2.5 - Local Conditions","170","Met One BAM-1020 Mass Monitor w/VSCC","47300","Visalia-Porterville, CA","06","California","107","Tulare","36.30815","-119.3129"
"03/14/2025","AQS","061072003","3","4.1","ug/m3 LC","23","Visalia-W. Ashland Avenue","1","100.0000","88101","PM2.5 - Local Conditions","170","Met One BAM-1020 Mass Monitor w/VSCC","47300","Visalia-Porterville, CA","06","California","107","Tulare","36.30815","-119.3129"
"03/15/2025","AQS","061072003","3","7.6","ug/m3 LC","42","Visalia-W. Ashland Avenue","1","100.0000","88101","PM2.5 - Local Conditions","170","Met One BAM-1020 Mass Monitor w/VSCC","47300","Visalia-Porterville, CA","06","California","107","Tulare","36.30815","-119.3129"
"03/16/2025","AQS","061072003","3","6.2","ug/m3 LC","34","Visalia-W. Ashland Avenue","1","100.0000","88101","PM2.5 - Local Conditions","170","Met One BAM-1020 Mass Monitor w/VSCC","47300","Visalia-Porterville, CA","06","California","107","Tulare","36.30815","-119.3129"
"03/17/2025","AQS","061072003","3","4.4","ug/m3 LC","24","Visalia-W. Ashland Avenue","1","100.0000","88101","PM2.5 - Local Conditions","170","Met One BAM-1020 Mass Monitor w/VSCC","47300","Visalia-Porterville, CA","06","California","107","Tulare","36.30815","-119.3129"
"03/18/2025","AQS","061072003","3","3.2","ug/m3 LC","18","Visalia-W. Ashland Avenue","1","100.0000","88101","PM2.5 - Local Conditions","170","Met One BAM-1020 Mass Monitor w/VSCC","47300","Visalia-Porterville, CA","06","California","107","Tulare","36.30815","-119.3129"
"03/19/2025","AQS","061072003","3","7.1","ug/m3 LC","39","Visalia-W. Ashland Avenue","1","100.0000","88101","PM2.5 - Local Conditions","170","Met One BAM-1020 Mass Monitor w/VSCC","47300","Visalia-Porterville, CA","06","California","107","Tulare","36.30815","-119.3129"
"03/20/2025","AQS","061072003","3","3","ug/m3 LC","17","Visalia-W. Ashland Avenue","1","100.0000","88101","PM2.5 - Local Conditions","170","Met One BAM-1020 Mass Monitor w/VSCC","47300","Visalia-Porterville, CA","06","California","107","Tulare","36.30815","-119.3129"
"03/21/2025","AQS","061072003","3","6.7","ug/m3 LC","37","Visalia-W. Ashland Avenue","1","100.0000","88101","PM2.5 - Local Conditions","170","Met One BAM-1020 Mass Monitor w/VSCC","47300","Visalia-Porterville, CA","06","California","107","Tulare","36.30815","-119.3129"
"03/22/2025","AQS","061072003","3","5","ug/m3 LC","28","Visalia-W. Ashland Avenue","1","100.0000","88101","PM2.5 - Local Conditions","170","Met One BAM-1020 Mass Monitor w/VSCC","47300","Visalia-Porterville, CA","06","California","107","Tulare","36.30815","-119.3129"
"03/23/2025","AQS","061072003","3","7.7","ug/m3 LC","43","Visalia-W. Ashland Avenue","1","100.0000","88101","PM2.5 - Local Conditions","170","Met One BAM-1020 Mass Monitor w/VSCC","47300","Visalia-Porterville, CA","06","California","107","Tulare","36.30815","-119.3129"
"03/24/2025","AQS","061072003","3","11.4","ug/m3 LC","55","Visalia-W. Ashland Avenue","1","100.0000","88101","PM2.5 - Local Conditions","170","Met One BAM-1020 Mass Monitor w/VSCC","47300","Visalia-Porterville, CA","06","California","107","Tulare","36.30815","-119.3129"
"03/25/2025","AQS","061072003","3","11.7","ug/m3 LC","56","Visalia-W. Ashland Avenue","1","100.0000","88101","PM2.5 - Local Conditions","170","Met One BAM-1020 Mass Monitor w/VSCC","47300","Visalia-Porterville, CA","06","California","107","Tulare","36.30815","-119.3129"
"03/26/2025","AQS","061072003","3","4.4","ug/m3 LC","24","Visalia-W. Ashland Avenue","1","100.0000","88101","PM2.5 - Local Conditions","170","Met One BAM-1020 Mass Monitor w/VSCC","47300","Visalia-Porterville, CA","06","California","107","Tulare","36.30815","-119.3129"
"03/27/2025","AQS","061072003","3","4.1","ug/m3 LC","23","Visalia-W. Ashland Avenue","1","100.0000","88101","PM2.5 - Local Conditions","170","Met One BAM-1020 Mass Monitor w/VSCC","47300","Visalia-Porterville, CA","06","California","107","Tulare","36.30815","-119.3129"
"03/28/2025","AQS","061072003","3","3.8","ug/m3 LC","21","Visalia-W. Ashland Avenue","1","100.0000","88101","PM2.5 - Local Conditions","170","Met One BAM-1020 Mass Monitor w/VSCC","47300","Visalia-Porterville, CA","06","California","107","Tulare","36.30815","-119.3129"
"03/29/2025","AQS","061072003","3","5","ug/m3 LC","28","Visalia-W. Ashland Avenue","1","100.0000","88101","PM2.5 - Local Conditions","170","Met One BAM-1020 Mass Monitor w/VSCC","47300","Visalia-Porterville, CA","06","California","107","Tulare","36.30815","-119.3129"
"03/30/2025","AQS","061072003","3","4.1","ug/m3 LC","23","Visalia-W. Ashland Avenue","1","100.0000","88101","PM2.5 - Local Conditions","170","Met One BAM-1020 Mass Monitor w/VSCC","47300","Visalia-Porterville, CA","06","California","107","Tulare","36.30815","-119.3129"
"03/31/2025","AQS","061072003","3","2.7","ug/m3 LC","15","Visalia-W. Ashland Avenue","1","100.0000","88101","PM2.5 - Local Conditions","170","Met One BAM-1020 Mass Monitor w/VSCC","47300","Visalia-Porterville, CA","06","California","107","Tulare","36.30815","-119.3129"
"04/01/2025","AQS","061072003","3","3.4","ug/m3 LC","19","Visalia-W. Ashland Avenue","1","100.0000","88101","PM2.5 - Local Conditions","170","Met One BAM-1020 Mass Monitor w/VSCC","47300","Visalia-Porterville, CA","06","California","107","Tulare","36.30815","-119.3129"
"04/02/2025","AQS","061072003","3","2.6","ug/m3 LC","14","Visalia-W. Ashland Avenue","1","100.0000","88101","PM2.5 - Local Conditions","170","Met One BAM-1020 Mass Monitor w/VSCC","47300","Visalia-Porterville, CA","06","California","107","Tulare","36.30815","-119.3129"
"04/03/2025","AQS","061072003","3","4.8","ug/m3 LC","27","Visalia-W. Ashland Avenue","1","100.0000","88101","PM2.5 - Local Conditions","170","Met One BAM-1020 Mass Monitor w/VSCC","47300","Visalia-Porterville, CA","06","California","107","Tulare","36.30815","-119.3129"
"04/04/2025","AQS","061072003","3","7.2","ug/m3 LC","40","Visalia-W. Ashland Avenue","1","100.0000","88101","PM2.5 - Local Conditions","170","Met One BAM-1020 Mass Monitor w/VSCC","47300","Visalia-Porterville, CA","06","California","107","Tulare","36.30815","-119.3129"
"04/05/2025","AQS","061072003","3","7.8","ug/m3 LC","43","Visalia-W. Ashland Avenue","1","100.0000","88101","PM2.5 - Local Conditions","170","Met One BAM-1020 Mass Monitor w/VSCC","47300","Visalia-Porterville, CA","06","California","107","Tulare","36.30815","-119.3129"
"04/06/2025","AQS","061072003","3","8.2","ug/m3 LC","46","Visalia-W. Ashland Avenue","1","100.0000","88101","PM2.5 - Local Conditions","170","Met One BAM-1020 Mass Monitor w/VSCC","47300","Visalia-Porterville, CA","06","California","107","Tulare","36.30815","-119.3129"
"04/07/2025","AQS","061072003","3","8","ug/m3 LC","44","Visalia-W. Ashland Avenue","1","100.0000","88101","PM2.5 - Local Conditions","170","Met One BAM-1020 Mass Monitor w/VSCC","47300","Visalia-Porterville, CA","06","California","107","Tulare","36.30815","-119.3129"
"04/08/2025","AQS","061072003","3","5.6","ug/m3 LC","31","Visalia-W. Ashland Avenue","1","100.0000","88101","PM2.5 - Local Conditions","170","Met One BAM-1020 Mass Monitor w/VSCC","47300","Visalia-Porterville, CA","06","California","107","Tulare","36.30815","-119.3129"
"04/09/2025","AQS","061072003","3","8","ug/m3 LC","44","Visalia-W. Ashland Avenue","1","100.0000","88101","PM2.5 - Local Conditions","170","Met One BAM-1020 Mass Monitor w/VSCC","47300","Visalia-Porterville, CA","06","California","107","Tulare","36.30815","-119.3129"
"04/10/2025","AQS","061072003","3","14.4","ug/m3 LC","61","Visalia-W. Ashland Avenue","1","100.0000","88101","PM2.5 - Local Conditions","170","Met One BAM-1020 Mass Monitor w/VSCC","47300","Visalia-Porterville, CA","06","California","107","Tulare","36.30815","-119.3129"
"04/11/2025","AQS","061072003","3","8.5","ug/m3 LC","47","Visalia-W. Ashland Avenue","1","100.0000","88101","PM2.5 - Local Conditions","170","Met One BAM-1020 Mass Monitor w/VSCC","47300","Visalia-Porterville, CA","06","California","107","Tulare","36.30815","-119.3129"
"04/12/2025","AQS","061072003","3","5.6","ug/m3 LC","31","Visalia-W. Ashland Avenue","1","100.0000","88101","PM2.5 - Local Conditions","170","Met One BAM-1020 Mass Monitor w/VSCC","47300","Visalia-Porterville, CA","06","California","107","Tulare","36.30815","-119.3129"
"04/13/2025","AQS","061072003","3","7.5","ug/m3 LC","42","Visalia-W. Ashland Avenue","1","100.0000","88101","PM2.5 - Local Conditions","170","Met One BAM-1020 Mass Monitor w/VSCC","47300","Visalia-Porterville, CA","06","California","107","Tulare","36.30815","-119.3129"
"04/14/2025","AQS","061072003","3","13.3","ug/m3 LC","59","Visalia-W. Ashland Avenue","1","100.0000","88101","PM2.5 - Local Conditions","170","Met One BAM-1020 Mass Monitor w/VSCC","47300","Visalia-Porterville, CA","06","California","107","Tulare","36.30815","-119.3129"
"04/15/2025","AQS","061072003","3","9.6","ug/m3 LC","52","Visalia-W. Ashland Avenue","1","100.0000","88101","PM2.5 - Local Conditions","170","Met One BAM-1020 Mass Monitor w/VSCC","47300","Visalia-Porterville, CA","06","California","107","Tulare","36.30815","-119.3129"
"04/16/2025","AQS","061072003","3","10.8","ug/m3 LC","54","Visalia-W. Ashland Avenue","1","100.0000","88101","PM2.5 - Local Conditions","170","Met One BAM-1020 Mass Monitor w/VSCC","47300","Visalia-Porterville, CA","06","California","107","Tulare","36.30815","-119.3129"
"04/17/2025","AQS","061072003","3","10.2","ug/m3 LC","53","Visalia-W. Ashland Avenue","1","100.0000","88101","PM2.5 - Local Conditions","170","Met One BAM-1020 Mass Monitor w/VSCC","47300","Visalia-Porterville, CA","06","California","107","Tulare","36.30815","-119.3129"
"04/18/2025","AQS","061072003","3","9.4","ug/m3 LC","52","Visalia-W. Ashland Avenue","1","100.0000","88101","PM2.5 - Local Conditions","170","Met One BAM-1020 Mass Monitor w/VSCC","47300","Visalia-Porterville, CA","06","California","107","Tulare","36.30815","-119.3129"
"04/19/2025","AQS","061072003","3","11","ug/m3 LC","55","Visalia-W. Ashland Avenue","1","100.0000","88101","PM2.5 - Local Conditions","170","Met One BAM-1020 Mass Monitor w/VSCC","47300","Visalia-Porterville, CA","06","California","107","Tulare","36.30815","-119.3129"
"04/20/2025","AQS","061072003","3","11.1","ug/m3 LC","55","Visalia-W. Ashland Avenue","1","100.0000","88101","PM2.5 - Local Conditions","170","Met One BAM-1020 Mass Monitor w/VSCC","47300","Visalia-Porterville, CA","06","California","107","Tulare","36.30815","-119.3129"
"04/21/2025","AQS","061072003","3","9.8","ug/m3 LC","52","Visalia-W. Ashland Avenue","1","100.0000","88101","PM2.5 - Local Conditions","170","Met One BAM-1020 Mass Monitor w/VSCC","47300","Visalia-Porterville, CA","06","California","107","Tulare","36.30815","-119.3129"
"04/22/2025","AQS","061072003","3","8.6","ug/m3 LC","48","Visalia-W. Ashland Avenue","1","100.0000","88101","PM2.5 - Local Conditions","170","Met One BAM-1020 Mass Monitor w/VSCC","47300","Visalia-Porterville, CA","06","California","107","Tulare","36.30815","-119.3129"
"04/23/2025","AQS","061072003","3","7.2","ug/m3 LC","40","Visalia-W. Ashland Avenue","1","100.0000","88101","PM2.5 - Local Conditions","170","Met One BAM-1020 Mass Monitor w/VSCC","47300","Visalia-Porterville, CA","06","California","107","Tulare","36.30815","-119.3129"
"04/24/2025","AQS","061072003","3","10.5","ug/m3 LC","54","Visalia-W. Ashland Avenue","1","100.0000","88101","PM2.5 - Local Conditions","170","Met One BAM-1020 Mass Monitor w/VSCC","47300","Visalia-Porterville, CA","06","California","107","Tulare","36.30815","-119.3129"
"04/25/2025","AQS","061072003","3","6.5","ug/m3 LC","36","Visalia-W. Ashland Avenue","1","100.0000","88101","PM2.5 - Local Conditions","170","Met One BAM-1020 Mass Monitor w/VSCC","47300","Visalia-Porterville, CA","06","California","107","Tulare","36.30815","-119.3129"
"04/26/2025","AQS","061072003","3","4.7","ug/m3 LC","26","Visalia-W. Ashland Avenue","1","100.0000","88101","PM2.5 - Local Conditions","170","Met One BAM-1020 Mass Monitor w/VSCC","47300","Visalia-Porterville, CA","06","California","107","Tulare","36.30815","-119.3129"
"04/27/2025","AQS","061072003","3","3.2","ug/m3 LC","18","Visalia-W. Ashland Avenue","1","100.0000","88101","PM2.5 - Local Conditions","170","Met One BAM-1020 Mass Monitor w/VSCC","47300","Visalia-Porterville, CA","06","California","107","Tulare","36.30815","-119.3129"
"04/28/2025","AQS","061072003","3","6.8","ug/m3 LC","38","Visalia-W. Ashland Avenue","1","100.0000","88101","PM2.5 - Local Conditions","170","Met One BAM-1020 Mass Monitor w/VSCC","47300","Visalia-Porterville, CA","06","California","107","Tulare","36.30815","-119.3129"
"04/29/2025","AQS","061072003","3","10.1","ug/m3 LC","53","Visalia-W. Ashland Avenue","1","100.0000","88101","PM2.5 - Local Conditions","170","Met One BAM-1020 Mass Monitor w/VSCC","47300","Visalia-Porterville, CA","06","California","107","Tulare","36.30815","-119.3129"
"04/30/2025","AQS","061072003","3","10.5","ug/m3 LC","54","Visalia-W. Ashland Avenue","1","100.0000","88101","PM2.5 - Local Conditions","170","Met One BAM-1020 Mass Monitor w/VSCC","47300","Visalia-Porterville, CA","06","California","107","Tulare","36.30815","-119.3129"
"05/01/2025","AQS","061072003","3","9.5","ug/m3 LC","52","Visalia-W. Ashland Avenue","1","100.0000","88101","PM2.5 - Local Conditions","170","Met One BAM-1020 Mass Monitor w/VSCC","47300","Visalia-Porterville, CA","06","California","107","Tulare","36.30815","-119.3129"
"05/02/2025","AQS","061072003","3","11.3","ug/m3 LC","55","Visalia-W. Ashland Avenue","1","100.0000","88101","PM2.5 - Local Conditions","170","Met One BAM-1020 Mass Monitor w/VSCC","47300","Visalia-Porterville, CA","06","California","107","Tulare","36.30815","-119.3129"
"05/03/2025","AQS","061072003","3","5.7","ug/m3 LC","32","Visalia-W. Ashland Avenue","1","100.0000","88101","PM2.5 - Local Conditions","170","Met One BAM-1020 Mass Monitor w/VSCC","47300","Visalia-Porterville, CA","06","California","107","Tulare","36.30815","-119.3129"
"05/04/2025","AQS","061072003","3","9.1","ug/m3 LC","51","Visalia-W. Ashland Avenue","1","100.0000","88101","PM2.5 - Local Conditions","170","Met One BAM-1020 Mass Monitor w/VSCC","47300","Visalia-Porterville, CA","06","California","107","Tulare","36.30815","-119.3129"
"05/05/2025","AQS","061072003","3","9.8","ug/m3 LC","52","Visalia-W. Ashland Avenue","1","100.0000","88101","PM2.5 - Local Conditions","170","Met One BAM-1020 Mass Monitor w/VSCC","47300","Visalia-Porterville, CA","06","California","107","Tulare","36.30815","-119.3129"
"05/06/2025","AQS","061072003","3","8.4","ug/m3 LC","47","Visalia-W. Ashland Avenue","1","100.0000","88101","PM2.5 - Local Conditions","170","Met One BAM-1020 Mass Monitor w/VSCC","47300","Visalia-Porterville, CA","06","California","107","Tulare","36.30815","-119.3129"
"05/07/2025","AQS","061072003","3","8.6","ug/m3 LC","48","Visalia-W. Ashland Avenue","1","100.0000","88101","PM2.5 - Local Conditions","170","Met One BAM-1020 Mass Monitor w/VSCC","47300","Visalia-Porterville, CA","06","California","107","Tulare","36.30815","-119.3129"
"05/08/2025","AQS","061072003","3","13.7","ug/m3 LC","60","Visalia-W. Ashland Avenue","1","100.0000","88101","PM2.5 - Local Conditions","170","Met One BAM-1020 Mass Monitor w/VSCC","47300","Visalia-Porterville, CA","06","California","107","Tulare","36.30815","-119.3129"
"05/09/2025","AQS","061072003","3","14.1","ug/m3 LC","60","Visalia-W. Ashland Avenue","1","100.0000","88101","PM2.5 - Local Conditions","170","Met One BAM-1020 Mass Monitor w/VSCC","47300","Visalia-Porterville, CA","06","California","107","Tulare","36.30815","-119.3129"
"05/10/2025","AQS","061072003","3","11.5","ug/m3 LC","55","Visalia-W. Ashland Avenue","1","100.0000","88101","PM2.5 - Local Conditions","170","Met One BAM-1020 Mass Monitor w/VSCC","47300","Visalia-Porterville, CA","06","California","107","Tulare","36.30815","-119.3129"
"05/11/2025","AQS","061072003","3","4","ug/m3 LC","22","Visalia-W. Ashland Avenue","1","100.0000","88101","PM2.5 - Local Conditions","170","Met One BAM-1020 Mass Monitor w/VSCC","47300","Visalia-Porterville, CA","06","California","107","Tulare","36.30815","-119.3129"
"05/12/2025","AQS","061072003","3","4.4","ug/m3 LC","24","Visalia-W. Ashland Avenue","1","100.0000","88101","PM2.5 - Local Conditions","170","Met One BAM-1020 Mass Monitor w/VSCC","47300","Visalia-Porterville, CA","06","California","107","Tulare","36.30815","-119.3129"
"05/13/2025","AQS","061072003","3","4.4","ug/m3 LC","24","Visalia-W. Ashland Avenue","1","100.0000","88101","PM2.5 - Local Conditions","170","Met One BAM-1020 Mass Monitor w/VSCC","47300","Visalia-Porterville, CA","06","California","107","Tulare","36.30815","-119.3129"
"05/14/2025","AQS","061072003","3","5","ug/m3 LC","28","Visalia-W. Ashland Avenue","1","100.0000","88101","PM2.5 - Local Conditions","170","Met One BAM-1020 Mass Monitor w/VSCC","47300","Visalia-Porterville, CA","06","California","107","Tulare","36.30815","-119.3129"
"05/15/2025","AQS","061072003","3","7.7","ug/m3 LC","43","Visalia-W. Ashland Avenue","1","100.0000","88101","PM2.5 - Local Conditions","170","Met One BAM-1020 Mass Monitor w/VSCC","47300","Visalia-Porterville, CA","06","California","107","Tulare","36.30815","-119.3129"
"05/16/2025","AQS","061072003","3","8.1","ug/m3 LC","45","Visalia-W. Ashland Avenue","1","100.0000","88101","PM2.5 - Local Conditions","170","Met One BAM-1020 Mass Monitor w/VSCC","47300","Visalia-Porterville, CA","06","California","107","Tulare","36.30815","-119.3129"
"05/17/2025","AQS","061072003","3","6.8","ug/m3 LC","38","Visalia-W. Ashland Avenue","1","100.0000","88101","PM2.5 - Local Conditions","170","Met One BAM-1020 Mass Monitor w/VSCC","47300","Visalia-Porterville, CA","06","California","107","Tulare","36.30815","-119.3129"
"05/18/2025","AQS","061072003","3","5.3","ug/m3 LC","29","Visalia-W. Ashland Avenue","1","100.0000","88101","PM2.5 - Local Conditions","170","Met One BAM-1020 Mass Monitor w/VSCC","47300","Visalia-Porterville, CA","06","California","107","Tulare","36.30815","-119.3129"
"05/19/2025","AQS","061072003","3","8.8","ug/m3 LC","49","Visalia-W. Ashland Avenue","1","100.0000","88101","PM2.5 - Local Conditions","170","Met One BAM-1020 Mass Monitor w/VSCC","47300","Visalia-Porterville, CA","06","California","107","Tulare","36.30815","-119.3129"
"05/20/2025","AQS","061072003","3","6.5","ug/m3 LC","36","Visalia-W. Ashland Avenue","1","100.0000","88101","PM2.5 - Local Conditions","170","Met One BAM-1020 Mass Monitor w/VSCC","47300","Visalia-Porterville, CA","06","California","107","Tulare","36.30815","-119.3129"
"05/21/2025","AQS","061072003","3","8.5","ug/m3 LC","47","Visalia-W. Ashland Avenue","1","100.0000","88101","PM2.5 - Local Conditions","170","Met One BAM-1020 Mass Monitor w/VSCC","47300","Visalia-Porterville, CA","06","California","107","Tulare","36.30815","-119.3129"
"05/22/2025","AQS","061072003","3","7.8","ug/m3 LC","43","Visalia-W. Ashland Avenue","1","100.0000","88101","PM2.5 - Local Conditions","170","Met One BAM-1020 Mass Monitor w/VSCC","47300","Visalia-Porterville, CA","06","California","107","Tulare","36.30815","-119.3129"
"05/23/2025","AQS","061072003","3","4","ug/m3 LC","22","Visalia-W. Ashland Avenue","1","100.0000","88101","PM2.5 - Local Conditions","170","Met One BAM-1020 Mass Monitor w/VSCC","47300","Visalia-Porterville, CA","06","California","107","Tulare","36.30815","-119.3129"
"05/24/2025","AQS","061072003","3","5.8","ug/m3 LC","32","Visalia-W. Ashland Avenue","1","100.0000","88101","PM2.5 - Local Conditions","170","Met One BAM-1020 Mass Monitor w/VSCC","47300","Visalia-Porterville, CA","06","California","107","Tulare","36.30815","-119.3129"
"05/25/2025","AQS","061072003","3","8","ug/m3 LC","44","Visalia-W. Ashland Avenue","1","100.0000","88101","PM2.5 - Local Conditions","170","Met One BAM-1020 Mass Monitor w/VSCC","47300","Visalia-Porterville, CA","06","California","107","Tulare","36.30815","-119.3129"
"05/26/2025","AQS","061072003","3","4.4","ug/m3 LC","24","Visalia-W. Ashland Avenue","1","100.0000","88101","PM2.5 - Local Conditions","170","Met One BAM-1020 Mass Monitor w/VSCC","47300","Visalia-Porterville, CA","06","California","107","Tulare","36.30815","-119.3129"
"05/27/2025","AQS","061072003","3","6.3","ug/m3 LC","35","Visalia-W. Ashland Avenue","1","100.0000","88101","PM2.5 - Local Conditions","170","Met One BAM-1020 Mass Monitor w/VSCC","47300","Visalia-Porterville, CA","06","California","107","Tulare","36.30815","-119.3129"
"05/28/2025","AQS","061072003","3","10.3","ug/m3 LC","53","Visalia-W. Ashland Avenue","1","100.0000","88101","PM2.5 - Local Conditions","170","Met One BAM-1020 Mass Monitor w/VSCC","47300","Visalia-Porterville, CA","06","California","107","Tulare","36.30815","-119.3129"
"05/29/2025","AQS","061072003","3","7.2","ug/m3 LC","40","Visalia-W. Ashland Avenue","1","100.0000","88101","PM2.5 - Local Conditions","170","Met One BAM-1020 Mass Monitor w/VSCC","47300","Visalia-Porterville, CA","06","California","107","Tulare","36.30815","-119.3129"
"05/30/2025","AQS","061072003","3","14.8","ug/m3 LC","62","Visalia-W. Ashland Avenue","1","100.0000","88101","PM2.5 - Local Conditions","170","Met One BAM-1020 Mass Monitor w/VSCC","47300","Visalia-Porterville, CA","06","California","107","Tulare","36.30815","-119.3129"
"05/31/2025","AQS","061072003","3","17.7","ug/m3 LC","67","Visalia-W. Ashland Avenue","1","100.0000","88101","PM2.5 - Local Conditions","170","Met One BAM-1020 Mass Monitor w/VSCC","47300","Visalia-Porterville, CA","06","California","107","Tulare","36.30815","-119.3129"
"06/01/2025","AQS","061072003","3","7.2","ug/m3 LC","40","Visalia-W. Ashland Avenue","1","100.0000","88101","PM2.5 - Local Conditions","170","Met One BAM-1020 Mass Monitor w/VSCC","47300","Visalia-Porterville, CA","06","California","107","Tulare","36.30815","-119.3129"
"06/02/2025","AQS","061072003","3","10.1","ug/m3 LC","53","Visalia-W. Ashland Avenue","1","100.0000","88101","PM2.5 - Local Conditions","170","Met One BAM-1020 Mass Monitor w/VSCC","47300","Visalia-Porterville, CA","06","California","107","Tulare","36.30815","-119.3129"
"06/03/2025","AQS","061072003","3","11.7","ug/m3 LC","56","Visalia-W. Ashland Avenue","1","100.0000","88101","PM2.5 - Local Conditions","170","Met One BAM-1020 Mass Monitor w/VSCC","47300","Visalia-Porterville, CA","06","California","107","Tulare","36.30815","-119.3129"
"06/04/2025","AQS","061072003","3","12.9","ug/m3 LC","58","Visalia-W. Ashland Avenue","1","100.0000","88101","PM2.5 - Local Conditions","170","Met One BAM-1020 Mass Monitor w/VSCC","47300","Visalia-Porterville, CA","06","California","107","Tulare","36.30815","-119.3129"
"06/05/2025","AQS","061072003","3","11.5","ug/m3 LC","55","Visalia-W. Ashland Avenue","1","100.0000","88101","PM2.5 - Local Conditions","170","Met One BAM-1020 Mass Monitor w/VSCC","47300","Visalia-Porterville, CA","06","California","107","Tulare","36.30815","-119.3129"
"06/06/2025","AQS","061072003","3","11.8","ug/m3 LC","56","Visalia-W. Ashland Avenue","1","100.0000","88101","PM2.5 - Local Conditions","170","Met One BAM-1020 Mass Monitor w/VSCC","47300","Visalia-Porterville, CA","06","California","107","Tulare","36.30815","-119.3129"
"06/07/2025","AQS","061072003","3","11.4","ug/m3 LC","55","Visalia-W. Ashland Avenue","1","100.0000","88101","PM2.5 - Local Conditions","170","Met One BAM-1020 Mass Monitor w/VSCC","47300","Visalia-Porterville, CA","06","California","107","Tulare","36.30815","-119.3129"
"06/08/2025","AQS","061072003","3","7.7","ug/m3 LC","43","Visalia-W. Ashland Avenue","1","100.0000","88101","PM2.5 - Local Conditions","170","Met One BAM-1020 Mass Monitor w/VSCC","47300","Visalia-Porterville, CA","06","California","107","Tulare","36.30815","-119.3129"
"06/09/2025","AQS","061072003","3","9.8","ug/m3 LC","52","Visalia-W. Ashland Avenue","1","100.0000","88101","PM2.5 - Local Conditions","170","Met One BAM-1020 Mass Monitor w/VSCC","47300","Visalia-Porterville, CA","06","California","107","Tulare","36.30815","-119.3129"
"06/10/2025","AQS","061072003","3","9","ug/m3 LC","50","Visalia-W. Ashland Avenue","1","100.0000","88101","PM2.5 - Local Conditions","170","Met One BAM-1020 Mass Monitor w/VSCC","47300","Visalia-Porterville, CA","06","California","107","Tulare","36.30815","-119.3129"
"06/11/2025","AQS","061072003","3","7.2","ug/m3 LC","40","Visalia-W. Ashland Avenue","1","100.0000","88101","PM2.5 - Local Conditions","170","Met One BAM-1020 Mass Monitor w/VSCC","47300","Visalia-Porterville, CA","06","California","107","Tulare","36.30815","-119.3129"
"06/12/2025","AQS","061072003","3","9.4","ug/m3 LC","52","Visalia-W. Ashland Avenue","1","100.0000","88101","PM2.5 - Local Conditions","170","Met One BAM-1020 Mass Monitor w/VSCC","47300","Visalia-Porterville, CA","06","California","107","Tulare","36.30815","-119.3129"
"06/13/2025","AQS","061072003","3","7.4","ug/m3 LC","41","Visalia-W. Ashland Avenue","1","100.0000","88101","PM2.5 - Local Conditions","170","Met One BAM-1020 Mass Monitor w/VSCC","47300","Visalia-Porterville, CA","06","California","107","Tulare","36.30815","-119.3129"
"06/14/2025","AQS","061072003","3","6.8","ug/m3 LC","38","Visalia-W. Ashland Avenue","1","100.0000","88101","PM2.5 - Local Conditions","170","Met One BAM-1020 Mass Monitor w/VSCC","47300","Visalia-Porterville, CA","06","California","107","Tulare","36.30815","-119.3129"
"06/15/2025","AQS","061072003","3","8","ug/m3 LC","44","Visalia-W. Ashland Avenue","1","100.0000","88101","PM2.5 - Local Conditions","170","Met One BAM-1020 Mass Monitor w/VSCC","47300","Visalia-Porterville, CA","06","California","107","Tulare","36.30815","-119.3129"
"06/16/2025","AQS","061072003","3","8.4","ug/m3 LC","47","Visalia-W. Ashland Avenue","1","100.0000","88101","PM2.5 - Local Conditions","170","Met One BAM-1020 Mass Monitor w/VSCC","47300","Visalia-Porterville, CA","06","California","107","Tulare","36.30815","-119.3129"
"06/17/2025","AQS","061072003","3","9.2","ug/m3 LC","51","Visalia-W. Ashland Avenue","1","100.0000","88101","PM2.5 - Local Conditions","170","Met One BAM-1020 Mass Monitor w/VSCC","47300","Visalia-Porterville, CA","06","California","107","Tulare","36.30815","-119.3129"
"06/18/2025","AQS","061072003","3","12.9","ug/m3 LC","58","Visalia-W. Ashland Avenue","1","100.0000","88101","PM2.5 - Local Conditions","170","Met One BAM-1020 Mass Monitor w/VSCC","47300","Visalia-Porterville, CA","06","California","107","Tulare","36.30815","-119.3129"
"06/19/2025","AQS","061072003","3","13.2","ug/m3 LC","59","Visalia-W. Ashland Avenue","1","100.0000","88101","PM2.5 - Local Conditions","170","Met One BAM-1020 Mass Monitor w/VSCC","47300","Visalia-Porterville, CA","06","California","107","Tulare","36.30815","-119.3129"
"06/20/2025","AQS","061072003","3","6.6","ug/m3 LC","37","Visalia-W. Ashland Avenue","1","100.0000","88101","PM2.5 - Local Conditions","170","Met One BAM-1020 Mass Monitor w/VSCC","47300","Visalia-Porterville, CA","06","California","107","Tulare","36.30815","-119.3129"
"06/21/2025","AQS","061072003","3","7","ug/m3 LC","39","Visalia-W. Ashland Avenue","1","100.0000","88101","PM2.5 - Local Conditions","170","Met One BAM-1020 Mass Monitor w/VSCC","47300","Visalia-Porterville, CA","06","California","107","Tulare","36.30815","-119.3129"
"06/22/2025","AQS","061072003","3","4.7","ug/m3 LC","26","Visalia-W. Ashland Avenue","1","100.0000","88101","PM2.5 - Local Conditions","170","Met One BAM-1020 Mass Monitor w/VSCC","47300","Visalia-Porterville, CA","06","California","107","Tulare","36.30815","-119.3129"
"06/23/2025","AQS","061072003","3","5.1","ug/m3 LC","28","Visalia-W. Ashland Avenue","1","100.0000","88101","PM2.5 - Local Conditions","170","Met One BAM-1020 Mass Monitor w/VSCC","47300","Visalia-Porterville, CA","06","California","107","Tulare","36.30815","-119.3129"
"06/24/2025","AQS","061072003","3","11","ug/m3 LC","55","Visalia-W. Ashland Avenue","1","100.0000","88101","PM2.5 - Local Conditions","170","Met One BAM-1020 Mass Monitor w/VSCC","47300","Visalia-Porterville, CA","06","California","107","Tulare","36.30815","-119.3129"
"06/25/2025","AQS","061072003","3","12.5","ug/m3 LC","57","Visalia-W. Ashland Avenue","1","100.0000","88101","PM2.5 - Local Conditions","170","Met One BAM-1020 Mass Monitor w/VSCC","47300","Visalia-Porterville, CA","06","California","107","Tulare","36.30815","-119.3129"
"06/26/2025","AQS","061072003","3","11.3","ug/m3 LC","55","Visalia-W. Ashland Avenue","1","100.0000","88101","PM2.5 - Local Conditions","170","Met One BAM-1020 Mass Monitor w/VSCC","47300","Visalia-Porterville, CA","06","California","107","Tulare","36.30815","-119.3129"
"06/27/2025","AQS","061072003","3","10.9","ug/m3 LC","54","Visalia-W. Ashland Avenue","1","100.0000","88101","PM2.5 - Local Conditions","170","Met One BAM-1020 Mass Monitor w/VSCC","47300","Visalia-Porterville, CA","06","California","107","Tulare","36.30815","-119.3129"
"06/28/2025","AQS","061072003","3","11.1","ug/m3 LC","55","Visalia-W. Ashland Avenue","1","100.0000","88101","PM2.5 - Local Conditions","170","Met One BAM-1020 Mass Monitor w/VSCC","47300","Visalia-Porterville, CA","06","California","107","Tulare","36.30815","-119.3129"
"06/29/2025","AQS","061072003","3","8.3","ug/m3 LC","46","Visalia-W. Ashland Avenue","1","100.0000","88101","PM2.5 - Local Conditions","170","Met One BAM-1020 Mass Monitor w/VSCC","47300","Visalia-Porterville, CA","06","California","107","Tulare","36.30815","-119.3129"
"06/30/2025","AQS","061072003","3","7.8","ug/m3 LC","43","Visalia-W. Ashland Avenue","1","100.0000","88101","PM2.5 - Local Conditions","170","Met One BAM-1020 Mass Monitor w/VSCC","47300","Visalia-Porterville, CA","06","California","107","Tulare","36.30815","-119.3129"
"07/01/2025","AQS","061072003","3","8.6","ug/m3 LC","48","Visalia-W. Ashland Avenue","1","100.0000","88101","PM2.5 - Local Conditions","170","Met One BAM-1020 Mass Monitor w/VSCC","47300","Visalia-Porterville, CA","06","California","107","Tulare","36.30815","-119.3129"
"07/02/2025","AQS","061072003","3","11.6","ug/m3 LC","56","Visalia-W. Ashland Avenue","1","100.0000","88101","PM2.5 - Local Conditions","170","Met One BAM-1020 Mass Monitor w/VSCC","47300","Visalia-Porterville, CA","06","California","107","Tulare","36.30815","-119.3129"
"07/03/2025","AQS","061072003","3","12.9","ug/m3 LC","58","Visalia-W. Ashland Avenue","1","100.0000","88101","PM2.5 - Local Conditions","170","Met One BAM-1020 Mass Monitor w/VSCC","47300","Visalia-Porterville, CA","06","California","107","Tulare","36.30815","-119.3129"
"07/04/2025","AQS","061072003","3","9.7","ug/m3 LC","52","Visalia-W. Ashland Avenue","1","100.0000","88101","PM2.5 - Local Conditions","170","Met One BAM-1020 Mass Monitor w/VSCC","47300","Visalia-Porterville, CA","06","California","107","Tulare","36.30815","-119.3129"
"07/05/2025","AQS","061072003","3","8.7","ug/m3 LC","48","Visalia-W. Ashland Avenue","1","100.0000","88101","PM2.5 - Local Conditions","170","Met One BAM-1020 Mass Monitor w/VSCC","47300","Visalia-Porterville, CA","06","California","107","Tulare","36.30815","-119.3129"
"07/06/2025","AQS","061072003","3","8.1","ug/m3 LC","45","Visalia-W. Ashland Avenue","1","100.0000","88101","PM2.5 - Local Conditions","170","Met One BAM-1020 Mass Monitor w/VSCC","47300","Visalia-Porterville, CA","06","California","107","Tulare","36.30815","-119.3129"
"07/07/2025","AQS","061072003","3","13.7","ug/m3 LC","60","Visalia-W. Ashland Avenue","1","100.0000","88101","PM2.5 - Local Conditions","170","Met One BAM-1020 Mass Monitor w/VSCC","47300","Visalia-Porterville, CA","06","California","107","Tulare","36.30815","-119.3129"
"07/08/2025","AQS","061072003","3","11.2","ug/m3 LC","55","Visalia-W. Ashland Avenue","1","100.0000","88101","PM2.5 - Local Conditions","170","Met One BAM-1020 Mass Monitor w/VSCC","47300","Visalia-Porterville, CA","06","California","107","Tulare","36.30815","-119.3129"
"07/09/2025","AQS","061072003","3","9","ug/m3 LC","50","Visalia-W. Ashland Avenue","1","100.0000","88101","PM2.5 - Local Conditions","170","Met One BAM-1020 Mass Monitor w/VSCC","47300","Visalia-Porterville, CA","06","California","107","Tulare","36.30815","-119.3129"
"07/10/2025","AQS","061072003","3","18.2","ug/m3 LC","68","Visalia-W. Ashland Avenue","1","100.0000","88101","PM2.5 - Local Conditions","170","Met One BAM-1020 Mass Monitor w/VSCC","47300","Visalia-Porterville, CA","06","California","107","Tulare","36.30815","-119.3129"
"07/11/2025","AQS","061072003","3","18.8","ug/m3 LC","69","Visalia-W. Ashland Avenue","1","100.0000","88101","PM2.5 - Local Conditions","170","Met One BAM-1020 Mass Monitor w/VSCC","47300","Visalia-Porterville, CA","06","California","107","Tulare","36.30815","-119.3129"
"07/12/2025","AQS","061072003","3","16.8","ug/m3 LC","65","Visalia-W. Ashland Avenue","1","100.0000","88101","PM2.5 - Local Conditions","170","Met One BAM-1020 Mass Monitor w/VSCC","47300","Visalia-Porterville, CA","06","California","107","Tulare","36.30815","-119.3129"
"07/13/2025","AQS","061072003","3","14.3","ug/m3 LC","61","Visalia-W. Ashland Avenue","1","100.0000","88101","PM2.5 - Local Conditions","170","Met One BAM-1020 Mass Monitor w/VSCC","47300","Visalia-Porterville, CA","06","California","107","Tulare","36.30815","-119.3129"
"07/14/2025","AQS","061072003","3","12.6","ug/m3 LC","58","Visalia-W. Ashland Avenue","1","100.0000","88101","PM2.5 - Local Conditions","170","Met One BAM-1020 Mass Monitor w/VSCC","47300","Visalia-Porterville, CA","06","California","107","Tulare","36.30815","-119.3129"
"07/15/2025","AQS","061072003","3","15.2","ug/m3 LC","62","Visalia-W. Ashland Avenue","1","100.0000","88101","PM2.5 - Local Conditions","170","Met One BAM-1020 Mass Monitor w/VSCC","47300","Visalia-Porterville, CA","06","California","107","Tulare","36.30815","-119.3129"
"07/16/2025","AQS","061072003","3","8.8","ug/m3 LC","49","Visalia-W. Ashland Avenue","1","100.0000","88101","PM2.5 - Local Conditions","170","Met One BAM-1020 Mass Monitor w/VSCC","47300","Visalia-Porterville, CA","06","California","107","Tulare","36.30815","-119.3129"
"07/17/2025","AQS","061072003","3","10.4","ug/m3 LC","53","Visalia-W. Ashland Avenue","1","100.0000","88101","PM2.5 - Local Conditions","170","Met One BAM-1020 Mass Monitor w/VSCC","47300","Visalia-Porterville, CA","06","California","107","Tulare","36.30815","-119.3129"
"07/18/2025","AQS","061072003","3","8.3","ug/m3 LC","46","Visalia-W. Ashland Avenue","1","100.0000","88101","PM2.5 - Local Conditions","170","Met One BAM-1020 Mass Monitor w/VSCC","47300","Visalia-Porterville, CA","06","California","107","Tulare","36.30815","-119.3129"
"07/19/2025","AQS","061072003","3","9.6","ug/m3 LC","52","Visalia-W. Ashland Avenue","1","100.0000","88101","PM2.5 - Local Conditions","170","Met One BAM-1020 Mass Monitor w/VSCC","47300","Visalia-Porterville, CA","06","California","107","Tulare","36.30815","-119.3129"
"07/20/2025","AQS","061072003","3","7","ug/m3 LC","39","Visalia-W. Ashland Avenue","1","100.0000","88101","PM2.5 - Local Conditions","170","Met One BAM-1020 Mass Monitor w/VSCC","47300","Visalia-Porterville, CA","06","California","107","Tulare","36.30815","-119.3129"
"07/21/2025","AQS","061072003","3","5.4","ug/m3 LC","30","Visalia-W. Ashland Avenue","1","100.0000","88101","PM2.5 - Local Conditions","170","Met One BAM-1020 Mass Monitor w/VSCC","47300","Visalia-Porterville, CA","06","California","107","Tulare","36.30815","-119.3129"
"07/22/2025","AQS","061072003","3","4.2","ug/m3 LC","23","Visalia-W. Ashland Avenue","1","100.0000","88101","PM2.5 - Local Conditions","170","Met One BAM-1020 Mass Monitor w/VSCC","47300","Visalia-Porterville, CA","06","California","107","Tulare","36.30815","-119.3129"
"07/23/2025","AQS","061072003","3","5.5","ug/m3 LC","31","Visalia-W. Ashland Avenue","1","100.0000","88101","PM2.5 - Local Conditions","170","Met One BAM-1020 Mass Monitor w/VSCC","47300","Visalia-Porterville, CA","06","California","107","Tulare","36.30815","-119.3129"
"07/24/2025","AQS","061072003","3","5.6","ug/m3 LC","31","Visalia-W. Ashland Avenue","1","100.0000","88101","PM2.5 - Local Conditions","170","Met One BAM-1020 Mass Monitor w/VSCC","47300","Visalia-Porterville, CA","06","California","107","Tulare","36.30815","-119.3129"
"07/25/2025","AQS","061072003","3","5.5","ug/m3 LC","31","Visalia-W. Ashland Avenue","1","100.0000","88101","PM2.5 - Local Conditions","170","Met One BAM-1020 Mass Monitor w/VSCC","47300","Visalia-Porterville, CA","06","California","107","Tulare","36.30815","-119.3129"
"07/26/2025","AQS","061072003","3","5","ug/m3 LC","28","Visalia-W. Ashland Avenue","1","100.0000","88101","PM2.5 - Local Conditions","170","Met One BAM-1020 Mass Monitor w/VSCC","47300","Visalia-Porterville, CA","06","California","107","Tulare","36.30815","-119.3129"
"07/27/2025","AQS","061072003","3","4.7","ug/m3 LC","26","Visalia-W. Ashland Avenue","1","100.0000","88101","PM2.5 - Local Conditions","170","Met One BAM-1020 Mass Monitor w/VSCC","47300","Visalia-Porterville, CA","06","California","107","Tulare","36.30815","-119.3129"
"07/28/2025","AQS","061072003","3","6.8","ug/m3 LC","38","Visalia-W. Ashland Avenue","1","100.0000","88101","PM2.5 - Local Conditions","170","Met One BAM-1020 Mass Monitor w/VSCC","47300","Visalia-Porterville, CA","06","California","107","Tulare","36.30815","-119.3129"
"07/29/2025","AQS","061072003","3","9.1","ug/m3 LC","51","Visalia-W. Ashland Avenue","1","100.0000","88101","PM2.5 - Local Conditions","170","Met One BAM-1020 Mass Monitor w/VSCC","47300","Visalia-Porterville, CA","06","California","107","Tulare","36.30815","-119.3129"
"07/30/2025","AQS","061072003","3","6.2","ug/m3 LC","34","Visalia-W. Ashland Avenue","1","100.0000","88101","PM2.5 - Local Conditions","170","Met One BAM-1020 Mass Monitor w/VSCC","47300","Visalia-Porterville, CA","06","California","107","Tulare","36.30815","-119.3129"
"07/31/2025","AQS","061072003","3","7.6","ug/m3 LC","42","Visalia-W. Ashland Avenue","1","100.0000","88101","PM2.5 - Local Conditions","170","Met One BAM-1020 Mass Monitor w/VSCC","47300","Visalia-Porterville, CA","06","California","107","Tulare","36.30815","-119.3129"
"08/01/2025","AQS","061072003","3","8.9","ug/m3 LC","49","Visalia-W. Ashland Avenue","1","100.0000","88101","PM2.5 - Local Conditions","170","Met One BAM-1020 Mass Monitor w/VSCC","47300","Visalia-Porterville, CA","06","California","107","Tulare","36.30815","-119.3129"
"08/02/2025","AQS","061072003","3","7.4","ug/m3 LC","41","Visalia-W. Ashland Avenue","1","100.0000","88101","PM2.5 - Local Conditions","170","Met One BAM-1020 Mass Monitor w/VSCC","47300","Visalia-Porterville, CA","06","California","107","Tulare","36.30815","-119.3129"
"08/03/2025","AQS","061072003","3","5.3","ug/m3 LC","29","Visalia-W. Ashland Avenue","1","100.0000","88101","PM2.5 - Local Conditions","170","Met One BAM-1020 Mass Monitor w/VSCC","47300","Visalia-Porterville, CA","06","California","107","Tulare","36.30815","-119.3129"
"08/04/2025","AQS","061072003","3","5.6","ug/m3 LC","31","Visalia-W. Ashland Avenue","1","100.0000","88101","PM2.5 - Local Conditions","170","Met One BAM-1020 Mass Monitor w/VSCC","47300","Visalia-Porterville, CA","06","California","107","Tulare","36.30815","-119.3129"
"08/05/2025","AQS","061072003","3","5.6","ug/m3 LC","31","Visalia-W. Ashland Avenue","1","100.0000","88101","PM2.5 - Local Conditions","170","Met One BAM-1020 Mass Monitor w/VSCC","47300","Visalia-Porterville, CA","06","California","107","Tulare","36.30815","-119.3129"
"08/06/2025","AQS","061072003","3","8","ug/m3 LC","44","Visalia-W. Ashland Avenue","1","100.0000","88101","PM2.5 - Local Conditions","170","Met One BAM-1020 Mass Monitor w/VSCC","47300","Visalia-Porterville, CA","06","California","107","Tulare","36.30815","-119.3129"
"08/07/2025","AQS","061072003","3","8","ug/m3 LC","44","Visalia-W. Ashland Avenue","1","100.0000","88101","PM2.5 - Local Conditions","170","Met One BAM-1020 Mass Monitor w/VSCC","47300","Visalia-Porterville, CA","06","California","107","Tulare","36.30815","-119.3129"
"08/08/2025","AQS","061072003","3","10.8","ug/m3 LC","54","Visalia-W. Ashland Avenue","1","100.0000","88101","PM2.5 - Local Conditions","170","Met One BAM-1020 Mass Monitor w/VSCC","47300","Visalia-Porterville, CA","06","California","107","Tulare","36.30815","-119.3129"
"08/09/2025","AQS","061072003","3","10.9","ug/m3 LC","54","Visalia-W. Ashland Avenue","1","100.0000","88101","PM2.5 - Local Conditions","170","Met One BAM-1020 Mass Monitor w/VSCC","47300","Visalia-Porterville, CA","06","California","107","Tulare","36.30815","-119.3129"
"08/10/2025","AQS","061072003","3","11.1","ug/m3 LC","55","Visalia-W. Ashland Avenue","1","100.0000","88101","PM2.5 - Local Conditions","170","Met One BAM-1020 Mass Monitor w/VSCC","47300","Visalia-Porterville, CA","06","California","107","Tulare","36.30815","-119.3129"
"08/11/2025","AQS","061072003","3","11.8","ug/m3 LC","56","Visalia-W. Ashland Avenue","1","100.0000","88101","PM2.5 - Local Conditions","170","Met One BAM-1020 Mass Monitor w/VSCC","47300","Visalia-Porterville, CA","06","California","107","Tulare","36.30815","-119.3129"
"08/12/2025","AQS","061072003","3","11","ug/m3 LC","55","Visalia-W. Ashland Avenue","1","100.0000","88101","PM2.5 - Local Conditions","170","Met One BAM-1020 Mass Monitor w/VSCC","47300","Visalia-Porterville, CA","06","California","107","Tulare","36.30815","-119.3129"
"08/13/2025","AQS","061072003","3","9.4","ug/m3 LC","52","Visalia-W. Ashland Avenue","1","100.0000","88101","PM2.5 - Local Conditions","170","Met One BAM-1020 Mass Monitor w/VSCC","47300","Visalia-Porterville, CA","06","California","107","Tulare","36.30815","-119.3129"
"08/14/2025","AQS","061072003","3","9.9","ug/m3 LC","52","Visalia-W. Ashland Avenue","1","100.0000","88101","PM2.5 - Local Conditions","170","Met One BAM-1020 Mass Monitor w/VSCC","47300","Visalia-Porterville, CA","06","California","107","Tulare","36.30815","-119.3129"
"08/15/2025","AQS","061072003","3","9","ug/m3 LC","50","Visalia-W. Ashland Avenue","1","100.0000","88101","PM2.5 - Local Conditions","170","Met One BAM-1020 Mass Monitor w/VSCC","47300","Visalia-Porterville, CA","06","California","107","Tulare","36.30815","-119.3129"
"08/16/2025","AQS","061072003","3","3.8","ug/m3 LC","21","Visalia-W. Ashland Avenue","1","100.0000","88101","PM2.5 - Local Conditions","170","Met One BAM-1020 Mass Monitor w/VSCC","47300","Visalia-Porterville, CA","06","California","107","Tulare","36.30815","-119.3129"
"08/17/2025","AQS","061072003","3","2.5","ug/m3 LC","14","Visalia-W. Ashland Avenue","1","100.0000","88101","PM2.5 - Local Conditions","170","Met One BAM-1020 Mass Monitor w/VSCC","47300","Visalia-Porterville, CA","06","California","107","Tulare","36.30815","-119.3129"
"08/18/2025","AQS","061072003","3","6","ug/m3 LC","33","Visalia-W. Ashland Avenue","1","100.0000","88101","PM2.5 - Local Conditions","170","Met One BAM-1020 Mass Monitor w/VSCC","47300","Visalia-Porterville, CA","06","California","107","Tulare","36.30815","-119.3129"
"08/19/2025","AQS","061072003","3","6.1","ug/m3 LC","34","Visalia-W. Ashland Avenue","1","100.0000","88101","PM2.5 - Local Conditions","170","Met One BAM-1020 Mass Monitor w/VSCC","47300","Visalia-Porterville, CA","06","California","107","Tulare","36.30815","-119.3129"
"08/20/2025","AQS","061072003","3","8.3","ug/m3 LC","46","Visalia-W. Ashland Avenue","1","100.0000","88101","PM2.5 - Local Conditions","170","Met One BAM-1020 Mass Monitor w/VSCC","47300","Visalia-Porterville, CA","06","California","107","Tulare","36.30815","-119.3129"
"08/21/2025","AQS","061072003","3","11.8","ug/m3 LC","56","Visalia-W. Ashland Avenue","1","100.0000","88101","PM2.5 - Local Conditions","170","Met One BAM-1020 Mass Monitor w/VSCC","47300","Visalia-Porterville, CA","06","California","107","Tulare","36.30815","-119.3129"
"08/22/2025","AQS","061072003","3","14.2","ug/m3 LC","61","Visalia-W. Ashland Avenue","1","100.0000","88101","PM2.5 - Local Conditions","170","Met One BAM-1020 Mass Monitor w/VSCC","47300","Visalia-Porterville, CA","06","California","107","Tulare","36.30815","-119.3129"
"08/23/2025","AQS","061072003","3","14.4","ug/m3 LC","61","Visalia-W. Ashland Avenue","1","100.0000","88101","PM2.5 - Local Conditions","170","Met One BAM-1020 Mass Monitor w/VSCC","47300","Visalia-Porterville, CA","06","California","107","Tulare","36.30815","-119.3129"
"08/24/2025","AQS","061072003","3","16","ug/m3 LC","64","Visalia-W. Ashland Avenue","1","100.0000","88101","PM2.5 - Local Conditions","170","Met One BAM-1020 Mass Monitor w/VSCC","47300","Visalia-Porterville, CA","06","California","107","Tulare","36.30815","-119.3129"
"08/25/2025","AQS","061072003","3","9.7","ug/m3 LC","52","Visalia-W. Ashland Avenue","1","100.0000","88101","PM2.5 - Local Conditions","170","Met One BAM-1020 Mass Monitor w/VSCC","47300","Visalia-Porterville, CA","06","California","107","Tulare","36.30815","-119.3129"
"08/26/2025","AQS","061072003","3","9.1","ug/m3 LC","51","Visalia-W. Ashland Avenue","1","100.0000","88101","PM2.5 - Local Conditions","170","Met One BAM-1020 Mass Monitor w/VSCC","47300","Visalia-Porterville, CA","06","California","107","Tulare","36.30815","-119.3129"
"08/27/2025","AQS","061072003","3","8.8","ug/m3 LC","49","Visalia-W. Ashland Avenue","1","100.0000","88101","PM2.5 - Local Conditions","170","Met One BAM-1020 Mass Monitor w/VSCC","47300","Visalia-Porterville, CA","06","California","107","Tulare","36.30815","-119.3129"
"08/28/2025","AQS","061072003","3","14.9","ug/m3 LC","62","Visalia-W. Ashland Avenue","1","100.0000","88101","PM2.5 - Local Conditions","170","Met One BAM-1020 Mass Monitor w/VSCC","47300","Visalia-Porterville, CA","06","California","107","Tulare","36.30815","-119.3129"
"08/29/2025","AQS","061072003","3","10.9","ug/m3 LC","54","Visalia-W. Ashland Avenue","1","100.0000","88101","PM2.5 - Local Conditions","170","Met One BAM-1020 Mass Monitor w/VSCC","47300","Visalia-Porterville, CA","06","California","107","Tulare","36.30815","-119.3129"
"08/30/2025","AQS","061072003","3","13.2","ug/m3 LC","59","Visalia-W. Ashland Avenue","1","100.0000","88101","PM2.5 - Local Conditions","170","Met One BAM-1020 Mass Monitor w/VSCC","47300","Visalia-Porterville, CA","06","California","107","Tulare","36.30815","-119.3129"
"08/31/2025","AQS","061072003","3","14.1","ug/m3 LC","60","Visalia-W. Ashland Avenue","1","100.0000","88101","PM2.5 - Local Conditions","170","Met One BAM-1020 Mass Monitor w/VSCC","47300","Visalia-Porterville, CA","06","California","107","Tulare","36.30815","-119.3129"
"09/01/2025","AQS","061072003","3","11.7","ug/m3 LC","56","Visalia-W. Ashland Avenue","1","100.0000","88101","PM2.5 - Local Conditions","170","Met One BAM-1020 Mass Monitor w/VSCC","47300","Visalia-Porterville, CA","06","California","107","Tulare","36.30815","-119.3129"
"09/02/2025","AQS","061072003","3","17.8","ug/m3 LC","67","Visalia-W. Ashland Avenue","1","100.0000","88101","PM2.5 - Local Conditions","170","Met One BAM-1020 Mass Monitor w/VSCC","47300","Visalia-Porterville, CA","06","California","107","Tulare","36.30815","-119.3129"
"09/03/2025","AQS","061072003","3","16.4","ug/m3 LC","65","Visalia-W. Ashland Avenue","1","100.0000","88101","PM2.5 - Local Conditions","170","Met One BAM-1020 Mass Monitor w/VSCC","47300","Visalia-Porterville, CA","06","California","107","Tulare","36.30815","-119.3129"
"09/04/2025","AQS","061072003","3","11.1","ug/m3 LC","55","Visalia-W. Ashland Avenue","1","100.0000","88101","PM2.5 - Local Conditions","170","Met One BAM-1020 Mass Monitor w/VSCC","47300","Visalia-Porterville, CA","06","California","107","Tulare","36.30815","-119.3129"
"09/05/2025","AQS","061072003","3","10","ug/m3 LC","53","Visalia-W. Ashland Avenue","1","100.0000","88101","PM2.5 - Local Conditions","170","Met One BAM-1020 Mass Monitor w/VSCC","47300","Visalia-Porterville, CA","06","California","107","Tulare","36.30815","-119.3129"
"09/06/2025","AQS","061072003","3","11.5","ug/m3 LC","55","Visalia-W. Ashland Avenue","1","100.0000","88101","PM2.5 - Local Conditions","170","Met One BAM-1020 Mass Monitor w/VSCC","47300","Visalia-Porterville, CA","06","California","107","Tulare","36.30815","-119.3129"
"09/07/2025","AQS","061072003","3","7.3","ug/m3 LC","41","Visalia-W. Ashland Avenue","1","100.0000","88101","PM2.5 - Local Conditions","170","Met One BAM-1020 Mass Monitor w/VSCC","47300","Visalia-Porterville, CA","06","California","107","Tulare","36.30815","-119.3129"
"09/08/2025","AQS","061072003","3","9","ug/m3 LC","50","Visalia-W. Ashland Avenue","1","100.0000","88101","PM2.5 - Local Conditions","170","Met One BAM-1020 Mass Monitor w/VSCC","47300","Visalia-Porterville, CA","06","California","107","Tulare","36.30815","-119.3129"
"09/09/2025","AQS","061072003","3","3.7","ug/m3 LC","21","Visalia-W. Ashland Avenue","1","100.0000","88101","PM2.5 - Local Conditions","170","Met One BAM-1020 Mass Monitor w/VSCC","47300","Visalia-Porterville, CA","06","California","107","Tulare","36.30815","-119.3129"
"09/10/2025","AQS","061072003","3","4.1","ug/m3 LC","23","Visalia-W. Ashland Avenue","1","100.0000","88101","PM2.5 - Local Conditions","170","Met One BAM-1020 Mass Monitor w/VSCC","47300","Visalia-Porterville, CA","06","California","107","Tulare","36.30815","-119.3129"
"09/11/2025","AQS","061072003","3","4","ug/m3 LC","22","Visalia-W. Ashland Avenue","1","100.0000","88101","PM2.5 - Local Conditions","170","Met One BAM-1020 Mass Monitor w/VSCC","47300","Visalia-Porterville, CA","06","California","107","Tulare","36.30815","-119.3129"
"09/12/2025","AQS","061072003","3","8.3","ug/m3 LC","46","Visalia-W. Ashland Avenue","1","100.0000","88101","PM2.5 - Local Conditions","170","Met One BAM-1020 Mass Monitor w/VSCC","47300","Visalia-Porterville, CA","06","California","107","Tulare","36.30815","-119.3129"
"09/13/2025","AQS","061072003","3","13.3","ug/m3 LC","59","Visalia-W. Ashland Avenue","1","100.0000","88101","PM2.5 - Local Conditions","170","Met One BAM-1020 Mass Monitor w/VSCC","47300","Visalia-Porterville, CA","06","California","107","Tulare","36.30815","-119.3129"
"09/14/2025","AQS","061072003","3","7.1","ug/m3 LC","39","Visalia-W. Ashland Avenue","1","100.0000","88101","PM2.5 - Local Conditions","170","Met One BAM-1020 Mass Monitor w/VSCC","47300","Visalia-Porterville, CA","06","California","107","Tulare","36.30815","-119.3129"
"09/15/2025","AQS","061072003","3","9.9","ug/m3 LC","52","Visalia-W. Ashland Avenue","1","100.0000","88101","PM2.5 - Local Conditions","170","Met One BAM-1020 Mass Monitor w/VSCC","47300","Visalia-Porterville, CA","06","California","107","Tulare","36.30815","-119.3129"
"09/16/2025","AQS","061072003","3","11.2","ug/m3 LC","55","Visalia-W. Ashland Avenue","1","100.0000","88101","PM2.5 - Local Conditions","170","Met One BAM-1020 Mass Monitor w/VSCC","47300","Visalia-Porterville, CA","06","California","107","Tulare","36.30815","-119.3129"
"09/17/2025","AQS","061072003","3","15.8","ug/m3 LC","63","Visalia-W. Ashland Avenue","1","100.0000","88101","PM2.5 - Local Conditions","170","Met One BAM-1020 Mass Monitor w/VSCC","47300","Visalia-Porterville, CA","06","California","107","Tulare","36.30815","-119.3129"
"09/18/2025","AQS","061072003","3","8.3","ug/m3 LC","46","Visalia-W. Ashland Avenue","1","100.0000","88101","PM2.5 - Local Conditions","170","Met One BAM-1020 Mass Monitor w/VSCC","47300","Visalia-Porterville, CA","06","California","107","Tulare","36.30815","-119.3129"
"09/19/2025","AQS","061072003","3","9.5","ug/m3 LC","52","Visalia-W. Ashland Avenue","1","100.0000","88101","PM2.5 - Local Conditions","170","Met One BAM-1020 Mass Monitor w/VSCC","47300","Visalia-Porterville, CA","06","California","107","Tulare","36.30815","-119.3129"
"09/20/2025","AQS","061072003","3","16.2","ug/m3 LC","64","Visalia-W. Ashland Avenue","1","100.0000","88101","PM2.5 - Local Conditions","170","Met One BAM-1020 Mass Monitor w/VSCC","47300","Visalia-Porterville, CA","06","California","107","Tulare","36.30815","-119.3129"
"09/21/2025","AQS","061072003","3","11.1","ug/m3 LC","55","Visalia-W. Ashland Avenue","1","100.0000","88101","PM2.5 - Local Conditions","170","Met One BAM-1020 Mass Monitor w/VSCC","47300","Visalia-Porterville, CA","06","California","107","Tulare","36.30815","-119.3129"
"09/22/2025","AQS","061072003","3","11.4","ug/m3 LC","55","Visalia-W. Ashland Avenue","1","100.0000","88101","PM2.5 - Local Conditions","170","Met One BAM-1020 Mass Monitor w/VSCC","47300","Visalia-Porterville, CA","06","California","107","Tulare","36.30815","-119.3129"
"09/23/2025","AQS","061072003","3","14.3","ug/m3 LC","61","Visalia-W. Ashland Avenue","1","100.0000","88101","PM2.5 - Local Conditions","170","Met One BAM-1020 Mass Monitor w/VSCC","47300","Visalia-Porterville, CA","06","California","107","Tulare","36.30815","-119.3129"
"09/27/2025","AQS","061072003","3","9","ug/m3 LC","50","Visalia-W. Ashland Avenue","1","100.0000","88101","PM2.5 - Local Conditions","170","Met One BAM-1020 Mass Monitor w/VSCC","47300","Visalia-Porterville, CA","06","California","107","Tulare","36.30815","-119.3129"
"09/28/2025","AQS","061072003","3","7","ug/m3 LC","39","Visalia-W. Ashland Avenue","1","100.0000","88101","PM2.5 - Local Conditions","170","Met One BAM-1020 Mass Monitor w/VSCC","47300","Visalia-Porterville, CA","06","California","107","Tulare","36.30815","-119.3129"
"09/29/2025","AQS","061072003","3","8.9","ug/m3 LC","49","Visalia-W. Ashland Avenue","1","100.0000","88101","PM2.5 - Local Conditions","170","Met One BAM-1020 Mass Monitor w/VSCC","47300","Visalia-Porterville, CA","06","California","107","Tulare","36.30815","-119.3129"
"09/30/2025","AQS","061072003","3","7.7","ug/m3 LC","43","Visalia-W. Ashland Avenue","1","100.0000","88101","PM2.5 - Local Conditions","170","Met One BAM-1020 Mass Monitor w/VSCC","47300","Visalia-Porterville, CA","06","California","107","Tulare","36.30815","-119.3129"
"10/01/2025","AQS","061072003","3","7.6","ug/m3 LC","42","Visalia-W. Ashland Avenue","1","100.0000","88101","PM2.5 - Local Conditions","170","Met One BAM-1020 Mass Monitor w/VSCC","47300","Visalia-Porterville, CA","06","California","107","Tulare","36.30815","-119.3129"
"10/02/2025","AQS","061072003","3","9.5","ug/m3 LC","52","Visalia-W. Ashland Avenue","1","100.0000","88101","PM2.5 - Local Conditions","170","Met One BAM-1020 Mass Monitor w/VSCC","47300","Visalia-Porterville, CA","06","California","107","Tulare","36.30815","-119.3129"
"10/03/2025","AQS","061072003","3","4.3","ug/m3 LC","24","Visalia-W. Ashland Avenue","1","100.0000","88101","PM2.5 - Local Conditions","170","Met One BAM-1020 Mass Monitor w/VSCC","47300","Visalia-Porterville, CA","06","California","107","Tulare","36.30815","-119.3129"
"10/04/2025","AQS","061072003","3","7.4","ug/m3 LC","41","Visalia-W. Ashland Avenue","1","100.0000","88101","PM2.5 - Local Conditions","170","Met One BAM-1020 Mass Monitor w/VSCC","47300","Visalia-Porterville, CA","06","California","107","Tulare","36.30815","-119.3129"
"10/05/2025","AQS","061072003","3","7.1","ug/m3 LC","39","Visalia-W. Ashland Avenue","1","100.0000","88101","PM2.5 - Local Conditions","170","Met One BAM-1020 Mass Monitor w/VSCC","47300","Visalia-Porterville, CA","06","California","107","Tulare","36.30815","-119.3129"
"10/06/2025","AQS","061072003","3","10.3","ug/m3 LC","53","Visalia-W. Ashland Avenue","1","100.0000","88101","PM2.5 - Local Conditions","170","Met One BAM-1020 Mass Monitor w/VSCC","47300","Visalia-Porterville, CA","06","California","107","Tulare","36.30815","-119.3129"
"10/07/2025","AQS","061072003","3","13.6","ug/m3 LC","59","Visalia-W. Ashland Avenue","1","100.0000","88101","PM2.5 - Local Conditions","170","Met One BAM-1020 Mass Monitor w/VSCC","47300","Visalia-Porterville, CA","06","California","107","Tulare","36.30815","-119.3129"
"10/08/2025","AQS","061072003","3","9","ug/m3 LC","50","Visalia-W. Ashland Avenue","1","100.0000","88101","PM2.5 - Local Conditions","170","Met One BAM-1020 Mass Monitor w/VSCC","47300","Visalia-Porterville, CA","06","California","107","Tulare","36.30815","-119.3129"
"10/09/2025","AQS","061072003","3","7.8","ug/m3 LC","43","Visalia-W. Ashland Avenue","1","100.0000","88101","PM2.5 - Local Conditions","170","Met One BAM-1020 Mass Monitor w/VSCC","47300","Visalia-Porterville, CA","06","California","107","Tulare","36.30815","-119.3129"
"10/10/2025","AQS","061072003","3","8.9","ug/m3 LC","49","Visalia-W. Ashland Avenue","1","100.0000","88101","PM2.5 - Local Conditions","170","Met One BAM-1020 Mass Monitor w/VSCC","47300","Visalia-Porterville, CA","06","California","107","Tulare","36.30815","-119.3129"
"10/11/2025","AQS","061072003","3","4.7","ug/m3 LC","26","Visalia-W. Ashland Avenue","1","100.0000","88101","PM2.5 - Local Conditions","170","Met One BAM-1020 Mass Monitor w/VSCC","47300","Visalia-Porterville, CA","06","California","107","Tulare","36.30815","-119.3129"
"10/12/2025","AQS","061072003","3","6.2","ug/m3 LC","34","Visalia-W. Ashland Avenue","1","100.0000","88101","PM2.5 - Local Conditions","170","Met One BAM-1020 Mass Monitor w/VSCC","47300","Visalia-Porterville, CA","06","California","107","Tulare","36.30815","-119.3129"
"10/13/2025","AQS","061072003","3","6.4","ug/m3 LC","36","Visalia-W. Ashland Avenue","1","100.0000","88101","PM2.5 - Local Conditions","170","Met One BAM-1020 Mass Monitor w/VSCC","47300","Visalia-Porterville, CA","06","California","107","Tulare","36.30815","-119.3129"
"10/14/2025","AQS","061072003","3","3.3","ug/m3 LC","18","Visalia-W. Ashland Avenue","1","100.0000","88101","PM2.5 - Local Conditions","170","Met One BAM-1020 Mass Monitor w/VSCC","47300","Visalia-Porterville, CA","06","California","107","Tulare","36.30815","-119.3129"
"10/15/2025","AQS","061072003","3","4.9","ug/m3 LC","27","Visalia-W. Ashland Avenue","1","100.0000","88101","PM2.5 - Local Conditions","170","Met One BAM-1020 Mass Monitor w/VSCC","47300","Visalia-Porterville, CA","06","California","107","Tulare","36.30815","-119.3129"
"10/16/2025","AQS","061072003","3","10.4","ug/m3 LC","53","Visalia-W. Ashland Avenue","1","100.0000","88101","PM2.5 - Local Conditions","170","Met One BAM-1020 Mass Monitor w/VSCC","47300","Visalia-Porterville, CA","06","California","107","Tulare","36.30815","-119.3129"
"10/17/2025","AQS","061072003","3","22.4","ug/m3 LC","76","Visalia-W. Ashland Avenue","1","100.0000","88101","PM2.5 - Local Conditions","170","Met One BAM-1020 Mass Monitor w/VSCC","47300","Visalia-Porterville, CA","06","California","107","Tulare","36.30815","-119.3129"
"10/18/2025","AQS","061072003","3","16.4","ug/m3 LC","65","Visalia-W. Ashland Avenue","1","100.0000","88101","PM2.5 - Local Conditions","170","Met One BAM-1020 Mass Monitor w/VSCC","47300","Visalia-Porterville, CA","06","California","107","Tulare","36.30815","-119.3129"
"10/19/2025","AQS","061072003","3","25.3","ug/m3 LC","81","Visalia-W. Ashland Avenue","1","100.0000","88101","PM2.5 - Local Conditions","170","Met One BAM-1020 Mass Monitor w/VSCC","47300","Visalia-Porterville, CA","06","California","107","Tulare","36.30815","-119.3129"
"10/20/2025","AQS","061072003","3","26","ug/m3 LC","82","Visalia-W. Ashland Avenue","1","100.0000","88101","PM2.5 - Local Conditions","170","Met One BAM-1020 Mass Monitor w/VSCC","47300","Visalia-Porterville, CA","06","California","107","Tulare","36.30815","-119.3129"
"10/21/2025","AQS","061072003","3","25.6","ug/m3 LC","82","Visalia-W. Ashland Avenue","1","100.0000","88101","PM2.5 - Local Conditions","170","Met One BAM-1020 Mass Monitor w/VSCC","47300","Visalia-Porterville, CA","06","California","107","Tulare","36.30815","-119.3129"
"10/22/2025","AQS","061072003","3","13.7","ug/m3 LC","60","Visalia-W. Ashland Avenue","1","100.0000","88101","PM2.5 - Local Conditions","170","Met One BAM-1020 Mass Monitor w/VSCC","47300","Visalia-Porterville, CA","06","California","107","Tulare","36.30815","-119.3129"
"10/23/2025","AQS","061072003","3","14.6","ug/m3 LC","61","Visalia-W. Ashland Avenue","1","100.0000","88101","PM2.5 - Local Conditions","170","Met One BAM-1020 Mass Monitor w/VSCC","47300","Visalia-Porterville, CA","06","California","107","Tulare","36.30815","-119.3129"
"10/24/2025","AQS","061072003","3","16.5","ug/m3 LC","65","Visalia-W. Ashland Avenue","1","100.0000","88101","PM2.5 - Local Conditions","170","Met One BAM-1020 Mass Monitor w/VSCC","47300","Visalia-Porterville, CA","06","California","107","Tulare","36.30815","-119.3129"
"10/25/2025","AQS","061072003","3","17.7","ug/m3 LC","67","Visalia-W. Ashland Avenue","1","100.0000","88101","PM2.5 - Local Conditions","170","Met One BAM-1020 Mass Monitor w/VSCC","47300","Visalia-Porterville, CA","06","California","107","Tulare","36.30815","-119.3129"
"10/26/2025","AQS","061072003","3","12.5","ug/m3 LC","57","Visalia-W. Ashland Avenue","1","100.0000","88101","PM2.5 - Local Conditions","170","Met One BAM-1020 Mass Monitor w/VSCC","47300","Visalia-Porterville, CA","06","California","107","Tulare","36.30815","-119.3129"
"10/27/2025","AQS","061072003","3","7.7","ug/m3 LC","43","Visalia-W. Ashland Avenue","1","100.0000","88101","PM2.5 - Local Conditions","170","Met One BAM-1020 Mass Monitor w/VSCC","47300","Visalia-Porterville, CA","06","California","107","Tulare","36.30815","-119.3129"
"10/28/2025","AQS","061072003","3","14.5","ug/m3 LC","61","Visalia-W. Ashland Avenue","1","100.0000","88101","PM2.5 - Local Conditions","170","Met One BAM-1020 Mass Monitor w/VSCC","47300","Visalia-Porterville, CA","06","California","107","Tulare","36.30815","-119.3129"
"10/29/2025","AQS","061072003","3","18.5","ug/m3 LC","69","Visalia-W. Ashland Avenue","1","100.0000","88101","PM2.5 - Local Conditions","170","Met One BAM-1020 Mass Monitor w/VSCC","47300","Visalia-Porterville, CA","06","California","107","Tulare","36.30815","-119.3129"
"10/30/2025","AQS","061072003","3","19.5","ug/m3 LC","70","Visalia-W. Ashland Avenue","1","100.0000","88101","PM2.5 - Local Conditions","170","Met One BAM-1020 Mass Monitor w/VSCC","47300","Visalia-Porterville, CA","06","California","107","Tulare","36.30815","-119.3129"
"10/31/2025","AQS","061072003","3","24.6","ug/m3 LC","80","Visalia-W. Ashland Avenue","1","100.0000","88101","PM2.5 - Local Conditions","170","Met One BAM-1020 Mass Monitor w/VSCC","47300","Visalia-Porterville, CA","06","California","107","Tulare","36.30815","-119.3129"
"11/01/2025","AQS","061072003","3","28.2","ug/m3 LC","87","Visalia-W. Ashland Avenue","1","100.0000","88101","PM2.5 - Local Conditions","170","Met One BAM-1020 Mass Monitor w/VSCC","47300","Visalia-Porterville, CA","06","California","107","Tulare","36.30815","-119.3129"
"11/02/2025","AQS","061072003","3","31","ug/m3 LC","92","Visalia-W. Ashland Avenue","1","100.0000","88101","PM2.5 - Local Conditions","170","Met One BAM-1020 Mass Monitor w/VSCC","47300","Visalia-Porterville, CA","06","California","107","Tulare","36.30815","-119.3129"
"11/03/2025","AQS","061072003","3","23.3","ug/m3 LC","77","Visalia-W. Ashland Avenue","1","100.0000","88101","PM2.5 - Local Conditions","170","Met One BAM-1020 Mass Monitor w/VSCC","47300","Visalia-Porterville, CA","06","California","107","Tulare","36.30815","-119.3129"
"11/04/2025","AQS","061072003","3","17.4","ug/m3 LC","66","Visalia-W. Ashland Avenue","1","100.0000","88101","PM2.5 - Local Conditions","170","Met One BAM-1020 Mass Monitor w/VSCC","47300","Visalia-Porterville, CA","06","California","107","Tulare","36.30815","-119.3129"
"11/05/2025","AQS","061072003","3","9.6","ug/m3 LC","52","Visalia-W. Ashland Avenue","1","100.0000","88101","PM2.5 - Local Conditions","170","Met One BAM-1020 Mass Monitor w/VSCC","47300","Visalia-Porterville, CA","06","California","107","Tulare","36.30815","-119.3129"
"11/06/2025","AQS","061072003","3","8.4","ug/m3 LC","47","Visalia-W. Ashland Avenue","1","100.0000","88101","PM2.5 - Local Conditions","170","Met One BAM-1020 Mass Monitor w/VSCC","47300","Visalia-Porterville, CA","06","California","107","Tulare","36.30815","-119.3129"
"11/07/2025","AQS","061072003","3","10.8","ug/m3 LC","54","Visalia-W. Ashland Avenue","1","100.0000","88101","PM2.5 - Local Conditions","170","Met One BAM-1020 Mass Monitor w/VSCC","47300","Visalia-Porterville, CA","06","California","107","Tulare","36.30815","-119.3129"
"11/08/2025","AQS","061072003","3","17.6","ug/m3 LC","67","Visalia-W. Ashland Avenue","1","100.0000","88101","PM2.5 - Local Conditions","170","Met One BAM-1020 Mass Monitor w/VSCC","47300","Visalia-Porterville, CA","06","California","107","Tulare","36.30815","-119.3129"
"11/09/2025","AQS","061072003","3","17.7","ug/m3 LC","67","Visalia-W. Ashland Avenue","1","100.0000","88101","PM2.5 - Local Conditions","170","Met One BAM-1020 Mass Monitor w/VSCC","47300","Visalia-Porterville, CA","06","California","107","Tulare","36.30815","-119.3129"
"11/10/2025","AQS","061072003","3","16.7","ug/m3 LC","65","Visalia-W. Ashland Avenue","1","100.0000","88101","PM2.5 - Local Conditions","170","Met One BAM-1020 Mass Monitor w/VSCC","47300","Visalia-Porterville, CA","06","California","107","Tulare","36.30815","-119.3129"
"11/11/2025","AQS","061072003","3","18.3","ug/m3 LC","68","Visalia-W. Ashland Avenue","1","100.0000","88101","PM2.5 - Local Conditions","170","Met One BAM-1020 Mass Monitor w/VSCC","47300","Visalia-Porterville, CA","06","California","107","Tulare","36.30815","-119.3129"
"11/12/2025","AQS","061072003","3","15.5","ug/m3 LC","63","Visalia-W. Ashland Avenue","1","100.0000","88101","PM2.5 - Local Conditions","170","Met One BAM-1020 Mass Monitor w/VSCC","47300","Visalia-Porterville, CA","06","California","107","Tulare","36.30815","-119.3129"
"11/13/2025","AQS","061072003","3","12.3","ug/m3 LC","57","Visalia-W. Ashland Avenue","1","100.0000","88101","PM2.5 - Local Conditions","170","Met One BAM-1020 Mass Monitor w/VSCC","47300","Visalia-Porterville, CA","06","California","107","Tulare","36.30815","-119.3129"
"11/14/2025","AQS","061072003","3","6.9","ug/m3 LC","38","Visalia-W. Ashland Avenue","1","100.0000","88101","PM2.5 - Local Conditions","170","Met One BAM-1020 Mass Monitor w/VSCC","47300","Visalia-Porterville, CA","06","California","107","Tulare","36.30815","-119.3129"
"11/15/2025","AQS","061072003","3","6.9","ug/m3 LC","38","Visalia-W. Ashland Avenue","1","100.0000","88101","PM2.5 - Local Conditions","170","Met One BAM-1020 Mass Monitor w/VSCC","47300","Visalia-Porterville, CA","06","California","107","Tulare","36.30815","-119.3129"
"11/16/2025","AQS","061072003","3","3","ug/m3 LC","17","Visalia-W. Ashland Avenue","1","100.0000","88101","PM2.5 - Local Conditions","170","Met One BAM-1020 Mass Monitor w/VSCC","47300","Visalia-Porterville, CA","06","California","107","Tulare","36.30815","-119.3129"
"11/17/2025","AQS","061072003","3","4.7","ug/m3 LC","26","Visalia-W. Ashland Avenue","1","100.0000","88101","PM2.5 - Local Conditions","170","Met One BAM-1020 Mass Monitor w/VSCC","47300","Visalia-Porterville, CA","06","California","107","Tulare","36.30815","-119.3129"
"11/18/2025","AQS","061072003","3","5","ug/m3 LC","28","Visalia-W. Ashland Avenue","1","100.0000","88101","PM2.5 - Local Conditions","170","Met One BAM-1020 Mass Monitor w/VSCC","47300","Visalia-Porterville, CA","06","California","107","Tulare","36.30815","-119.3129"
"11/19/2025","AQS","061072003","3","10.3","ug/m3 LC","53","Visalia-W. Ashland Avenue","1","100.0000","88101","PM2.5 - Local Conditions","170","Met One BAM-1020 Mass Monitor w/VSCC","47300","Visalia-Porterville, CA","06","California","107","Tulare","36.30815","-119.3129"
"11/20/2025","AQS","061072003","3","11.4","ug/m3 LC","55","Visalia-W. Ashland Avenue","1","100.0000","88101","PM2.5 - Local Conditions","170","Met One BAM-1020 Mass Monitor w/VSCC","47300","Visalia-Porterville, CA","06","California","107","Tulare","36.30815","-119.3129"
"11/21/2025","AQS","061072003","3","14.9","ug/m3 LC","62","Visalia-W. Ashland Avenue","1","100.0000","88101","PM2.5 - Local Conditions","170","Met One BAM-1020 Mass Monitor w/VSCC","47300","Visalia-Porterville, CA","06","California","107","Tulare","36.30815","-119.3129"
"11/22/2025","AQS","061072003","3","19.5","ug/m3 LC","70","Visalia-W. Ashland Avenue","1","100.0000","88101","PM2.5 - Local Conditions","170","Met One BAM-1020 Mass Monitor w/VSCC","47300","Visalia-Porterville, CA","06","California","107","Tulare","36.30815","-119.3129"
"11/23/2025","AQS","061072003","3","18.4","ug/m3 LC","68","Visalia-W. Ashland Avenue","1","100.0000","88101","PM2.5 - Local Conditions","170","Met One BAM-1020 Mass Monitor w/VSCC","47300","Visalia-Porterville, CA","06","California","107","Tulare","36.30815","-119.3129"
"11/24/2025","AQS","061072003","3","21.4","ug/m3 LC","74","Visalia-W. Ashland Avenue","1","100.0000","88101","PM2.5 - Local Conditions","170","Met One BAM-1020 Mass Monitor w/VSCC","47300","Visalia-Porterville, CA","06","California","107","Tulare","36.30815","-119.3129"
"11/25/2025","AQS","061072003","3","15.4","ug/m3 LC","63","Visalia-W. Ashland Avenue","1","100.0000","88101","PM2.5 - Local Conditions","170","Met One BAM-1020 Mass Monitor w/VSCC","47300","Visalia-Porterville, CA","06","California","107","Tulare","36.30815","-119.3129"
"11/26/2025","AQS","061072003","3","20.3","ug/m3 LC","72","Visalia-W. Ashland Avenue","1","100.0000","88101","PM2.5 - Local Conditions","170","Met One BAM-1020 Mass Monitor w/VSCC","47300","Visalia-Porterville, CA","06","California","107","Tulare","36.30815","-119.3129"
"11/27/2025","AQS","061072003","3","26.8","ug/m3 LC","84","Visalia-W. Ashland Avenue","1","100.0000","88101","PM2.5 - Local Conditions","170","Met One BAM-1020 Mass Monitor w/VSCC","47300","Visalia-Porterville, CA","06","California","107","Tulare","36.30815","-119.3129"
"11/28/2025","AQS","061072003","3","26.6","ug/m3 LC","84","Visalia-W. Ashland Avenue","1","100.0000","88101","PM2.5 - Local Conditions","170","Met One BAM-1020 Mass Monitor w/VSCC","47300","Visalia-Porterville, CA","06","California","107","Tulare","36.30815","-119.3129"
"11/29/2025","AQS","061072003","3","17","ug/m3 LC","66","Visalia-W. Ashland Avenue","1","100.0000","88101","PM2.5 - Local Conditions","170","Met One BAM-1020 Mass Monitor w/VSCC","47300","Visalia-Porterville, CA","06","California","107","Tulare","36.30815","-119.3129"
"11/30/2025","AQS","061072003","3","19.3","ug/m3 LC","70","Visalia-W. Ashland Avenue","1","100.0000","88101","PM2.5 - Local Conditions","170","Met One BAM-1020 Mass Monitor w/VSCC","47300","Visalia-Porterville, CA","06","California","107","Tulare","36.30815","-119.3129"
"12/01/2025","AQS","061072003","3","24.7","ug/m3 LC","80","Visalia-W. Ashland Avenue","1","100.0000","88101","PM2.5 - Local Conditions","170","Met One BAM-1020 Mass Monitor w/VSCC","47300","Visalia-Porterville, CA","06","California","107","Tulare","36.30815","-119.3129"
"12/02/2025","AQS","061072003","3","23.2","ug/m3 LC","77","Visalia-W. Ashland Avenue","1","100.0000","88101","PM2.5 - Local Conditions","170","Met One BAM-1020 Mass Monitor w/VSCC","47300","Visalia-Porterville, CA","06","California","107","Tulare","36.30815","-119.3129"
"12/03/2025","AQS","061072003","3","17.3","ug/m3 LC","66","Visalia-W. Ashland Avenue","1","100.0000","88101","PM2.5 - Local Conditions","170","Met One BAM-1020 Mass Monitor w/VSCC","47300","Visalia-Porterville, CA","06","California","107","Tulare","36.30815","-119.3129"
"12/04/2025","AQS","061072003","3","17.3","ug/m3 LC","66","Visalia-W. Ashland Avenue","1","100.0000","88101","PM2.5 - Local Conditions","170","Met One BAM-1020 Mass Monitor w/VSCC","47300","Visalia-Porterville, CA","06","California","107","Tulare","36.30815","-119.3129"
"12/05/2025","AQS","061072003","3","23.8","ug/m3 LC","78","Visalia-W. Ashland Avenue","1","100.0000","88101","PM2.5 - Local Conditions","170","Met One BAM-1020 Mass Monitor w/VSCC","47300","Visalia-Porterville, CA","06","California","107","Tulare","36.30815","-119.3129"
"12/06/2025","AQS","061072003","3","30.9","ug/m3 LC","92","Visalia-W. Ashland Avenue","1","100.0000","88101","PM2.5 - Local Conditions","170","Met One BAM-1020 Mass Monitor w/VSCC","47300","Visalia-Porterville, CA","06","California","107","Tulare","36.30815","-119.3129"
"12/07/2025","AQS","061072003","3","28.9","ug/m3 LC","88","Visalia-W. Ashland Avenue","1","100.0000","88101","PM2.5 - Local Conditions","170","Met One BAM-1020 Mass Monitor w/VSCC","47300","Visalia-Porterville, CA","06","California","107","Tulare","36.30815","-119.3129"
"12/08/2025","AQS","061072003","3","34.1","ug/m3 LC","98","Visalia-W. Ashland Avenue","1","100.0000","88101","PM2.5 - Local Conditions","170","Met One BAM-1020 Mass Monitor w/VSCC","47300","Visalia-Porterville, CA","06","California","107","Tulare","36.30815","-119.3129"
"12/09/2025","AQS","061072003","3","33.7","ug/m3 LC","97","Visalia-W. Ashland Avenue","1","100.0000","88101","PM2.5 - Local Conditions","170","Met One BAM-1020 Mass Monitor w/VSCC","47300","Visalia-Porterville, CA","06","California","107","Tulare","36.30815","-119.3129"
"12/10/2025","AQS","061072003","3","18.1","ug/m3 LC","68","Visalia-W. Ashland Avenue","1","100.0000","88101","PM2.5 - Local Conditions","170","Met One BAM-1020 Mass Monitor w/VSCC","47300","Visalia-Porterville, CA","06","California","107","Tulare","36.30815","-119.3129"
"12/11/2025","AQS","061072003","3","15.8","ug/m3 LC","63","Visalia-W. Ashland Avenue","1","100.0000","88101","PM2.5 - Local Conditions","170","Met One BAM-1020 Mass Monitor w/VSCC","47300","Visalia-Porterville, CA","06","California","107","Tulare","36.30815","-119.3129"
"12/12/2025","AQS","061072003","3","14.1","ug/m3 LC","60","Visalia-W. Ashland Avenue","1","100.0000","88101","PM2.5 - Local Conditions","170","Met One BAM-1020 Mass Monitor w/VSCC","47300","Visalia-Porterville, CA","06","California","107","Tulare","36.30815","-119.3129"
"12/13/2025","AQS","061072003","3","11","ug/m3 LC","55","Visalia-W. Ashland Avenue","1","100.0000","88101","PM2.5 - Local Conditions","170","Met One BAM-1020 Mass Monitor w/VSCC","47300","Visalia-Porterville, CA","06","California","107","Tulare","36.30815","-119.3129"
"12/14/2025","AQS","061072003","3","12.5","ug/m3 LC","57","Visalia-W. Ashland Avenue","1","100.0000","88101","PM2.5 - Local Conditions","170","Met One BAM-1020 Mass Monitor w/VSCC","47300","Visalia-Porterville, CA","06","California","107","Tulare","36.30815","-119.3129"
"12/15/2025","AQS","061072003","3","11.6","ug/m3 LC","56","Visalia-W. Ashland Avenue","1","100.0000","88101","PM2.5 - Local Conditions","170","Met One BAM-1020 Mass Monitor w/VSCC","47300","Visalia-Porterville, CA","06","California","107","Tulare","36.30815","-119.3129"
"12/16/2025","AQS","061072003","3","15.7","ug/m3 LC","63","Visalia-W. Ashland Avenue","1","100.0000","88101","PM2.5 - Local Conditions","170","Met One BAM-1020 Mass Monitor w/VSCC","47300","Visalia-Porterville, CA","06","California","107","Tulare","36.30815","-119.3129"
"12/17/2025","AQS","061072003","3","15.5","ug/m3 LC","63","Visalia-W. Ashland Avenue","1","100.0000","88101","PM2.5 - Local Conditions","170","Met One BAM-1020 Mass Monitor w/VSCC","47300","Visalia-Porterville, CA","06","California","107","Tulare","36.30815","-119.3129"
"12/18/2025","AQS","061072003","3","12.6","ug/m3 LC","58","Visalia-W. Ashland Avenue","1","100.0000","88101","PM2.5 - Local Conditions","170","Met One BAM-1020 Mass Monitor w/VSCC","47300","Visalia-Porterville, CA","06","California","107","Tulare","36.30815","-119.3129"
"12/19/2025","AQS","061072003","3","16.7","ug/m3 LC","65","Visalia-W. Ashland Avenue","1","100.0000","88101","PM2.5 - Local Conditions","170","Met One BAM-1020 Mass Monitor w/VSCC","47300","Visalia-Porterville, CA","06","California","107","Tulare","36.30815","-119.3129"
"12/20/2025","AQS","061072003","3","21.1","ug/m3 LC","73","Visalia-W. Ashland Avenue","1","100.0000","88101","PM2.5 - Local Conditions","170","Met One BAM-1020 Mass Monitor w/VSCC","47300","Visalia-Porterville, CA","06","California","107","Tulare","36.30815","-119.3129"
"12/21/2025","AQS","061072003","3","7.6","ug/m3 LC","42","Visalia-W. Ashland Avenue","1","100.0000","88101","PM2.5 - Local Conditions","170","Met One BAM-1020 Mass Monitor w/VSCC","47300","Visalia-Porterville, CA","06","California","107","Tulare","36.30815","-119.3129"
"12/22/2025","AQS","061072003","3","10.4","ug/m3 LC","53","Visalia-W. Ashland Avenue","1","100.0000","88101","PM2.5 - Local Conditions","170","Met One BAM-1020 Mass Monitor w/VSCC","47300","Visalia-Porterville, CA","06","California","107","Tulare","36.30815","-119.3129"
"12/23/2025","AQS","061072003","3","12.1","ug/m3 LC","57","Visalia-W. Ashland Avenue","1","100.0000","88101","PM2.5 - Local Conditions","170","Met One BAM-1020 Mass Monitor w/VSCC","47300","Visalia-Porterville, CA","06","California","107","Tulare","36.30815","-119.3129"
"12/24/2025","AQS","061072003","3","5.2","ug/m3 LC","29","Visalia-W. Ashland Avenue","1","100.0000","88101","PM2.5 - Local Conditions","170","Met One BAM-1020 Mass Monitor w/VSCC","47300","Visalia-Porterville, CA","06","California","107","Tulare","36.30815","-119.3129"
"12/25/2025","AQS","061072003","3","3.5","ug/m3 LC","19","Visalia-W. Ashland Avenue","1","100.0000","88101","PM2.5 - Local Conditions","170","Met One BAM-1020 Mass Monitor w/VSCC","47300","Visalia-Porterville, CA","06","California","107","Tulare","36.30815","-119.3129"
"12/26/2025","AQS","061072003","3","3.4","ug/m3 LC","19","Visalia-W. Ashland Avenue","1","100.0000","88101","PM2.5 - Local Conditions","170","Met One BAM-1020 Mass Monitor w/VSCC","47300","Visalia-Porterville, CA","06","California","107","Tulare","36.30815","-119.3129"
"12/27/2025","AQS","061072003","3","8","ug/m3 LC","44","Visalia-W. Ashland Avenue","1","100.0000","88101","PM2.5 - Local Conditions","170","Met One BAM-1020 Mass Monitor w/VSCC","47300","Visalia-Porterville, CA","06","California","107","Tulare","36.30815","-119.3129"
"12/28/2025","AQS","061072003","3","9.8","ug/m3 LC","52","Visalia-W. Ashland Avenue","1","100.0000","88101","PM2.5 - Local Conditions","170","Met One BAM-1020 Mass Monitor w/VSCC","47300","Visalia-Porterville, CA","06","California","107","Tulare","36.30815","-119.3129"
"12/29/2025","AQS","061072003","3","16.6","ug/m3 LC","65","Visalia-W. Ashland Avenue","1","100.0000","88101","PM2.5 - Local Conditions","170","Met One BAM-1020 Mass Monitor w/VSCC","47300","Visalia-Porterville, CA","06","California","107","Tulare","36.30815","-119.3129"
"12/30/2025","AQS","061072003","3","18.8","ug/m3 LC","69","Visalia-W. Ashland Avenue","1","100.0000","88101","PM2.5 - Local Conditions","170","Met One BAM-1020 Mass Monitor w/VSCC","47300","Visalia-Porterville, CA","06","California","107","Tulare","36.30815","-119.3129"
"12/31/2025","AQS","061072003","3","25","ug/m3 LC","81","Visalia-W. Ashland Avenue","1","100.0000","88101","PM2.5 - Local Conditions","170","Met One BAM-1020 Mass Monitor w/VSCC","47300","Visalia-Porterville, CA","06","California","107","Tulare","36.30815","-119.3129"
"01/01/2025","AQS","061072003","5","36.8","ug/m3 LC","104","Visalia-W. Ashland Avenue","1","100.0000","88502","Acceptable PM2.5 AQI & Speciation Mass","810","Met One SASS/SuperSASS Teflon","47300","Visalia-Porterville, CA","06","California","107","Tulare","36.30815","-119.3129"
"01/07/2025","AQS","061072003","5","26","ug/m3 LC","82","Visalia-W. Ashland Avenue","1","100.0000","88502","Acceptable PM2.5 AQI & Speciation Mass","810","Met One SASS/SuperSASS Teflon","47300","Visalia-Porterville, CA","06","California","107","Tulare","36.30815","-119.3129"
"01/13/2025","AQS","061072003","5","14.2","ug/m3 LC","61","Visalia-W. Ashland Avenue","1","100.0000","88502","Acceptable PM2.5 AQI & Speciation Mass","810","Met One SASS/SuperSASS Teflon","47300","Visalia-Porterville, CA","06","California","107","Tulare","36.30815","-119.3129"
"01/25/2025","AQS","061072003","5","15.3","ug/m3 LC","63","Visalia-W. Ashland Avenue","1","100.0000","88502","Acceptable PM2.5 AQI & Speciation Mass","810","Met One SASS/SuperSASS Teflon","47300","Visalia-Porterville, CA","06","California","107","Tulare","36.30815","-119.3129"
"01/31/2025","AQS","061072003","5","33.7","ug/m3 LC","97","Visalia-W. Ashland Avenue","1","100.0000","88502","Acceptable PM2.5 AQI & Speciation Mass","810","Met One SASS/SuperSASS Teflon","47300","Visalia-Porterville, CA","06","California","107","Tulare","36.30815","-119.3129"
"02/06/2025","AQS","061072003","5","5.3","ug/m3 LC","29","Visalia-W. Ashland Avenue","1","100.0000","88502","Acceptable PM2.5 AQI & Speciation Mass","810","Met One SASS/SuperSASS Teflon","47300","Visalia-Porterville, CA","06","California","107","Tulare","36.30815","-119.3129"
"02/12/2025","AQS","061072003","5","8.4","ug/m3 LC","47","Visalia-W. Ashland Avenue","1","100.0000","88502","Acceptable PM2.5 AQI & Speciation Mass","810","Met One SASS/SuperSASS Teflon","47300","Visalia-Porterville, CA","06","California","107","Tulare","36.30815","-119.3129"
"02/24/2025","AQS","061072003","5","13.6","ug/m3 LC","59","Visalia-W. Ashland Avenue","1","100.0000","88502","Acceptable PM2.5 AQI & Speciation Mass","810","Met One SASS/SuperSASS Teflon","47300","Visalia-Porterville, CA","06","California","107","Tulare","36.30815","-119.3129"
"03/02/2025","AQS","061072003","5","3","ug/m3 LC","17","Visalia-W. Ashland Avenue","1","100.0000","88502","Acceptable PM2.5 AQI & Speciation Mass","810","Met One SASS/SuperSASS Teflon","47300","Visalia-Porterville, CA","06","California","107","Tulare","36.30815","-119.3129"
"03/08/2025","AQS","061072003","5","12.2","ug/m3 LC","57","Visalia-W. Ashland Avenue","1","100.0000","88502","Acceptable PM2.5 AQI & Speciation Mass","810","Met One SASS/SuperSASS Teflon","47300","Visalia-Porterville, CA","06","California","107","Tulare","36.30815","-119.3129"
"03/12/2025","AQS","061072003","5","5.1","ug/m3 LC","28","Visalia-W. Ashland Avenue","1","100.0000","88502","Acceptable PM2.5 AQI & Speciation Mass","810","Met One SASS/SuperSASS Teflon","47300","Visalia-Porterville, CA","06","California","107","Tulare","36.30815","-119.3129"
"03/14/2025","AQS","061072003","5","3","ug/m3 LC","17","Visalia-W. Ashland Avenue","1","100.0000","88502","Acceptable PM2.5 AQI & Speciation Mass","810","Met One SASS/SuperSASS Teflon","47300","Visalia-Porterville, CA","06","California","107","Tulare","36.30815","-119.3129"
"03/20/2025","AQS","061072003","5","4.2","ug/m3 LC","23","Visalia-W. Ashland Avenue","1","100.0000","88502","Acceptable PM2.5 AQI & Speciation Mass","810","Met One SASS/SuperSASS Teflon","47300","Visalia-Porterville, CA","06","California","107","Tulare","36.30815","-119.3129"
"03/26/2025","AQS","061072003","5","8.1","ug/m3 LC","45","Visalia-W. Ashland Avenue","1","100.0000","88502","Acceptable PM2.5 AQI & Speciation Mass","810","Met One SASS/SuperSASS Teflon","47300","Visalia-Porterville, CA","06","California","107","Tulare","36.30815","-119.3129"
"04/01/2025","AQS","061072003","5","3.2","ug/m3 LC","18","Visalia-W. Ashland Avenue","1","100.0000","88502","Acceptable PM2.5 AQI & Speciation Mass","810","Met One SASS/SuperSASS Teflon","47300","Visalia-Porterville, CA","06","California","107","Tulare","36.30815","-119.3129"
"04/07/2025","AQS","061072003","5","7.8","ug/m3 LC","43","Visalia-W. Ashland Avenue","1","100.0000","88502","Acceptable PM2.5 AQI & Speciation Mass","810","Met One SASS/SuperSASS Teflon","47300","Visalia-Porterville, CA","06","California","107","Tulare","36.30815","-119.3129"
"04/13/2025","AQS","061072003","5","8.5","ug/m3 LC","47","Visalia-W. Ashland Avenue","1","100.0000","88502","Acceptable PM2.5 AQI & Speciation Mass","810","Met One SASS/SuperSASS Teflon","47300","Visalia-Porterville, CA","06","California","107","Tulare","36.30815","-119.3129"
"04/22/2025","AQS","061072003","5","9","ug/m3 LC","50","Visalia-W. Ashland Avenue","1","100.0000","88502","Acceptable PM2.5 AQI & Speciation Mass","810","Met One SASS/SuperSASS Teflon","47300","Visalia-Porterville, CA","06","California","107","Tulare","36.30815","-119.3129"
"04/25/2025","AQS","061072003","5","6.4","ug/m3 LC","36","Visalia-W. Ashland Avenue","1","100.0000","88502","Acceptable PM2.5 AQI & Speciation Mass","810","Met One SASS/SuperSASS Teflon","47300","Visalia-Porterville, CA","06","California","107","Tulare","36.30815","-119.3129"
"05/01/2025","AQS","061072003","5","11.9","ug/m3 LC","56","Visalia-W. Ashland Avenue","1","100.0000","88502","Acceptable PM2.5 AQI & Speciation Mass","810","Met One SASS/SuperSASS Teflon","47300","Visalia-Porterville, CA","06","California","107","Tulare","36.30815","-119.3129"
"05/07/2025","AQS","061072003","5","10.6","ug/m3 LC","54","Visalia-W. Ashland Avenue","1","100.0000","88502","Acceptable PM2.5 AQI & Speciation Mass","810","Met One SASS/SuperSASS Teflon","47300","Visalia-Porterville, CA","06","California","107","Tulare","36.30815","-119.3129"
"05/13/2025","AQS","061072003","5","4.9","ug/m3 LC","27","Visalia-W. Ashland Avenue","1","100.0000","88502","Acceptable PM2.5 AQI & Speciation Mass","810","Met One SASS/SuperSASS Teflon","47300","Visalia-Porterville, CA","06","California","107","Tulare","36.30815","-119.3129"
"05/19/2025","AQS","061072003","5","10","ug/m3 LC","53","Visalia-W. Ashland Avenue","1","100.0000","88502","Acceptable PM2.5 AQI & Speciation Mass","810","Met One SASS/SuperSASS Teflon","47300","Visalia-Porterville, CA","06","California","107","Tulare","36.30815","-119.3129"
"05/25/2025","AQS","061072003","5","8.2","ug/m3 LC","46","Visalia-W. Ashland Avenue","1","100.0000","88502","Acceptable PM2.5 AQI & Speciation Mass","810","Met One SASS/SuperSASS Teflon","47300","Visalia-Porterville, CA","06","California","107","Tulare","36.30815","-119.3129"
"06/04/2025","AQS","061072003","5","13.1","ug/m3 LC","58","Visalia-W. Ashland Avenue","1","100.0000","88502","Acceptable PM2.5 AQI & Speciation Mass","810","Met One SASS/SuperSASS Teflon","47300","Visalia-Porterville, CA","06","California","107","Tulare","36.30815","-119.3129"
"06/06/2025","AQS","061072003","5","10.5","ug/m3 LC","54","Visalia-W. Ashland Avenue","1","100.0000","88502","Acceptable PM2.5 AQI & Speciation Mass","810","Met One SASS/SuperSASS Teflon","47300","Visalia-Porterville, CA","06","California","107","Tulare","36.30815","-119.3129"
"06/12/2025","AQS","061072003","5","10.5","ug/m3 LC","54","Visalia-W. Ashland Avenue","1","100.0000","88502","Acceptable PM2.5 AQI & Speciation Mass","810","Met One SASS/SuperSASS Teflon","47300","Visalia-Porterville, CA","06","California","107","Tulare","36.30815","-119.3129"
"06/18/2025","AQS","061072003","5","14.7","ug/m3 LC","61","Visalia-W. Ashland Avenue","1","100.0000","88502","Acceptable PM2.5 AQI & Speciation Mass","810","Met One SASS/SuperSASS Teflon","47300","Visalia-Porterville, CA","06","California","107","Tulare","36.30815","-119.3129"
"06/24/2025","AQS","061072003","5","9.9","ug/m3 LC","52","Visalia-W. Ashland Avenue","1","100.0000","88502","Acceptable PM2.5 AQI & Speciation Mass","810","Met One SASS/SuperSASS Teflon","47300","Visalia-Porterville, CA","06","California","107","Tulare","36.30815","-119.3129"
"06/30/2025","AQS","061072003","5","9.9","ug/m3 LC","52","Visalia-W. Ashland Avenue","1","100.0000","88502","Acceptable PM2.5 AQI & Speciation Mass","810","Met One SASS/SuperSASS Teflon","47300","Visalia-Porterville, CA","06","California","107","Tulare","36.30815","-119.3129"
"07/06/2025","AQS","061072003","5","9","ug/m3 LC","50","Visalia-W. Ashland Avenue","1","100.0000","88502","Acceptable PM2.5 AQI & Speciation Mass","810","Met One SASS/SuperSASS Teflon","47300","Visalia-Porterville, CA","06","California","107","Tulare","36.30815","-119.3129"
"07/12/2025","AQS","061072003","5","18.7","ug/m3 LC","69","Visalia-W. Ashland Avenue","1","100.0000","88502","Acceptable PM2.5 AQI & Speciation Mass","810","Met One SASS/SuperSASS Teflon","47300","Visalia-Porterville, CA","06","California","107","Tulare","36.30815","-119.3129"
"07/18/2025","AQS","061072003","5","7.7","ug/m3 LC","43","Visalia-W. Ashland Avenue","1","100.0000","88502","Acceptable PM2.5 AQI & Speciation Mass","810","Met One SASS/SuperSASS Teflon","47300","Visalia-Porterville, CA","06","California","107","Tulare","36.30815","-119.3129"
"07/24/2025","AQS","061072003","5","6.6","ug/m3 LC","37","Visalia-W. Ashland Avenue","1","100.0000","88502","Acceptable PM2.5 AQI & Speciation Mass","810","Met One SASS/SuperSASS Teflon","47300","Visalia-Porterville, CA","06","California","107","Tulare","36.30815","-119.3129"
"07/30/2025","AQS","061072003","5","7.3","ug/m3 LC","41","Visalia-W. Ashland Avenue","1","100.0000","88502","Acceptable PM2.5 AQI & Speciation Mass","810","Met One SASS/SuperSASS Teflon","47300","Visalia-Porterville, CA","06","California","107","Tulare","36.30815","-119.3129"
"08/05/2025","AQS","061072003","5","6","ug/m3 LC","33","Visalia-W. Ashland Avenue","1","100.0000","88502","Acceptable PM2.5 AQI & Speciation Mass","810","Met One SASS/SuperSASS Teflon","47300","Visalia-Porterville, CA","06","California","107","Tulare","36.30815","-119.3129"
"08/11/2025","AQS","061072003","5","12.6","ug/m3 LC","58","Visalia-W. Ashland Avenue","1","100.0000","88502","Acceptable PM2.5 AQI & Speciation Mass","810","Met One SASS/SuperSASS Teflon","47300","Visalia-Porterville, CA","06","California","107","Tulare","36.30815","-119.3129"
"08/17/2025","AQS","061072003","5","4.2","ug/m3 LC","23","Visalia-W. Ashland Avenue","1","100.0000","88502","Acceptable PM2.5 AQI & Speciation Mass","810","Met One SASS/SuperSASS Teflon","47300","Visalia-Porterville, CA","06","California","107","Tulare","36.30815","-119.3129"
"08/23/2025","AQS","061072003","5","15.9","ug/m3 LC","64","Visalia-W. Ashland Avenue","1","100.0000","88502","Acceptable PM2.5 AQI & Speciation Mass","810","Met One SASS/SuperSASS Teflon","47300","Visalia-Porterville, CA","06","California","107","Tulare","36.30815","-119.3129"
"08/29/2025","AQS","061072003","5","12.8","ug/m3 LC","58","Visalia-W. Ashland Avenue","1","100.0000","88502","Acceptable PM2.5 AQI & Speciation Mass","810","Met One SASS/SuperSASS Teflon","47300","Visalia-Porterville, CA","06","California","107","Tulare","36.30815","-119.3129"
"09/04/2025","AQS","061072003","5","13.1","ug/m3 LC","58","Visalia-W. Ashland Avenue","1","100.0000","88502","Acceptable PM2.5 AQI & Speciation Mass","810","Met One SASS/SuperSASS Teflon","47300","Visalia-Porterville, CA","06","California","107","Tulare","36.30815","-119.3129"
"09/10/2025","AQS","061072003","5","4.5","ug/m3 LC","25","Visalia-W. Ashland Avenue","1","100.0000","88502","Acceptable PM2.5 AQI & Speciation Mass","810","Met One SASS/SuperSASS Teflon","47300","Visalia-Porterville, CA","06","California","107","Tulare","36.30815","-119.3129"
"09/16/2025","AQS","061072003","5","14.1","ug/m3 LC","60","Visalia-W. Ashland Avenue","1","100.0000","88502","Acceptable PM2.5 AQI & Speciation Mass","810","Met One SASS/SuperSASS Teflon","47300","Visalia-Porterville, CA","06","California","107","Tulare","36.30815","-119.3129"
"09/22/2025","AQS","061072003","5","11.6","ug/m3 LC","56","Visalia-W. Ashland Avenue","1","100.0000","88502","Acceptable PM2.5 AQI & Speciation Mass","810","Met One SASS/SuperSASS Teflon","47300","Visalia-Porterville, CA","06","California","107","Tulare","36.30815","-119.3129"
"09/28/2025","AQS","061072003","5","7.1","ug/m3 LC","39","Visalia-W. Ashland Avenue","1","100.0000","88502","Acceptable PM2.5 AQI & Speciation Mass","810","Met One SASS/SuperSASS Teflon","47300","Visalia-Porterville, CA","06","California","107","Tulare","36.30815","-119.3129"
"10/04/2025","AQS","061072003","5","8","ug/m3 LC","44","Visalia-W. Ashland Avenue","1","100.0000","88502","Acceptable PM2.5 AQI & Speciation Mass","810","Met One SASS/SuperSASS Teflon","47300","Visalia-Porterville, CA","06","California","107","Tulare","36.30815","-119.3129"
"10/16/2025","AQS","061072003","5","11.2","ug/m3 LC","55","Visalia-W. Ashland Avenue","1","100.0000","88502","Acceptable PM2.5 AQI & Speciation Mass","810","Met One SASS/SuperSASS Teflon","47300","Visalia-Porterville, CA","06","California","107","Tulare","36.30815","-119.3129"
"10/22/2025","AQS","061072003","5","16.3","ug/m3 LC","64","Visalia-W. Ashland Avenue","1","100.0000","88502","Acceptable PM2.5 AQI & Speciation Mass","810","Met One SASS/SuperSASS Teflon","47300","Visalia-Porterville, CA","06","California","107","Tulare","36.30815","-119.3129"
"10/28/2025","AQS","061072003","5","16.5","ug/m3 LC","65","Visalia-W. Ashland Avenue","1","100.0000","88502","Acceptable PM2.5 AQI & Speciation Mass","810","Met One SASS/SuperSASS Teflon","47300","Visalia-Porterville, CA","06","California","107","Tulare","36.30815","-119.3129"
"11/03/2025","AQS","061072003","5","26.8","ug/m3 LC","84","Visalia-W. Ashland Avenue","1","100.0000","88502","Acceptable PM2.5 AQI & Speciation Mass","810","Met One SASS/SuperSASS Teflon","47300","Visalia-Porterville, CA","06","California","107","Tulare","36.30815","-119.3129"
"11/09/2025","AQS","061072003","5","20.2","ug/m3 LC","72","Visalia-W. Ashland Avenue","1","100.0000","88502","Acceptable PM2.5 AQI & Speciation Mass","810","Met One SASS/SuperSASS Teflon","47300","Visalia-Porterville, CA","06","California","107","Tulare","36.30815","-119.3129"
"11/20/2025","AQS","061072003","5","13.3","ug/m3 LC","59","Visalia-W. Ashland Avenue","1","100.0000","88502","Acceptable PM2.5 AQI & Speciation Mass","810","Met One SASS/SuperSASS Teflon","47300","Visalia-Porterville, CA","06","California","107","Tulare","36.30815","-119.3129"
"11/24/2025","AQS","061072003","5","25.8","ug/m3 LC","82","Visalia-W. Ashland Avenue","1","100.0000","88502","Acceptable PM2.5 AQI & Speciation Mass","810","Met One SASS/SuperSASS Teflon","47300","Visalia-Porterville, CA","06","California","107","Tulare","36.30815","-119.3129"
"11/27/2025","AQS","061072003","5","32.3","ug/m3 LC","94","Visalia-W. Ashland Avenue","1","100.0000","88502","Acceptable PM2.5 AQI & Speciation Mass","810","Met One SASS/SuperSASS Teflon","47300","Visalia-Porterville, CA","06","California","107","Tulare","36.30815","-119.3129"
"12/03/2025","AQS","061072003","5","18.3","ug/m3 LC","68","Visalia-W. Ashland Avenue","1","100.0000","88502","Acceptable PM2.5 AQI & Speciation Mass","810","Met One SASS/SuperSASS Teflon","47300","Visalia-Porterville, CA","06","California","107","Tulare","36.30815","-119.3129"
"12/09/2025","AQS","061072003","5","34.7","ug/m3 LC","99","Visalia-W. Ashland Avenue","1","100.0000","88502","Acceptable PM2.5 AQI & Speciation Mass","810","Met One SASS/SuperSASS Teflon","47300","Visalia-Porterville, CA","06","California","107","Tulare","36.30815","-119.3129"
"12/15/2025","AQS","061072003","5","15","ug/m3 LC","62","Visalia-W. Ashland Avenue","1","100.0000","88502","Acceptable PM2.5 AQI & Speciation Mass","810","Met One SASS/SuperSASS Teflon","47300","Visalia-Porterville, CA","06","California","107","Tulare","36.30815","-119.3129"
"12/21/2025","AQS","061072003","5","8.7","ug/m3 LC","48","Visalia-W. Ashland Avenue","1","100.0000","88502","Acceptable PM2.5 AQI & Speciation Mass","810","Met One SASS/SuperSASS Teflon","47300","Visalia-Porterville, CA","06","California","107","Tulare","36.30815","-119.3129"
"01/01/2025","AQS","061072010","3","18.5","ug/m3 LC","69","Porterville","1","100.0000","88502","Acceptable PM2.5 AQI & Speciation Mass","731","Met-One BAM-1020 W/PM2.5 SCC","47300","Visalia-Porterville, CA","06","California","107","Tulare","36.0318310008979","-119.055018"
"01/02/2025","AQS","061072010","3","19.7","ug/m3 LC","71","Porterville","1","100.0000","88502","Acceptable PM2.5 AQI & Speciation Mass","731","Met-One BAM-1020 W/PM2.5 SCC","47300","Visalia-Porterville, CA","06","California","107","Tulare","36.0318310008979","-119.055018"
"01/03/2025","AQS","061072010","3","12.2","ug/m3 LC","57","Porterville","1","100.0000","88502","Acceptable PM2.5 AQI & Speciation Mass","731","Met-One BAM-1020 W/PM2.5 SCC","47300","Visalia-Porterville, CA","06","California","107","Tulare","36.0318310008979","-119.055018"
"01/04/2025","AQS","061072010","3","9.6","ug/m3 LC","52","Porterville","1","100.0000","88502","Acceptable PM2.5 AQI & Speciation Mass","731","Met-One BAM-1020 W/PM2.5 SCC","47300","Visalia-Porterville, CA","06","California","107","Tulare","36.0318310008979","-119.055018"
"01/05/2025","AQS","061072010","3","12.7","ug/m3 LC","58","Porterville","1","100.0000","88502","Acceptable PM2.5 AQI & Speciation Mass","731","Met-One BAM-1020 W/PM2.5 SCC","47300","Visalia-Porterville, CA","06","California","107","Tulare","36.0318310008979","-119.055018"
"01/06/2025","AQS","061072010","3","12.9","ug/m3 LC","58","Porterville","1","100.0000","88502","Acceptable PM2.5 AQI & Speciation Mass","731","Met-One BAM-1020 W/PM2.5 SCC","47300","Visalia-Porterville, CA","06","California","107","Tulare","36.0318310008979","-119.055018"
"01/07/2025","AQS","061072010","3","22.3","ug/m3 LC","76","Porterville","1","100.0000","88502","Acceptable PM2.5 AQI & Speciation Mass","731","Met-One BAM-1020 W/PM2.5 SCC","47300","Visalia-Porterville, CA","06","California","107","Tulare","36.0318310008979","-119.055018"
"01/08/2025","AQS","061072010","3","19.7","ug/m3 LC","71","Porterville","1","100.0000","88502","Acceptable PM2.5 AQI & Speciation Mass","731","Met-One BAM-1020 W/PM2.5 SCC","47300","Visalia-Porterville, CA","06","California","107","Tulare","36.0318310008979","-119.055018"
"01/09/2025","AQS","061072010","3","18.4","ug/m3 LC","68","Porterville","1","100.0000","88502","Acceptable PM2.5 AQI & Speciation Mass","731","Met-One BAM-1020 W/PM2.5 SCC","47300","Visalia-Porterville, CA","06","California","107","Tulare","36.0318310008979","-119.055018"
"01/10/2025","AQS","061072010","3","8.3","ug/m3 LC","46","Porterville","1","100.0000","88502","Acceptable PM2.5 AQI & Speciation Mass","731","Met-One BAM-1020 W/PM2.5 SCC","47300","Visalia-Porterville, CA","06","California","107","Tulare","36.0318310008979","-119.055018"
"01/11/2025","AQS","061072010","3","17.4","ug/m3 LC","66","Porterville","1","100.0000","88502","Acceptable PM2.5 AQI & Speciation Mass","731","Met-One BAM-1020 W/PM2.5 SCC","47300","Visalia-Porterville, CA","06","California","107","Tulare","36.0318310008979","-119.055018"
"01/12/2025","AQS","061072010","3","10.6","ug/m3 LC","54","Porterville","1","100.0000","88502","Acceptable PM2.5 AQI & Speciation Mass","731","Met-One BAM-1020 W/PM2.5 SCC","47300","Visalia-Porterville, CA","06","California","107","Tulare","36.0318310008979","-119.055018"
"01/13/2025","AQS","061072010","3","10.2","ug/m3 LC","53","Porterville","1","100.0000","88502","Acceptable PM2.5 AQI & Speciation Mass","731","Met-One BAM-1020 W/PM2.5 SCC","47300","Visalia-Porterville, CA","06","California","107","Tulare","36.0318310008979","-119.055018"
"01/14/2025","AQS","061072010","3","13.2","ug/m3 LC","59","Porterville","1","100.0000","88502","Acceptable PM2.5 AQI & Speciation Mass","731","Met-One BAM-1020 W/PM2.5 SCC","47300","Visalia-Porterville, CA","06","California","107","Tulare","36.0318310008979","-119.055018"
"01/15/2025","AQS","061072010","3","9.2","ug/m3 LC","51","Porterville","1","100.0000","88502","Acceptable PM2.5 AQI & Speciation Mass","731","Met-One BAM-1020 W/PM2.5 SCC","47300","Visalia-Porterville, CA","06","California","107","Tulare","36.0318310008979","-119.055018"
"01/16/2025","AQS","061072010","3","7.6","ug/m3 LC","42","Porterville","1","100.0000","88502","Acceptable PM2.5 AQI & Speciation Mass","731","Met-One BAM-1020 W/PM2.5 SCC","47300","Visalia-Porterville, CA","06","California","107","Tulare","36.0318310008979","-119.055018"
"01/17/2025","AQS","061072010","3","14.6","ug/m3 LC","61","Porterville","1","100.0000","88502","Acceptable PM2.5 AQI & Speciation Mass","731","Met-One BAM-1020 W/PM2.5 SCC","47300","Visalia-Porterville, CA","06","California","107","Tulare","36.0318310008979","-119.055018"
"01/18/2025","AQS","061072010","3","21","ug/m3 LC","73","Porterville","1","100.0000","88502","Acceptable PM2.5 AQI & Speciation Mass","731","Met-One BAM-1020 W/PM2.5 SCC","47300","Visalia-Porterville, CA","06","California","107","Tulare","36.0318310008979","-119.055018"
"01/19/2025","AQS","061072010","3","27.2","ug/m3 LC","85","Porterville","1","100.0000","88502","Acceptable PM2.5 AQI & Speciation Mass","731","Met-One BAM-1020 W/PM2.5 SCC","47300","Visalia-Porterville, CA","06","California","107","Tulare","36.0318310008979","-119.055018"
"01/20/2025","AQS","061072010","3","28.5","ug/m3 LC","87","Porterville","1","100.0000","88502","Acceptable PM2.5 AQI & Speciation Mass","731","Met-One BAM-1020 W/PM2.5 SCC","47300","Visalia-Porterville, CA","06","California","107","Tulare","36.0318310008979","-119.055018"
"01/21/2025","AQS","061072010","3","22.8","ug/m3 LC","77","Porterville","1","100.0000","88502","Acceptable PM2.5 AQI & Speciation Mass","731","Met-One BAM-1020 W/PM2.5 SCC","47300","Visalia-Porterville, CA","06","California","107","Tulare","36.0318310008979","-119.055018"
"01/22/2025","AQS","061072010","3","22.6","ug/m3 LC","76","Porterville","1","100.0000","88502","Acceptable PM2.5 AQI & Speciation Mass","731","Met-One BAM-1020 W/PM2.5 SCC","47300","Visalia-Porterville, CA","06","California","107","Tulare","36.0318310008979","-119.055018"
"01/23/2025","AQS","061072010","3","21.4","ug/m3 LC","74","Porterville","1","100.0000","88502","Acceptable PM2.5 AQI & Speciation Mass","731","Met-One BAM-1020 W/PM2.5 SCC","47300","Visalia-Porterville, CA","06","California","107","Tulare","36.0318310008979","-119.055018"
"01/24/2025","AQS","061072010","3","11.1","ug/m3 LC","55","Porterville","1","100.0000","88502","Acceptable PM2.5 AQI & Speciation Mass","731","Met-One BAM-1020 W/PM2.5 SCC","47300","Visalia-Porterville, CA","06","California","107","Tulare","36.0318310008979","-119.055018"
"01/25/2025","AQS","061072010","3","8.6","ug/m3 LC","48","Porterville","1","100.0000","88502","Acceptable PM2.5 AQI & Speciation Mass","731","Met-One BAM-1020 W/PM2.5 SCC","47300","Visalia-Porterville, CA","06","California","107","Tulare","36.0318310008979","-119.055018"
"01/26/2025","AQS","061072010","3","8.1","ug/m3 LC","45","Porterville","1","100.0000","88502","Acceptable PM2.5 AQI & Speciation Mass","731","Met-One BAM-1020 W/PM2.5 SCC","47300","Visalia-Porterville, CA","06","California","107","Tulare","36.0318310008979","-119.055018"
"01/27/2025","AQS","061072010","3","7.1","ug/m3 LC","39","Porterville","1","100.0000","88502","Acceptable PM2.5 AQI & Speciation Mass","731","Met-One BAM-1020 W/PM2.5 SCC","47300","Visalia-Porterville, CA","06","California","107","Tulare","36.0318310008979","-119.055018"
"01/28/2025","AQS","061072010","3","8.5","ug/m3 LC","47","Porterville","1","100.0000","88502","Acceptable PM2.5 AQI & Speciation Mass","731","Met-One BAM-1020 W/PM2.5 SCC","47300","Visalia-Porterville, CA","06","California","107","Tulare","36.0318310008979","-119.055018"
"01/29/2025","AQS","061072010","3","11.2","ug/m3 LC","55","Porterville","1","100.0000","88502","Acceptable PM2.5 AQI & Speciation Mass","731","Met-One BAM-1020 W/PM2.5 SCC","47300","Visalia-Porterville, CA","06","California","107","Tulare","36.0318310008979","-119.055018"
"01/30/2025","AQS","061072010","3","18.2","ug/m3 LC","68","Porterville","1","100.0000","88502","Acceptable PM2.5 AQI & Speciation Mass","731","Met-One BAM-1020 W/PM2.5 SCC","47300","Visalia-Porterville, CA","06","California","107","Tulare","36.0318310008979","-119.055018"
"01/31/2025","AQS","061072010","3","25","ug/m3 LC","81","Porterville","1","100.0000","88502","Acceptable PM2.5 AQI & Speciation Mass","731","Met-One BAM-1020 W/PM2.5 SCC","47300","Visalia-Porterville, CA","06","California","107","Tulare","36.0318310008979","-119.055018"
"02/01/2025","AQS","061072010","3","17.7","ug/m3 LC","67","Porterville","1","100.0000","88502","Acceptable PM2.5 AQI & Speciation Mass","731","Met-One BAM-1020 W/PM2.5 SCC","47300","Visalia-Porterville, CA","06","California","107","Tulare","36.0318310008979","-119.055018"
"02/02/2025","AQS","061072010","3","8.6","ug/m3 LC","48","Porterville","1","100.0000","88502","Acceptable PM2.5 AQI & Speciation Mass","731","Met-One BAM-1020 W/PM2.5 SCC","47300","Visalia-Porterville, CA","06","California","107","Tulare","36.0318310008979","-119.055018"
"02/03/2025","AQS","061072010","3","7.4","ug/m3 LC","41","Porterville","1","100.0000","88502","Acceptable PM2.5 AQI & Speciation Mass","731","Met-One BAM-1020 W/PM2.5 SCC","47300","Visalia-Porterville, CA","06","California","107","Tulare","36.0318310008979","-119.055018"
"02/04/2025","AQS","061072010","3","5.4","ug/m3 LC","30","Porterville","1","100.0000","88502","Acceptable PM2.5 AQI & Speciation Mass","731","Met-One BAM-1020 W/PM2.5 SCC","47300","Visalia-Porterville, CA","06","California","107","Tulare","36.0318310008979","-119.055018"
"02/05/2025","AQS","061072010","3","4.5","ug/m3 LC","25","Porterville","1","100.0000","88502","Acceptable PM2.5 AQI & Speciation Mass","731","Met-One BAM-1020 W/PM2.5 SCC","47300","Visalia-Porterville, CA","06","California","107","Tulare","36.0318310008979","-119.055018"
"02/06/2025","AQS","061072010","3","3.5","ug/m3 LC","19","Porterville","1","100.0000","88502","Acceptable PM2.5 AQI & Speciation Mass","731","Met-One BAM-1020 W/PM2.5 SCC","47300","Visalia-Porterville, CA","06","California","107","Tulare","36.0318310008979","-119.055018"
"02/07/2025","AQS","061072010","3","4.5","ug/m3 LC","25","Porterville","1","100.0000","88502","Acceptable PM2.5 AQI & Speciation Mass","731","Met-One BAM-1020 W/PM2.5 SCC","47300","Visalia-Porterville, CA","06","California","107","Tulare","36.0318310008979","-119.055018"
"02/08/2025","AQS","061072010","3","9.9","ug/m3 LC","52","Porterville","1","100.0000","88502","Acceptable PM2.5 AQI & Speciation Mass","731","Met-One BAM-1020 W/PM2.5 SCC","47300","Visalia-Porterville, CA","06","California","107","Tulare","36.0318310008979","-119.055018"
"02/09/2025","AQS","061072010","3","13","ug/m3 LC","58","Porterville","1","100.0000","88502","Acceptable PM2.5 AQI & Speciation Mass","731","Met-One BAM-1020 W/PM2.5 SCC","47300","Visalia-Porterville, CA","06","California","107","Tulare","36.0318310008979","-119.055018"
"02/10/2025","AQS","061072010","3","10.8","ug/m3 LC","54","Porterville","1","100.0000","88502","Acceptable PM2.5 AQI & Speciation Mass","731","Met-One BAM-1020 W/PM2.5 SCC","47300","Visalia-Porterville, CA","06","California","107","Tulare","36.0318310008979","-119.055018"
"02/11/2025","AQS","061072010","3","9.7","ug/m3 LC","52","Porterville","1","100.0000","88502","Acceptable PM2.5 AQI & Speciation Mass","731","Met-One BAM-1020 W/PM2.5 SCC","47300","Visalia-Porterville, CA","06","California","107","Tulare","36.0318310008979","-119.055018"
"02/12/2025","AQS","061072010","3","8.2","ug/m3 LC","46","Porterville","1","100.0000","88502","Acceptable PM2.5 AQI & Speciation Mass","731","Met-One BAM-1020 W/PM2.5 SCC","47300","Visalia-Porterville, CA","06","California","107","Tulare","36.0318310008979","-119.055018"
"02/13/2025","AQS","061072010","3","2.1","ug/m3 LC","12","Porterville","1","100.0000","88502","Acceptable PM2.5 AQI & Speciation Mass","731","Met-One BAM-1020 W/PM2.5 SCC","47300","Visalia-Porterville, CA","06","California","107","Tulare","36.0318310008979","-119.055018"
"02/14/2025","AQS","061072010","3","5.3","ug/m3 LC","29","Porterville","1","100.0000","88502","Acceptable PM2.5 AQI & Speciation Mass","731","Met-One BAM-1020 W/PM2.5 SCC","47300","Visalia-Porterville, CA","06","California","107","Tulare","36.0318310008979","-119.055018"
"02/15/2025","AQS","061072010","3","6.1","ug/m3 LC","34","Porterville","1","100.0000","88502","Acceptable PM2.5 AQI & Speciation Mass","731","Met-One BAM-1020 W/PM2.5 SCC","47300","Visalia-Porterville, CA","06","California","107","Tulare","36.0318310008979","-119.055018"
"02/16/2025","AQS","061072010","3","9.4","ug/m3 LC","52","Porterville","1","100.0000","88502","Acceptable PM2.5 AQI & Speciation Mass","731","Met-One BAM-1020 W/PM2.5 SCC","47300","Visalia-Porterville, CA","06","California","107","Tulare","36.0318310008979","-119.055018"
"02/17/2025","AQS","061072010","3","9.6","ug/m3 LC","52","Porterville","1","100.0000","88502","Acceptable PM2.5 AQI & Speciation Mass","731","Met-One BAM-1020 W/PM2.5 SCC","47300","Visalia-Porterville, CA","06","California","107","Tulare","36.0318310008979","-119.055018"
"02/18/2025","AQS","061072010","3","10","ug/m3 LC","53","Porterville","1","100.0000","88502","Acceptable PM2.5 AQI & Speciation Mass","731","Met-One BAM-1020 W/PM2.5 SCC","47300","Visalia-Porterville, CA","06","California","107","Tulare","36.0318310008979","-119.055018"
"02/19/2025","AQS","061072010","3","9","ug/m3 LC","50","Porterville","1","100.0000","88502","Acceptable PM2.5 AQI & Speciation Mass","731","Met-One BAM-1020 W/PM2.5 SCC","47300","Visalia-Porterville, CA","06","California","107","Tulare","36.0318310008979","-119.055018"
"02/20/2025","AQS","061072010","3","9.8","ug/m3 LC","52","Porterville","1","100.0000","88502","Acceptable PM2.5 AQI & Speciation Mass","731","Met-One BAM-1020 W/PM2.5 SCC","47300","Visalia-Porterville, CA","06","California","107","Tulare","36.0318310008979","-119.055018"
"02/21/2025","AQS","061072010","3","11","ug/m3 LC","55","Porterville","1","100.0000","88502","Acceptable PM2.5 AQI & Speciation Mass","731","Met-One BAM-1020 W/PM2.5 SCC","47300","Visalia-Porterville, CA","06","California","107","Tulare","36.0318310008979","-119.055018"
"02/22/2025","AQS","061072010","3","12.8","ug/m3 LC","58","Porterville","1","100.0000","88502","Acceptable PM2.5 AQI & Speciation Mass","731","Met-One BAM-1020 W/PM2.5 SCC","47300","Visalia-Porterville, CA","06","California","107","Tulare","36.0318310008979","-119.055018"
"02/23/2025","AQS","061072010","3","11.3","ug/m3 LC","55","Porterville","1","100.0000","88502","Acceptable PM2.5 AQI & Speciation Mass","731","Met-One BAM-1020 W/PM2.5 SCC","47300","Visalia-Porterville, CA","06","California","107","Tulare","36.0318310008979","-119.055018"
"02/24/2025","AQS","061072010","3","11","ug/m3 LC","55","Porterville","1","100.0000","88502","Acceptable PM2.5 AQI & Speciation Mass","731","Met-One BAM-1020 W/PM2.5 SCC","47300","Visalia-Porterville, CA","06","California","107","Tulare","36.0318310008979","-119.055018"
"02/25/2025","AQS","061072010","3","10.2","ug/m3 LC","53","Porterville","1","100.0000","88502","Acceptable PM2.5 AQI & Speciation Mass","731","Met-One BAM-1020 W/PM2.5 SCC","47300","Visalia-Porterville, CA","06","California","107","Tulare","36.0318310008979","-119.055018"
"02/26/2025","AQS","061072010","3","10.2","ug/m3 LC","53","Porterville","1","100.0000","88502","Acceptable PM2.5 AQI & Speciation Mass","731","Met-One BAM-1020 W/PM2.5 SCC","47300","Visalia-Porterville, CA","06","California","107","Tulare","36.0318310008979","-119.055018"
"02/27/2025","AQS","061072010","3","8.6","ug/m3 LC","48","Porterville","1","100.0000","88502","Acceptable PM2.5 AQI & Speciation Mass","731","Met-One BAM-1020 W/PM2.5 SCC","47300","Visalia-Porterville, CA","06","California","107","Tulare","36.0318310008979","-119.055018"
"02/28/2025","AQS","061072010","3","11.7","ug/m3 LC","56","Porterville","1","100.0000","88502","Acceptable PM2.5 AQI & Speciation Mass","731","Met-One BAM-1020 W/PM2.5 SCC","47300","Visalia-Porterville, CA","06","California","107","Tulare","36.0318310008979","-119.055018"
"03/01/2025","AQS","061072010","3","8.9","ug/m3 LC","49","Porterville","1","100.0000","88502","Acceptable PM2.5 AQI & Speciation Mass","731","Met-One BAM-1020 W/PM2.5 SCC","47300","Visalia-Porterville, CA","06","California","107","Tulare","36.0318310008979","-119.055018"
"03/02/2025","AQS","061072010","3","4.5","ug/m3 LC","25","Porterville","1","100.0000","88502","Acceptable PM2.5 AQI & Speciation Mass","731","Met-One BAM-1020 W/PM2.5 SCC","47300","Visalia-Porterville, CA","06","California","107","Tulare","36.0318310008979","-119.055018"
"03/03/2025","AQS","061072010","3","4","ug/m3 LC","22","Porterville","1","100.0000","88502","Acceptable PM2.5 AQI & Speciation Mass","731","Met-One BAM-1020 W/PM2.5 SCC","47300","Visalia-Porterville, CA","06","California","107","Tulare","36.0318310008979","-119.055018"
"03/04/2025","AQS","061072010","3","5.4","ug/m3 LC","30","Porterville","1","100.0000","88502","Acceptable PM2.5 AQI & Speciation Mass","731","Met-One BAM-1020 W/PM2.5 SCC","47300","Visalia-Porterville, CA","06","California","107","Tulare","36.0318310008979","-119.055018"
"03/05/2025","AQS","061072010","3","7","ug/m3 LC","39","Porterville","1","100.0000","88502","Acceptable PM2.5 AQI & Speciation Mass","731","Met-One BAM-1020 W/PM2.5 SCC","47300","Visalia-Porterville, CA","06","California","107","Tulare","36.0318310008979","-119.055018"
"03/06/2025","AQS","061072010","3","3","ug/m3 LC","17","Porterville","1","100.0000","88502","Acceptable PM2.5 AQI & Speciation Mass","731","Met-One BAM-1020 W/PM2.5 SCC","47300","Visalia-Porterville, CA","06","California","107","Tulare","36.0318310008979","-119.055018"
"03/07/2025","AQS","061072010","3","4","ug/m3 LC","22","Porterville","1","100.0000","88502","Acceptable PM2.5 AQI & Speciation Mass","731","Met-One BAM-1020 W/PM2.5 SCC","47300","Visalia-Porterville, CA","06","California","107","Tulare","36.0318310008979","-119.055018"
"03/08/2025","AQS","061072010","3","4.7","ug/m3 LC","26","Porterville","1","100.0000","88502","Acceptable PM2.5 AQI & Speciation Mass","731","Met-One BAM-1020 W/PM2.5 SCC","47300","Visalia-Porterville, CA","06","California","107","Tulare","36.0318310008979","-119.055018"
"03/09/2025","AQS","061072010","3","5.3","ug/m3 LC","29","Porterville","1","100.0000","88502","Acceptable PM2.5 AQI & Speciation Mass","731","Met-One BAM-1020 W/PM2.5 SCC","47300","Visalia-Porterville, CA","06","California","107","Tulare","36.0318310008979","-119.055018"
"03/10/2025","AQS","061072010","3","6.4","ug/m3 LC","36","Porterville","1","100.0000","88502","Acceptable PM2.5 AQI & Speciation Mass","731","Met-One BAM-1020 W/PM2.5 SCC","47300","Visalia-Porterville, CA","06","California","107","Tulare","36.0318310008979","-119.055018"
"03/11/2025","AQS","061072010","3","4.6","ug/m3 LC","26","Porterville","1","100.0000","88502","Acceptable PM2.5 AQI & Speciation Mass","731","Met-One BAM-1020 W/PM2.5 SCC","47300","Visalia-Porterville, CA","06","California","107","Tulare","36.0318310008979","-119.055018"
"03/12/2025","AQS","061072010","3","4.8","ug/m3 LC","27","Porterville","1","100.0000","88502","Acceptable PM2.5 AQI & Speciation Mass","731","Met-One BAM-1020 W/PM2.5 SCC","47300","Visalia-Porterville, CA","06","California","107","Tulare","36.0318310008979","-119.055018"
"03/13/2025","AQS","061072010","3","3","ug/m3 LC","17","Porterville","1","100.0000","88502","Acceptable PM2.5 AQI & Speciation Mass","731","Met-One BAM-1020 W/PM2.5 SCC","47300","Visalia-Porterville, CA","06","California","107","Tulare","36.0318310008979","-119.055018"
"03/14/2025","AQS","061072010","3","3.6","ug/m3 LC","20","Porterville","1","100.0000","88502","Acceptable PM2.5 AQI & Speciation Mass","731","Met-One BAM-1020 W/PM2.5 SCC","47300","Visalia-Porterville, CA","06","California","107","Tulare","36.0318310008979","-119.055018"
"03/15/2025","AQS","061072010","3","7.7","ug/m3 LC","43","Porterville","1","100.0000","88502","Acceptable PM2.5 AQI & Speciation Mass","731","Met-One BAM-1020 W/PM2.5 SCC","47300","Visalia-Porterville, CA","06","California","107","Tulare","36.0318310008979","-119.055018"
"03/16/2025","AQS","061072010","3","6","ug/m3 LC","33","Porterville","1","100.0000","88502","Acceptable PM2.5 AQI & Speciation Mass","731","Met-One BAM-1020 W/PM2.5 SCC","47300","Visalia-Porterville, CA","06","California","107","Tulare","36.0318310008979","-119.055018"
"03/17/2025","AQS","061072010","3","4.6","ug/m3 LC","26","Porterville","1","100.0000","88502","Acceptable PM2.5 AQI & Speciation Mass","731","Met-One BAM-1020 W/PM2.5 SCC","47300","Visalia-Porterville, CA","06","California","107","Tulare","36.0318310008979","-119.055018"
"03/18/2025","AQS","061072010","3","5.4","ug/m3 LC","30","Porterville","1","100.0000","88502","Acceptable PM2.5 AQI & Speciation Mass","731","Met-One BAM-1020 W/PM2.5 SCC","47300","Visalia-Porterville, CA","06","California","107","Tulare","36.0318310008979","-119.055018"
"03/19/2025","AQS","061072010","3","6.3","ug/m3 LC","35","Porterville","1","100.0000","88502","Acceptable PM2.5 AQI & Speciation Mass","731","Met-One BAM-1020 W/PM2.5 SCC","47300","Visalia-Porterville, CA","06","California","107","Tulare","36.0318310008979","-119.055018"
"03/20/2025","AQS","061072010","3","7.9","ug/m3 LC","44","Porterville","1","100.0000","88502","Acceptable PM2.5 AQI & Speciation Mass","731","Met-One BAM-1020 W/PM2.5 SCC","47300","Visalia-Porterville, CA","06","California","107","Tulare","36.0318310008979","-119.055018"
"03/21/2025","AQS","061072010","3","7.7","ug/m3 LC","43","Porterville","1","100.0000","88502","Acceptable PM2.5 AQI & Speciation Mass","731","Met-One BAM-1020 W/PM2.5 SCC","47300","Visalia-Porterville, CA","06","California","107","Tulare","36.0318310008979","-119.055018"
"03/22/2025","AQS","061072010","3","8.2","ug/m3 LC","46","Porterville","1","100.0000","88502","Acceptable PM2.5 AQI & Speciation Mass","731","Met-One BAM-1020 W/PM2.5 SCC","47300","Visalia-Porterville, CA","06","California","107","Tulare","36.0318310008979","-119.055018"
"03/23/2025","AQS","061072010","3","9.6","ug/m3 LC","52","Porterville","1","100.0000","88502","Acceptable PM2.5 AQI & Speciation Mass","731","Met-One BAM-1020 W/PM2.5 SCC","47300","Visalia-Porterville, CA","06","California","107","Tulare","36.0318310008979","-119.055018"
"03/24/2025","AQS","061072010","3","11.1","ug/m3 LC","55","Porterville","1","100.0000","88502","Acceptable PM2.5 AQI & Speciation Mass","731","Met-One BAM-1020 W/PM2.5 SCC","47300","Visalia-Porterville, CA","06","California","107","Tulare","36.0318310008979","-119.055018"
"03/25/2025","AQS","061072010","3","10.5","ug/m3 LC","54","Porterville","1","100.0000","88502","Acceptable PM2.5 AQI & Speciation Mass","731","Met-One BAM-1020 W/PM2.5 SCC","47300","Visalia-Porterville, CA","06","California","107","Tulare","36.0318310008979","-119.055018"
"03/26/2025","AQS","061072010","3","5.9","ug/m3 LC","33","Porterville","1","100.0000","88502","Acceptable PM2.5 AQI & Speciation Mass","731","Met-One BAM-1020 W/PM2.5 SCC","47300","Visalia-Porterville, CA","06","California","107","Tulare","36.0318310008979","-119.055018"
"03/27/2025","AQS","061072010","3","4.8","ug/m3 LC","27","Porterville","1","100.0000","88502","Acceptable PM2.5 AQI & Speciation Mass","731","Met-One BAM-1020 W/PM2.5 SCC","47300","Visalia-Porterville, CA","06","California","107","Tulare","36.0318310008979","-119.055018"
"03/28/2025","AQS","061072010","3","6.2","ug/m3 LC","34","Porterville","1","100.0000","88502","Acceptable PM2.5 AQI & Speciation Mass","731","Met-One BAM-1020 W/PM2.5 SCC","47300","Visalia-Porterville, CA","06","California","107","Tulare","36.0318310008979","-119.055018"
"03/29/2025","AQS","061072010","3","7.4","ug/m3 LC","41","Porterville","1","100.0000","88502","Acceptable PM2.5 AQI & Speciation Mass","731","Met-One BAM-1020 W/PM2.5 SCC","47300","Visalia-Porterville, CA","06","California","107","Tulare","36.0318310008979","-119.055018"
"03/30/2025","AQS","061072010","3","4.9","ug/m3 LC","27","Porterville","1","100.0000","88502","Acceptable PM2.5 AQI & Speciation Mass","731","Met-One BAM-1020 W/PM2.5 SCC","47300","Visalia-Porterville, CA","06","California","107","Tulare","36.0318310008979","-119.055018"
"03/31/2025","AQS","061072010","3","4","ug/m3 LC","22","Porterville","1","100.0000","88502","Acceptable PM2.5 AQI & Speciation Mass","731","Met-One BAM-1020 W/PM2.5 SCC","47300","Visalia-Porterville, CA","06","California","107","Tulare","36.0318310008979","-119.055018"
"04/01/2025","AQS","061072010","3","5","ug/m3 LC","28","Porterville","1","100.0000","88502","Acceptable PM2.5 AQI & Speciation Mass","731","Met-One BAM-1020 W/PM2.5 SCC","47300","Visalia-Porterville, CA","06","California","107","Tulare","36.0318310008979","-119.055018"
"04/02/2025","AQS","061072010","3","4.1","ug/m3 LC","23","Porterville","1","100.0000","88502","Acceptable PM2.5 AQI & Speciation Mass","731","Met-One BAM-1020 W/PM2.5 SCC","47300","Visalia-Porterville, CA","06","California","107","Tulare","36.0318310008979","-119.055018"
"04/03/2025","AQS","061072010","3","5.4","ug/m3 LC","30","Porterville","1","100.0000","88502","Acceptable PM2.5 AQI & Speciation Mass","731","Met-One BAM-1020 W/PM2.5 SCC","47300","Visalia-Porterville, CA","06","California","107","Tulare","36.0318310008979","-119.055018"
"04/04/2025","AQS","061072010","3","6.2","ug/m3 LC","34","Porterville","1","100.0000","88502","Acceptable PM2.5 AQI & Speciation Mass","731","Met-One BAM-1020 W/PM2.5 SCC","47300","Visalia-Porterville, CA","06","California","107","Tulare","36.0318310008979","-119.055018"
"04/05/2025","AQS","061072010","3","7.7","ug/m3 LC","43","Porterville","1","100.0000","88502","Acceptable PM2.5 AQI & Speciation Mass","731","Met-One BAM-1020 W/PM2.5 SCC","47300","Visalia-Porterville, CA","06","California","107","Tulare","36.0318310008979","-119.055018"
"04/06/2025","AQS","061072010","3","7.1","ug/m3 LC","39","Porterville","1","100.0000","88502","Acceptable PM2.5 AQI & Speciation Mass","731","Met-One BAM-1020 W/PM2.5 SCC","47300","Visalia-Porterville, CA","06","California","107","Tulare","36.0318310008979","-119.055018"
"04/07/2025","AQS","061072010","3","8.7","ug/m3 LC","48","Porterville","1","100.0000","88502","Acceptable PM2.5 AQI & Speciation Mass","731","Met-One BAM-1020 W/PM2.5 SCC","47300","Visalia-Porterville, CA","06","California","107","Tulare","36.0318310008979","-119.055018"
"04/08/2025","AirNow","061072010","3","6.5","ug/m3 LC","36","Porterville","1","100.0000","88502","Acceptable PM2.5 AQI & Speciation Mass","","","47300","Visalia-Porterville, CA","06","California","107","Tulare","36.0318310008979","-119.055018"
"04/09/2025","AirNow","061072010","3","4","ug/m3 LC","22","Porterville","1","100.0000","88502","Acceptable PM2.5 AQI & Speciation Mass","","","47300","Visalia-Porterville, CA","06","California","107","Tulare","36.0318310008979","-119.055018"
"04/12/2025","AQS","061072010","3","12.2","ug/m3 LC","57","Porterville","1","100.0000","88502","Acceptable PM2.5 AQI & Speciation Mass","731","Met-One BAM-1020 W/PM2.5 SCC","47300","Visalia-Porterville, CA","06","California","107","Tulare","36.0318310008979","-119.055018"
"04/13/2025","AQS","061072010","3","12.7","ug/m3 LC","58","Porterville","1","100.0000","88502","Acceptable PM2.5 AQI & Speciation Mass","731","Met-One BAM-1020 W/PM2.5 SCC","47300","Visalia-Porterville, CA","06","California","107","Tulare","36.0318310008979","-119.055018"
"04/14/2025","AQS","061072010","3","14","ug/m3 LC","60","Porterville","1","100.0000","88502","Acceptable PM2.5 AQI & Speciation Mass","731","Met-One BAM-1020 W/PM2.5 SCC","47300","Visalia-Porterville, CA","06","California","107","Tulare","36.0318310008979","-119.055018"
"04/15/2025","AQS","061072010","3","10","ug/m3 LC","53","Porterville","1","100.0000","88502","Acceptable PM2.5 AQI & Speciation Mass","731","Met-One BAM-1020 W/PM2.5 SCC","47300","Visalia-Porterville, CA","06","California","107","Tulare","36.0318310008979","-119.055018"
"04/16/2025","AQS","061072010","3","11","ug/m3 LC","55","Porterville","1","100.0000","88502","Acceptable PM2.5 AQI & Speciation Mass","731","Met-One BAM-1020 W/PM2.5 SCC","47300","Visalia-Porterville, CA","06","California","107","Tulare","36.0318310008979","-119.055018"
"04/17/2025","AQS","061072010","3","8.6","ug/m3 LC","48","Porterville","1","100.0000","88502","Acceptable PM2.5 AQI & Speciation Mass","731","Met-One BAM-1020 W/PM2.5 SCC","47300","Visalia-Porterville, CA","06","California","107","Tulare","36.0318310008979","-119.055018"
"04/18/2025","AQS","061072010","3","9.5","ug/m3 LC","52","Porterville","1","100.0000","88502","Acceptable PM2.5 AQI & Speciation Mass","731","Met-One BAM-1020 W/PM2.5 SCC","47300","Visalia-Porterville, CA","06","California","107","Tulare","36.0318310008979","-119.055018"
"04/19/2025","AQS","061072010","3","9.1","ug/m3 LC","51","Porterville","1","100.0000","88502","Acceptable PM2.5 AQI & Speciation Mass","731","Met-One BAM-1020 W/PM2.5 SCC","47300","Visalia-Porterville, CA","06","California","107","Tulare","36.0318310008979","-119.055018"
"04/20/2025","AQS","061072010","3","11.3","ug/m3 LC","55","Porterville","1","100.0000","88502","Acceptable PM2.5 AQI & Speciation Mass","731","Met-One BAM-1020 W/PM2.5 SCC","47300","Visalia-Porterville, CA","06","California","107","Tulare","36.0318310008979","-119.055018"
"04/21/2025","AQS","061072010","3","12.4","ug/m3 LC","57","Porterville","1","100.0000","88502","Acceptable PM2.5 AQI & Speciation Mass","731","Met-One BAM-1020 W/PM2.5 SCC","47300","Visalia-Porterville, CA","06","California","107","Tulare","36.0318310008979","-119.055018"
"04/22/2025","AQS","061072010","3","9.2","ug/m3 LC","51","Porterville","1","100.0000","88502","Acceptable PM2.5 AQI & Speciation Mass","731","Met-One BAM-1020 W/PM2.5 SCC","47300","Visalia-Porterville, CA","06","California","107","Tulare","36.0318310008979","-119.055018"
"04/23/2025","AQS","061072010","3","8.2","ug/m3 LC","46","Porterville","1","100.0000","88502","Acceptable PM2.5 AQI & Speciation Mass","731","Met-One BAM-1020 W/PM2.5 SCC","47300","Visalia-Porterville, CA","06","California","107","Tulare","36.0318310008979","-119.055018"
"04/24/2025","AQS","061072010","3","10.2","ug/m3 LC","53","Porterville","1","100.0000","88502","Acceptable PM2.5 AQI & Speciation Mass","731","Met-One BAM-1020 W/PM2.5 SCC","47300","Visalia-Porterville, CA","06","California","107","Tulare","36.0318310008979","-119.055018"
"04/25/2025","AQS","061072010","3","7.9","ug/m3 LC","44","Porterville","1","100.0000","88502","Acceptable PM2.5 AQI & Speciation Mass","731","Met-One BAM-1020 W/PM2.5 SCC","47300","Visalia-Porterville, CA","06","California","107","Tulare","36.0318310008979","-119.055018"
"04/26/2025","AQS","061072010","3","4.6","ug/m3 LC","26","Porterville","1","100.0000","88502","Acceptable PM2.5 AQI & Speciation Mass","731","Met-One BAM-1020 W/PM2.5 SCC","47300","Visalia-Porterville, CA","06","California","107","Tulare","36.0318310008979","-119.055018"
"04/27/2025","AQS","061072010","3","5.1","ug/m3 LC","28","Porterville","1","100.0000","88502","Acceptable PM2.5 AQI & Speciation Mass","731","Met-One BAM-1020 W/PM2.5 SCC","47300","Visalia-Porterville, CA","06","California","107","Tulare","36.0318310008979","-119.055018"
"04/28/2025","AQS","061072010","3","8.6","ug/m3 LC","48","Porterville","1","100.0000","88502","Acceptable PM2.5 AQI & Speciation Mass","731","Met-One BAM-1020 W/PM2.5 SCC","47300","Visalia-Porterville, CA","06","California","107","Tulare","36.0318310008979","-119.055018"
"04/29/2025","AQS","061072010","3","10.3","ug/m3 LC","53","Porterville","1","100.0000","88502","Acceptable PM2.5 AQI & Speciation Mass","731","Met-One BAM-1020 W/PM2.5 SCC","47300","Visalia-Porterville, CA","06","California","107","Tulare","36.0318310008979","-119.055018"
"04/30/2025","AQS","061072010","3","10.1","ug/m3 LC","53","Porterville","1","100.0000","88502","Acceptable PM2.5 AQI & Speciation Mass","731","Met-One BAM-1020 W/PM2.5 SCC","47300","Visalia-Porterville, CA","06","California","107","Tulare","36.0318310008979","-119.055018"
"05/01/2025","AQS","061072010","3","9.6","ug/m3 LC","52","Porterville","1","100.0000","88502","Acceptable PM2.5 AQI & Speciation Mass","731","Met-One BAM-1020 W/PM2.5 SCC","47300","Visalia-Porterville, CA","06","California","107","Tulare","36.0318310008979","-119.055018"
"05/02/2025","AQS","061072010","3","11.5","ug/m3 LC","55","Porterville","1","100.0000","88502","Acceptable PM2.5 AQI & Speciation Mass","731","Met-One BAM-1020 W/PM2.5 SCC","47300","Visalia-Porterville, CA","06","California","107","Tulare","36.0318310008979","-119.055018"
"05/03/2025","AQS","061072010","3","6.6","ug/m3 LC","37","Porterville","1","100.0000","88502","Acceptable PM2.5 AQI & Speciation Mass","731","Met-One BAM-1020 W/PM2.5 SCC","47300","Visalia-Porterville, CA","06","California","107","Tulare","36.0318310008979","-119.055018"
"05/04/2025","AQS","061072010","3","9.4","ug/m3 LC","52","Porterville","1","100.0000","88502","Acceptable PM2.5 AQI & Speciation Mass","731","Met-One BAM-1020 W/PM2.5 SCC","47300","Visalia-Porterville, CA","06","California","107","Tulare","36.0318310008979","-119.055018"
"05/05/2025","AQS","061072010","3","9.5","ug/m3 LC","52","Porterville","1","100.0000","88502","Acceptable PM2.5 AQI & Speciation Mass","731","Met-One BAM-1020 W/PM2.5 SCC","47300","Visalia-Porterville, CA","06","California","107","Tulare","36.0318310008979","-119.055018"
"05/06/2025","AQS","061072010","3","8","ug/m3 LC","44","Porterville","1","100.0000","88502","Acceptable PM2.5 AQI & Speciation Mass","731","Met-One BAM-1020 W/PM2.5 SCC","47300","Visalia-Porterville, CA","06","California","107","Tulare","36.0318310008979","-119.055018"
"05/07/2025","AQS","061072010","3","9.3","ug/m3 LC","51","Porterville","1","100.0000","88502","Acceptable PM2.5 AQI & Speciation Mass","731","Met-One BAM-1020 W/PM2.5 SCC","47300","Visalia-Porterville, CA","06","California","107","Tulare","36.0318310008979","-119.055018"
"05/08/2025","AQS","061072010","3","14.1","ug/m3 LC","60","Porterville","1","100.0000","88502","Acceptable PM2.5 AQI & Speciation Mass","731","Met-One BAM-1020 W/PM2.5 SCC","47300","Visalia-Porterville, CA","06","California","107","Tulare","36.0318310008979","-119.055018"
"05/09/2025","AQS","061072010","3","12.9","ug/m3 LC","58","Porterville","1","100.0000","88502","Acceptable PM2.5 AQI & Speciation Mass","731","Met-One BAM-1020 W/PM2.5 SCC","47300","Visalia-Porterville, CA","06","California","107","Tulare","36.0318310008979","-119.055018"
"05/10/2025","AQS","061072010","3","11.6","ug/m3 LC","56","Porterville","1","100.0000","88502","Acceptable PM2.5 AQI & Speciation Mass","731","Met-One BAM-1020 W/PM2.5 SCC","47300","Visalia-Porterville, CA","06","California","107","Tulare","36.0318310008979","-119.055018"
"05/11/2025","AQS","061072010","3","8","ug/m3 LC","44","Porterville","1","100.0000","88502","Acceptable PM2.5 AQI & Speciation Mass","731","Met-One BAM-1020 W/PM2.5 SCC","47300","Visalia-Porterville, CA","06","California","107","Tulare","36.0318310008979","-119.055018"
"05/12/2025","AQS","061072010","3","5.8","ug/m3 LC","32","Porterville","1","100.0000","88502","Acceptable PM2.5 AQI & Speciation Mass","731","Met-One BAM-1020 W/PM2.5 SCC","47300","Visalia-Porterville, CA","06","California","107","Tulare","36.0318310008979","-119.055018"
"05/13/2025","AQS","061072010","3","5.4","ug/m3 LC","30","Porterville","1","100.0000","88502","Acceptable PM2.5 AQI & Speciation Mass","731","Met-One BAM-1020 W/PM2.5 SCC","47300","Visalia-Porterville, CA","06","California","107","Tulare","36.0318310008979","-119.055018"
"05/14/2025","AQS","061072010","3","6.4","ug/m3 LC","36","Porterville","1","100.0000","88502","Acceptable PM2.5 AQI & Speciation Mass","731","Met-One BAM-1020 W/PM2.5 SCC","47300","Visalia-Porterville, CA","06","California","107","Tulare","36.0318310008979","-119.055018"
"05/15/2025","AQS","061072010","3","8","ug/m3 LC","44","Porterville","1","100.0000","88502","Acceptable PM2.5 AQI & Speciation Mass","731","Met-One BAM-1020 W/PM2.5 SCC","47300","Visalia-Porterville, CA","06","California","107","Tulare","36.0318310008979","-119.055018"
"05/16/2025","AQS","061072010","3","9","ug/m3 LC","50","Porterville","1","100.0000","88502","Acceptable PM2.5 AQI & Speciation Mass","731","Met-One BAM-1020 W/PM2.5 SCC","47300","Visalia-Porterville, CA","06","California","107","Tulare","36.0318310008979","-119.055018"
"05/17/2025","AQS","061072010","3","7","ug/m3 LC","39","Porterville","1","100.0000","88502","Acceptable PM2.5 AQI & Speciation Mass","731","Met-One BAM-1020 W/PM2.5 SCC","47300","Visalia-Porterville, CA","06","California","107","Tulare","36.0318310008979","-119.055018"
"05/18/2025","AQS","061072010","3","6.5","ug/m3 LC","36","Porterville","1","100.0000","88502","Acceptable PM2.5 AQI & Speciation Mass","731","Met-One BAM-1020 W/PM2.5 SCC","47300","Visalia-Porterville, CA","06","California","107","Tulare","36.0318310008979","-119.055018"
"05/19/2025","AQS","061072010","3","9","ug/m3 LC","50","Porterville","1","100.0000","88502","Acceptable PM2.5 AQI & Speciation Mass","731","Met-One BAM-1020 W/PM2.5 SCC","47300","Visalia-Porterville, CA","06","California","107","Tulare","36.0318310008979","-119.055018"
"05/20/2025","AQS","061072010","3","7.8","ug/m3 LC","43","Porterville","1","100.0000","88502","Acceptable PM2.5 AQI & Speciation Mass","731","Met-One BAM-1020 W/PM2.5 SCC","47300","Visalia-Porterville, CA","06","California","107","Tulare","36.0318310008979","-119.055018"
"05/21/2025","AQS","061072010","3","10.2","ug/m3 LC","53","Porterville","1","100.0000","88502","Acceptable PM2.5 AQI & Speciation Mass","731","Met-One BAM-1020 W/PM2.5 SCC","47300","Visalia-Porterville, CA","06","California","107","Tulare","36.0318310008979","-119.055018"
"05/22/2025","AQS","061072010","3","10.4","ug/m3 LC","53","Porterville","1","100.0000","88502","Acceptable PM2.5 AQI & Speciation Mass","731","Met-One BAM-1020 W/PM2.5 SCC","47300","Visalia-Porterville, CA","06","California","107","Tulare","36.0318310008979","-119.055018"
"05/23/2025","AQS","061072010","3","5.5","ug/m3 LC","31","Porterville","1","100.0000","88502","Acceptable PM2.5 AQI & Speciation Mass","731","Met-One BAM-1020 W/PM2.5 SCC","47300","Visalia-Porterville, CA","06","California","107","Tulare","36.0318310008979","-119.055018"
"05/24/2025","AQS","061072010","3","9.8","ug/m3 LC","52","Porterville","1","100.0000","88502","Acceptable PM2.5 AQI & Speciation Mass","731","Met-One BAM-1020 W/PM2.5 SCC","47300","Visalia-Porterville, CA","06","California","107","Tulare","36.0318310008979","-119.055018"
"05/25/2025","AQS","061072010","3","8.9","ug/m3 LC","49","Porterville","1","100.0000","88502","Acceptable PM2.5 AQI & Speciation Mass","731","Met-One BAM-1020 W/PM2.5 SCC","47300","Visalia-Porterville, CA","06","California","107","Tulare","36.0318310008979","-119.055018"
"05/26/2025","AQS","061072010","3","6.3","ug/m3 LC","35","Porterville","1","100.0000","88502","Acceptable PM2.5 AQI & Speciation Mass","731","Met-One BAM-1020 W/PM2.5 SCC","47300","Visalia-Porterville, CA","06","California","107","Tulare","36.0318310008979","-119.055018"
"05/27/2025","AQS","061072010","3","8.3","ug/m3 LC","46","Porterville","1","100.0000","88502","Acceptable PM2.5 AQI & Speciation Mass","731","Met-One BAM-1020 W/PM2.5 SCC","47300","Visalia-Porterville, CA","06","California","107","Tulare","36.0318310008979","-119.055018"
"05/28/2025","AQS","061072010","3","10.3","ug/m3 LC","53","Porterville","1","100.0000","88502","Acceptable PM2.5 AQI & Speciation Mass","731","Met-One BAM-1020 W/PM2.5 SCC","47300","Visalia-Porterville, CA","06","California","107","Tulare","36.0318310008979","-119.055018"
"05/29/2025","AQS","061072010","3","9.2","ug/m3 LC","51","Porterville","1","100.0000","88502","Acceptable PM2.5 AQI & Speciation Mass","731","Met-One BAM-1020 W/PM2.5 SCC","47300","Visalia-Porterville, CA","06","California","107","Tulare","36.0318310008979","-119.055018"
"05/30/2025","AQS","061072010","3","14.5","ug/m3 LC","61","Porterville","1","100.0000","88502","Acceptable PM2.5 AQI & Speciation Mass","731","Met-One BAM-1020 W/PM2.5 SCC","47300","Visalia-Porterville, CA","06","California","107","Tulare","36.0318310008979","-119.055018"
"05/31/2025","AQS","061072010","3","13.9","ug/m3 LC","60","Porterville","1","100.0000","88502","Acceptable PM2.5 AQI & Speciation Mass","731","Met-One BAM-1020 W/PM2.5 SCC","47300","Visalia-Porterville, CA","06","California","107","Tulare","36.0318310008979","-119.055018"
"06/01/2025","AQS","061072010","3","6.7","ug/m3 LC","37","Porterville","1","100.0000","88502","Acceptable PM2.5 AQI & Speciation Mass","731","Met-One BAM-1020 W/PM2.5 SCC","47300","Visalia-Porterville, CA","06","California","107","Tulare","36.0318310008979","-119.055018"
"06/02/2025","AQS","061072010","3","9.9","ug/m3 LC","52","Porterville","1","100.0000","88502","Acceptable PM2.5 AQI & Speciation Mass","731","Met-One BAM-1020 W/PM2.5 SCC","47300","Visalia-Porterville, CA","06","California","107","Tulare","36.0318310008979","-119.055018"
"06/03/2025","AQS","061072010","3","10.4","ug/m3 LC","53","Porterville","1","100.0000","88502","Acceptable PM2.5 AQI & Speciation Mass","731","Met-One BAM-1020 W/PM2.5 SCC","47300","Visalia-Porterville, CA","06","California","107","Tulare","36.0318310008979","-119.055018"
"06/04/2025","AQS","061072010","3","12.7","ug/m3 LC","58","Porterville","1","100.0000","88502","Acceptable PM2.5 AQI & Speciation Mass","731","Met-One BAM-1020 W/PM2.5 SCC","47300","Visalia-Porterville, CA","06","California","107","Tulare","36.0318310008979","-119.055018"
"06/05/2025","AQS","061072010","3","10.7","ug/m3 LC","54","Porterville","1","100.0000","88502","Acceptable PM2.5 AQI & Speciation Mass","731","Met-One BAM-1020 W/PM2.5 SCC","47300","Visalia-Porterville, CA","06","California","107","Tulare","36.0318310008979","-119.055018"
"06/06/2025","AQS","061072010","3","11.4","ug/m3 LC","55","Porterville","1","100.0000","88502","Acceptable PM2.5 AQI & Speciation Mass","731","Met-One BAM-1020 W/PM2.5 SCC","47300","Visalia-Porterville, CA","06","California","107","Tulare","36.0318310008979","-119.055018"
"06/07/2025","AQS","061072010","3","12.1","ug/m3 LC","57","Porterville","1","100.0000","88502","Acceptable PM2.5 AQI & Speciation Mass","731","Met-One BAM-1020 W/PM2.5 SCC","47300","Visalia-Porterville, CA","06","California","107","Tulare","36.0318310008979","-119.055018"
"06/08/2025","AQS","061072010","3","10.2","ug/m3 LC","53","Porterville","1","100.0000","88502","Acceptable PM2.5 AQI & Speciation Mass","731","Met-One BAM-1020 W/PM2.5 SCC","47300","Visalia-Porterville, CA","06","California","107","Tulare","36.0318310008979","-119.055018"
"06/09/2025","AQS","061072010","3","12.2","ug/m3 LC","57","Porterville","1","100.0000","88502","Acceptable PM2.5 AQI & Speciation Mass","731","Met-One BAM-1020 W/PM2.5 SCC","47300","Visalia-Porterville, CA","06","California","107","Tulare","36.0318310008979","-119.055018"
"06/10/2025","AQS","061072010","3","13.2","ug/m3 LC","59","Porterville","1","100.0000","88502","Acceptable PM2.5 AQI & Speciation Mass","731","Met-One BAM-1020 W/PM2.5 SCC","47300","Visalia-Porterville, CA","06","California","107","Tulare","36.0318310008979","-119.055018"
"06/11/2025","AQS","061072010","3","10","ug/m3 LC","53","Porterville","1","100.0000","88502","Acceptable PM2.5 AQI & Speciation Mass","731","Met-One BAM-1020 W/PM2.5 SCC","47300","Visalia-Porterville, CA","06","California","107","Tulare","36.0318310008979","-119.055018"
"06/12/2025","AQS","061072010","3","10.4","ug/m3 LC","53","Porterville","1","100.0000","88502","Acceptable PM2.5 AQI & Speciation Mass","731","Met-One BAM-1020 W/PM2.5 SCC","47300","Visalia-Porterville, CA","06","California","107","Tulare","36.0318310008979","-119.055018"
"06/13/2025","AQS","061072010","3","9.4","ug/m3 LC","52","Porterville","1","100.0000","88502","Acceptable PM2.5 AQI & Speciation Mass","731","Met-One BAM-1020 W/PM2.5 SCC","47300","Visalia-Porterville, CA","06","California","107","Tulare","36.0318310008979","-119.055018"
"06/14/2025","AQS","061072010","3","7.8","ug/m3 LC","43","Porterville","1","100.0000","88502","Acceptable PM2.5 AQI & Speciation Mass","731","Met-One BAM-1020 W/PM2.5 SCC","47300","Visalia-Porterville, CA","06","California","107","Tulare","36.0318310008979","-119.055018"
"06/15/2025","AQS","061072010","3","9","ug/m3 LC","50","Porterville","1","100.0000","88502","Acceptable PM2.5 AQI & Speciation Mass","731","Met-One BAM-1020 W/PM2.5 SCC","47300","Visalia-Porterville, CA","06","California","107","Tulare","36.0318310008979","-119.055018"
"06/16/2025","AQS","061072010","3","9.5","ug/m3 LC","52","Porterville","1","100.0000","88502","Acceptable PM2.5 AQI & Speciation Mass","731","Met-One BAM-1020 W/PM2.5 SCC","47300","Visalia-Porterville, CA","06","California","107","Tulare","36.0318310008979","-119.055018"
"06/17/2025","AQS","061072010","3","9.8","ug/m3 LC","52","Porterville","1","100.0000","88502","Acceptable PM2.5 AQI & Speciation Mass","731","Met-One BAM-1020 W/PM2.5 SCC","47300","Visalia-Porterville, CA","06","California","107","Tulare","36.0318310008979","-119.055018"
"06/18/2025","AQS","061072010","3","15.1","ug/m3 LC","62","Porterville","1","100.0000","88502","Acceptable PM2.5 AQI & Speciation Mass","731","Met-One BAM-1020 W/PM2.5 SCC","47300","Visalia-Porterville, CA","06","California","107","Tulare","36.0318310008979","-119.055018"
"06/19/2025","AQS","061072010","3","11.5","ug/m3 LC","55","Porterville","1","100.0000","88502","Acceptable PM2.5 AQI & Speciation Mass","731","Met-One BAM-1020 W/PM2.5 SCC","47300","Visalia-Porterville, CA","06","California","107","Tulare","36.0318310008979","-119.055018"
"06/20/2025","AQS","061072010","3","8.3","ug/m3 LC","46","Porterville","1","100.0000","88502","Acceptable PM2.5 AQI & Speciation Mass","731","Met-One BAM-1020 W/PM2.5 SCC","47300","Visalia-Porterville, CA","06","California","107","Tulare","36.0318310008979","-119.055018"
"06/21/2025","AQS","061072010","3","7.1","ug/m3 LC","39","Porterville","1","100.0000","88502","Acceptable PM2.5 AQI & Speciation Mass","731","Met-One BAM-1020 W/PM2.5 SCC","47300","Visalia-Porterville, CA","06","California","107","Tulare","36.0318310008979","-119.055018"
"06/22/2025","AQS","061072010","3","7.7","ug/m3 LC","43","Porterville","1","100.0000","88502","Acceptable PM2.5 AQI & Speciation Mass","731","Met-One BAM-1020 W/PM2.5 SCC","47300","Visalia-Porterville, CA","06","California","107","Tulare","36.0318310008979","-119.055018"
"06/23/2025","AQS","061072010","3","8.7","ug/m3 LC","48","Porterville","1","100.0000","88502","Acceptable PM2.5 AQI & Speciation Mass","731","Met-One BAM-1020 W/PM2.5 SCC","47300","Visalia-Porterville, CA","06","California","107","Tulare","36.0318310008979","-119.055018"
"06/24/2025","AQS","061072010","3","8.8","ug/m3 LC","49","Porterville","1","100.0000","88502","Acceptable PM2.5 AQI & Speciation Mass","731","Met-One BAM-1020 W/PM2.5 SCC","47300","Visalia-Porterville, CA","06","California","107","Tulare","36.0318310008979","-119.055018"
"06/25/2025","AQS","061072010","3","11.5","ug/m3 LC","55","Porterville","1","100.0000","88502","Acceptable PM2.5 AQI & Speciation Mass","731","Met-One BAM-1020 W/PM2.5 SCC","47300","Visalia-Porterville, CA","06","California","107","Tulare","36.0318310008979","-119.055018"
"06/26/2025","AQS","061072010","3","11.4","ug/m3 LC","55","Porterville","1","100.0000","88502","Acceptable PM2.5 AQI & Speciation Mass","731","Met-One BAM-1020 W/PM2.5 SCC","47300","Visalia-Porterville, CA","06","California","107","Tulare","36.0318310008979","-119.055018"
"06/27/2025","AQS","061072010","3","11.2","ug/m3 LC","55","Porterville","1","100.0000","88502","Acceptable PM2.5 AQI & Speciation Mass","731","Met-One BAM-1020 W/PM2.5 SCC","47300","Visalia-Porterville, CA","06","California","107","Tulare","36.0318310008979","-119.055018"
"06/28/2025","AQS","061072010","3","10.7","ug/m3 LC","54","Porterville","1","100.0000","88502","Acceptable PM2.5 AQI & Speciation Mass","731","Met-One BAM-1020 W/PM2.5 SCC","47300","Visalia-Porterville, CA","06","California","107","Tulare","36.0318310008979","-119.055018"
"06/29/2025","AQS","061072010","3","7","ug/m3 LC","39","Porterville","1","100.0000","88502","Acceptable PM2.5 AQI & Speciation Mass","731","Met-One BAM-1020 W/PM2.5 SCC","47300","Visalia-Porterville, CA","06","California","107","Tulare","36.0318310008979","-119.055018"
"06/30/2025","AQS","061072010","3","7.9","ug/m3 LC","44","Porterville","1","100.0000","88502","Acceptable PM2.5 AQI & Speciation Mass","731","Met-One BAM-1020 W/PM2.5 SCC","47300","Visalia-Porterville, CA","06","California","107","Tulare","36.0318310008979","-119.055018"
"07/01/2025","AQS","061072010","3","9.4","ug/m3 LC","52","Porterville","1","100.0000","88502","Acceptable PM2.5 AQI & Speciation Mass","731","Met-One BAM-1020 W/PM2.5 SCC","47300","Visalia-Porterville, CA","06","California","107","Tulare","36.0318310008979","-119.055018"
"07/02/2025","AQS","061072010","3","9.7","ug/m3 LC","52","Porterville","1","100.0000","88502","Acceptable PM2.5 AQI & Speciation Mass","731","Met-One BAM-1020 W/PM2.5 SCC","47300","Visalia-Porterville, CA","06","California","107","Tulare","36.0318310008979","-119.055018"
"07/03/2025","AQS","061072010","3","11.7","ug/m3 LC","56","Porterville","1","100.0000","88502","Acceptable PM2.5 AQI & Speciation Mass","731","Met-One BAM-1020 W/PM2.5 SCC","47300","Visalia-Porterville, CA","06","California","107","Tulare","36.0318310008979","-119.055018"
"07/04/2025","AQS","061072010","3","9.8","ug/m3 LC","52","Porterville","1","100.0000","88502","Acceptable PM2.5 AQI & Speciation Mass","731","Met-One BAM-1020 W/PM2.5 SCC","47300","Visalia-Porterville, CA","06","California","107","Tulare","36.0318310008979","-119.055018"
"07/05/2025","AQS","061072010","3","9.4","ug/m3 LC","52","Porterville","1","100.0000","88502","Acceptable PM2.5 AQI & Speciation Mass","731","Met-One BAM-1020 W/PM2.5 SCC","47300","Visalia-Porterville, CA","06","California","107","Tulare","36.0318310008979","-119.055018"
"07/06/2025","AQS","061072010","3","9.4","ug/m3 LC","52","Porterville","1","100.0000","88502","Acceptable PM2.5 AQI & Speciation Mass","731","Met-One BAM-1020 W/PM2.5 SCC","47300","Visalia-Porterville, CA","06","California","107","Tulare","36.0318310008979","-119.055018"
"07/07/2025","AQS","061072010","3","9.7","ug/m3 LC","52","Porterville","1","100.0000","88502","Acceptable PM2.5 AQI & Speciation Mass","731","Met-One BAM-1020 W/PM2.5 SCC","47300","Visalia-Porterville, CA","06","California","107","Tulare","36.0318310008979","-119.055018"
"07/08/2025","AQS","061072010","3","9.2","ug/m3 LC","51","Porterville","1","100.0000","88502","Acceptable PM2.5 AQI & Speciation Mass","731","Met-One BAM-1020 W/PM2.5 SCC","47300","Visalia-Porterville, CA","06","California","107","Tulare","36.0318310008979","-119.055018"
"07/09/2025","AQS","061072010","3","11.2","ug/m3 LC","55","Porterville","1","100.0000","88502","Acceptable PM2.5 AQI & Speciation Mass","731","Met-One BAM-1020 W/PM2.5 SCC","47300","Visalia-Porterville, CA","06","California","107","Tulare","36.0318310008979","-119.055018"
"07/10/2025","AQS","061072010","3","12.4","ug/m3 LC","57","Porterville","1","100.0000","88502","Acceptable PM2.5 AQI & Speciation Mass","731","Met-One BAM-1020 W/PM2.5 SCC","47300","Visalia-Porterville, CA","06","California","107","Tulare","36.0318310008979","-119.055018"
"07/11/2025","AQS","061072010","3","13.2","ug/m3 LC","59","Porterville","1","100.0000","88502","Acceptable PM2.5 AQI & Speciation Mass","731","Met-One BAM-1020 W/PM2.5 SCC","47300","Visalia-Porterville, CA","06","California","107","Tulare","36.0318310008979","-119.055018"
"07/12/2025","AQS","061072010","3","14.2","ug/m3 LC","61","Porterville","1","100.0000","88502","Acceptable PM2.5 AQI & Speciation Mass","731","Met-One BAM-1020 W/PM2.5 SCC","47300","Visalia-Porterville, CA","06","California","107","Tulare","36.0318310008979","-119.055018"
"07/13/2025","AQS","061072010","3","14.2","ug/m3 LC","61","Porterville","1","100.0000","88502","Acceptable PM2.5 AQI & Speciation Mass","731","Met-One BAM-1020 W/PM2.5 SCC","47300","Visalia-Porterville, CA","06","California","107","Tulare","36.0318310008979","-119.055018"
"07/14/2025","AQS","061072010","3","16","ug/m3 LC","64","Porterville","1","100.0000","88502","Acceptable PM2.5 AQI & Speciation Mass","731","Met-One BAM-1020 W/PM2.5 SCC","47300","Visalia-Porterville, CA","06","California","107","Tulare","36.0318310008979","-119.055018"
"07/15/2025","AQS","061072010","3","13.3","ug/m3 LC","59","Porterville","1","100.0000","88502","Acceptable PM2.5 AQI & Speciation Mass","731","Met-One BAM-1020 W/PM2.5 SCC","47300","Visalia-Porterville, CA","06","California","107","Tulare","36.0318310008979","-119.055018"
"07/16/2025","AQS","061072010","3","8.5","ug/m3 LC","47","Porterville","1","100.0000","88502","Acceptable PM2.5 AQI & Speciation Mass","731","Met-One BAM-1020 W/PM2.5 SCC","47300","Visalia-Porterville, CA","06","California","107","Tulare","36.0318310008979","-119.055018"
"07/17/2025","AQS","061072010","3","9.4","ug/m3 LC","52","Porterville","1","100.0000","88502","Acceptable PM2.5 AQI & Speciation Mass","731","Met-One BAM-1020 W/PM2.5 SCC","47300","Visalia-Porterville, CA","06","California","107","Tulare","36.0318310008979","-119.055018"
"07/18/2025","AQS","061072010","3","11.5","ug/m3 LC","55","Porterville","1","100.0000","88502","Acceptable PM2.5 AQI & Speciation Mass","731","Met-One BAM-1020 W/PM2.5 SCC","47300","Visalia-Porterville, CA","06","California","107","Tulare","36.0318310008979","-119.055018"
"07/19/2025","AQS","061072010","3","12.7","ug/m3 LC","58","Porterville","1","100.0000","88502","Acceptable PM2.5 AQI & Speciation Mass","731","Met-One BAM-1020 W/PM2.5 SCC","47300","Visalia-Porterville, CA","06","California","107","Tulare","36.0318310008979","-119.055018"
"07/20/2025","AQS","061072010","3","8.9","ug/m3 LC","49","Porterville","1","100.0000","88502","Acceptable PM2.5 AQI & Speciation Mass","731","Met-One BAM-1020 W/PM2.5 SCC","47300","Visalia-Porterville, CA","06","California","107","Tulare","36.0318310008979","-119.055018"
"07/21/2025","AQS","061072010","3","6.8","ug/m3 LC","38","Porterville","1","100.0000","88502","Acceptable PM2.5 AQI & Speciation Mass","731","Met-One BAM-1020 W/PM2.5 SCC","47300","Visalia-Porterville, CA","06","California","107","Tulare","36.0318310008979","-119.055018"
"07/22/2025","AQS","061072010","3","5.3","ug/m3 LC","29","Porterville","1","100.0000","88502","Acceptable PM2.5 AQI & Speciation Mass","731","Met-One BAM-1020 W/PM2.5 SCC","47300","Visalia-Porterville, CA","06","California","107","Tulare","36.0318310008979","-119.055018"
"07/23/2025","AQS","061072010","3","5.7","ug/m3 LC","32","Porterville","1","100.0000","88502","Acceptable PM2.5 AQI & Speciation Mass","731","Met-One BAM-1020 W/PM2.5 SCC","47300","Visalia-Porterville, CA","06","California","107","Tulare","36.0318310008979","-119.055018"
"07/24/2025","AQS","061072010","3","4.8","ug/m3 LC","27","Porterville","1","100.0000","88502","Acceptable PM2.5 AQI & Speciation Mass","731","Met-One BAM-1020 W/PM2.5 SCC","47300","Visalia-Porterville, CA","06","California","107","Tulare","36.0318310008979","-119.055018"
"07/25/2025","AQS","061072010","3","6.5","ug/m3 LC","36","Porterville","1","100.0000","88502","Acceptable PM2.5 AQI & Speciation Mass","731","Met-One BAM-1020 W/PM2.5 SCC","47300","Visalia-Porterville, CA","06","California","107","Tulare","36.0318310008979","-119.055018"
"07/26/2025","AQS","061072010","3","6","ug/m3 LC","33","Porterville","1","100.0000","88502","Acceptable PM2.5 AQI & Speciation Mass","731","Met-One BAM-1020 W/PM2.5 SCC","47300","Visalia-Porterville, CA","06","California","107","Tulare","36.0318310008979","-119.055018"
"07/27/2025","AQS","061072010","3","6.8","ug/m3 LC","38","Porterville","1","100.0000","88502","Acceptable PM2.5 AQI & Speciation Mass","731","Met-One BAM-1020 W/PM2.5 SCC","47300","Visalia-Porterville, CA","06","California","107","Tulare","36.0318310008979","-119.055018"
"07/28/2025","AQS","061072010","3","8.5","ug/m3 LC","47","Porterville","1","100.0000","88502","Acceptable PM2.5 AQI & Speciation Mass","731","Met-One BAM-1020 W/PM2.5 SCC","47300","Visalia-Porterville, CA","06","California","107","Tulare","36.0318310008979","-119.055018"
"07/29/2025","AQS","061072010","3","9","ug/m3 LC","50","Porterville","1","100.0000","88502","Acceptable PM2.5 AQI & Speciation Mass","731","Met-One BAM-1020 W/PM2.5 SCC","47300","Visalia-Porterville, CA","06","California","107","Tulare","36.0318310008979","-119.055018"
"07/30/2025","AQS","061072010","3","7","ug/m3 LC","39","Porterville","1","100.0000","88502","Acceptable PM2.5 AQI & Speciation Mass","731","Met-One BAM-1020 W/PM2.5 SCC","47300","Visalia-Porterville, CA","06","California","107","Tulare","36.0318310008979","-119.055018"
"07/31/2025","AQS","061072010","3","7.7","ug/m3 LC","43","Porterville","1","100.0000","88502","Acceptable PM2.5 AQI & Speciation Mass","731","Met-One BAM-1020 W/PM2.5 SCC","47300","Visalia-Porterville, CA","06","California","107","Tulare","36.0318310008979","-119.055018"
"08/01/2025","AQS","061072010","3","8.5","ug/m3 LC","47","Porterville","1","100.0000","88502","Acceptable PM2.5 AQI & Speciation Mass","731","Met-One BAM-1020 W/PM2.5 SCC","47300","Visalia-Porterville, CA","06","California","107","Tulare","36.0318310008979","-119.055018"
"08/02/2025","AQS","061072010","3","9.8","ug/m3 LC","52","Porterville","1","100.0000","88502","Acceptable PM2.5 AQI & Speciation Mass","731","Met-One BAM-1020 W/PM2.5 SCC","47300","Visalia-Porterville, CA","06","California","107","Tulare","36.0318310008979","-119.055018"
"08/03/2025","AQS","061072010","3","6.8","ug/m3 LC","38","Porterville","1","100.0000","88502","Acceptable PM2.5 AQI & Speciation Mass","731","Met-One BAM-1020 W/PM2.5 SCC","47300","Visalia-Porterville, CA","06","California","107","Tulare","36.0318310008979","-119.055018"
"08/04/2025","AQS","061072010","3","5.9","ug/m3 LC","33","Porterville","1","100.0000","88502","Acceptable PM2.5 AQI & Speciation Mass","731","Met-One BAM-1020 W/PM2.5 SCC","47300","Visalia-Porterville, CA","06","California","107","Tulare","36.0318310008979","-119.055018"
"08/05/2025","AQS","061072010","3","6.7","ug/m3 LC","37","Porterville","1","100.0000","88502","Acceptable PM2.5 AQI & Speciation Mass","731","Met-One BAM-1020 W/PM2.5 SCC","47300","Visalia-Porterville, CA","06","California","107","Tulare","36.0318310008979","-119.055018"
"08/06/2025","AQS","061072010","3","9.2","ug/m3 LC","51","Porterville","1","100.0000","88502","Acceptable PM2.5 AQI & Speciation Mass","731","Met-One BAM-1020 W/PM2.5 SCC","47300","Visalia-Porterville, CA","06","California","107","Tulare","36.0318310008979","-119.055018"
"08/07/2025","AQS","061072010","3","8.8","ug/m3 LC","49","Porterville","1","100.0000","88502","Acceptable PM2.5 AQI & Speciation Mass","731","Met-One BAM-1020 W/PM2.5 SCC","47300","Visalia-Porterville, CA","06","California","107","Tulare","36.0318310008979","-119.055018"
"08/08/2025","AQS","061072010","3","11.5","ug/m3 LC","55","Porterville","1","100.0000","88502","Acceptable PM2.5 AQI & Speciation Mass","731","Met-One BAM-1020 W/PM2.5 SCC","47300","Visalia-Porterville, CA","06","California","107","Tulare","36.0318310008979","-119.055018"
"08/09/2025","AQS","061072010","3","14.6","ug/m3 LC","61","Porterville","1","100.0000","88502","Acceptable PM2.5 AQI & Speciation Mass","731","Met-One BAM-1020 W/PM2.5 SCC","47300","Visalia-Porterville, CA","06","California","107","Tulare","36.0318310008979","-119.055018"
"08/10/2025","AQS","061072010","3","14.4","ug/m3 LC","61","Porterville","1","100.0000","88502","Acceptable PM2.5 AQI & Speciation Mass","731","Met-One BAM-1020 W/PM2.5 SCC","47300","Visalia-Porterville, CA","06","California","107","Tulare","36.0318310008979","-119.055018"
"08/11/2025","AQS","061072010","3","13.1","ug/m3 LC","58","Porterville","1","100.0000","88502","Acceptable PM2.5 AQI & Speciation Mass","731","Met-One BAM-1020 W/PM2.5 SCC","47300","Visalia-Porterville, CA","06","California","107","Tulare","36.0318310008979","-119.055018"
"08/12/2025","AQS","061072010","3","11.5","ug/m3 LC","55","Porterville","1","100.0000","88502","Acceptable PM2.5 AQI & Speciation Mass","731","Met-One BAM-1020 W/PM2.5 SCC","47300","Visalia-Porterville, CA","06","California","107","Tulare","36.0318310008979","-119.055018"
"08/13/2025","AQS","061072010","3","10.8","ug/m3 LC","54","Porterville","1","100.0000","88502","Acceptable PM2.5 AQI & Speciation Mass","731","Met-One BAM-1020 W/PM2.5 SCC","47300","Visalia-Porterville, CA","06","California","107","Tulare","36.0318310008979","-119.055018"
"08/14/2025","AQS","061072010","3","11","ug/m3 LC","55","Porterville","1","100.0000","88502","Acceptable PM2.5 AQI & Speciation Mass","731","Met-One BAM-1020 W/PM2.5 SCC","47300","Visalia-Porterville, CA","06","California","107","Tulare","36.0318310008979","-119.055018"
"08/15/2025","AQS","061072010","3","9.9","ug/m3 LC","52","Porterville","1","100.0000","88502","Acceptable PM2.5 AQI & Speciation Mass","731","Met-One BAM-1020 W/PM2.5 SCC","47300","Visalia-Porterville, CA","06","California","107","Tulare","36.0318310008979","-119.055018"
"08/16/2025","AQS","061072010","3","6.2","ug/m3 LC","34","Porterville","1","100.0000","88502","Acceptable PM2.5 AQI & Speciation Mass","731","Met-One BAM-1020 W/PM2.5 SCC","47300","Visalia-Porterville, CA","06","California","107","Tulare","36.0318310008979","-119.055018"
"08/17/2025","AQS","061072010","3","3.1","ug/m3 LC","17","Porterville","1","100.0000","88502","Acceptable PM2.5 AQI & Speciation Mass","731","Met-One BAM-1020 W/PM2.5 SCC","47300","Visalia-Porterville, CA","06","California","107","Tulare","36.0318310008979","-119.055018"
"08/18/2025","AQS","061072010","3","8.7","ug/m3 LC","48","Porterville","1","100.0000","88502","Acceptable PM2.5 AQI & Speciation Mass","731","Met-One BAM-1020 W/PM2.5 SCC","47300","Visalia-Porterville, CA","06","California","107","Tulare","36.0318310008979","-119.055018"
"08/19/2025","AQS","061072010","3","9.6","ug/m3 LC","52","Porterville","1","100.0000","88502","Acceptable PM2.5 AQI & Speciation Mass","731","Met-One BAM-1020 W/PM2.5 SCC","47300","Visalia-Porterville, CA","06","California","107","Tulare","36.0318310008979","-119.055018"
"08/20/2025","AQS","061072010","3","9.5","ug/m3 LC","52","Porterville","1","100.0000","88502","Acceptable PM2.5 AQI & Speciation Mass","731","Met-One BAM-1020 W/PM2.5 SCC","47300","Visalia-Porterville, CA","06","California","107","Tulare","36.0318310008979","-119.055018"
"08/21/2025","AQS","061072010","3","10.9","ug/m3 LC","54","Porterville","1","100.0000","88502","Acceptable PM2.5 AQI & Speciation Mass","731","Met-One BAM-1020 W/PM2.5 SCC","47300","Visalia-Porterville, CA","06","California","107","Tulare","36.0318310008979","-119.055018"
"08/22/2025","AQS","061072010","3","14.1","ug/m3 LC","60","Porterville","1","100.0000","88502","Acceptable PM2.5 AQI & Speciation Mass","731","Met-One BAM-1020 W/PM2.5 SCC","47300","Visalia-Porterville, CA","06","California","107","Tulare","36.0318310008979","-119.055018"
"08/23/2025","AQS","061072010","3","18.6","ug/m3 LC","69","Porterville","1","100.0000","88502","Acceptable PM2.5 AQI & Speciation Mass","731","Met-One BAM-1020 W/PM2.5 SCC","47300","Visalia-Porterville, CA","06","California","107","Tulare","36.0318310008979","-119.055018"
"08/24/2025","AQS","061072010","3","16.7","ug/m3 LC","65","Porterville","1","100.0000","88502","Acceptable PM2.5 AQI & Speciation Mass","731","Met-One BAM-1020 W/PM2.5 SCC","47300","Visalia-Porterville, CA","06","California","107","Tulare","36.0318310008979","-119.055018"
"08/25/2025","AQS","061072010","3","9.7","ug/m3 LC","52","Porterville","1","100.0000","88502","Acceptable PM2.5 AQI & Speciation Mass","731","Met-One BAM-1020 W/PM2.5 SCC","47300","Visalia-Porterville, CA","06","California","107","Tulare","36.0318310008979","-119.055018"
"08/26/2025","AQS","061072010","3","10","ug/m3 LC","53","Porterville","1","100.0000","88502","Acceptable PM2.5 AQI & Speciation Mass","731","Met-One BAM-1020 W/PM2.5 SCC","47300","Visalia-Porterville, CA","06","California","107","Tulare","36.0318310008979","-119.055018"
"08/27/2025","AQS","061072010","3","9.1","ug/m3 LC","51","Porterville","1","100.0000","88502","Acceptable PM2.5 AQI & Speciation Mass","731","Met-One BAM-1020 W/PM2.5 SCC","47300","Visalia-Porterville, CA","06","California","107","Tulare","36.0318310008979","-119.055018"
"08/28/2025","AQS","061072010","3","14.9","ug/m3 LC","62","Porterville","1","100.0000","88502","Acceptable PM2.5 AQI & Speciation Mass","731","Met-One BAM-1020 W/PM2.5 SCC","47300","Visalia-Porterville, CA","06","California","107","Tulare","36.0318310008979","-119.055018"
"08/29/2025","AQS","061072010","3","11.5","ug/m3 LC","55","Porterville","1","100.0000","88502","Acceptable PM2.5 AQI & Speciation Mass","731","Met-One BAM-1020 W/PM2.5 SCC","47300","Visalia-Porterville, CA","06","California","107","Tulare","36.0318310008979","-119.055018"
"08/30/2025","AQS","061072010","3","13.2","ug/m3 LC","59","Porterville","1","100.0000","88502","Acceptable PM2.5 AQI & Speciation Mass","731","Met-One BAM-1020 W/PM2.5 SCC","47300","Visalia-Porterville, CA","06","California","107","Tulare","36.0318310008979","-119.055018"
"08/31/2025","AQS","061072010","3","12.3","ug/m3 LC","57","Porterville","1","100.0000","88502","Acceptable PM2.5 AQI & Speciation Mass","731","Met-One BAM-1020 W/PM2.5 SCC","47300","Visalia-Porterville, CA","06","California","107","Tulare","36.0318310008979","-119.055018"
"09/01/2025","AQS","061072010","3","12.2","ug/m3 LC","57","Porterville","1","100.0000","88502","Acceptable PM2.5 AQI & Speciation Mass","731","Met-One BAM-1020 W/PM2.5 SCC","47300","Visalia-Porterville, CA","06","California","107","Tulare","36.0318310008979","-119.055018"
"09/02/2025","AQS","061072010","3","10.4","ug/m3 LC","53","Porterville","1","100.0000","88502","Acceptable PM2.5 AQI & Speciation Mass","731","Met-One BAM-1020 W/PM2.5 SCC","47300","Visalia-Porterville, CA","06","California","107","Tulare","36.0318310008979","-119.055018"
"09/03/2025","AQS","061072010","3","16.7","ug/m3 LC","65","Porterville","1","100.0000","88502","Acceptable PM2.5 AQI & Speciation Mass","731","Met-One BAM-1020 W/PM2.5 SCC","47300","Visalia-Porterville, CA","06","California","107","Tulare","36.0318310008979","-119.055018"
"09/04/2025","AQS","061072010","3","14","ug/m3 LC","60","Porterville","1","100.0000","88502","Acceptable PM2.5 AQI & Speciation Mass","731","Met-One BAM-1020 W/PM2.5 SCC","47300","Visalia-Porterville, CA","06","California","107","Tulare","36.0318310008979","-119.055018"
"09/05/2025","AQS","061072010","3","12.8","ug/m3 LC","58","Porterville","1","100.0000","88502","Acceptable PM2.5 AQI & Speciation Mass","731","Met-One BAM-1020 W/PM2.5 SCC","47300","Visalia-Porterville, CA","06","California","107","Tulare","36.0318310008979","-119.055018"
"09/06/2025","AQS","061072010","3","12.3","ug/m3 LC","57","Porterville","1","100.0000","88502","Acceptable PM2.5 AQI & Speciation Mass","731","Met-One BAM-1020 W/PM2.5 SCC","47300","Visalia-Porterville, CA","06","California","107","Tulare","36.0318310008979","-119.055018"
"09/07/2025","AQS","061072010","3","7.9","ug/m3 LC","44","Porterville","1","100.0000","88502","Acceptable PM2.5 AQI & Speciation Mass","731","Met-One BAM-1020 W/PM2.5 SCC","47300","Visalia-Porterville, CA","06","California","107","Tulare","36.0318310008979","-119.055018"
"09/08/2025","AQS","061072010","3","8.8","ug/m3 LC","49","Porterville","1","100.0000","88502","Acceptable PM2.5 AQI & Speciation Mass","731","Met-One BAM-1020 W/PM2.5 SCC","47300","Visalia-Porterville, CA","06","California","107","Tulare","36.0318310008979","-119.055018"
"09/09/2025","AQS","061072010","3","6.2","ug/m3 LC","34","Porterville","1","100.0000","88502","Acceptable PM2.5 AQI & Speciation Mass","731","Met-One BAM-1020 W/PM2.5 SCC","47300","Visalia-Porterville, CA","06","California","107","Tulare","36.0318310008979","-119.055018"
"09/10/2025","AQS","061072010","3","5.1","ug/m3 LC","28","Porterville","1","100.0000","88502","Acceptable PM2.5 AQI & Speciation Mass","731","Met-One BAM-1020 W/PM2.5 SCC","47300","Visalia-Porterville, CA","06","California","107","Tulare","36.0318310008979","-119.055018"
"09/11/2025","AQS","061072010","3","6.2","ug/m3 LC","34","Porterville","1","100.0000","88502","Acceptable PM2.5 AQI & Speciation Mass","731","Met-One BAM-1020 W/PM2.5 SCC","47300","Visalia-Porterville, CA","06","California","107","Tulare","36.0318310008979","-119.055018"
"09/12/2025","AQS","061072010","3","9.4","ug/m3 LC","52","Porterville","1","100.0000","88502","Acceptable PM2.5 AQI & Speciation Mass","731","Met-One BAM-1020 W/PM2.5 SCC","47300","Visalia-Porterville, CA","06","California","107","Tulare","36.0318310008979","-119.055018"
"09/13/2025","AQS","061072010","3","14.1","ug/m3 LC","60","Porterville","1","100.0000","88502","Acceptable PM2.5 AQI & Speciation Mass","731","Met-One BAM-1020 W/PM2.5 SCC","47300","Visalia-Porterville, CA","06","California","107","Tulare","36.0318310008979","-119.055018"
"09/14/2025","AQS","061072010","3","11.9","ug/m3 LC","56","Porterville","1","100.0000","88502","Acceptable PM2.5 AQI & Speciation Mass","731","Met-One BAM-1020 W/PM2.5 SCC","47300","Visalia-Porterville, CA","06","California","107","Tulare","36.0318310008979","-119.055018"
"09/15/2025","AQS","061072010","3","11.7","ug/m3 LC","56","Porterville","1","100.0000","88502","Acceptable PM2.5 AQI & Speciation Mass","731","Met-One BAM-1020 W/PM2.5 SCC","47300","Visalia-Porterville, CA","06","California","107","Tulare","36.0318310008979","-119.055018"
"09/16/2025","AQS","061072010","3","10.8","ug/m3 LC","54","Porterville","1","100.0000","88502","Acceptable PM2.5 AQI & Speciation Mass","731","Met-One BAM-1020 W/PM2.5 SCC","47300","Visalia-Porterville, CA","06","California","107","Tulare","36.0318310008979","-119.055018"
"09/17/2025","AQS","061072010","3","10.8","ug/m3 LC","54","Porterville","1","100.0000","88502","Acceptable PM2.5 AQI & Speciation Mass","731","Met-One BAM-1020 W/PM2.5 SCC","47300","Visalia-Porterville, CA","06","California","107","Tulare","36.0318310008979","-119.055018"
"09/18/2025","AQS","061072010","3","9.6","ug/m3 LC","52","Porterville","1","100.0000","88502","Acceptable PM2.5 AQI & Speciation Mass","731","Met-One BAM-1020 W/PM2.5 SCC","47300","Visalia-Porterville, CA","06","California","107","Tulare","36.0318310008979","-119.055018"
"09/19/2025","AQS","061072010","3","21","ug/m3 LC","73","Porterville","1","100.0000","88502","Acceptable PM2.5 AQI & Speciation Mass","731","Met-One BAM-1020 W/PM2.5 SCC","47300","Visalia-Porterville, CA","06","California","107","Tulare","36.0318310008979","-119.055018"
"09/20/2025","AQS","061072010","3","31.3","ug/m3 LC","92","Porterville","1","100.0000","88502","Acceptable PM2.5 AQI & Speciation Mass","731","Met-One BAM-1020 W/PM2.5 SCC","47300","Visalia-Porterville, CA","06","California","107","Tulare","36.0318310008979","-119.055018"
"09/21/2025","AQS","061072010","3","19.9","ug/m3 LC","71","Porterville","1","100.0000","88502","Acceptable PM2.5 AQI & Speciation Mass","731","Met-One BAM-1020 W/PM2.5 SCC","47300","Visalia-Porterville, CA","06","California","107","Tulare","36.0318310008979","-119.055018"
"09/22/2025","AQS","061072010","3","11.7","ug/m3 LC","56","Porterville","1","100.0000","88502","Acceptable PM2.5 AQI & Speciation Mass","731","Met-One BAM-1020 W/PM2.5 SCC","47300","Visalia-Porterville, CA","06","California","107","Tulare","36.0318310008979","-119.055018"
"09/23/2025","AQS","061072010","3","11.8","ug/m3 LC","56","Porterville","1","100.0000","88502","Acceptable PM2.5 AQI & Speciation Mass","731","Met-One BAM-1020 W/PM2.5 SCC","47300","Visalia-Porterville, CA","06","California","107","Tulare","36.0318310008979","-119.055018"
"09/24/2025","AQS","061072010","3","8.5","ug/m3 LC","47","Porterville","1","100.0000","88502","Acceptable PM2.5 AQI & Speciation Mass","731","Met-One BAM-1020 W/PM2.5 SCC","47300","Visalia-Porterville, CA","06","California","107","Tulare","36.0318310008979","-119.055018"
"09/25/2025","AQS","061072010","3","8.6","ug/m3 LC","48","Porterville","1","100.0000","88502","Acceptable PM2.5 AQI & Speciation Mass","731","Met-One BAM-1020 W/PM2.5 SCC","47300","Visalia-Porterville, CA","06","California","107","Tulare","36.0318310008979","-119.055018"
"09/26/2025","AQS","061072010","3","10.5","ug/m3 LC","54","Porterville","1","100.0000","88502","Acceptable PM2.5 AQI & Speciation Mass","731","Met-One BAM-1020 W/PM2.5 SCC","47300","Visalia-Porterville, CA","06","California","107","Tulare","36.0318310008979","-119.055018"
"09/27/2025","AQS","061072010","3","7.8","ug/m3 LC","43","Porterville","1","100.0000","88502","Acceptable PM2.5 AQI & Speciation Mass","731","Met-One BAM-1020 W/PM2.5 SCC","47300","Visalia-Porterville, CA","06","California","107","Tulare","36.0318310008979","-119.055018"
"09/28/2025","AQS","061072010","3","7","ug/m3 LC","39","Porterville","1","100.0000","88502","Acceptable PM2.5 AQI & Speciation Mass","731","Met-One BAM-1020 W/PM2.5 SCC","47300","Visalia-Porterville, CA","06","California","107","Tulare","36.0318310008979","-119.055018"
"09/29/2025","AQS","061072010","3","9.1","ug/m3 LC","51","Porterville","1","100.0000","88502","Acceptable PM2.5 AQI & Speciation Mass","731","Met-One BAM-1020 W/PM2.5 SCC","47300","Visalia-Porterville, CA","06","California","107","Tulare","36.0318310008979","-119.055018"
"09/30/2025","AQS","061072010","3","8.6","ug/m3 LC","48","Porterville","1","100.0000","88502","Acceptable PM2.5 AQI & Speciation Mass","731","Met-One BAM-1020 W/PM2.5 SCC","47300","Visalia-Porterville, CA","06","California","107","Tulare","36.0318310008979","-119.055018"
"10/01/2025","AQS","061072010","3","7","ug/m3 LC","39","Porterville","1","100.0000","88502","Acceptable PM2.5 AQI & Speciation Mass","731","Met-One BAM-1020 W/PM2.5 SCC","47300","Visalia-Porterville, CA","06","California","107","Tulare","36.0318310008979","-119.055018"
"10/02/2025","AQS","061072010","3","9.7","ug/m3 LC","52","Porterville","1","100.0000","88502","Acceptable PM2.5 AQI & Speciation Mass","731","Met-One BAM-1020 W/PM2.5 SCC","47300","Visalia-Porterville, CA","06","California","107","Tulare","36.0318310008979","-119.055018"
"10/03/2025","AQS","061072010","3","5","ug/m3 LC","28","Porterville","1","100.0000","88502","Acceptable PM2.5 AQI & Speciation Mass","731","Met-One BAM-1020 W/PM2.5 SCC","47300","Visalia-Porterville, CA","06","California","107","Tulare","36.0318310008979","-119.055018"
"10/04/2025","AQS","061072010","3","4.6","ug/m3 LC","26","Porterville","1","100.0000","88502","Acceptable PM2.5 AQI & Speciation Mass","731","Met-One BAM-1020 W/PM2.5 SCC","47300","Visalia-Porterville, CA","06","California","107","Tulare","36.0318310008979","-119.055018"
"10/05/2025","AQS","061072010","3","6.7","ug/m3 LC","37","Porterville","1","100.0000","88502","Acceptable PM2.5 AQI & Speciation Mass","731","Met-One BAM-1020 W/PM2.5 SCC","47300","Visalia-Porterville, CA","06","California","107","Tulare","36.0318310008979","-119.055018"
"10/06/2025","AQS","061072010","3","8","ug/m3 LC","44","Porterville","1","100.0000","88502","Acceptable PM2.5 AQI & Speciation Mass","731","Met-One BAM-1020 W/PM2.5 SCC","47300","Visalia-Porterville, CA","06","California","107","Tulare","36.0318310008979","-119.055018"
"10/07/2025","AQS","061072010","3","8.7","ug/m3 LC","48","Porterville","1","100.0000","88502","Acceptable PM2.5 AQI & Speciation Mass","731","Met-One BAM-1020 W/PM2.5 SCC","47300","Visalia-Porterville, CA","06","California","107","Tulare","36.0318310008979","-119.055018"
"10/08/2025","AQS","061072010","3","7","ug/m3 LC","39","Porterville","1","100.0000","88502","Acceptable PM2.5 AQI & Speciation Mass","731","Met-One BAM-1020 W/PM2.5 SCC","47300","Visalia-Porterville, CA","06","California","107","Tulare","36.0318310008979","-119.055018"
"10/09/2025","AQS","061072010","3","9.5","ug/m3 LC","52","Porterville","1","100.0000","88502","Acceptable PM2.5 AQI & Speciation Mass","731","Met-One BAM-1020 W/PM2.5 SCC","47300","Visalia-Porterville, CA","06","California","107","Tulare","36.0318310008979","-119.055018"
"10/10/2025","AQS","061072010","3","11","ug/m3 LC","55","Porterville","1","100.0000","88502","Acceptable PM2.5 AQI & Speciation Mass","731","Met-One BAM-1020 W/PM2.5 SCC","47300","Visalia-Porterville, CA","06","California","107","Tulare","36.0318310008979","-119.055018"
"10/11/2025","AQS","061072010","3","5.9","ug/m3 LC","33","Porterville","1","100.0000","88502","Acceptable PM2.5 AQI & Speciation Mass","731","Met-One BAM-1020 W/PM2.5 SCC","47300","Visalia-Porterville, CA","06","California","107","Tulare","36.0318310008979","-119.055018"
"10/12/2025","AQS","061072010","3","5.4","ug/m3 LC","30","Porterville","1","100.0000","88502","Acceptable PM2.5 AQI & Speciation Mass","731","Met-One BAM-1020 W/PM2.5 SCC","47300","Visalia-Porterville, CA","06","California","107","Tulare","36.0318310008979","-119.055018"
"10/13/2025","AQS","061072010","3","3.5","ug/m3 LC","19","Porterville","1","100.0000","88502","Acceptable PM2.5 AQI & Speciation Mass","731","Met-One BAM-1020 W/PM2.5 SCC","47300","Visalia-Porterville, CA","06","California","107","Tulare","36.0318310008979","-119.055018"
"10/14/2025","AQS","061072010","3","3.2","ug/m3 LC","18","Porterville","1","100.0000","88502","Acceptable PM2.5 AQI & Speciation Mass","731","Met-One BAM-1020 W/PM2.5 SCC","47300","Visalia-Porterville, CA","06","California","107","Tulare","36.0318310008979","-119.055018"
"10/15/2025","AQS","061072010","3","4.8","ug/m3 LC","27","Porterville","1","100.0000","88502","Acceptable PM2.5 AQI & Speciation Mass","731","Met-One BAM-1020 W/PM2.5 SCC","47300","Visalia-Porterville, CA","06","California","107","Tulare","36.0318310008979","-119.055018"
"10/16/2025","AQS","061072010","3","11.3","ug/m3 LC","55","Porterville","1","100.0000","88502","Acceptable PM2.5 AQI & Speciation Mass","731","Met-One BAM-1020 W/PM2.5 SCC","47300","Visalia-Porterville, CA","06","California","107","Tulare","36.0318310008979","-119.055018"
"10/17/2025","AQS","061072010","3","18.8","ug/m3 LC","69","Porterville","1","100.0000","88502","Acceptable PM2.5 AQI & Speciation Mass","731","Met-One BAM-1020 W/PM2.5 SCC","47300","Visalia-Porterville, CA","06","California","107","Tulare","36.0318310008979","-119.055018"
"10/18/2025","AQS","061072010","3","16.5","ug/m3 LC","65","Porterville","1","100.0000","88502","Acceptable PM2.5 AQI & Speciation Mass","731","Met-One BAM-1020 W/PM2.5 SCC","47300","Visalia-Porterville, CA","06","California","107","Tulare","36.0318310008979","-119.055018"
"10/19/2025","AQS","061072010","3","18.4","ug/m3 LC","68","Porterville","1","100.0000","88502","Acceptable PM2.5 AQI & Speciation Mass","731","Met-One BAM-1020 W/PM2.5 SCC","47300","Visalia-Porterville, CA","06","California","107","Tulare","36.0318310008979","-119.055018"
"10/20/2025","AQS","061072010","3","19","ug/m3 LC","69","Porterville","1","100.0000","88502","Acceptable PM2.5 AQI & Speciation Mass","731","Met-One BAM-1020 W/PM2.5 SCC","47300","Visalia-Porterville, CA","06","California","107","Tulare","36.0318310008979","-119.055018"
"10/21/2025","AQS","061072010","3","27.4","ug/m3 LC","85","Porterville","1","100.0000","88502","Acceptable PM2.5 AQI & Speciation Mass","731","Met-One BAM-1020 W/PM2.5 SCC","47300","Visalia-Porterville, CA","06","California","107","Tulare","36.0318310008979","-119.055018"
"10/22/2025","AQS","061072010","3","10.5","ug/m3 LC","54","Porterville","1","100.0000","88502","Acceptable PM2.5 AQI & Speciation Mass","731","Met-One BAM-1020 W/PM2.5 SCC","47300","Visalia-Porterville, CA","06","California","107","Tulare","36.0318310008979","-119.055018"
"10/23/2025","AQS","061072010","3","12.7","ug/m3 LC","58","Porterville","1","100.0000","88502","Acceptable PM2.5 AQI & Speciation Mass","731","Met-One BAM-1020 W/PM2.5 SCC","47300","Visalia-Porterville, CA","06","California","107","Tulare","36.0318310008979","-119.055018"
"10/24/2025","AQS","061072010","3","12.5","ug/m3 LC","57","Porterville","1","100.0000","88502","Acceptable PM2.5 AQI & Speciation Mass","731","Met-One BAM-1020 W/PM2.5 SCC","47300","Visalia-Porterville, CA","06","California","107","Tulare","36.0318310008979","-119.055018"
"10/25/2025","AQS","061072010","3","17.4","ug/m3 LC","66","Porterville","1","100.0000","88502","Acceptable PM2.5 AQI & Speciation Mass","731","Met-One BAM-1020 W/PM2.5 SCC","47300","Visalia-Porterville, CA","06","California","107","Tulare","36.0318310008979","-119.055018"
"10/26/2025","AQS","061072010","3","12.2","ug/m3 LC","57","Porterville","1","100.0000","88502","Acceptable PM2.5 AQI & Speciation Mass","731","Met-One BAM-1020 W/PM2.5 SCC","47300","Visalia-Porterville, CA","06","California","107","Tulare","36.0318310008979","-119.055018"
"10/27/2025","AQS","061072010","3","9.5","ug/m3 LC","52","Porterville","1","100.0000","88502","Acceptable PM2.5 AQI & Speciation Mass","731","Met-One BAM-1020 W/PM2.5 SCC","47300","Visalia-Porterville, CA","06","California","107","Tulare","36.0318310008979","-119.055018"
"10/28/2025","AQS","061072010","3","13.8","ug/m3 LC","60","Porterville","1","100.0000","88502","Acceptable PM2.5 AQI & Speciation Mass","731","Met-One BAM-1020 W/PM2.5 SCC","47300","Visalia-Porterville, CA","06","California","107","Tulare","36.0318310008979","-119.055018"
"10/29/2025","AQS","061072010","3","15.7","ug/m3 LC","63","Porterville","1","100.0000","88502","Acceptable PM2.5 AQI & Speciation Mass","731","Met-One BAM-1020 W/PM2.5 SCC","47300","Visalia-Porterville, CA","06","California","107","Tulare","36.0318310008979","-119.055018"
"10/30/2025","AQS","061072010","3","16.2","ug/m3 LC","64","Porterville","1","100.0000","88502","Acceptable PM2.5 AQI & Speciation Mass","731","Met-One BAM-1020 W/PM2.5 SCC","47300","Visalia-Porterville, CA","06","California","107","Tulare","36.0318310008979","-119.055018"
"10/31/2025","AQS","061072010","3","20.9","ug/m3 LC","73","Porterville","1","100.0000","88502","Acceptable PM2.5 AQI & Speciation Mass","731","Met-One BAM-1020 W/PM2.5 SCC","47300","Visalia-Porterville, CA","06","California","107","Tulare","36.0318310008979","-119.055018"
"11/01/2025","AQS","061072010","3","24.2","ug/m3 LC","79","Porterville","1","100.0000","88502","Acceptable PM2.5 AQI & Speciation Mass","731","Met-One BAM-1020 W/PM2.5 SCC","47300","Visalia-Porterville, CA","06","California","107","Tulare","36.0318310008979","-119.055018"
"11/02/2025","AQS","061072010","3","21.6","ug/m3 LC","74","Porterville","1","100.0000","88502","Acceptable PM2.5 AQI & Speciation Mass","731","Met-One BAM-1020 W/PM2.5 SCC","47300","Visalia-Porterville, CA","06","California","107","Tulare","36.0318310008979","-119.055018"
"11/03/2025","AQS","061072010","3","13.6","ug/m3 LC","59","Porterville","1","100.0000","88502","Acceptable PM2.5 AQI & Speciation Mass","731","Met-One BAM-1020 W/PM2.5 SCC","47300","Visalia-Porterville, CA","06","California","107","Tulare","36.0318310008979","-119.055018"
"11/04/2025","AQS","061072010","3","12","ug/m3 LC","56","Porterville","1","100.0000","88502","Acceptable PM2.5 AQI & Speciation Mass","731","Met-One BAM-1020 W/PM2.5 SCC","47300","Visalia-Porterville, CA","06","California","107","Tulare","36.0318310008979","-119.055018"
"11/05/2025","AQS","061072010","3","5.7","ug/m3 LC","32","Porterville","1","100.0000","88502","Acceptable PM2.5 AQI & Speciation Mass","731","Met-One BAM-1020 W/PM2.5 SCC","47300","Visalia-Porterville, CA","06","California","107","Tulare","36.0318310008979","-119.055018"
"11/06/2025","AQS","061072010","3","5.8","ug/m3 LC","32","Porterville","1","100.0000","88502","Acceptable PM2.5 AQI & Speciation Mass","731","Met-One BAM-1020 W/PM2.5 SCC","47300","Visalia-Porterville, CA","06","California","107","Tulare","36.0318310008979","-119.055018"
"11/07/2025","AQS","061072010","3","8.3","ug/m3 LC","46","Porterville","1","100.0000","88502","Acceptable PM2.5 AQI & Speciation Mass","731","Met-One BAM-1020 W/PM2.5 SCC","47300","Visalia-Porterville, CA","06","California","107","Tulare","36.0318310008979","-119.055018"
"11/08/2025","AQS","061072010","3","7.7","ug/m3 LC","43","Porterville","1","100.0000","88502","Acceptable PM2.5 AQI & Speciation Mass","731","Met-One BAM-1020 W/PM2.5 SCC","47300","Visalia-Porterville, CA","06","California","107","Tulare","36.0318310008979","-119.055018"
"11/09/2025","AQS","061072010","3","9","ug/m3 LC","50","Porterville","1","100.0000","88502","Acceptable PM2.5 AQI & Speciation Mass","731","Met-One BAM-1020 W/PM2.5 SCC","47300","Visalia-Porterville, CA","06","California","107","Tulare","36.0318310008979","-119.055018"
"11/10/2025","AQS","061072010","3","10.2","ug/m3 LC","53","Porterville","1","100.0000","88502","Acceptable PM2.5 AQI & Speciation Mass","731","Met-One BAM-1020 W/PM2.5 SCC","47300","Visalia-Porterville, CA","06","California","107","Tulare","36.0318310008979","-119.055018"
"11/11/2025","AQS","061072010","3","13.5","ug/m3 LC","59","Porterville","1","100.0000","88502","Acceptable PM2.5 AQI & Speciation Mass","731","Met-One BAM-1020 W/PM2.5 SCC","47300","Visalia-Porterville, CA","06","California","107","Tulare","36.0318310008979","-119.055018"
"11/12/2025","AQS","061072010","3","10.1","ug/m3 LC","53","Porterville","1","100.0000","88502","Acceptable PM2.5 AQI & Speciation Mass","731","Met-One BAM-1020 W/PM2.5 SCC","47300","Visalia-Porterville, CA","06","California","107","Tulare","36.0318310008979","-119.055018"
"11/13/2025","AQS","061072010","3","12.5","ug/m3 LC","57","Porterville","1","100.0000","88502","Acceptable PM2.5 AQI & Speciation Mass","731","Met-One BAM-1020 W/PM2.5 SCC","47300","Visalia-Porterville, CA","06","California","107","Tulare","36.0318310008979","-119.055018"
"11/14/2025","AQS","061072010","3","6","ug/m3 LC","33","Porterville","1","100.0000","88502","Acceptable PM2.5 AQI & Speciation Mass","731","Met-One BAM-1020 W/PM2.5 SCC","47300","Visalia-Porterville, CA","06","California","107","Tulare","36.0318310008979","-119.055018"
"11/15/2025","AQS","061072010","3","5.7","ug/m3 LC","32","Porterville","1","100.0000","88502","Acceptable PM2.5 AQI & Speciation Mass","731","Met-One BAM-1020 W/PM2.5 SCC","47300","Visalia-Porterville, CA","06","California","107","Tulare","36.0318310008979","-119.055018"
"11/16/2025","AQS","061072010","3","1.9","ug/m3 LC","11","Porterville","1","100.0000","88502","Acceptable PM2.5 AQI & Speciation Mass","731","Met-One BAM-1020 W/PM2.5 SCC","47300","Visalia-Porterville, CA","06","California","107","Tulare","36.0318310008979","-119.055018"
"11/17/2025","AQS","061072010","3","2","ug/m3 LC","11","Porterville","1","100.0000","88502","Acceptable PM2.5 AQI & Speciation Mass","731","Met-One BAM-1020 W/PM2.5 SCC","47300","Visalia-Porterville, CA","06","California","107","Tulare","36.0318310008979","-119.055018"
"11/18/2025","AQS","061072010","3","3.1","ug/m3 LC","17","Porterville","1","100.0000","88502","Acceptable PM2.5 AQI & Speciation Mass","731","Met-One BAM-1020 W/PM2.5 SCC","47300","Visalia-Porterville, CA","06","California","107","Tulare","36.0318310008979","-119.055018"
"11/19/2025","AQS","061072010","3","5","ug/m3 LC","28","Porterville","1","100.0000","88502","Acceptable PM2.5 AQI & Speciation Mass","731","Met-One BAM-1020 W/PM2.5 SCC","47300","Visalia-Porterville, CA","06","California","107","Tulare","36.0318310008979","-119.055018"
"11/20/2025","AQS","061072010","3","5","ug/m3 LC","28","Porterville","1","100.0000","88502","Acceptable PM2.5 AQI & Speciation Mass","731","Met-One BAM-1020 W/PM2.5 SCC","47300","Visalia-Porterville, CA","06","California","107","Tulare","36.0318310008979","-119.055018"
"11/21/2025","AQS","061072010","3","11.3","ug/m3 LC","55","Porterville","1","100.0000","88502","Acceptable PM2.5 AQI & Speciation Mass","731","Met-One BAM-1020 W/PM2.5 SCC","47300","Visalia-Porterville, CA","06","California","107","Tulare","36.0318310008979","-119.055018"
"11/22/2025","AQS","061072010","3","11.4","ug/m3 LC","55","Porterville","1","100.0000","88502","Acceptable PM2.5 AQI & Speciation Mass","731","Met-One BAM-1020 W/PM2.5 SCC","47300","Visalia-Porterville, CA","06","California","107","Tulare","36.0318310008979","-119.055018"
"11/23/2025","AQS","061072010","3","10","ug/m3 LC","53","Porterville","1","100.0000","88502","Acceptable PM2.5 AQI & Speciation Mass","731","Met-One BAM-1020 W/PM2.5 SCC","47300","Visalia-Porterville, CA","06","California","107","Tulare","36.0318310008979","-119.055018"
"11/24/2025","AQS","061072010","3","14.1","ug/m3 LC","60","Porterville","1","100.0000","88502","Acceptable PM2.5 AQI & Speciation Mass","731","Met-One BAM-1020 W/PM2.5 SCC","47300","Visalia-Porterville, CA","06","California","107","Tulare","36.0318310008979","-119.055018"
"11/25/2025","AQS","061072010","3","14.4","ug/m3 LC","61","Porterville","1","100.0000","88502","Acceptable PM2.5 AQI & Speciation Mass","731","Met-One BAM-1020 W/PM2.5 SCC","47300","Visalia-Porterville, CA","06","California","107","Tulare","36.0318310008979","-119.055018"
"11/26/2025","AQS","061072010","3","15.1","ug/m3 LC","62","Porterville","1","100.0000","88502","Acceptable PM2.5 AQI & Speciation Mass","731","Met-One BAM-1020 W/PM2.5 SCC","47300","Visalia-Porterville, CA","06","California","107","Tulare","36.0318310008979","-119.055018"
"11/27/2025","AQS","061072010","3","16","ug/m3 LC","64","Porterville","1","100.0000","88502","Acceptable PM2.5 AQI & Speciation Mass","731","Met-One BAM-1020 W/PM2.5 SCC","47300","Visalia-Porterville, CA","06","California","107","Tulare","36.0318310008979","-119.055018"
"11/28/2025","AQS","061072010","3","17.8","ug/m3 LC","67","Porterville","1","100.0000","88502","Acceptable PM2.5 AQI & Speciation Mass","731","Met-One BAM-1020 W/PM2.5 SCC","47300","Visalia-Porterville, CA","06","California","107","Tulare","36.0318310008979","-119.055018"
"11/29/2025","AQS","061072010","3","12.4","ug/m3 LC","57","Porterville","1","100.0000","88502","Acceptable PM2.5 AQI & Speciation Mass","731","Met-One BAM-1020 W/PM2.5 SCC","47300","Visalia-Porterville, CA","06","California","107","Tulare","36.0318310008979","-119.055018"
"11/30/2025","AQS","061072010","3","17.7","ug/m3 LC","67","Porterville","1","100.0000","88502","Acceptable PM2.5 AQI & Speciation Mass","731","Met-One BAM-1020 W/PM2.5 SCC","47300","Visalia-Porterville, CA","06","California","107","Tulare","36.0318310008979","-119.055018"
"12/01/2025","AQS","061072010","3","18.4","ug/m3 LC","68","Porterville","1","100.0000","88502","Acceptable PM2.5 AQI & Speciation Mass","731","Met-One BAM-1020 W/PM2.5 SCC","47300","Visalia-Porterville, CA","06","California","107","Tulare","36.0318310008979","-119.055018"
"12/02/2025","AQS","061072010","3","17.2","ug/m3 LC","66","Porterville","1","100.0000","88502","Acceptable PM2.5 AQI & Speciation Mass","731","Met-One BAM-1020 W/PM2.5 SCC","47300","Visalia-Porterville, CA","06","California","107","Tulare","36.0318310008979","-119.055018"
"12/03/2025","AQS","061072010","3","11.7","ug/m3 LC","56","Porterville","1","100.0000","88502","Acceptable PM2.5 AQI & Speciation Mass","731","Met-One BAM-1020 W/PM2.5 SCC","47300","Visalia-Porterville, CA","06","California","107","Tulare","36.0318310008979","-119.055018"
"12/04/2025","AQS","061072010","3","12.6","ug/m3 LC","58","Porterville","1","100.0000","88502","Acceptable PM2.5 AQI & Speciation Mass","731","Met-One BAM-1020 W/PM2.5 SCC","47300","Visalia-Porterville, CA","06","California","107","Tulare","36.0318310008979","-119.055018"
"12/05/2025","AQS","061072010","3","21.8","ug/m3 LC","75","Porterville","1","100.0000","88502","Acceptable PM2.5 AQI & Speciation Mass","731","Met-One BAM-1020 W/PM2.5 SCC","47300","Visalia-Porterville, CA","06","California","107","Tulare","36.0318310008979","-119.055018"
"12/06/2025","AQS","061072010","3","22.4","ug/m3 LC","76","Porterville","1","100.0000","88502","Acceptable PM2.5 AQI & Speciation Mass","731","Met-One BAM-1020 W/PM2.5 SCC","47300","Visalia-Porterville, CA","06","California","107","Tulare","36.0318310008979","-119.055018"
"12/07/2025","AQS","061072010","3","21.7","ug/m3 LC","74","Porterville","1","100.0000","88502","Acceptable PM2.5 AQI & Speciation Mass","731","Met-One BAM-1020 W/PM2.5 SCC","47300","Visalia-Porterville, CA","06","California","107","Tulare","36.0318310008979","-119.055018"
"12/08/2025","AQS","061072010","3","21.8","ug/m3 LC","75","Porterville","1","100.0000","88502","Acceptable PM2.5 AQI & Speciation Mass","731","Met-One BAM-1020 W/PM2.5 SCC","47300","Visalia-Porterville, CA","06","California","107","Tulare","36.0318310008979","-119.055018"
"12/09/2025","AQS","061072010","3","15.6","ug/m3 LC","63","Porterville","1","100.0000","88502","Acceptable PM2.5 AQI & Speciation Mass","731","Met-One BAM-1020 W/PM2.5 SCC","47300","Visalia-Porterville, CA","06","California","107","Tulare","36.0318310008979","-119.055018"
"12/10/2025","AQS","061072010","3","4.3","ug/m3 LC","24","Porterville","1","100.0000","88502","Acceptable PM2.5 AQI & Speciation Mass","731","Met-One BAM-1020 W/PM2.5 SCC","47300","Visalia-Porterville, CA","06","California","107","Tulare","36.0318310008979","-119.055018"
"12/11/2025","AQS","061072010","3","4.3","ug/m3 LC","24","Porterville","1","100.0000","88502","Acceptable PM2.5 AQI & Speciation Mass","731","Met-One BAM-1020 W/PM2.5 SCC","47300","Visalia-Porterville, CA","06","California","107","Tulare","36.0318310008979","-119.055018"
"12/12/2025","AQS","061072010","3","5.9","ug/m3 LC","33","Porterville","1","100.0000","88502","Acceptable PM2.5 AQI & Speciation Mass","731","Met-One BAM-1020 W/PM2.5 SCC","47300","Visalia-Porterville, CA","06","California","107","Tulare","36.0318310008979","-119.055018"
"12/13/2025","AQS","061072010","3","5.7","ug/m3 LC","32","Porterville","1","100.0000","88502","Acceptable PM2.5 AQI & Speciation Mass","731","Met-One BAM-1020 W/PM2.5 SCC","47300","Visalia-Porterville, CA","06","California","107","Tulare","36.0318310008979","-119.055018"
"12/14/2025","AQS","061072010","3","7","ug/m3 LC","39","Porterville","1","100.0000","88502","Acceptable PM2.5 AQI & Speciation Mass","731","Met-One BAM-1020 W/PM2.5 SCC","47300","Visalia-Porterville, CA","06","California","107","Tulare","36.0318310008979","-119.055018"
"12/15/2025","AQS","061072010","3","7","ug/m3 LC","39","Porterville","1","100.0000","88502","Acceptable PM2.5 AQI & Speciation Mass","731","Met-One BAM-1020 W/PM2.5 SCC","47300","Visalia-Porterville, CA","06","California","107","Tulare","36.0318310008979","-119.055018"
"12/16/2025","AQS","061072010","3","9.4","ug/m3 LC","52","Porterville","1","100.0000","88502","Acceptable PM2.5 AQI & Speciation Mass","731","Met-One BAM-1020 W/PM2.5 SCC","47300","Visalia-Porterville, CA","06","California","107","Tulare","36.0318310008979","-119.055018"
"12/17/2025","AQS","061072010","3","8.1","ug/m3 LC","45","Porterville","1","100.0000","88502","Acceptable PM2.5 AQI & Speciation Mass","731","Met-One BAM-1020 W/PM2.5 SCC","47300","Visalia-Porterville, CA","06","California","107","Tulare","36.0318310008979","-119.055018"
"12/18/2025","AQS","061072010","3","11.2","ug/m3 LC","55","Porterville","1","100.0000","88502","Acceptable PM2.5 AQI & Speciation Mass","731","Met-One BAM-1020 W/PM2.5 SCC","47300","Visalia-Porterville, CA","06","California","107","Tulare","36.0318310008979","-119.055018"
"12/19/2025","AQS","061072010","3","12.7","ug/m3 LC","58","Porterville","1","100.0000","88502","Acceptable PM2.5 AQI & Speciation Mass","731","Met-One BAM-1020 W/PM2.5 SCC","47300","Visalia-Porterville, CA","06","California","107","Tulare","36.0318310008979","-119.055018"
"12/20/2025","AQS","061072010","3","9.3","ug/m3 LC","51","Porterville","1","100.0000","88502","Acceptable PM2.5 AQI & Speciation Mass","731","Met-One BAM-1020 W/PM2.5 SCC","47300","Visalia-Porterville, CA","06","California","107","Tulare","36.0318310008979","-119.055018"
"12/21/2025","AQS","061072010","3","5.4","ug/m3 LC","30","Porterville","1","100.0000","88502","Acceptable PM2.5 AQI & Speciation Mass","731","Met-One BAM-1020 W/PM2.5 SCC","47300","Visalia-Porterville, CA","06","California","107","Tulare","36.0318310008979","-119.055018"
"12/22/2025","AQS","061072010","3","5.5","ug/m3 LC","31","Porterville","1","100.0000","88502","Acceptable PM2.5 AQI & Speciation Mass","731","Met-One BAM-1020 W/PM2.5 SCC","47300","Visalia-Porterville, CA","06","California","107","Tulare","36.0318310008979","-119.055018"
"12/23/2025","AQS","061072010","3","7.2","ug/m3 LC","40","Porterville","1","100.0000","88502","Acceptable PM2.5 AQI & Speciation Mass","731","Met-One BAM-1020 W/PM2.5 SCC","47300","Visalia-Porterville, CA","06","California","107","Tulare","36.0318310008979","-119.055018"
"12/24/2025","AQS","061072010","3","3.1","ug/m3 LC","17","Porterville","1","100.0000","88502","Acceptable PM2.5 AQI & Speciation Mass","731","Met-One BAM-1020 W/PM2.5 SCC","47300","Visalia-Porterville, CA","06","California","107","Tulare","36.0318310008979","-119.055018"
"12/25/2025","AQS","061072010","3","3.5","ug/m3 LC","19","Porterville","1","100.0000","88502","Acceptable PM2.5 AQI & Speciation Mass","731","Met-One BAM-1020 W/PM2.5 SCC","47300","Visalia-Porterville, CA","06","California","107","Tulare","36.0318310008979","-119.055018"
"12/26/2025","AQS","061072010","3","2.1","ug/m3 LC","12","Porterville","1","100.0000","88502","Acceptable PM2.5 AQI & Speciation Mass","731","Met-One BAM-1020 W/PM2.5 SCC","47300","Visalia-Porterville, CA","06","California","107","Tulare","36.0318310008979","-119.055018"
"12/27/2025","AQS","061072010","3","3.8","ug/m3 LC","21","Porterville","1","100.0000","88502","Acceptable PM2.5 AQI & Speciation Mass","731","Met-One BAM-1020 W/PM2.5 SCC","47300","Visalia-Porterville, CA","06","California","107","Tulare","36.0318310008979","-119.055018"
"12/28/2025","AQS","061072010","3","9.5","ug/m3 LC","52","Porterville","1","100.0000","88502","Acceptable PM2.5 AQI & Speciation Mass","731","Met-One BAM-1020 W/PM2.5 SCC","47300","Visalia-Porterville, CA","06","California","107","Tulare","36.0318310008979","-119.055018"
"12/29/2025","AQS","061072010","3","9.7","ug/m3 LC","52","Porterville","1","100.0000","88502","Acceptable PM2.5 AQI & Speciation Mass","731","Met-One BAM-1020 W/PM2.5 SCC","47300","Visalia-Porterville, CA","06","California","107","Tulare","36.0318310008979","-119.055018"
"12/30/2025","AQS","061072010","3","12.5","ug/m3 LC","57","Porterville","1","100.0000","88502","Acceptable PM2.5 AQI & Speciation Mass","731","Met-One BAM-1020 W/PM2.5 SCC","47300","Visalia-Porterville, CA","06","California","107","Tulare","36.0318310008979","-119.055018"
"12/31/2025","AQS","061072010","3","20.4","ug/m3 LC","72","Porterville","1","100.0000","88502","Acceptable PM2.5 AQI & Speciation Mass","731","Met-One BAM-1020 W/PM2.5 SCC","47300","Visalia-Porterville, CA","06","California","107","Tulare","36.0318310008979","-119.055018"
